path,target,run,pose,score
/mnt/data/admuser/msadepth/compreps/seedrep_cand/protenix/8k3k_D/d57/seed0_r0/results/8k3k_d/seed_0/predictions/8k3k_d_sample_0.cif,8k3k_D,seed0_r0,8k3k_d_sample_0.cif,0.19819
/mnt/data/admuser/msadepth/compreps/seedrep_cand/protenix/8k3k_D/d57/seed0_r0/results/8k3k_d/seed_0/predictions/8k3k_d_sample_1.cif,8k3k_D,seed0_r0,8k3k_d_sample_1.cif,0.18817
/mnt/data/admuser/msadepth/compreps/seedrep_cand/protenix/8k3k_D/d57/seed0_r0/results/8k3k_d/seed_0/predictions/8k3k_d_sample_2.cif,8k3k_D,seed0_r0,8k3k_d_sample_2.cif,0.18816
/mnt/data/admuser/msadepth/compreps/seedrep_cand/protenix/8k3k_D/d57/seed0_r0/results/8k3k_d/seed_0/predictions/8k3k_d_sample_3.cif,8k3k_D,seed0_r0,8k3k_d_sample_3.cif,0.18109
/mnt/data/admuser/msadepth/compreps/seedrep_cand/protenix/8k3k_D/d57/seed0_r0/results/8k3k_d/seed_0/predictions/8k3k_d_sample_4.cif,8k3k_D,seed0_r0,8k3k_d_sample_4.cif,0.17067
/mnt/data/admuser/msadepth/compreps/seedrep_cand/protenix/8k3k_D/d57/seed0_r1/results/8k3k_d/seed_0/predictions/8k3k_d_sample_0.cif,8k3k_D,seed0_r1,8k3k_d_sample_0.cif,0.19377
/mnt/data/admuser/msadepth/compreps/seedrep_cand/protenix/8k3k_D/d57/seed0_r1/results/8k3k_d/seed_0/predictions/8k3k_d_sample_1.cif,8k3k_D,seed0_r1,8k3k_d_sample_1.cif,0.19239
/mnt/data/admuser/msadepth/compreps/seedrep_cand/protenix/8k3k_D/d57/seed0_r1/results/8k3k_d/seed_0/predictions/8k3k_d_sample_2.cif,8k3k_D,seed0_r1,8k3k_d_sample_2.cif,0.19056
/mnt/data/admuser/msadepth/compreps/seedrep_cand/protenix/8k3k_D/d57/seed0_r1/results/8k3k_d/seed_0/predictions/8k3k_d_sample_3.cif,8k3k_D,seed0_r1,8k3k_d_sample_3.cif,0.18356
/mnt/data/admuser/msadepth/compreps/seedrep_cand/protenix/8k3k_D/d57/seed0_r1/results/8k3k_d/seed_0/predictions/8k3k_d_sample_4.cif,8k3k_D,seed0_r1,8k3k_d_sample_4.cif,0.16966
/mnt/data/admuser/msadepth/compreps/seedrep_cand/protenix/8k3k_D/d57/seed0_r2/results/8k3k_d/seed_0/predictions/8k3k_d_sample_0.cif,8k3k_D,seed0_r2,8k3k_d_sample_0.cif,0.19223
/mnt/data/admuser/msadepth/compreps/seedrep_cand/protenix/8k3k_D/d57/seed0_r2/results/8k3k_d/seed_0/predictions/8k3k_d_sample_1.cif,8k3k_D,seed0_r2,8k3k_d_sample_1.cif,0.19142
/mnt/data/admuser/msadepth/compreps/seedrep_cand/protenix/8k3k_D/d57/seed0_r2/results/8k3k_d/seed_0/predictions/8k3k_d_sample_2.cif,8k3k_D,seed0_r2,8k3k_d_sample_2.cif,0.19082
/mnt/data/admuser/msadepth/compreps/seedrep_cand/protenix/8k3k_D/d57/seed0_r2/results/8k3k_d/seed_0/predictions/8k3k_d_sample_3.cif,8k3k_D,seed0_r2,8k3k_d_sample_3.cif,0.18369
/mnt/data/admuser/msadepth/compreps/seedrep_cand/protenix/8k3k_D/d57/seed0_r2/results/8k3k_d/seed_0/predictions/8k3k_d_sample_4.cif,8k3k_D,seed0_r2,8k3k_d_sample_4.cif,0.16975
/mnt/data/admuser/msadepth/compreps/seedrep_cand/protenix/8k3k_D/d57/seed0_r3/results/8k3k_d/seed_0/predictions/8k3k_d_sample_0.cif,8k3k_D,seed0_r3,8k3k_d_sample_0.cif,0.19849
/mnt/data/admuser/msadepth/compreps/seedrep_cand/protenix/8k3k_D/d57/seed0_r3/results/8k3k_d/seed_0/predictions/8k3k_d_sample_1.cif,8k3k_D,seed0_r3,8k3k_d_sample_1.cif,0.18969
/mnt/data/admuser/msadepth/compreps/seedrep_cand/protenix/8k3k_D/d57/seed0_r3/results/8k3k_d/seed_0/predictions/8k3k_d_sample_2.cif,8k3k_D,seed0_r3,8k3k_d_sample_2.cif,0.18742
/mnt/data/admuser/msadepth/compreps/seedrep_cand/protenix/8k3k_D/d57/seed0_r3/results/8k3k_d/seed_0/predictions/8k3k_d_sample_3.cif,8k3k_D,seed0_r3,8k3k_d_sample_3.cif,0.17393
/mnt/data/admuser/msadepth/compreps/seedrep_cand/protenix/8k3k_D/d57/seed0_r3/results/8k3k_d/seed_0/predictions/8k3k_d_sample_4.cif,8k3k_D,seed0_r3,8k3k_d_sample_4.cif,0.17082
/mnt/data/admuser/msadepth/compreps/seedrep_cand/protenix/8k3k_D/d57/seed1_r0/results/8k3k_d/seed_0/predictions/8k3k_d_sample_0.cif,8k3k_D,seed1_r0,8k3k_d_sample_0.cif,0.17344
/mnt/data/admuser/msadepth/compreps/seedrep_cand/protenix/8k3k_D/d57/seed1_r0/results/8k3k_d/seed_0/predictions/8k3k_d_sample_1.cif,8k3k_D,seed1_r0,8k3k_d_sample_1.cif,0.17278
/mnt/data/admuser/msadepth/compreps/seedrep_cand/protenix/8k3k_D/d57/seed1_r0/results/8k3k_d/seed_0/predictions/8k3k_d_sample_2.cif,8k3k_D,seed1_r0,8k3k_d_sample_2.cif,0.17102
/mnt/data/admuser/msadepth/compreps/seedrep_cand/protenix/8k3k_D/d57/seed1_r0/results/8k3k_d/seed_0/predictions/8k3k_d_sample_3.cif,8k3k_D,seed1_r0,8k3k_d_sample_3.cif,0.16914
/mnt/data/admuser/msadepth/compreps/seedrep_cand/protenix/8k3k_D/d57/seed1_r0/results/8k3k_d/seed_0/predictions/8k3k_d_sample_4.cif,8k3k_D,seed1_r0,8k3k_d_sample_4.cif,0.1517
/mnt/data/admuser/msadepth/compreps/seedrep_cand/protenix/8k3k_D/d57/seed1_r1/results/8k3k_d/seed_0/predictions/8k3k_d_sample_0.cif,8k3k_D,seed1_r1,8k3k_d_sample_0.cif,0.17372
/mnt/data/admuser/msadepth/compreps/seedrep_cand/protenix/8k3k_D/d57/seed1_r1/results/8k3k_d/seed_0/predictions/8k3k_d_sample_1.cif,8k3k_D,seed1_r1,8k3k_d_sample_1.cif,0.1726
/mnt/data/admuser/msadepth/compreps/seedrep_cand/protenix/8k3k_D/d57/seed1_r1/results/8k3k_d/seed_0/predictions/8k3k_d_sample_2.cif,8k3k_D,seed1_r1,8k3k_d_sample_2.cif,0.17102
/mnt/data/admuser/msadepth/compreps/seedrep_cand/protenix/8k3k_D/d57/seed1_r1/results/8k3k_d/seed_0/predictions/8k3k_d_sample_3.cif,8k3k_D,seed1_r1,8k3k_d_sample_3.cif,0.16852
/mnt/data/admuser/msadepth/compreps/seedrep_cand/protenix/8k3k_D/d57/seed1_r1/results/8k3k_d/seed_0/predictions/8k3k_d_sample_4.cif,8k3k_D,seed1_r1,8k3k_d_sample_4.cif,0.15048
/mnt/data/admuser/msadepth/compreps/seedrep_cand/protenix/8k3k_D/d57/seed1_r2/results/8k3k_d/seed_0/predictions/8k3k_d_sample_0.cif,8k3k_D,seed1_r2,8k3k_d_sample_0.cif,0.18661
/mnt/data/admuser/msadepth/compreps/seedrep_cand/protenix/8k3k_D/d57/seed1_r2/results/8k3k_d/seed_0/predictions/8k3k_d_sample_1.cif,8k3k_D,seed1_r2,8k3k_d_sample_1.cif,0.18327
/mnt/data/admuser/msadepth/compreps/seedrep_cand/protenix/8k3k_D/d57/seed1_r2/results/8k3k_d/seed_0/predictions/8k3k_d_sample_2.cif,8k3k_D,seed1_r2,8k3k_d_sample_2.cif,0.18287
/mnt/data/admuser/msadepth/compreps/seedrep_cand/protenix/8k3k_D/d57/seed1_r2/results/8k3k_d/seed_0/predictions/8k3k_d_sample_3.cif,8k3k_D,seed1_r2,8k3k_d_sample_3.cif,0.18075
/mnt/data/admuser/msadepth/compreps/seedrep_cand/protenix/8k3k_D/d57/seed1_r2/results/8k3k_d/seed_0/predictions/8k3k_d_sample_4.cif,8k3k_D,seed1_r2,8k3k_d_sample_4.cif,0.15234
/mnt/data/admuser/msadepth/compreps/seedrep_cand/protenix/8k3k_D/d57/seed1_r3/results/8k3k_d/seed_0/predictions/8k3k_d_sample_0.cif,8k3k_D,seed1_r3,8k3k_d_sample_0.cif,0.17965
/mnt/data/admuser/msadepth/compreps/seedrep_cand/protenix/8k3k_D/d57/seed1_r3/results/8k3k_d/seed_0/predictions/8k3k_d_sample_1.cif,8k3k_D,seed1_r3,8k3k_d_sample_1.cif,0.17254
/mnt/data/admuser/msadepth/compreps/seedrep_cand/protenix/8k3k_D/d57/seed1_r3/results/8k3k_d/seed_0/predictions/8k3k_d_sample_2.cif,8k3k_D,seed1_r3,8k3k_d_sample_2.cif,0.17142
/mnt/data/admuser/msadepth/compreps/seedrep_cand/protenix/8k3k_D/d57/seed1_r3/results/8k3k_d/seed_0/predictions/8k3k_d_sample_3.cif,8k3k_D,seed1_r3,8k3k_d_sample_3.cif,0.16823
/mnt/data/admuser/msadepth/compreps/seedrep_cand/protenix/8k3k_D/d57/seed1_r3/results/8k3k_d/seed_0/predictions/8k3k_d_sample_4.cif,8k3k_D,seed1_r3,8k3k_d_sample_4.cif,0.15111
/mnt/data/admuser/msadepth/compreps/seedrep_cand/protenix/8k3k_D/d57/seed2_r0/results/8k3k_d/seed_0/predictions/8k3k_d_sample_0.cif,8k3k_D,seed2_r0,8k3k_d_sample_0.cif,0.16799
/mnt/data/admuser/msadepth/compreps/seedrep_cand/protenix/8k3k_D/d57/seed2_r0/results/8k3k_d/seed_0/predictions/8k3k_d_sample_1.cif,8k3k_D,seed2_r0,8k3k_d_sample_1.cif,0.1667
/mnt/data/admuser/msadepth/compreps/seedrep_cand/protenix/8k3k_D/d57/seed2_r0/results/8k3k_d/seed_0/predictions/8k3k_d_sample_2.cif,8k3k_D,seed2_r0,8k3k_d_sample_2.cif,0.16562
/mnt/data/admuser/msadepth/compreps/seedrep_cand/protenix/8k3k_D/d57/seed2_r0/results/8k3k_d/seed_0/predictions/8k3k_d_sample_3.cif,8k3k_D,seed2_r0,8k3k_d_sample_3.cif,0.1637
/mnt/data/admuser/msadepth/compreps/seedrep_cand/protenix/8k3k_D/d57/seed2_r0/results/8k3k_d/seed_0/predictions/8k3k_d_sample_4.cif,8k3k_D,seed2_r0,8k3k_d_sample_4.cif,0.15988
/mnt/data/admuser/msadepth/compreps/seedrep_cand/protenix/8k3k_D/d57/seed2_r1/results/8k3k_d/seed_0/predictions/8k3k_d_sample_0.cif,8k3k_D,seed2_r1,8k3k_d_sample_0.cif,0.16704
/mnt/data/admuser/msadepth/compreps/seedrep_cand/protenix/8k3k_D/d57/seed2_r1/results/8k3k_d/seed_0/predictions/8k3k_d_sample_1.cif,8k3k_D,seed2_r1,8k3k_d_sample_1.cif,0.16385
/mnt/data/admuser/msadepth/compreps/seedrep_cand/protenix/8k3k_D/d57/seed2_r1/results/8k3k_d/seed_0/predictions/8k3k_d_sample_2.cif,8k3k_D,seed2_r1,8k3k_d_sample_2.cif,0.16345
/mnt/data/admuser/msadepth/compreps/seedrep_cand/protenix/8k3k_D/d57/seed2_r1/results/8k3k_d/seed_0/predictions/8k3k_d_sample_3.cif,8k3k_D,seed2_r1,8k3k_d_sample_3.cif,0.15918
/mnt/data/admuser/msadepth/compreps/seedrep_cand/protenix/8k3k_D/d57/seed2_r1/results/8k3k_d/seed_0/predictions/8k3k_d_sample_4.cif,8k3k_D,seed2_r1,8k3k_d_sample_4.cif,0.15879
/mnt/data/admuser/msadepth/compreps/seedrep_cand/protenix/8k3k_D/d57/seed2_r2/results/8k3k_d/seed_0/predictions/8k3k_d_sample_0.cif,8k3k_D,seed2_r2,8k3k_d_sample_0.cif,0.17918
/mnt/data/admuser/msadepth/compreps/seedrep_cand/protenix/8k3k_D/d57/seed2_r2/results/8k3k_d/seed_0/predictions/8k3k_d_sample_1.cif,8k3k_D,seed2_r2,8k3k_d_sample_1.cif,0.17902
/mnt/data/admuser/msadepth/compreps/seedrep_cand/protenix/8k3k_D/d57/seed2_r2/results/8k3k_d/seed_0/predictions/8k3k_d_sample_2.cif,8k3k_D,seed2_r2,8k3k_d_sample_2.cif,0.17905
/mnt/data/admuser/msadepth/compreps/seedrep_cand/protenix/8k3k_D/d57/seed2_r2/results/8k3k_d/seed_0/predictions/8k3k_d_sample_3.cif,8k3k_D,seed2_r2,8k3k_d_sample_3.cif,0.17109
/mnt/data/admuser/msadepth/compreps/seedrep_cand/protenix/8k3k_D/d57/seed2_r2/results/8k3k_d/seed_0/predictions/8k3k_d_sample_4.cif,8k3k_D,seed2_r2,8k3k_d_sample_4.cif,0.15833
/mnt/data/admuser/msadepth/compreps/seedrep_cand/protenix/8k3k_D/d57/seed2_r3/results/8k3k_d/seed_0/predictions/8k3k_d_sample_0.cif,8k3k_D,seed2_r3,8k3k_d_sample_0.cif,0.16313
/mnt/data/admuser/msadepth/compreps/seedrep_cand/protenix/8k3k_D/d57/seed2_r3/results/8k3k_d/seed_0/predictions/8k3k_d_sample_1.cif,8k3k_D,seed2_r3,8k3k_d_sample_1.cif,0.16216
/mnt/data/admuser/msadepth/compreps/seedrep_cand/protenix/8k3k_D/d57/seed2_r3/results/8k3k_d/seed_0/predictions/8k3k_d_sample_2.cif,8k3k_D,seed2_r3,8k3k_d_sample_2.cif,0.16141
/mnt/data/admuser/msadepth/compreps/seedrep_cand/protenix/8k3k_D/d57/seed2_r3/results/8k3k_d/seed_0/predictions/8k3k_d_sample_3.cif,8k3k_D,seed2_r3,8k3k_d_sample_3.cif,0.15967
/mnt/data/admuser/msadepth/compreps/seedrep_cand/protenix/8k3k_D/d57/seed2_r3/results/8k3k_d/seed_0/predictions/8k3k_d_sample_4.cif,8k3k_D,seed2_r3,8k3k_d_sample_4.cif,0.15902
/mnt/data/admuser/msadepth/compreps/seedrep_cand/protenix/8k3k_D/d57/seed3_r0/results/8k3k_d/seed_0/predictions/8k3k_d_sample_0.cif,8k3k_D,seed3_r0,8k3k_d_sample_0.cif,0.17188
/mnt/data/admuser/msadepth/compreps/seedrep_cand/protenix/8k3k_D/d57/seed3_r0/results/8k3k_d/seed_0/predictions/8k3k_d_sample_1.cif,8k3k_D,seed3_r0,8k3k_d_sample_1.cif,0.16922
/mnt/data/admuser/msadepth/compreps/seedrep_cand/protenix/8k3k_D/d57/seed3_r0/results/8k3k_d/seed_0/predictions/8k3k_d_sample_2.cif,8k3k_D,seed3_r0,8k3k_d_sample_2.cif,0.16638
/mnt/data/admuser/msadepth/compreps/seedrep_cand/protenix/8k3k_D/d57/seed3_r0/results/8k3k_d/seed_0/predictions/8k3k_d_sample_3.cif,8k3k_D,seed3_r0,8k3k_d_sample_3.cif,0.16565
/mnt/data/admuser/msadepth/compreps/seedrep_cand/protenix/8k3k_D/d57/seed3_r0/results/8k3k_d/seed_0/predictions/8k3k_d_sample_4.cif,8k3k_D,seed3_r0,8k3k_d_sample_4.cif,0.15588
/mnt/data/admuser/msadepth/compreps/seedrep_cand/protenix/8k3k_D/d57/seed3_r1/results/8k3k_d/seed_0/predictions/8k3k_d_sample_0.cif,8k3k_D,seed3_r1,8k3k_d_sample_0.cif,0.17091
/mnt/data/admuser/msadepth/compreps/seedrep_cand/protenix/8k3k_D/d57/seed3_r1/results/8k3k_d/seed_0/predictions/8k3k_d_sample_1.cif,8k3k_D,seed3_r1,8k3k_d_sample_1.cif,0.16812
/mnt/data/admuser/msadepth/compreps/seedrep_cand/protenix/8k3k_D/d57/seed3_r1/results/8k3k_d/seed_0/predictions/8k3k_d_sample_2.cif,8k3k_D,seed3_r1,8k3k_d_sample_2.cif,0.16735
/mnt/data/admuser/msadepth/compreps/seedrep_cand/protenix/8k3k_D/d57/seed3_r1/results/8k3k_d/seed_0/predictions/8k3k_d_sample_3.cif,8k3k_D,seed3_r1,8k3k_d_sample_3.cif,0.16718
/mnt/data/admuser/msadepth/compreps/seedrep_cand/protenix/8k3k_D/d57/seed3_r1/results/8k3k_d/seed_0/predictions/8k3k_d_sample_4.cif,8k3k_D,seed3_r1,8k3k_d_sample_4.cif,0.15483
/mnt/data/admuser/msadepth/compreps/seedrep_cand/protenix/8k3k_D/d57/seed3_r2/results/8k3k_d/seed_0/predictions/8k3k_d_sample_0.cif,8k3k_D,seed3_r2,8k3k_d_sample_0.cif,0.16884
/mnt/data/admuser/msadepth/compreps/seedrep_cand/protenix/8k3k_D/d57/seed3_r2/results/8k3k_d/seed_0/predictions/8k3k_d_sample_1.cif,8k3k_D,seed3_r2,8k3k_d_sample_1.cif,0.16709
/mnt/data/admuser/msadepth/compreps/seedrep_cand/protenix/8k3k_D/d57/seed3_r2/results/8k3k_d/seed_0/predictions/8k3k_d_sample_2.cif,8k3k_D,seed3_r2,8k3k_d_sample_2.cif,0.16645
/mnt/data/admuser/msadepth/compreps/seedrep_cand/protenix/8k3k_D/d57/seed3_r2/results/8k3k_d/seed_0/predictions/8k3k_d_sample_3.cif,8k3k_D,seed3_r2,8k3k_d_sample_3.cif,0.16594
/mnt/data/admuser/msadepth/compreps/seedrep_cand/protenix/8k3k_D/d57/seed3_r2/results/8k3k_d/seed_0/predictions/8k3k_d_sample_4.cif,8k3k_D,seed3_r2,8k3k_d_sample_4.cif,0.15586
/mnt/data/admuser/msadepth/compreps/seedrep_cand/protenix/8k3k_D/d57/seed3_r3/results/8k3k_d/seed_0/predictions/8k3k_d_sample_0.cif,8k3k_D,seed3_r3,8k3k_d_sample_0.cif,0.16867
/mnt/data/admuser/msadepth/compreps/seedrep_cand/protenix/8k3k_D/d57/seed3_r3/results/8k3k_d/seed_0/predictions/8k3k_d_sample_1.cif,8k3k_D,seed3_r3,8k3k_d_sample_1.cif,0.16794
/mnt/data/admuser/msadepth/compreps/seedrep_cand/protenix/8k3k_D/d57/seed3_r3/results/8k3k_d/seed_0/predictions/8k3k_d_sample_2.cif,8k3k_D,seed3_r3,8k3k_d_sample_2.cif,0.16696
/mnt/data/admuser/msadepth/compreps/seedrep_cand/protenix/8k3k_D/d57/seed3_r3/results/8k3k_d/seed_0/predictions/8k3k_d_sample_3.cif,8k3k_D,seed3_r3,8k3k_d_sample_3.cif,0.16691
/mnt/data/admuser/msadepth/compreps/seedrep_cand/protenix/8k3k_D/d57/seed3_r3/results/8k3k_d/seed_0/predictions/8k3k_d_sample_4.cif,8k3k_D,seed3_r3,8k3k_d_sample_4.cif,0.15597
/mnt/data/admuser/msadepth/compreps/seedrep_cand/protenix/8k3k_D/d57/seed4_r0/results/8k3k_d/seed_0/predictions/8k3k_d_sample_0.cif,8k3k_D,seed4_r0,8k3k_d_sample_0.cif,0.17414
/mnt/data/admuser/msadepth/compreps/seedrep_cand/protenix/8k3k_D/d57/seed4_r0/results/8k3k_d/seed_0/predictions/8k3k_d_sample_1.cif,8k3k_D,seed4_r0,8k3k_d_sample_1.cif,0.17201
/mnt/data/admuser/msadepth/compreps/seedrep_cand/protenix/8k3k_D/d57/seed4_r0/results/8k3k_d/seed_0/predictions/8k3k_d_sample_2.cif,8k3k_D,seed4_r0,8k3k_d_sample_2.cif,0.16704
/mnt/data/admuser/msadepth/compreps/seedrep_cand/protenix/8k3k_D/d57/seed4_r0/results/8k3k_d/seed_0/predictions/8k3k_d_sample_3.cif,8k3k_D,seed4_r0,8k3k_d_sample_3.cif,0.16632
/mnt/data/admuser/msadepth/compreps/seedrep_cand/protenix/8k3k_D/d57/seed4_r0/results/8k3k_d/seed_0/predictions/8k3k_d_sample_4.cif,8k3k_D,seed4_r0,8k3k_d_sample_4.cif,0.15773
/mnt/data/admuser/msadepth/compreps/seedrep_cand/protenix/8k3k_D/d57/seed4_r1/results/8k3k_d/seed_0/predictions/8k3k_d_sample_0.cif,8k3k_D,seed4_r1,8k3k_d_sample_0.cif,0.17311
/mnt/data/admuser/msadepth/compreps/seedrep_cand/protenix/8k3k_D/d57/seed4_r1/results/8k3k_d/seed_0/predictions/8k3k_d_sample_1.cif,8k3k_D,seed4_r1,8k3k_d_sample_1.cif,0.17008
/mnt/data/admuser/msadepth/compreps/seedrep_cand/protenix/8k3k_D/d57/seed4_r1/results/8k3k_d/seed_0/predictions/8k3k_d_sample_2.cif,8k3k_D,seed4_r1,8k3k_d_sample_2.cif,0.16521
/mnt/data/admuser/msadepth/compreps/seedrep_cand/protenix/8k3k_D/d57/seed4_r1/results/8k3k_d/seed_0/predictions/8k3k_d_sample_3.cif,8k3k_D,seed4_r1,8k3k_d_sample_3.cif,0.16413
/mnt/data/admuser/msadepth/compreps/seedrep_cand/protenix/8k3k_D/d57/seed4_r1/results/8k3k_d/seed_0/predictions/8k3k_d_sample_4.cif,8k3k_D,seed4_r1,8k3k_d_sample_4.cif,0.15213
/mnt/data/admuser/msadepth/compreps/seedrep_cand/protenix/8k3k_D/d57/seed4_r2/results/8k3k_d/seed_0/predictions/8k3k_d_sample_0.cif,8k3k_D,seed4_r2,8k3k_d_sample_0.cif,0.17187
/mnt/data/admuser/msadepth/compreps/seedrep_cand/protenix/8k3k_D/d57/seed4_r2/results/8k3k_d/seed_0/predictions/8k3k_d_sample_1.cif,8k3k_D,seed4_r2,8k3k_d_sample_1.cif,0.16908
/mnt/data/admuser/msadepth/compreps/seedrep_cand/protenix/8k3k_D/d57/seed4_r2/results/8k3k_d/seed_0/predictions/8k3k_d_sample_2.cif,8k3k_D,seed4_r2,8k3k_d_sample_2.cif,0.16802
/mnt/data/admuser/msadepth/compreps/seedrep_cand/protenix/8k3k_D/d57/seed4_r2/results/8k3k_d/seed_0/predictions/8k3k_d_sample_3.cif,8k3k_D,seed4_r2,8k3k_d_sample_3.cif,0.16716
/mnt/data/admuser/msadepth/compreps/seedrep_cand/protenix/8k3k_D/d57/seed4_r2/results/8k3k_d/seed_0/predictions/8k3k_d_sample_4.cif,8k3k_D,seed4_r2,8k3k_d_sample_4.cif,0.14862
/mnt/data/admuser/msadepth/compreps/seedrep_cand/protenix/8k3k_D/d57/seed4_r3/results/8k3k_d/seed_0/predictions/8k3k_d_sample_0.cif,8k3k_D,seed4_r3,8k3k_d_sample_0.cif,0.17172
/mnt/data/admuser/msadepth/compreps/seedrep_cand/protenix/8k3k_D/d57/seed4_r3/results/8k3k_d/seed_0/predictions/8k3k_d_sample_1.cif,8k3k_D,seed4_r3,8k3k_d_sample_1.cif,0.1712
/mnt/data/admuser/msadepth/compreps/seedrep_cand/protenix/8k3k_D/d57/seed4_r3/results/8k3k_d/seed_0/predictions/8k3k_d_sample_2.cif,8k3k_D,seed4_r3,8k3k_d_sample_2.cif,0.1698
/mnt/data/admuser/msadepth/compreps/seedrep_cand/protenix/8k3k_D/d57/seed4_r3/results/8k3k_d/seed_0/predictions/8k3k_d_sample_3.cif,8k3k_D,seed4_r3,8k3k_d_sample_3.cif,0.16932
/mnt/data/admuser/msadepth/compreps/seedrep_cand/protenix/8k3k_D/d57/seed4_r3/results/8k3k_d/seed_0/predictions/8k3k_d_sample_4.cif,8k3k_D,seed4_r3,8k3k_d_sample_4.cif,0.15617
/mnt/data/admuser/msadepth/compreps/seedrep_cand/protenix/8k3k_D/d57/seed5_r0/results/8k3k_d/seed_0/predictions/8k3k_d_sample_0.cif,8k3k_D,seed5_r0,8k3k_d_sample_0.cif,0.18869
/mnt/data/admuser/msadepth/compreps/seedrep_cand/protenix/8k3k_D/d57/seed5_r0/results/8k3k_d/seed_0/predictions/8k3k_d_sample_1.cif,8k3k_D,seed5_r0,8k3k_d_sample_1.cif,0.18806
/mnt/data/admuser/msadepth/compreps/seedrep_cand/protenix/8k3k_D/d57/seed5_r0/results/8k3k_d/seed_0/predictions/8k3k_d_sample_2.cif,8k3k_D,seed5_r0,8k3k_d_sample_2.cif,0.18757
/mnt/data/admuser/msadepth/compreps/seedrep_cand/protenix/8k3k_D/d57/seed5_r0/results/8k3k_d/seed_0/predictions/8k3k_d_sample_3.cif,8k3k_D,seed5_r0,8k3k_d_sample_3.cif,0.18382
/mnt/data/admuser/msadepth/compreps/seedrep_cand/protenix/8k3k_D/d57/seed5_r0/results/8k3k_d/seed_0/predictions/8k3k_d_sample_4.cif,8k3k_D,seed5_r0,8k3k_d_sample_4.cif,0.17933
/mnt/data/admuser/msadepth/compreps/seedrep_cand/protenix/8k3k_D/d57/seed5_r1/results/8k3k_d/seed_0/predictions/8k3k_d_sample_0.cif,8k3k_D,seed5_r1,8k3k_d_sample_0.cif,0.18688
/mnt/data/admuser/msadepth/compreps/seedrep_cand/protenix/8k3k_D/d57/seed5_r1/results/8k3k_d/seed_0/predictions/8k3k_d_sample_1.cif,8k3k_D,seed5_r1,8k3k_d_sample_1.cif,0.18274
/mnt/data/admuser/msadepth/compreps/seedrep_cand/protenix/8k3k_D/d57/seed5_r1/results/8k3k_d/seed_0/predictions/8k3k_d_sample_2.cif,8k3k_D,seed5_r1,8k3k_d_sample_2.cif,0.18165
/mnt/data/admuser/msadepth/compreps/seedrep_cand/protenix/8k3k_D/d57/seed5_r1/results/8k3k_d/seed_0/predictions/8k3k_d_sample_3.cif,8k3k_D,seed5_r1,8k3k_d_sample_3.cif,0.17949
/mnt/data/admuser/msadepth/compreps/seedrep_cand/protenix/8k3k_D/d57/seed5_r1/results/8k3k_d/seed_0/predictions/8k3k_d_sample_4.cif,8k3k_D,seed5_r1,8k3k_d_sample_4.cif,0.1789
/mnt/data/admuser/msadepth/compreps/seedrep_cand/protenix/8k3k_D/d57/seed5_r2/results/8k3k_d/seed_0/predictions/8k3k_d_sample_0.cif,8k3k_D,seed5_r2,8k3k_d_sample_0.cif,0.18633
/mnt/data/admuser/msadepth/compreps/seedrep_cand/protenix/8k3k_D/d57/seed5_r2/results/8k3k_d/seed_0/predictions/8k3k_d_sample_1.cif,8k3k_D,seed5_r2,8k3k_d_sample_1.cif,0.18229
/mnt/data/admuser/msadepth/compreps/seedrep_cand/protenix/8k3k_D/d57/seed5_r2/results/8k3k_d/seed_0/predictions/8k3k_d_sample_2.cif,8k3k_D,seed5_r2,8k3k_d_sample_2.cif,0.1818
/mnt/data/admuser/msadepth/compreps/seedrep_cand/protenix/8k3k_D/d57/seed5_r2/results/8k3k_d/seed_0/predictions/8k3k_d_sample_3.cif,8k3k_D,seed5_r2,8k3k_d_sample_3.cif,0.18261
/mnt/data/admuser/msadepth/compreps/seedrep_cand/protenix/8k3k_D/d57/seed5_r2/results/8k3k_d/seed_0/predictions/8k3k_d_sample_4.cif,8k3k_D,seed5_r2,8k3k_d_sample_4.cif,0.17987
/mnt/data/admuser/msadepth/compreps/seedrep_cand/protenix/8k3k_D/d57/seed5_r3/results/8k3k_d/seed_0/predictions/8k3k_d_sample_0.cif,8k3k_D,seed5_r3,8k3k_d_sample_0.cif,0.18386
/mnt/data/admuser/msadepth/compreps/seedrep_cand/protenix/8k3k_D/d57/seed5_r3/results/8k3k_d/seed_0/predictions/8k3k_d_sample_1.cif,8k3k_D,seed5_r3,8k3k_d_sample_1.cif,0.18231
/mnt/data/admuser/msadepth/compreps/seedrep_cand/protenix/8k3k_D/d57/seed5_r3/results/8k3k_d/seed_0/predictions/8k3k_d_sample_2.cif,8k3k_D,seed5_r3,8k3k_d_sample_2.cif,0.18118
/mnt/data/admuser/msadepth/compreps/seedrep_cand/protenix/8k3k_D/d57/seed5_r3/results/8k3k_d/seed_0/predictions/8k3k_d_sample_3.cif,8k3k_D,seed5_r3,8k3k_d_sample_3.cif,0.18017
/mnt/data/admuser/msadepth/compreps/seedrep_cand/protenix/8k3k_D/d57/seed5_r3/results/8k3k_d/seed_0/predictions/8k3k_d_sample_4.cif,8k3k_D,seed5_r3,8k3k_d_sample_4.cif,0.17875
/mnt/data/admuser/msadepth/compreps/seedrep_cand/protenix/8k3k_D/d57/seedfull_r0/results/8k3k_d/seed_0/predictions/8k3k_d_sample_0.cif,8k3k_D,seedfull_r0,8k3k_d_sample_0.cif,0.19629
/mnt/data/admuser/msadepth/compreps/seedrep_cand/protenix/8k3k_D/d57/seedfull_r0/results/8k3k_d/seed_0/predictions/8k3k_d_sample_1.cif,8k3k_D,seedfull_r0,8k3k_d_sample_1.cif,0.1956
/mnt/data/admuser/msadepth/compreps/seedrep_cand/protenix/8k3k_D/d57/seedfull_r0/results/8k3k_d/seed_0/predictions/8k3k_d_sample_2.cif,8k3k_D,seedfull_r0,8k3k_d_sample_2.cif,0.19491
/mnt/data/admuser/msadepth/compreps/seedrep_cand/protenix/8k3k_D/d57/seedfull_r0/results/8k3k_d/seed_0/predictions/8k3k_d_sample_3.cif,8k3k_D,seedfull_r0,8k3k_d_sample_3.cif,0.19472
/mnt/data/admuser/msadepth/compreps/seedrep_cand/protenix/8k3k_D/d57/seedfull_r0/results/8k3k_d/seed_0/predictions/8k3k_d_sample_4.cif,8k3k_D,seedfull_r0,8k3k_d_sample_4.cif,0.18665
/mnt/data/admuser/msadepth/compreps/seedrep_cand/protenix/8k3k_D/d57/seedfull_r1/results/8k3k_d/seed_0/predictions/8k3k_d_sample_0.cif,8k3k_D,seedfull_r1,8k3k_d_sample_0.cif,0.19575
/mnt/data/admuser/msadepth/compreps/seedrep_cand/protenix/8k3k_D/d57/seedfull_r1/results/8k3k_d/seed_0/predictions/8k3k_d_sample_1.cif,8k3k_D,seedfull_r1,8k3k_d_sample_1.cif,0.19507
/mnt/data/admuser/msadepth/compreps/seedrep_cand/protenix/8k3k_D/d57/seedfull_r1/results/8k3k_d/seed_0/predictions/8k3k_d_sample_2.cif,8k3k_D,seedfull_r1,8k3k_d_sample_2.cif,0.19503
/mnt/data/admuser/msadepth/compreps/seedrep_cand/protenix/8k3k_D/d57/seedfull_r1/results/8k3k_d/seed_0/predictions/8k3k_d_sample_3.cif,8k3k_D,seedfull_r1,8k3k_d_sample_3.cif,0.19415
/mnt/data/admuser/msadepth/compreps/seedrep_cand/protenix/8k3k_D/d57/seedfull_r1/results/8k3k_d/seed_0/predictions/8k3k_d_sample_4.cif,8k3k_D,seedfull_r1,8k3k_d_sample_4.cif,0.19283
/mnt/data/admuser/msadepth/compreps/seedrep_cand/protenix/8k3k_D/d57/seedfull_r10/results/8k3k_d/seed_0/predictions/8k3k_d_sample_0.cif,8k3k_D,seedfull_r10,8k3k_d_sample_0.cif,0.19605
/mnt/data/admuser/msadepth/compreps/seedrep_cand/protenix/8k3k_D/d57/seedfull_r10/results/8k3k_d/seed_0/predictions/8k3k_d_sample_1.cif,8k3k_D,seedfull_r10,8k3k_d_sample_1.cif,0.19563
/mnt/data/admuser/msadepth/compreps/seedrep_cand/protenix/8k3k_D/d57/seedfull_r10/results/8k3k_d/seed_0/predictions/8k3k_d_sample_2.cif,8k3k_D,seedfull_r10,8k3k_d_sample_2.cif,0.19605
/mnt/data/admuser/msadepth/compreps/seedrep_cand/protenix/8k3k_D/d57/seedfull_r10/results/8k3k_d/seed_0/predictions/8k3k_d_sample_3.cif,8k3k_D,seedfull_r10,8k3k_d_sample_3.cif,0.19347
/mnt/data/admuser/msadepth/compreps/seedrep_cand/protenix/8k3k_D/d57/seedfull_r10/results/8k3k_d/seed_0/predictions/8k3k_d_sample_4.cif,8k3k_D,seedfull_r10,8k3k_d_sample_4.cif,0.18153
/mnt/data/admuser/msadepth/compreps/seedrep_cand/protenix/8k3k_D/d57/seedfull_r11/results/8k3k_d/seed_0/predictions/8k3k_d_sample_0.cif,8k3k_D,seedfull_r11,8k3k_d_sample_0.cif,0.19853
/mnt/data/admuser/msadepth/compreps/seedrep_cand/protenix/8k3k_D/d57/seedfull_r11/results/8k3k_d/seed_0/predictions/8k3k_d_sample_1.cif,8k3k_D,seedfull_r11,8k3k_d_sample_1.cif,0.1961
/mnt/data/admuser/msadepth/compreps/seedrep_cand/protenix/8k3k_D/d57/seedfull_r11/results/8k3k_d/seed_0/predictions/8k3k_d_sample_2.cif,8k3k_D,seedfull_r11,8k3k_d_sample_2.cif,0.19586
/mnt/data/admuser/msadepth/compreps/seedrep_cand/protenix/8k3k_D/d57/seedfull_r11/results/8k3k_d/seed_0/predictions/8k3k_d_sample_3.cif,8k3k_D,seedfull_r11,8k3k_d_sample_3.cif,0.19572
/mnt/data/admuser/msadepth/compreps/seedrep_cand/protenix/8k3k_D/d57/seedfull_r11/results/8k3k_d/seed_0/predictions/8k3k_d_sample_4.cif,8k3k_D,seedfull_r11,8k3k_d_sample_4.cif,0.18945
/mnt/data/admuser/msadepth/compreps/seedrep_cand/protenix/8k3k_D/d57/seedfull_r12/results/8k3k_d/seed_0/predictions/8k3k_d_sample_0.cif,8k3k_D,seedfull_r12,8k3k_d_sample_0.cif,0.19671
/mnt/data/admuser/msadepth/compreps/seedrep_cand/protenix/8k3k_D/d57/seedfull_r12/results/8k3k_d/seed_0/predictions/8k3k_d_sample_1.cif,8k3k_D,seedfull_r12,8k3k_d_sample_1.cif,0.19583
/mnt/data/admuser/msadepth/compreps/seedrep_cand/protenix/8k3k_D/d57/seedfull_r12/results/8k3k_d/seed_0/predictions/8k3k_d_sample_2.cif,8k3k_D,seedfull_r12,8k3k_d_sample_2.cif,0.19606
/mnt/data/admuser/msadepth/compreps/seedrep_cand/protenix/8k3k_D/d57/seedfull_r12/results/8k3k_d/seed_0/predictions/8k3k_d_sample_3.cif,8k3k_D,seedfull_r12,8k3k_d_sample_3.cif,0.19526
/mnt/data/admuser/msadepth/compreps/seedrep_cand/protenix/8k3k_D/d57/seedfull_r12/results/8k3k_d/seed_0/predictions/8k3k_d_sample_4.cif,8k3k_D,seedfull_r12,8k3k_d_sample_4.cif,0.18767
/mnt/data/admuser/msadepth/compreps/seedrep_cand/protenix/8k3k_D/d57/seedfull_r13/results/8k3k_d/seed_0/predictions/8k3k_d_sample_0.cif,8k3k_D,seedfull_r13,8k3k_d_sample_0.cif,0.19751
/mnt/data/admuser/msadepth/compreps/seedrep_cand/protenix/8k3k_D/d57/seedfull_r13/results/8k3k_d/seed_0/predictions/8k3k_d_sample_1.cif,8k3k_D,seedfull_r13,8k3k_d_sample_1.cif,0.19665
/mnt/data/admuser/msadepth/compreps/seedrep_cand/protenix/8k3k_D/d57/seedfull_r13/results/8k3k_d/seed_0/predictions/8k3k_d_sample_2.cif,8k3k_D,seedfull_r13,8k3k_d_sample_2.cif,0.19602
/mnt/data/admuser/msadepth/compreps/seedrep_cand/protenix/8k3k_D/d57/seedfull_r13/results/8k3k_d/seed_0/predictions/8k3k_d_sample_3.cif,8k3k_D,seedfull_r13,8k3k_d_sample_3.cif,0.19527
/mnt/data/admuser/msadepth/compreps/seedrep_cand/protenix/8k3k_D/d57/seedfull_r13/results/8k3k_d/seed_0/predictions/8k3k_d_sample_4.cif,8k3k_D,seedfull_r13,8k3k_d_sample_4.cif,0.19347
/mnt/data/admuser/msadepth/compreps/seedrep_cand/protenix/8k3k_D/d57/seedfull_r14/results/8k3k_d/seed_0/predictions/8k3k_d_sample_0.cif,8k3k_D,seedfull_r14,8k3k_d_sample_0.cif,0.19881
/mnt/data/admuser/msadepth/compreps/seedrep_cand/protenix/8k3k_D/d57/seedfull_r14/results/8k3k_d/seed_0/predictions/8k3k_d_sample_1.cif,8k3k_D,seedfull_r14,8k3k_d_sample_1.cif,0.19891
/mnt/data/admuser/msadepth/compreps/seedrep_cand/protenix/8k3k_D/d57/seedfull_r14/results/8k3k_d/seed_0/predictions/8k3k_d_sample_2.cif,8k3k_D,seedfull_r14,8k3k_d_sample_2.cif,0.1963
/mnt/data/admuser/msadepth/compreps/seedrep_cand/protenix/8k3k_D/d57/seedfull_r14/results/8k3k_d/seed_0/predictions/8k3k_d_sample_3.cif,8k3k_D,seedfull_r14,8k3k_d_sample_3.cif,0.1952
/mnt/data/admuser/msadepth/compreps/seedrep_cand/protenix/8k3k_D/d57/seedfull_r14/results/8k3k_d/seed_0/predictions/8k3k_d_sample_4.cif,8k3k_D,seedfull_r14,8k3k_d_sample_4.cif,0.19513
/mnt/data/admuser/msadepth/compreps/seedrep_cand/protenix/8k3k_D/d57/seedfull_r15/results/8k3k_d/seed_0/predictions/8k3k_d_sample_0.cif,8k3k_D,seedfull_r15,8k3k_d_sample_0.cif,0.19655
/mnt/data/admuser/msadepth/compreps/seedrep_cand/protenix/8k3k_D/d57/seedfull_r15/results/8k3k_d/seed_0/predictions/8k3k_d_sample_1.cif,8k3k_D,seedfull_r15,8k3k_d_sample_1.cif,0.19575
/mnt/data/admuser/msadepth/compreps/seedrep_cand/protenix/8k3k_D/d57/seedfull_r15/results/8k3k_d/seed_0/predictions/8k3k_d_sample_2.cif,8k3k_D,seedfull_r15,8k3k_d_sample_2.cif,0.19539
/mnt/data/admuser/msadepth/compreps/seedrep_cand/protenix/8k3k_D/d57/seedfull_r15/results/8k3k_d/seed_0/predictions/8k3k_d_sample_3.cif,8k3k_D,seedfull_r15,8k3k_d_sample_3.cif,0.19412
/mnt/data/admuser/msadepth/compreps/seedrep_cand/protenix/8k3k_D/d57/seedfull_r15/results/8k3k_d/seed_0/predictions/8k3k_d_sample_4.cif,8k3k_D,seedfull_r15,8k3k_d_sample_4.cif,0.18749
/mnt/data/admuser/msadepth/compreps/seedrep_cand/protenix/8k3k_D/d57/seedfull_r16/results/8k3k_d/seed_0/predictions/8k3k_d_sample_0.cif,8k3k_D,seedfull_r16,8k3k_d_sample_0.cif,0.19691
/mnt/data/admuser/msadepth/compreps/seedrep_cand/protenix/8k3k_D/d57/seedfull_r16/results/8k3k_d/seed_0/predictions/8k3k_d_sample_1.cif,8k3k_D,seedfull_r16,8k3k_d_sample_1.cif,0.19704
/mnt/data/admuser/msadepth/compreps/seedrep_cand/protenix/8k3k_D/d57/seedfull_r16/results/8k3k_d/seed_0/predictions/8k3k_d_sample_2.cif,8k3k_D,seedfull_r16,8k3k_d_sample_2.cif,0.19644
/mnt/data/admuser/msadepth/compreps/seedrep_cand/protenix/8k3k_D/d57/seedfull_r16/results/8k3k_d/seed_0/predictions/8k3k_d_sample_3.cif,8k3k_D,seedfull_r16,8k3k_d_sample_3.cif,0.19545
/mnt/data/admuser/msadepth/compreps/seedrep_cand/protenix/8k3k_D/d57/seedfull_r16/results/8k3k_d/seed_0/predictions/8k3k_d_sample_4.cif,8k3k_D,seedfull_r16,8k3k_d_sample_4.cif,0.1875
/mnt/data/admuser/msadepth/compreps/seedrep_cand/protenix/8k3k_D/d57/seedfull_r17/results/8k3k_d/seed_0/predictions/8k3k_d_sample_0.cif,8k3k_D,seedfull_r17,8k3k_d_sample_0.cif,0.19711
/mnt/data/admuser/msadepth/compreps/seedrep_cand/protenix/8k3k_D/d57/seedfull_r17/results/8k3k_d/seed_0/predictions/8k3k_d_sample_1.cif,8k3k_D,seedfull_r17,8k3k_d_sample_1.cif,0.19698
/mnt/data/admuser/msadepth/compreps/seedrep_cand/protenix/8k3k_D/d57/seedfull_r17/results/8k3k_d/seed_0/predictions/8k3k_d_sample_2.cif,8k3k_D,seedfull_r17,8k3k_d_sample_2.cif,0.19486
/mnt/data/admuser/msadepth/compreps/seedrep_cand/protenix/8k3k_D/d57/seedfull_r17/results/8k3k_d/seed_0/predictions/8k3k_d_sample_3.cif,8k3k_D,seedfull_r17,8k3k_d_sample_3.cif,0.19469
/mnt/data/admuser/msadepth/compreps/seedrep_cand/protenix/8k3k_D/d57/seedfull_r17/results/8k3k_d/seed_0/predictions/8k3k_d_sample_4.cif,8k3k_D,seedfull_r17,8k3k_d_sample_4.cif,0.18914
/mnt/data/admuser/msadepth/compreps/seedrep_cand/protenix/8k3k_D/d57/seedfull_r18/results/8k3k_d/seed_0/predictions/8k3k_d_sample_0.cif,8k3k_D,seedfull_r18,8k3k_d_sample_0.cif,0.197
/mnt/data/admuser/msadepth/compreps/seedrep_cand/protenix/8k3k_D/d57/seedfull_r18/results/8k3k_d/seed_0/predictions/8k3k_d_sample_1.cif,8k3k_D,seedfull_r18,8k3k_d_sample_1.cif,0.19605
/mnt/data/admuser/msadepth/compreps/seedrep_cand/protenix/8k3k_D/d57/seedfull_r18/results/8k3k_d/seed_0/predictions/8k3k_d_sample_2.cif,8k3k_D,seedfull_r18,8k3k_d_sample_2.cif,0.19542
/mnt/data/admuser/msadepth/compreps/seedrep_cand/protenix/8k3k_D/d57/seedfull_r18/results/8k3k_d/seed_0/predictions/8k3k_d_sample_3.cif,8k3k_D,seedfull_r18,8k3k_d_sample_3.cif,0.1943
/mnt/data/admuser/msadepth/compreps/seedrep_cand/protenix/8k3k_D/d57/seedfull_r18/results/8k3k_d/seed_0/predictions/8k3k_d_sample_4.cif,8k3k_D,seedfull_r18,8k3k_d_sample_4.cif,0.18783
/mnt/data/admuser/msadepth/compreps/seedrep_cand/protenix/8k3k_D/d57/seedfull_r19/results/8k3k_d/seed_0/predictions/8k3k_d_sample_0.cif,8k3k_D,seedfull_r19,8k3k_d_sample_0.cif,0.19505
/mnt/data/admuser/msadepth/compreps/seedrep_cand/protenix/8k3k_D/d57/seedfull_r19/results/8k3k_d/seed_0/predictions/8k3k_d_sample_1.cif,8k3k_D,seedfull_r19,8k3k_d_sample_1.cif,0.19451
/mnt/data/admuser/msadepth/compreps/seedrep_cand/protenix/8k3k_D/d57/seedfull_r19/results/8k3k_d/seed_0/predictions/8k3k_d_sample_2.cif,8k3k_D,seedfull_r19,8k3k_d_sample_2.cif,0.1944
/mnt/data/admuser/msadepth/compreps/seedrep_cand/protenix/8k3k_D/d57/seedfull_r19/results/8k3k_d/seed_0/predictions/8k3k_d_sample_3.cif,8k3k_D,seedfull_r19,8k3k_d_sample_3.cif,0.19439
/mnt/data/admuser/msadepth/compreps/seedrep_cand/protenix/8k3k_D/d57/seedfull_r19/results/8k3k_d/seed_0/predictions/8k3k_d_sample_4.cif,8k3k_D,seedfull_r19,8k3k_d_sample_4.cif,0.18318
/mnt/data/admuser/msadepth/compreps/seedrep_cand/protenix/8k3k_D/d57/seedfull_r2/results/8k3k_d/seed_0/predictions/8k3k_d_sample_0.cif,8k3k_D,seedfull_r2,8k3k_d_sample_0.cif,0.19918
/mnt/data/admuser/msadepth/compreps/seedrep_cand/protenix/8k3k_D/d57/seedfull_r2/results/8k3k_d/seed_0/predictions/8k3k_d_sample_1.cif,8k3k_D,seedfull_r2,8k3k_d_sample_1.cif,0.19849
/mnt/data/admuser/msadepth/compreps/seedrep_cand/protenix/8k3k_D/d57/seedfull_r2/results/8k3k_d/seed_0/predictions/8k3k_d_sample_2.cif,8k3k_D,seedfull_r2,8k3k_d_sample_2.cif,0.19792
/mnt/data/admuser/msadepth/compreps/seedrep_cand/protenix/8k3k_D/d57/seedfull_r2/results/8k3k_d/seed_0/predictions/8k3k_d_sample_3.cif,8k3k_D,seedfull_r2,8k3k_d_sample_3.cif,0.19557
/mnt/data/admuser/msadepth/compreps/seedrep_cand/protenix/8k3k_D/d57/seedfull_r2/results/8k3k_d/seed_0/predictions/8k3k_d_sample_4.cif,8k3k_D,seedfull_r2,8k3k_d_sample_4.cif,0.19076
/mnt/data/admuser/msadepth/compreps/seedrep_cand/protenix/8k3k_D/d57/seedfull_r3/results/8k3k_d/seed_0/predictions/8k3k_d_sample_0.cif,8k3k_D,seedfull_r3,8k3k_d_sample_0.cif,0.20018
/mnt/data/admuser/msadepth/compreps/seedrep_cand/protenix/8k3k_D/d57/seedfull_r3/results/8k3k_d/seed_0/predictions/8k3k_d_sample_1.cif,8k3k_D,seedfull_r3,8k3k_d_sample_1.cif,0.19869
/mnt/data/admuser/msadepth/compreps/seedrep_cand/protenix/8k3k_D/d57/seedfull_r3/results/8k3k_d/seed_0/predictions/8k3k_d_sample_2.cif,8k3k_D,seedfull_r3,8k3k_d_sample_2.cif,0.19866
/mnt/data/admuser/msadepth/compreps/seedrep_cand/protenix/8k3k_D/d57/seedfull_r3/results/8k3k_d/seed_0/predictions/8k3k_d_sample_3.cif,8k3k_D,seedfull_r3,8k3k_d_sample_3.cif,0.19685
/mnt/data/admuser/msadepth/compreps/seedrep_cand/protenix/8k3k_D/d57/seedfull_r3/results/8k3k_d/seed_0/predictions/8k3k_d_sample_4.cif,8k3k_D,seedfull_r3,8k3k_d_sample_4.cif,0.19118
/mnt/data/admuser/msadepth/compreps/seedrep_cand/protenix/8k3k_D/d57/seedfull_r4/results/8k3k_d/seed_0/predictions/8k3k_d_sample_0.cif,8k3k_D,seedfull_r4,8k3k_d_sample_0.cif,0.1998
/mnt/data/admuser/msadepth/compreps/seedrep_cand/protenix/8k3k_D/d57/seedfull_r4/results/8k3k_d/seed_0/predictions/8k3k_d_sample_1.cif,8k3k_D,seedfull_r4,8k3k_d_sample_1.cif,0.19977
/mnt/data/admuser/msadepth/compreps/seedrep_cand/protenix/8k3k_D/d57/seedfull_r4/results/8k3k_d/seed_0/predictions/8k3k_d_sample_2.cif,8k3k_D,seedfull_r4,8k3k_d_sample_2.cif,0.19802
/mnt/data/admuser/msadepth/compreps/seedrep_cand/protenix/8k3k_D/d57/seedfull_r4/results/8k3k_d/seed_0/predictions/8k3k_d_sample_3.cif,8k3k_D,seedfull_r4,8k3k_d_sample_3.cif,0.19614
/mnt/data/admuser/msadepth/compreps/seedrep_cand/protenix/8k3k_D/d57/seedfull_r4/results/8k3k_d/seed_0/predictions/8k3k_d_sample_4.cif,8k3k_D,seedfull_r4,8k3k_d_sample_4.cif,0.19035
/mnt/data/admuser/msadepth/compreps/seedrep_cand/protenix/8k3k_D/d57/seedfull_r5/results/8k3k_d/seed_0/predictions/8k3k_d_sample_0.cif,8k3k_D,seedfull_r5,8k3k_d_sample_0.cif,0.19742
/mnt/data/admuser/msadepth/compreps/seedrep_cand/protenix/8k3k_D/d57/seedfull_r5/results/8k3k_d/seed_0/predictions/8k3k_d_sample_1.cif,8k3k_D,seedfull_r5,8k3k_d_sample_1.cif,0.19784
/mnt/data/admuser/msadepth/compreps/seedrep_cand/protenix/8k3k_D/d57/seedfull_r5/results/8k3k_d/seed_0/predictions/8k3k_d_sample_2.cif,8k3k_D,seedfull_r5,8k3k_d_sample_2.cif,0.19602
/mnt/data/admuser/msadepth/compreps/seedrep_cand/protenix/8k3k_D/d57/seedfull_r5/results/8k3k_d/seed_0/predictions/8k3k_d_sample_3.cif,8k3k_D,seedfull_r5,8k3k_d_sample_3.cif,0.19429
/mnt/data/admuser/msadepth/compreps/seedrep_cand/protenix/8k3k_D/d57/seedfull_r5/results/8k3k_d/seed_0/predictions/8k3k_d_sample_4.cif,8k3k_D,seedfull_r5,8k3k_d_sample_4.cif,0.19307
/mnt/data/admuser/msadepth/compreps/seedrep_cand/protenix/8k3k_D/d57/seedfull_r6/results/8k3k_d/seed_0/predictions/8k3k_d_sample_0.cif,8k3k_D,seedfull_r6,8k3k_d_sample_0.cif,0.19787
/mnt/data/admuser/msadepth/compreps/seedrep_cand/protenix/8k3k_D/d57/seedfull_r6/results/8k3k_d/seed_0/predictions/8k3k_d_sample_1.cif,8k3k_D,seedfull_r6,8k3k_d_sample_1.cif,0.19615
/mnt/data/admuser/msadepth/compreps/seedrep_cand/protenix/8k3k_D/d57/seedfull_r6/results/8k3k_d/seed_0/predictions/8k3k_d_sample_2.cif,8k3k_D,seedfull_r6,8k3k_d_sample_2.cif,0.19473
/mnt/data/admuser/msadepth/compreps/seedrep_cand/protenix/8k3k_D/d57/seedfull_r6/results/8k3k_d/seed_0/predictions/8k3k_d_sample_3.cif,8k3k_D,seedfull_r6,8k3k_d_sample_3.cif,0.19444
/mnt/data/admuser/msadepth/compreps/seedrep_cand/protenix/8k3k_D/d57/seedfull_r6/results/8k3k_d/seed_0/predictions/8k3k_d_sample_4.cif,8k3k_D,seedfull_r6,8k3k_d_sample_4.cif,0.18573
/mnt/data/admuser/msadepth/compreps/seedrep_cand/protenix/8k3k_D/d57/seedfull_r7/results/8k3k_d/seed_0/predictions/8k3k_d_sample_0.cif,8k3k_D,seedfull_r7,8k3k_d_sample_0.cif,0.1945
/mnt/data/admuser/msadepth/compreps/seedrep_cand/protenix/8k3k_D/d57/seedfull_r7/results/8k3k_d/seed_0/predictions/8k3k_d_sample_1.cif,8k3k_D,seedfull_r7,8k3k_d_sample_1.cif,0.19478
/mnt/data/admuser/msadepth/compreps/seedrep_cand/protenix/8k3k_D/d57/seedfull_r7/results/8k3k_d/seed_0/predictions/8k3k_d_sample_2.cif,8k3k_D,seedfull_r7,8k3k_d_sample_2.cif,0.19411
/mnt/data/admuser/msadepth/compreps/seedrep_cand/protenix/8k3k_D/d57/seedfull_r7/results/8k3k_d/seed_0/predictions/8k3k_d_sample_3.cif,8k3k_D,seedfull_r7,8k3k_d_sample_3.cif,0.19293
/mnt/data/admuser/msadepth/compreps/seedrep_cand/protenix/8k3k_D/d57/seedfull_r7/results/8k3k_d/seed_0/predictions/8k3k_d_sample_4.cif,8k3k_D,seedfull_r7,8k3k_d_sample_4.cif,0.18421
/mnt/data/admuser/msadepth/compreps/seedrep_cand/protenix/8k3k_D/d57/seedfull_r8/results/8k3k_d/seed_0/predictions/8k3k_d_sample_0.cif,8k3k_D,seedfull_r8,8k3k_d_sample_0.cif,0.19429
/mnt/data/admuser/msadepth/compreps/seedrep_cand/protenix/8k3k_D/d57/seedfull_r8/results/8k3k_d/seed_0/predictions/8k3k_d_sample_1.cif,8k3k_D,seedfull_r8,8k3k_d_sample_1.cif,0.1941
/mnt/data/admuser/msadepth/compreps/seedrep_cand/protenix/8k3k_D/d57/seedfull_r8/results/8k3k_d/seed_0/predictions/8k3k_d_sample_2.cif,8k3k_D,seedfull_r8,8k3k_d_sample_2.cif,0.19261
/mnt/data/admuser/msadepth/compreps/seedrep_cand/protenix/8k3k_D/d57/seedfull_r8/results/8k3k_d/seed_0/predictions/8k3k_d_sample_3.cif,8k3k_D,seedfull_r8,8k3k_d_sample_3.cif,0.19239
/mnt/data/admuser/msadepth/compreps/seedrep_cand/protenix/8k3k_D/d57/seedfull_r8/results/8k3k_d/seed_0/predictions/8k3k_d_sample_4.cif,8k3k_D,seedfull_r8,8k3k_d_sample_4.cif,0.18169
/mnt/data/admuser/msadepth/compreps/seedrep_cand/protenix/8k3k_D/d57/seedfull_r9/results/8k3k_d/seed_0/predictions/8k3k_d_sample_0.cif,8k3k_D,seedfull_r9,8k3k_d_sample_0.cif,0.19602
/mnt/data/admuser/msadepth/compreps/seedrep_cand/protenix/8k3k_D/d57/seedfull_r9/results/8k3k_d/seed_0/predictions/8k3k_d_sample_1.cif,8k3k_D,seedfull_r9,8k3k_d_sample_1.cif,0.19512
/mnt/data/admuser/msadepth/compreps/seedrep_cand/protenix/8k3k_D/d57/seedfull_r9/results/8k3k_d/seed_0/predictions/8k3k_d_sample_2.cif,8k3k_D,seedfull_r9,8k3k_d_sample_2.cif,0.19467
/mnt/data/admuser/msadepth/compreps/seedrep_cand/protenix/8k3k_D/d57/seedfull_r9/results/8k3k_d/seed_0/predictions/8k3k_d_sample_3.cif,8k3k_D,seedfull_r9,8k3k_d_sample_3.cif,0.19366
/mnt/data/admuser/msadepth/compreps/seedrep_cand/protenix/8k3k_D/d57/seedfull_r9/results/8k3k_d/seed_0/predictions/8k3k_d_sample_4.cif,8k3k_D,seedfull_r9,8k3k_d_sample_4.cif,0.19281
/mnt/data/admuser/msadepth/compreps/seedrep_cand/protenix/8k46_I/d23/seed0_r0/results/8k46_i/seed_0/predictions/8k46_i_sample_0.cif,8k46_I,seed0_r0,8k46_i_sample_0.cif,0.18249
/mnt/data/admuser/msadepth/compreps/seedrep_cand/protenix/8k46_I/d23/seed0_r0/results/8k46_i/seed_0/predictions/8k46_i_sample_1.cif,8k46_I,seed0_r0,8k46_i_sample_1.cif,0.17873
/mnt/data/admuser/msadepth/compreps/seedrep_cand/protenix/8k46_I/d23/seed0_r0/results/8k46_i/seed_0/predictions/8k46_i_sample_2.cif,8k46_I,seed0_r0,8k46_i_sample_2.cif,0.17785
/mnt/data/admuser/msadepth/compreps/seedrep_cand/protenix/8k46_I/d23/seed0_r0/results/8k46_i/seed_0/predictions/8k46_i_sample_3.cif,8k46_I,seed0_r0,8k46_i_sample_3.cif,0.17135
/mnt/data/admuser/msadepth/compreps/seedrep_cand/protenix/8k46_I/d23/seed0_r0/results/8k46_i/seed_0/predictions/8k46_i_sample_4.cif,8k46_I,seed0_r0,8k46_i_sample_4.cif,0.17138
/mnt/data/admuser/msadepth/compreps/seedrep_cand/protenix/8k46_I/d23/seed0_r1/results/8k46_i/seed_0/predictions/8k46_i_sample_0.cif,8k46_I,seed0_r1,8k46_i_sample_0.cif,0.15071
/mnt/data/admuser/msadepth/compreps/seedrep_cand/protenix/8k46_I/d23/seed0_r1/results/8k46_i/seed_0/predictions/8k46_i_sample_1.cif,8k46_I,seed0_r1,8k46_i_sample_1.cif,0.14454
/mnt/data/admuser/msadepth/compreps/seedrep_cand/protenix/8k46_I/d23/seed0_r1/results/8k46_i/seed_0/predictions/8k46_i_sample_2.cif,8k46_I,seed0_r1,8k46_i_sample_2.cif,0.14392
/mnt/data/admuser/msadepth/compreps/seedrep_cand/protenix/8k46_I/d23/seed0_r1/results/8k46_i/seed_0/predictions/8k46_i_sample_3.cif,8k46_I,seed0_r1,8k46_i_sample_3.cif,0.1374
/mnt/data/admuser/msadepth/compreps/seedrep_cand/protenix/8k46_I/d23/seed0_r1/results/8k46_i/seed_0/predictions/8k46_i_sample_4.cif,8k46_I,seed0_r1,8k46_i_sample_4.cif,0.13436
/mnt/data/admuser/msadepth/compreps/seedrep_cand/protenix/8k46_I/d23/seed0_r2/results/8k46_i/seed_0/predictions/8k46_i_sample_0.cif,8k46_I,seed0_r2,8k46_i_sample_0.cif,0.15776
/mnt/data/admuser/msadepth/compreps/seedrep_cand/protenix/8k46_I/d23/seed0_r2/results/8k46_i/seed_0/predictions/8k46_i_sample_1.cif,8k46_I,seed0_r2,8k46_i_sample_1.cif,0.15708
/mnt/data/admuser/msadepth/compreps/seedrep_cand/protenix/8k46_I/d23/seed0_r2/results/8k46_i/seed_0/predictions/8k46_i_sample_2.cif,8k46_I,seed0_r2,8k46_i_sample_2.cif,0.151
/mnt/data/admuser/msadepth/compreps/seedrep_cand/protenix/8k46_I/d23/seed0_r2/results/8k46_i/seed_0/predictions/8k46_i_sample_3.cif,8k46_I,seed0_r2,8k46_i_sample_3.cif,0.13678
/mnt/data/admuser/msadepth/compreps/seedrep_cand/protenix/8k46_I/d23/seed0_r2/results/8k46_i/seed_0/predictions/8k46_i_sample_4.cif,8k46_I,seed0_r2,8k46_i_sample_4.cif,0.13343
/mnt/data/admuser/msadepth/compreps/seedrep_cand/protenix/8k46_I/d23/seed0_r3/results/8k46_i/seed_0/predictions/8k46_i_sample_0.cif,8k46_I,seed0_r3,8k46_i_sample_0.cif,0.1376
/mnt/data/admuser/msadepth/compreps/seedrep_cand/protenix/8k46_I/d23/seed0_r3/results/8k46_i/seed_0/predictions/8k46_i_sample_1.cif,8k46_I,seed0_r3,8k46_i_sample_1.cif,0.13123
/mnt/data/admuser/msadepth/compreps/seedrep_cand/protenix/8k46_I/d23/seed0_r3/results/8k46_i/seed_0/predictions/8k46_i_sample_2.cif,8k46_I,seed0_r3,8k46_i_sample_2.cif,0.12952
/mnt/data/admuser/msadepth/compreps/seedrep_cand/protenix/8k46_I/d23/seed0_r3/results/8k46_i/seed_0/predictions/8k46_i_sample_3.cif,8k46_I,seed0_r3,8k46_i_sample_3.cif,0.12812
/mnt/data/admuser/msadepth/compreps/seedrep_cand/protenix/8k46_I/d23/seed0_r3/results/8k46_i/seed_0/predictions/8k46_i_sample_4.cif,8k46_I,seed0_r3,8k46_i_sample_4.cif,0.12582
/mnt/data/admuser/msadepth/compreps/seedrep_cand/protenix/8k46_I/d23/seed1_r0/results/8k46_i/seed_0/predictions/8k46_i_sample_0.cif,8k46_I,seed1_r0,8k46_i_sample_0.cif,0.20807
/mnt/data/admuser/msadepth/compreps/seedrep_cand/protenix/8k46_I/d23/seed1_r0/results/8k46_i/seed_0/predictions/8k46_i_sample_1.cif,8k46_I,seed1_r0,8k46_i_sample_1.cif,0.20798
/mnt/data/admuser/msadepth/compreps/seedrep_cand/protenix/8k46_I/d23/seed1_r0/results/8k46_i/seed_0/predictions/8k46_i_sample_2.cif,8k46_I,seed1_r0,8k46_i_sample_2.cif,0.20669
/mnt/data/admuser/msadepth/compreps/seedrep_cand/protenix/8k46_I/d23/seed1_r0/results/8k46_i/seed_0/predictions/8k46_i_sample_3.cif,8k46_I,seed1_r0,8k46_i_sample_3.cif,0.19147
/mnt/data/admuser/msadepth/compreps/seedrep_cand/protenix/8k46_I/d23/seed1_r0/results/8k46_i/seed_0/predictions/8k46_i_sample_4.cif,8k46_I,seed1_r0,8k46_i_sample_4.cif,0.19094
/mnt/data/admuser/msadepth/compreps/seedrep_cand/protenix/8k46_I/d23/seed1_r1/results/8k46_i/seed_0/predictions/8k46_i_sample_0.cif,8k46_I,seed1_r1,8k46_i_sample_0.cif,0.20747
/mnt/data/admuser/msadepth/compreps/seedrep_cand/protenix/8k46_I/d23/seed1_r1/results/8k46_i/seed_0/predictions/8k46_i_sample_1.cif,8k46_I,seed1_r1,8k46_i_sample_1.cif,0.20433
/mnt/data/admuser/msadepth/compreps/seedrep_cand/protenix/8k46_I/d23/seed1_r1/results/8k46_i/seed_0/predictions/8k46_i_sample_2.cif,8k46_I,seed1_r1,8k46_i_sample_2.cif,0.20582
/mnt/data/admuser/msadepth/compreps/seedrep_cand/protenix/8k46_I/d23/seed1_r1/results/8k46_i/seed_0/predictions/8k46_i_sample_3.cif,8k46_I,seed1_r1,8k46_i_sample_3.cif,0.19043
/mnt/data/admuser/msadepth/compreps/seedrep_cand/protenix/8k46_I/d23/seed1_r1/results/8k46_i/seed_0/predictions/8k46_i_sample_4.cif,8k46_I,seed1_r1,8k46_i_sample_4.cif,0.18655
/mnt/data/admuser/msadepth/compreps/seedrep_cand/protenix/8k46_I/d23/seed1_r2/results/8k46_i/seed_0/predictions/8k46_i_sample_0.cif,8k46_I,seed1_r2,8k46_i_sample_0.cif,0.20704
/mnt/data/admuser/msadepth/compreps/seedrep_cand/protenix/8k46_I/d23/seed1_r2/results/8k46_i/seed_0/predictions/8k46_i_sample_1.cif,8k46_I,seed1_r2,8k46_i_sample_1.cif,0.20664
/mnt/data/admuser/msadepth/compreps/seedrep_cand/protenix/8k46_I/d23/seed1_r2/results/8k46_i/seed_0/predictions/8k46_i_sample_2.cif,8k46_I,seed1_r2,8k46_i_sample_2.cif,0.20576
/mnt/data/admuser/msadepth/compreps/seedrep_cand/protenix/8k46_I/d23/seed1_r2/results/8k46_i/seed_0/predictions/8k46_i_sample_3.cif,8k46_I,seed1_r2,8k46_i_sample_3.cif,0.19124
/mnt/data/admuser/msadepth/compreps/seedrep_cand/protenix/8k46_I/d23/seed1_r2/results/8k46_i/seed_0/predictions/8k46_i_sample_4.cif,8k46_I,seed1_r2,8k46_i_sample_4.cif,0.19128
/mnt/data/admuser/msadepth/compreps/seedrep_cand/protenix/8k46_I/d23/seed1_r3/results/8k46_i/seed_0/predictions/8k46_i_sample_0.cif,8k46_I,seed1_r3,8k46_i_sample_0.cif,0.20659
/mnt/data/admuser/msadepth/compreps/seedrep_cand/protenix/8k46_I/d23/seed1_r3/results/8k46_i/seed_0/predictions/8k46_i_sample_1.cif,8k46_I,seed1_r3,8k46_i_sample_1.cif,0.20548
/mnt/data/admuser/msadepth/compreps/seedrep_cand/protenix/8k46_I/d23/seed1_r3/results/8k46_i/seed_0/predictions/8k46_i_sample_2.cif,8k46_I,seed1_r3,8k46_i_sample_2.cif,0.20476
/mnt/data/admuser/msadepth/compreps/seedrep_cand/protenix/8k46_I/d23/seed1_r3/results/8k46_i/seed_0/predictions/8k46_i_sample_3.cif,8k46_I,seed1_r3,8k46_i_sample_3.cif,0.19046
/mnt/data/admuser/msadepth/compreps/seedrep_cand/protenix/8k46_I/d23/seed1_r3/results/8k46_i/seed_0/predictions/8k46_i_sample_4.cif,8k46_I,seed1_r3,8k46_i_sample_4.cif,0.18942
/mnt/data/admuser/msadepth/compreps/seedrep_cand/protenix/8k46_I/d23/seed2_r0/results/8k46_i/seed_0/predictions/8k46_i_sample_0.cif,8k46_I,seed2_r0,8k46_i_sample_0.cif,0.18797
/mnt/data/admuser/msadepth/compreps/seedrep_cand/protenix/8k46_I/d23/seed2_r0/results/8k46_i/seed_0/predictions/8k46_i_sample_1.cif,8k46_I,seed2_r0,8k46_i_sample_1.cif,0.18749
/mnt/data/admuser/msadepth/compreps/seedrep_cand/protenix/8k46_I/d23/seed2_r0/results/8k46_i/seed_0/predictions/8k46_i_sample_2.cif,8k46_I,seed2_r0,8k46_i_sample_2.cif,0.18098
/mnt/data/admuser/msadepth/compreps/seedrep_cand/protenix/8k46_I/d23/seed2_r0/results/8k46_i/seed_0/predictions/8k46_i_sample_3.cif,8k46_I,seed2_r0,8k46_i_sample_3.cif,0.17868
/mnt/data/admuser/msadepth/compreps/seedrep_cand/protenix/8k46_I/d23/seed2_r0/results/8k46_i/seed_0/predictions/8k46_i_sample_4.cif,8k46_I,seed2_r0,8k46_i_sample_4.cif,0.16938
/mnt/data/admuser/msadepth/compreps/seedrep_cand/protenix/8k46_I/d23/seed2_r1/results/8k46_i/seed_0/predictions/8k46_i_sample_0.cif,8k46_I,seed2_r1,8k46_i_sample_0.cif,0.19844
/mnt/data/admuser/msadepth/compreps/seedrep_cand/protenix/8k46_I/d23/seed2_r1/results/8k46_i/seed_0/predictions/8k46_i_sample_1.cif,8k46_I,seed2_r1,8k46_i_sample_1.cif,0.19607
/mnt/data/admuser/msadepth/compreps/seedrep_cand/protenix/8k46_I/d23/seed2_r1/results/8k46_i/seed_0/predictions/8k46_i_sample_2.cif,8k46_I,seed2_r1,8k46_i_sample_2.cif,0.19701
/mnt/data/admuser/msadepth/compreps/seedrep_cand/protenix/8k46_I/d23/seed2_r1/results/8k46_i/seed_0/predictions/8k46_i_sample_3.cif,8k46_I,seed2_r1,8k46_i_sample_3.cif,0.18766
/mnt/data/admuser/msadepth/compreps/seedrep_cand/protenix/8k46_I/d23/seed2_r1/results/8k46_i/seed_0/predictions/8k46_i_sample_4.cif,8k46_I,seed2_r1,8k46_i_sample_4.cif,0.18855
/mnt/data/admuser/msadepth/compreps/seedrep_cand/protenix/8k46_I/d23/seed2_r2/results/8k46_i/seed_0/predictions/8k46_i_sample_0.cif,8k46_I,seed2_r2,8k46_i_sample_0.cif,0.18548
/mnt/data/admuser/msadepth/compreps/seedrep_cand/protenix/8k46_I/d23/seed2_r2/results/8k46_i/seed_0/predictions/8k46_i_sample_1.cif,8k46_I,seed2_r2,8k46_i_sample_1.cif,0.18569
/mnt/data/admuser/msadepth/compreps/seedrep_cand/protenix/8k46_I/d23/seed2_r2/results/8k46_i/seed_0/predictions/8k46_i_sample_2.cif,8k46_I,seed2_r2,8k46_i_sample_2.cif,0.18452
/mnt/data/admuser/msadepth/compreps/seedrep_cand/protenix/8k46_I/d23/seed2_r2/results/8k46_i/seed_0/predictions/8k46_i_sample_3.cif,8k46_I,seed2_r2,8k46_i_sample_3.cif,0.17866
/mnt/data/admuser/msadepth/compreps/seedrep_cand/protenix/8k46_I/d23/seed2_r2/results/8k46_i/seed_0/predictions/8k46_i_sample_4.cif,8k46_I,seed2_r2,8k46_i_sample_4.cif,0.17835
/mnt/data/admuser/msadepth/compreps/seedrep_cand/protenix/8k46_I/d23/seed2_r3/results/8k46_i/seed_0/predictions/8k46_i_sample_0.cif,8k46_I,seed2_r3,8k46_i_sample_0.cif,0.1841
/mnt/data/admuser/msadepth/compreps/seedrep_cand/protenix/8k46_I/d23/seed2_r3/results/8k46_i/seed_0/predictions/8k46_i_sample_1.cif,8k46_I,seed2_r3,8k46_i_sample_1.cif,0.18399
/mnt/data/admuser/msadepth/compreps/seedrep_cand/protenix/8k46_I/d23/seed2_r3/results/8k46_i/seed_0/predictions/8k46_i_sample_2.cif,8k46_I,seed2_r3,8k46_i_sample_2.cif,0.18098
/mnt/data/admuser/msadepth/compreps/seedrep_cand/protenix/8k46_I/d23/seed2_r3/results/8k46_i/seed_0/predictions/8k46_i_sample_3.cif,8k46_I,seed2_r3,8k46_i_sample_3.cif,0.17857
/mnt/data/admuser/msadepth/compreps/seedrep_cand/protenix/8k46_I/d23/seed2_r3/results/8k46_i/seed_0/predictions/8k46_i_sample_4.cif,8k46_I,seed2_r3,8k46_i_sample_4.cif,0.17658
/mnt/data/admuser/msadepth/compreps/seedrep_cand/protenix/8k46_I/d23/seed3_r0/results/8k46_i/seed_0/predictions/8k46_i_sample_0.cif,8k46_I,seed3_r0,8k46_i_sample_0.cif,0.16848
/mnt/data/admuser/msadepth/compreps/seedrep_cand/protenix/8k46_I/d23/seed3_r0/results/8k46_i/seed_0/predictions/8k46_i_sample_1.cif,8k46_I,seed3_r0,8k46_i_sample_1.cif,0.1659
/mnt/data/admuser/msadepth/compreps/seedrep_cand/protenix/8k46_I/d23/seed3_r0/results/8k46_i/seed_0/predictions/8k46_i_sample_2.cif,8k46_I,seed3_r0,8k46_i_sample_2.cif,0.16551
/mnt/data/admuser/msadepth/compreps/seedrep_cand/protenix/8k46_I/d23/seed3_r0/results/8k46_i/seed_0/predictions/8k46_i_sample_3.cif,8k46_I,seed3_r0,8k46_i_sample_3.cif,0.16469
/mnt/data/admuser/msadepth/compreps/seedrep_cand/protenix/8k46_I/d23/seed3_r0/results/8k46_i/seed_0/predictions/8k46_i_sample_4.cif,8k46_I,seed3_r0,8k46_i_sample_4.cif,0.16229
/mnt/data/admuser/msadepth/compreps/seedrep_cand/protenix/8k46_I/d23/seed3_r1/results/8k46_i/seed_0/predictions/8k46_i_sample_0.cif,8k46_I,seed3_r1,8k46_i_sample_0.cif,0.15562
/mnt/data/admuser/msadepth/compreps/seedrep_cand/protenix/8k46_I/d23/seed3_r1/results/8k46_i/seed_0/predictions/8k46_i_sample_1.cif,8k46_I,seed3_r1,8k46_i_sample_1.cif,0.15402
/mnt/data/admuser/msadepth/compreps/seedrep_cand/protenix/8k46_I/d23/seed3_r1/results/8k46_i/seed_0/predictions/8k46_i_sample_2.cif,8k46_I,seed3_r1,8k46_i_sample_2.cif,0.15283
/mnt/data/admuser/msadepth/compreps/seedrep_cand/protenix/8k46_I/d23/seed3_r1/results/8k46_i/seed_0/predictions/8k46_i_sample_3.cif,8k46_I,seed3_r1,8k46_i_sample_3.cif,0.1505
/mnt/data/admuser/msadepth/compreps/seedrep_cand/protenix/8k46_I/d23/seed3_r1/results/8k46_i/seed_0/predictions/8k46_i_sample_4.cif,8k46_I,seed3_r1,8k46_i_sample_4.cif,0.14548
/mnt/data/admuser/msadepth/compreps/seedrep_cand/protenix/8k46_I/d23/seed3_r2/results/8k46_i/seed_0/predictions/8k46_i_sample_0.cif,8k46_I,seed3_r2,8k46_i_sample_0.cif,0.17162
/mnt/data/admuser/msadepth/compreps/seedrep_cand/protenix/8k46_I/d23/seed3_r2/results/8k46_i/seed_0/predictions/8k46_i_sample_1.cif,8k46_I,seed3_r2,8k46_i_sample_1.cif,0.16647
/mnt/data/admuser/msadepth/compreps/seedrep_cand/protenix/8k46_I/d23/seed3_r2/results/8k46_i/seed_0/predictions/8k46_i_sample_2.cif,8k46_I,seed3_r2,8k46_i_sample_2.cif,0.16326
/mnt/data/admuser/msadepth/compreps/seedrep_cand/protenix/8k46_I/d23/seed3_r2/results/8k46_i/seed_0/predictions/8k46_i_sample_3.cif,8k46_I,seed3_r2,8k46_i_sample_3.cif,0.15325
/mnt/data/admuser/msadepth/compreps/seedrep_cand/protenix/8k46_I/d23/seed3_r2/results/8k46_i/seed_0/predictions/8k46_i_sample_4.cif,8k46_I,seed3_r2,8k46_i_sample_4.cif,0.15037
/mnt/data/admuser/msadepth/compreps/seedrep_cand/protenix/8k46_I/d23/seed3_r3/results/8k46_i/seed_0/predictions/8k46_i_sample_0.cif,8k46_I,seed3_r3,8k46_i_sample_0.cif,0.17097
/mnt/data/admuser/msadepth/compreps/seedrep_cand/protenix/8k46_I/d23/seed3_r3/results/8k46_i/seed_0/predictions/8k46_i_sample_1.cif,8k46_I,seed3_r3,8k46_i_sample_1.cif,0.16951
/mnt/data/admuser/msadepth/compreps/seedrep_cand/protenix/8k46_I/d23/seed3_r3/results/8k46_i/seed_0/predictions/8k46_i_sample_2.cif,8k46_I,seed3_r3,8k46_i_sample_2.cif,0.16879
/mnt/data/admuser/msadepth/compreps/seedrep_cand/protenix/8k46_I/d23/seed3_r3/results/8k46_i/seed_0/predictions/8k46_i_sample_3.cif,8k46_I,seed3_r3,8k46_i_sample_3.cif,0.16738
/mnt/data/admuser/msadepth/compreps/seedrep_cand/protenix/8k46_I/d23/seed3_r3/results/8k46_i/seed_0/predictions/8k46_i_sample_4.cif,8k46_I,seed3_r3,8k46_i_sample_4.cif,0.16238
/mnt/data/admuser/msadepth/compreps/seedrep_cand/protenix/8k46_I/d23/seed4_r0/results/8k46_i/seed_0/predictions/8k46_i_sample_0.cif,8k46_I,seed4_r0,8k46_i_sample_0.cif,0.18412
/mnt/data/admuser/msadepth/compreps/seedrep_cand/protenix/8k46_I/d23/seed4_r0/results/8k46_i/seed_0/predictions/8k46_i_sample_1.cif,8k46_I,seed4_r0,8k46_i_sample_1.cif,0.17983
/mnt/data/admuser/msadepth/compreps/seedrep_cand/protenix/8k46_I/d23/seed4_r0/results/8k46_i/seed_0/predictions/8k46_i_sample_2.cif,8k46_I,seed4_r0,8k46_i_sample_2.cif,0.1776
/mnt/data/admuser/msadepth/compreps/seedrep_cand/protenix/8k46_I/d23/seed4_r0/results/8k46_i/seed_0/predictions/8k46_i_sample_3.cif,8k46_I,seed4_r0,8k46_i_sample_3.cif,0.1775
/mnt/data/admuser/msadepth/compreps/seedrep_cand/protenix/8k46_I/d23/seed4_r0/results/8k46_i/seed_0/predictions/8k46_i_sample_4.cif,8k46_I,seed4_r0,8k46_i_sample_4.cif,0.16704
/mnt/data/admuser/msadepth/compreps/seedrep_cand/protenix/8k46_I/d23/seed4_r1/results/8k46_i/seed_0/predictions/8k46_i_sample_0.cif,8k46_I,seed4_r1,8k46_i_sample_0.cif,0.18652
/mnt/data/admuser/msadepth/compreps/seedrep_cand/protenix/8k46_I/d23/seed4_r1/results/8k46_i/seed_0/predictions/8k46_i_sample_1.cif,8k46_I,seed4_r1,8k46_i_sample_1.cif,0.18589
/mnt/data/admuser/msadepth/compreps/seedrep_cand/protenix/8k46_I/d23/seed4_r1/results/8k46_i/seed_0/predictions/8k46_i_sample_2.cif,8k46_I,seed4_r1,8k46_i_sample_2.cif,0.185
/mnt/data/admuser/msadepth/compreps/seedrep_cand/protenix/8k46_I/d23/seed4_r1/results/8k46_i/seed_0/predictions/8k46_i_sample_3.cif,8k46_I,seed4_r1,8k46_i_sample_3.cif,0.18231
/mnt/data/admuser/msadepth/compreps/seedrep_cand/protenix/8k46_I/d23/seed4_r1/results/8k46_i/seed_0/predictions/8k46_i_sample_4.cif,8k46_I,seed4_r1,8k46_i_sample_4.cif,0.18184
/mnt/data/admuser/msadepth/compreps/seedrep_cand/protenix/8k46_I/d23/seed4_r2/results/8k46_i/seed_0/predictions/8k46_i_sample_0.cif,8k46_I,seed4_r2,8k46_i_sample_0.cif,0.1838
/mnt/data/admuser/msadepth/compreps/seedrep_cand/protenix/8k46_I/d23/seed4_r2/results/8k46_i/seed_0/predictions/8k46_i_sample_1.cif,8k46_I,seed4_r2,8k46_i_sample_1.cif,0.18163
/mnt/data/admuser/msadepth/compreps/seedrep_cand/protenix/8k46_I/d23/seed4_r2/results/8k46_i/seed_0/predictions/8k46_i_sample_2.cif,8k46_I,seed4_r2,8k46_i_sample_2.cif,0.18071
/mnt/data/admuser/msadepth/compreps/seedrep_cand/protenix/8k46_I/d23/seed4_r2/results/8k46_i/seed_0/predictions/8k46_i_sample_3.cif,8k46_I,seed4_r2,8k46_i_sample_3.cif,0.17781
/mnt/data/admuser/msadepth/compreps/seedrep_cand/protenix/8k46_I/d23/seed4_r2/results/8k46_i/seed_0/predictions/8k46_i_sample_4.cif,8k46_I,seed4_r2,8k46_i_sample_4.cif,0.17162
/mnt/data/admuser/msadepth/compreps/seedrep_cand/protenix/8k46_I/d23/seed4_r3/results/8k46_i/seed_0/predictions/8k46_i_sample_0.cif,8k46_I,seed4_r3,8k46_i_sample_0.cif,0.18003
/mnt/data/admuser/msadepth/compreps/seedrep_cand/protenix/8k46_I/d23/seed4_r3/results/8k46_i/seed_0/predictions/8k46_i_sample_1.cif,8k46_I,seed4_r3,8k46_i_sample_1.cif,0.17988
/mnt/data/admuser/msadepth/compreps/seedrep_cand/protenix/8k46_I/d23/seed4_r3/results/8k46_i/seed_0/predictions/8k46_i_sample_2.cif,8k46_I,seed4_r3,8k46_i_sample_2.cif,0.18015
/mnt/data/admuser/msadepth/compreps/seedrep_cand/protenix/8k46_I/d23/seed4_r3/results/8k46_i/seed_0/predictions/8k46_i_sample_3.cif,8k46_I,seed4_r3,8k46_i_sample_3.cif,0.17865
/mnt/data/admuser/msadepth/compreps/seedrep_cand/protenix/8k46_I/d23/seed4_r3/results/8k46_i/seed_0/predictions/8k46_i_sample_4.cif,8k46_I,seed4_r3,8k46_i_sample_4.cif,0.16976
/mnt/data/admuser/msadepth/compreps/seedrep_cand/protenix/8k46_I/d23/seed5_r0/results/8k46_i/seed_0/predictions/8k46_i_sample_0.cif,8k46_I,seed5_r0,8k46_i_sample_0.cif,0.16097
/mnt/data/admuser/msadepth/compreps/seedrep_cand/protenix/8k46_I/d23/seed5_r0/results/8k46_i/seed_0/predictions/8k46_i_sample_1.cif,8k46_I,seed5_r0,8k46_i_sample_1.cif,0.15985
/mnt/data/admuser/msadepth/compreps/seedrep_cand/protenix/8k46_I/d23/seed5_r0/results/8k46_i/seed_0/predictions/8k46_i_sample_2.cif,8k46_I,seed5_r0,8k46_i_sample_2.cif,0.15955
/mnt/data/admuser/msadepth/compreps/seedrep_cand/protenix/8k46_I/d23/seed5_r0/results/8k46_i/seed_0/predictions/8k46_i_sample_3.cif,8k46_I,seed5_r0,8k46_i_sample_3.cif,0.15488
/mnt/data/admuser/msadepth/compreps/seedrep_cand/protenix/8k46_I/d23/seed5_r0/results/8k46_i/seed_0/predictions/8k46_i_sample_4.cif,8k46_I,seed5_r0,8k46_i_sample_4.cif,0.15451
/mnt/data/admuser/msadepth/compreps/seedrep_cand/protenix/8k46_I/d23/seed5_r1/results/8k46_i/seed_0/predictions/8k46_i_sample_0.cif,8k46_I,seed5_r1,8k46_i_sample_0.cif,0.18605
/mnt/data/admuser/msadepth/compreps/seedrep_cand/protenix/8k46_I/d23/seed5_r1/results/8k46_i/seed_0/predictions/8k46_i_sample_1.cif,8k46_I,seed5_r1,8k46_i_sample_1.cif,0.18242
/mnt/data/admuser/msadepth/compreps/seedrep_cand/protenix/8k46_I/d23/seed5_r1/results/8k46_i/seed_0/predictions/8k46_i_sample_2.cif,8k46_I,seed5_r1,8k46_i_sample_2.cif,0.18128
/mnt/data/admuser/msadepth/compreps/seedrep_cand/protenix/8k46_I/d23/seed5_r1/results/8k46_i/seed_0/predictions/8k46_i_sample_3.cif,8k46_I,seed5_r1,8k46_i_sample_3.cif,0.18111
/mnt/data/admuser/msadepth/compreps/seedrep_cand/protenix/8k46_I/d23/seed5_r1/results/8k46_i/seed_0/predictions/8k46_i_sample_4.cif,8k46_I,seed5_r1,8k46_i_sample_4.cif,0.16918
/mnt/data/admuser/msadepth/compreps/seedrep_cand/protenix/8k46_I/d23/seed5_r2/results/8k46_i/seed_0/predictions/8k46_i_sample_0.cif,8k46_I,seed5_r2,8k46_i_sample_0.cif,0.18265
/mnt/data/admuser/msadepth/compreps/seedrep_cand/protenix/8k46_I/d23/seed5_r2/results/8k46_i/seed_0/predictions/8k46_i_sample_1.cif,8k46_I,seed5_r2,8k46_i_sample_1.cif,0.17908
/mnt/data/admuser/msadepth/compreps/seedrep_cand/protenix/8k46_I/d23/seed5_r2/results/8k46_i/seed_0/predictions/8k46_i_sample_2.cif,8k46_I,seed5_r2,8k46_i_sample_2.cif,0.17629
/mnt/data/admuser/msadepth/compreps/seedrep_cand/protenix/8k46_I/d23/seed5_r2/results/8k46_i/seed_0/predictions/8k46_i_sample_3.cif,8k46_I,seed5_r2,8k46_i_sample_3.cif,0.17384
/mnt/data/admuser/msadepth/compreps/seedrep_cand/protenix/8k46_I/d23/seed5_r2/results/8k46_i/seed_0/predictions/8k46_i_sample_4.cif,8k46_I,seed5_r2,8k46_i_sample_4.cif,0.17148
/mnt/data/admuser/msadepth/compreps/seedrep_cand/protenix/8k46_I/d23/seed5_r3/results/8k46_i/seed_0/predictions/8k46_i_sample_0.cif,8k46_I,seed5_r3,8k46_i_sample_0.cif,0.17582
/mnt/data/admuser/msadepth/compreps/seedrep_cand/protenix/8k46_I/d23/seed5_r3/results/8k46_i/seed_0/predictions/8k46_i_sample_1.cif,8k46_I,seed5_r3,8k46_i_sample_1.cif,0.17223
/mnt/data/admuser/msadepth/compreps/seedrep_cand/protenix/8k46_I/d23/seed5_r3/results/8k46_i/seed_0/predictions/8k46_i_sample_2.cif,8k46_I,seed5_r3,8k46_i_sample_2.cif,0.16514
/mnt/data/admuser/msadepth/compreps/seedrep_cand/protenix/8k46_I/d23/seed5_r3/results/8k46_i/seed_0/predictions/8k46_i_sample_3.cif,8k46_I,seed5_r3,8k46_i_sample_3.cif,0.16259
/mnt/data/admuser/msadepth/compreps/seedrep_cand/protenix/8k46_I/d23/seed5_r3/results/8k46_i/seed_0/predictions/8k46_i_sample_4.cif,8k46_I,seed5_r3,8k46_i_sample_4.cif,0.15999
/mnt/data/admuser/msadepth/compreps/seedrep_cand/protenix/8k46_I/d23/seedfull_r0/results/8k46_i/seed_0/predictions/8k46_i_sample_0.cif,8k46_I,seedfull_r0,8k46_i_sample_0.cif,0.18853
/mnt/data/admuser/msadepth/compreps/seedrep_cand/protenix/8k46_I/d23/seedfull_r0/results/8k46_i/seed_0/predictions/8k46_i_sample_1.cif,8k46_I,seedfull_r0,8k46_i_sample_1.cif,0.18362
/mnt/data/admuser/msadepth/compreps/seedrep_cand/protenix/8k46_I/d23/seedfull_r0/results/8k46_i/seed_0/predictions/8k46_i_sample_2.cif,8k46_I,seedfull_r0,8k46_i_sample_2.cif,0.18346
/mnt/data/admuser/msadepth/compreps/seedrep_cand/protenix/8k46_I/d23/seedfull_r0/results/8k46_i/seed_0/predictions/8k46_i_sample_3.cif,8k46_I,seedfull_r0,8k46_i_sample_3.cif,0.18201
/mnt/data/admuser/msadepth/compreps/seedrep_cand/protenix/8k46_I/d23/seedfull_r0/results/8k46_i/seed_0/predictions/8k46_i_sample_4.cif,8k46_I,seedfull_r0,8k46_i_sample_4.cif,0.17935
/mnt/data/admuser/msadepth/compreps/seedrep_cand/protenix/8k46_I/d23/seedfull_r1/results/8k46_i/seed_0/predictions/8k46_i_sample_0.cif,8k46_I,seedfull_r1,8k46_i_sample_0.cif,0.18697
/mnt/data/admuser/msadepth/compreps/seedrep_cand/protenix/8k46_I/d23/seedfull_r1/results/8k46_i/seed_0/predictions/8k46_i_sample_1.cif,8k46_I,seedfull_r1,8k46_i_sample_1.cif,0.18401
/mnt/data/admuser/msadepth/compreps/seedrep_cand/protenix/8k46_I/d23/seedfull_r1/results/8k46_i/seed_0/predictions/8k46_i_sample_2.cif,8k46_I,seedfull_r1,8k46_i_sample_2.cif,0.18172
/mnt/data/admuser/msadepth/compreps/seedrep_cand/protenix/8k46_I/d23/seedfull_r1/results/8k46_i/seed_0/predictions/8k46_i_sample_3.cif,8k46_I,seedfull_r1,8k46_i_sample_3.cif,0.18095
/mnt/data/admuser/msadepth/compreps/seedrep_cand/protenix/8k46_I/d23/seedfull_r1/results/8k46_i/seed_0/predictions/8k46_i_sample_4.cif,8k46_I,seedfull_r1,8k46_i_sample_4.cif,0.1812
/mnt/data/admuser/msadepth/compreps/seedrep_cand/protenix/8k46_I/d23/seedfull_r10/results/8k46_i/seed_0/predictions/8k46_i_sample_0.cif,8k46_I,seedfull_r10,8k46_i_sample_0.cif,0.19214
/mnt/data/admuser/msadepth/compreps/seedrep_cand/protenix/8k46_I/d23/seedfull_r10/results/8k46_i/seed_0/predictions/8k46_i_sample_1.cif,8k46_I,seedfull_r10,8k46_i_sample_1.cif,0.18585
/mnt/data/admuser/msadepth/compreps/seedrep_cand/protenix/8k46_I/d23/seedfull_r10/results/8k46_i/seed_0/predictions/8k46_i_sample_2.cif,8k46_I,seedfull_r10,8k46_i_sample_2.cif,0.18566
/mnt/data/admuser/msadepth/compreps/seedrep_cand/protenix/8k46_I/d23/seedfull_r10/results/8k46_i/seed_0/predictions/8k46_i_sample_3.cif,8k46_I,seedfull_r10,8k46_i_sample_3.cif,0.18377
/mnt/data/admuser/msadepth/compreps/seedrep_cand/protenix/8k46_I/d23/seedfull_r10/results/8k46_i/seed_0/predictions/8k46_i_sample_4.cif,8k46_I,seedfull_r10,8k46_i_sample_4.cif,0.18299
/mnt/data/admuser/msadepth/compreps/seedrep_cand/protenix/8k46_I/d23/seedfull_r11/results/8k46_i/seed_0/predictions/8k46_i_sample_0.cif,8k46_I,seedfull_r11,8k46_i_sample_0.cif,0.18776
/mnt/data/admuser/msadepth/compreps/seedrep_cand/protenix/8k46_I/d23/seedfull_r11/results/8k46_i/seed_0/predictions/8k46_i_sample_1.cif,8k46_I,seedfull_r11,8k46_i_sample_1.cif,0.18508
/mnt/data/admuser/msadepth/compreps/seedrep_cand/protenix/8k46_I/d23/seedfull_r11/results/8k46_i/seed_0/predictions/8k46_i_sample_2.cif,8k46_I,seedfull_r11,8k46_i_sample_2.cif,0.18224
/mnt/data/admuser/msadepth/compreps/seedrep_cand/protenix/8k46_I/d23/seedfull_r11/results/8k46_i/seed_0/predictions/8k46_i_sample_3.cif,8k46_I,seedfull_r11,8k46_i_sample_3.cif,0.182
/mnt/data/admuser/msadepth/compreps/seedrep_cand/protenix/8k46_I/d23/seedfull_r11/results/8k46_i/seed_0/predictions/8k46_i_sample_4.cif,8k46_I,seedfull_r11,8k46_i_sample_4.cif,0.18142
/mnt/data/admuser/msadepth/compreps/seedrep_cand/protenix/8k46_I/d23/seedfull_r12/results/8k46_i/seed_0/predictions/8k46_i_sample_0.cif,8k46_I,seedfull_r12,8k46_i_sample_0.cif,0.18586
/mnt/data/admuser/msadepth/compreps/seedrep_cand/protenix/8k46_I/d23/seedfull_r12/results/8k46_i/seed_0/predictions/8k46_i_sample_1.cif,8k46_I,seedfull_r12,8k46_i_sample_1.cif,0.18444
/mnt/data/admuser/msadepth/compreps/seedrep_cand/protenix/8k46_I/d23/seedfull_r12/results/8k46_i/seed_0/predictions/8k46_i_sample_2.cif,8k46_I,seedfull_r12,8k46_i_sample_2.cif,0.1808
/mnt/data/admuser/msadepth/compreps/seedrep_cand/protenix/8k46_I/d23/seedfull_r12/results/8k46_i/seed_0/predictions/8k46_i_sample_3.cif,8k46_I,seedfull_r12,8k46_i_sample_3.cif,0.17945
/mnt/data/admuser/msadepth/compreps/seedrep_cand/protenix/8k46_I/d23/seedfull_r12/results/8k46_i/seed_0/predictions/8k46_i_sample_4.cif,8k46_I,seedfull_r12,8k46_i_sample_4.cif,0.17961
/mnt/data/admuser/msadepth/compreps/seedrep_cand/protenix/8k46_I/d23/seedfull_r13/results/8k46_i/seed_0/predictions/8k46_i_sample_0.cif,8k46_I,seedfull_r13,8k46_i_sample_0.cif,0.18615
/mnt/data/admuser/msadepth/compreps/seedrep_cand/protenix/8k46_I/d23/seedfull_r13/results/8k46_i/seed_0/predictions/8k46_i_sample_1.cif,8k46_I,seedfull_r13,8k46_i_sample_1.cif,0.18208
/mnt/data/admuser/msadepth/compreps/seedrep_cand/protenix/8k46_I/d23/seedfull_r13/results/8k46_i/seed_0/predictions/8k46_i_sample_2.cif,8k46_I,seedfull_r13,8k46_i_sample_2.cif,0.17961
/mnt/data/admuser/msadepth/compreps/seedrep_cand/protenix/8k46_I/d23/seedfull_r13/results/8k46_i/seed_0/predictions/8k46_i_sample_3.cif,8k46_I,seedfull_r13,8k46_i_sample_3.cif,0.17994
/mnt/data/admuser/msadepth/compreps/seedrep_cand/protenix/8k46_I/d23/seedfull_r13/results/8k46_i/seed_0/predictions/8k46_i_sample_4.cif,8k46_I,seedfull_r13,8k46_i_sample_4.cif,0.17965
/mnt/data/admuser/msadepth/compreps/seedrep_cand/protenix/8k46_I/d23/seedfull_r14/results/8k46_i/seed_0/predictions/8k46_i_sample_0.cif,8k46_I,seedfull_r14,8k46_i_sample_0.cif,0.18673
/mnt/data/admuser/msadepth/compreps/seedrep_cand/protenix/8k46_I/d23/seedfull_r14/results/8k46_i/seed_0/predictions/8k46_i_sample_1.cif,8k46_I,seedfull_r14,8k46_i_sample_1.cif,0.18628
/mnt/data/admuser/msadepth/compreps/seedrep_cand/protenix/8k46_I/d23/seedfull_r14/results/8k46_i/seed_0/predictions/8k46_i_sample_2.cif,8k46_I,seedfull_r14,8k46_i_sample_2.cif,0.18356
/mnt/data/admuser/msadepth/compreps/seedrep_cand/protenix/8k46_I/d23/seedfull_r14/results/8k46_i/seed_0/predictions/8k46_i_sample_3.cif,8k46_I,seedfull_r14,8k46_i_sample_3.cif,0.18294
/mnt/data/admuser/msadepth/compreps/seedrep_cand/protenix/8k46_I/d23/seedfull_r14/results/8k46_i/seed_0/predictions/8k46_i_sample_4.cif,8k46_I,seedfull_r14,8k46_i_sample_4.cif,0.18135
/mnt/data/admuser/msadepth/compreps/seedrep_cand/protenix/8k46_I/d23/seedfull_r15/results/8k46_i/seed_0/predictions/8k46_i_sample_0.cif,8k46_I,seedfull_r15,8k46_i_sample_0.cif,0.19158
/mnt/data/admuser/msadepth/compreps/seedrep_cand/protenix/8k46_I/d23/seedfull_r15/results/8k46_i/seed_0/predictions/8k46_i_sample_1.cif,8k46_I,seedfull_r15,8k46_i_sample_1.cif,0.18842
/mnt/data/admuser/msadepth/compreps/seedrep_cand/protenix/8k46_I/d23/seedfull_r15/results/8k46_i/seed_0/predictions/8k46_i_sample_2.cif,8k46_I,seedfull_r15,8k46_i_sample_2.cif,0.18566
/mnt/data/admuser/msadepth/compreps/seedrep_cand/protenix/8k46_I/d23/seedfull_r15/results/8k46_i/seed_0/predictions/8k46_i_sample_3.cif,8k46_I,seedfull_r15,8k46_i_sample_3.cif,0.18311
/mnt/data/admuser/msadepth/compreps/seedrep_cand/protenix/8k46_I/d23/seedfull_r15/results/8k46_i/seed_0/predictions/8k46_i_sample_4.cif,8k46_I,seedfull_r15,8k46_i_sample_4.cif,0.18243
/mnt/data/admuser/msadepth/compreps/seedrep_cand/protenix/8k46_I/d23/seedfull_r16/results/8k46_i/seed_0/predictions/8k46_i_sample_0.cif,8k46_I,seedfull_r16,8k46_i_sample_0.cif,0.18635
/mnt/data/admuser/msadepth/compreps/seedrep_cand/protenix/8k46_I/d23/seedfull_r16/results/8k46_i/seed_0/predictions/8k46_i_sample_1.cif,8k46_I,seedfull_r16,8k46_i_sample_1.cif,0.18164
/mnt/data/admuser/msadepth/compreps/seedrep_cand/protenix/8k46_I/d23/seedfull_r16/results/8k46_i/seed_0/predictions/8k46_i_sample_2.cif,8k46_I,seedfull_r16,8k46_i_sample_2.cif,0.18144
/mnt/data/admuser/msadepth/compreps/seedrep_cand/protenix/8k46_I/d23/seedfull_r16/results/8k46_i/seed_0/predictions/8k46_i_sample_3.cif,8k46_I,seedfull_r16,8k46_i_sample_3.cif,0.18179
/mnt/data/admuser/msadepth/compreps/seedrep_cand/protenix/8k46_I/d23/seedfull_r16/results/8k46_i/seed_0/predictions/8k46_i_sample_4.cif,8k46_I,seedfull_r16,8k46_i_sample_4.cif,0.18146
/mnt/data/admuser/msadepth/compreps/seedrep_cand/protenix/8k46_I/d23/seedfull_r17/results/8k46_i/seed_0/predictions/8k46_i_sample_0.cif,8k46_I,seedfull_r17,8k46_i_sample_0.cif,0.1849
/mnt/data/admuser/msadepth/compreps/seedrep_cand/protenix/8k46_I/d23/seedfull_r17/results/8k46_i/seed_0/predictions/8k46_i_sample_1.cif,8k46_I,seedfull_r17,8k46_i_sample_1.cif,0.18412
/mnt/data/admuser/msadepth/compreps/seedrep_cand/protenix/8k46_I/d23/seedfull_r17/results/8k46_i/seed_0/predictions/8k46_i_sample_2.cif,8k46_I,seedfull_r17,8k46_i_sample_2.cif,0.18118
/mnt/data/admuser/msadepth/compreps/seedrep_cand/protenix/8k46_I/d23/seedfull_r17/results/8k46_i/seed_0/predictions/8k46_i_sample_3.cif,8k46_I,seedfull_r17,8k46_i_sample_3.cif,0.18113
/mnt/data/admuser/msadepth/compreps/seedrep_cand/protenix/8k46_I/d23/seedfull_r17/results/8k46_i/seed_0/predictions/8k46_i_sample_4.cif,8k46_I,seedfull_r17,8k46_i_sample_4.cif,0.1806
/mnt/data/admuser/msadepth/compreps/seedrep_cand/protenix/8k46_I/d23/seedfull_r18/results/8k46_i/seed_0/predictions/8k46_i_sample_0.cif,8k46_I,seedfull_r18,8k46_i_sample_0.cif,0.18813
/mnt/data/admuser/msadepth/compreps/seedrep_cand/protenix/8k46_I/d23/seedfull_r18/results/8k46_i/seed_0/predictions/8k46_i_sample_1.cif,8k46_I,seedfull_r18,8k46_i_sample_1.cif,0.18682
/mnt/data/admuser/msadepth/compreps/seedrep_cand/protenix/8k46_I/d23/seedfull_r18/results/8k46_i/seed_0/predictions/8k46_i_sample_2.cif,8k46_I,seedfull_r18,8k46_i_sample_2.cif,0.18465
/mnt/data/admuser/msadepth/compreps/seedrep_cand/protenix/8k46_I/d23/seedfull_r18/results/8k46_i/seed_0/predictions/8k46_i_sample_3.cif,8k46_I,seedfull_r18,8k46_i_sample_3.cif,0.18312
/mnt/data/admuser/msadepth/compreps/seedrep_cand/protenix/8k46_I/d23/seedfull_r18/results/8k46_i/seed_0/predictions/8k46_i_sample_4.cif,8k46_I,seedfull_r18,8k46_i_sample_4.cif,0.18342
/mnt/data/admuser/msadepth/compreps/seedrep_cand/protenix/8k46_I/d23/seedfull_r19/results/8k46_i/seed_0/predictions/8k46_i_sample_0.cif,8k46_I,seedfull_r19,8k46_i_sample_0.cif,0.18694
/mnt/data/admuser/msadepth/compreps/seedrep_cand/protenix/8k46_I/d23/seedfull_r19/results/8k46_i/seed_0/predictions/8k46_i_sample_1.cif,8k46_I,seedfull_r19,8k46_i_sample_1.cif,0.18371
/mnt/data/admuser/msadepth/compreps/seedrep_cand/protenix/8k46_I/d23/seedfull_r19/results/8k46_i/seed_0/predictions/8k46_i_sample_2.cif,8k46_I,seedfull_r19,8k46_i_sample_2.cif,0.18366
/mnt/data/admuser/msadepth/compreps/seedrep_cand/protenix/8k46_I/d23/seedfull_r19/results/8k46_i/seed_0/predictions/8k46_i_sample_3.cif,8k46_I,seedfull_r19,8k46_i_sample_3.cif,0.18117
/mnt/data/admuser/msadepth/compreps/seedrep_cand/protenix/8k46_I/d23/seedfull_r19/results/8k46_i/seed_0/predictions/8k46_i_sample_4.cif,8k46_I,seedfull_r19,8k46_i_sample_4.cif,0.17914
/mnt/data/admuser/msadepth/compreps/seedrep_cand/protenix/8k46_I/d23/seedfull_r2/results/8k46_i/seed_0/predictions/8k46_i_sample_0.cif,8k46_I,seedfull_r2,8k46_i_sample_0.cif,0.18691
/mnt/data/admuser/msadepth/compreps/seedrep_cand/protenix/8k46_I/d23/seedfull_r2/results/8k46_i/seed_0/predictions/8k46_i_sample_1.cif,8k46_I,seedfull_r2,8k46_i_sample_1.cif,0.1833
/mnt/data/admuser/msadepth/compreps/seedrep_cand/protenix/8k46_I/d23/seedfull_r2/results/8k46_i/seed_0/predictions/8k46_i_sample_2.cif,8k46_I,seedfull_r2,8k46_i_sample_2.cif,0.18303
/mnt/data/admuser/msadepth/compreps/seedrep_cand/protenix/8k46_I/d23/seedfull_r2/results/8k46_i/seed_0/predictions/8k46_i_sample_3.cif,8k46_I,seedfull_r2,8k46_i_sample_3.cif,0.18173
/mnt/data/admuser/msadepth/compreps/seedrep_cand/protenix/8k46_I/d23/seedfull_r2/results/8k46_i/seed_0/predictions/8k46_i_sample_4.cif,8k46_I,seedfull_r2,8k46_i_sample_4.cif,0.17828
/mnt/data/admuser/msadepth/compreps/seedrep_cand/protenix/8k46_I/d23/seedfull_r3/results/8k46_i/seed_0/predictions/8k46_i_sample_0.cif,8k46_I,seedfull_r3,8k46_i_sample_0.cif,0.18722
/mnt/data/admuser/msadepth/compreps/seedrep_cand/protenix/8k46_I/d23/seedfull_r3/results/8k46_i/seed_0/predictions/8k46_i_sample_1.cif,8k46_I,seedfull_r3,8k46_i_sample_1.cif,0.18506
/mnt/data/admuser/msadepth/compreps/seedrep_cand/protenix/8k46_I/d23/seedfull_r3/results/8k46_i/seed_0/predictions/8k46_i_sample_2.cif,8k46_I,seedfull_r3,8k46_i_sample_2.cif,0.18021
/mnt/data/admuser/msadepth/compreps/seedrep_cand/protenix/8k46_I/d23/seedfull_r3/results/8k46_i/seed_0/predictions/8k46_i_sample_3.cif,8k46_I,seedfull_r3,8k46_i_sample_3.cif,0.17986
/mnt/data/admuser/msadepth/compreps/seedrep_cand/protenix/8k46_I/d23/seedfull_r3/results/8k46_i/seed_0/predictions/8k46_i_sample_4.cif,8k46_I,seedfull_r3,8k46_i_sample_4.cif,0.1795
/mnt/data/admuser/msadepth/compreps/seedrep_cand/protenix/8k46_I/d23/seedfull_r4/results/8k46_i/seed_0/predictions/8k46_i_sample_0.cif,8k46_I,seedfull_r4,8k46_i_sample_0.cif,0.18591
/mnt/data/admuser/msadepth/compreps/seedrep_cand/protenix/8k46_I/d23/seedfull_r4/results/8k46_i/seed_0/predictions/8k46_i_sample_1.cif,8k46_I,seedfull_r4,8k46_i_sample_1.cif,0.18543
/mnt/data/admuser/msadepth/compreps/seedrep_cand/protenix/8k46_I/d23/seedfull_r4/results/8k46_i/seed_0/predictions/8k46_i_sample_2.cif,8k46_I,seedfull_r4,8k46_i_sample_2.cif,0.1843
/mnt/data/admuser/msadepth/compreps/seedrep_cand/protenix/8k46_I/d23/seedfull_r4/results/8k46_i/seed_0/predictions/8k46_i_sample_3.cif,8k46_I,seedfull_r4,8k46_i_sample_3.cif,0.18134
/mnt/data/admuser/msadepth/compreps/seedrep_cand/protenix/8k46_I/d23/seedfull_r4/results/8k46_i/seed_0/predictions/8k46_i_sample_4.cif,8k46_I,seedfull_r4,8k46_i_sample_4.cif,0.17949
/mnt/data/admuser/msadepth/compreps/seedrep_cand/protenix/8k46_I/d23/seedfull_r5/results/8k46_i/seed_0/predictions/8k46_i_sample_0.cif,8k46_I,seedfull_r5,8k46_i_sample_0.cif,0.18635
/mnt/data/admuser/msadepth/compreps/seedrep_cand/protenix/8k46_I/d23/seedfull_r5/results/8k46_i/seed_0/predictions/8k46_i_sample_1.cif,8k46_I,seedfull_r5,8k46_i_sample_1.cif,0.185
/mnt/data/admuser/msadepth/compreps/seedrep_cand/protenix/8k46_I/d23/seedfull_r5/results/8k46_i/seed_0/predictions/8k46_i_sample_2.cif,8k46_I,seedfull_r5,8k46_i_sample_2.cif,0.18484
/mnt/data/admuser/msadepth/compreps/seedrep_cand/protenix/8k46_I/d23/seedfull_r5/results/8k46_i/seed_0/predictions/8k46_i_sample_3.cif,8k46_I,seedfull_r5,8k46_i_sample_3.cif,0.18306
/mnt/data/admuser/msadepth/compreps/seedrep_cand/protenix/8k46_I/d23/seedfull_r5/results/8k46_i/seed_0/predictions/8k46_i_sample_4.cif,8k46_I,seedfull_r5,8k46_i_sample_4.cif,0.18124
/mnt/data/admuser/msadepth/compreps/seedrep_cand/protenix/8k46_I/d23/seedfull_r6/results/8k46_i/seed_0/predictions/8k46_i_sample_0.cif,8k46_I,seedfull_r6,8k46_i_sample_0.cif,0.18668
/mnt/data/admuser/msadepth/compreps/seedrep_cand/protenix/8k46_I/d23/seedfull_r6/results/8k46_i/seed_0/predictions/8k46_i_sample_1.cif,8k46_I,seedfull_r6,8k46_i_sample_1.cif,0.18081
/mnt/data/admuser/msadepth/compreps/seedrep_cand/protenix/8k46_I/d23/seedfull_r6/results/8k46_i/seed_0/predictions/8k46_i_sample_2.cif,8k46_I,seedfull_r6,8k46_i_sample_2.cif,0.18093
/mnt/data/admuser/msadepth/compreps/seedrep_cand/protenix/8k46_I/d23/seedfull_r6/results/8k46_i/seed_0/predictions/8k46_i_sample_3.cif,8k46_I,seedfull_r6,8k46_i_sample_3.cif,0.18047
/mnt/data/admuser/msadepth/compreps/seedrep_cand/protenix/8k46_I/d23/seedfull_r6/results/8k46_i/seed_0/predictions/8k46_i_sample_4.cif,8k46_I,seedfull_r6,8k46_i_sample_4.cif,0.18034
/mnt/data/admuser/msadepth/compreps/seedrep_cand/protenix/8k46_I/d23/seedfull_r7/results/8k46_i/seed_0/predictions/8k46_i_sample_0.cif,8k46_I,seedfull_r7,8k46_i_sample_0.cif,0.18743
/mnt/data/admuser/msadepth/compreps/seedrep_cand/protenix/8k46_I/d23/seedfull_r7/results/8k46_i/seed_0/predictions/8k46_i_sample_1.cif,8k46_I,seedfull_r7,8k46_i_sample_1.cif,0.18292
/mnt/data/admuser/msadepth/compreps/seedrep_cand/protenix/8k46_I/d23/seedfull_r7/results/8k46_i/seed_0/predictions/8k46_i_sample_2.cif,8k46_I,seedfull_r7,8k46_i_sample_2.cif,0.18229
/mnt/data/admuser/msadepth/compreps/seedrep_cand/protenix/8k46_I/d23/seedfull_r7/results/8k46_i/seed_0/predictions/8k46_i_sample_3.cif,8k46_I,seedfull_r7,8k46_i_sample_3.cif,0.18143
/mnt/data/admuser/msadepth/compreps/seedrep_cand/protenix/8k46_I/d23/seedfull_r7/results/8k46_i/seed_0/predictions/8k46_i_sample_4.cif,8k46_I,seedfull_r7,8k46_i_sample_4.cif,0.17845
/mnt/data/admuser/msadepth/compreps/seedrep_cand/protenix/8k46_I/d23/seedfull_r8/results/8k46_i/seed_0/predictions/8k46_i_sample_0.cif,8k46_I,seedfull_r8,8k46_i_sample_0.cif,0.18661
/mnt/data/admuser/msadepth/compreps/seedrep_cand/protenix/8k46_I/d23/seedfull_r8/results/8k46_i/seed_0/predictions/8k46_i_sample_1.cif,8k46_I,seedfull_r8,8k46_i_sample_1.cif,0.18182
/mnt/data/admuser/msadepth/compreps/seedrep_cand/protenix/8k46_I/d23/seedfull_r8/results/8k46_i/seed_0/predictions/8k46_i_sample_2.cif,8k46_I,seedfull_r8,8k46_i_sample_2.cif,0.18129
/mnt/data/admuser/msadepth/compreps/seedrep_cand/protenix/8k46_I/d23/seedfull_r8/results/8k46_i/seed_0/predictions/8k46_i_sample_3.cif,8k46_I,seedfull_r8,8k46_i_sample_3.cif,0.1814
/mnt/data/admuser/msadepth/compreps/seedrep_cand/protenix/8k46_I/d23/seedfull_r8/results/8k46_i/seed_0/predictions/8k46_i_sample_4.cif,8k46_I,seedfull_r8,8k46_i_sample_4.cif,0.17943
/mnt/data/admuser/msadepth/compreps/seedrep_cand/protenix/8k46_I/d23/seedfull_r9/results/8k46_i/seed_0/predictions/8k46_i_sample_0.cif,8k46_I,seedfull_r9,8k46_i_sample_0.cif,0.19129
/mnt/data/admuser/msadepth/compreps/seedrep_cand/protenix/8k46_I/d23/seedfull_r9/results/8k46_i/seed_0/predictions/8k46_i_sample_1.cif,8k46_I,seedfull_r9,8k46_i_sample_1.cif,0.1876
/mnt/data/admuser/msadepth/compreps/seedrep_cand/protenix/8k46_I/d23/seedfull_r9/results/8k46_i/seed_0/predictions/8k46_i_sample_2.cif,8k46_I,seedfull_r9,8k46_i_sample_2.cif,0.18454
/mnt/data/admuser/msadepth/compreps/seedrep_cand/protenix/8k46_I/d23/seedfull_r9/results/8k46_i/seed_0/predictions/8k46_i_sample_3.cif,8k46_I,seedfull_r9,8k46_i_sample_3.cif,0.18167
/mnt/data/admuser/msadepth/compreps/seedrep_cand/protenix/8k46_I/d23/seedfull_r9/results/8k46_i/seed_0/predictions/8k46_i_sample_4.cif,8k46_I,seedfull_r9,8k46_i_sample_4.cif,0.18091
/mnt/data/admuser/msadepth/compreps/seedrep_cand/protenix/8k5g_HL/d58/seed0_r0/results/8k5g_hl/seed_0/predictions/8k5g_hl_sample_0.cif,8k5g_HL,seed0_r0,8k5g_hl_sample_0.cif,0.41471
/mnt/data/admuser/msadepth/compreps/seedrep_cand/protenix/8k5g_HL/d58/seed0_r0/results/8k5g_hl/seed_0/predictions/8k5g_hl_sample_1.cif,8k5g_HL,seed0_r0,8k5g_hl_sample_1.cif,0.41469
/mnt/data/admuser/msadepth/compreps/seedrep_cand/protenix/8k5g_HL/d58/seed0_r0/results/8k5g_hl/seed_0/predictions/8k5g_hl_sample_2.cif,8k5g_HL,seed0_r0,8k5g_hl_sample_2.cif,0.41458
/mnt/data/admuser/msadepth/compreps/seedrep_cand/protenix/8k5g_HL/d58/seed0_r0/results/8k5g_hl/seed_0/predictions/8k5g_hl_sample_3.cif,8k5g_HL,seed0_r0,8k5g_hl_sample_3.cif,0.40996
/mnt/data/admuser/msadepth/compreps/seedrep_cand/protenix/8k5g_HL/d58/seed0_r0/results/8k5g_hl/seed_0/predictions/8k5g_hl_sample_4.cif,8k5g_HL,seed0_r0,8k5g_hl_sample_4.cif,0.40911
/mnt/data/admuser/msadepth/compreps/seedrep_cand/protenix/8k5g_HL/d58/seed1_r0/results/8k5g_hl/seed_0/predictions/8k5g_hl_sample_0.cif,8k5g_HL,seed1_r0,8k5g_hl_sample_0.cif,0.46401
/mnt/data/admuser/msadepth/compreps/seedrep_cand/protenix/8k5g_HL/d58/seed1_r0/results/8k5g_hl/seed_0/predictions/8k5g_hl_sample_1.cif,8k5g_HL,seed1_r0,8k5g_hl_sample_1.cif,0.4638
/mnt/data/admuser/msadepth/compreps/seedrep_cand/protenix/8k5g_HL/d58/seed1_r0/results/8k5g_hl/seed_0/predictions/8k5g_hl_sample_2.cif,8k5g_HL,seed1_r0,8k5g_hl_sample_2.cif,0.4617
/mnt/data/admuser/msadepth/compreps/seedrep_cand/protenix/8k5g_HL/d58/seed1_r0/results/8k5g_hl/seed_0/predictions/8k5g_hl_sample_3.cif,8k5g_HL,seed1_r0,8k5g_hl_sample_3.cif,0.46233
/mnt/data/admuser/msadepth/compreps/seedrep_cand/protenix/8k5g_HL/d58/seed1_r0/results/8k5g_hl/seed_0/predictions/8k5g_hl_sample_4.cif,8k5g_HL,seed1_r0,8k5g_hl_sample_4.cif,0.45997
/mnt/data/admuser/msadepth/compreps/seedrep_cand/protenix/8k5g_HL/d58/seed2_r0/results/8k5g_hl/seed_0/predictions/8k5g_hl_sample_0.cif,8k5g_HL,seed2_r0,8k5g_hl_sample_0.cif,0.19159
/mnt/data/admuser/msadepth/compreps/seedrep_cand/protenix/8k5g_HL/d58/seed2_r0/results/8k5g_hl/seed_0/predictions/8k5g_hl_sample_1.cif,8k5g_HL,seed2_r0,8k5g_hl_sample_1.cif,0.18944
/mnt/data/admuser/msadepth/compreps/seedrep_cand/protenix/8k5g_HL/d58/seed2_r0/results/8k5g_hl/seed_0/predictions/8k5g_hl_sample_2.cif,8k5g_HL,seed2_r0,8k5g_hl_sample_2.cif,0.18677
/mnt/data/admuser/msadepth/compreps/seedrep_cand/protenix/8k5g_HL/d58/seed2_r0/results/8k5g_hl/seed_0/predictions/8k5g_hl_sample_3.cif,8k5g_HL,seed2_r0,8k5g_hl_sample_3.cif,0.18252
/mnt/data/admuser/msadepth/compreps/seedrep_cand/protenix/8k5g_HL/d58/seed2_r0/results/8k5g_hl/seed_0/predictions/8k5g_hl_sample_4.cif,8k5g_HL,seed2_r0,8k5g_hl_sample_4.cif,0.18229
/mnt/data/admuser/msadepth/compreps/seedrep_cand/protenix/8k5g_HL/d58/seed3_r0/results/8k5g_hl/seed_0/predictions/8k5g_hl_sample_0.cif,8k5g_HL,seed3_r0,8k5g_hl_sample_0.cif,0.48324
/mnt/data/admuser/msadepth/compreps/seedrep_cand/protenix/8k5g_HL/d58/seed3_r0/results/8k5g_hl/seed_0/predictions/8k5g_hl_sample_1.cif,8k5g_HL,seed3_r0,8k5g_hl_sample_1.cif,0.48294
/mnt/data/admuser/msadepth/compreps/seedrep_cand/protenix/8k5g_HL/d58/seed3_r0/results/8k5g_hl/seed_0/predictions/8k5g_hl_sample_2.cif,8k5g_HL,seed3_r0,8k5g_hl_sample_2.cif,0.4803
/mnt/data/admuser/msadepth/compreps/seedrep_cand/protenix/8k5g_HL/d58/seed3_r0/results/8k5g_hl/seed_0/predictions/8k5g_hl_sample_3.cif,8k5g_HL,seed3_r0,8k5g_hl_sample_3.cif,0.47869
/mnt/data/admuser/msadepth/compreps/seedrep_cand/protenix/8k5g_HL/d58/seed3_r0/results/8k5g_hl/seed_0/predictions/8k5g_hl_sample_4.cif,8k5g_HL,seed3_r0,8k5g_hl_sample_4.cif,0.47542
/mnt/data/admuser/msadepth/compreps/seedrep_cand/protenix/8k5g_HL/d58/seed4_r0/results/8k5g_hl/seed_0/predictions/8k5g_hl_sample_0.cif,8k5g_HL,seed4_r0,8k5g_hl_sample_0.cif,0.21966
/mnt/data/admuser/msadepth/compreps/seedrep_cand/protenix/8k5g_HL/d58/seed4_r0/results/8k5g_hl/seed_0/predictions/8k5g_hl_sample_1.cif,8k5g_HL,seed4_r0,8k5g_hl_sample_1.cif,0.21781
/mnt/data/admuser/msadepth/compreps/seedrep_cand/protenix/8k5g_HL/d58/seed4_r0/results/8k5g_hl/seed_0/predictions/8k5g_hl_sample_2.cif,8k5g_HL,seed4_r0,8k5g_hl_sample_2.cif,0.21726
/mnt/data/admuser/msadepth/compreps/seedrep_cand/protenix/8k5g_HL/d58/seed4_r0/results/8k5g_hl/seed_0/predictions/8k5g_hl_sample_3.cif,8k5g_HL,seed4_r0,8k5g_hl_sample_3.cif,0.2124
/mnt/data/admuser/msadepth/compreps/seedrep_cand/protenix/8k5g_HL/d58/seed4_r0/results/8k5g_hl/seed_0/predictions/8k5g_hl_sample_4.cif,8k5g_HL,seed4_r0,8k5g_hl_sample_4.cif,0.21065
/mnt/data/admuser/msadepth/compreps/seedrep_cand/protenix/8k5g_HL/d58/seedfull_r0/results/8k5g_hl/seed_0/predictions/8k5g_hl_sample_0.cif,8k5g_HL,seedfull_r0,8k5g_hl_sample_0.cif,0.48933
/mnt/data/admuser/msadepth/compreps/seedrep_cand/protenix/8k5g_HL/d58/seedfull_r0/results/8k5g_hl/seed_0/predictions/8k5g_hl_sample_1.cif,8k5g_HL,seedfull_r0,8k5g_hl_sample_1.cif,0.48891
/mnt/data/admuser/msadepth/compreps/seedrep_cand/protenix/8k5g_HL/d58/seedfull_r0/results/8k5g_hl/seed_0/predictions/8k5g_hl_sample_2.cif,8k5g_HL,seedfull_r0,8k5g_hl_sample_2.cif,0.48713
/mnt/data/admuser/msadepth/compreps/seedrep_cand/protenix/8k5g_HL/d58/seedfull_r0/results/8k5g_hl/seed_0/predictions/8k5g_hl_sample_3.cif,8k5g_HL,seedfull_r0,8k5g_hl_sample_3.cif,0.48384
/mnt/data/admuser/msadepth/compreps/seedrep_cand/protenix/8k5g_HL/d58/seedfull_r0/results/8k5g_hl/seed_0/predictions/8k5g_hl_sample_4.cif,8k5g_HL,seedfull_r0,8k5g_hl_sample_4.cif,0.47908
/mnt/data/admuser/msadepth/compreps/seedrep_cand/protenix/8k5g_HL/d58/seedfull_r1/results/8k5g_hl/seed_0/predictions/8k5g_hl_sample_0.cif,8k5g_HL,seedfull_r1,8k5g_hl_sample_0.cif,0.7401
/mnt/data/admuser/msadepth/compreps/seedrep_cand/protenix/8k5g_HL/d58/seedfull_r1/results/8k5g_hl/seed_0/predictions/8k5g_hl_sample_1.cif,8k5g_HL,seedfull_r1,8k5g_hl_sample_1.cif,0.73978
/mnt/data/admuser/msadepth/compreps/seedrep_cand/protenix/8k5g_HL/d58/seedfull_r1/results/8k5g_hl/seed_0/predictions/8k5g_hl_sample_2.cif,8k5g_HL,seedfull_r1,8k5g_hl_sample_2.cif,0.73902
/mnt/data/admuser/msadepth/compreps/seedrep_cand/protenix/8k5g_HL/d58/seedfull_r1/results/8k5g_hl/seed_0/predictions/8k5g_hl_sample_3.cif,8k5g_HL,seedfull_r1,8k5g_hl_sample_3.cif,0.73872
/mnt/data/admuser/msadepth/compreps/seedrep_cand/protenix/8k5g_HL/d58/seedfull_r1/results/8k5g_hl/seed_0/predictions/8k5g_hl_sample_4.cif,8k5g_HL,seedfull_r1,8k5g_hl_sample_4.cif,0.73689
/mnt/data/admuser/msadepth/compreps/seedrep_cand/protenix/8k5g_HL/d58/seedfull_r2/results/8k5g_hl/seed_0/predictions/8k5g_hl_sample_0.cif,8k5g_HL,seedfull_r2,8k5g_hl_sample_0.cif,0.3726
/mnt/data/admuser/msadepth/compreps/seedrep_cand/protenix/8k5g_HL/d58/seedfull_r2/results/8k5g_hl/seed_0/predictions/8k5g_hl_sample_1.cif,8k5g_HL,seedfull_r2,8k5g_hl_sample_1.cif,0.37056
/mnt/data/admuser/msadepth/compreps/seedrep_cand/protenix/8k5g_HL/d58/seedfull_r2/results/8k5g_hl/seed_0/predictions/8k5g_hl_sample_2.cif,8k5g_HL,seedfull_r2,8k5g_hl_sample_2.cif,0.36896
/mnt/data/admuser/msadepth/compreps/seedrep_cand/protenix/8k5g_HL/d58/seedfull_r2/results/8k5g_hl/seed_0/predictions/8k5g_hl_sample_3.cif,8k5g_HL,seedfull_r2,8k5g_hl_sample_3.cif,0.36754
/mnt/data/admuser/msadepth/compreps/seedrep_cand/protenix/8k5g_HL/d58/seedfull_r2/results/8k5g_hl/seed_0/predictions/8k5g_hl_sample_4.cif,8k5g_HL,seedfull_r2,8k5g_hl_sample_4.cif,0.36415
/mnt/data/admuser/msadepth/compreps/seedrep_cand/protenix/8k5g_HL/d58/seedfull_r3/results/8k5g_hl/seed_0/predictions/8k5g_hl_sample_0.cif,8k5g_HL,seedfull_r3,8k5g_hl_sample_0.cif,0.2133
/mnt/data/admuser/msadepth/compreps/seedrep_cand/protenix/8k5g_HL/d58/seedfull_r3/results/8k5g_hl/seed_0/predictions/8k5g_hl_sample_1.cif,8k5g_HL,seedfull_r3,8k5g_hl_sample_1.cif,0.21233
/mnt/data/admuser/msadepth/compreps/seedrep_cand/protenix/8k5g_HL/d58/seedfull_r3/results/8k5g_hl/seed_0/predictions/8k5g_hl_sample_2.cif,8k5g_HL,seedfull_r3,8k5g_hl_sample_2.cif,0.21063
/mnt/data/admuser/msadepth/compreps/seedrep_cand/protenix/8k5g_HL/d58/seedfull_r3/results/8k5g_hl/seed_0/predictions/8k5g_hl_sample_3.cif,8k5g_HL,seedfull_r3,8k5g_hl_sample_3.cif,0.21058
/mnt/data/admuser/msadepth/compreps/seedrep_cand/protenix/8k5g_HL/d58/seedfull_r3/results/8k5g_hl/seed_0/predictions/8k5g_hl_sample_4.cif,8k5g_HL,seedfull_r3,8k5g_hl_sample_4.cif,0.20689
/mnt/data/admuser/msadepth/compreps/seedrep_cand/protenix/8k5g_HL/d58/seedfull_r4/results/8k5g_hl/seed_0/predictions/8k5g_hl_sample_0.cif,8k5g_HL,seedfull_r4,8k5g_hl_sample_0.cif,0.2226
/mnt/data/admuser/msadepth/compreps/seedrep_cand/protenix/8k5g_HL/d58/seedfull_r4/results/8k5g_hl/seed_0/predictions/8k5g_hl_sample_1.cif,8k5g_HL,seedfull_r4,8k5g_hl_sample_1.cif,0.22037
/mnt/data/admuser/msadepth/compreps/seedrep_cand/protenix/8k5g_HL/d58/seedfull_r4/results/8k5g_hl/seed_0/predictions/8k5g_hl_sample_2.cif,8k5g_HL,seedfull_r4,8k5g_hl_sample_2.cif,0.22
/mnt/data/admuser/msadepth/compreps/seedrep_cand/protenix/8k5g_HL/d58/seedfull_r4/results/8k5g_hl/seed_0/predictions/8k5g_hl_sample_3.cif,8k5g_HL,seedfull_r4,8k5g_hl_sample_3.cif,0.21748
/mnt/data/admuser/msadepth/compreps/seedrep_cand/protenix/8k5g_HL/d58/seedfull_r4/results/8k5g_hl/seed_0/predictions/8k5g_hl_sample_4.cif,8k5g_HL,seedfull_r4,8k5g_hl_sample_4.cif,0.2073
/mnt/data/admuser/msadepth/compreps/seedrep_cand/protenix/8k5g_HL/d90/seed0_r0/results/8k5g_hl/seed_0/predictions/8k5g_hl_sample_0.cif,8k5g_HL,seed0_r0,8k5g_hl_sample_0.cif,0.26121
/mnt/data/admuser/msadepth/compreps/seedrep_cand/protenix/8k5g_HL/d90/seed0_r0/results/8k5g_hl/seed_0/predictions/8k5g_hl_sample_1.cif,8k5g_HL,seed0_r0,8k5g_hl_sample_1.cif,0.25353
/mnt/data/admuser/msadepth/compreps/seedrep_cand/protenix/8k5g_HL/d90/seed0_r0/results/8k5g_hl/seed_0/predictions/8k5g_hl_sample_2.cif,8k5g_HL,seed0_r0,8k5g_hl_sample_2.cif,0.24899
/mnt/data/admuser/msadepth/compreps/seedrep_cand/protenix/8k5g_HL/d90/seed0_r0/results/8k5g_hl/seed_0/predictions/8k5g_hl_sample_3.cif,8k5g_HL,seed0_r0,8k5g_hl_sample_3.cif,0.24036
/mnt/data/admuser/msadepth/compreps/seedrep_cand/protenix/8k5g_HL/d90/seed0_r0/results/8k5g_hl/seed_0/predictions/8k5g_hl_sample_4.cif,8k5g_HL,seed0_r0,8k5g_hl_sample_4.cif,0.23561
/mnt/data/admuser/msadepth/compreps/seedrep_cand/protenix/8k5g_HL/d90/seed0_r1/results/8k5g_hl/seed_0/predictions/8k5g_hl_sample_0.cif,8k5g_HL,seed0_r1,8k5g_hl_sample_0.cif,0.70437
/mnt/data/admuser/msadepth/compreps/seedrep_cand/protenix/8k5g_HL/d90/seed0_r1/results/8k5g_hl/seed_0/predictions/8k5g_hl_sample_1.cif,8k5g_HL,seed0_r1,8k5g_hl_sample_1.cif,0.69831
/mnt/data/admuser/msadepth/compreps/seedrep_cand/protenix/8k5g_HL/d90/seed0_r1/results/8k5g_hl/seed_0/predictions/8k5g_hl_sample_2.cif,8k5g_HL,seed0_r1,8k5g_hl_sample_2.cif,0.69698
/mnt/data/admuser/msadepth/compreps/seedrep_cand/protenix/8k5g_HL/d90/seed0_r1/results/8k5g_hl/seed_0/predictions/8k5g_hl_sample_3.cif,8k5g_HL,seed0_r1,8k5g_hl_sample_3.cif,0.69588
/mnt/data/admuser/msadepth/compreps/seedrep_cand/protenix/8k5g_HL/d90/seed0_r1/results/8k5g_hl/seed_0/predictions/8k5g_hl_sample_4.cif,8k5g_HL,seed0_r1,8k5g_hl_sample_4.cif,0.69493
/mnt/data/admuser/msadepth/compreps/seedrep_cand/protenix/8k5g_HL/d90/seed0_r2/results/8k5g_hl/seed_0/predictions/8k5g_hl_sample_0.cif,8k5g_HL,seed0_r2,8k5g_hl_sample_0.cif,0.62968
/mnt/data/admuser/msadepth/compreps/seedrep_cand/protenix/8k5g_HL/d90/seed0_r2/results/8k5g_hl/seed_0/predictions/8k5g_hl_sample_1.cif,8k5g_HL,seed0_r2,8k5g_hl_sample_1.cif,0.62694
/mnt/data/admuser/msadepth/compreps/seedrep_cand/protenix/8k5g_HL/d90/seed0_r2/results/8k5g_hl/seed_0/predictions/8k5g_hl_sample_2.cif,8k5g_HL,seed0_r2,8k5g_hl_sample_2.cif,0.62264
/mnt/data/admuser/msadepth/compreps/seedrep_cand/protenix/8k5g_HL/d90/seed0_r2/results/8k5g_hl/seed_0/predictions/8k5g_hl_sample_3.cif,8k5g_HL,seed0_r2,8k5g_hl_sample_3.cif,0.61948
/mnt/data/admuser/msadepth/compreps/seedrep_cand/protenix/8k5g_HL/d90/seed0_r2/results/8k5g_hl/seed_0/predictions/8k5g_hl_sample_4.cif,8k5g_HL,seed0_r2,8k5g_hl_sample_4.cif,0.60938
/mnt/data/admuser/msadepth/compreps/seedrep_cand/protenix/8k5g_HL/d90/seed0_r3/results/8k5g_hl/seed_0/predictions/8k5g_hl_sample_0.cif,8k5g_HL,seed0_r3,8k5g_hl_sample_0.cif,0.72986
/mnt/data/admuser/msadepth/compreps/seedrep_cand/protenix/8k5g_HL/d90/seed0_r3/results/8k5g_hl/seed_0/predictions/8k5g_hl_sample_1.cif,8k5g_HL,seed0_r3,8k5g_hl_sample_1.cif,0.727
/mnt/data/admuser/msadepth/compreps/seedrep_cand/protenix/8k5g_HL/d90/seed0_r3/results/8k5g_hl/seed_0/predictions/8k5g_hl_sample_2.cif,8k5g_HL,seed0_r3,8k5g_hl_sample_2.cif,0.72547
/mnt/data/admuser/msadepth/compreps/seedrep_cand/protenix/8k5g_HL/d90/seed0_r3/results/8k5g_hl/seed_0/predictions/8k5g_hl_sample_3.cif,8k5g_HL,seed0_r3,8k5g_hl_sample_3.cif,0.72515
/mnt/data/admuser/msadepth/compreps/seedrep_cand/protenix/8k5g_HL/d90/seed0_r3/results/8k5g_hl/seed_0/predictions/8k5g_hl_sample_4.cif,8k5g_HL,seed0_r3,8k5g_hl_sample_4.cif,0.72402
/mnt/data/admuser/msadepth/compreps/seedrep_cand/protenix/8k5g_HL/d90/seed1_r0/results/8k5g_hl/seed_0/predictions/8k5g_hl_sample_0.cif,8k5g_HL,seed1_r0,8k5g_hl_sample_0.cif,0.21594
/mnt/data/admuser/msadepth/compreps/seedrep_cand/protenix/8k5g_HL/d90/seed1_r0/results/8k5g_hl/seed_0/predictions/8k5g_hl_sample_1.cif,8k5g_HL,seed1_r0,8k5g_hl_sample_1.cif,0.2131
/mnt/data/admuser/msadepth/compreps/seedrep_cand/protenix/8k5g_HL/d90/seed1_r0/results/8k5g_hl/seed_0/predictions/8k5g_hl_sample_2.cif,8k5g_HL,seed1_r0,8k5g_hl_sample_2.cif,0.20812
/mnt/data/admuser/msadepth/compreps/seedrep_cand/protenix/8k5g_HL/d90/seed1_r0/results/8k5g_hl/seed_0/predictions/8k5g_hl_sample_3.cif,8k5g_HL,seed1_r0,8k5g_hl_sample_3.cif,0.20703
/mnt/data/admuser/msadepth/compreps/seedrep_cand/protenix/8k5g_HL/d90/seed1_r0/results/8k5g_hl/seed_0/predictions/8k5g_hl_sample_4.cif,8k5g_HL,seed1_r0,8k5g_hl_sample_4.cif,0.19914
/mnt/data/admuser/msadepth/compreps/seedrep_cand/protenix/8k5g_HL/d90/seed1_r1/results/8k5g_hl/seed_0/predictions/8k5g_hl_sample_0.cif,8k5g_HL,seed1_r1,8k5g_hl_sample_0.cif,0.17249
/mnt/data/admuser/msadepth/compreps/seedrep_cand/protenix/8k5g_HL/d90/seed1_r1/results/8k5g_hl/seed_0/predictions/8k5g_hl_sample_1.cif,8k5g_HL,seed1_r1,8k5g_hl_sample_1.cif,0.17245
/mnt/data/admuser/msadepth/compreps/seedrep_cand/protenix/8k5g_HL/d90/seed1_r1/results/8k5g_hl/seed_0/predictions/8k5g_hl_sample_2.cif,8k5g_HL,seed1_r1,8k5g_hl_sample_2.cif,0.17234
/mnt/data/admuser/msadepth/compreps/seedrep_cand/protenix/8k5g_HL/d90/seed1_r1/results/8k5g_hl/seed_0/predictions/8k5g_hl_sample_3.cif,8k5g_HL,seed1_r1,8k5g_hl_sample_3.cif,0.17144
/mnt/data/admuser/msadepth/compreps/seedrep_cand/protenix/8k5g_HL/d90/seed1_r1/results/8k5g_hl/seed_0/predictions/8k5g_hl_sample_4.cif,8k5g_HL,seed1_r1,8k5g_hl_sample_4.cif,0.17106
/mnt/data/admuser/msadepth/compreps/seedrep_cand/protenix/8k5g_HL/d90/seed1_r2/results/8k5g_hl/seed_0/predictions/8k5g_hl_sample_0.cif,8k5g_HL,seed1_r2,8k5g_hl_sample_0.cif,0.67099
/mnt/data/admuser/msadepth/compreps/seedrep_cand/protenix/8k5g_HL/d90/seed1_r2/results/8k5g_hl/seed_0/predictions/8k5g_hl_sample_1.cif,8k5g_HL,seed1_r2,8k5g_hl_sample_1.cif,0.65062
/mnt/data/admuser/msadepth/compreps/seedrep_cand/protenix/8k5g_HL/d90/seed1_r2/results/8k5g_hl/seed_0/predictions/8k5g_hl_sample_2.cif,8k5g_HL,seed1_r2,8k5g_hl_sample_2.cif,0.64885
/mnt/data/admuser/msadepth/compreps/seedrep_cand/protenix/8k5g_HL/d90/seed1_r2/results/8k5g_hl/seed_0/predictions/8k5g_hl_sample_3.cif,8k5g_HL,seed1_r2,8k5g_hl_sample_3.cif,0.64922
/mnt/data/admuser/msadepth/compreps/seedrep_cand/protenix/8k5g_HL/d90/seed1_r2/results/8k5g_hl/seed_0/predictions/8k5g_hl_sample_4.cif,8k5g_HL,seed1_r2,8k5g_hl_sample_4.cif,0.6457
/mnt/data/admuser/msadepth/compreps/seedrep_cand/protenix/8k5g_HL/d90/seed1_r3/results/8k5g_hl/seed_0/predictions/8k5g_hl_sample_0.cif,8k5g_HL,seed1_r3,8k5g_hl_sample_0.cif,0.16932
/mnt/data/admuser/msadepth/compreps/seedrep_cand/protenix/8k5g_HL/d90/seed1_r3/results/8k5g_hl/seed_0/predictions/8k5g_hl_sample_1.cif,8k5g_HL,seed1_r3,8k5g_hl_sample_1.cif,0.1673
/mnt/data/admuser/msadepth/compreps/seedrep_cand/protenix/8k5g_HL/d90/seed1_r3/results/8k5g_hl/seed_0/predictions/8k5g_hl_sample_2.cif,8k5g_HL,seed1_r3,8k5g_hl_sample_2.cif,0.16624
/mnt/data/admuser/msadepth/compreps/seedrep_cand/protenix/8k5g_HL/d90/seed1_r3/results/8k5g_hl/seed_0/predictions/8k5g_hl_sample_3.cif,8k5g_HL,seed1_r3,8k5g_hl_sample_3.cif,0.16549
/mnt/data/admuser/msadepth/compreps/seedrep_cand/protenix/8k5g_HL/d90/seed1_r3/results/8k5g_hl/seed_0/predictions/8k5g_hl_sample_4.cif,8k5g_HL,seed1_r3,8k5g_hl_sample_4.cif,0.16345
/mnt/data/admuser/msadepth/compreps/seedrep_cand/protenix/8k5g_HL/d90/seed2_r0/results/8k5g_hl/seed_0/predictions/8k5g_hl_sample_0.cif,8k5g_HL,seed2_r0,8k5g_hl_sample_0.cif,0.20911
/mnt/data/admuser/msadepth/compreps/seedrep_cand/protenix/8k5g_HL/d90/seed2_r0/results/8k5g_hl/seed_0/predictions/8k5g_hl_sample_1.cif,8k5g_HL,seed2_r0,8k5g_hl_sample_1.cif,0.19958
/mnt/data/admuser/msadepth/compreps/seedrep_cand/protenix/8k5g_HL/d90/seed2_r0/results/8k5g_hl/seed_0/predictions/8k5g_hl_sample_2.cif,8k5g_HL,seed2_r0,8k5g_hl_sample_2.cif,0.19728
/mnt/data/admuser/msadepth/compreps/seedrep_cand/protenix/8k5g_HL/d90/seed2_r0/results/8k5g_hl/seed_0/predictions/8k5g_hl_sample_3.cif,8k5g_HL,seed2_r0,8k5g_hl_sample_3.cif,0.19807
/mnt/data/admuser/msadepth/compreps/seedrep_cand/protenix/8k5g_HL/d90/seed2_r0/results/8k5g_hl/seed_0/predictions/8k5g_hl_sample_4.cif,8k5g_HL,seed2_r0,8k5g_hl_sample_4.cif,0.1937
/mnt/data/admuser/msadepth/compreps/seedrep_cand/protenix/8k5g_HL/d90/seed2_r1/results/8k5g_hl/seed_0/predictions/8k5g_hl_sample_0.cif,8k5g_HL,seed2_r1,8k5g_hl_sample_0.cif,0.21298
/mnt/data/admuser/msadepth/compreps/seedrep_cand/protenix/8k5g_HL/d90/seed2_r1/results/8k5g_hl/seed_0/predictions/8k5g_hl_sample_1.cif,8k5g_HL,seed2_r1,8k5g_hl_sample_1.cif,0.21211
/mnt/data/admuser/msadepth/compreps/seedrep_cand/protenix/8k5g_HL/d90/seed2_r1/results/8k5g_hl/seed_0/predictions/8k5g_hl_sample_2.cif,8k5g_HL,seed2_r1,8k5g_hl_sample_2.cif,0.20394
/mnt/data/admuser/msadepth/compreps/seedrep_cand/protenix/8k5g_HL/d90/seed2_r1/results/8k5g_hl/seed_0/predictions/8k5g_hl_sample_3.cif,8k5g_HL,seed2_r1,8k5g_hl_sample_3.cif,0.20083
/mnt/data/admuser/msadepth/compreps/seedrep_cand/protenix/8k5g_HL/d90/seed2_r1/results/8k5g_hl/seed_0/predictions/8k5g_hl_sample_4.cif,8k5g_HL,seed2_r1,8k5g_hl_sample_4.cif,0.19901
/mnt/data/admuser/msadepth/compreps/seedrep_cand/protenix/8k5g_HL/d90/seed2_r2/results/8k5g_hl/seed_0/predictions/8k5g_hl_sample_0.cif,8k5g_HL,seed2_r2,8k5g_hl_sample_0.cif,0.2121
/mnt/data/admuser/msadepth/compreps/seedrep_cand/protenix/8k5g_HL/d90/seed2_r2/results/8k5g_hl/seed_0/predictions/8k5g_hl_sample_1.cif,8k5g_HL,seed2_r2,8k5g_hl_sample_1.cif,0.21173
/mnt/data/admuser/msadepth/compreps/seedrep_cand/protenix/8k5g_HL/d90/seed2_r2/results/8k5g_hl/seed_0/predictions/8k5g_hl_sample_2.cif,8k5g_HL,seed2_r2,8k5g_hl_sample_2.cif,0.21264
/mnt/data/admuser/msadepth/compreps/seedrep_cand/protenix/8k5g_HL/d90/seed2_r2/results/8k5g_hl/seed_0/predictions/8k5g_hl_sample_3.cif,8k5g_HL,seed2_r2,8k5g_hl_sample_3.cif,0.21209
/mnt/data/admuser/msadepth/compreps/seedrep_cand/protenix/8k5g_HL/d90/seed2_r2/results/8k5g_hl/seed_0/predictions/8k5g_hl_sample_4.cif,8k5g_HL,seed2_r2,8k5g_hl_sample_4.cif,0.21098
/mnt/data/admuser/msadepth/compreps/seedrep_cand/protenix/8k5g_HL/d90/seed2_r3/results/8k5g_hl/seed_0/predictions/8k5g_hl_sample_0.cif,8k5g_HL,seed2_r3,8k5g_hl_sample_0.cif,0.4267
/mnt/data/admuser/msadepth/compreps/seedrep_cand/protenix/8k5g_HL/d90/seed2_r3/results/8k5g_hl/seed_0/predictions/8k5g_hl_sample_1.cif,8k5g_HL,seed2_r3,8k5g_hl_sample_1.cif,0.42326
/mnt/data/admuser/msadepth/compreps/seedrep_cand/protenix/8k5g_HL/d90/seed2_r3/results/8k5g_hl/seed_0/predictions/8k5g_hl_sample_2.cif,8k5g_HL,seed2_r3,8k5g_hl_sample_2.cif,0.42271
/mnt/data/admuser/msadepth/compreps/seedrep_cand/protenix/8k5g_HL/d90/seed2_r3/results/8k5g_hl/seed_0/predictions/8k5g_hl_sample_3.cif,8k5g_HL,seed2_r3,8k5g_hl_sample_3.cif,0.42173
/mnt/data/admuser/msadepth/compreps/seedrep_cand/protenix/8k5g_HL/d90/seed2_r3/results/8k5g_hl/seed_0/predictions/8k5g_hl_sample_4.cif,8k5g_HL,seed2_r3,8k5g_hl_sample_4.cif,0.41854
/mnt/data/admuser/msadepth/compreps/seedrep_cand/protenix/8k5g_HL/d90/seed3_r0/results/8k5g_hl/seed_0/predictions/8k5g_hl_sample_0.cif,8k5g_HL,seed3_r0,8k5g_hl_sample_0.cif,0.2429
/mnt/data/admuser/msadepth/compreps/seedrep_cand/protenix/8k5g_HL/d90/seed3_r0/results/8k5g_hl/seed_0/predictions/8k5g_hl_sample_1.cif,8k5g_HL,seed3_r0,8k5g_hl_sample_1.cif,0.23757
/mnt/data/admuser/msadepth/compreps/seedrep_cand/protenix/8k5g_HL/d90/seed3_r0/results/8k5g_hl/seed_0/predictions/8k5g_hl_sample_2.cif,8k5g_HL,seed3_r0,8k5g_hl_sample_2.cif,0.23415
/mnt/data/admuser/msadepth/compreps/seedrep_cand/protenix/8k5g_HL/d90/seed3_r0/results/8k5g_hl/seed_0/predictions/8k5g_hl_sample_3.cif,8k5g_HL,seed3_r0,8k5g_hl_sample_3.cif,0.21689
/mnt/data/admuser/msadepth/compreps/seedrep_cand/protenix/8k5g_HL/d90/seed3_r0/results/8k5g_hl/seed_0/predictions/8k5g_hl_sample_4.cif,8k5g_HL,seed3_r0,8k5g_hl_sample_4.cif,0.21249
/mnt/data/admuser/msadepth/compreps/seedrep_cand/protenix/8k5g_HL/d90/seed3_r1/results/8k5g_hl/seed_0/predictions/8k5g_hl_sample_0.cif,8k5g_HL,seed3_r1,8k5g_hl_sample_0.cif,0.24006
/mnt/data/admuser/msadepth/compreps/seedrep_cand/protenix/8k5g_HL/d90/seed3_r1/results/8k5g_hl/seed_0/predictions/8k5g_hl_sample_1.cif,8k5g_HL,seed3_r1,8k5g_hl_sample_1.cif,0.22792
/mnt/data/admuser/msadepth/compreps/seedrep_cand/protenix/8k5g_HL/d90/seed3_r1/results/8k5g_hl/seed_0/predictions/8k5g_hl_sample_2.cif,8k5g_HL,seed3_r1,8k5g_hl_sample_2.cif,0.2258
/mnt/data/admuser/msadepth/compreps/seedrep_cand/protenix/8k5g_HL/d90/seed3_r1/results/8k5g_hl/seed_0/predictions/8k5g_hl_sample_3.cif,8k5g_HL,seed3_r1,8k5g_hl_sample_3.cif,0.22213
/mnt/data/admuser/msadepth/compreps/seedrep_cand/protenix/8k5g_HL/d90/seed3_r1/results/8k5g_hl/seed_0/predictions/8k5g_hl_sample_4.cif,8k5g_HL,seed3_r1,8k5g_hl_sample_4.cif,0.20382
/mnt/data/admuser/msadepth/compreps/seedrep_cand/protenix/8k5g_HL/d90/seed3_r2/results/8k5g_hl/seed_0/predictions/8k5g_hl_sample_0.cif,8k5g_HL,seed3_r2,8k5g_hl_sample_0.cif,0.22243
/mnt/data/admuser/msadepth/compreps/seedrep_cand/protenix/8k5g_HL/d90/seed3_r2/results/8k5g_hl/seed_0/predictions/8k5g_hl_sample_1.cif,8k5g_HL,seed3_r2,8k5g_hl_sample_1.cif,0.20157
/mnt/data/admuser/msadepth/compreps/seedrep_cand/protenix/8k5g_HL/d90/seed3_r2/results/8k5g_hl/seed_0/predictions/8k5g_hl_sample_2.cif,8k5g_HL,seed3_r2,8k5g_hl_sample_2.cif,0.19528
/mnt/data/admuser/msadepth/compreps/seedrep_cand/protenix/8k5g_HL/d90/seed3_r2/results/8k5g_hl/seed_0/predictions/8k5g_hl_sample_3.cif,8k5g_HL,seed3_r2,8k5g_hl_sample_3.cif,0.19398
/mnt/data/admuser/msadepth/compreps/seedrep_cand/protenix/8k5g_HL/d90/seed3_r2/results/8k5g_hl/seed_0/predictions/8k5g_hl_sample_4.cif,8k5g_HL,seed3_r2,8k5g_hl_sample_4.cif,0.19343
/mnt/data/admuser/msadepth/compreps/seedrep_cand/protenix/8k5g_HL/d90/seed3_r3/results/8k5g_hl/seed_0/predictions/8k5g_hl_sample_0.cif,8k5g_HL,seed3_r3,8k5g_hl_sample_0.cif,0.22232
/mnt/data/admuser/msadepth/compreps/seedrep_cand/protenix/8k5g_HL/d90/seed3_r3/results/8k5g_hl/seed_0/predictions/8k5g_hl_sample_1.cif,8k5g_HL,seed3_r3,8k5g_hl_sample_1.cif,0.19232
/mnt/data/admuser/msadepth/compreps/seedrep_cand/protenix/8k5g_HL/d90/seed3_r3/results/8k5g_hl/seed_0/predictions/8k5g_hl_sample_2.cif,8k5g_HL,seed3_r3,8k5g_hl_sample_2.cif,0.18551
/mnt/data/admuser/msadepth/compreps/seedrep_cand/protenix/8k5g_HL/d90/seed3_r3/results/8k5g_hl/seed_0/predictions/8k5g_hl_sample_3.cif,8k5g_HL,seed3_r3,8k5g_hl_sample_3.cif,0.18527
/mnt/data/admuser/msadepth/compreps/seedrep_cand/protenix/8k5g_HL/d90/seed3_r3/results/8k5g_hl/seed_0/predictions/8k5g_hl_sample_4.cif,8k5g_HL,seed3_r3,8k5g_hl_sample_4.cif,0.18135
/mnt/data/admuser/msadepth/compreps/seedrep_cand/protenix/8k5g_HL/d90/seed4_r0/results/8k5g_hl/seed_0/predictions/8k5g_hl_sample_0.cif,8k5g_HL,seed4_r0,8k5g_hl_sample_0.cif,0.20767
/mnt/data/admuser/msadepth/compreps/seedrep_cand/protenix/8k5g_HL/d90/seed4_r0/results/8k5g_hl/seed_0/predictions/8k5g_hl_sample_1.cif,8k5g_HL,seed4_r0,8k5g_hl_sample_1.cif,0.20137
/mnt/data/admuser/msadepth/compreps/seedrep_cand/protenix/8k5g_HL/d90/seed4_r0/results/8k5g_hl/seed_0/predictions/8k5g_hl_sample_2.cif,8k5g_HL,seed4_r0,8k5g_hl_sample_2.cif,0.19177
/mnt/data/admuser/msadepth/compreps/seedrep_cand/protenix/8k5g_HL/d90/seed4_r0/results/8k5g_hl/seed_0/predictions/8k5g_hl_sample_3.cif,8k5g_HL,seed4_r0,8k5g_hl_sample_3.cif,0.18705
/mnt/data/admuser/msadepth/compreps/seedrep_cand/protenix/8k5g_HL/d90/seed4_r0/results/8k5g_hl/seed_0/predictions/8k5g_hl_sample_4.cif,8k5g_HL,seed4_r0,8k5g_hl_sample_4.cif,0.18315
/mnt/data/admuser/msadepth/compreps/seedrep_cand/protenix/8k5g_HL/d90/seed4_r1/results/8k5g_hl/seed_0/predictions/8k5g_hl_sample_0.cif,8k5g_HL,seed4_r1,8k5g_hl_sample_0.cif,0.21003
/mnt/data/admuser/msadepth/compreps/seedrep_cand/protenix/8k5g_HL/d90/seed4_r1/results/8k5g_hl/seed_0/predictions/8k5g_hl_sample_1.cif,8k5g_HL,seed4_r1,8k5g_hl_sample_1.cif,0.20065
/mnt/data/admuser/msadepth/compreps/seedrep_cand/protenix/8k5g_HL/d90/seed4_r1/results/8k5g_hl/seed_0/predictions/8k5g_hl_sample_2.cif,8k5g_HL,seed4_r1,8k5g_hl_sample_2.cif,0.19978
/mnt/data/admuser/msadepth/compreps/seedrep_cand/protenix/8k5g_HL/d90/seed4_r1/results/8k5g_hl/seed_0/predictions/8k5g_hl_sample_3.cif,8k5g_HL,seed4_r1,8k5g_hl_sample_3.cif,0.1989
/mnt/data/admuser/msadepth/compreps/seedrep_cand/protenix/8k5g_HL/d90/seed4_r1/results/8k5g_hl/seed_0/predictions/8k5g_hl_sample_4.cif,8k5g_HL,seed4_r1,8k5g_hl_sample_4.cif,0.19784
/mnt/data/admuser/msadepth/compreps/seedrep_cand/protenix/8k5g_HL/d90/seed4_r2/results/8k5g_hl/seed_0/predictions/8k5g_hl_sample_0.cif,8k5g_HL,seed4_r2,8k5g_hl_sample_0.cif,0.42618
/mnt/data/admuser/msadepth/compreps/seedrep_cand/protenix/8k5g_HL/d90/seed4_r2/results/8k5g_hl/seed_0/predictions/8k5g_hl_sample_1.cif,8k5g_HL,seed4_r2,8k5g_hl_sample_1.cif,0.42447
/mnt/data/admuser/msadepth/compreps/seedrep_cand/protenix/8k5g_HL/d90/seed4_r2/results/8k5g_hl/seed_0/predictions/8k5g_hl_sample_2.cif,8k5g_HL,seed4_r2,8k5g_hl_sample_2.cif,0.42431
/mnt/data/admuser/msadepth/compreps/seedrep_cand/protenix/8k5g_HL/d90/seed4_r2/results/8k5g_hl/seed_0/predictions/8k5g_hl_sample_3.cif,8k5g_HL,seed4_r2,8k5g_hl_sample_3.cif,0.42375
/mnt/data/admuser/msadepth/compreps/seedrep_cand/protenix/8k5g_HL/d90/seed4_r2/results/8k5g_hl/seed_0/predictions/8k5g_hl_sample_4.cif,8k5g_HL,seed4_r2,8k5g_hl_sample_4.cif,0.41368
/mnt/data/admuser/msadepth/compreps/seedrep_cand/protenix/8k5g_HL/d90/seed4_r3/results/8k5g_hl/seed_0/predictions/8k5g_hl_sample_0.cif,8k5g_HL,seed4_r3,8k5g_hl_sample_0.cif,0.20677
/mnt/data/admuser/msadepth/compreps/seedrep_cand/protenix/8k5g_HL/d90/seed4_r3/results/8k5g_hl/seed_0/predictions/8k5g_hl_sample_1.cif,8k5g_HL,seed4_r3,8k5g_hl_sample_1.cif,0.20198
/mnt/data/admuser/msadepth/compreps/seedrep_cand/protenix/8k5g_HL/d90/seed4_r3/results/8k5g_hl/seed_0/predictions/8k5g_hl_sample_2.cif,8k5g_HL,seed4_r3,8k5g_hl_sample_2.cif,0.1992
/mnt/data/admuser/msadepth/compreps/seedrep_cand/protenix/8k5g_HL/d90/seed4_r3/results/8k5g_hl/seed_0/predictions/8k5g_hl_sample_3.cif,8k5g_HL,seed4_r3,8k5g_hl_sample_3.cif,0.19653
/mnt/data/admuser/msadepth/compreps/seedrep_cand/protenix/8k5g_HL/d90/seed4_r3/results/8k5g_hl/seed_0/predictions/8k5g_hl_sample_4.cif,8k5g_HL,seed4_r3,8k5g_hl_sample_4.cif,0.19211
/mnt/data/admuser/msadepth/compreps/seedrep_cand/protenix/8k5g_HL/d90/seed5_r0/results/8k5g_hl/seed_0/predictions/8k5g_hl_sample_0.cif,8k5g_HL,seed5_r0,8k5g_hl_sample_0.cif,0.18178
/mnt/data/admuser/msadepth/compreps/seedrep_cand/protenix/8k5g_HL/d90/seed5_r0/results/8k5g_hl/seed_0/predictions/8k5g_hl_sample_1.cif,8k5g_HL,seed5_r0,8k5g_hl_sample_1.cif,0.18037
/mnt/data/admuser/msadepth/compreps/seedrep_cand/protenix/8k5g_HL/d90/seed5_r0/results/8k5g_hl/seed_0/predictions/8k5g_hl_sample_2.cif,8k5g_HL,seed5_r0,8k5g_hl_sample_2.cif,0.17875
/mnt/data/admuser/msadepth/compreps/seedrep_cand/protenix/8k5g_HL/d90/seed5_r0/results/8k5g_hl/seed_0/predictions/8k5g_hl_sample_3.cif,8k5g_HL,seed5_r0,8k5g_hl_sample_3.cif,0.17171
/mnt/data/admuser/msadepth/compreps/seedrep_cand/protenix/8k5g_HL/d90/seed5_r0/results/8k5g_hl/seed_0/predictions/8k5g_hl_sample_4.cif,8k5g_HL,seed5_r0,8k5g_hl_sample_4.cif,0.17067
/mnt/data/admuser/msadepth/compreps/seedrep_cand/protenix/8k5g_HL/d90/seed5_r1/results/8k5g_hl/seed_0/predictions/8k5g_hl_sample_0.cif,8k5g_HL,seed5_r1,8k5g_hl_sample_0.cif,0.1772
/mnt/data/admuser/msadepth/compreps/seedrep_cand/protenix/8k5g_HL/d90/seed5_r1/results/8k5g_hl/seed_0/predictions/8k5g_hl_sample_1.cif,8k5g_HL,seed5_r1,8k5g_hl_sample_1.cif,0.17574
/mnt/data/admuser/msadepth/compreps/seedrep_cand/protenix/8k5g_HL/d90/seed5_r1/results/8k5g_hl/seed_0/predictions/8k5g_hl_sample_2.cif,8k5g_HL,seed5_r1,8k5g_hl_sample_2.cif,0.17593
/mnt/data/admuser/msadepth/compreps/seedrep_cand/protenix/8k5g_HL/d90/seed5_r1/results/8k5g_hl/seed_0/predictions/8k5g_hl_sample_3.cif,8k5g_HL,seed5_r1,8k5g_hl_sample_3.cif,0.16939
/mnt/data/admuser/msadepth/compreps/seedrep_cand/protenix/8k5g_HL/d90/seed5_r1/results/8k5g_hl/seed_0/predictions/8k5g_hl_sample_4.cif,8k5g_HL,seed5_r1,8k5g_hl_sample_4.cif,0.16693
/mnt/data/admuser/msadepth/compreps/seedrep_cand/protenix/8k5g_HL/d90/seed5_r2/results/8k5g_hl/seed_0/predictions/8k5g_hl_sample_0.cif,8k5g_HL,seed5_r2,8k5g_hl_sample_0.cif,0.21139
/mnt/data/admuser/msadepth/compreps/seedrep_cand/protenix/8k5g_HL/d90/seed5_r2/results/8k5g_hl/seed_0/predictions/8k5g_hl_sample_1.cif,8k5g_HL,seed5_r2,8k5g_hl_sample_1.cif,0.20095
/mnt/data/admuser/msadepth/compreps/seedrep_cand/protenix/8k5g_HL/d90/seed5_r2/results/8k5g_hl/seed_0/predictions/8k5g_hl_sample_2.cif,8k5g_HL,seed5_r2,8k5g_hl_sample_2.cif,0.19667
/mnt/data/admuser/msadepth/compreps/seedrep_cand/protenix/8k5g_HL/d90/seed5_r2/results/8k5g_hl/seed_0/predictions/8k5g_hl_sample_3.cif,8k5g_HL,seed5_r2,8k5g_hl_sample_3.cif,0.19583
/mnt/data/admuser/msadepth/compreps/seedrep_cand/protenix/8k5g_HL/d90/seed5_r2/results/8k5g_hl/seed_0/predictions/8k5g_hl_sample_4.cif,8k5g_HL,seed5_r2,8k5g_hl_sample_4.cif,0.18409
/mnt/data/admuser/msadepth/compreps/seedrep_cand/protenix/8k5g_HL/d90/seed5_r3/results/8k5g_hl/seed_0/predictions/8k5g_hl_sample_0.cif,8k5g_HL,seed5_r3,8k5g_hl_sample_0.cif,0.18115
/mnt/data/admuser/msadepth/compreps/seedrep_cand/protenix/8k5g_HL/d90/seed5_r3/results/8k5g_hl/seed_0/predictions/8k5g_hl_sample_1.cif,8k5g_HL,seed5_r3,8k5g_hl_sample_1.cif,0.18033
/mnt/data/admuser/msadepth/compreps/seedrep_cand/protenix/8k5g_HL/d90/seed5_r3/results/8k5g_hl/seed_0/predictions/8k5g_hl_sample_2.cif,8k5g_HL,seed5_r3,8k5g_hl_sample_2.cif,0.17942
/mnt/data/admuser/msadepth/compreps/seedrep_cand/protenix/8k5g_HL/d90/seed5_r3/results/8k5g_hl/seed_0/predictions/8k5g_hl_sample_3.cif,8k5g_HL,seed5_r3,8k5g_hl_sample_3.cif,0.17345
/mnt/data/admuser/msadepth/compreps/seedrep_cand/protenix/8k5g_HL/d90/seed5_r3/results/8k5g_hl/seed_0/predictions/8k5g_hl_sample_4.cif,8k5g_HL,seed5_r3,8k5g_hl_sample_4.cif,0.17011
/mnt/data/admuser/msadepth/compreps/seedrep_cand/protenix/8k5g_HL/d90/seedfull_r0/results/8k5g_hl/seed_0/predictions/8k5g_hl_sample_0.cif,8k5g_HL,seedfull_r0,8k5g_hl_sample_0.cif,0.74272
/mnt/data/admuser/msadepth/compreps/seedrep_cand/protenix/8k5g_HL/d90/seedfull_r0/results/8k5g_hl/seed_0/predictions/8k5g_hl_sample_1.cif,8k5g_HL,seedfull_r0,8k5g_hl_sample_1.cif,0.74157
/mnt/data/admuser/msadepth/compreps/seedrep_cand/protenix/8k5g_HL/d90/seedfull_r0/results/8k5g_hl/seed_0/predictions/8k5g_hl_sample_2.cif,8k5g_HL,seedfull_r0,8k5g_hl_sample_2.cif,0.7415
/mnt/data/admuser/msadepth/compreps/seedrep_cand/protenix/8k5g_HL/d90/seedfull_r0/results/8k5g_hl/seed_0/predictions/8k5g_hl_sample_3.cif,8k5g_HL,seedfull_r0,8k5g_hl_sample_3.cif,0.74044
/mnt/data/admuser/msadepth/compreps/seedrep_cand/protenix/8k5g_HL/d90/seedfull_r0/results/8k5g_hl/seed_0/predictions/8k5g_hl_sample_4.cif,8k5g_HL,seedfull_r0,8k5g_hl_sample_4.cif,0.73918
/mnt/data/admuser/msadepth/compreps/seedrep_cand/protenix/8k5g_HL/d90/seedfull_r1/results/8k5g_hl/seed_0/predictions/8k5g_hl_sample_0.cif,8k5g_HL,seedfull_r1,8k5g_hl_sample_0.cif,0.77392
/mnt/data/admuser/msadepth/compreps/seedrep_cand/protenix/8k5g_HL/d90/seedfull_r1/results/8k5g_hl/seed_0/predictions/8k5g_hl_sample_1.cif,8k5g_HL,seedfull_r1,8k5g_hl_sample_1.cif,0.77347
/mnt/data/admuser/msadepth/compreps/seedrep_cand/protenix/8k5g_HL/d90/seedfull_r1/results/8k5g_hl/seed_0/predictions/8k5g_hl_sample_2.cif,8k5g_HL,seedfull_r1,8k5g_hl_sample_2.cif,0.77273
/mnt/data/admuser/msadepth/compreps/seedrep_cand/protenix/8k5g_HL/d90/seedfull_r1/results/8k5g_hl/seed_0/predictions/8k5g_hl_sample_3.cif,8k5g_HL,seedfull_r1,8k5g_hl_sample_3.cif,0.77281
/mnt/data/admuser/msadepth/compreps/seedrep_cand/protenix/8k5g_HL/d90/seedfull_r1/results/8k5g_hl/seed_0/predictions/8k5g_hl_sample_4.cif,8k5g_HL,seedfull_r1,8k5g_hl_sample_4.cif,0.77225
/mnt/data/admuser/msadepth/compreps/seedrep_cand/protenix/8k5g_HL/d90/seedfull_r2/results/8k5g_hl/seed_0/predictions/8k5g_hl_sample_0.cif,8k5g_HL,seedfull_r2,8k5g_hl_sample_0.cif,0.19429
/mnt/data/admuser/msadepth/compreps/seedrep_cand/protenix/8k5g_HL/d90/seedfull_r2/results/8k5g_hl/seed_0/predictions/8k5g_hl_sample_1.cif,8k5g_HL,seedfull_r2,8k5g_hl_sample_1.cif,0.19314
/mnt/data/admuser/msadepth/compreps/seedrep_cand/protenix/8k5g_HL/d90/seedfull_r2/results/8k5g_hl/seed_0/predictions/8k5g_hl_sample_2.cif,8k5g_HL,seedfull_r2,8k5g_hl_sample_2.cif,0.19199
/mnt/data/admuser/msadepth/compreps/seedrep_cand/protenix/8k5g_HL/d90/seedfull_r2/results/8k5g_hl/seed_0/predictions/8k5g_hl_sample_3.cif,8k5g_HL,seedfull_r2,8k5g_hl_sample_3.cif,0.18936
/mnt/data/admuser/msadepth/compreps/seedrep_cand/protenix/8k5g_HL/d90/seedfull_r2/results/8k5g_hl/seed_0/predictions/8k5g_hl_sample_4.cif,8k5g_HL,seedfull_r2,8k5g_hl_sample_4.cif,0.168
/mnt/data/admuser/msadepth/compreps/seedrep_cand/protenix/8k5g_HL/d90/seedfull_r3/results/8k5g_hl/seed_0/predictions/8k5g_hl_sample_0.cif,8k5g_HL,seedfull_r3,8k5g_hl_sample_0.cif,0.49262
/mnt/data/admuser/msadepth/compreps/seedrep_cand/protenix/8k5g_HL/d90/seedfull_r3/results/8k5g_hl/seed_0/predictions/8k5g_hl_sample_1.cif,8k5g_HL,seedfull_r3,8k5g_hl_sample_1.cif,0.49205
/mnt/data/admuser/msadepth/compreps/seedrep_cand/protenix/8k5g_HL/d90/seedfull_r3/results/8k5g_hl/seed_0/predictions/8k5g_hl_sample_2.cif,8k5g_HL,seedfull_r3,8k5g_hl_sample_2.cif,0.48865
/mnt/data/admuser/msadepth/compreps/seedrep_cand/protenix/8k5g_HL/d90/seedfull_r3/results/8k5g_hl/seed_0/predictions/8k5g_hl_sample_3.cif,8k5g_HL,seedfull_r3,8k5g_hl_sample_3.cif,0.48165
/mnt/data/admuser/msadepth/compreps/seedrep_cand/protenix/8k5g_HL/d90/seedfull_r3/results/8k5g_hl/seed_0/predictions/8k5g_hl_sample_4.cif,8k5g_HL,seedfull_r3,8k5g_hl_sample_4.cif,0.48042
/mnt/data/admuser/msadepth/compreps/seedrep_cand/protenix/8k5g_HL/d90/seedfull_r4/results/8k5g_hl/seed_0/predictions/8k5g_hl_sample_0.cif,8k5g_HL,seedfull_r4,8k5g_hl_sample_0.cif,0.75346
/mnt/data/admuser/msadepth/compreps/seedrep_cand/protenix/8k5g_HL/d90/seedfull_r4/results/8k5g_hl/seed_0/predictions/8k5g_hl_sample_1.cif,8k5g_HL,seedfull_r4,8k5g_hl_sample_1.cif,0.7534
/mnt/data/admuser/msadepth/compreps/seedrep_cand/protenix/8k5g_HL/d90/seedfull_r4/results/8k5g_hl/seed_0/predictions/8k5g_hl_sample_2.cif,8k5g_HL,seedfull_r4,8k5g_hl_sample_2.cif,0.75335
/mnt/data/admuser/msadepth/compreps/seedrep_cand/protenix/8k5g_HL/d90/seedfull_r4/results/8k5g_hl/seed_0/predictions/8k5g_hl_sample_3.cif,8k5g_HL,seedfull_r4,8k5g_hl_sample_3.cif,0.75264
/mnt/data/admuser/msadepth/compreps/seedrep_cand/protenix/8k5g_HL/d90/seedfull_r4/results/8k5g_hl/seed_0/predictions/8k5g_hl_sample_4.cif,8k5g_HL,seedfull_r4,8k5g_hl_sample_4.cif,0.7523
/mnt/data/admuser/msadepth/compreps/seedrep_cand/protenix/8k5g_HL/d90/seedfull_r5/results/8k5g_hl/seed_0/predictions/8k5g_hl_sample_0.cif,8k5g_HL,seedfull_r5,8k5g_hl_sample_0.cif,0.72812
/mnt/data/admuser/msadepth/compreps/seedrep_cand/protenix/8k5g_HL/d90/seedfull_r5/results/8k5g_hl/seed_0/predictions/8k5g_hl_sample_1.cif,8k5g_HL,seedfull_r5,8k5g_hl_sample_1.cif,0.72797
/mnt/data/admuser/msadepth/compreps/seedrep_cand/protenix/8k5g_HL/d90/seedfull_r5/results/8k5g_hl/seed_0/predictions/8k5g_hl_sample_2.cif,8k5g_HL,seedfull_r5,8k5g_hl_sample_2.cif,0.72712
/mnt/data/admuser/msadepth/compreps/seedrep_cand/protenix/8k5g_HL/d90/seedfull_r5/results/8k5g_hl/seed_0/predictions/8k5g_hl_sample_3.cif,8k5g_HL,seedfull_r5,8k5g_hl_sample_3.cif,0.72683
/mnt/data/admuser/msadepth/compreps/seedrep_cand/protenix/8k5g_HL/d90/seedfull_r5/results/8k5g_hl/seed_0/predictions/8k5g_hl_sample_4.cif,8k5g_HL,seedfull_r5,8k5g_hl_sample_4.cif,0.72534
/mnt/data/admuser/msadepth/compreps/seedrep_cand/protenix/8k5g_HL/d90/seedfull_r6/results/8k5g_hl/seed_0/predictions/8k5g_hl_sample_0.cif,8k5g_HL,seedfull_r6,8k5g_hl_sample_0.cif,0.25331
/mnt/data/admuser/msadepth/compreps/seedrep_cand/protenix/8k5g_HL/d90/seedfull_r6/results/8k5g_hl/seed_0/predictions/8k5g_hl_sample_1.cif,8k5g_HL,seedfull_r6,8k5g_hl_sample_1.cif,0.24934
/mnt/data/admuser/msadepth/compreps/seedrep_cand/protenix/8k5g_HL/d90/seedfull_r6/results/8k5g_hl/seed_0/predictions/8k5g_hl_sample_2.cif,8k5g_HL,seedfull_r6,8k5g_hl_sample_2.cif,0.24677
/mnt/data/admuser/msadepth/compreps/seedrep_cand/protenix/8k5g_HL/d90/seedfull_r6/results/8k5g_hl/seed_0/predictions/8k5g_hl_sample_3.cif,8k5g_HL,seedfull_r6,8k5g_hl_sample_3.cif,0.24567
/mnt/data/admuser/msadepth/compreps/seedrep_cand/protenix/8k5g_HL/d90/seedfull_r6/results/8k5g_hl/seed_0/predictions/8k5g_hl_sample_4.cif,8k5g_HL,seedfull_r6,8k5g_hl_sample_4.cif,0.22963
/mnt/data/admuser/msadepth/compreps/seedrep_cand/protenix/8k5g_HL/d90/seedfull_r7/results/8k5g_hl/seed_0/predictions/8k5g_hl_sample_0.cif,8k5g_HL,seedfull_r7,8k5g_hl_sample_0.cif,0.47985
/mnt/data/admuser/msadepth/compreps/seedrep_cand/protenix/8k5g_HL/d90/seedfull_r7/results/8k5g_hl/seed_0/predictions/8k5g_hl_sample_1.cif,8k5g_HL,seedfull_r7,8k5g_hl_sample_1.cif,0.47956
/mnt/data/admuser/msadepth/compreps/seedrep_cand/protenix/8k5g_HL/d90/seedfull_r7/results/8k5g_hl/seed_0/predictions/8k5g_hl_sample_2.cif,8k5g_HL,seedfull_r7,8k5g_hl_sample_2.cif,0.47903
/mnt/data/admuser/msadepth/compreps/seedrep_cand/protenix/8k5g_HL/d90/seedfull_r7/results/8k5g_hl/seed_0/predictions/8k5g_hl_sample_3.cif,8k5g_HL,seedfull_r7,8k5g_hl_sample_3.cif,0.47129
/mnt/data/admuser/msadepth/compreps/seedrep_cand/protenix/8k5g_HL/d90/seedfull_r7/results/8k5g_hl/seed_0/predictions/8k5g_hl_sample_4.cif,8k5g_HL,seedfull_r7,8k5g_hl_sample_4.cif,0.46968
/mnt/data/admuser/msadepth/compreps/seedrep_cand/protenix/8k5h_HL/d15/seed0_r0/results/8k5h_hl/seed_0/predictions/8k5h_hl_sample_0.cif,8k5h_HL,seed0_r0,8k5h_hl_sample_0.cif,0.21764
/mnt/data/admuser/msadepth/compreps/seedrep_cand/protenix/8k5h_HL/d15/seed0_r0/results/8k5h_hl/seed_0/predictions/8k5h_hl_sample_1.cif,8k5h_HL,seed0_r0,8k5h_hl_sample_1.cif,0.21637
/mnt/data/admuser/msadepth/compreps/seedrep_cand/protenix/8k5h_HL/d15/seed0_r0/results/8k5h_hl/seed_0/predictions/8k5h_hl_sample_2.cif,8k5h_HL,seed0_r0,8k5h_hl_sample_2.cif,0.20005
/mnt/data/admuser/msadepth/compreps/seedrep_cand/protenix/8k5h_HL/d15/seed0_r0/results/8k5h_hl/seed_0/predictions/8k5h_hl_sample_3.cif,8k5h_HL,seed0_r0,8k5h_hl_sample_3.cif,0.19794
/mnt/data/admuser/msadepth/compreps/seedrep_cand/protenix/8k5h_HL/d15/seed0_r0/results/8k5h_hl/seed_0/predictions/8k5h_hl_sample_4.cif,8k5h_HL,seed0_r0,8k5h_hl_sample_4.cif,0.19033
/mnt/data/admuser/msadepth/compreps/seedrep_cand/protenix/8k5h_HL/d15/seed0_r1/results/8k5h_hl/seed_0/predictions/8k5h_hl_sample_0.cif,8k5h_HL,seed0_r1,8k5h_hl_sample_0.cif,0.21007
/mnt/data/admuser/msadepth/compreps/seedrep_cand/protenix/8k5h_HL/d15/seed0_r1/results/8k5h_hl/seed_0/predictions/8k5h_hl_sample_1.cif,8k5h_HL,seed0_r1,8k5h_hl_sample_1.cif,0.20844
/mnt/data/admuser/msadepth/compreps/seedrep_cand/protenix/8k5h_HL/d15/seed0_r1/results/8k5h_hl/seed_0/predictions/8k5h_hl_sample_2.cif,8k5h_HL,seed0_r1,8k5h_hl_sample_2.cif,0.20611
/mnt/data/admuser/msadepth/compreps/seedrep_cand/protenix/8k5h_HL/d15/seed0_r1/results/8k5h_hl/seed_0/predictions/8k5h_hl_sample_3.cif,8k5h_HL,seed0_r1,8k5h_hl_sample_3.cif,0.20396
/mnt/data/admuser/msadepth/compreps/seedrep_cand/protenix/8k5h_HL/d15/seed0_r1/results/8k5h_hl/seed_0/predictions/8k5h_hl_sample_4.cif,8k5h_HL,seed0_r1,8k5h_hl_sample_4.cif,0.19014
/mnt/data/admuser/msadepth/compreps/seedrep_cand/protenix/8k5h_HL/d15/seed0_r2/results/8k5h_hl/seed_0/predictions/8k5h_hl_sample_0.cif,8k5h_HL,seed0_r2,8k5h_hl_sample_0.cif,0.28961
/mnt/data/admuser/msadepth/compreps/seedrep_cand/protenix/8k5h_HL/d15/seed0_r2/results/8k5h_hl/seed_0/predictions/8k5h_hl_sample_1.cif,8k5h_HL,seed0_r2,8k5h_hl_sample_1.cif,0.28389
/mnt/data/admuser/msadepth/compreps/seedrep_cand/protenix/8k5h_HL/d15/seed0_r2/results/8k5h_hl/seed_0/predictions/8k5h_hl_sample_2.cif,8k5h_HL,seed0_r2,8k5h_hl_sample_2.cif,0.28168
/mnt/data/admuser/msadepth/compreps/seedrep_cand/protenix/8k5h_HL/d15/seed0_r2/results/8k5h_hl/seed_0/predictions/8k5h_hl_sample_3.cif,8k5h_HL,seed0_r2,8k5h_hl_sample_3.cif,0.27667
/mnt/data/admuser/msadepth/compreps/seedrep_cand/protenix/8k5h_HL/d15/seed0_r2/results/8k5h_hl/seed_0/predictions/8k5h_hl_sample_4.cif,8k5h_HL,seed0_r2,8k5h_hl_sample_4.cif,0.27553
/mnt/data/admuser/msadepth/compreps/seedrep_cand/protenix/8k5h_HL/d15/seed0_r3/results/8k5h_hl/seed_0/predictions/8k5h_hl_sample_0.cif,8k5h_HL,seed0_r3,8k5h_hl_sample_0.cif,0.22885
/mnt/data/admuser/msadepth/compreps/seedrep_cand/protenix/8k5h_HL/d15/seed0_r3/results/8k5h_hl/seed_0/predictions/8k5h_hl_sample_1.cif,8k5h_HL,seed0_r3,8k5h_hl_sample_1.cif,0.22671
/mnt/data/admuser/msadepth/compreps/seedrep_cand/protenix/8k5h_HL/d15/seed0_r3/results/8k5h_hl/seed_0/predictions/8k5h_hl_sample_2.cif,8k5h_HL,seed0_r3,8k5h_hl_sample_2.cif,0.22294
/mnt/data/admuser/msadepth/compreps/seedrep_cand/protenix/8k5h_HL/d15/seed0_r3/results/8k5h_hl/seed_0/predictions/8k5h_hl_sample_3.cif,8k5h_HL,seed0_r3,8k5h_hl_sample_3.cif,0.22415
/mnt/data/admuser/msadepth/compreps/seedrep_cand/protenix/8k5h_HL/d15/seed0_r3/results/8k5h_hl/seed_0/predictions/8k5h_hl_sample_4.cif,8k5h_HL,seed0_r3,8k5h_hl_sample_4.cif,0.21467
/mnt/data/admuser/msadepth/compreps/seedrep_cand/protenix/8k5h_HL/d15/seed1_r0/results/8k5h_hl/seed_0/predictions/8k5h_hl_sample_0.cif,8k5h_HL,seed1_r0,8k5h_hl_sample_0.cif,0.29554
/mnt/data/admuser/msadepth/compreps/seedrep_cand/protenix/8k5h_HL/d15/seed1_r0/results/8k5h_hl/seed_0/predictions/8k5h_hl_sample_1.cif,8k5h_HL,seed1_r0,8k5h_hl_sample_1.cif,0.29466
/mnt/data/admuser/msadepth/compreps/seedrep_cand/protenix/8k5h_HL/d15/seed1_r0/results/8k5h_hl/seed_0/predictions/8k5h_hl_sample_2.cif,8k5h_HL,seed1_r0,8k5h_hl_sample_2.cif,0.29359
/mnt/data/admuser/msadepth/compreps/seedrep_cand/protenix/8k5h_HL/d15/seed1_r0/results/8k5h_hl/seed_0/predictions/8k5h_hl_sample_3.cif,8k5h_HL,seed1_r0,8k5h_hl_sample_3.cif,0.28773
/mnt/data/admuser/msadepth/compreps/seedrep_cand/protenix/8k5h_HL/d15/seed1_r0/results/8k5h_hl/seed_0/predictions/8k5h_hl_sample_4.cif,8k5h_HL,seed1_r0,8k5h_hl_sample_4.cif,0.23923
/mnt/data/admuser/msadepth/compreps/seedrep_cand/protenix/8k5h_HL/d15/seed1_r1/results/8k5h_hl/seed_0/predictions/8k5h_hl_sample_0.cif,8k5h_HL,seed1_r1,8k5h_hl_sample_0.cif,0.20687
/mnt/data/admuser/msadepth/compreps/seedrep_cand/protenix/8k5h_HL/d15/seed1_r1/results/8k5h_hl/seed_0/predictions/8k5h_hl_sample_1.cif,8k5h_HL,seed1_r1,8k5h_hl_sample_1.cif,0.19794
/mnt/data/admuser/msadepth/compreps/seedrep_cand/protenix/8k5h_HL/d15/seed1_r1/results/8k5h_hl/seed_0/predictions/8k5h_hl_sample_2.cif,8k5h_HL,seed1_r1,8k5h_hl_sample_2.cif,0.1976
/mnt/data/admuser/msadepth/compreps/seedrep_cand/protenix/8k5h_HL/d15/seed1_r1/results/8k5h_hl/seed_0/predictions/8k5h_hl_sample_3.cif,8k5h_HL,seed1_r1,8k5h_hl_sample_3.cif,0.1956
/mnt/data/admuser/msadepth/compreps/seedrep_cand/protenix/8k5h_HL/d15/seed1_r1/results/8k5h_hl/seed_0/predictions/8k5h_hl_sample_4.cif,8k5h_HL,seed1_r1,8k5h_hl_sample_4.cif,0.18129
/mnt/data/admuser/msadepth/compreps/seedrep_cand/protenix/8k5h_HL/d15/seed1_r2/results/8k5h_hl/seed_0/predictions/8k5h_hl_sample_0.cif,8k5h_HL,seed1_r2,8k5h_hl_sample_0.cif,0.1972
/mnt/data/admuser/msadepth/compreps/seedrep_cand/protenix/8k5h_HL/d15/seed1_r2/results/8k5h_hl/seed_0/predictions/8k5h_hl_sample_1.cif,8k5h_HL,seed1_r2,8k5h_hl_sample_1.cif,0.19289
/mnt/data/admuser/msadepth/compreps/seedrep_cand/protenix/8k5h_HL/d15/seed1_r2/results/8k5h_hl/seed_0/predictions/8k5h_hl_sample_2.cif,8k5h_HL,seed1_r2,8k5h_hl_sample_2.cif,0.17401
/mnt/data/admuser/msadepth/compreps/seedrep_cand/protenix/8k5h_HL/d15/seed1_r2/results/8k5h_hl/seed_0/predictions/8k5h_hl_sample_3.cif,8k5h_HL,seed1_r2,8k5h_hl_sample_3.cif,0.17342
/mnt/data/admuser/msadepth/compreps/seedrep_cand/protenix/8k5h_HL/d15/seed1_r2/results/8k5h_hl/seed_0/predictions/8k5h_hl_sample_4.cif,8k5h_HL,seed1_r2,8k5h_hl_sample_4.cif,0.1672
/mnt/data/admuser/msadepth/compreps/seedrep_cand/protenix/8k5h_HL/d15/seed1_r3/results/8k5h_hl/seed_0/predictions/8k5h_hl_sample_0.cif,8k5h_HL,seed1_r3,8k5h_hl_sample_0.cif,0.21717
/mnt/data/admuser/msadepth/compreps/seedrep_cand/protenix/8k5h_HL/d15/seed1_r3/results/8k5h_hl/seed_0/predictions/8k5h_hl_sample_1.cif,8k5h_HL,seed1_r3,8k5h_hl_sample_1.cif,0.20798
/mnt/data/admuser/msadepth/compreps/seedrep_cand/protenix/8k5h_HL/d15/seed1_r3/results/8k5h_hl/seed_0/predictions/8k5h_hl_sample_2.cif,8k5h_HL,seed1_r3,8k5h_hl_sample_2.cif,0.20294
/mnt/data/admuser/msadepth/compreps/seedrep_cand/protenix/8k5h_HL/d15/seed1_r3/results/8k5h_hl/seed_0/predictions/8k5h_hl_sample_3.cif,8k5h_HL,seed1_r3,8k5h_hl_sample_3.cif,0.18597
/mnt/data/admuser/msadepth/compreps/seedrep_cand/protenix/8k5h_HL/d15/seed1_r3/results/8k5h_hl/seed_0/predictions/8k5h_hl_sample_4.cif,8k5h_HL,seed1_r3,8k5h_hl_sample_4.cif,0.18112
/mnt/data/admuser/msadepth/compreps/seedrep_cand/protenix/8k5h_HL/d15/seed2_r0/results/8k5h_hl/seed_0/predictions/8k5h_hl_sample_0.cif,8k5h_HL,seed2_r0,8k5h_hl_sample_0.cif,0.2426
/mnt/data/admuser/msadepth/compreps/seedrep_cand/protenix/8k5h_HL/d15/seed2_r0/results/8k5h_hl/seed_0/predictions/8k5h_hl_sample_1.cif,8k5h_HL,seed2_r0,8k5h_hl_sample_1.cif,0.23504
/mnt/data/admuser/msadepth/compreps/seedrep_cand/protenix/8k5h_HL/d15/seed2_r0/results/8k5h_hl/seed_0/predictions/8k5h_hl_sample_2.cif,8k5h_HL,seed2_r0,8k5h_hl_sample_2.cif,0.23175
/mnt/data/admuser/msadepth/compreps/seedrep_cand/protenix/8k5h_HL/d15/seed2_r0/results/8k5h_hl/seed_0/predictions/8k5h_hl_sample_3.cif,8k5h_HL,seed2_r0,8k5h_hl_sample_3.cif,0.22958
/mnt/data/admuser/msadepth/compreps/seedrep_cand/protenix/8k5h_HL/d15/seed2_r0/results/8k5h_hl/seed_0/predictions/8k5h_hl_sample_4.cif,8k5h_HL,seed2_r0,8k5h_hl_sample_4.cif,0.18736
/mnt/data/admuser/msadepth/compreps/seedrep_cand/protenix/8k5h_HL/d15/seed2_r1/results/8k5h_hl/seed_0/predictions/8k5h_hl_sample_0.cif,8k5h_HL,seed2_r1,8k5h_hl_sample_0.cif,0.22961
/mnt/data/admuser/msadepth/compreps/seedrep_cand/protenix/8k5h_HL/d15/seed2_r1/results/8k5h_hl/seed_0/predictions/8k5h_hl_sample_1.cif,8k5h_HL,seed2_r1,8k5h_hl_sample_1.cif,0.22697
/mnt/data/admuser/msadepth/compreps/seedrep_cand/protenix/8k5h_HL/d15/seed2_r1/results/8k5h_hl/seed_0/predictions/8k5h_hl_sample_2.cif,8k5h_HL,seed2_r1,8k5h_hl_sample_2.cif,0.22471
/mnt/data/admuser/msadepth/compreps/seedrep_cand/protenix/8k5h_HL/d15/seed2_r1/results/8k5h_hl/seed_0/predictions/8k5h_hl_sample_3.cif,8k5h_HL,seed2_r1,8k5h_hl_sample_3.cif,0.22368
/mnt/data/admuser/msadepth/compreps/seedrep_cand/protenix/8k5h_HL/d15/seed2_r1/results/8k5h_hl/seed_0/predictions/8k5h_hl_sample_4.cif,8k5h_HL,seed2_r1,8k5h_hl_sample_4.cif,0.22055
/mnt/data/admuser/msadepth/compreps/seedrep_cand/protenix/8k5h_HL/d15/seed2_r2/results/8k5h_hl/seed_0/predictions/8k5h_hl_sample_0.cif,8k5h_HL,seed2_r2,8k5h_hl_sample_0.cif,0.21852
/mnt/data/admuser/msadepth/compreps/seedrep_cand/protenix/8k5h_HL/d15/seed2_r2/results/8k5h_hl/seed_0/predictions/8k5h_hl_sample_1.cif,8k5h_HL,seed2_r2,8k5h_hl_sample_1.cif,0.2093
/mnt/data/admuser/msadepth/compreps/seedrep_cand/protenix/8k5h_HL/d15/seed2_r2/results/8k5h_hl/seed_0/predictions/8k5h_hl_sample_2.cif,8k5h_HL,seed2_r2,8k5h_hl_sample_2.cif,0.20523
/mnt/data/admuser/msadepth/compreps/seedrep_cand/protenix/8k5h_HL/d15/seed2_r2/results/8k5h_hl/seed_0/predictions/8k5h_hl_sample_3.cif,8k5h_HL,seed2_r2,8k5h_hl_sample_3.cif,0.19887
/mnt/data/admuser/msadepth/compreps/seedrep_cand/protenix/8k5h_HL/d15/seed2_r2/results/8k5h_hl/seed_0/predictions/8k5h_hl_sample_4.cif,8k5h_HL,seed2_r2,8k5h_hl_sample_4.cif,0.19006
/mnt/data/admuser/msadepth/compreps/seedrep_cand/protenix/8k5h_HL/d15/seed2_r3/results/8k5h_hl/seed_0/predictions/8k5h_hl_sample_0.cif,8k5h_HL,seed2_r3,8k5h_hl_sample_0.cif,0.23083
/mnt/data/admuser/msadepth/compreps/seedrep_cand/protenix/8k5h_HL/d15/seed2_r3/results/8k5h_hl/seed_0/predictions/8k5h_hl_sample_1.cif,8k5h_HL,seed2_r3,8k5h_hl_sample_1.cif,0.22943
/mnt/data/admuser/msadepth/compreps/seedrep_cand/protenix/8k5h_HL/d15/seed2_r3/results/8k5h_hl/seed_0/predictions/8k5h_hl_sample_2.cif,8k5h_HL,seed2_r3,8k5h_hl_sample_2.cif,0.22842
/mnt/data/admuser/msadepth/compreps/seedrep_cand/protenix/8k5h_HL/d15/seed2_r3/results/8k5h_hl/seed_0/predictions/8k5h_hl_sample_3.cif,8k5h_HL,seed2_r3,8k5h_hl_sample_3.cif,0.22686
/mnt/data/admuser/msadepth/compreps/seedrep_cand/protenix/8k5h_HL/d15/seed2_r3/results/8k5h_hl/seed_0/predictions/8k5h_hl_sample_4.cif,8k5h_HL,seed2_r3,8k5h_hl_sample_4.cif,0.17797
/mnt/data/admuser/msadepth/compreps/seedrep_cand/protenix/8k5h_HL/d15/seed3_r0/results/8k5h_hl/seed_0/predictions/8k5h_hl_sample_0.cif,8k5h_HL,seed3_r0,8k5h_hl_sample_0.cif,0.26021
/mnt/data/admuser/msadepth/compreps/seedrep_cand/protenix/8k5h_HL/d15/seed3_r0/results/8k5h_hl/seed_0/predictions/8k5h_hl_sample_1.cif,8k5h_HL,seed3_r0,8k5h_hl_sample_1.cif,0.25505
/mnt/data/admuser/msadepth/compreps/seedrep_cand/protenix/8k5h_HL/d15/seed3_r0/results/8k5h_hl/seed_0/predictions/8k5h_hl_sample_2.cif,8k5h_HL,seed3_r0,8k5h_hl_sample_2.cif,0.20146
/mnt/data/admuser/msadepth/compreps/seedrep_cand/protenix/8k5h_HL/d15/seed3_r0/results/8k5h_hl/seed_0/predictions/8k5h_hl_sample_3.cif,8k5h_HL,seed3_r0,8k5h_hl_sample_3.cif,0.20069
/mnt/data/admuser/msadepth/compreps/seedrep_cand/protenix/8k5h_HL/d15/seed3_r0/results/8k5h_hl/seed_0/predictions/8k5h_hl_sample_4.cif,8k5h_HL,seed3_r0,8k5h_hl_sample_4.cif,0.19875
/mnt/data/admuser/msadepth/compreps/seedrep_cand/protenix/8k5h_HL/d15/seed3_r1/results/8k5h_hl/seed_0/predictions/8k5h_hl_sample_0.cif,8k5h_HL,seed3_r1,8k5h_hl_sample_0.cif,0.62938
/mnt/data/admuser/msadepth/compreps/seedrep_cand/protenix/8k5h_HL/d15/seed3_r1/results/8k5h_hl/seed_0/predictions/8k5h_hl_sample_1.cif,8k5h_HL,seed3_r1,8k5h_hl_sample_1.cif,0.6252
/mnt/data/admuser/msadepth/compreps/seedrep_cand/protenix/8k5h_HL/d15/seed3_r1/results/8k5h_hl/seed_0/predictions/8k5h_hl_sample_2.cif,8k5h_HL,seed3_r1,8k5h_hl_sample_2.cif,0.62516
/mnt/data/admuser/msadepth/compreps/seedrep_cand/protenix/8k5h_HL/d15/seed3_r1/results/8k5h_hl/seed_0/predictions/8k5h_hl_sample_3.cif,8k5h_HL,seed3_r1,8k5h_hl_sample_3.cif,0.62401
/mnt/data/admuser/msadepth/compreps/seedrep_cand/protenix/8k5h_HL/d15/seed3_r1/results/8k5h_hl/seed_0/predictions/8k5h_hl_sample_4.cif,8k5h_HL,seed3_r1,8k5h_hl_sample_4.cif,0.614
/mnt/data/admuser/msadepth/compreps/seedrep_cand/protenix/8k5h_HL/d15/seed3_r2/results/8k5h_hl/seed_0/predictions/8k5h_hl_sample_0.cif,8k5h_HL,seed3_r2,8k5h_hl_sample_0.cif,0.23282
/mnt/data/admuser/msadepth/compreps/seedrep_cand/protenix/8k5h_HL/d15/seed3_r2/results/8k5h_hl/seed_0/predictions/8k5h_hl_sample_1.cif,8k5h_HL,seed3_r2,8k5h_hl_sample_1.cif,0.22579
/mnt/data/admuser/msadepth/compreps/seedrep_cand/protenix/8k5h_HL/d15/seed3_r2/results/8k5h_hl/seed_0/predictions/8k5h_hl_sample_2.cif,8k5h_HL,seed3_r2,8k5h_hl_sample_2.cif,0.22516
/mnt/data/admuser/msadepth/compreps/seedrep_cand/protenix/8k5h_HL/d15/seed3_r2/results/8k5h_hl/seed_0/predictions/8k5h_hl_sample_3.cif,8k5h_HL,seed3_r2,8k5h_hl_sample_3.cif,0.19942
/mnt/data/admuser/msadepth/compreps/seedrep_cand/protenix/8k5h_HL/d15/seed3_r2/results/8k5h_hl/seed_0/predictions/8k5h_hl_sample_4.cif,8k5h_HL,seed3_r2,8k5h_hl_sample_4.cif,0.17467
/mnt/data/admuser/msadepth/compreps/seedrep_cand/protenix/8k5h_HL/d15/seed3_r3/results/8k5h_hl/seed_0/predictions/8k5h_hl_sample_0.cif,8k5h_HL,seed3_r3,8k5h_hl_sample_0.cif,0.24137
/mnt/data/admuser/msadepth/compreps/seedrep_cand/protenix/8k5h_HL/d15/seed3_r3/results/8k5h_hl/seed_0/predictions/8k5h_hl_sample_1.cif,8k5h_HL,seed3_r3,8k5h_hl_sample_1.cif,0.24003
/mnt/data/admuser/msadepth/compreps/seedrep_cand/protenix/8k5h_HL/d15/seed3_r3/results/8k5h_hl/seed_0/predictions/8k5h_hl_sample_2.cif,8k5h_HL,seed3_r3,8k5h_hl_sample_2.cif,0.232
/mnt/data/admuser/msadepth/compreps/seedrep_cand/protenix/8k5h_HL/d15/seed3_r3/results/8k5h_hl/seed_0/predictions/8k5h_hl_sample_3.cif,8k5h_HL,seed3_r3,8k5h_hl_sample_3.cif,0.22321
/mnt/data/admuser/msadepth/compreps/seedrep_cand/protenix/8k5h_HL/d15/seed3_r3/results/8k5h_hl/seed_0/predictions/8k5h_hl_sample_4.cif,8k5h_HL,seed3_r3,8k5h_hl_sample_4.cif,0.22147
/mnt/data/admuser/msadepth/compreps/seedrep_cand/protenix/8k5h_HL/d15/seed4_r0/results/8k5h_hl/seed_0/predictions/8k5h_hl_sample_0.cif,8k5h_HL,seed4_r0,8k5h_hl_sample_0.cif,0.22265
/mnt/data/admuser/msadepth/compreps/seedrep_cand/protenix/8k5h_HL/d15/seed4_r0/results/8k5h_hl/seed_0/predictions/8k5h_hl_sample_1.cif,8k5h_HL,seed4_r0,8k5h_hl_sample_1.cif,0.211
/mnt/data/admuser/msadepth/compreps/seedrep_cand/protenix/8k5h_HL/d15/seed4_r0/results/8k5h_hl/seed_0/predictions/8k5h_hl_sample_2.cif,8k5h_HL,seed4_r0,8k5h_hl_sample_2.cif,0.20868
/mnt/data/admuser/msadepth/compreps/seedrep_cand/protenix/8k5h_HL/d15/seed4_r0/results/8k5h_hl/seed_0/predictions/8k5h_hl_sample_3.cif,8k5h_HL,seed4_r0,8k5h_hl_sample_3.cif,0.20316
/mnt/data/admuser/msadepth/compreps/seedrep_cand/protenix/8k5h_HL/d15/seed4_r0/results/8k5h_hl/seed_0/predictions/8k5h_hl_sample_4.cif,8k5h_HL,seed4_r0,8k5h_hl_sample_4.cif,0.20087
/mnt/data/admuser/msadepth/compreps/seedrep_cand/protenix/8k5h_HL/d15/seed4_r1/results/8k5h_hl/seed_0/predictions/8k5h_hl_sample_0.cif,8k5h_HL,seed4_r1,8k5h_hl_sample_0.cif,0.20228
/mnt/data/admuser/msadepth/compreps/seedrep_cand/protenix/8k5h_HL/d15/seed4_r1/results/8k5h_hl/seed_0/predictions/8k5h_hl_sample_1.cif,8k5h_HL,seed4_r1,8k5h_hl_sample_1.cif,0.20186
/mnt/data/admuser/msadepth/compreps/seedrep_cand/protenix/8k5h_HL/d15/seed4_r1/results/8k5h_hl/seed_0/predictions/8k5h_hl_sample_2.cif,8k5h_HL,seed4_r1,8k5h_hl_sample_2.cif,0.20195
/mnt/data/admuser/msadepth/compreps/seedrep_cand/protenix/8k5h_HL/d15/seed4_r1/results/8k5h_hl/seed_0/predictions/8k5h_hl_sample_3.cif,8k5h_HL,seed4_r1,8k5h_hl_sample_3.cif,0.20004
/mnt/data/admuser/msadepth/compreps/seedrep_cand/protenix/8k5h_HL/d15/seed4_r1/results/8k5h_hl/seed_0/predictions/8k5h_hl_sample_4.cif,8k5h_HL,seed4_r1,8k5h_hl_sample_4.cif,0.19667
/mnt/data/admuser/msadepth/compreps/seedrep_cand/protenix/8k5h_HL/d15/seed4_r2/results/8k5h_hl/seed_0/predictions/8k5h_hl_sample_0.cif,8k5h_HL,seed4_r2,8k5h_hl_sample_0.cif,0.19471
/mnt/data/admuser/msadepth/compreps/seedrep_cand/protenix/8k5h_HL/d15/seed4_r2/results/8k5h_hl/seed_0/predictions/8k5h_hl_sample_1.cif,8k5h_HL,seed4_r2,8k5h_hl_sample_1.cif,0.19286
/mnt/data/admuser/msadepth/compreps/seedrep_cand/protenix/8k5h_HL/d15/seed4_r2/results/8k5h_hl/seed_0/predictions/8k5h_hl_sample_2.cif,8k5h_HL,seed4_r2,8k5h_hl_sample_2.cif,0.18816
/mnt/data/admuser/msadepth/compreps/seedrep_cand/protenix/8k5h_HL/d15/seed4_r2/results/8k5h_hl/seed_0/predictions/8k5h_hl_sample_3.cif,8k5h_HL,seed4_r2,8k5h_hl_sample_3.cif,0.17842
/mnt/data/admuser/msadepth/compreps/seedrep_cand/protenix/8k5h_HL/d15/seed4_r2/results/8k5h_hl/seed_0/predictions/8k5h_hl_sample_4.cif,8k5h_HL,seed4_r2,8k5h_hl_sample_4.cif,0.17447
/mnt/data/admuser/msadepth/compreps/seedrep_cand/protenix/8k5h_HL/d15/seed4_r3/results/8k5h_hl/seed_0/predictions/8k5h_hl_sample_0.cif,8k5h_HL,seed4_r3,8k5h_hl_sample_0.cif,0.20089
/mnt/data/admuser/msadepth/compreps/seedrep_cand/protenix/8k5h_HL/d15/seed4_r3/results/8k5h_hl/seed_0/predictions/8k5h_hl_sample_1.cif,8k5h_HL,seed4_r3,8k5h_hl_sample_1.cif,0.19516
/mnt/data/admuser/msadepth/compreps/seedrep_cand/protenix/8k5h_HL/d15/seed4_r3/results/8k5h_hl/seed_0/predictions/8k5h_hl_sample_2.cif,8k5h_HL,seed4_r3,8k5h_hl_sample_2.cif,0.18568
/mnt/data/admuser/msadepth/compreps/seedrep_cand/protenix/8k5h_HL/d15/seed4_r3/results/8k5h_hl/seed_0/predictions/8k5h_hl_sample_3.cif,8k5h_HL,seed4_r3,8k5h_hl_sample_3.cif,0.17876
/mnt/data/admuser/msadepth/compreps/seedrep_cand/protenix/8k5h_HL/d15/seed4_r3/results/8k5h_hl/seed_0/predictions/8k5h_hl_sample_4.cif,8k5h_HL,seed4_r3,8k5h_hl_sample_4.cif,0.17542
/mnt/data/admuser/msadepth/compreps/seedrep_cand/protenix/8k5h_HL/d15/seed5_r0/results/8k5h_hl/seed_0/predictions/8k5h_hl_sample_0.cif,8k5h_HL,seed5_r0,8k5h_hl_sample_0.cif,0.2019
/mnt/data/admuser/msadepth/compreps/seedrep_cand/protenix/8k5h_HL/d15/seed5_r0/results/8k5h_hl/seed_0/predictions/8k5h_hl_sample_1.cif,8k5h_HL,seed5_r0,8k5h_hl_sample_1.cif,0.19763
/mnt/data/admuser/msadepth/compreps/seedrep_cand/protenix/8k5h_HL/d15/seed5_r0/results/8k5h_hl/seed_0/predictions/8k5h_hl_sample_2.cif,8k5h_HL,seed5_r0,8k5h_hl_sample_2.cif,0.18834
/mnt/data/admuser/msadepth/compreps/seedrep_cand/protenix/8k5h_HL/d15/seed5_r0/results/8k5h_hl/seed_0/predictions/8k5h_hl_sample_3.cif,8k5h_HL,seed5_r0,8k5h_hl_sample_3.cif,0.18523
/mnt/data/admuser/msadepth/compreps/seedrep_cand/protenix/8k5h_HL/d15/seed5_r0/results/8k5h_hl/seed_0/predictions/8k5h_hl_sample_4.cif,8k5h_HL,seed5_r0,8k5h_hl_sample_4.cif,0.17314
/mnt/data/admuser/msadepth/compreps/seedrep_cand/protenix/8k5h_HL/d15/seed5_r1/results/8k5h_hl/seed_0/predictions/8k5h_hl_sample_0.cif,8k5h_HL,seed5_r1,8k5h_hl_sample_0.cif,0.2276
/mnt/data/admuser/msadepth/compreps/seedrep_cand/protenix/8k5h_HL/d15/seed5_r1/results/8k5h_hl/seed_0/predictions/8k5h_hl_sample_1.cif,8k5h_HL,seed5_r1,8k5h_hl_sample_1.cif,0.22247
/mnt/data/admuser/msadepth/compreps/seedrep_cand/protenix/8k5h_HL/d15/seed5_r1/results/8k5h_hl/seed_0/predictions/8k5h_hl_sample_2.cif,8k5h_HL,seed5_r1,8k5h_hl_sample_2.cif,0.20171
/mnt/data/admuser/msadepth/compreps/seedrep_cand/protenix/8k5h_HL/d15/seed5_r1/results/8k5h_hl/seed_0/predictions/8k5h_hl_sample_3.cif,8k5h_HL,seed5_r1,8k5h_hl_sample_3.cif,0.19122
/mnt/data/admuser/msadepth/compreps/seedrep_cand/protenix/8k5h_HL/d15/seed5_r1/results/8k5h_hl/seed_0/predictions/8k5h_hl_sample_4.cif,8k5h_HL,seed5_r1,8k5h_hl_sample_4.cif,0.18086
/mnt/data/admuser/msadepth/compreps/seedrep_cand/protenix/8k5h_HL/d15/seed5_r2/results/8k5h_hl/seed_0/predictions/8k5h_hl_sample_0.cif,8k5h_HL,seed5_r2,8k5h_hl_sample_0.cif,0.20201
/mnt/data/admuser/msadepth/compreps/seedrep_cand/protenix/8k5h_HL/d15/seed5_r2/results/8k5h_hl/seed_0/predictions/8k5h_hl_sample_1.cif,8k5h_HL,seed5_r2,8k5h_hl_sample_1.cif,0.20188
/mnt/data/admuser/msadepth/compreps/seedrep_cand/protenix/8k5h_HL/d15/seed5_r2/results/8k5h_hl/seed_0/predictions/8k5h_hl_sample_2.cif,8k5h_HL,seed5_r2,8k5h_hl_sample_2.cif,0.19941
/mnt/data/admuser/msadepth/compreps/seedrep_cand/protenix/8k5h_HL/d15/seed5_r2/results/8k5h_hl/seed_0/predictions/8k5h_hl_sample_3.cif,8k5h_HL,seed5_r2,8k5h_hl_sample_3.cif,0.19517
/mnt/data/admuser/msadepth/compreps/seedrep_cand/protenix/8k5h_HL/d15/seed5_r2/results/8k5h_hl/seed_0/predictions/8k5h_hl_sample_4.cif,8k5h_HL,seed5_r2,8k5h_hl_sample_4.cif,0.1943
/mnt/data/admuser/msadepth/compreps/seedrep_cand/protenix/8k5h_HL/d15/seed5_r3/results/8k5h_hl/seed_0/predictions/8k5h_hl_sample_0.cif,8k5h_HL,seed5_r3,8k5h_hl_sample_0.cif,0.20914
/mnt/data/admuser/msadepth/compreps/seedrep_cand/protenix/8k5h_HL/d15/seed5_r3/results/8k5h_hl/seed_0/predictions/8k5h_hl_sample_1.cif,8k5h_HL,seed5_r3,8k5h_hl_sample_1.cif,0.20033
/mnt/data/admuser/msadepth/compreps/seedrep_cand/protenix/8k5h_HL/d15/seed5_r3/results/8k5h_hl/seed_0/predictions/8k5h_hl_sample_2.cif,8k5h_HL,seed5_r3,8k5h_hl_sample_2.cif,0.19765
/mnt/data/admuser/msadepth/compreps/seedrep_cand/protenix/8k5h_HL/d15/seed5_r3/results/8k5h_hl/seed_0/predictions/8k5h_hl_sample_3.cif,8k5h_HL,seed5_r3,8k5h_hl_sample_3.cif,0.18696
/mnt/data/admuser/msadepth/compreps/seedrep_cand/protenix/8k5h_HL/d15/seed5_r3/results/8k5h_hl/seed_0/predictions/8k5h_hl_sample_4.cif,8k5h_HL,seed5_r3,8k5h_hl_sample_4.cif,0.18637
/mnt/data/admuser/msadepth/compreps/seedrep_cand/protenix/8k5h_HL/d15/seedfull_r0/results/8k5h_hl/seed_0/predictions/8k5h_hl_sample_0.cif,8k5h_HL,seedfull_r0,8k5h_hl_sample_0.cif,0.51844
/mnt/data/admuser/msadepth/compreps/seedrep_cand/protenix/8k5h_HL/d15/seedfull_r0/results/8k5h_hl/seed_0/predictions/8k5h_hl_sample_1.cif,8k5h_HL,seedfull_r0,8k5h_hl_sample_1.cif,0.51138
/mnt/data/admuser/msadepth/compreps/seedrep_cand/protenix/8k5h_HL/d15/seedfull_r0/results/8k5h_hl/seed_0/predictions/8k5h_hl_sample_2.cif,8k5h_HL,seedfull_r0,8k5h_hl_sample_2.cif,0.50904
/mnt/data/admuser/msadepth/compreps/seedrep_cand/protenix/8k5h_HL/d15/seedfull_r0/results/8k5h_hl/seed_0/predictions/8k5h_hl_sample_3.cif,8k5h_HL,seedfull_r0,8k5h_hl_sample_3.cif,0.50821
/mnt/data/admuser/msadepth/compreps/seedrep_cand/protenix/8k5h_HL/d15/seedfull_r0/results/8k5h_hl/seed_0/predictions/8k5h_hl_sample_4.cif,8k5h_HL,seedfull_r0,8k5h_hl_sample_4.cif,0.49865
/mnt/data/admuser/msadepth/compreps/seedrep_cand/protenix/8k5h_HL/d15/seedfull_r1/results/8k5h_hl/seed_0/predictions/8k5h_hl_sample_0.cif,8k5h_HL,seedfull_r1,8k5h_hl_sample_0.cif,0.45997
/mnt/data/admuser/msadepth/compreps/seedrep_cand/protenix/8k5h_HL/d15/seedfull_r1/results/8k5h_hl/seed_0/predictions/8k5h_hl_sample_1.cif,8k5h_HL,seedfull_r1,8k5h_hl_sample_1.cif,0.45892
/mnt/data/admuser/msadepth/compreps/seedrep_cand/protenix/8k5h_HL/d15/seedfull_r1/results/8k5h_hl/seed_0/predictions/8k5h_hl_sample_2.cif,8k5h_HL,seedfull_r1,8k5h_hl_sample_2.cif,0.45446
/mnt/data/admuser/msadepth/compreps/seedrep_cand/protenix/8k5h_HL/d15/seedfull_r1/results/8k5h_hl/seed_0/predictions/8k5h_hl_sample_3.cif,8k5h_HL,seedfull_r1,8k5h_hl_sample_3.cif,0.45304
/mnt/data/admuser/msadepth/compreps/seedrep_cand/protenix/8k5h_HL/d15/seedfull_r1/results/8k5h_hl/seed_0/predictions/8k5h_hl_sample_4.cif,8k5h_HL,seedfull_r1,8k5h_hl_sample_4.cif,0.4449
/mnt/data/admuser/msadepth/compreps/seedrep_cand/protenix/8k5h_HL/d15/seedfull_r2/results/8k5h_hl/seed_0/predictions/8k5h_hl_sample_0.cif,8k5h_HL,seedfull_r2,8k5h_hl_sample_0.cif,0.74503
/mnt/data/admuser/msadepth/compreps/seedrep_cand/protenix/8k5h_HL/d15/seedfull_r2/results/8k5h_hl/seed_0/predictions/8k5h_hl_sample_1.cif,8k5h_HL,seedfull_r2,8k5h_hl_sample_1.cif,0.74484
/mnt/data/admuser/msadepth/compreps/seedrep_cand/protenix/8k5h_HL/d15/seedfull_r2/results/8k5h_hl/seed_0/predictions/8k5h_hl_sample_2.cif,8k5h_HL,seedfull_r2,8k5h_hl_sample_2.cif,0.74499
/mnt/data/admuser/msadepth/compreps/seedrep_cand/protenix/8k5h_HL/d15/seedfull_r2/results/8k5h_hl/seed_0/predictions/8k5h_hl_sample_3.cif,8k5h_HL,seedfull_r2,8k5h_hl_sample_3.cif,0.74451
/mnt/data/admuser/msadepth/compreps/seedrep_cand/protenix/8k5h_HL/d15/seedfull_r2/results/8k5h_hl/seed_0/predictions/8k5h_hl_sample_4.cif,8k5h_HL,seedfull_r2,8k5h_hl_sample_4.cif,0.74392
/mnt/data/admuser/msadepth/compreps/seedrep_cand/protenix/8k5h_HL/d15/seedfull_r3/results/8k5h_hl/seed_0/predictions/8k5h_hl_sample_0.cif,8k5h_HL,seedfull_r3,8k5h_hl_sample_0.cif,0.48694
/mnt/data/admuser/msadepth/compreps/seedrep_cand/protenix/8k5h_HL/d15/seedfull_r3/results/8k5h_hl/seed_0/predictions/8k5h_hl_sample_1.cif,8k5h_HL,seedfull_r3,8k5h_hl_sample_1.cif,0.48626
/mnt/data/admuser/msadepth/compreps/seedrep_cand/protenix/8k5h_HL/d15/seedfull_r3/results/8k5h_hl/seed_0/predictions/8k5h_hl_sample_2.cif,8k5h_HL,seedfull_r3,8k5h_hl_sample_2.cif,0.48507
/mnt/data/admuser/msadepth/compreps/seedrep_cand/protenix/8k5h_HL/d15/seedfull_r3/results/8k5h_hl/seed_0/predictions/8k5h_hl_sample_3.cif,8k5h_HL,seedfull_r3,8k5h_hl_sample_3.cif,0.47772
/mnt/data/admuser/msadepth/compreps/seedrep_cand/protenix/8k5h_HL/d15/seedfull_r3/results/8k5h_hl/seed_0/predictions/8k5h_hl_sample_4.cif,8k5h_HL,seedfull_r3,8k5h_hl_sample_4.cif,0.47595
/mnt/data/admuser/msadepth/compreps/seedrep_cand/protenix/8k5h_HL/d15/seedfull_r4/results/8k5h_hl/seed_0/predictions/8k5h_hl_sample_0.cif,8k5h_HL,seedfull_r4,8k5h_hl_sample_0.cif,0.46695
/mnt/data/admuser/msadepth/compreps/seedrep_cand/protenix/8k5h_HL/d15/seedfull_r4/results/8k5h_hl/seed_0/predictions/8k5h_hl_sample_1.cif,8k5h_HL,seedfull_r4,8k5h_hl_sample_1.cif,0.46636
/mnt/data/admuser/msadepth/compreps/seedrep_cand/protenix/8k5h_HL/d15/seedfull_r4/results/8k5h_hl/seed_0/predictions/8k5h_hl_sample_2.cif,8k5h_HL,seedfull_r4,8k5h_hl_sample_2.cif,0.46327
/mnt/data/admuser/msadepth/compreps/seedrep_cand/protenix/8k5h_HL/d15/seedfull_r4/results/8k5h_hl/seed_0/predictions/8k5h_hl_sample_3.cif,8k5h_HL,seedfull_r4,8k5h_hl_sample_3.cif,0.46261
/mnt/data/admuser/msadepth/compreps/seedrep_cand/protenix/8k5h_HL/d15/seedfull_r4/results/8k5h_hl/seed_0/predictions/8k5h_hl_sample_4.cif,8k5h_HL,seedfull_r4,8k5h_hl_sample_4.cif,0.45564
/mnt/data/admuser/msadepth/compreps/seedrep_cand/protenix/8k5h_HL/d15/seedfull_r5/results/8k5h_hl/seed_0/predictions/8k5h_hl_sample_0.cif,8k5h_HL,seedfull_r5,8k5h_hl_sample_0.cif,0.47375
/mnt/data/admuser/msadepth/compreps/seedrep_cand/protenix/8k5h_HL/d15/seedfull_r5/results/8k5h_hl/seed_0/predictions/8k5h_hl_sample_1.cif,8k5h_HL,seedfull_r5,8k5h_hl_sample_1.cif,0.4718
/mnt/data/admuser/msadepth/compreps/seedrep_cand/protenix/8k5h_HL/d15/seedfull_r5/results/8k5h_hl/seed_0/predictions/8k5h_hl_sample_2.cif,8k5h_HL,seedfull_r5,8k5h_hl_sample_2.cif,0.4719
/mnt/data/admuser/msadepth/compreps/seedrep_cand/protenix/8k5h_HL/d15/seedfull_r5/results/8k5h_hl/seed_0/predictions/8k5h_hl_sample_3.cif,8k5h_HL,seedfull_r5,8k5h_hl_sample_3.cif,0.47018
/mnt/data/admuser/msadepth/compreps/seedrep_cand/protenix/8k5h_HL/d15/seedfull_r5/results/8k5h_hl/seed_0/predictions/8k5h_hl_sample_4.cif,8k5h_HL,seedfull_r5,8k5h_hl_sample_4.cif,0.46811
/mnt/data/admuser/msadepth/compreps/seedrep_cand/protenix/8k5h_HL/d15/seedfull_r6/results/8k5h_hl/seed_0/predictions/8k5h_hl_sample_0.cif,8k5h_HL,seedfull_r6,8k5h_hl_sample_0.cif,0.75158
/mnt/data/admuser/msadepth/compreps/seedrep_cand/protenix/8k5h_HL/d15/seedfull_r6/results/8k5h_hl/seed_0/predictions/8k5h_hl_sample_1.cif,8k5h_HL,seedfull_r6,8k5h_hl_sample_1.cif,0.75103
/mnt/data/admuser/msadepth/compreps/seedrep_cand/protenix/8k5h_HL/d15/seedfull_r6/results/8k5h_hl/seed_0/predictions/8k5h_hl_sample_2.cif,8k5h_HL,seedfull_r6,8k5h_hl_sample_2.cif,0.75041
/mnt/data/admuser/msadepth/compreps/seedrep_cand/protenix/8k5h_HL/d15/seedfull_r6/results/8k5h_hl/seed_0/predictions/8k5h_hl_sample_3.cif,8k5h_HL,seedfull_r6,8k5h_hl_sample_3.cif,0.75006
/mnt/data/admuser/msadepth/compreps/seedrep_cand/protenix/8k5h_HL/d15/seedfull_r6/results/8k5h_hl/seed_0/predictions/8k5h_hl_sample_4.cif,8k5h_HL,seedfull_r6,8k5h_hl_sample_4.cif,0.75032
/mnt/data/admuser/msadepth/compreps/seedrep_cand/protenix/8k5h_HL/d15/seedfull_r7/results/8k5h_hl/seed_0/predictions/8k5h_hl_sample_0.cif,8k5h_HL,seedfull_r7,8k5h_hl_sample_0.cif,0.71341
/mnt/data/admuser/msadepth/compreps/seedrep_cand/protenix/8k5h_HL/d15/seedfull_r7/results/8k5h_hl/seed_0/predictions/8k5h_hl_sample_1.cif,8k5h_HL,seedfull_r7,8k5h_hl_sample_1.cif,0.71077
/mnt/data/admuser/msadepth/compreps/seedrep_cand/protenix/8k5h_HL/d15/seedfull_r7/results/8k5h_hl/seed_0/predictions/8k5h_hl_sample_2.cif,8k5h_HL,seedfull_r7,8k5h_hl_sample_2.cif,0.70801
/mnt/data/admuser/msadepth/compreps/seedrep_cand/protenix/8k5h_HL/d15/seedfull_r7/results/8k5h_hl/seed_0/predictions/8k5h_hl_sample_3.cif,8k5h_HL,seedfull_r7,8k5h_hl_sample_3.cif,0.70761
/mnt/data/admuser/msadepth/compreps/seedrep_cand/protenix/8k5h_HL/d15/seedfull_r7/results/8k5h_hl/seed_0/predictions/8k5h_hl_sample_4.cif,8k5h_HL,seedfull_r7,8k5h_hl_sample_4.cif,0.70758
/mnt/data/admuser/msadepth/compreps/seedrep_cand/protenix/8kep_HL/d37/seed0_r0/results/8kep_hl/seed_0/predictions/8kep_hl_sample_0.cif,8kep_HL,seed0_r0,8kep_hl_sample_0.cif,0.18115
/mnt/data/admuser/msadepth/compreps/seedrep_cand/protenix/8kep_HL/d37/seed0_r0/results/8kep_hl/seed_0/predictions/8kep_hl_sample_1.cif,8kep_HL,seed0_r0,8kep_hl_sample_1.cif,0.18117
/mnt/data/admuser/msadepth/compreps/seedrep_cand/protenix/8kep_HL/d37/seed0_r0/results/8kep_hl/seed_0/predictions/8kep_hl_sample_2.cif,8kep_HL,seed0_r0,8kep_hl_sample_2.cif,0.17653
/mnt/data/admuser/msadepth/compreps/seedrep_cand/protenix/8kep_HL/d37/seed0_r0/results/8kep_hl/seed_0/predictions/8kep_hl_sample_3.cif,8kep_HL,seed0_r0,8kep_hl_sample_3.cif,0.17382
/mnt/data/admuser/msadepth/compreps/seedrep_cand/protenix/8kep_HL/d37/seed0_r0/results/8kep_hl/seed_0/predictions/8kep_hl_sample_4.cif,8kep_HL,seed0_r0,8kep_hl_sample_4.cif,0.16972
/mnt/data/admuser/msadepth/compreps/seedrep_cand/protenix/8kep_HL/d37/seed0_r1/results/8kep_hl/seed_0/predictions/8kep_hl_sample_0.cif,8kep_HL,seed0_r1,8kep_hl_sample_0.cif,0.17598
/mnt/data/admuser/msadepth/compreps/seedrep_cand/protenix/8kep_HL/d37/seed0_r1/results/8kep_hl/seed_0/predictions/8kep_hl_sample_1.cif,8kep_HL,seed0_r1,8kep_hl_sample_1.cif,0.17528
/mnt/data/admuser/msadepth/compreps/seedrep_cand/protenix/8kep_HL/d37/seed0_r1/results/8kep_hl/seed_0/predictions/8kep_hl_sample_2.cif,8kep_HL,seed0_r1,8kep_hl_sample_2.cif,0.17321
/mnt/data/admuser/msadepth/compreps/seedrep_cand/protenix/8kep_HL/d37/seed0_r1/results/8kep_hl/seed_0/predictions/8kep_hl_sample_3.cif,8kep_HL,seed0_r1,8kep_hl_sample_3.cif,0.16762
/mnt/data/admuser/msadepth/compreps/seedrep_cand/protenix/8kep_HL/d37/seed0_r1/results/8kep_hl/seed_0/predictions/8kep_hl_sample_4.cif,8kep_HL,seed0_r1,8kep_hl_sample_4.cif,0.16549
/mnt/data/admuser/msadepth/compreps/seedrep_cand/protenix/8kep_HL/d37/seed0_r2/results/8kep_hl/seed_0/predictions/8kep_hl_sample_0.cif,8kep_HL,seed0_r2,8kep_hl_sample_0.cif,0.17963
/mnt/data/admuser/msadepth/compreps/seedrep_cand/protenix/8kep_HL/d37/seed0_r2/results/8kep_hl/seed_0/predictions/8kep_hl_sample_1.cif,8kep_HL,seed0_r2,8kep_hl_sample_1.cif,0.17906
/mnt/data/admuser/msadepth/compreps/seedrep_cand/protenix/8kep_HL/d37/seed0_r2/results/8kep_hl/seed_0/predictions/8kep_hl_sample_2.cif,8kep_HL,seed0_r2,8kep_hl_sample_2.cif,0.17284
/mnt/data/admuser/msadepth/compreps/seedrep_cand/protenix/8kep_HL/d37/seed0_r2/results/8kep_hl/seed_0/predictions/8kep_hl_sample_3.cif,8kep_HL,seed0_r2,8kep_hl_sample_3.cif,0.17275
/mnt/data/admuser/msadepth/compreps/seedrep_cand/protenix/8kep_HL/d37/seed0_r2/results/8kep_hl/seed_0/predictions/8kep_hl_sample_4.cif,8kep_HL,seed0_r2,8kep_hl_sample_4.cif,0.16575
/mnt/data/admuser/msadepth/compreps/seedrep_cand/protenix/8kep_HL/d37/seed0_r3/results/8kep_hl/seed_0/predictions/8kep_hl_sample_0.cif,8kep_HL,seed0_r3,8kep_hl_sample_0.cif,0.18662
/mnt/data/admuser/msadepth/compreps/seedrep_cand/protenix/8kep_HL/d37/seed0_r3/results/8kep_hl/seed_0/predictions/8kep_hl_sample_1.cif,8kep_HL,seed0_r3,8kep_hl_sample_1.cif,0.17939
/mnt/data/admuser/msadepth/compreps/seedrep_cand/protenix/8kep_HL/d37/seed0_r3/results/8kep_hl/seed_0/predictions/8kep_hl_sample_2.cif,8kep_HL,seed0_r3,8kep_hl_sample_2.cif,0.17384
/mnt/data/admuser/msadepth/compreps/seedrep_cand/protenix/8kep_HL/d37/seed0_r3/results/8kep_hl/seed_0/predictions/8kep_hl_sample_3.cif,8kep_HL,seed0_r3,8kep_hl_sample_3.cif,0.17347
/mnt/data/admuser/msadepth/compreps/seedrep_cand/protenix/8kep_HL/d37/seed0_r3/results/8kep_hl/seed_0/predictions/8kep_hl_sample_4.cif,8kep_HL,seed0_r3,8kep_hl_sample_4.cif,0.17275
/mnt/data/admuser/msadepth/compreps/seedrep_cand/protenix/8kep_HL/d37/seed1_r0/results/8kep_hl/seed_0/predictions/8kep_hl_sample_0.cif,8kep_HL,seed1_r0,8kep_hl_sample_0.cif,0.17992
/mnt/data/admuser/msadepth/compreps/seedrep_cand/protenix/8kep_HL/d37/seed1_r0/results/8kep_hl/seed_0/predictions/8kep_hl_sample_1.cif,8kep_HL,seed1_r0,8kep_hl_sample_1.cif,0.17471
/mnt/data/admuser/msadepth/compreps/seedrep_cand/protenix/8kep_HL/d37/seed1_r0/results/8kep_hl/seed_0/predictions/8kep_hl_sample_2.cif,8kep_HL,seed1_r0,8kep_hl_sample_2.cif,0.17066
/mnt/data/admuser/msadepth/compreps/seedrep_cand/protenix/8kep_HL/d37/seed1_r0/results/8kep_hl/seed_0/predictions/8kep_hl_sample_3.cif,8kep_HL,seed1_r0,8kep_hl_sample_3.cif,0.16826
/mnt/data/admuser/msadepth/compreps/seedrep_cand/protenix/8kep_HL/d37/seed1_r0/results/8kep_hl/seed_0/predictions/8kep_hl_sample_4.cif,8kep_HL,seed1_r0,8kep_hl_sample_4.cif,0.16322
/mnt/data/admuser/msadepth/compreps/seedrep_cand/protenix/8kep_HL/d37/seed1_r1/results/8kep_hl/seed_0/predictions/8kep_hl_sample_0.cif,8kep_HL,seed1_r1,8kep_hl_sample_0.cif,0.17668
/mnt/data/admuser/msadepth/compreps/seedrep_cand/protenix/8kep_HL/d37/seed1_r1/results/8kep_hl/seed_0/predictions/8kep_hl_sample_1.cif,8kep_HL,seed1_r1,8kep_hl_sample_1.cif,0.16889
/mnt/data/admuser/msadepth/compreps/seedrep_cand/protenix/8kep_HL/d37/seed1_r1/results/8kep_hl/seed_0/predictions/8kep_hl_sample_2.cif,8kep_HL,seed1_r1,8kep_hl_sample_2.cif,0.16793
/mnt/data/admuser/msadepth/compreps/seedrep_cand/protenix/8kep_HL/d37/seed1_r1/results/8kep_hl/seed_0/predictions/8kep_hl_sample_3.cif,8kep_HL,seed1_r1,8kep_hl_sample_3.cif,0.16796
/mnt/data/admuser/msadepth/compreps/seedrep_cand/protenix/8kep_HL/d37/seed1_r1/results/8kep_hl/seed_0/predictions/8kep_hl_sample_4.cif,8kep_HL,seed1_r1,8kep_hl_sample_4.cif,0.15947
/mnt/data/admuser/msadepth/compreps/seedrep_cand/protenix/8kep_HL/d37/seed1_r2/results/8kep_hl/seed_0/predictions/8kep_hl_sample_0.cif,8kep_HL,seed1_r2,8kep_hl_sample_0.cif,0.1859
/mnt/data/admuser/msadepth/compreps/seedrep_cand/protenix/8kep_HL/d37/seed1_r2/results/8kep_hl/seed_0/predictions/8kep_hl_sample_1.cif,8kep_HL,seed1_r2,8kep_hl_sample_1.cif,0.18562
/mnt/data/admuser/msadepth/compreps/seedrep_cand/protenix/8kep_HL/d37/seed1_r2/results/8kep_hl/seed_0/predictions/8kep_hl_sample_2.cif,8kep_HL,seed1_r2,8kep_hl_sample_2.cif,0.17386
/mnt/data/admuser/msadepth/compreps/seedrep_cand/protenix/8kep_HL/d37/seed1_r2/results/8kep_hl/seed_0/predictions/8kep_hl_sample_3.cif,8kep_HL,seed1_r2,8kep_hl_sample_3.cif,0.16967
/mnt/data/admuser/msadepth/compreps/seedrep_cand/protenix/8kep_HL/d37/seed1_r2/results/8kep_hl/seed_0/predictions/8kep_hl_sample_4.cif,8kep_HL,seed1_r2,8kep_hl_sample_4.cif,0.16536
/mnt/data/admuser/msadepth/compreps/seedrep_cand/protenix/8kep_HL/d37/seed1_r3/results/8kep_hl/seed_0/predictions/8kep_hl_sample_0.cif,8kep_HL,seed1_r3,8kep_hl_sample_0.cif,0.21495
/mnt/data/admuser/msadepth/compreps/seedrep_cand/protenix/8kep_HL/d37/seed1_r3/results/8kep_hl/seed_0/predictions/8kep_hl_sample_1.cif,8kep_HL,seed1_r3,8kep_hl_sample_1.cif,0.21338
/mnt/data/admuser/msadepth/compreps/seedrep_cand/protenix/8kep_HL/d37/seed1_r3/results/8kep_hl/seed_0/predictions/8kep_hl_sample_2.cif,8kep_HL,seed1_r3,8kep_hl_sample_2.cif,0.2096
/mnt/data/admuser/msadepth/compreps/seedrep_cand/protenix/8kep_HL/d37/seed1_r3/results/8kep_hl/seed_0/predictions/8kep_hl_sample_3.cif,8kep_HL,seed1_r3,8kep_hl_sample_3.cif,0.19135
/mnt/data/admuser/msadepth/compreps/seedrep_cand/protenix/8kep_HL/d37/seed1_r3/results/8kep_hl/seed_0/predictions/8kep_hl_sample_4.cif,8kep_HL,seed1_r3,8kep_hl_sample_4.cif,0.18979
/mnt/data/admuser/msadepth/compreps/seedrep_cand/protenix/8kep_HL/d37/seed2_r0/results/8kep_hl/seed_0/predictions/8kep_hl_sample_0.cif,8kep_HL,seed2_r0,8kep_hl_sample_0.cif,0.1802
/mnt/data/admuser/msadepth/compreps/seedrep_cand/protenix/8kep_HL/d37/seed2_r0/results/8kep_hl/seed_0/predictions/8kep_hl_sample_1.cif,8kep_HL,seed2_r0,8kep_hl_sample_1.cif,0.17763
/mnt/data/admuser/msadepth/compreps/seedrep_cand/protenix/8kep_HL/d37/seed2_r0/results/8kep_hl/seed_0/predictions/8kep_hl_sample_2.cif,8kep_HL,seed2_r0,8kep_hl_sample_2.cif,0.1773
/mnt/data/admuser/msadepth/compreps/seedrep_cand/protenix/8kep_HL/d37/seed2_r0/results/8kep_hl/seed_0/predictions/8kep_hl_sample_3.cif,8kep_HL,seed2_r0,8kep_hl_sample_3.cif,0.16963
/mnt/data/admuser/msadepth/compreps/seedrep_cand/protenix/8kep_HL/d37/seed2_r0/results/8kep_hl/seed_0/predictions/8kep_hl_sample_4.cif,8kep_HL,seed2_r0,8kep_hl_sample_4.cif,0.16628
/mnt/data/admuser/msadepth/compreps/seedrep_cand/protenix/8kep_HL/d37/seed2_r1/results/8kep_hl/seed_0/predictions/8kep_hl_sample_0.cif,8kep_HL,seed2_r1,8kep_hl_sample_0.cif,0.17934
/mnt/data/admuser/msadepth/compreps/seedrep_cand/protenix/8kep_HL/d37/seed2_r1/results/8kep_hl/seed_0/predictions/8kep_hl_sample_1.cif,8kep_HL,seed2_r1,8kep_hl_sample_1.cif,0.17934
/mnt/data/admuser/msadepth/compreps/seedrep_cand/protenix/8kep_HL/d37/seed2_r1/results/8kep_hl/seed_0/predictions/8kep_hl_sample_2.cif,8kep_HL,seed2_r1,8kep_hl_sample_2.cif,0.17264
/mnt/data/admuser/msadepth/compreps/seedrep_cand/protenix/8kep_HL/d37/seed2_r1/results/8kep_hl/seed_0/predictions/8kep_hl_sample_3.cif,8kep_HL,seed2_r1,8kep_hl_sample_3.cif,0.17257
/mnt/data/admuser/msadepth/compreps/seedrep_cand/protenix/8kep_HL/d37/seed2_r1/results/8kep_hl/seed_0/predictions/8kep_hl_sample_4.cif,8kep_HL,seed2_r1,8kep_hl_sample_4.cif,0.16551
/mnt/data/admuser/msadepth/compreps/seedrep_cand/protenix/8kep_HL/d37/seed2_r2/results/8kep_hl/seed_0/predictions/8kep_hl_sample_0.cif,8kep_HL,seed2_r2,8kep_hl_sample_0.cif,0.18354
/mnt/data/admuser/msadepth/compreps/seedrep_cand/protenix/8kep_HL/d37/seed2_r2/results/8kep_hl/seed_0/predictions/8kep_hl_sample_1.cif,8kep_HL,seed2_r2,8kep_hl_sample_1.cif,0.18032
/mnt/data/admuser/msadepth/compreps/seedrep_cand/protenix/8kep_HL/d37/seed2_r2/results/8kep_hl/seed_0/predictions/8kep_hl_sample_2.cif,8kep_HL,seed2_r2,8kep_hl_sample_2.cif,0.17573
/mnt/data/admuser/msadepth/compreps/seedrep_cand/protenix/8kep_HL/d37/seed2_r2/results/8kep_hl/seed_0/predictions/8kep_hl_sample_3.cif,8kep_HL,seed2_r2,8kep_hl_sample_3.cif,0.17165
/mnt/data/admuser/msadepth/compreps/seedrep_cand/protenix/8kep_HL/d37/seed2_r2/results/8kep_hl/seed_0/predictions/8kep_hl_sample_4.cif,8kep_HL,seed2_r2,8kep_hl_sample_4.cif,0.16763
/mnt/data/admuser/msadepth/compreps/seedrep_cand/protenix/8kep_HL/d37/seed2_r3/results/8kep_hl/seed_0/predictions/8kep_hl_sample_0.cif,8kep_HL,seed2_r3,8kep_hl_sample_0.cif,0.17984
/mnt/data/admuser/msadepth/compreps/seedrep_cand/protenix/8kep_HL/d37/seed2_r3/results/8kep_hl/seed_0/predictions/8kep_hl_sample_1.cif,8kep_HL,seed2_r3,8kep_hl_sample_1.cif,0.17754
/mnt/data/admuser/msadepth/compreps/seedrep_cand/protenix/8kep_HL/d37/seed2_r3/results/8kep_hl/seed_0/predictions/8kep_hl_sample_2.cif,8kep_HL,seed2_r3,8kep_hl_sample_2.cif,0.17129
/mnt/data/admuser/msadepth/compreps/seedrep_cand/protenix/8kep_HL/d37/seed2_r3/results/8kep_hl/seed_0/predictions/8kep_hl_sample_3.cif,8kep_HL,seed2_r3,8kep_hl_sample_3.cif,0.1679
/mnt/data/admuser/msadepth/compreps/seedrep_cand/protenix/8kep_HL/d37/seed2_r3/results/8kep_hl/seed_0/predictions/8kep_hl_sample_4.cif,8kep_HL,seed2_r3,8kep_hl_sample_4.cif,0.16454
/mnt/data/admuser/msadepth/compreps/seedrep_cand/protenix/8kep_HL/d37/seed3_r0/results/8kep_hl/seed_0/predictions/8kep_hl_sample_0.cif,8kep_HL,seed3_r0,8kep_hl_sample_0.cif,0.17765
/mnt/data/admuser/msadepth/compreps/seedrep_cand/protenix/8kep_HL/d37/seed3_r0/results/8kep_hl/seed_0/predictions/8kep_hl_sample_1.cif,8kep_HL,seed3_r0,8kep_hl_sample_1.cif,0.16784
/mnt/data/admuser/msadepth/compreps/seedrep_cand/protenix/8kep_HL/d37/seed3_r0/results/8kep_hl/seed_0/predictions/8kep_hl_sample_2.cif,8kep_HL,seed3_r0,8kep_hl_sample_2.cif,0.16712
/mnt/data/admuser/msadepth/compreps/seedrep_cand/protenix/8kep_HL/d37/seed3_r0/results/8kep_hl/seed_0/predictions/8kep_hl_sample_3.cif,8kep_HL,seed3_r0,8kep_hl_sample_3.cif,0.16535
/mnt/data/admuser/msadepth/compreps/seedrep_cand/protenix/8kep_HL/d37/seed3_r0/results/8kep_hl/seed_0/predictions/8kep_hl_sample_4.cif,8kep_HL,seed3_r0,8kep_hl_sample_4.cif,0.16406
/mnt/data/admuser/msadepth/compreps/seedrep_cand/protenix/8kep_HL/d37/seed3_r1/results/8kep_hl/seed_0/predictions/8kep_hl_sample_0.cif,8kep_HL,seed3_r1,8kep_hl_sample_0.cif,0.18142
/mnt/data/admuser/msadepth/compreps/seedrep_cand/protenix/8kep_HL/d37/seed3_r1/results/8kep_hl/seed_0/predictions/8kep_hl_sample_1.cif,8kep_HL,seed3_r1,8kep_hl_sample_1.cif,0.17628
/mnt/data/admuser/msadepth/compreps/seedrep_cand/protenix/8kep_HL/d37/seed3_r1/results/8kep_hl/seed_0/predictions/8kep_hl_sample_2.cif,8kep_HL,seed3_r1,8kep_hl_sample_2.cif,0.17414
/mnt/data/admuser/msadepth/compreps/seedrep_cand/protenix/8kep_HL/d37/seed3_r1/results/8kep_hl/seed_0/predictions/8kep_hl_sample_3.cif,8kep_HL,seed3_r1,8kep_hl_sample_3.cif,0.17216
/mnt/data/admuser/msadepth/compreps/seedrep_cand/protenix/8kep_HL/d37/seed3_r1/results/8kep_hl/seed_0/predictions/8kep_hl_sample_4.cif,8kep_HL,seed3_r1,8kep_hl_sample_4.cif,0.16879
/mnt/data/admuser/msadepth/compreps/seedrep_cand/protenix/8kep_HL/d37/seed3_r2/results/8kep_hl/seed_0/predictions/8kep_hl_sample_0.cif,8kep_HL,seed3_r2,8kep_hl_sample_0.cif,0.18377
/mnt/data/admuser/msadepth/compreps/seedrep_cand/protenix/8kep_HL/d37/seed3_r2/results/8kep_hl/seed_0/predictions/8kep_hl_sample_1.cif,8kep_HL,seed3_r2,8kep_hl_sample_1.cif,0.17651
/mnt/data/admuser/msadepth/compreps/seedrep_cand/protenix/8kep_HL/d37/seed3_r2/results/8kep_hl/seed_0/predictions/8kep_hl_sample_2.cif,8kep_HL,seed3_r2,8kep_hl_sample_2.cif,0.17392
/mnt/data/admuser/msadepth/compreps/seedrep_cand/protenix/8kep_HL/d37/seed3_r2/results/8kep_hl/seed_0/predictions/8kep_hl_sample_3.cif,8kep_HL,seed3_r2,8kep_hl_sample_3.cif,0.17379
/mnt/data/admuser/msadepth/compreps/seedrep_cand/protenix/8kep_HL/d37/seed3_r2/results/8kep_hl/seed_0/predictions/8kep_hl_sample_4.cif,8kep_HL,seed3_r2,8kep_hl_sample_4.cif,0.17283
/mnt/data/admuser/msadepth/compreps/seedrep_cand/protenix/8kep_HL/d37/seed3_r3/results/8kep_hl/seed_0/predictions/8kep_hl_sample_0.cif,8kep_HL,seed3_r3,8kep_hl_sample_0.cif,0.17792
/mnt/data/admuser/msadepth/compreps/seedrep_cand/protenix/8kep_HL/d37/seed3_r3/results/8kep_hl/seed_0/predictions/8kep_hl_sample_1.cif,8kep_HL,seed3_r3,8kep_hl_sample_1.cif,0.17223
/mnt/data/admuser/msadepth/compreps/seedrep_cand/protenix/8kep_HL/d37/seed3_r3/results/8kep_hl/seed_0/predictions/8kep_hl_sample_2.cif,8kep_HL,seed3_r3,8kep_hl_sample_2.cif,0.16448
/mnt/data/admuser/msadepth/compreps/seedrep_cand/protenix/8kep_HL/d37/seed3_r3/results/8kep_hl/seed_0/predictions/8kep_hl_sample_3.cif,8kep_HL,seed3_r3,8kep_hl_sample_3.cif,0.16296
/mnt/data/admuser/msadepth/compreps/seedrep_cand/protenix/8kep_HL/d37/seed3_r3/results/8kep_hl/seed_0/predictions/8kep_hl_sample_4.cif,8kep_HL,seed3_r3,8kep_hl_sample_4.cif,0.15959
/mnt/data/admuser/msadepth/compreps/seedrep_cand/protenix/8kep_HL/d37/seed4_r0/results/8kep_hl/seed_0/predictions/8kep_hl_sample_0.cif,8kep_HL,seed4_r0,8kep_hl_sample_0.cif,0.2096
/mnt/data/admuser/msadepth/compreps/seedrep_cand/protenix/8kep_HL/d37/seed4_r0/results/8kep_hl/seed_0/predictions/8kep_hl_sample_1.cif,8kep_HL,seed4_r0,8kep_hl_sample_1.cif,0.20554
/mnt/data/admuser/msadepth/compreps/seedrep_cand/protenix/8kep_HL/d37/seed4_r0/results/8kep_hl/seed_0/predictions/8kep_hl_sample_2.cif,8kep_HL,seed4_r0,8kep_hl_sample_2.cif,0.2043
/mnt/data/admuser/msadepth/compreps/seedrep_cand/protenix/8kep_HL/d37/seed4_r0/results/8kep_hl/seed_0/predictions/8kep_hl_sample_3.cif,8kep_HL,seed4_r0,8kep_hl_sample_3.cif,0.19226
/mnt/data/admuser/msadepth/compreps/seedrep_cand/protenix/8kep_HL/d37/seed4_r0/results/8kep_hl/seed_0/predictions/8kep_hl_sample_4.cif,8kep_HL,seed4_r0,8kep_hl_sample_4.cif,0.18085
/mnt/data/admuser/msadepth/compreps/seedrep_cand/protenix/8kep_HL/d37/seed4_r1/results/8kep_hl/seed_0/predictions/8kep_hl_sample_0.cif,8kep_HL,seed4_r1,8kep_hl_sample_0.cif,0.18731
/mnt/data/admuser/msadepth/compreps/seedrep_cand/protenix/8kep_HL/d37/seed4_r1/results/8kep_hl/seed_0/predictions/8kep_hl_sample_1.cif,8kep_HL,seed4_r1,8kep_hl_sample_1.cif,0.18239
/mnt/data/admuser/msadepth/compreps/seedrep_cand/protenix/8kep_HL/d37/seed4_r1/results/8kep_hl/seed_0/predictions/8kep_hl_sample_2.cif,8kep_HL,seed4_r1,8kep_hl_sample_2.cif,0.18006
/mnt/data/admuser/msadepth/compreps/seedrep_cand/protenix/8kep_HL/d37/seed4_r1/results/8kep_hl/seed_0/predictions/8kep_hl_sample_3.cif,8kep_HL,seed4_r1,8kep_hl_sample_3.cif,0.16696
/mnt/data/admuser/msadepth/compreps/seedrep_cand/protenix/8kep_HL/d37/seed4_r1/results/8kep_hl/seed_0/predictions/8kep_hl_sample_4.cif,8kep_HL,seed4_r1,8kep_hl_sample_4.cif,0.16022
/mnt/data/admuser/msadepth/compreps/seedrep_cand/protenix/8kep_HL/d37/seed4_r2/results/8kep_hl/seed_0/predictions/8kep_hl_sample_0.cif,8kep_HL,seed4_r2,8kep_hl_sample_0.cif,0.21284
/mnt/data/admuser/msadepth/compreps/seedrep_cand/protenix/8kep_HL/d37/seed4_r2/results/8kep_hl/seed_0/predictions/8kep_hl_sample_1.cif,8kep_HL,seed4_r2,8kep_hl_sample_1.cif,0.20817
/mnt/data/admuser/msadepth/compreps/seedrep_cand/protenix/8kep_HL/d37/seed4_r2/results/8kep_hl/seed_0/predictions/8kep_hl_sample_2.cif,8kep_HL,seed4_r2,8kep_hl_sample_2.cif,0.20774
/mnt/data/admuser/msadepth/compreps/seedrep_cand/protenix/8kep_HL/d37/seed4_r2/results/8kep_hl/seed_0/predictions/8kep_hl_sample_3.cif,8kep_HL,seed4_r2,8kep_hl_sample_3.cif,0.20525
/mnt/data/admuser/msadepth/compreps/seedrep_cand/protenix/8kep_HL/d37/seed4_r2/results/8kep_hl/seed_0/predictions/8kep_hl_sample_4.cif,8kep_HL,seed4_r2,8kep_hl_sample_4.cif,0.19547
/mnt/data/admuser/msadepth/compreps/seedrep_cand/protenix/8kep_HL/d37/seed4_r3/results/8kep_hl/seed_0/predictions/8kep_hl_sample_0.cif,8kep_HL,seed4_r3,8kep_hl_sample_0.cif,0.20972
/mnt/data/admuser/msadepth/compreps/seedrep_cand/protenix/8kep_HL/d37/seed4_r3/results/8kep_hl/seed_0/predictions/8kep_hl_sample_1.cif,8kep_HL,seed4_r3,8kep_hl_sample_1.cif,0.20666
/mnt/data/admuser/msadepth/compreps/seedrep_cand/protenix/8kep_HL/d37/seed4_r3/results/8kep_hl/seed_0/predictions/8kep_hl_sample_2.cif,8kep_HL,seed4_r3,8kep_hl_sample_2.cif,0.1934
/mnt/data/admuser/msadepth/compreps/seedrep_cand/protenix/8kep_HL/d37/seed4_r3/results/8kep_hl/seed_0/predictions/8kep_hl_sample_3.cif,8kep_HL,seed4_r3,8kep_hl_sample_3.cif,0.17694
/mnt/data/admuser/msadepth/compreps/seedrep_cand/protenix/8kep_HL/d37/seed4_r3/results/8kep_hl/seed_0/predictions/8kep_hl_sample_4.cif,8kep_HL,seed4_r3,8kep_hl_sample_4.cif,0.16501
/mnt/data/admuser/msadepth/compreps/seedrep_cand/protenix/8kep_HL/d37/seed5_r0/results/8kep_hl/seed_0/predictions/8kep_hl_sample_0.cif,8kep_HL,seed5_r0,8kep_hl_sample_0.cif,0.18222
/mnt/data/admuser/msadepth/compreps/seedrep_cand/protenix/8kep_HL/d37/seed5_r0/results/8kep_hl/seed_0/predictions/8kep_hl_sample_1.cif,8kep_HL,seed5_r0,8kep_hl_sample_1.cif,0.18143
/mnt/data/admuser/msadepth/compreps/seedrep_cand/protenix/8kep_HL/d37/seed5_r0/results/8kep_hl/seed_0/predictions/8kep_hl_sample_2.cif,8kep_HL,seed5_r0,8kep_hl_sample_2.cif,0.18037
/mnt/data/admuser/msadepth/compreps/seedrep_cand/protenix/8kep_HL/d37/seed5_r0/results/8kep_hl/seed_0/predictions/8kep_hl_sample_3.cif,8kep_HL,seed5_r0,8kep_hl_sample_3.cif,0.16966
/mnt/data/admuser/msadepth/compreps/seedrep_cand/protenix/8kep_HL/d37/seed5_r0/results/8kep_hl/seed_0/predictions/8kep_hl_sample_4.cif,8kep_HL,seed5_r0,8kep_hl_sample_4.cif,0.16955
/mnt/data/admuser/msadepth/compreps/seedrep_cand/protenix/8kep_HL/d37/seed5_r1/results/8kep_hl/seed_0/predictions/8kep_hl_sample_0.cif,8kep_HL,seed5_r1,8kep_hl_sample_0.cif,0.16254
/mnt/data/admuser/msadepth/compreps/seedrep_cand/protenix/8kep_HL/d37/seed5_r1/results/8kep_hl/seed_0/predictions/8kep_hl_sample_1.cif,8kep_HL,seed5_r1,8kep_hl_sample_1.cif,0.1594
/mnt/data/admuser/msadepth/compreps/seedrep_cand/protenix/8kep_HL/d37/seed5_r1/results/8kep_hl/seed_0/predictions/8kep_hl_sample_2.cif,8kep_HL,seed5_r1,8kep_hl_sample_2.cif,0.15818
/mnt/data/admuser/msadepth/compreps/seedrep_cand/protenix/8kep_HL/d37/seed5_r1/results/8kep_hl/seed_0/predictions/8kep_hl_sample_3.cif,8kep_HL,seed5_r1,8kep_hl_sample_3.cif,0.15473
/mnt/data/admuser/msadepth/compreps/seedrep_cand/protenix/8kep_HL/d37/seed5_r1/results/8kep_hl/seed_0/predictions/8kep_hl_sample_4.cif,8kep_HL,seed5_r1,8kep_hl_sample_4.cif,0.14937
/mnt/data/admuser/msadepth/compreps/seedrep_cand/protenix/8kep_HL/d37/seed5_r2/results/8kep_hl/seed_0/predictions/8kep_hl_sample_0.cif,8kep_HL,seed5_r2,8kep_hl_sample_0.cif,0.1928
/mnt/data/admuser/msadepth/compreps/seedrep_cand/protenix/8kep_HL/d37/seed5_r2/results/8kep_hl/seed_0/predictions/8kep_hl_sample_1.cif,8kep_HL,seed5_r2,8kep_hl_sample_1.cif,0.19118
/mnt/data/admuser/msadepth/compreps/seedrep_cand/protenix/8kep_HL/d37/seed5_r2/results/8kep_hl/seed_0/predictions/8kep_hl_sample_2.cif,8kep_HL,seed5_r2,8kep_hl_sample_2.cif,0.18331
/mnt/data/admuser/msadepth/compreps/seedrep_cand/protenix/8kep_HL/d37/seed5_r2/results/8kep_hl/seed_0/predictions/8kep_hl_sample_3.cif,8kep_HL,seed5_r2,8kep_hl_sample_3.cif,0.17412
/mnt/data/admuser/msadepth/compreps/seedrep_cand/protenix/8kep_HL/d37/seed5_r2/results/8kep_hl/seed_0/predictions/8kep_hl_sample_4.cif,8kep_HL,seed5_r2,8kep_hl_sample_4.cif,0.17153
/mnt/data/admuser/msadepth/compreps/seedrep_cand/protenix/8kep_HL/d37/seed5_r3/results/8kep_hl/seed_0/predictions/8kep_hl_sample_0.cif,8kep_HL,seed5_r3,8kep_hl_sample_0.cif,0.159
/mnt/data/admuser/msadepth/compreps/seedrep_cand/protenix/8kep_HL/d37/seed5_r3/results/8kep_hl/seed_0/predictions/8kep_hl_sample_1.cif,8kep_HL,seed5_r3,8kep_hl_sample_1.cif,0.15392
/mnt/data/admuser/msadepth/compreps/seedrep_cand/protenix/8kep_HL/d37/seed5_r3/results/8kep_hl/seed_0/predictions/8kep_hl_sample_2.cif,8kep_HL,seed5_r3,8kep_hl_sample_2.cif,0.15222
/mnt/data/admuser/msadepth/compreps/seedrep_cand/protenix/8kep_HL/d37/seed5_r3/results/8kep_hl/seed_0/predictions/8kep_hl_sample_3.cif,8kep_HL,seed5_r3,8kep_hl_sample_3.cif,0.15001
/mnt/data/admuser/msadepth/compreps/seedrep_cand/protenix/8kep_HL/d37/seed5_r3/results/8kep_hl/seed_0/predictions/8kep_hl_sample_4.cif,8kep_HL,seed5_r3,8kep_hl_sample_4.cif,0.14718
/mnt/data/admuser/msadepth/compreps/seedrep_cand/protenix/8kep_HL/d37/seedfull_r0/results/8kep_hl/seed_0/predictions/8kep_hl_sample_0.cif,8kep_HL,seedfull_r0,8kep_hl_sample_0.cif,0.18051
/mnt/data/admuser/msadepth/compreps/seedrep_cand/protenix/8kep_HL/d37/seedfull_r0/results/8kep_hl/seed_0/predictions/8kep_hl_sample_1.cif,8kep_HL,seedfull_r0,8kep_hl_sample_1.cif,0.17594
/mnt/data/admuser/msadepth/compreps/seedrep_cand/protenix/8kep_HL/d37/seedfull_r0/results/8kep_hl/seed_0/predictions/8kep_hl_sample_2.cif,8kep_HL,seedfull_r0,8kep_hl_sample_2.cif,0.17318
/mnt/data/admuser/msadepth/compreps/seedrep_cand/protenix/8kep_HL/d37/seedfull_r0/results/8kep_hl/seed_0/predictions/8kep_hl_sample_3.cif,8kep_HL,seedfull_r0,8kep_hl_sample_3.cif,0.17295
/mnt/data/admuser/msadepth/compreps/seedrep_cand/protenix/8kep_HL/d37/seedfull_r0/results/8kep_hl/seed_0/predictions/8kep_hl_sample_4.cif,8kep_HL,seedfull_r0,8kep_hl_sample_4.cif,0.17274
/mnt/data/admuser/msadepth/compreps/seedrep_cand/protenix/8kep_HL/d37/seedfull_r1/results/8kep_hl/seed_0/predictions/8kep_hl_sample_0.cif,8kep_HL,seedfull_r1,8kep_hl_sample_0.cif,0.1854
/mnt/data/admuser/msadepth/compreps/seedrep_cand/protenix/8kep_HL/d37/seedfull_r1/results/8kep_hl/seed_0/predictions/8kep_hl_sample_1.cif,8kep_HL,seedfull_r1,8kep_hl_sample_1.cif,0.18291
/mnt/data/admuser/msadepth/compreps/seedrep_cand/protenix/8kep_HL/d37/seedfull_r1/results/8kep_hl/seed_0/predictions/8kep_hl_sample_2.cif,8kep_HL,seedfull_r1,8kep_hl_sample_2.cif,0.17872
/mnt/data/admuser/msadepth/compreps/seedrep_cand/protenix/8kep_HL/d37/seedfull_r1/results/8kep_hl/seed_0/predictions/8kep_hl_sample_3.cif,8kep_HL,seedfull_r1,8kep_hl_sample_3.cif,0.17707
/mnt/data/admuser/msadepth/compreps/seedrep_cand/protenix/8kep_HL/d37/seedfull_r1/results/8kep_hl/seed_0/predictions/8kep_hl_sample_4.cif,8kep_HL,seedfull_r1,8kep_hl_sample_4.cif,0.17356
/mnt/data/admuser/msadepth/compreps/seedrep_cand/protenix/8kep_HL/d37/seedfull_r2/results/8kep_hl/seed_0/predictions/8kep_hl_sample_0.cif,8kep_HL,seedfull_r2,8kep_hl_sample_0.cif,0.18054
/mnt/data/admuser/msadepth/compreps/seedrep_cand/protenix/8kep_HL/d37/seedfull_r2/results/8kep_hl/seed_0/predictions/8kep_hl_sample_1.cif,8kep_HL,seedfull_r2,8kep_hl_sample_1.cif,0.17957
/mnt/data/admuser/msadepth/compreps/seedrep_cand/protenix/8kep_HL/d37/seedfull_r2/results/8kep_hl/seed_0/predictions/8kep_hl_sample_2.cif,8kep_HL,seedfull_r2,8kep_hl_sample_2.cif,0.17639
/mnt/data/admuser/msadepth/compreps/seedrep_cand/protenix/8kep_HL/d37/seedfull_r2/results/8kep_hl/seed_0/predictions/8kep_hl_sample_3.cif,8kep_HL,seedfull_r2,8kep_hl_sample_3.cif,0.17645
/mnt/data/admuser/msadepth/compreps/seedrep_cand/protenix/8kep_HL/d37/seedfull_r2/results/8kep_hl/seed_0/predictions/8kep_hl_sample_4.cif,8kep_HL,seedfull_r2,8kep_hl_sample_4.cif,0.17229
/mnt/data/admuser/msadepth/compreps/seedrep_cand/protenix/8kep_HL/d37/seedfull_r3/results/8kep_hl/seed_0/predictions/8kep_hl_sample_0.cif,8kep_HL,seedfull_r3,8kep_hl_sample_0.cif,0.17982
/mnt/data/admuser/msadepth/compreps/seedrep_cand/protenix/8kep_HL/d37/seedfull_r3/results/8kep_hl/seed_0/predictions/8kep_hl_sample_1.cif,8kep_HL,seedfull_r3,8kep_hl_sample_1.cif,0.17823
/mnt/data/admuser/msadepth/compreps/seedrep_cand/protenix/8kep_HL/d37/seedfull_r3/results/8kep_hl/seed_0/predictions/8kep_hl_sample_2.cif,8kep_HL,seedfull_r3,8kep_hl_sample_2.cif,0.17429
/mnt/data/admuser/msadepth/compreps/seedrep_cand/protenix/8kep_HL/d37/seedfull_r3/results/8kep_hl/seed_0/predictions/8kep_hl_sample_3.cif,8kep_HL,seedfull_r3,8kep_hl_sample_3.cif,0.17353
/mnt/data/admuser/msadepth/compreps/seedrep_cand/protenix/8kep_HL/d37/seedfull_r3/results/8kep_hl/seed_0/predictions/8kep_hl_sample_4.cif,8kep_HL,seedfull_r3,8kep_hl_sample_4.cif,0.17018
/mnt/data/admuser/msadepth/compreps/seedrep_cand/protenix/8kep_HL/d37/seedfull_r4/results/8kep_hl/seed_0/predictions/8kep_hl_sample_0.cif,8kep_HL,seedfull_r4,8kep_hl_sample_0.cif,0.18207
/mnt/data/admuser/msadepth/compreps/seedrep_cand/protenix/8kep_HL/d37/seedfull_r4/results/8kep_hl/seed_0/predictions/8kep_hl_sample_1.cif,8kep_HL,seedfull_r4,8kep_hl_sample_1.cif,0.17821
/mnt/data/admuser/msadepth/compreps/seedrep_cand/protenix/8kep_HL/d37/seedfull_r4/results/8kep_hl/seed_0/predictions/8kep_hl_sample_2.cif,8kep_HL,seedfull_r4,8kep_hl_sample_2.cif,0.1774
/mnt/data/admuser/msadepth/compreps/seedrep_cand/protenix/8kep_HL/d37/seedfull_r4/results/8kep_hl/seed_0/predictions/8kep_hl_sample_3.cif,8kep_HL,seedfull_r4,8kep_hl_sample_3.cif,0.17444
/mnt/data/admuser/msadepth/compreps/seedrep_cand/protenix/8kep_HL/d37/seedfull_r4/results/8kep_hl/seed_0/predictions/8kep_hl_sample_4.cif,8kep_HL,seedfull_r4,8kep_hl_sample_4.cif,0.17175
/mnt/data/admuser/msadepth/compreps/seedrep_cand/protenix/8kep_HL/d37/seedfull_r5/results/8kep_hl/seed_0/predictions/8kep_hl_sample_0.cif,8kep_HL,seedfull_r5,8kep_hl_sample_0.cif,0.18095
/mnt/data/admuser/msadepth/compreps/seedrep_cand/protenix/8kep_HL/d37/seedfull_r5/results/8kep_hl/seed_0/predictions/8kep_hl_sample_1.cif,8kep_HL,seedfull_r5,8kep_hl_sample_1.cif,0.1806
/mnt/data/admuser/msadepth/compreps/seedrep_cand/protenix/8kep_HL/d37/seedfull_r5/results/8kep_hl/seed_0/predictions/8kep_hl_sample_2.cif,8kep_HL,seedfull_r5,8kep_hl_sample_2.cif,0.17877
/mnt/data/admuser/msadepth/compreps/seedrep_cand/protenix/8kep_HL/d37/seedfull_r5/results/8kep_hl/seed_0/predictions/8kep_hl_sample_3.cif,8kep_HL,seedfull_r5,8kep_hl_sample_3.cif,0.17646
/mnt/data/admuser/msadepth/compreps/seedrep_cand/protenix/8kep_HL/d37/seedfull_r5/results/8kep_hl/seed_0/predictions/8kep_hl_sample_4.cif,8kep_HL,seedfull_r5,8kep_hl_sample_4.cif,0.17522
/mnt/data/admuser/msadepth/compreps/seedrep_cand/protenix/8kep_HL/d37/seedfull_r6/results/8kep_hl/seed_0/predictions/8kep_hl_sample_0.cif,8kep_HL,seedfull_r6,8kep_hl_sample_0.cif,0.18147
/mnt/data/admuser/msadepth/compreps/seedrep_cand/protenix/8kep_HL/d37/seedfull_r6/results/8kep_hl/seed_0/predictions/8kep_hl_sample_1.cif,8kep_HL,seedfull_r6,8kep_hl_sample_1.cif,0.18096
/mnt/data/admuser/msadepth/compreps/seedrep_cand/protenix/8kep_HL/d37/seedfull_r6/results/8kep_hl/seed_0/predictions/8kep_hl_sample_2.cif,8kep_HL,seedfull_r6,8kep_hl_sample_2.cif,0.17422
/mnt/data/admuser/msadepth/compreps/seedrep_cand/protenix/8kep_HL/d37/seedfull_r6/results/8kep_hl/seed_0/predictions/8kep_hl_sample_3.cif,8kep_HL,seedfull_r6,8kep_hl_sample_3.cif,0.172
/mnt/data/admuser/msadepth/compreps/seedrep_cand/protenix/8kep_HL/d37/seedfull_r6/results/8kep_hl/seed_0/predictions/8kep_hl_sample_4.cif,8kep_HL,seedfull_r6,8kep_hl_sample_4.cif,0.1692
/mnt/data/admuser/msadepth/compreps/seedrep_cand/protenix/8kep_HL/d37/seedfull_r7/results/8kep_hl/seed_0/predictions/8kep_hl_sample_0.cif,8kep_HL,seedfull_r7,8kep_hl_sample_0.cif,0.18197
/mnt/data/admuser/msadepth/compreps/seedrep_cand/protenix/8kep_HL/d37/seedfull_r7/results/8kep_hl/seed_0/predictions/8kep_hl_sample_1.cif,8kep_HL,seedfull_r7,8kep_hl_sample_1.cif,0.18114
/mnt/data/admuser/msadepth/compreps/seedrep_cand/protenix/8kep_HL/d37/seedfull_r7/results/8kep_hl/seed_0/predictions/8kep_hl_sample_2.cif,8kep_HL,seedfull_r7,8kep_hl_sample_2.cif,0.17586
/mnt/data/admuser/msadepth/compreps/seedrep_cand/protenix/8kep_HL/d37/seedfull_r7/results/8kep_hl/seed_0/predictions/8kep_hl_sample_3.cif,8kep_HL,seedfull_r7,8kep_hl_sample_3.cif,0.17373
/mnt/data/admuser/msadepth/compreps/seedrep_cand/protenix/8kep_HL/d37/seedfull_r7/results/8kep_hl/seed_0/predictions/8kep_hl_sample_4.cif,8kep_HL,seedfull_r7,8kep_hl_sample_4.cif,0.17307
/mnt/data/admuser/msadepth/compreps/seedrep_cand/protenix/8q7s_C/d35/seed0_r0/results/8q7s_c/seed_0/predictions/8q7s_c_sample_0.cif,8q7s_C,seed0_r0,8q7s_c_sample_0.cif,0.21368
/mnt/data/admuser/msadepth/compreps/seedrep_cand/protenix/8q7s_C/d35/seed0_r0/results/8q7s_c/seed_0/predictions/8q7s_c_sample_1.cif,8q7s_C,seed0_r0,8q7s_c_sample_1.cif,0.21159
/mnt/data/admuser/msadepth/compreps/seedrep_cand/protenix/8q7s_C/d35/seed0_r0/results/8q7s_c/seed_0/predictions/8q7s_c_sample_2.cif,8q7s_C,seed0_r0,8q7s_c_sample_2.cif,0.20518
/mnt/data/admuser/msadepth/compreps/seedrep_cand/protenix/8q7s_C/d35/seed0_r0/results/8q7s_c/seed_0/predictions/8q7s_c_sample_3.cif,8q7s_C,seed0_r0,8q7s_c_sample_3.cif,0.20195
/mnt/data/admuser/msadepth/compreps/seedrep_cand/protenix/8q7s_C/d35/seed0_r0/results/8q7s_c/seed_0/predictions/8q7s_c_sample_4.cif,8q7s_C,seed0_r0,8q7s_c_sample_4.cif,0.17931
/mnt/data/admuser/msadepth/compreps/seedrep_cand/protenix/8q7s_C/d35/seed1_r0/results/8q7s_c/seed_0/predictions/8q7s_c_sample_0.cif,8q7s_C,seed1_r0,8q7s_c_sample_0.cif,0.19962
/mnt/data/admuser/msadepth/compreps/seedrep_cand/protenix/8q7s_C/d35/seed1_r0/results/8q7s_c/seed_0/predictions/8q7s_c_sample_1.cif,8q7s_C,seed1_r0,8q7s_c_sample_1.cif,0.19198
/mnt/data/admuser/msadepth/compreps/seedrep_cand/protenix/8q7s_C/d35/seed1_r0/results/8q7s_c/seed_0/predictions/8q7s_c_sample_2.cif,8q7s_C,seed1_r0,8q7s_c_sample_2.cif,0.19033
/mnt/data/admuser/msadepth/compreps/seedrep_cand/protenix/8q7s_C/d35/seed1_r0/results/8q7s_c/seed_0/predictions/8q7s_c_sample_3.cif,8q7s_C,seed1_r0,8q7s_c_sample_3.cif,0.1891
/mnt/data/admuser/msadepth/compreps/seedrep_cand/protenix/8q7s_C/d35/seed1_r0/results/8q7s_c/seed_0/predictions/8q7s_c_sample_4.cif,8q7s_C,seed1_r0,8q7s_c_sample_4.cif,0.18722
/mnt/data/admuser/msadepth/compreps/seedrep_cand/protenix/8q7s_C/d35/seed2_r0/results/8q7s_c/seed_0/predictions/8q7s_c_sample_0.cif,8q7s_C,seed2_r0,8q7s_c_sample_0.cif,0.18049
/mnt/data/admuser/msadepth/compreps/seedrep_cand/protenix/8q7s_C/d35/seed2_r0/results/8q7s_c/seed_0/predictions/8q7s_c_sample_1.cif,8q7s_C,seed2_r0,8q7s_c_sample_1.cif,0.17987
/mnt/data/admuser/msadepth/compreps/seedrep_cand/protenix/8q7s_C/d35/seed2_r0/results/8q7s_c/seed_0/predictions/8q7s_c_sample_2.cif,8q7s_C,seed2_r0,8q7s_c_sample_2.cif,0.17589
/mnt/data/admuser/msadepth/compreps/seedrep_cand/protenix/8q7s_C/d35/seed2_r0/results/8q7s_c/seed_0/predictions/8q7s_c_sample_3.cif,8q7s_C,seed2_r0,8q7s_c_sample_3.cif,0.17337
/mnt/data/admuser/msadepth/compreps/seedrep_cand/protenix/8q7s_C/d35/seed2_r0/results/8q7s_c/seed_0/predictions/8q7s_c_sample_4.cif,8q7s_C,seed2_r0,8q7s_c_sample_4.cif,0.15464
/mnt/data/admuser/msadepth/compreps/seedrep_cand/protenix/8q7s_C/d35/seed3_r0/results/8q7s_c/seed_0/predictions/8q7s_c_sample_0.cif,8q7s_C,seed3_r0,8q7s_c_sample_0.cif,0.2089
/mnt/data/admuser/msadepth/compreps/seedrep_cand/protenix/8q7s_C/d35/seed3_r0/results/8q7s_c/seed_0/predictions/8q7s_c_sample_1.cif,8q7s_C,seed3_r0,8q7s_c_sample_1.cif,0.20695
/mnt/data/admuser/msadepth/compreps/seedrep_cand/protenix/8q7s_C/d35/seed3_r0/results/8q7s_c/seed_0/predictions/8q7s_c_sample_2.cif,8q7s_C,seed3_r0,8q7s_c_sample_2.cif,0.19967
/mnt/data/admuser/msadepth/compreps/seedrep_cand/protenix/8q7s_C/d35/seed3_r0/results/8q7s_c/seed_0/predictions/8q7s_c_sample_3.cif,8q7s_C,seed3_r0,8q7s_c_sample_3.cif,0.19436
/mnt/data/admuser/msadepth/compreps/seedrep_cand/protenix/8q7s_C/d35/seed3_r0/results/8q7s_c/seed_0/predictions/8q7s_c_sample_4.cif,8q7s_C,seed3_r0,8q7s_c_sample_4.cif,0.18429
/mnt/data/admuser/msadepth/compreps/seedrep_cand/protenix/8q7s_C/d35/seed4_r0/results/8q7s_c/seed_0/predictions/8q7s_c_sample_0.cif,8q7s_C,seed4_r0,8q7s_c_sample_0.cif,0.16233
/mnt/data/admuser/msadepth/compreps/seedrep_cand/protenix/8q7s_C/d35/seed4_r0/results/8q7s_c/seed_0/predictions/8q7s_c_sample_1.cif,8q7s_C,seed4_r0,8q7s_c_sample_1.cif,0.16073
/mnt/data/admuser/msadepth/compreps/seedrep_cand/protenix/8q7s_C/d35/seed4_r0/results/8q7s_c/seed_0/predictions/8q7s_c_sample_2.cif,8q7s_C,seed4_r0,8q7s_c_sample_2.cif,0.15972
/mnt/data/admuser/msadepth/compreps/seedrep_cand/protenix/8q7s_C/d35/seed4_r0/results/8q7s_c/seed_0/predictions/8q7s_c_sample_3.cif,8q7s_C,seed4_r0,8q7s_c_sample_3.cif,0.15893
/mnt/data/admuser/msadepth/compreps/seedrep_cand/protenix/8q7s_C/d35/seed4_r0/results/8q7s_c/seed_0/predictions/8q7s_c_sample_4.cif,8q7s_C,seed4_r0,8q7s_c_sample_4.cif,0.14843
/mnt/data/admuser/msadepth/compreps/seedrep_cand/protenix/8q7s_C/d35/seedfull_r0/results/8q7s_c/seed_0/predictions/8q7s_c_sample_0.cif,8q7s_C,seedfull_r0,8q7s_c_sample_0.cif,0.20495
/mnt/data/admuser/msadepth/compreps/seedrep_cand/protenix/8q7s_C/d35/seedfull_r0/results/8q7s_c/seed_0/predictions/8q7s_c_sample_1.cif,8q7s_C,seedfull_r0,8q7s_c_sample_1.cif,0.19254
/mnt/data/admuser/msadepth/compreps/seedrep_cand/protenix/8q7s_C/d35/seedfull_r0/results/8q7s_c/seed_0/predictions/8q7s_c_sample_2.cif,8q7s_C,seedfull_r0,8q7s_c_sample_2.cif,0.19014
/mnt/data/admuser/msadepth/compreps/seedrep_cand/protenix/8q7s_C/d35/seedfull_r0/results/8q7s_c/seed_0/predictions/8q7s_c_sample_3.cif,8q7s_C,seedfull_r0,8q7s_c_sample_3.cif,0.18992
/mnt/data/admuser/msadepth/compreps/seedrep_cand/protenix/8q7s_C/d35/seedfull_r0/results/8q7s_c/seed_0/predictions/8q7s_c_sample_4.cif,8q7s_C,seedfull_r0,8q7s_c_sample_4.cif,0.18383
/mnt/data/admuser/msadepth/compreps/seedrep_cand/protenix/8q7s_C/d35/seedfull_r1/results/8q7s_c/seed_0/predictions/8q7s_c_sample_0.cif,8q7s_C,seedfull_r1,8q7s_c_sample_0.cif,0.21046
/mnt/data/admuser/msadepth/compreps/seedrep_cand/protenix/8q7s_C/d35/seedfull_r1/results/8q7s_c/seed_0/predictions/8q7s_c_sample_1.cif,8q7s_C,seedfull_r1,8q7s_c_sample_1.cif,0.19129
/mnt/data/admuser/msadepth/compreps/seedrep_cand/protenix/8q7s_C/d35/seedfull_r1/results/8q7s_c/seed_0/predictions/8q7s_c_sample_2.cif,8q7s_C,seedfull_r1,8q7s_c_sample_2.cif,0.1881
/mnt/data/admuser/msadepth/compreps/seedrep_cand/protenix/8q7s_C/d35/seedfull_r1/results/8q7s_c/seed_0/predictions/8q7s_c_sample_3.cif,8q7s_C,seedfull_r1,8q7s_c_sample_3.cif,0.18807
/mnt/data/admuser/msadepth/compreps/seedrep_cand/protenix/8q7s_C/d35/seedfull_r1/results/8q7s_c/seed_0/predictions/8q7s_c_sample_4.cif,8q7s_C,seedfull_r1,8q7s_c_sample_4.cif,0.18563
/mnt/data/admuser/msadepth/compreps/seedrep_cand/protenix/8q7s_C/d35/seedfull_r2/results/8q7s_c/seed_0/predictions/8q7s_c_sample_0.cif,8q7s_C,seedfull_r2,8q7s_c_sample_0.cif,0.21349
/mnt/data/admuser/msadepth/compreps/seedrep_cand/protenix/8q7s_C/d35/seedfull_r2/results/8q7s_c/seed_0/predictions/8q7s_c_sample_1.cif,8q7s_C,seedfull_r2,8q7s_c_sample_1.cif,0.20772
/mnt/data/admuser/msadepth/compreps/seedrep_cand/protenix/8q7s_C/d35/seedfull_r2/results/8q7s_c/seed_0/predictions/8q7s_c_sample_2.cif,8q7s_C,seedfull_r2,8q7s_c_sample_2.cif,0.20117
/mnt/data/admuser/msadepth/compreps/seedrep_cand/protenix/8q7s_C/d35/seedfull_r2/results/8q7s_c/seed_0/predictions/8q7s_c_sample_3.cif,8q7s_C,seedfull_r2,8q7s_c_sample_3.cif,0.19372
/mnt/data/admuser/msadepth/compreps/seedrep_cand/protenix/8q7s_C/d35/seedfull_r2/results/8q7s_c/seed_0/predictions/8q7s_c_sample_4.cif,8q7s_C,seedfull_r2,8q7s_c_sample_4.cif,0.19148
/mnt/data/admuser/msadepth/compreps/seedrep_cand/protenix/8q7s_C/d35/seedfull_r3/results/8q7s_c/seed_0/predictions/8q7s_c_sample_0.cif,8q7s_C,seedfull_r3,8q7s_c_sample_0.cif,0.21607
/mnt/data/admuser/msadepth/compreps/seedrep_cand/protenix/8q7s_C/d35/seedfull_r3/results/8q7s_c/seed_0/predictions/8q7s_c_sample_1.cif,8q7s_C,seedfull_r3,8q7s_c_sample_1.cif,0.21175
/mnt/data/admuser/msadepth/compreps/seedrep_cand/protenix/8q7s_C/d35/seedfull_r3/results/8q7s_c/seed_0/predictions/8q7s_c_sample_2.cif,8q7s_C,seedfull_r3,8q7s_c_sample_2.cif,0.20098
/mnt/data/admuser/msadepth/compreps/seedrep_cand/protenix/8q7s_C/d35/seedfull_r3/results/8q7s_c/seed_0/predictions/8q7s_c_sample_3.cif,8q7s_C,seedfull_r3,8q7s_c_sample_3.cif,0.19037
/mnt/data/admuser/msadepth/compreps/seedrep_cand/protenix/8q7s_C/d35/seedfull_r3/results/8q7s_c/seed_0/predictions/8q7s_c_sample_4.cif,8q7s_C,seedfull_r3,8q7s_c_sample_4.cif,0.1902
/mnt/data/admuser/msadepth/compreps/seedrep_cand/protenix/8q7s_C/d35/seedfull_r4/results/8q7s_c/seed_0/predictions/8q7s_c_sample_0.cif,8q7s_C,seedfull_r4,8q7s_c_sample_0.cif,0.21088
/mnt/data/admuser/msadepth/compreps/seedrep_cand/protenix/8q7s_C/d35/seedfull_r4/results/8q7s_c/seed_0/predictions/8q7s_c_sample_1.cif,8q7s_C,seedfull_r4,8q7s_c_sample_1.cif,0.18718
/mnt/data/admuser/msadepth/compreps/seedrep_cand/protenix/8q7s_C/d35/seedfull_r4/results/8q7s_c/seed_0/predictions/8q7s_c_sample_2.cif,8q7s_C,seedfull_r4,8q7s_c_sample_2.cif,0.18649
/mnt/data/admuser/msadepth/compreps/seedrep_cand/protenix/8q7s_C/d35/seedfull_r4/results/8q7s_c/seed_0/predictions/8q7s_c_sample_3.cif,8q7s_C,seedfull_r4,8q7s_c_sample_3.cif,0.18608
/mnt/data/admuser/msadepth/compreps/seedrep_cand/protenix/8q7s_C/d35/seedfull_r4/results/8q7s_c/seed_0/predictions/8q7s_c_sample_4.cif,8q7s_C,seedfull_r4,8q7s_c_sample_4.cif,0.18473
/mnt/data/admuser/msadepth/compreps/seedrep_cand/protenix/8q7s_C/d86/seed0_r0/results/8q7s_c/seed_0/predictions/8q7s_c_sample_0.cif,8q7s_C,seed0_r0,8q7s_c_sample_0.cif,0.1851
/mnt/data/admuser/msadepth/compreps/seedrep_cand/protenix/8q7s_C/d86/seed0_r0/results/8q7s_c/seed_0/predictions/8q7s_c_sample_1.cif,8q7s_C,seed0_r0,8q7s_c_sample_1.cif,0.18066
/mnt/data/admuser/msadepth/compreps/seedrep_cand/protenix/8q7s_C/d86/seed0_r0/results/8q7s_c/seed_0/predictions/8q7s_c_sample_2.cif,8q7s_C,seed0_r0,8q7s_c_sample_2.cif,0.17762
/mnt/data/admuser/msadepth/compreps/seedrep_cand/protenix/8q7s_C/d86/seed0_r0/results/8q7s_c/seed_0/predictions/8q7s_c_sample_3.cif,8q7s_C,seed0_r0,8q7s_c_sample_3.cif,0.17262
/mnt/data/admuser/msadepth/compreps/seedrep_cand/protenix/8q7s_C/d86/seed0_r0/results/8q7s_c/seed_0/predictions/8q7s_c_sample_4.cif,8q7s_C,seed0_r0,8q7s_c_sample_4.cif,0.15842
/mnt/data/admuser/msadepth/compreps/seedrep_cand/protenix/8q7s_C/d86/seed0_r1/results/8q7s_c/seed_0/predictions/8q7s_c_sample_0.cif,8q7s_C,seed0_r1,8q7s_c_sample_0.cif,0.18785
/mnt/data/admuser/msadepth/compreps/seedrep_cand/protenix/8q7s_C/d86/seed0_r1/results/8q7s_c/seed_0/predictions/8q7s_c_sample_1.cif,8q7s_C,seed0_r1,8q7s_c_sample_1.cif,0.17649
/mnt/data/admuser/msadepth/compreps/seedrep_cand/protenix/8q7s_C/d86/seed0_r1/results/8q7s_c/seed_0/predictions/8q7s_c_sample_2.cif,8q7s_C,seed0_r1,8q7s_c_sample_2.cif,0.17571
/mnt/data/admuser/msadepth/compreps/seedrep_cand/protenix/8q7s_C/d86/seed0_r1/results/8q7s_c/seed_0/predictions/8q7s_c_sample_3.cif,8q7s_C,seed0_r1,8q7s_c_sample_3.cif,0.17236
/mnt/data/admuser/msadepth/compreps/seedrep_cand/protenix/8q7s_C/d86/seed0_r1/results/8q7s_c/seed_0/predictions/8q7s_c_sample_4.cif,8q7s_C,seed0_r1,8q7s_c_sample_4.cif,0.15808
/mnt/data/admuser/msadepth/compreps/seedrep_cand/protenix/8q7s_C/d86/seed0_r2/results/8q7s_c/seed_0/predictions/8q7s_c_sample_0.cif,8q7s_C,seed0_r2,8q7s_c_sample_0.cif,0.18359
/mnt/data/admuser/msadepth/compreps/seedrep_cand/protenix/8q7s_C/d86/seed0_r2/results/8q7s_c/seed_0/predictions/8q7s_c_sample_1.cif,8q7s_C,seed0_r2,8q7s_c_sample_1.cif,0.17683
/mnt/data/admuser/msadepth/compreps/seedrep_cand/protenix/8q7s_C/d86/seed0_r2/results/8q7s_c/seed_0/predictions/8q7s_c_sample_2.cif,8q7s_C,seed0_r2,8q7s_c_sample_2.cif,0.1739
/mnt/data/admuser/msadepth/compreps/seedrep_cand/protenix/8q7s_C/d86/seed0_r2/results/8q7s_c/seed_0/predictions/8q7s_c_sample_3.cif,8q7s_C,seed0_r2,8q7s_c_sample_3.cif,0.17214
/mnt/data/admuser/msadepth/compreps/seedrep_cand/protenix/8q7s_C/d86/seed0_r2/results/8q7s_c/seed_0/predictions/8q7s_c_sample_4.cif,8q7s_C,seed0_r2,8q7s_c_sample_4.cif,0.15767
/mnt/data/admuser/msadepth/compreps/seedrep_cand/protenix/8q7s_C/d86/seed0_r3/results/8q7s_c/seed_0/predictions/8q7s_c_sample_0.cif,8q7s_C,seed0_r3,8q7s_c_sample_0.cif,0.18314
/mnt/data/admuser/msadepth/compreps/seedrep_cand/protenix/8q7s_C/d86/seed0_r3/results/8q7s_c/seed_0/predictions/8q7s_c_sample_1.cif,8q7s_C,seed0_r3,8q7s_c_sample_1.cif,0.17516
/mnt/data/admuser/msadepth/compreps/seedrep_cand/protenix/8q7s_C/d86/seed0_r3/results/8q7s_c/seed_0/predictions/8q7s_c_sample_2.cif,8q7s_C,seed0_r3,8q7s_c_sample_2.cif,0.17344
/mnt/data/admuser/msadepth/compreps/seedrep_cand/protenix/8q7s_C/d86/seed0_r3/results/8q7s_c/seed_0/predictions/8q7s_c_sample_3.cif,8q7s_C,seed0_r3,8q7s_c_sample_3.cif,0.17339
/mnt/data/admuser/msadepth/compreps/seedrep_cand/protenix/8q7s_C/d86/seed0_r3/results/8q7s_c/seed_0/predictions/8q7s_c_sample_4.cif,8q7s_C,seed0_r3,8q7s_c_sample_4.cif,0.15854
/mnt/data/admuser/msadepth/compreps/seedrep_cand/protenix/8q7s_C/d86/seed1_r0/results/8q7s_c/seed_0/predictions/8q7s_c_sample_0.cif,8q7s_C,seed1_r0,8q7s_c_sample_0.cif,0.19805
/mnt/data/admuser/msadepth/compreps/seedrep_cand/protenix/8q7s_C/d86/seed1_r0/results/8q7s_c/seed_0/predictions/8q7s_c_sample_1.cif,8q7s_C,seed1_r0,8q7s_c_sample_1.cif,0.18923
/mnt/data/admuser/msadepth/compreps/seedrep_cand/protenix/8q7s_C/d86/seed1_r0/results/8q7s_c/seed_0/predictions/8q7s_c_sample_2.cif,8q7s_C,seed1_r0,8q7s_c_sample_2.cif,0.18894
/mnt/data/admuser/msadepth/compreps/seedrep_cand/protenix/8q7s_C/d86/seed1_r0/results/8q7s_c/seed_0/predictions/8q7s_c_sample_3.cif,8q7s_C,seed1_r0,8q7s_c_sample_3.cif,0.1853
/mnt/data/admuser/msadepth/compreps/seedrep_cand/protenix/8q7s_C/d86/seed1_r0/results/8q7s_c/seed_0/predictions/8q7s_c_sample_4.cif,8q7s_C,seed1_r0,8q7s_c_sample_4.cif,0.18488
/mnt/data/admuser/msadepth/compreps/seedrep_cand/protenix/8q7s_C/d86/seed1_r1/results/8q7s_c/seed_0/predictions/8q7s_c_sample_0.cif,8q7s_C,seed1_r1,8q7s_c_sample_0.cif,0.20955
/mnt/data/admuser/msadepth/compreps/seedrep_cand/protenix/8q7s_C/d86/seed1_r1/results/8q7s_c/seed_0/predictions/8q7s_c_sample_1.cif,8q7s_C,seed1_r1,8q7s_c_sample_1.cif,0.19887
/mnt/data/admuser/msadepth/compreps/seedrep_cand/protenix/8q7s_C/d86/seed1_r1/results/8q7s_c/seed_0/predictions/8q7s_c_sample_2.cif,8q7s_C,seed1_r1,8q7s_c_sample_2.cif,0.19599
/mnt/data/admuser/msadepth/compreps/seedrep_cand/protenix/8q7s_C/d86/seed1_r1/results/8q7s_c/seed_0/predictions/8q7s_c_sample_3.cif,8q7s_C,seed1_r1,8q7s_c_sample_3.cif,0.19007
/mnt/data/admuser/msadepth/compreps/seedrep_cand/protenix/8q7s_C/d86/seed1_r1/results/8q7s_c/seed_0/predictions/8q7s_c_sample_4.cif,8q7s_C,seed1_r1,8q7s_c_sample_4.cif,0.18654
/mnt/data/admuser/msadepth/compreps/seedrep_cand/protenix/8q7s_C/d86/seed1_r2/results/8q7s_c/seed_0/predictions/8q7s_c_sample_0.cif,8q7s_C,seed1_r2,8q7s_c_sample_0.cif,0.21458
/mnt/data/admuser/msadepth/compreps/seedrep_cand/protenix/8q7s_C/d86/seed1_r2/results/8q7s_c/seed_0/predictions/8q7s_c_sample_1.cif,8q7s_C,seed1_r2,8q7s_c_sample_1.cif,0.19924
/mnt/data/admuser/msadepth/compreps/seedrep_cand/protenix/8q7s_C/d86/seed1_r2/results/8q7s_c/seed_0/predictions/8q7s_c_sample_2.cif,8q7s_C,seed1_r2,8q7s_c_sample_2.cif,0.19338
/mnt/data/admuser/msadepth/compreps/seedrep_cand/protenix/8q7s_C/d86/seed1_r2/results/8q7s_c/seed_0/predictions/8q7s_c_sample_3.cif,8q7s_C,seed1_r2,8q7s_c_sample_3.cif,0.19395
/mnt/data/admuser/msadepth/compreps/seedrep_cand/protenix/8q7s_C/d86/seed1_r2/results/8q7s_c/seed_0/predictions/8q7s_c_sample_4.cif,8q7s_C,seed1_r2,8q7s_c_sample_4.cif,0.18668
/mnt/data/admuser/msadepth/compreps/seedrep_cand/protenix/8q7s_C/d86/seed1_r3/results/8q7s_c/seed_0/predictions/8q7s_c_sample_0.cif,8q7s_C,seed1_r3,8q7s_c_sample_0.cif,0.20259
/mnt/data/admuser/msadepth/compreps/seedrep_cand/protenix/8q7s_C/d86/seed1_r3/results/8q7s_c/seed_0/predictions/8q7s_c_sample_1.cif,8q7s_C,seed1_r3,8q7s_c_sample_1.cif,0.19973
/mnt/data/admuser/msadepth/compreps/seedrep_cand/protenix/8q7s_C/d86/seed1_r3/results/8q7s_c/seed_0/predictions/8q7s_c_sample_2.cif,8q7s_C,seed1_r3,8q7s_c_sample_2.cif,0.19359
/mnt/data/admuser/msadepth/compreps/seedrep_cand/protenix/8q7s_C/d86/seed1_r3/results/8q7s_c/seed_0/predictions/8q7s_c_sample_3.cif,8q7s_C,seed1_r3,8q7s_c_sample_3.cif,0.18706
/mnt/data/admuser/msadepth/compreps/seedrep_cand/protenix/8q7s_C/d86/seed1_r3/results/8q7s_c/seed_0/predictions/8q7s_c_sample_4.cif,8q7s_C,seed1_r3,8q7s_c_sample_4.cif,0.18077
/mnt/data/admuser/msadepth/compreps/seedrep_cand/protenix/8q7s_C/d86/seed2_r0/results/8q7s_c/seed_0/predictions/8q7s_c_sample_0.cif,8q7s_C,seed2_r0,8q7s_c_sample_0.cif,0.20961
/mnt/data/admuser/msadepth/compreps/seedrep_cand/protenix/8q7s_C/d86/seed2_r0/results/8q7s_c/seed_0/predictions/8q7s_c_sample_1.cif,8q7s_C,seed2_r0,8q7s_c_sample_1.cif,0.20819
/mnt/data/admuser/msadepth/compreps/seedrep_cand/protenix/8q7s_C/d86/seed2_r0/results/8q7s_c/seed_0/predictions/8q7s_c_sample_2.cif,8q7s_C,seed2_r0,8q7s_c_sample_2.cif,0.20455
/mnt/data/admuser/msadepth/compreps/seedrep_cand/protenix/8q7s_C/d86/seed2_r0/results/8q7s_c/seed_0/predictions/8q7s_c_sample_3.cif,8q7s_C,seed2_r0,8q7s_c_sample_3.cif,0.20199
/mnt/data/admuser/msadepth/compreps/seedrep_cand/protenix/8q7s_C/d86/seed2_r0/results/8q7s_c/seed_0/predictions/8q7s_c_sample_4.cif,8q7s_C,seed2_r0,8q7s_c_sample_4.cif,0.18448
/mnt/data/admuser/msadepth/compreps/seedrep_cand/protenix/8q7s_C/d86/seed2_r1/results/8q7s_c/seed_0/predictions/8q7s_c_sample_0.cif,8q7s_C,seed2_r1,8q7s_c_sample_0.cif,0.21769
/mnt/data/admuser/msadepth/compreps/seedrep_cand/protenix/8q7s_C/d86/seed2_r1/results/8q7s_c/seed_0/predictions/8q7s_c_sample_1.cif,8q7s_C,seed2_r1,8q7s_c_sample_1.cif,0.21319
/mnt/data/admuser/msadepth/compreps/seedrep_cand/protenix/8q7s_C/d86/seed2_r1/results/8q7s_c/seed_0/predictions/8q7s_c_sample_2.cif,8q7s_C,seed2_r1,8q7s_c_sample_2.cif,0.20866
/mnt/data/admuser/msadepth/compreps/seedrep_cand/protenix/8q7s_C/d86/seed2_r1/results/8q7s_c/seed_0/predictions/8q7s_c_sample_3.cif,8q7s_C,seed2_r1,8q7s_c_sample_3.cif,0.20187
/mnt/data/admuser/msadepth/compreps/seedrep_cand/protenix/8q7s_C/d86/seed2_r1/results/8q7s_c/seed_0/predictions/8q7s_c_sample_4.cif,8q7s_C,seed2_r1,8q7s_c_sample_4.cif,0.20161
/mnt/data/admuser/msadepth/compreps/seedrep_cand/protenix/8q7s_C/d86/seed2_r2/results/8q7s_c/seed_0/predictions/8q7s_c_sample_0.cif,8q7s_C,seed2_r2,8q7s_c_sample_0.cif,0.21436
/mnt/data/admuser/msadepth/compreps/seedrep_cand/protenix/8q7s_C/d86/seed2_r2/results/8q7s_c/seed_0/predictions/8q7s_c_sample_1.cif,8q7s_C,seed2_r2,8q7s_c_sample_1.cif,0.21393
/mnt/data/admuser/msadepth/compreps/seedrep_cand/protenix/8q7s_C/d86/seed2_r2/results/8q7s_c/seed_0/predictions/8q7s_c_sample_2.cif,8q7s_C,seed2_r2,8q7s_c_sample_2.cif,0.20299
/mnt/data/admuser/msadepth/compreps/seedrep_cand/protenix/8q7s_C/d86/seed2_r2/results/8q7s_c/seed_0/predictions/8q7s_c_sample_3.cif,8q7s_C,seed2_r2,8q7s_c_sample_3.cif,0.19927
/mnt/data/admuser/msadepth/compreps/seedrep_cand/protenix/8q7s_C/d86/seed2_r2/results/8q7s_c/seed_0/predictions/8q7s_c_sample_4.cif,8q7s_C,seed2_r2,8q7s_c_sample_4.cif,0.19087
/mnt/data/admuser/msadepth/compreps/seedrep_cand/protenix/8q7s_C/d86/seed2_r3/results/8q7s_c/seed_0/predictions/8q7s_c_sample_0.cif,8q7s_C,seed2_r3,8q7s_c_sample_0.cif,0.21772
/mnt/data/admuser/msadepth/compreps/seedrep_cand/protenix/8q7s_C/d86/seed2_r3/results/8q7s_c/seed_0/predictions/8q7s_c_sample_1.cif,8q7s_C,seed2_r3,8q7s_c_sample_1.cif,0.21544
/mnt/data/admuser/msadepth/compreps/seedrep_cand/protenix/8q7s_C/d86/seed2_r3/results/8q7s_c/seed_0/predictions/8q7s_c_sample_2.cif,8q7s_C,seed2_r3,8q7s_c_sample_2.cif,0.20826
/mnt/data/admuser/msadepth/compreps/seedrep_cand/protenix/8q7s_C/d86/seed2_r3/results/8q7s_c/seed_0/predictions/8q7s_c_sample_3.cif,8q7s_C,seed2_r3,8q7s_c_sample_3.cif,0.20272
/mnt/data/admuser/msadepth/compreps/seedrep_cand/protenix/8q7s_C/d86/seed2_r3/results/8q7s_c/seed_0/predictions/8q7s_c_sample_4.cif,8q7s_C,seed2_r3,8q7s_c_sample_4.cif,0.19853
/mnt/data/admuser/msadepth/compreps/seedrep_cand/protenix/8q7s_C/d86/seed3_r0/results/8q7s_c/seed_0/predictions/8q7s_c_sample_0.cif,8q7s_C,seed3_r0,8q7s_c_sample_0.cif,0.19309
/mnt/data/admuser/msadepth/compreps/seedrep_cand/protenix/8q7s_C/d86/seed3_r0/results/8q7s_c/seed_0/predictions/8q7s_c_sample_1.cif,8q7s_C,seed3_r0,8q7s_c_sample_1.cif,0.18071
/mnt/data/admuser/msadepth/compreps/seedrep_cand/protenix/8q7s_C/d86/seed3_r0/results/8q7s_c/seed_0/predictions/8q7s_c_sample_2.cif,8q7s_C,seed3_r0,8q7s_c_sample_2.cif,0.17952
/mnt/data/admuser/msadepth/compreps/seedrep_cand/protenix/8q7s_C/d86/seed3_r0/results/8q7s_c/seed_0/predictions/8q7s_c_sample_3.cif,8q7s_C,seed3_r0,8q7s_c_sample_3.cif,0.1766
/mnt/data/admuser/msadepth/compreps/seedrep_cand/protenix/8q7s_C/d86/seed3_r0/results/8q7s_c/seed_0/predictions/8q7s_c_sample_4.cif,8q7s_C,seed3_r0,8q7s_c_sample_4.cif,0.17561
/mnt/data/admuser/msadepth/compreps/seedrep_cand/protenix/8q7s_C/d86/seed3_r1/results/8q7s_c/seed_0/predictions/8q7s_c_sample_0.cif,8q7s_C,seed3_r1,8q7s_c_sample_0.cif,0.19087
/mnt/data/admuser/msadepth/compreps/seedrep_cand/protenix/8q7s_C/d86/seed3_r1/results/8q7s_c/seed_0/predictions/8q7s_c_sample_1.cif,8q7s_C,seed3_r1,8q7s_c_sample_1.cif,0.19075
/mnt/data/admuser/msadepth/compreps/seedrep_cand/protenix/8q7s_C/d86/seed3_r1/results/8q7s_c/seed_0/predictions/8q7s_c_sample_2.cif,8q7s_C,seed3_r1,8q7s_c_sample_2.cif,0.1859
/mnt/data/admuser/msadepth/compreps/seedrep_cand/protenix/8q7s_C/d86/seed3_r1/results/8q7s_c/seed_0/predictions/8q7s_c_sample_3.cif,8q7s_C,seed3_r1,8q7s_c_sample_3.cif,0.18383
/mnt/data/admuser/msadepth/compreps/seedrep_cand/protenix/8q7s_C/d86/seed3_r1/results/8q7s_c/seed_0/predictions/8q7s_c_sample_4.cif,8q7s_C,seed3_r1,8q7s_c_sample_4.cif,0.1803
/mnt/data/admuser/msadepth/compreps/seedrep_cand/protenix/8q7s_C/d86/seed3_r2/results/8q7s_c/seed_0/predictions/8q7s_c_sample_0.cif,8q7s_C,seed3_r2,8q7s_c_sample_0.cif,0.19108
/mnt/data/admuser/msadepth/compreps/seedrep_cand/protenix/8q7s_C/d86/seed3_r2/results/8q7s_c/seed_0/predictions/8q7s_c_sample_1.cif,8q7s_C,seed3_r2,8q7s_c_sample_1.cif,0.18412
/mnt/data/admuser/msadepth/compreps/seedrep_cand/protenix/8q7s_C/d86/seed3_r2/results/8q7s_c/seed_0/predictions/8q7s_c_sample_2.cif,8q7s_C,seed3_r2,8q7s_c_sample_2.cif,0.18007
/mnt/data/admuser/msadepth/compreps/seedrep_cand/protenix/8q7s_C/d86/seed3_r2/results/8q7s_c/seed_0/predictions/8q7s_c_sample_3.cif,8q7s_C,seed3_r2,8q7s_c_sample_3.cif,0.17847
/mnt/data/admuser/msadepth/compreps/seedrep_cand/protenix/8q7s_C/d86/seed3_r2/results/8q7s_c/seed_0/predictions/8q7s_c_sample_4.cif,8q7s_C,seed3_r2,8q7s_c_sample_4.cif,0.17516
/mnt/data/admuser/msadepth/compreps/seedrep_cand/protenix/8q7s_C/d86/seed3_r3/results/8q7s_c/seed_0/predictions/8q7s_c_sample_0.cif,8q7s_C,seed3_r3,8q7s_c_sample_0.cif,0.18579
/mnt/data/admuser/msadepth/compreps/seedrep_cand/protenix/8q7s_C/d86/seed3_r3/results/8q7s_c/seed_0/predictions/8q7s_c_sample_1.cif,8q7s_C,seed3_r3,8q7s_c_sample_1.cif,0.18265
/mnt/data/admuser/msadepth/compreps/seedrep_cand/protenix/8q7s_C/d86/seed3_r3/results/8q7s_c/seed_0/predictions/8q7s_c_sample_2.cif,8q7s_C,seed3_r3,8q7s_c_sample_2.cif,0.17879
/mnt/data/admuser/msadepth/compreps/seedrep_cand/protenix/8q7s_C/d86/seed3_r3/results/8q7s_c/seed_0/predictions/8q7s_c_sample_3.cif,8q7s_C,seed3_r3,8q7s_c_sample_3.cif,0.17841
/mnt/data/admuser/msadepth/compreps/seedrep_cand/protenix/8q7s_C/d86/seed3_r3/results/8q7s_c/seed_0/predictions/8q7s_c_sample_4.cif,8q7s_C,seed3_r3,8q7s_c_sample_4.cif,0.17533
/mnt/data/admuser/msadepth/compreps/seedrep_cand/protenix/8q7s_C/d86/seed4_r0/results/8q7s_c/seed_0/predictions/8q7s_c_sample_0.cif,8q7s_C,seed4_r0,8q7s_c_sample_0.cif,0.22192
/mnt/data/admuser/msadepth/compreps/seedrep_cand/protenix/8q7s_C/d86/seed4_r0/results/8q7s_c/seed_0/predictions/8q7s_c_sample_1.cif,8q7s_C,seed4_r0,8q7s_c_sample_1.cif,0.20982
/mnt/data/admuser/msadepth/compreps/seedrep_cand/protenix/8q7s_C/d86/seed4_r0/results/8q7s_c/seed_0/predictions/8q7s_c_sample_2.cif,8q7s_C,seed4_r0,8q7s_c_sample_2.cif,0.20176
/mnt/data/admuser/msadepth/compreps/seedrep_cand/protenix/8q7s_C/d86/seed4_r0/results/8q7s_c/seed_0/predictions/8q7s_c_sample_3.cif,8q7s_C,seed4_r0,8q7s_c_sample_3.cif,0.19445
/mnt/data/admuser/msadepth/compreps/seedrep_cand/protenix/8q7s_C/d86/seed4_r0/results/8q7s_c/seed_0/predictions/8q7s_c_sample_4.cif,8q7s_C,seed4_r0,8q7s_c_sample_4.cif,0.18716
/mnt/data/admuser/msadepth/compreps/seedrep_cand/protenix/8q7s_C/d86/seed4_r1/results/8q7s_c/seed_0/predictions/8q7s_c_sample_0.cif,8q7s_C,seed4_r1,8q7s_c_sample_0.cif,0.21495
/mnt/data/admuser/msadepth/compreps/seedrep_cand/protenix/8q7s_C/d86/seed4_r1/results/8q7s_c/seed_0/predictions/8q7s_c_sample_1.cif,8q7s_C,seed4_r1,8q7s_c_sample_1.cif,0.20403
/mnt/data/admuser/msadepth/compreps/seedrep_cand/protenix/8q7s_C/d86/seed4_r1/results/8q7s_c/seed_0/predictions/8q7s_c_sample_2.cif,8q7s_C,seed4_r1,8q7s_c_sample_2.cif,0.20384
/mnt/data/admuser/msadepth/compreps/seedrep_cand/protenix/8q7s_C/d86/seed4_r1/results/8q7s_c/seed_0/predictions/8q7s_c_sample_3.cif,8q7s_C,seed4_r1,8q7s_c_sample_3.cif,0.19668
/mnt/data/admuser/msadepth/compreps/seedrep_cand/protenix/8q7s_C/d86/seed4_r1/results/8q7s_c/seed_0/predictions/8q7s_c_sample_4.cif,8q7s_C,seed4_r1,8q7s_c_sample_4.cif,0.19328
/mnt/data/admuser/msadepth/compreps/seedrep_cand/protenix/8q7s_C/d86/seed4_r2/results/8q7s_c/seed_0/predictions/8q7s_c_sample_0.cif,8q7s_C,seed4_r2,8q7s_c_sample_0.cif,0.20756
/mnt/data/admuser/msadepth/compreps/seedrep_cand/protenix/8q7s_C/d86/seed4_r2/results/8q7s_c/seed_0/predictions/8q7s_c_sample_1.cif,8q7s_C,seed4_r2,8q7s_c_sample_1.cif,0.20346
/mnt/data/admuser/msadepth/compreps/seedrep_cand/protenix/8q7s_C/d86/seed4_r2/results/8q7s_c/seed_0/predictions/8q7s_c_sample_2.cif,8q7s_C,seed4_r2,8q7s_c_sample_2.cif,0.2036
/mnt/data/admuser/msadepth/compreps/seedrep_cand/protenix/8q7s_C/d86/seed4_r2/results/8q7s_c/seed_0/predictions/8q7s_c_sample_3.cif,8q7s_C,seed4_r2,8q7s_c_sample_3.cif,0.20173
/mnt/data/admuser/msadepth/compreps/seedrep_cand/protenix/8q7s_C/d86/seed4_r2/results/8q7s_c/seed_0/predictions/8q7s_c_sample_4.cif,8q7s_C,seed4_r2,8q7s_c_sample_4.cif,0.18459
/mnt/data/admuser/msadepth/compreps/seedrep_cand/protenix/8q7s_C/d86/seed4_r3/results/8q7s_c/seed_0/predictions/8q7s_c_sample_0.cif,8q7s_C,seed4_r3,8q7s_c_sample_0.cif,0.2279
/mnt/data/admuser/msadepth/compreps/seedrep_cand/protenix/8q7s_C/d86/seed4_r3/results/8q7s_c/seed_0/predictions/8q7s_c_sample_1.cif,8q7s_C,seed4_r3,8q7s_c_sample_1.cif,0.21425
/mnt/data/admuser/msadepth/compreps/seedrep_cand/protenix/8q7s_C/d86/seed4_r3/results/8q7s_c/seed_0/predictions/8q7s_c_sample_2.cif,8q7s_C,seed4_r3,8q7s_c_sample_2.cif,0.21203
/mnt/data/admuser/msadepth/compreps/seedrep_cand/protenix/8q7s_C/d86/seed4_r3/results/8q7s_c/seed_0/predictions/8q7s_c_sample_3.cif,8q7s_C,seed4_r3,8q7s_c_sample_3.cif,0.19753
/mnt/data/admuser/msadepth/compreps/seedrep_cand/protenix/8q7s_C/d86/seed4_r3/results/8q7s_c/seed_0/predictions/8q7s_c_sample_4.cif,8q7s_C,seed4_r3,8q7s_c_sample_4.cif,0.19531
/mnt/data/admuser/msadepth/compreps/seedrep_cand/protenix/8q7s_C/d86/seed5_r0/results/8q7s_c/seed_0/predictions/8q7s_c_sample_0.cif,8q7s_C,seed5_r0,8q7s_c_sample_0.cif,0.18856
/mnt/data/admuser/msadepth/compreps/seedrep_cand/protenix/8q7s_C/d86/seed5_r0/results/8q7s_c/seed_0/predictions/8q7s_c_sample_1.cif,8q7s_C,seed5_r0,8q7s_c_sample_1.cif,0.18286
/mnt/data/admuser/msadepth/compreps/seedrep_cand/protenix/8q7s_C/d86/seed5_r0/results/8q7s_c/seed_0/predictions/8q7s_c_sample_2.cif,8q7s_C,seed5_r0,8q7s_c_sample_2.cif,0.17911
/mnt/data/admuser/msadepth/compreps/seedrep_cand/protenix/8q7s_C/d86/seed5_r0/results/8q7s_c/seed_0/predictions/8q7s_c_sample_3.cif,8q7s_C,seed5_r0,8q7s_c_sample_3.cif,0.17009
/mnt/data/admuser/msadepth/compreps/seedrep_cand/protenix/8q7s_C/d86/seed5_r0/results/8q7s_c/seed_0/predictions/8q7s_c_sample_4.cif,8q7s_C,seed5_r0,8q7s_c_sample_4.cif,0.15162
/mnt/data/admuser/msadepth/compreps/seedrep_cand/protenix/8q7s_C/d86/seed5_r1/results/8q7s_c/seed_0/predictions/8q7s_c_sample_0.cif,8q7s_C,seed5_r1,8q7s_c_sample_0.cif,0.20568
/mnt/data/admuser/msadepth/compreps/seedrep_cand/protenix/8q7s_C/d86/seed5_r1/results/8q7s_c/seed_0/predictions/8q7s_c_sample_1.cif,8q7s_C,seed5_r1,8q7s_c_sample_1.cif,0.2029
/mnt/data/admuser/msadepth/compreps/seedrep_cand/protenix/8q7s_C/d86/seed5_r1/results/8q7s_c/seed_0/predictions/8q7s_c_sample_2.cif,8q7s_C,seed5_r1,8q7s_c_sample_2.cif,0.1975
/mnt/data/admuser/msadepth/compreps/seedrep_cand/protenix/8q7s_C/d86/seed5_r1/results/8q7s_c/seed_0/predictions/8q7s_c_sample_3.cif,8q7s_C,seed5_r1,8q7s_c_sample_3.cif,0.18508
/mnt/data/admuser/msadepth/compreps/seedrep_cand/protenix/8q7s_C/d86/seed5_r1/results/8q7s_c/seed_0/predictions/8q7s_c_sample_4.cif,8q7s_C,seed5_r1,8q7s_c_sample_4.cif,0.17836
/mnt/data/admuser/msadepth/compreps/seedrep_cand/protenix/8q7s_C/d86/seed5_r2/results/8q7s_c/seed_0/predictions/8q7s_c_sample_0.cif,8q7s_C,seed5_r2,8q7s_c_sample_0.cif,0.19748
/mnt/data/admuser/msadepth/compreps/seedrep_cand/protenix/8q7s_C/d86/seed5_r2/results/8q7s_c/seed_0/predictions/8q7s_c_sample_1.cif,8q7s_C,seed5_r2,8q7s_c_sample_1.cif,0.18926
/mnt/data/admuser/msadepth/compreps/seedrep_cand/protenix/8q7s_C/d86/seed5_r2/results/8q7s_c/seed_0/predictions/8q7s_c_sample_2.cif,8q7s_C,seed5_r2,8q7s_c_sample_2.cif,0.18692
/mnt/data/admuser/msadepth/compreps/seedrep_cand/protenix/8q7s_C/d86/seed5_r2/results/8q7s_c/seed_0/predictions/8q7s_c_sample_3.cif,8q7s_C,seed5_r2,8q7s_c_sample_3.cif,0.18336
/mnt/data/admuser/msadepth/compreps/seedrep_cand/protenix/8q7s_C/d86/seed5_r2/results/8q7s_c/seed_0/predictions/8q7s_c_sample_4.cif,8q7s_C,seed5_r2,8q7s_c_sample_4.cif,0.16496
/mnt/data/admuser/msadepth/compreps/seedrep_cand/protenix/8q7s_C/d86/seed5_r3/results/8q7s_c/seed_0/predictions/8q7s_c_sample_0.cif,8q7s_C,seed5_r3,8q7s_c_sample_0.cif,0.19459
/mnt/data/admuser/msadepth/compreps/seedrep_cand/protenix/8q7s_C/d86/seed5_r3/results/8q7s_c/seed_0/predictions/8q7s_c_sample_1.cif,8q7s_C,seed5_r3,8q7s_c_sample_1.cif,0.18506
/mnt/data/admuser/msadepth/compreps/seedrep_cand/protenix/8q7s_C/d86/seed5_r3/results/8q7s_c/seed_0/predictions/8q7s_c_sample_2.cif,8q7s_C,seed5_r3,8q7s_c_sample_2.cif,0.18501
/mnt/data/admuser/msadepth/compreps/seedrep_cand/protenix/8q7s_C/d86/seed5_r3/results/8q7s_c/seed_0/predictions/8q7s_c_sample_3.cif,8q7s_C,seed5_r3,8q7s_c_sample_3.cif,0.17318
/mnt/data/admuser/msadepth/compreps/seedrep_cand/protenix/8q7s_C/d86/seed5_r3/results/8q7s_c/seed_0/predictions/8q7s_c_sample_4.cif,8q7s_C,seed5_r3,8q7s_c_sample_4.cif,0.15857
/mnt/data/admuser/msadepth/compreps/seedrep_cand/protenix/8q7s_C/d86/seedfull_r0/results/8q7s_c/seed_0/predictions/8q7s_c_sample_0.cif,8q7s_C,seedfull_r0,8q7s_c_sample_0.cif,0.21058
/mnt/data/admuser/msadepth/compreps/seedrep_cand/protenix/8q7s_C/d86/seedfull_r0/results/8q7s_c/seed_0/predictions/8q7s_c_sample_1.cif,8q7s_C,seedfull_r0,8q7s_c_sample_1.cif,0.18888
/mnt/data/admuser/msadepth/compreps/seedrep_cand/protenix/8q7s_C/d86/seedfull_r0/results/8q7s_c/seed_0/predictions/8q7s_c_sample_2.cif,8q7s_C,seedfull_r0,8q7s_c_sample_2.cif,0.18817
/mnt/data/admuser/msadepth/compreps/seedrep_cand/protenix/8q7s_C/d86/seedfull_r0/results/8q7s_c/seed_0/predictions/8q7s_c_sample_3.cif,8q7s_C,seedfull_r0,8q7s_c_sample_3.cif,0.1866
/mnt/data/admuser/msadepth/compreps/seedrep_cand/protenix/8q7s_C/d86/seedfull_r0/results/8q7s_c/seed_0/predictions/8q7s_c_sample_4.cif,8q7s_C,seedfull_r0,8q7s_c_sample_4.cif,0.18615
/mnt/data/admuser/msadepth/compreps/seedrep_cand/protenix/8q7s_C/d86/seedfull_r1/results/8q7s_c/seed_0/predictions/8q7s_c_sample_0.cif,8q7s_C,seedfull_r1,8q7s_c_sample_0.cif,0.21709
/mnt/data/admuser/msadepth/compreps/seedrep_cand/protenix/8q7s_C/d86/seedfull_r1/results/8q7s_c/seed_0/predictions/8q7s_c_sample_1.cif,8q7s_C,seedfull_r1,8q7s_c_sample_1.cif,0.20746
/mnt/data/admuser/msadepth/compreps/seedrep_cand/protenix/8q7s_C/d86/seedfull_r1/results/8q7s_c/seed_0/predictions/8q7s_c_sample_2.cif,8q7s_C,seedfull_r1,8q7s_c_sample_2.cif,0.19624
/mnt/data/admuser/msadepth/compreps/seedrep_cand/protenix/8q7s_C/d86/seedfull_r1/results/8q7s_c/seed_0/predictions/8q7s_c_sample_3.cif,8q7s_C,seedfull_r1,8q7s_c_sample_3.cif,0.18983
/mnt/data/admuser/msadepth/compreps/seedrep_cand/protenix/8q7s_C/d86/seedfull_r1/results/8q7s_c/seed_0/predictions/8q7s_c_sample_4.cif,8q7s_C,seedfull_r1,8q7s_c_sample_4.cif,0.18851
/mnt/data/admuser/msadepth/compreps/seedrep_cand/protenix/8q7s_C/d86/seedfull_r2/results/8q7s_c/seed_0/predictions/8q7s_c_sample_0.cif,8q7s_C,seedfull_r2,8q7s_c_sample_0.cif,0.20428
/mnt/data/admuser/msadepth/compreps/seedrep_cand/protenix/8q7s_C/d86/seedfull_r2/results/8q7s_c/seed_0/predictions/8q7s_c_sample_1.cif,8q7s_C,seedfull_r2,8q7s_c_sample_1.cif,0.19001
/mnt/data/admuser/msadepth/compreps/seedrep_cand/protenix/8q7s_C/d86/seedfull_r2/results/8q7s_c/seed_0/predictions/8q7s_c_sample_2.cif,8q7s_C,seedfull_r2,8q7s_c_sample_2.cif,0.18901
/mnt/data/admuser/msadepth/compreps/seedrep_cand/protenix/8q7s_C/d86/seedfull_r2/results/8q7s_c/seed_0/predictions/8q7s_c_sample_3.cif,8q7s_C,seedfull_r2,8q7s_c_sample_3.cif,0.18724
/mnt/data/admuser/msadepth/compreps/seedrep_cand/protenix/8q7s_C/d86/seedfull_r2/results/8q7s_c/seed_0/predictions/8q7s_c_sample_4.cif,8q7s_C,seedfull_r2,8q7s_c_sample_4.cif,0.18429
/mnt/data/admuser/msadepth/compreps/seedrep_cand/protenix/8q7s_C/d86/seedfull_r3/results/8q7s_c/seed_0/predictions/8q7s_c_sample_0.cif,8q7s_C,seedfull_r3,8q7s_c_sample_0.cif,0.21485
/mnt/data/admuser/msadepth/compreps/seedrep_cand/protenix/8q7s_C/d86/seedfull_r3/results/8q7s_c/seed_0/predictions/8q7s_c_sample_1.cif,8q7s_C,seedfull_r3,8q7s_c_sample_1.cif,0.20684
/mnt/data/admuser/msadepth/compreps/seedrep_cand/protenix/8q7s_C/d86/seedfull_r3/results/8q7s_c/seed_0/predictions/8q7s_c_sample_2.cif,8q7s_C,seedfull_r3,8q7s_c_sample_2.cif,0.20049
/mnt/data/admuser/msadepth/compreps/seedrep_cand/protenix/8q7s_C/d86/seedfull_r3/results/8q7s_c/seed_0/predictions/8q7s_c_sample_3.cif,8q7s_C,seedfull_r3,8q7s_c_sample_3.cif,0.1975
/mnt/data/admuser/msadepth/compreps/seedrep_cand/protenix/8q7s_C/d86/seedfull_r3/results/8q7s_c/seed_0/predictions/8q7s_c_sample_4.cif,8q7s_C,seedfull_r3,8q7s_c_sample_4.cif,0.19474
/mnt/data/admuser/msadepth/compreps/seedrep_cand/protenix/8q7s_C/d86/seedfull_r4/results/8q7s_c/seed_0/predictions/8q7s_c_sample_0.cif,8q7s_C,seedfull_r4,8q7s_c_sample_0.cif,0.20476
/mnt/data/admuser/msadepth/compreps/seedrep_cand/protenix/8q7s_C/d86/seedfull_r4/results/8q7s_c/seed_0/predictions/8q7s_c_sample_1.cif,8q7s_C,seedfull_r4,8q7s_c_sample_1.cif,0.19067
/mnt/data/admuser/msadepth/compreps/seedrep_cand/protenix/8q7s_C/d86/seedfull_r4/results/8q7s_c/seed_0/predictions/8q7s_c_sample_2.cif,8q7s_C,seedfull_r4,8q7s_c_sample_2.cif,0.18916
/mnt/data/admuser/msadepth/compreps/seedrep_cand/protenix/8q7s_C/d86/seedfull_r4/results/8q7s_c/seed_0/predictions/8q7s_c_sample_3.cif,8q7s_C,seedfull_r4,8q7s_c_sample_3.cif,0.18906
/mnt/data/admuser/msadepth/compreps/seedrep_cand/protenix/8q7s_C/d86/seedfull_r4/results/8q7s_c/seed_0/predictions/8q7s_c_sample_4.cif,8q7s_C,seedfull_r4,8q7s_c_sample_4.cif,0.18513
/mnt/data/admuser/msadepth/compreps/seedrep_cand/protenix/8q7s_C/d86/seedfull_r5/results/8q7s_c/seed_0/predictions/8q7s_c_sample_0.cif,8q7s_C,seedfull_r5,8q7s_c_sample_0.cif,0.21786
/mnt/data/admuser/msadepth/compreps/seedrep_cand/protenix/8q7s_C/d86/seedfull_r5/results/8q7s_c/seed_0/predictions/8q7s_c_sample_1.cif,8q7s_C,seedfull_r5,8q7s_c_sample_1.cif,0.20919
/mnt/data/admuser/msadepth/compreps/seedrep_cand/protenix/8q7s_C/d86/seedfull_r5/results/8q7s_c/seed_0/predictions/8q7s_c_sample_2.cif,8q7s_C,seedfull_r5,8q7s_c_sample_2.cif,0.19769
/mnt/data/admuser/msadepth/compreps/seedrep_cand/protenix/8q7s_C/d86/seedfull_r5/results/8q7s_c/seed_0/predictions/8q7s_c_sample_3.cif,8q7s_C,seedfull_r5,8q7s_c_sample_3.cif,0.1919
/mnt/data/admuser/msadepth/compreps/seedrep_cand/protenix/8q7s_C/d86/seedfull_r5/results/8q7s_c/seed_0/predictions/8q7s_c_sample_4.cif,8q7s_C,seedfull_r5,8q7s_c_sample_4.cif,0.19148
/mnt/data/admuser/msadepth/compreps/seedrep_cand/protenix/8q7s_C/d86/seedfull_r6/results/8q7s_c/seed_0/predictions/8q7s_c_sample_0.cif,8q7s_C,seedfull_r6,8q7s_c_sample_0.cif,0.21927
/mnt/data/admuser/msadepth/compreps/seedrep_cand/protenix/8q7s_C/d86/seedfull_r6/results/8q7s_c/seed_0/predictions/8q7s_c_sample_1.cif,8q7s_C,seedfull_r6,8q7s_c_sample_1.cif,0.2079
/mnt/data/admuser/msadepth/compreps/seedrep_cand/protenix/8q7s_C/d86/seedfull_r6/results/8q7s_c/seed_0/predictions/8q7s_c_sample_2.cif,8q7s_C,seedfull_r6,8q7s_c_sample_2.cif,0.18769
/mnt/data/admuser/msadepth/compreps/seedrep_cand/protenix/8q7s_C/d86/seedfull_r6/results/8q7s_c/seed_0/predictions/8q7s_c_sample_3.cif,8q7s_C,seedfull_r6,8q7s_c_sample_3.cif,0.18703
/mnt/data/admuser/msadepth/compreps/seedrep_cand/protenix/8q7s_C/d86/seedfull_r6/results/8q7s_c/seed_0/predictions/8q7s_c_sample_4.cif,8q7s_C,seedfull_r6,8q7s_c_sample_4.cif,0.18392
/mnt/data/admuser/msadepth/compreps/seedrep_cand/protenix/8q7s_C/d86/seedfull_r7/results/8q7s_c/seed_0/predictions/8q7s_c_sample_0.cif,8q7s_C,seedfull_r7,8q7s_c_sample_0.cif,0.21216
/mnt/data/admuser/msadepth/compreps/seedrep_cand/protenix/8q7s_C/d86/seedfull_r7/results/8q7s_c/seed_0/predictions/8q7s_c_sample_1.cif,8q7s_C,seedfull_r7,8q7s_c_sample_1.cif,0.2074
/mnt/data/admuser/msadepth/compreps/seedrep_cand/protenix/8q7s_C/d86/seedfull_r7/results/8q7s_c/seed_0/predictions/8q7s_c_sample_2.cif,8q7s_C,seedfull_r7,8q7s_c_sample_2.cif,0.20011
/mnt/data/admuser/msadepth/compreps/seedrep_cand/protenix/8q7s_C/d86/seedfull_r7/results/8q7s_c/seed_0/predictions/8q7s_c_sample_3.cif,8q7s_C,seedfull_r7,8q7s_c_sample_3.cif,0.19618
/mnt/data/admuser/msadepth/compreps/seedrep_cand/protenix/8q7s_C/d86/seedfull_r7/results/8q7s_c/seed_0/predictions/8q7s_c_sample_4.cif,8q7s_C,seedfull_r7,8q7s_c_sample_4.cif,0.19381
/mnt/data/admuser/msadepth/compreps/seedrep_cand/protenix/8q7s_H/d55/seed0_r0/results/8q7s_h/seed_0/predictions/8q7s_h_sample_0.cif,8q7s_H,seed0_r0,8q7s_h_sample_0.cif,0.23823
/mnt/data/admuser/msadepth/compreps/seedrep_cand/protenix/8q7s_H/d55/seed0_r0/results/8q7s_h/seed_0/predictions/8q7s_h_sample_1.cif,8q7s_H,seed0_r0,8q7s_h_sample_1.cif,0.23777
/mnt/data/admuser/msadepth/compreps/seedrep_cand/protenix/8q7s_H/d55/seed0_r0/results/8q7s_h/seed_0/predictions/8q7s_h_sample_2.cif,8q7s_H,seed0_r0,8q7s_h_sample_2.cif,0.23785
/mnt/data/admuser/msadepth/compreps/seedrep_cand/protenix/8q7s_H/d55/seed0_r0/results/8q7s_h/seed_0/predictions/8q7s_h_sample_3.cif,8q7s_H,seed0_r0,8q7s_h_sample_3.cif,0.23618
/mnt/data/admuser/msadepth/compreps/seedrep_cand/protenix/8q7s_H/d55/seed0_r0/results/8q7s_h/seed_0/predictions/8q7s_h_sample_4.cif,8q7s_H,seed0_r0,8q7s_h_sample_4.cif,0.22338
/mnt/data/admuser/msadepth/compreps/seedrep_cand/protenix/8q7s_H/d55/seed0_r1/results/8q7s_h/seed_0/predictions/8q7s_h_sample_0.cif,8q7s_H,seed0_r1,8q7s_h_sample_0.cif,0.27405
/mnt/data/admuser/msadepth/compreps/seedrep_cand/protenix/8q7s_H/d55/seed0_r1/results/8q7s_h/seed_0/predictions/8q7s_h_sample_1.cif,8q7s_H,seed0_r1,8q7s_h_sample_1.cif,0.27277
/mnt/data/admuser/msadepth/compreps/seedrep_cand/protenix/8q7s_H/d55/seed0_r1/results/8q7s_h/seed_0/predictions/8q7s_h_sample_2.cif,8q7s_H,seed0_r1,8q7s_h_sample_2.cif,0.27036
/mnt/data/admuser/msadepth/compreps/seedrep_cand/protenix/8q7s_H/d55/seed0_r1/results/8q7s_h/seed_0/predictions/8q7s_h_sample_3.cif,8q7s_H,seed0_r1,8q7s_h_sample_3.cif,0.24665
/mnt/data/admuser/msadepth/compreps/seedrep_cand/protenix/8q7s_H/d55/seed0_r1/results/8q7s_h/seed_0/predictions/8q7s_h_sample_4.cif,8q7s_H,seed0_r1,8q7s_h_sample_4.cif,0.24067
/mnt/data/admuser/msadepth/compreps/seedrep_cand/protenix/8q7s_H/d55/seed0_r2/results/8q7s_h/seed_0/predictions/8q7s_h_sample_0.cif,8q7s_H,seed0_r2,8q7s_h_sample_0.cif,0.25902
/mnt/data/admuser/msadepth/compreps/seedrep_cand/protenix/8q7s_H/d55/seed0_r2/results/8q7s_h/seed_0/predictions/8q7s_h_sample_1.cif,8q7s_H,seed0_r2,8q7s_h_sample_1.cif,0.25688
/mnt/data/admuser/msadepth/compreps/seedrep_cand/protenix/8q7s_H/d55/seed0_r2/results/8q7s_h/seed_0/predictions/8q7s_h_sample_2.cif,8q7s_H,seed0_r2,8q7s_h_sample_2.cif,0.25604
/mnt/data/admuser/msadepth/compreps/seedrep_cand/protenix/8q7s_H/d55/seed0_r2/results/8q7s_h/seed_0/predictions/8q7s_h_sample_3.cif,8q7s_H,seed0_r2,8q7s_h_sample_3.cif,0.25187
/mnt/data/admuser/msadepth/compreps/seedrep_cand/protenix/8q7s_H/d55/seed0_r2/results/8q7s_h/seed_0/predictions/8q7s_h_sample_4.cif,8q7s_H,seed0_r2,8q7s_h_sample_4.cif,0.22846
/mnt/data/admuser/msadepth/compreps/seedrep_cand/protenix/8q7s_H/d55/seed0_r3/results/8q7s_h/seed_0/predictions/8q7s_h_sample_0.cif,8q7s_H,seed0_r3,8q7s_h_sample_0.cif,0.26676
/mnt/data/admuser/msadepth/compreps/seedrep_cand/protenix/8q7s_H/d55/seed0_r3/results/8q7s_h/seed_0/predictions/8q7s_h_sample_1.cif,8q7s_H,seed0_r3,8q7s_h_sample_1.cif,0.26557
/mnt/data/admuser/msadepth/compreps/seedrep_cand/protenix/8q7s_H/d55/seed0_r3/results/8q7s_h/seed_0/predictions/8q7s_h_sample_2.cif,8q7s_H,seed0_r3,8q7s_h_sample_2.cif,0.26348
/mnt/data/admuser/msadepth/compreps/seedrep_cand/protenix/8q7s_H/d55/seed0_r3/results/8q7s_h/seed_0/predictions/8q7s_h_sample_3.cif,8q7s_H,seed0_r3,8q7s_h_sample_3.cif,0.23992
/mnt/data/admuser/msadepth/compreps/seedrep_cand/protenix/8q7s_H/d55/seed0_r3/results/8q7s_h/seed_0/predictions/8q7s_h_sample_4.cif,8q7s_H,seed0_r3,8q7s_h_sample_4.cif,0.23619
/mnt/data/admuser/msadepth/compreps/seedrep_cand/protenix/8q7s_H/d55/seed1_r0/results/8q7s_h/seed_0/predictions/8q7s_h_sample_0.cif,8q7s_H,seed1_r0,8q7s_h_sample_0.cif,0.1872
/mnt/data/admuser/msadepth/compreps/seedrep_cand/protenix/8q7s_H/d55/seed1_r0/results/8q7s_h/seed_0/predictions/8q7s_h_sample_1.cif,8q7s_H,seed1_r0,8q7s_h_sample_1.cif,0.18653
/mnt/data/admuser/msadepth/compreps/seedrep_cand/protenix/8q7s_H/d55/seed1_r0/results/8q7s_h/seed_0/predictions/8q7s_h_sample_2.cif,8q7s_H,seed1_r0,8q7s_h_sample_2.cif,0.18502
/mnt/data/admuser/msadepth/compreps/seedrep_cand/protenix/8q7s_H/d55/seed1_r0/results/8q7s_h/seed_0/predictions/8q7s_h_sample_3.cif,8q7s_H,seed1_r0,8q7s_h_sample_3.cif,0.18456
/mnt/data/admuser/msadepth/compreps/seedrep_cand/protenix/8q7s_H/d55/seed1_r0/results/8q7s_h/seed_0/predictions/8q7s_h_sample_4.cif,8q7s_H,seed1_r0,8q7s_h_sample_4.cif,0.18405
/mnt/data/admuser/msadepth/compreps/seedrep_cand/protenix/8q7s_H/d55/seed1_r1/results/8q7s_h/seed_0/predictions/8q7s_h_sample_0.cif,8q7s_H,seed1_r1,8q7s_h_sample_0.cif,0.20061
/mnt/data/admuser/msadepth/compreps/seedrep_cand/protenix/8q7s_H/d55/seed1_r1/results/8q7s_h/seed_0/predictions/8q7s_h_sample_1.cif,8q7s_H,seed1_r1,8q7s_h_sample_1.cif,0.1988
/mnt/data/admuser/msadepth/compreps/seedrep_cand/protenix/8q7s_H/d55/seed1_r1/results/8q7s_h/seed_0/predictions/8q7s_h_sample_2.cif,8q7s_H,seed1_r1,8q7s_h_sample_2.cif,0.19817
/mnt/data/admuser/msadepth/compreps/seedrep_cand/protenix/8q7s_H/d55/seed1_r1/results/8q7s_h/seed_0/predictions/8q7s_h_sample_3.cif,8q7s_H,seed1_r1,8q7s_h_sample_3.cif,0.19819
/mnt/data/admuser/msadepth/compreps/seedrep_cand/protenix/8q7s_H/d55/seed1_r1/results/8q7s_h/seed_0/predictions/8q7s_h_sample_4.cif,8q7s_H,seed1_r1,8q7s_h_sample_4.cif,0.19737
/mnt/data/admuser/msadepth/compreps/seedrep_cand/protenix/8q7s_H/d55/seed1_r2/results/8q7s_h/seed_0/predictions/8q7s_h_sample_0.cif,8q7s_H,seed1_r2,8q7s_h_sample_0.cif,0.18978
/mnt/data/admuser/msadepth/compreps/seedrep_cand/protenix/8q7s_H/d55/seed1_r2/results/8q7s_h/seed_0/predictions/8q7s_h_sample_1.cif,8q7s_H,seed1_r2,8q7s_h_sample_1.cif,0.18958
/mnt/data/admuser/msadepth/compreps/seedrep_cand/protenix/8q7s_H/d55/seed1_r2/results/8q7s_h/seed_0/predictions/8q7s_h_sample_2.cif,8q7s_H,seed1_r2,8q7s_h_sample_2.cif,0.18904
/mnt/data/admuser/msadepth/compreps/seedrep_cand/protenix/8q7s_H/d55/seed1_r2/results/8q7s_h/seed_0/predictions/8q7s_h_sample_3.cif,8q7s_H,seed1_r2,8q7s_h_sample_3.cif,0.18876
/mnt/data/admuser/msadepth/compreps/seedrep_cand/protenix/8q7s_H/d55/seed1_r2/results/8q7s_h/seed_0/predictions/8q7s_h_sample_4.cif,8q7s_H,seed1_r2,8q7s_h_sample_4.cif,0.18823
/mnt/data/admuser/msadepth/compreps/seedrep_cand/protenix/8q7s_H/d55/seed1_r3/results/8q7s_h/seed_0/predictions/8q7s_h_sample_0.cif,8q7s_H,seed1_r3,8q7s_h_sample_0.cif,0.22766
/mnt/data/admuser/msadepth/compreps/seedrep_cand/protenix/8q7s_H/d55/seed1_r3/results/8q7s_h/seed_0/predictions/8q7s_h_sample_1.cif,8q7s_H,seed1_r3,8q7s_h_sample_1.cif,0.22724
/mnt/data/admuser/msadepth/compreps/seedrep_cand/protenix/8q7s_H/d55/seed1_r3/results/8q7s_h/seed_0/predictions/8q7s_h_sample_2.cif,8q7s_H,seed1_r3,8q7s_h_sample_2.cif,0.22713
/mnt/data/admuser/msadepth/compreps/seedrep_cand/protenix/8q7s_H/d55/seed1_r3/results/8q7s_h/seed_0/predictions/8q7s_h_sample_3.cif,8q7s_H,seed1_r3,8q7s_h_sample_3.cif,0.22647
/mnt/data/admuser/msadepth/compreps/seedrep_cand/protenix/8q7s_H/d55/seed1_r3/results/8q7s_h/seed_0/predictions/8q7s_h_sample_4.cif,8q7s_H,seed1_r3,8q7s_h_sample_4.cif,0.1911
/mnt/data/admuser/msadepth/compreps/seedrep_cand/protenix/8q7s_H/d55/seed2_r0/results/8q7s_h/seed_0/predictions/8q7s_h_sample_0.cif,8q7s_H,seed2_r0,8q7s_h_sample_0.cif,0.19368
/mnt/data/admuser/msadepth/compreps/seedrep_cand/protenix/8q7s_H/d55/seed2_r0/results/8q7s_h/seed_0/predictions/8q7s_h_sample_1.cif,8q7s_H,seed2_r0,8q7s_h_sample_1.cif,0.19245
/mnt/data/admuser/msadepth/compreps/seedrep_cand/protenix/8q7s_H/d55/seed2_r0/results/8q7s_h/seed_0/predictions/8q7s_h_sample_2.cif,8q7s_H,seed2_r0,8q7s_h_sample_2.cif,0.19202
/mnt/data/admuser/msadepth/compreps/seedrep_cand/protenix/8q7s_H/d55/seed2_r0/results/8q7s_h/seed_0/predictions/8q7s_h_sample_3.cif,8q7s_H,seed2_r0,8q7s_h_sample_3.cif,0.18965
/mnt/data/admuser/msadepth/compreps/seedrep_cand/protenix/8q7s_H/d55/seed2_r0/results/8q7s_h/seed_0/predictions/8q7s_h_sample_4.cif,8q7s_H,seed2_r0,8q7s_h_sample_4.cif,0.16531
/mnt/data/admuser/msadepth/compreps/seedrep_cand/protenix/8q7s_H/d55/seed2_r1/results/8q7s_h/seed_0/predictions/8q7s_h_sample_0.cif,8q7s_H,seed2_r1,8q7s_h_sample_0.cif,0.18678
/mnt/data/admuser/msadepth/compreps/seedrep_cand/protenix/8q7s_H/d55/seed2_r1/results/8q7s_h/seed_0/predictions/8q7s_h_sample_1.cif,8q7s_H,seed2_r1,8q7s_h_sample_1.cif,0.18664
/mnt/data/admuser/msadepth/compreps/seedrep_cand/protenix/8q7s_H/d55/seed2_r1/results/8q7s_h/seed_0/predictions/8q7s_h_sample_2.cif,8q7s_H,seed2_r1,8q7s_h_sample_2.cif,0.18516
/mnt/data/admuser/msadepth/compreps/seedrep_cand/protenix/8q7s_H/d55/seed2_r1/results/8q7s_h/seed_0/predictions/8q7s_h_sample_3.cif,8q7s_H,seed2_r1,8q7s_h_sample_3.cif,0.18299
/mnt/data/admuser/msadepth/compreps/seedrep_cand/protenix/8q7s_H/d55/seed2_r1/results/8q7s_h/seed_0/predictions/8q7s_h_sample_4.cif,8q7s_H,seed2_r1,8q7s_h_sample_4.cif,0.15572
/mnt/data/admuser/msadepth/compreps/seedrep_cand/protenix/8q7s_H/d55/seed2_r2/results/8q7s_h/seed_0/predictions/8q7s_h_sample_0.cif,8q7s_H,seed2_r2,8q7s_h_sample_0.cif,0.17062
/mnt/data/admuser/msadepth/compreps/seedrep_cand/protenix/8q7s_H/d55/seed2_r2/results/8q7s_h/seed_0/predictions/8q7s_h_sample_1.cif,8q7s_H,seed2_r2,8q7s_h_sample_1.cif,0.16874
/mnt/data/admuser/msadepth/compreps/seedrep_cand/protenix/8q7s_H/d55/seed2_r2/results/8q7s_h/seed_0/predictions/8q7s_h_sample_2.cif,8q7s_H,seed2_r2,8q7s_h_sample_2.cif,0.16596
/mnt/data/admuser/msadepth/compreps/seedrep_cand/protenix/8q7s_H/d55/seed2_r2/results/8q7s_h/seed_0/predictions/8q7s_h_sample_3.cif,8q7s_H,seed2_r2,8q7s_h_sample_3.cif,0.15366
/mnt/data/admuser/msadepth/compreps/seedrep_cand/protenix/8q7s_H/d55/seed2_r2/results/8q7s_h/seed_0/predictions/8q7s_h_sample_4.cif,8q7s_H,seed2_r2,8q7s_h_sample_4.cif,0.14233
/mnt/data/admuser/msadepth/compreps/seedrep_cand/protenix/8q7s_H/d55/seed2_r3/results/8q7s_h/seed_0/predictions/8q7s_h_sample_0.cif,8q7s_H,seed2_r3,8q7s_h_sample_0.cif,0.17132
/mnt/data/admuser/msadepth/compreps/seedrep_cand/protenix/8q7s_H/d55/seed2_r3/results/8q7s_h/seed_0/predictions/8q7s_h_sample_1.cif,8q7s_H,seed2_r3,8q7s_h_sample_1.cif,0.16932
/mnt/data/admuser/msadepth/compreps/seedrep_cand/protenix/8q7s_H/d55/seed2_r3/results/8q7s_h/seed_0/predictions/8q7s_h_sample_2.cif,8q7s_H,seed2_r3,8q7s_h_sample_2.cif,0.16733
/mnt/data/admuser/msadepth/compreps/seedrep_cand/protenix/8q7s_H/d55/seed2_r3/results/8q7s_h/seed_0/predictions/8q7s_h_sample_3.cif,8q7s_H,seed2_r3,8q7s_h_sample_3.cif,0.15739
/mnt/data/admuser/msadepth/compreps/seedrep_cand/protenix/8q7s_H/d55/seed2_r3/results/8q7s_h/seed_0/predictions/8q7s_h_sample_4.cif,8q7s_H,seed2_r3,8q7s_h_sample_4.cif,0.14261
/mnt/data/admuser/msadepth/compreps/seedrep_cand/protenix/8q7s_H/d55/seed3_r0/results/8q7s_h/seed_0/predictions/8q7s_h_sample_0.cif,8q7s_H,seed3_r0,8q7s_h_sample_0.cif,0.20842
/mnt/data/admuser/msadepth/compreps/seedrep_cand/protenix/8q7s_H/d55/seed3_r0/results/8q7s_h/seed_0/predictions/8q7s_h_sample_1.cif,8q7s_H,seed3_r0,8q7s_h_sample_1.cif,0.2077
/mnt/data/admuser/msadepth/compreps/seedrep_cand/protenix/8q7s_H/d55/seed3_r0/results/8q7s_h/seed_0/predictions/8q7s_h_sample_2.cif,8q7s_H,seed3_r0,8q7s_h_sample_2.cif,0.20688
/mnt/data/admuser/msadepth/compreps/seedrep_cand/protenix/8q7s_H/d55/seed3_r0/results/8q7s_h/seed_0/predictions/8q7s_h_sample_3.cif,8q7s_H,seed3_r0,8q7s_h_sample_3.cif,0.20594
/mnt/data/admuser/msadepth/compreps/seedrep_cand/protenix/8q7s_H/d55/seed3_r0/results/8q7s_h/seed_0/predictions/8q7s_h_sample_4.cif,8q7s_H,seed3_r0,8q7s_h_sample_4.cif,0.20573
/mnt/data/admuser/msadepth/compreps/seedrep_cand/protenix/8q7s_H/d55/seed3_r1/results/8q7s_h/seed_0/predictions/8q7s_h_sample_0.cif,8q7s_H,seed3_r1,8q7s_h_sample_0.cif,0.19802
/mnt/data/admuser/msadepth/compreps/seedrep_cand/protenix/8q7s_H/d55/seed3_r1/results/8q7s_h/seed_0/predictions/8q7s_h_sample_1.cif,8q7s_H,seed3_r1,8q7s_h_sample_1.cif,0.19789
/mnt/data/admuser/msadepth/compreps/seedrep_cand/protenix/8q7s_H/d55/seed3_r1/results/8q7s_h/seed_0/predictions/8q7s_h_sample_2.cif,8q7s_H,seed3_r1,8q7s_h_sample_2.cif,0.19706
/mnt/data/admuser/msadepth/compreps/seedrep_cand/protenix/8q7s_H/d55/seed3_r1/results/8q7s_h/seed_0/predictions/8q7s_h_sample_3.cif,8q7s_H,seed3_r1,8q7s_h_sample_3.cif,0.19274
/mnt/data/admuser/msadepth/compreps/seedrep_cand/protenix/8q7s_H/d55/seed3_r1/results/8q7s_h/seed_0/predictions/8q7s_h_sample_4.cif,8q7s_H,seed3_r1,8q7s_h_sample_4.cif,0.17877
/mnt/data/admuser/msadepth/compreps/seedrep_cand/protenix/8q7s_H/d55/seed3_r2/results/8q7s_h/seed_0/predictions/8q7s_h_sample_0.cif,8q7s_H,seed3_r2,8q7s_h_sample_0.cif,0.19958
/mnt/data/admuser/msadepth/compreps/seedrep_cand/protenix/8q7s_H/d55/seed3_r2/results/8q7s_h/seed_0/predictions/8q7s_h_sample_1.cif,8q7s_H,seed3_r2,8q7s_h_sample_1.cif,0.19914
/mnt/data/admuser/msadepth/compreps/seedrep_cand/protenix/8q7s_H/d55/seed3_r2/results/8q7s_h/seed_0/predictions/8q7s_h_sample_2.cif,8q7s_H,seed3_r2,8q7s_h_sample_2.cif,0.19896
/mnt/data/admuser/msadepth/compreps/seedrep_cand/protenix/8q7s_H/d55/seed3_r2/results/8q7s_h/seed_0/predictions/8q7s_h_sample_3.cif,8q7s_H,seed3_r2,8q7s_h_sample_3.cif,0.19881
/mnt/data/admuser/msadepth/compreps/seedrep_cand/protenix/8q7s_H/d55/seed3_r2/results/8q7s_h/seed_0/predictions/8q7s_h_sample_4.cif,8q7s_H,seed3_r2,8q7s_h_sample_4.cif,0.19829
/mnt/data/admuser/msadepth/compreps/seedrep_cand/protenix/8q7s_H/d55/seed3_r3/results/8q7s_h/seed_0/predictions/8q7s_h_sample_0.cif,8q7s_H,seed3_r3,8q7s_h_sample_0.cif,0.20285
/mnt/data/admuser/msadepth/compreps/seedrep_cand/protenix/8q7s_H/d55/seed3_r3/results/8q7s_h/seed_0/predictions/8q7s_h_sample_1.cif,8q7s_H,seed3_r3,8q7s_h_sample_1.cif,0.2023
/mnt/data/admuser/msadepth/compreps/seedrep_cand/protenix/8q7s_H/d55/seed3_r3/results/8q7s_h/seed_0/predictions/8q7s_h_sample_2.cif,8q7s_H,seed3_r3,8q7s_h_sample_2.cif,0.20203
/mnt/data/admuser/msadepth/compreps/seedrep_cand/protenix/8q7s_H/d55/seed3_r3/results/8q7s_h/seed_0/predictions/8q7s_h_sample_3.cif,8q7s_H,seed3_r3,8q7s_h_sample_3.cif,0.20201
/mnt/data/admuser/msadepth/compreps/seedrep_cand/protenix/8q7s_H/d55/seed3_r3/results/8q7s_h/seed_0/predictions/8q7s_h_sample_4.cif,8q7s_H,seed3_r3,8q7s_h_sample_4.cif,0.19427
/mnt/data/admuser/msadepth/compreps/seedrep_cand/protenix/8q7s_H/d55/seed4_r0/results/8q7s_h/seed_0/predictions/8q7s_h_sample_0.cif,8q7s_H,seed4_r0,8q7s_h_sample_0.cif,0.18536
/mnt/data/admuser/msadepth/compreps/seedrep_cand/protenix/8q7s_H/d55/seed4_r0/results/8q7s_h/seed_0/predictions/8q7s_h_sample_1.cif,8q7s_H,seed4_r0,8q7s_h_sample_1.cif,0.18469
/mnt/data/admuser/msadepth/compreps/seedrep_cand/protenix/8q7s_H/d55/seed4_r0/results/8q7s_h/seed_0/predictions/8q7s_h_sample_2.cif,8q7s_H,seed4_r0,8q7s_h_sample_2.cif,0.18372
/mnt/data/admuser/msadepth/compreps/seedrep_cand/protenix/8q7s_H/d55/seed4_r0/results/8q7s_h/seed_0/predictions/8q7s_h_sample_3.cif,8q7s_H,seed4_r0,8q7s_h_sample_3.cif,0.1806
/mnt/data/admuser/msadepth/compreps/seedrep_cand/protenix/8q7s_H/d55/seed4_r0/results/8q7s_h/seed_0/predictions/8q7s_h_sample_4.cif,8q7s_H,seed4_r0,8q7s_h_sample_4.cif,0.1618
/mnt/data/admuser/msadepth/compreps/seedrep_cand/protenix/8q7s_H/d55/seed4_r1/results/8q7s_h/seed_0/predictions/8q7s_h_sample_0.cif,8q7s_H,seed4_r1,8q7s_h_sample_0.cif,0.17732
/mnt/data/admuser/msadepth/compreps/seedrep_cand/protenix/8q7s_H/d55/seed4_r1/results/8q7s_h/seed_0/predictions/8q7s_h_sample_1.cif,8q7s_H,seed4_r1,8q7s_h_sample_1.cif,0.17705
/mnt/data/admuser/msadepth/compreps/seedrep_cand/protenix/8q7s_H/d55/seed4_r1/results/8q7s_h/seed_0/predictions/8q7s_h_sample_2.cif,8q7s_H,seed4_r1,8q7s_h_sample_2.cif,0.17702
/mnt/data/admuser/msadepth/compreps/seedrep_cand/protenix/8q7s_H/d55/seed4_r1/results/8q7s_h/seed_0/predictions/8q7s_h_sample_3.cif,8q7s_H,seed4_r1,8q7s_h_sample_3.cif,0.17111
/mnt/data/admuser/msadepth/compreps/seedrep_cand/protenix/8q7s_H/d55/seed4_r1/results/8q7s_h/seed_0/predictions/8q7s_h_sample_4.cif,8q7s_H,seed4_r1,8q7s_h_sample_4.cif,0.16284
/mnt/data/admuser/msadepth/compreps/seedrep_cand/protenix/8q7s_H/d55/seed4_r2/results/8q7s_h/seed_0/predictions/8q7s_h_sample_0.cif,8q7s_H,seed4_r2,8q7s_h_sample_0.cif,0.17913
/mnt/data/admuser/msadepth/compreps/seedrep_cand/protenix/8q7s_H/d55/seed4_r2/results/8q7s_h/seed_0/predictions/8q7s_h_sample_1.cif,8q7s_H,seed4_r2,8q7s_h_sample_1.cif,0.17885
/mnt/data/admuser/msadepth/compreps/seedrep_cand/protenix/8q7s_H/d55/seed4_r2/results/8q7s_h/seed_0/predictions/8q7s_h_sample_2.cif,8q7s_H,seed4_r2,8q7s_h_sample_2.cif,0.17897
/mnt/data/admuser/msadepth/compreps/seedrep_cand/protenix/8q7s_H/d55/seed4_r2/results/8q7s_h/seed_0/predictions/8q7s_h_sample_3.cif,8q7s_H,seed4_r2,8q7s_h_sample_3.cif,0.17352
/mnt/data/admuser/msadepth/compreps/seedrep_cand/protenix/8q7s_H/d55/seed4_r2/results/8q7s_h/seed_0/predictions/8q7s_h_sample_4.cif,8q7s_H,seed4_r2,8q7s_h_sample_4.cif,0.17001
/mnt/data/admuser/msadepth/compreps/seedrep_cand/protenix/8q7s_H/d55/seed4_r3/results/8q7s_h/seed_0/predictions/8q7s_h_sample_0.cif,8q7s_H,seed4_r3,8q7s_h_sample_0.cif,0.17406
/mnt/data/admuser/msadepth/compreps/seedrep_cand/protenix/8q7s_H/d55/seed4_r3/results/8q7s_h/seed_0/predictions/8q7s_h_sample_1.cif,8q7s_H,seed4_r3,8q7s_h_sample_1.cif,0.17343
/mnt/data/admuser/msadepth/compreps/seedrep_cand/protenix/8q7s_H/d55/seed4_r3/results/8q7s_h/seed_0/predictions/8q7s_h_sample_2.cif,8q7s_H,seed4_r3,8q7s_h_sample_2.cif,0.17292
/mnt/data/admuser/msadepth/compreps/seedrep_cand/protenix/8q7s_H/d55/seed4_r3/results/8q7s_h/seed_0/predictions/8q7s_h_sample_3.cif,8q7s_H,seed4_r3,8q7s_h_sample_3.cif,0.16777
/mnt/data/admuser/msadepth/compreps/seedrep_cand/protenix/8q7s_H/d55/seed4_r3/results/8q7s_h/seed_0/predictions/8q7s_h_sample_4.cif,8q7s_H,seed4_r3,8q7s_h_sample_4.cif,0.16419
/mnt/data/admuser/msadepth/compreps/seedrep_cand/protenix/8q7s_H/d55/seed5_r0/results/8q7s_h/seed_0/predictions/8q7s_h_sample_0.cif,8q7s_H,seed5_r0,8q7s_h_sample_0.cif,0.21285
/mnt/data/admuser/msadepth/compreps/seedrep_cand/protenix/8q7s_H/d55/seed5_r0/results/8q7s_h/seed_0/predictions/8q7s_h_sample_1.cif,8q7s_H,seed5_r0,8q7s_h_sample_1.cif,0.21124
/mnt/data/admuser/msadepth/compreps/seedrep_cand/protenix/8q7s_H/d55/seed5_r0/results/8q7s_h/seed_0/predictions/8q7s_h_sample_2.cif,8q7s_H,seed5_r0,8q7s_h_sample_2.cif,0.21092
/mnt/data/admuser/msadepth/compreps/seedrep_cand/protenix/8q7s_H/d55/seed5_r0/results/8q7s_h/seed_0/predictions/8q7s_h_sample_3.cif,8q7s_H,seed5_r0,8q7s_h_sample_3.cif,0.20921
/mnt/data/admuser/msadepth/compreps/seedrep_cand/protenix/8q7s_H/d55/seed5_r0/results/8q7s_h/seed_0/predictions/8q7s_h_sample_4.cif,8q7s_H,seed5_r0,8q7s_h_sample_4.cif,0.20689
/mnt/data/admuser/msadepth/compreps/seedrep_cand/protenix/8q7s_H/d55/seed5_r1/results/8q7s_h/seed_0/predictions/8q7s_h_sample_0.cif,8q7s_H,seed5_r1,8q7s_h_sample_0.cif,0.22211
/mnt/data/admuser/msadepth/compreps/seedrep_cand/protenix/8q7s_H/d55/seed5_r1/results/8q7s_h/seed_0/predictions/8q7s_h_sample_1.cif,8q7s_H,seed5_r1,8q7s_h_sample_1.cif,0.21993
/mnt/data/admuser/msadepth/compreps/seedrep_cand/protenix/8q7s_H/d55/seed5_r1/results/8q7s_h/seed_0/predictions/8q7s_h_sample_2.cif,8q7s_H,seed5_r1,8q7s_h_sample_2.cif,0.21937
/mnt/data/admuser/msadepth/compreps/seedrep_cand/protenix/8q7s_H/d55/seed5_r1/results/8q7s_h/seed_0/predictions/8q7s_h_sample_3.cif,8q7s_H,seed5_r1,8q7s_h_sample_3.cif,0.21887
/mnt/data/admuser/msadepth/compreps/seedrep_cand/protenix/8q7s_H/d55/seed5_r1/results/8q7s_h/seed_0/predictions/8q7s_h_sample_4.cif,8q7s_H,seed5_r1,8q7s_h_sample_4.cif,0.21473
/mnt/data/admuser/msadepth/compreps/seedrep_cand/protenix/8q7s_H/d55/seed5_r2/results/8q7s_h/seed_0/predictions/8q7s_h_sample_0.cif,8q7s_H,seed5_r2,8q7s_h_sample_0.cif,0.21713
/mnt/data/admuser/msadepth/compreps/seedrep_cand/protenix/8q7s_H/d55/seed5_r2/results/8q7s_h/seed_0/predictions/8q7s_h_sample_1.cif,8q7s_H,seed5_r2,8q7s_h_sample_1.cif,0.21395
/mnt/data/admuser/msadepth/compreps/seedrep_cand/protenix/8q7s_H/d55/seed5_r2/results/8q7s_h/seed_0/predictions/8q7s_h_sample_2.cif,8q7s_H,seed5_r2,8q7s_h_sample_2.cif,0.21246
/mnt/data/admuser/msadepth/compreps/seedrep_cand/protenix/8q7s_H/d55/seed5_r2/results/8q7s_h/seed_0/predictions/8q7s_h_sample_3.cif,8q7s_H,seed5_r2,8q7s_h_sample_3.cif,0.21124
/mnt/data/admuser/msadepth/compreps/seedrep_cand/protenix/8q7s_H/d55/seed5_r2/results/8q7s_h/seed_0/predictions/8q7s_h_sample_4.cif,8q7s_H,seed5_r2,8q7s_h_sample_4.cif,0.21132
/mnt/data/admuser/msadepth/compreps/seedrep_cand/protenix/8q7s_H/d55/seed5_r3/results/8q7s_h/seed_0/predictions/8q7s_h_sample_0.cif,8q7s_H,seed5_r3,8q7s_h_sample_0.cif,0.20878
/mnt/data/admuser/msadepth/compreps/seedrep_cand/protenix/8q7s_H/d55/seed5_r3/results/8q7s_h/seed_0/predictions/8q7s_h_sample_1.cif,8q7s_H,seed5_r3,8q7s_h_sample_1.cif,0.20847
/mnt/data/admuser/msadepth/compreps/seedrep_cand/protenix/8q7s_H/d55/seed5_r3/results/8q7s_h/seed_0/predictions/8q7s_h_sample_2.cif,8q7s_H,seed5_r3,8q7s_h_sample_2.cif,0.20746
/mnt/data/admuser/msadepth/compreps/seedrep_cand/protenix/8q7s_H/d55/seed5_r3/results/8q7s_h/seed_0/predictions/8q7s_h_sample_3.cif,8q7s_H,seed5_r3,8q7s_h_sample_3.cif,0.20491
/mnt/data/admuser/msadepth/compreps/seedrep_cand/protenix/8q7s_H/d55/seed5_r3/results/8q7s_h/seed_0/predictions/8q7s_h_sample_4.cif,8q7s_H,seed5_r3,8q7s_h_sample_4.cif,0.20422
/mnt/data/admuser/msadepth/compreps/seedrep_cand/protenix/8q7s_H/d55/seedfull_r0/results/8q7s_h/seed_0/predictions/8q7s_h_sample_0.cif,8q7s_H,seedfull_r0,8q7s_h_sample_0.cif,0.18662
/mnt/data/admuser/msadepth/compreps/seedrep_cand/protenix/8q7s_H/d55/seedfull_r0/results/8q7s_h/seed_0/predictions/8q7s_h_sample_1.cif,8q7s_H,seedfull_r0,8q7s_h_sample_1.cif,0.18518
/mnt/data/admuser/msadepth/compreps/seedrep_cand/protenix/8q7s_H/d55/seedfull_r0/results/8q7s_h/seed_0/predictions/8q7s_h_sample_2.cif,8q7s_H,seedfull_r0,8q7s_h_sample_2.cif,0.18397
/mnt/data/admuser/msadepth/compreps/seedrep_cand/protenix/8q7s_H/d55/seedfull_r0/results/8q7s_h/seed_0/predictions/8q7s_h_sample_3.cif,8q7s_H,seedfull_r0,8q7s_h_sample_3.cif,0.16826
/mnt/data/admuser/msadepth/compreps/seedrep_cand/protenix/8q7s_H/d55/seedfull_r0/results/8q7s_h/seed_0/predictions/8q7s_h_sample_4.cif,8q7s_H,seedfull_r0,8q7s_h_sample_4.cif,0.15662
/mnt/data/admuser/msadepth/compreps/seedrep_cand/protenix/8q7s_H/d55/seedfull_r1/results/8q7s_h/seed_0/predictions/8q7s_h_sample_0.cif,8q7s_H,seedfull_r1,8q7s_h_sample_0.cif,0.18437
/mnt/data/admuser/msadepth/compreps/seedrep_cand/protenix/8q7s_H/d55/seedfull_r1/results/8q7s_h/seed_0/predictions/8q7s_h_sample_1.cif,8q7s_H,seedfull_r1,8q7s_h_sample_1.cif,0.18446
/mnt/data/admuser/msadepth/compreps/seedrep_cand/protenix/8q7s_H/d55/seedfull_r1/results/8q7s_h/seed_0/predictions/8q7s_h_sample_2.cif,8q7s_H,seedfull_r1,8q7s_h_sample_2.cif,0.18334
/mnt/data/admuser/msadepth/compreps/seedrep_cand/protenix/8q7s_H/d55/seedfull_r1/results/8q7s_h/seed_0/predictions/8q7s_h_sample_3.cif,8q7s_H,seedfull_r1,8q7s_h_sample_3.cif,0.16779
/mnt/data/admuser/msadepth/compreps/seedrep_cand/protenix/8q7s_H/d55/seedfull_r1/results/8q7s_h/seed_0/predictions/8q7s_h_sample_4.cif,8q7s_H,seedfull_r1,8q7s_h_sample_4.cif,0.15671
/mnt/data/admuser/msadepth/compreps/seedrep_cand/protenix/8q7s_H/d55/seedfull_r2/results/8q7s_h/seed_0/predictions/8q7s_h_sample_0.cif,8q7s_H,seedfull_r2,8q7s_h_sample_0.cif,0.18496
/mnt/data/admuser/msadepth/compreps/seedrep_cand/protenix/8q7s_H/d55/seedfull_r2/results/8q7s_h/seed_0/predictions/8q7s_h_sample_1.cif,8q7s_H,seedfull_r2,8q7s_h_sample_1.cif,0.18343
/mnt/data/admuser/msadepth/compreps/seedrep_cand/protenix/8q7s_H/d55/seedfull_r2/results/8q7s_h/seed_0/predictions/8q7s_h_sample_2.cif,8q7s_H,seedfull_r2,8q7s_h_sample_2.cif,0.18312
/mnt/data/admuser/msadepth/compreps/seedrep_cand/protenix/8q7s_H/d55/seedfull_r2/results/8q7s_h/seed_0/predictions/8q7s_h_sample_3.cif,8q7s_H,seedfull_r2,8q7s_h_sample_3.cif,0.1675
/mnt/data/admuser/msadepth/compreps/seedrep_cand/protenix/8q7s_H/d55/seedfull_r2/results/8q7s_h/seed_0/predictions/8q7s_h_sample_4.cif,8q7s_H,seedfull_r2,8q7s_h_sample_4.cif,0.15671
/mnt/data/admuser/msadepth/compreps/seedrep_cand/protenix/8q7s_H/d55/seedfull_r3/results/8q7s_h/seed_0/predictions/8q7s_h_sample_0.cif,8q7s_H,seedfull_r3,8q7s_h_sample_0.cif,0.19158
/mnt/data/admuser/msadepth/compreps/seedrep_cand/protenix/8q7s_H/d55/seedfull_r3/results/8q7s_h/seed_0/predictions/8q7s_h_sample_1.cif,8q7s_H,seedfull_r3,8q7s_h_sample_1.cif,0.18862
/mnt/data/admuser/msadepth/compreps/seedrep_cand/protenix/8q7s_H/d55/seedfull_r3/results/8q7s_h/seed_0/predictions/8q7s_h_sample_2.cif,8q7s_H,seedfull_r3,8q7s_h_sample_2.cif,0.1877
/mnt/data/admuser/msadepth/compreps/seedrep_cand/protenix/8q7s_H/d55/seedfull_r3/results/8q7s_h/seed_0/predictions/8q7s_h_sample_3.cif,8q7s_H,seedfull_r3,8q7s_h_sample_3.cif,0.17006
/mnt/data/admuser/msadepth/compreps/seedrep_cand/protenix/8q7s_H/d55/seedfull_r3/results/8q7s_h/seed_0/predictions/8q7s_h_sample_4.cif,8q7s_H,seedfull_r3,8q7s_h_sample_4.cif,0.16331
/mnt/data/admuser/msadepth/compreps/seedrep_cand/protenix/8q7s_H/d55/seedfull_r4/results/8q7s_h/seed_0/predictions/8q7s_h_sample_0.cif,8q7s_H,seedfull_r4,8q7s_h_sample_0.cif,0.18107
/mnt/data/admuser/msadepth/compreps/seedrep_cand/protenix/8q7s_H/d55/seedfull_r4/results/8q7s_h/seed_0/predictions/8q7s_h_sample_1.cif,8q7s_H,seedfull_r4,8q7s_h_sample_1.cif,0.1809
/mnt/data/admuser/msadepth/compreps/seedrep_cand/protenix/8q7s_H/d55/seedfull_r4/results/8q7s_h/seed_0/predictions/8q7s_h_sample_2.cif,8q7s_H,seedfull_r4,8q7s_h_sample_2.cif,0.17879
/mnt/data/admuser/msadepth/compreps/seedrep_cand/protenix/8q7s_H/d55/seedfull_r4/results/8q7s_h/seed_0/predictions/8q7s_h_sample_3.cif,8q7s_H,seedfull_r4,8q7s_h_sample_3.cif,0.16615
/mnt/data/admuser/msadepth/compreps/seedrep_cand/protenix/8q7s_H/d55/seedfull_r4/results/8q7s_h/seed_0/predictions/8q7s_h_sample_4.cif,8q7s_H,seedfull_r4,8q7s_h_sample_4.cif,0.15653
/mnt/data/admuser/msadepth/compreps/seedrep_cand/protenix/8q7s_H/d55/seedfull_r5/results/8q7s_h/seed_0/predictions/8q7s_h_sample_0.cif,8q7s_H,seedfull_r5,8q7s_h_sample_0.cif,0.18128
/mnt/data/admuser/msadepth/compreps/seedrep_cand/protenix/8q7s_H/d55/seedfull_r5/results/8q7s_h/seed_0/predictions/8q7s_h_sample_1.cif,8q7s_H,seedfull_r5,8q7s_h_sample_1.cif,0.18018
/mnt/data/admuser/msadepth/compreps/seedrep_cand/protenix/8q7s_H/d55/seedfull_r5/results/8q7s_h/seed_0/predictions/8q7s_h_sample_2.cif,8q7s_H,seedfull_r5,8q7s_h_sample_2.cif,0.1788
/mnt/data/admuser/msadepth/compreps/seedrep_cand/protenix/8q7s_H/d55/seedfull_r5/results/8q7s_h/seed_0/predictions/8q7s_h_sample_3.cif,8q7s_H,seedfull_r5,8q7s_h_sample_3.cif,0.16521
/mnt/data/admuser/msadepth/compreps/seedrep_cand/protenix/8q7s_H/d55/seedfull_r5/results/8q7s_h/seed_0/predictions/8q7s_h_sample_4.cif,8q7s_H,seedfull_r5,8q7s_h_sample_4.cif,0.15435
/mnt/data/admuser/msadepth/compreps/seedrep_cand/protenix/8q7s_H/d55/seedfull_r6/results/8q7s_h/seed_0/predictions/8q7s_h_sample_0.cif,8q7s_H,seedfull_r6,8q7s_h_sample_0.cif,0.19379
/mnt/data/admuser/msadepth/compreps/seedrep_cand/protenix/8q7s_H/d55/seedfull_r6/results/8q7s_h/seed_0/predictions/8q7s_h_sample_1.cif,8q7s_H,seedfull_r6,8q7s_h_sample_1.cif,0.19256
/mnt/data/admuser/msadepth/compreps/seedrep_cand/protenix/8q7s_H/d55/seedfull_r6/results/8q7s_h/seed_0/predictions/8q7s_h_sample_2.cif,8q7s_H,seedfull_r6,8q7s_h_sample_2.cif,0.18918
/mnt/data/admuser/msadepth/compreps/seedrep_cand/protenix/8q7s_H/d55/seedfull_r6/results/8q7s_h/seed_0/predictions/8q7s_h_sample_3.cif,8q7s_H,seedfull_r6,8q7s_h_sample_3.cif,0.1731
/mnt/data/admuser/msadepth/compreps/seedrep_cand/protenix/8q7s_H/d55/seedfull_r6/results/8q7s_h/seed_0/predictions/8q7s_h_sample_4.cif,8q7s_H,seedfull_r6,8q7s_h_sample_4.cif,0.16317
/mnt/data/admuser/msadepth/compreps/seedrep_cand/protenix/8q7s_H/d55/seedfull_r7/results/8q7s_h/seed_0/predictions/8q7s_h_sample_0.cif,8q7s_H,seedfull_r7,8q7s_h_sample_0.cif,0.18915
/mnt/data/admuser/msadepth/compreps/seedrep_cand/protenix/8q7s_H/d55/seedfull_r7/results/8q7s_h/seed_0/predictions/8q7s_h_sample_1.cif,8q7s_H,seedfull_r7,8q7s_h_sample_1.cif,0.18841
/mnt/data/admuser/msadepth/compreps/seedrep_cand/protenix/8q7s_H/d55/seedfull_r7/results/8q7s_h/seed_0/predictions/8q7s_h_sample_2.cif,8q7s_H,seedfull_r7,8q7s_h_sample_2.cif,0.18583
/mnt/data/admuser/msadepth/compreps/seedrep_cand/protenix/8q7s_H/d55/seedfull_r7/results/8q7s_h/seed_0/predictions/8q7s_h_sample_3.cif,8q7s_H,seedfull_r7,8q7s_h_sample_3.cif,0.18582
/mnt/data/admuser/msadepth/compreps/seedrep_cand/protenix/8q7s_H/d55/seedfull_r7/results/8q7s_h/seed_0/predictions/8q7s_h_sample_4.cif,8q7s_H,seedfull_r7,8q7s_h_sample_4.cif,0.17196
/mnt/data/admuser/msadepth/compreps/seedrep_cand/protenix/8q7s_O/d35/seed0_r0/results/8q7s_o/seed_0/predictions/8q7s_o_sample_0.cif,8q7s_O,seed0_r0,8q7s_o_sample_0.cif,0.19586
/mnt/data/admuser/msadepth/compreps/seedrep_cand/protenix/8q7s_O/d35/seed0_r0/results/8q7s_o/seed_0/predictions/8q7s_o_sample_1.cif,8q7s_O,seed0_r0,8q7s_o_sample_1.cif,0.19293
/mnt/data/admuser/msadepth/compreps/seedrep_cand/protenix/8q7s_O/d35/seed0_r0/results/8q7s_o/seed_0/predictions/8q7s_o_sample_2.cif,8q7s_O,seed0_r0,8q7s_o_sample_2.cif,0.177
/mnt/data/admuser/msadepth/compreps/seedrep_cand/protenix/8q7s_O/d35/seed0_r0/results/8q7s_o/seed_0/predictions/8q7s_o_sample_3.cif,8q7s_O,seed0_r0,8q7s_o_sample_3.cif,0.17117
/mnt/data/admuser/msadepth/compreps/seedrep_cand/protenix/8q7s_O/d35/seed0_r0/results/8q7s_o/seed_0/predictions/8q7s_o_sample_4.cif,8q7s_O,seed0_r0,8q7s_o_sample_4.cif,0.16332
/mnt/data/admuser/msadepth/compreps/seedrep_cand/protenix/8q7s_O/d35/seed0_r1/results/8q7s_o/seed_0/predictions/8q7s_o_sample_0.cif,8q7s_O,seed0_r1,8q7s_o_sample_0.cif,0.22786
/mnt/data/admuser/msadepth/compreps/seedrep_cand/protenix/8q7s_O/d35/seed0_r1/results/8q7s_o/seed_0/predictions/8q7s_o_sample_1.cif,8q7s_O,seed0_r1,8q7s_o_sample_1.cif,0.22818
/mnt/data/admuser/msadepth/compreps/seedrep_cand/protenix/8q7s_O/d35/seed0_r1/results/8q7s_o/seed_0/predictions/8q7s_o_sample_2.cif,8q7s_O,seed0_r1,8q7s_o_sample_2.cif,0.20844
/mnt/data/admuser/msadepth/compreps/seedrep_cand/protenix/8q7s_O/d35/seed0_r1/results/8q7s_o/seed_0/predictions/8q7s_o_sample_3.cif,8q7s_O,seed0_r1,8q7s_o_sample_3.cif,0.20116
/mnt/data/admuser/msadepth/compreps/seedrep_cand/protenix/8q7s_O/d35/seed0_r1/results/8q7s_o/seed_0/predictions/8q7s_o_sample_4.cif,8q7s_O,seed0_r1,8q7s_o_sample_4.cif,0.197
/mnt/data/admuser/msadepth/compreps/seedrep_cand/protenix/8q7s_O/d35/seed0_r2/results/8q7s_o/seed_0/predictions/8q7s_o_sample_0.cif,8q7s_O,seed0_r2,8q7s_o_sample_0.cif,0.19789
/mnt/data/admuser/msadepth/compreps/seedrep_cand/protenix/8q7s_O/d35/seed0_r2/results/8q7s_o/seed_0/predictions/8q7s_o_sample_1.cif,8q7s_O,seed0_r2,8q7s_o_sample_1.cif,0.19232
/mnt/data/admuser/msadepth/compreps/seedrep_cand/protenix/8q7s_O/d35/seed0_r2/results/8q7s_o/seed_0/predictions/8q7s_o_sample_2.cif,8q7s_O,seed0_r2,8q7s_o_sample_2.cif,0.18836
/mnt/data/admuser/msadepth/compreps/seedrep_cand/protenix/8q7s_O/d35/seed0_r2/results/8q7s_o/seed_0/predictions/8q7s_o_sample_3.cif,8q7s_O,seed0_r2,8q7s_o_sample_3.cif,0.18668
/mnt/data/admuser/msadepth/compreps/seedrep_cand/protenix/8q7s_O/d35/seed0_r2/results/8q7s_o/seed_0/predictions/8q7s_o_sample_4.cif,8q7s_O,seed0_r2,8q7s_o_sample_4.cif,0.16581
/mnt/data/admuser/msadepth/compreps/seedrep_cand/protenix/8q7s_O/d35/seed0_r3/results/8q7s_o/seed_0/predictions/8q7s_o_sample_0.cif,8q7s_O,seed0_r3,8q7s_o_sample_0.cif,0.19871
/mnt/data/admuser/msadepth/compreps/seedrep_cand/protenix/8q7s_O/d35/seed0_r3/results/8q7s_o/seed_0/predictions/8q7s_o_sample_1.cif,8q7s_O,seed0_r3,8q7s_o_sample_1.cif,0.19728
/mnt/data/admuser/msadepth/compreps/seedrep_cand/protenix/8q7s_O/d35/seed0_r3/results/8q7s_o/seed_0/predictions/8q7s_o_sample_2.cif,8q7s_O,seed0_r3,8q7s_o_sample_2.cif,0.19185
/mnt/data/admuser/msadepth/compreps/seedrep_cand/protenix/8q7s_O/d35/seed0_r3/results/8q7s_o/seed_0/predictions/8q7s_o_sample_3.cif,8q7s_O,seed0_r3,8q7s_o_sample_3.cif,0.19055
/mnt/data/admuser/msadepth/compreps/seedrep_cand/protenix/8q7s_O/d35/seed0_r3/results/8q7s_o/seed_0/predictions/8q7s_o_sample_4.cif,8q7s_O,seed0_r3,8q7s_o_sample_4.cif,0.16848
/mnt/data/admuser/msadepth/compreps/seedrep_cand/protenix/8q7s_O/d35/seed1_r0/results/8q7s_o/seed_0/predictions/8q7s_o_sample_0.cif,8q7s_O,seed1_r0,8q7s_o_sample_0.cif,0.18774
/mnt/data/admuser/msadepth/compreps/seedrep_cand/protenix/8q7s_O/d35/seed1_r0/results/8q7s_o/seed_0/predictions/8q7s_o_sample_1.cif,8q7s_O,seed1_r0,8q7s_o_sample_1.cif,0.18439
/mnt/data/admuser/msadepth/compreps/seedrep_cand/protenix/8q7s_O/d35/seed1_r0/results/8q7s_o/seed_0/predictions/8q7s_o_sample_2.cif,8q7s_O,seed1_r0,8q7s_o_sample_2.cif,0.17295
/mnt/data/admuser/msadepth/compreps/seedrep_cand/protenix/8q7s_O/d35/seed1_r0/results/8q7s_o/seed_0/predictions/8q7s_o_sample_3.cif,8q7s_O,seed1_r0,8q7s_o_sample_3.cif,0.16462
/mnt/data/admuser/msadepth/compreps/seedrep_cand/protenix/8q7s_O/d35/seed1_r0/results/8q7s_o/seed_0/predictions/8q7s_o_sample_4.cif,8q7s_O,seed1_r0,8q7s_o_sample_4.cif,0.14493
/mnt/data/admuser/msadepth/compreps/seedrep_cand/protenix/8q7s_O/d35/seed1_r1/results/8q7s_o/seed_0/predictions/8q7s_o_sample_0.cif,8q7s_O,seed1_r1,8q7s_o_sample_0.cif,0.19685
/mnt/data/admuser/msadepth/compreps/seedrep_cand/protenix/8q7s_O/d35/seed1_r1/results/8q7s_o/seed_0/predictions/8q7s_o_sample_1.cif,8q7s_O,seed1_r1,8q7s_o_sample_1.cif,0.18828
/mnt/data/admuser/msadepth/compreps/seedrep_cand/protenix/8q7s_O/d35/seed1_r1/results/8q7s_o/seed_0/predictions/8q7s_o_sample_2.cif,8q7s_O,seed1_r1,8q7s_o_sample_2.cif,0.17175
/mnt/data/admuser/msadepth/compreps/seedrep_cand/protenix/8q7s_O/d35/seed1_r1/results/8q7s_o/seed_0/predictions/8q7s_o_sample_3.cif,8q7s_O,seed1_r1,8q7s_o_sample_3.cif,0.16611
/mnt/data/admuser/msadepth/compreps/seedrep_cand/protenix/8q7s_O/d35/seed1_r1/results/8q7s_o/seed_0/predictions/8q7s_o_sample_4.cif,8q7s_O,seed1_r1,8q7s_o_sample_4.cif,0.15351
/mnt/data/admuser/msadepth/compreps/seedrep_cand/protenix/8q7s_O/d35/seed1_r2/results/8q7s_o/seed_0/predictions/8q7s_o_sample_0.cif,8q7s_O,seed1_r2,8q7s_o_sample_0.cif,0.34576
/mnt/data/admuser/msadepth/compreps/seedrep_cand/protenix/8q7s_O/d35/seed1_r2/results/8q7s_o/seed_0/predictions/8q7s_o_sample_1.cif,8q7s_O,seed1_r2,8q7s_o_sample_1.cif,0.34527
/mnt/data/admuser/msadepth/compreps/seedrep_cand/protenix/8q7s_O/d35/seed1_r2/results/8q7s_o/seed_0/predictions/8q7s_o_sample_2.cif,8q7s_O,seed1_r2,8q7s_o_sample_2.cif,0.33878
/mnt/data/admuser/msadepth/compreps/seedrep_cand/protenix/8q7s_O/d35/seed1_r2/results/8q7s_o/seed_0/predictions/8q7s_o_sample_3.cif,8q7s_O,seed1_r2,8q7s_o_sample_3.cif,0.25663
/mnt/data/admuser/msadepth/compreps/seedrep_cand/protenix/8q7s_O/d35/seed1_r2/results/8q7s_o/seed_0/predictions/8q7s_o_sample_4.cif,8q7s_O,seed1_r2,8q7s_o_sample_4.cif,0.21724
/mnt/data/admuser/msadepth/compreps/seedrep_cand/protenix/8q7s_O/d35/seed1_r3/results/8q7s_o/seed_0/predictions/8q7s_o_sample_0.cif,8q7s_O,seed1_r3,8q7s_o_sample_0.cif,0.19411
/mnt/data/admuser/msadepth/compreps/seedrep_cand/protenix/8q7s_O/d35/seed1_r3/results/8q7s_o/seed_0/predictions/8q7s_o_sample_1.cif,8q7s_O,seed1_r3,8q7s_o_sample_1.cif,0.19064
/mnt/data/admuser/msadepth/compreps/seedrep_cand/protenix/8q7s_O/d35/seed1_r3/results/8q7s_o/seed_0/predictions/8q7s_o_sample_2.cif,8q7s_O,seed1_r3,8q7s_o_sample_2.cif,0.1866
/mnt/data/admuser/msadepth/compreps/seedrep_cand/protenix/8q7s_O/d35/seed1_r3/results/8q7s_o/seed_0/predictions/8q7s_o_sample_3.cif,8q7s_O,seed1_r3,8q7s_o_sample_3.cif,0.17279
/mnt/data/admuser/msadepth/compreps/seedrep_cand/protenix/8q7s_O/d35/seed1_r3/results/8q7s_o/seed_0/predictions/8q7s_o_sample_4.cif,8q7s_O,seed1_r3,8q7s_o_sample_4.cif,0.14698
/mnt/data/admuser/msadepth/compreps/seedrep_cand/protenix/8q7s_O/d35/seed2_r0/results/8q7s_o/seed_0/predictions/8q7s_o_sample_0.cif,8q7s_O,seed2_r0,8q7s_o_sample_0.cif,0.23272
/mnt/data/admuser/msadepth/compreps/seedrep_cand/protenix/8q7s_O/d35/seed2_r0/results/8q7s_o/seed_0/predictions/8q7s_o_sample_1.cif,8q7s_O,seed2_r0,8q7s_o_sample_1.cif,0.22989
/mnt/data/admuser/msadepth/compreps/seedrep_cand/protenix/8q7s_O/d35/seed2_r0/results/8q7s_o/seed_0/predictions/8q7s_o_sample_2.cif,8q7s_O,seed2_r0,8q7s_o_sample_2.cif,0.20816
/mnt/data/admuser/msadepth/compreps/seedrep_cand/protenix/8q7s_O/d35/seed2_r0/results/8q7s_o/seed_0/predictions/8q7s_o_sample_3.cif,8q7s_O,seed2_r0,8q7s_o_sample_3.cif,0.20297
/mnt/data/admuser/msadepth/compreps/seedrep_cand/protenix/8q7s_O/d35/seed2_r0/results/8q7s_o/seed_0/predictions/8q7s_o_sample_4.cif,8q7s_O,seed2_r0,8q7s_o_sample_4.cif,0.19221
/mnt/data/admuser/msadepth/compreps/seedrep_cand/protenix/8q7s_O/d35/seed2_r1/results/8q7s_o/seed_0/predictions/8q7s_o_sample_0.cif,8q7s_O,seed2_r1,8q7s_o_sample_0.cif,0.44859
/mnt/data/admuser/msadepth/compreps/seedrep_cand/protenix/8q7s_O/d35/seed2_r1/results/8q7s_o/seed_0/predictions/8q7s_o_sample_1.cif,8q7s_O,seed2_r1,8q7s_o_sample_1.cif,0.44385
/mnt/data/admuser/msadepth/compreps/seedrep_cand/protenix/8q7s_O/d35/seed2_r1/results/8q7s_o/seed_0/predictions/8q7s_o_sample_2.cif,8q7s_O,seed2_r1,8q7s_o_sample_2.cif,0.44045
/mnt/data/admuser/msadepth/compreps/seedrep_cand/protenix/8q7s_O/d35/seed2_r1/results/8q7s_o/seed_0/predictions/8q7s_o_sample_3.cif,8q7s_O,seed2_r1,8q7s_o_sample_3.cif,0.43946
/mnt/data/admuser/msadepth/compreps/seedrep_cand/protenix/8q7s_O/d35/seed2_r1/results/8q7s_o/seed_0/predictions/8q7s_o_sample_4.cif,8q7s_O,seed2_r1,8q7s_o_sample_4.cif,0.43057
/mnt/data/admuser/msadepth/compreps/seedrep_cand/protenix/8q7s_O/d35/seed2_r2/results/8q7s_o/seed_0/predictions/8q7s_o_sample_0.cif,8q7s_O,seed2_r2,8q7s_o_sample_0.cif,0.18569
/mnt/data/admuser/msadepth/compreps/seedrep_cand/protenix/8q7s_O/d35/seed2_r2/results/8q7s_o/seed_0/predictions/8q7s_o_sample_1.cif,8q7s_O,seed2_r2,8q7s_o_sample_1.cif,0.17314
/mnt/data/admuser/msadepth/compreps/seedrep_cand/protenix/8q7s_O/d35/seed2_r2/results/8q7s_o/seed_0/predictions/8q7s_o_sample_2.cif,8q7s_O,seed2_r2,8q7s_o_sample_2.cif,0.1688
/mnt/data/admuser/msadepth/compreps/seedrep_cand/protenix/8q7s_O/d35/seed2_r2/results/8q7s_o/seed_0/predictions/8q7s_o_sample_3.cif,8q7s_O,seed2_r2,8q7s_o_sample_3.cif,0.16659
/mnt/data/admuser/msadepth/compreps/seedrep_cand/protenix/8q7s_O/d35/seed2_r2/results/8q7s_o/seed_0/predictions/8q7s_o_sample_4.cif,8q7s_O,seed2_r2,8q7s_o_sample_4.cif,0.16619
/mnt/data/admuser/msadepth/compreps/seedrep_cand/protenix/8q7s_O/d35/seed2_r3/results/8q7s_o/seed_0/predictions/8q7s_o_sample_0.cif,8q7s_O,seed2_r3,8q7s_o_sample_0.cif,0.30479
/mnt/data/admuser/msadepth/compreps/seedrep_cand/protenix/8q7s_O/d35/seed2_r3/results/8q7s_o/seed_0/predictions/8q7s_o_sample_1.cif,8q7s_O,seed2_r3,8q7s_o_sample_1.cif,0.30211
/mnt/data/admuser/msadepth/compreps/seedrep_cand/protenix/8q7s_O/d35/seed2_r3/results/8q7s_o/seed_0/predictions/8q7s_o_sample_2.cif,8q7s_O,seed2_r3,8q7s_o_sample_2.cif,0.30038
/mnt/data/admuser/msadepth/compreps/seedrep_cand/protenix/8q7s_O/d35/seed2_r3/results/8q7s_o/seed_0/predictions/8q7s_o_sample_3.cif,8q7s_O,seed2_r3,8q7s_o_sample_3.cif,0.23687
/mnt/data/admuser/msadepth/compreps/seedrep_cand/protenix/8q7s_O/d35/seed2_r3/results/8q7s_o/seed_0/predictions/8q7s_o_sample_4.cif,8q7s_O,seed2_r3,8q7s_o_sample_4.cif,0.20958
/mnt/data/admuser/msadepth/compreps/seedrep_cand/protenix/8q7s_O/d35/seed3_r0/results/8q7s_o/seed_0/predictions/8q7s_o_sample_0.cif,8q7s_O,seed3_r0,8q7s_o_sample_0.cif,0.19288
/mnt/data/admuser/msadepth/compreps/seedrep_cand/protenix/8q7s_O/d35/seed3_r0/results/8q7s_o/seed_0/predictions/8q7s_o_sample_1.cif,8q7s_O,seed3_r0,8q7s_o_sample_1.cif,0.17976
/mnt/data/admuser/msadepth/compreps/seedrep_cand/protenix/8q7s_O/d35/seed3_r0/results/8q7s_o/seed_0/predictions/8q7s_o_sample_2.cif,8q7s_O,seed3_r0,8q7s_o_sample_2.cif,0.17919
/mnt/data/admuser/msadepth/compreps/seedrep_cand/protenix/8q7s_O/d35/seed3_r0/results/8q7s_o/seed_0/predictions/8q7s_o_sample_3.cif,8q7s_O,seed3_r0,8q7s_o_sample_3.cif,0.17202
/mnt/data/admuser/msadepth/compreps/seedrep_cand/protenix/8q7s_O/d35/seed3_r0/results/8q7s_o/seed_0/predictions/8q7s_o_sample_4.cif,8q7s_O,seed3_r0,8q7s_o_sample_4.cif,0.17025
/mnt/data/admuser/msadepth/compreps/seedrep_cand/protenix/8q7s_O/d35/seed3_r1/results/8q7s_o/seed_0/predictions/8q7s_o_sample_0.cif,8q7s_O,seed3_r1,8q7s_o_sample_0.cif,0.21396
/mnt/data/admuser/msadepth/compreps/seedrep_cand/protenix/8q7s_O/d35/seed3_r1/results/8q7s_o/seed_0/predictions/8q7s_o_sample_1.cif,8q7s_O,seed3_r1,8q7s_o_sample_1.cif,0.19396
/mnt/data/admuser/msadepth/compreps/seedrep_cand/protenix/8q7s_O/d35/seed3_r1/results/8q7s_o/seed_0/predictions/8q7s_o_sample_2.cif,8q7s_O,seed3_r1,8q7s_o_sample_2.cif,0.18861
/mnt/data/admuser/msadepth/compreps/seedrep_cand/protenix/8q7s_O/d35/seed3_r1/results/8q7s_o/seed_0/predictions/8q7s_o_sample_3.cif,8q7s_O,seed3_r1,8q7s_o_sample_3.cif,0.17941
/mnt/data/admuser/msadepth/compreps/seedrep_cand/protenix/8q7s_O/d35/seed3_r1/results/8q7s_o/seed_0/predictions/8q7s_o_sample_4.cif,8q7s_O,seed3_r1,8q7s_o_sample_4.cif,0.17825
/mnt/data/admuser/msadepth/compreps/seedrep_cand/protenix/8q7s_O/d35/seed3_r2/results/8q7s_o/seed_0/predictions/8q7s_o_sample_0.cif,8q7s_O,seed3_r2,8q7s_o_sample_0.cif,0.21631
/mnt/data/admuser/msadepth/compreps/seedrep_cand/protenix/8q7s_O/d35/seed3_r2/results/8q7s_o/seed_0/predictions/8q7s_o_sample_1.cif,8q7s_O,seed3_r2,8q7s_o_sample_1.cif,0.19603
/mnt/data/admuser/msadepth/compreps/seedrep_cand/protenix/8q7s_O/d35/seed3_r2/results/8q7s_o/seed_0/predictions/8q7s_o_sample_2.cif,8q7s_O,seed3_r2,8q7s_o_sample_2.cif,0.19345
/mnt/data/admuser/msadepth/compreps/seedrep_cand/protenix/8q7s_O/d35/seed3_r2/results/8q7s_o/seed_0/predictions/8q7s_o_sample_3.cif,8q7s_O,seed3_r2,8q7s_o_sample_3.cif,0.17975
/mnt/data/admuser/msadepth/compreps/seedrep_cand/protenix/8q7s_O/d35/seed3_r2/results/8q7s_o/seed_0/predictions/8q7s_o_sample_4.cif,8q7s_O,seed3_r2,8q7s_o_sample_4.cif,0.17995
/mnt/data/admuser/msadepth/compreps/seedrep_cand/protenix/8q7s_O/d35/seed3_r3/results/8q7s_o/seed_0/predictions/8q7s_o_sample_0.cif,8q7s_O,seed3_r3,8q7s_o_sample_0.cif,0.19887
/mnt/data/admuser/msadepth/compreps/seedrep_cand/protenix/8q7s_O/d35/seed3_r3/results/8q7s_o/seed_0/predictions/8q7s_o_sample_1.cif,8q7s_O,seed3_r3,8q7s_o_sample_1.cif,0.19019
/mnt/data/admuser/msadepth/compreps/seedrep_cand/protenix/8q7s_O/d35/seed3_r3/results/8q7s_o/seed_0/predictions/8q7s_o_sample_2.cif,8q7s_O,seed3_r3,8q7s_o_sample_2.cif,0.18942
/mnt/data/admuser/msadepth/compreps/seedrep_cand/protenix/8q7s_O/d35/seed3_r3/results/8q7s_o/seed_0/predictions/8q7s_o_sample_3.cif,8q7s_O,seed3_r3,8q7s_o_sample_3.cif,0.18394
/mnt/data/admuser/msadepth/compreps/seedrep_cand/protenix/8q7s_O/d35/seed3_r3/results/8q7s_o/seed_0/predictions/8q7s_o_sample_4.cif,8q7s_O,seed3_r3,8q7s_o_sample_4.cif,0.18188
/mnt/data/admuser/msadepth/compreps/seedrep_cand/protenix/8q7s_O/d35/seed4_r0/results/8q7s_o/seed_0/predictions/8q7s_o_sample_0.cif,8q7s_O,seed4_r0,8q7s_o_sample_0.cif,0.29114
/mnt/data/admuser/msadepth/compreps/seedrep_cand/protenix/8q7s_O/d35/seed4_r0/results/8q7s_o/seed_0/predictions/8q7s_o_sample_1.cif,8q7s_O,seed4_r0,8q7s_o_sample_1.cif,0.28584
/mnt/data/admuser/msadepth/compreps/seedrep_cand/protenix/8q7s_O/d35/seed4_r0/results/8q7s_o/seed_0/predictions/8q7s_o_sample_2.cif,8q7s_O,seed4_r0,8q7s_o_sample_2.cif,0.27032
/mnt/data/admuser/msadepth/compreps/seedrep_cand/protenix/8q7s_O/d35/seed4_r0/results/8q7s_o/seed_0/predictions/8q7s_o_sample_3.cif,8q7s_O,seed4_r0,8q7s_o_sample_3.cif,0.26254
/mnt/data/admuser/msadepth/compreps/seedrep_cand/protenix/8q7s_O/d35/seed4_r0/results/8q7s_o/seed_0/predictions/8q7s_o_sample_4.cif,8q7s_O,seed4_r0,8q7s_o_sample_4.cif,0.22206
/mnt/data/admuser/msadepth/compreps/seedrep_cand/protenix/8q7s_O/d35/seed4_r1/results/8q7s_o/seed_0/predictions/8q7s_o_sample_0.cif,8q7s_O,seed4_r1,8q7s_o_sample_0.cif,0.3604
/mnt/data/admuser/msadepth/compreps/seedrep_cand/protenix/8q7s_O/d35/seed4_r1/results/8q7s_o/seed_0/predictions/8q7s_o_sample_1.cif,8q7s_O,seed4_r1,8q7s_o_sample_1.cif,0.35954
/mnt/data/admuser/msadepth/compreps/seedrep_cand/protenix/8q7s_O/d35/seed4_r1/results/8q7s_o/seed_0/predictions/8q7s_o_sample_2.cif,8q7s_O,seed4_r1,8q7s_o_sample_2.cif,0.35076
/mnt/data/admuser/msadepth/compreps/seedrep_cand/protenix/8q7s_O/d35/seed4_r1/results/8q7s_o/seed_0/predictions/8q7s_o_sample_3.cif,8q7s_O,seed4_r1,8q7s_o_sample_3.cif,0.3482
/mnt/data/admuser/msadepth/compreps/seedrep_cand/protenix/8q7s_O/d35/seed4_r1/results/8q7s_o/seed_0/predictions/8q7s_o_sample_4.cif,8q7s_O,seed4_r1,8q7s_o_sample_4.cif,0.26815
/mnt/data/admuser/msadepth/compreps/seedrep_cand/protenix/8q7s_O/d35/seed4_r2/results/8q7s_o/seed_0/predictions/8q7s_o_sample_0.cif,8q7s_O,seed4_r2,8q7s_o_sample_0.cif,0.50339
/mnt/data/admuser/msadepth/compreps/seedrep_cand/protenix/8q7s_O/d35/seed4_r2/results/8q7s_o/seed_0/predictions/8q7s_o_sample_1.cif,8q7s_O,seed4_r2,8q7s_o_sample_1.cif,0.49818
/mnt/data/admuser/msadepth/compreps/seedrep_cand/protenix/8q7s_O/d35/seed4_r2/results/8q7s_o/seed_0/predictions/8q7s_o_sample_2.cif,8q7s_O,seed4_r2,8q7s_o_sample_2.cif,0.49468
/mnt/data/admuser/msadepth/compreps/seedrep_cand/protenix/8q7s_O/d35/seed4_r2/results/8q7s_o/seed_0/predictions/8q7s_o_sample_3.cif,8q7s_O,seed4_r2,8q7s_o_sample_3.cif,0.49462
/mnt/data/admuser/msadepth/compreps/seedrep_cand/protenix/8q7s_O/d35/seed4_r2/results/8q7s_o/seed_0/predictions/8q7s_o_sample_4.cif,8q7s_O,seed4_r2,8q7s_o_sample_4.cif,0.49172
/mnt/data/admuser/msadepth/compreps/seedrep_cand/protenix/8q7s_O/d35/seed4_r3/results/8q7s_o/seed_0/predictions/8q7s_o_sample_0.cif,8q7s_O,seed4_r3,8q7s_o_sample_0.cif,0.33621
/mnt/data/admuser/msadepth/compreps/seedrep_cand/protenix/8q7s_O/d35/seed4_r3/results/8q7s_o/seed_0/predictions/8q7s_o_sample_1.cif,8q7s_O,seed4_r3,8q7s_o_sample_1.cif,0.33075
/mnt/data/admuser/msadepth/compreps/seedrep_cand/protenix/8q7s_O/d35/seed4_r3/results/8q7s_o/seed_0/predictions/8q7s_o_sample_2.cif,8q7s_O,seed4_r3,8q7s_o_sample_2.cif,0.31284
/mnt/data/admuser/msadepth/compreps/seedrep_cand/protenix/8q7s_O/d35/seed4_r3/results/8q7s_o/seed_0/predictions/8q7s_o_sample_3.cif,8q7s_O,seed4_r3,8q7s_o_sample_3.cif,0.31179
/mnt/data/admuser/msadepth/compreps/seedrep_cand/protenix/8q7s_O/d35/seed4_r3/results/8q7s_o/seed_0/predictions/8q7s_o_sample_4.cif,8q7s_O,seed4_r3,8q7s_o_sample_4.cif,0.30956
/mnt/data/admuser/msadepth/compreps/seedrep_cand/protenix/8q7s_O/d35/seed5_r0/results/8q7s_o/seed_0/predictions/8q7s_o_sample_0.cif,8q7s_O,seed5_r0,8q7s_o_sample_0.cif,0.17933
/mnt/data/admuser/msadepth/compreps/seedrep_cand/protenix/8q7s_O/d35/seed5_r0/results/8q7s_o/seed_0/predictions/8q7s_o_sample_1.cif,8q7s_O,seed5_r0,8q7s_o_sample_1.cif,0.16257
/mnt/data/admuser/msadepth/compreps/seedrep_cand/protenix/8q7s_O/d35/seed5_r0/results/8q7s_o/seed_0/predictions/8q7s_o_sample_2.cif,8q7s_O,seed5_r0,8q7s_o_sample_2.cif,0.16051
/mnt/data/admuser/msadepth/compreps/seedrep_cand/protenix/8q7s_O/d35/seed5_r0/results/8q7s_o/seed_0/predictions/8q7s_o_sample_3.cif,8q7s_O,seed5_r0,8q7s_o_sample_3.cif,0.15974
/mnt/data/admuser/msadepth/compreps/seedrep_cand/protenix/8q7s_O/d35/seed5_r0/results/8q7s_o/seed_0/predictions/8q7s_o_sample_4.cif,8q7s_O,seed5_r0,8q7s_o_sample_4.cif,0.15878
/mnt/data/admuser/msadepth/compreps/seedrep_cand/protenix/8q7s_O/d35/seed5_r1/results/8q7s_o/seed_0/predictions/8q7s_o_sample_0.cif,8q7s_O,seed5_r1,8q7s_o_sample_0.cif,0.1801
/mnt/data/admuser/msadepth/compreps/seedrep_cand/protenix/8q7s_O/d35/seed5_r1/results/8q7s_o/seed_0/predictions/8q7s_o_sample_1.cif,8q7s_O,seed5_r1,8q7s_o_sample_1.cif,0.15118
/mnt/data/admuser/msadepth/compreps/seedrep_cand/protenix/8q7s_O/d35/seed5_r1/results/8q7s_o/seed_0/predictions/8q7s_o_sample_2.cif,8q7s_O,seed5_r1,8q7s_o_sample_2.cif,0.14848
/mnt/data/admuser/msadepth/compreps/seedrep_cand/protenix/8q7s_O/d35/seed5_r1/results/8q7s_o/seed_0/predictions/8q7s_o_sample_3.cif,8q7s_O,seed5_r1,8q7s_o_sample_3.cif,0.14503
/mnt/data/admuser/msadepth/compreps/seedrep_cand/protenix/8q7s_O/d35/seed5_r1/results/8q7s_o/seed_0/predictions/8q7s_o_sample_4.cif,8q7s_O,seed5_r1,8q7s_o_sample_4.cif,0.14059
/mnt/data/admuser/msadepth/compreps/seedrep_cand/protenix/8q7s_O/d35/seed5_r2/results/8q7s_o/seed_0/predictions/8q7s_o_sample_0.cif,8q7s_O,seed5_r2,8q7s_o_sample_0.cif,0.17021
/mnt/data/admuser/msadepth/compreps/seedrep_cand/protenix/8q7s_O/d35/seed5_r2/results/8q7s_o/seed_0/predictions/8q7s_o_sample_1.cif,8q7s_O,seed5_r2,8q7s_o_sample_1.cif,0.15943
/mnt/data/admuser/msadepth/compreps/seedrep_cand/protenix/8q7s_O/d35/seed5_r2/results/8q7s_o/seed_0/predictions/8q7s_o_sample_2.cif,8q7s_O,seed5_r2,8q7s_o_sample_2.cif,0.15847
/mnt/data/admuser/msadepth/compreps/seedrep_cand/protenix/8q7s_O/d35/seed5_r2/results/8q7s_o/seed_0/predictions/8q7s_o_sample_3.cif,8q7s_O,seed5_r2,8q7s_o_sample_3.cif,0.15859
/mnt/data/admuser/msadepth/compreps/seedrep_cand/protenix/8q7s_O/d35/seed5_r2/results/8q7s_o/seed_0/predictions/8q7s_o_sample_4.cif,8q7s_O,seed5_r2,8q7s_o_sample_4.cif,0.15169
/mnt/data/admuser/msadepth/compreps/seedrep_cand/protenix/8q7s_O/d35/seed5_r3/results/8q7s_o/seed_0/predictions/8q7s_o_sample_0.cif,8q7s_O,seed5_r3,8q7s_o_sample_0.cif,0.16495
/mnt/data/admuser/msadepth/compreps/seedrep_cand/protenix/8q7s_O/d35/seed5_r3/results/8q7s_o/seed_0/predictions/8q7s_o_sample_1.cif,8q7s_O,seed5_r3,8q7s_o_sample_1.cif,0.16446
/mnt/data/admuser/msadepth/compreps/seedrep_cand/protenix/8q7s_O/d35/seed5_r3/results/8q7s_o/seed_0/predictions/8q7s_o_sample_2.cif,8q7s_O,seed5_r3,8q7s_o_sample_2.cif,0.16336
/mnt/data/admuser/msadepth/compreps/seedrep_cand/protenix/8q7s_O/d35/seed5_r3/results/8q7s_o/seed_0/predictions/8q7s_o_sample_3.cif,8q7s_O,seed5_r3,8q7s_o_sample_3.cif,0.15006
/mnt/data/admuser/msadepth/compreps/seedrep_cand/protenix/8q7s_O/d35/seed5_r3/results/8q7s_o/seed_0/predictions/8q7s_o_sample_4.cif,8q7s_O,seed5_r3,8q7s_o_sample_4.cif,0.14848
/mnt/data/admuser/msadepth/compreps/seedrep_cand/protenix/8q7s_O/d35/seedfull_r0/results/8q7s_o/seed_0/predictions/8q7s_o_sample_0.cif,8q7s_O,seedfull_r0,8q7s_o_sample_0.cif,0.20352
/mnt/data/admuser/msadepth/compreps/seedrep_cand/protenix/8q7s_O/d35/seedfull_r0/results/8q7s_o/seed_0/predictions/8q7s_o_sample_1.cif,8q7s_O,seedfull_r0,8q7s_o_sample_1.cif,0.19175
/mnt/data/admuser/msadepth/compreps/seedrep_cand/protenix/8q7s_O/d35/seedfull_r0/results/8q7s_o/seed_0/predictions/8q7s_o_sample_2.cif,8q7s_O,seedfull_r0,8q7s_o_sample_2.cif,0.18214
/mnt/data/admuser/msadepth/compreps/seedrep_cand/protenix/8q7s_O/d35/seedfull_r0/results/8q7s_o/seed_0/predictions/8q7s_o_sample_3.cif,8q7s_O,seedfull_r0,8q7s_o_sample_3.cif,0.16981
/mnt/data/admuser/msadepth/compreps/seedrep_cand/protenix/8q7s_O/d35/seedfull_r0/results/8q7s_o/seed_0/predictions/8q7s_o_sample_4.cif,8q7s_O,seedfull_r0,8q7s_o_sample_4.cif,0.16836
/mnt/data/admuser/msadepth/compreps/seedrep_cand/protenix/8q7s_O/d35/seedfull_r1/results/8q7s_o/seed_0/predictions/8q7s_o_sample_0.cif,8q7s_O,seedfull_r1,8q7s_o_sample_0.cif,0.21476
/mnt/data/admuser/msadepth/compreps/seedrep_cand/protenix/8q7s_O/d35/seedfull_r1/results/8q7s_o/seed_0/predictions/8q7s_o_sample_1.cif,8q7s_O,seedfull_r1,8q7s_o_sample_1.cif,0.20286
/mnt/data/admuser/msadepth/compreps/seedrep_cand/protenix/8q7s_O/d35/seedfull_r1/results/8q7s_o/seed_0/predictions/8q7s_o_sample_2.cif,8q7s_O,seedfull_r1,8q7s_o_sample_2.cif,0.19249
/mnt/data/admuser/msadepth/compreps/seedrep_cand/protenix/8q7s_O/d35/seedfull_r1/results/8q7s_o/seed_0/predictions/8q7s_o_sample_3.cif,8q7s_O,seedfull_r1,8q7s_o_sample_3.cif,0.18979
/mnt/data/admuser/msadepth/compreps/seedrep_cand/protenix/8q7s_O/d35/seedfull_r1/results/8q7s_o/seed_0/predictions/8q7s_o_sample_4.cif,8q7s_O,seedfull_r1,8q7s_o_sample_4.cif,0.18646
/mnt/data/admuser/msadepth/compreps/seedrep_cand/protenix/8q7s_O/d35/seedfull_r2/results/8q7s_o/seed_0/predictions/8q7s_o_sample_0.cif,8q7s_O,seedfull_r2,8q7s_o_sample_0.cif,0.20404
/mnt/data/admuser/msadepth/compreps/seedrep_cand/protenix/8q7s_O/d35/seedfull_r2/results/8q7s_o/seed_0/predictions/8q7s_o_sample_1.cif,8q7s_O,seedfull_r2,8q7s_o_sample_1.cif,0.20169
/mnt/data/admuser/msadepth/compreps/seedrep_cand/protenix/8q7s_O/d35/seedfull_r2/results/8q7s_o/seed_0/predictions/8q7s_o_sample_2.cif,8q7s_O,seedfull_r2,8q7s_o_sample_2.cif,0.1917
/mnt/data/admuser/msadepth/compreps/seedrep_cand/protenix/8q7s_O/d35/seedfull_r2/results/8q7s_o/seed_0/predictions/8q7s_o_sample_3.cif,8q7s_O,seedfull_r2,8q7s_o_sample_3.cif,0.18296
/mnt/data/admuser/msadepth/compreps/seedrep_cand/protenix/8q7s_O/d35/seedfull_r2/results/8q7s_o/seed_0/predictions/8q7s_o_sample_4.cif,8q7s_O,seedfull_r2,8q7s_o_sample_4.cif,0.17148
/mnt/data/admuser/msadepth/compreps/seedrep_cand/protenix/8q7s_O/d35/seedfull_r3/results/8q7s_o/seed_0/predictions/8q7s_o_sample_0.cif,8q7s_O,seedfull_r3,8q7s_o_sample_0.cif,0.20505
/mnt/data/admuser/msadepth/compreps/seedrep_cand/protenix/8q7s_O/d35/seedfull_r3/results/8q7s_o/seed_0/predictions/8q7s_o_sample_1.cif,8q7s_O,seedfull_r3,8q7s_o_sample_1.cif,0.18671
/mnt/data/admuser/msadepth/compreps/seedrep_cand/protenix/8q7s_O/d35/seedfull_r3/results/8q7s_o/seed_0/predictions/8q7s_o_sample_2.cif,8q7s_O,seedfull_r3,8q7s_o_sample_2.cif,0.18424
/mnt/data/admuser/msadepth/compreps/seedrep_cand/protenix/8q7s_O/d35/seedfull_r3/results/8q7s_o/seed_0/predictions/8q7s_o_sample_3.cif,8q7s_O,seedfull_r3,8q7s_o_sample_3.cif,0.17096
/mnt/data/admuser/msadepth/compreps/seedrep_cand/protenix/8q7s_O/d35/seedfull_r3/results/8q7s_o/seed_0/predictions/8q7s_o_sample_4.cif,8q7s_O,seedfull_r3,8q7s_o_sample_4.cif,0.17111
/mnt/data/admuser/msadepth/compreps/seedrep_cand/protenix/8q7s_O/d35/seedfull_r4/results/8q7s_o/seed_0/predictions/8q7s_o_sample_0.cif,8q7s_O,seedfull_r4,8q7s_o_sample_0.cif,0.20465
/mnt/data/admuser/msadepth/compreps/seedrep_cand/protenix/8q7s_O/d35/seedfull_r4/results/8q7s_o/seed_0/predictions/8q7s_o_sample_1.cif,8q7s_O,seedfull_r4,8q7s_o_sample_1.cif,0.1901
/mnt/data/admuser/msadepth/compreps/seedrep_cand/protenix/8q7s_O/d35/seedfull_r4/results/8q7s_o/seed_0/predictions/8q7s_o_sample_2.cif,8q7s_O,seedfull_r4,8q7s_o_sample_2.cif,0.18491
/mnt/data/admuser/msadepth/compreps/seedrep_cand/protenix/8q7s_O/d35/seedfull_r4/results/8q7s_o/seed_0/predictions/8q7s_o_sample_3.cif,8q7s_O,seedfull_r4,8q7s_o_sample_3.cif,0.17
/mnt/data/admuser/msadepth/compreps/seedrep_cand/protenix/8q7s_O/d35/seedfull_r4/results/8q7s_o/seed_0/predictions/8q7s_o_sample_4.cif,8q7s_O,seedfull_r4,8q7s_o_sample_4.cif,0.16956
/mnt/data/admuser/msadepth/compreps/seedrep_cand/protenix/8q7s_O/d35/seedfull_r5/results/8q7s_o/seed_0/predictions/8q7s_o_sample_0.cif,8q7s_O,seedfull_r5,8q7s_o_sample_0.cif,0.19818
/mnt/data/admuser/msadepth/compreps/seedrep_cand/protenix/8q7s_O/d35/seedfull_r5/results/8q7s_o/seed_0/predictions/8q7s_o_sample_1.cif,8q7s_O,seedfull_r5,8q7s_o_sample_1.cif,0.17411
/mnt/data/admuser/msadepth/compreps/seedrep_cand/protenix/8q7s_O/d35/seedfull_r5/results/8q7s_o/seed_0/predictions/8q7s_o_sample_2.cif,8q7s_O,seedfull_r5,8q7s_o_sample_2.cif,0.16879
/mnt/data/admuser/msadepth/compreps/seedrep_cand/protenix/8q7s_O/d35/seedfull_r5/results/8q7s_o/seed_0/predictions/8q7s_o_sample_3.cif,8q7s_O,seedfull_r5,8q7s_o_sample_3.cif,0.1676
/mnt/data/admuser/msadepth/compreps/seedrep_cand/protenix/8q7s_O/d35/seedfull_r5/results/8q7s_o/seed_0/predictions/8q7s_o_sample_4.cif,8q7s_O,seedfull_r5,8q7s_o_sample_4.cif,0.16504
/mnt/data/admuser/msadepth/compreps/seedrep_cand/protenix/8q7s_O/d35/seedfull_r6/results/8q7s_o/seed_0/predictions/8q7s_o_sample_0.cif,8q7s_O,seedfull_r6,8q7s_o_sample_0.cif,0.20065
/mnt/data/admuser/msadepth/compreps/seedrep_cand/protenix/8q7s_O/d35/seedfull_r6/results/8q7s_o/seed_0/predictions/8q7s_o_sample_1.cif,8q7s_O,seedfull_r6,8q7s_o_sample_1.cif,0.19859
/mnt/data/admuser/msadepth/compreps/seedrep_cand/protenix/8q7s_O/d35/seedfull_r6/results/8q7s_o/seed_0/predictions/8q7s_o_sample_2.cif,8q7s_O,seedfull_r6,8q7s_o_sample_2.cif,0.18576
/mnt/data/admuser/msadepth/compreps/seedrep_cand/protenix/8q7s_O/d35/seedfull_r6/results/8q7s_o/seed_0/predictions/8q7s_o_sample_3.cif,8q7s_O,seedfull_r6,8q7s_o_sample_3.cif,0.1721
/mnt/data/admuser/msadepth/compreps/seedrep_cand/protenix/8q7s_O/d35/seedfull_r6/results/8q7s_o/seed_0/predictions/8q7s_o_sample_4.cif,8q7s_O,seedfull_r6,8q7s_o_sample_4.cif,0.16943
/mnt/data/admuser/msadepth/compreps/seedrep_cand/protenix/8q7s_O/d35/seedfull_r7/results/8q7s_o/seed_0/predictions/8q7s_o_sample_0.cif,8q7s_O,seedfull_r7,8q7s_o_sample_0.cif,0.2041
/mnt/data/admuser/msadepth/compreps/seedrep_cand/protenix/8q7s_O/d35/seedfull_r7/results/8q7s_o/seed_0/predictions/8q7s_o_sample_1.cif,8q7s_O,seedfull_r7,8q7s_o_sample_1.cif,0.19391
/mnt/data/admuser/msadepth/compreps/seedrep_cand/protenix/8q7s_O/d35/seedfull_r7/results/8q7s_o/seed_0/predictions/8q7s_o_sample_2.cif,8q7s_O,seedfull_r7,8q7s_o_sample_2.cif,0.18678
/mnt/data/admuser/msadepth/compreps/seedrep_cand/protenix/8q7s_O/d35/seedfull_r7/results/8q7s_o/seed_0/predictions/8q7s_o_sample_3.cif,8q7s_O,seedfull_r7,8q7s_o_sample_3.cif,0.17153
/mnt/data/admuser/msadepth/compreps/seedrep_cand/protenix/8q7s_O/d35/seedfull_r7/results/8q7s_o/seed_0/predictions/8q7s_o_sample_4.cif,8q7s_O,seedfull_r7,8q7s_o_sample_4.cif,0.17074
/mnt/data/admuser/msadepth/compreps/seedrep_cand/protenix/8siq_HL/d670/seed0_r0/results/8siq_hl/seed_0/predictions/8siq_hl_sample_0.cif,8siq_HL,seed0_r0,8siq_hl_sample_0.cif,0.44455
/mnt/data/admuser/msadepth/compreps/seedrep_cand/protenix/8siq_HL/d670/seed0_r0/results/8siq_hl/seed_0/predictions/8siq_hl_sample_1.cif,8siq_HL,seed0_r0,8siq_hl_sample_1.cif,0.4437
/mnt/data/admuser/msadepth/compreps/seedrep_cand/protenix/8siq_HL/d670/seed0_r0/results/8siq_hl/seed_0/predictions/8siq_hl_sample_2.cif,8siq_HL,seed0_r0,8siq_hl_sample_2.cif,0.44241
/mnt/data/admuser/msadepth/compreps/seedrep_cand/protenix/8siq_HL/d670/seed0_r0/results/8siq_hl/seed_0/predictions/8siq_hl_sample_3.cif,8siq_HL,seed0_r0,8siq_hl_sample_3.cif,0.43739
/mnt/data/admuser/msadepth/compreps/seedrep_cand/protenix/8siq_HL/d670/seed0_r0/results/8siq_hl/seed_0/predictions/8siq_hl_sample_4.cif,8siq_HL,seed0_r0,8siq_hl_sample_4.cif,0.43667
/mnt/data/admuser/msadepth/compreps/seedrep_cand/protenix/8siq_HL/d670/seed0_r1/results/8siq_hl/seed_0/predictions/8siq_hl_sample_0.cif,8siq_HL,seed0_r1,8siq_hl_sample_0.cif,0.36151
/mnt/data/admuser/msadepth/compreps/seedrep_cand/protenix/8siq_HL/d670/seed0_r1/results/8siq_hl/seed_0/predictions/8siq_hl_sample_1.cif,8siq_HL,seed0_r1,8siq_hl_sample_1.cif,0.35913
/mnt/data/admuser/msadepth/compreps/seedrep_cand/protenix/8siq_HL/d670/seed0_r1/results/8siq_hl/seed_0/predictions/8siq_hl_sample_2.cif,8siq_HL,seed0_r1,8siq_hl_sample_2.cif,0.3608
/mnt/data/admuser/msadepth/compreps/seedrep_cand/protenix/8siq_HL/d670/seed0_r1/results/8siq_hl/seed_0/predictions/8siq_hl_sample_3.cif,8siq_HL,seed0_r1,8siq_hl_sample_3.cif,0.35825
/mnt/data/admuser/msadepth/compreps/seedrep_cand/protenix/8siq_HL/d670/seed0_r1/results/8siq_hl/seed_0/predictions/8siq_hl_sample_4.cif,8siq_HL,seed0_r1,8siq_hl_sample_4.cif,0.356
/mnt/data/admuser/msadepth/compreps/seedrep_cand/protenix/8siq_HL/d670/seed0_r2/results/8siq_hl/seed_0/predictions/8siq_hl_sample_0.cif,8siq_HL,seed0_r2,8siq_hl_sample_0.cif,0.36655
/mnt/data/admuser/msadepth/compreps/seedrep_cand/protenix/8siq_HL/d670/seed0_r2/results/8siq_hl/seed_0/predictions/8siq_hl_sample_1.cif,8siq_HL,seed0_r2,8siq_hl_sample_1.cif,0.36435
/mnt/data/admuser/msadepth/compreps/seedrep_cand/protenix/8siq_HL/d670/seed0_r2/results/8siq_hl/seed_0/predictions/8siq_hl_sample_2.cif,8siq_HL,seed0_r2,8siq_hl_sample_2.cif,0.36032
/mnt/data/admuser/msadepth/compreps/seedrep_cand/protenix/8siq_HL/d670/seed0_r2/results/8siq_hl/seed_0/predictions/8siq_hl_sample_3.cif,8siq_HL,seed0_r2,8siq_hl_sample_3.cif,0.3598
/mnt/data/admuser/msadepth/compreps/seedrep_cand/protenix/8siq_HL/d670/seed0_r2/results/8siq_hl/seed_0/predictions/8siq_hl_sample_4.cif,8siq_HL,seed0_r2,8siq_hl_sample_4.cif,0.35799
/mnt/data/admuser/msadepth/compreps/seedrep_cand/protenix/8siq_HL/d670/seed0_r3/results/8siq_hl/seed_0/predictions/8siq_hl_sample_0.cif,8siq_HL,seed0_r3,8siq_hl_sample_0.cif,0.19831
/mnt/data/admuser/msadepth/compreps/seedrep_cand/protenix/8siq_HL/d670/seed0_r3/results/8siq_hl/seed_0/predictions/8siq_hl_sample_1.cif,8siq_HL,seed0_r3,8siq_hl_sample_1.cif,0.19535
/mnt/data/admuser/msadepth/compreps/seedrep_cand/protenix/8siq_HL/d670/seed0_r3/results/8siq_hl/seed_0/predictions/8siq_hl_sample_2.cif,8siq_HL,seed0_r3,8siq_hl_sample_2.cif,0.19501
/mnt/data/admuser/msadepth/compreps/seedrep_cand/protenix/8siq_HL/d670/seed0_r3/results/8siq_hl/seed_0/predictions/8siq_hl_sample_3.cif,8siq_HL,seed0_r3,8siq_hl_sample_3.cif,0.19225
/mnt/data/admuser/msadepth/compreps/seedrep_cand/protenix/8siq_HL/d670/seed0_r3/results/8siq_hl/seed_0/predictions/8siq_hl_sample_4.cif,8siq_HL,seed0_r3,8siq_hl_sample_4.cif,0.18897
/mnt/data/admuser/msadepth/compreps/seedrep_cand/protenix/8siq_HL/d670/seed1_r0/results/8siq_hl/seed_0/predictions/8siq_hl_sample_0.cif,8siq_HL,seed1_r0,8siq_hl_sample_0.cif,0.32443
/mnt/data/admuser/msadepth/compreps/seedrep_cand/protenix/8siq_HL/d670/seed1_r0/results/8siq_hl/seed_0/predictions/8siq_hl_sample_1.cif,8siq_HL,seed1_r0,8siq_hl_sample_1.cif,0.32195
/mnt/data/admuser/msadepth/compreps/seedrep_cand/protenix/8siq_HL/d670/seed1_r0/results/8siq_hl/seed_0/predictions/8siq_hl_sample_2.cif,8siq_HL,seed1_r0,8siq_hl_sample_2.cif,0.32157
/mnt/data/admuser/msadepth/compreps/seedrep_cand/protenix/8siq_HL/d670/seed1_r0/results/8siq_hl/seed_0/predictions/8siq_hl_sample_3.cif,8siq_HL,seed1_r0,8siq_hl_sample_3.cif,0.32051
/mnt/data/admuser/msadepth/compreps/seedrep_cand/protenix/8siq_HL/d670/seed1_r0/results/8siq_hl/seed_0/predictions/8siq_hl_sample_4.cif,8siq_HL,seed1_r0,8siq_hl_sample_4.cif,0.31949
/mnt/data/admuser/msadepth/compreps/seedrep_cand/protenix/8siq_HL/d670/seed1_r1/results/8siq_hl/seed_0/predictions/8siq_hl_sample_0.cif,8siq_HL,seed1_r1,8siq_hl_sample_0.cif,0.38156
/mnt/data/admuser/msadepth/compreps/seedrep_cand/protenix/8siq_HL/d670/seed1_r1/results/8siq_hl/seed_0/predictions/8siq_hl_sample_1.cif,8siq_HL,seed1_r1,8siq_hl_sample_1.cif,0.37747
/mnt/data/admuser/msadepth/compreps/seedrep_cand/protenix/8siq_HL/d670/seed1_r1/results/8siq_hl/seed_0/predictions/8siq_hl_sample_2.cif,8siq_HL,seed1_r1,8siq_hl_sample_2.cif,0.37685
/mnt/data/admuser/msadepth/compreps/seedrep_cand/protenix/8siq_HL/d670/seed1_r1/results/8siq_hl/seed_0/predictions/8siq_hl_sample_3.cif,8siq_HL,seed1_r1,8siq_hl_sample_3.cif,0.36663
/mnt/data/admuser/msadepth/compreps/seedrep_cand/protenix/8siq_HL/d670/seed1_r1/results/8siq_hl/seed_0/predictions/8siq_hl_sample_4.cif,8siq_HL,seed1_r1,8siq_hl_sample_4.cif,0.36654
/mnt/data/admuser/msadepth/compreps/seedrep_cand/protenix/8siq_HL/d670/seed1_r2/results/8siq_hl/seed_0/predictions/8siq_hl_sample_0.cif,8siq_HL,seed1_r2,8siq_hl_sample_0.cif,0.37573
/mnt/data/admuser/msadepth/compreps/seedrep_cand/protenix/8siq_HL/d670/seed1_r2/results/8siq_hl/seed_0/predictions/8siq_hl_sample_1.cif,8siq_HL,seed1_r2,8siq_hl_sample_1.cif,0.37312
/mnt/data/admuser/msadepth/compreps/seedrep_cand/protenix/8siq_HL/d670/seed1_r2/results/8siq_hl/seed_0/predictions/8siq_hl_sample_2.cif,8siq_HL,seed1_r2,8siq_hl_sample_2.cif,0.37264
/mnt/data/admuser/msadepth/compreps/seedrep_cand/protenix/8siq_HL/d670/seed1_r2/results/8siq_hl/seed_0/predictions/8siq_hl_sample_3.cif,8siq_HL,seed1_r2,8siq_hl_sample_3.cif,0.37094
/mnt/data/admuser/msadepth/compreps/seedrep_cand/protenix/8siq_HL/d670/seed1_r2/results/8siq_hl/seed_0/predictions/8siq_hl_sample_4.cif,8siq_HL,seed1_r2,8siq_hl_sample_4.cif,0.35518
/mnt/data/admuser/msadepth/compreps/seedrep_cand/protenix/8siq_HL/d670/seed1_r3/results/8siq_hl/seed_0/predictions/8siq_hl_sample_0.cif,8siq_HL,seed1_r3,8siq_hl_sample_0.cif,0.35189
/mnt/data/admuser/msadepth/compreps/seedrep_cand/protenix/8siq_HL/d670/seed1_r3/results/8siq_hl/seed_0/predictions/8siq_hl_sample_1.cif,8siq_HL,seed1_r3,8siq_hl_sample_1.cif,0.35042
/mnt/data/admuser/msadepth/compreps/seedrep_cand/protenix/8siq_HL/d670/seed1_r3/results/8siq_hl/seed_0/predictions/8siq_hl_sample_2.cif,8siq_HL,seed1_r3,8siq_hl_sample_2.cif,0.35101
/mnt/data/admuser/msadepth/compreps/seedrep_cand/protenix/8siq_HL/d670/seed1_r3/results/8siq_hl/seed_0/predictions/8siq_hl_sample_3.cif,8siq_HL,seed1_r3,8siq_hl_sample_3.cif,0.3472
/mnt/data/admuser/msadepth/compreps/seedrep_cand/protenix/8siq_HL/d670/seed1_r3/results/8siq_hl/seed_0/predictions/8siq_hl_sample_4.cif,8siq_HL,seed1_r3,8siq_hl_sample_4.cif,0.34656
/mnt/data/admuser/msadepth/compreps/seedrep_cand/protenix/8siq_HL/d670/seed2_r0/results/8siq_hl/seed_0/predictions/8siq_hl_sample_0.cif,8siq_HL,seed2_r0,8siq_hl_sample_0.cif,0.30457
/mnt/data/admuser/msadepth/compreps/seedrep_cand/protenix/8siq_HL/d670/seed2_r0/results/8siq_hl/seed_0/predictions/8siq_hl_sample_1.cif,8siq_HL,seed2_r0,8siq_hl_sample_1.cif,0.30161
/mnt/data/admuser/msadepth/compreps/seedrep_cand/protenix/8siq_HL/d670/seed2_r0/results/8siq_hl/seed_0/predictions/8siq_hl_sample_2.cif,8siq_HL,seed2_r0,8siq_hl_sample_2.cif,0.30101
/mnt/data/admuser/msadepth/compreps/seedrep_cand/protenix/8siq_HL/d670/seed2_r0/results/8siq_hl/seed_0/predictions/8siq_hl_sample_3.cif,8siq_HL,seed2_r0,8siq_hl_sample_3.cif,0.29949
/mnt/data/admuser/msadepth/compreps/seedrep_cand/protenix/8siq_HL/d670/seed2_r0/results/8siq_hl/seed_0/predictions/8siq_hl_sample_4.cif,8siq_HL,seed2_r0,8siq_hl_sample_4.cif,0.29765
/mnt/data/admuser/msadepth/compreps/seedrep_cand/protenix/8siq_HL/d670/seed2_r1/results/8siq_hl/seed_0/predictions/8siq_hl_sample_0.cif,8siq_HL,seed2_r1,8siq_hl_sample_0.cif,0.26511
/mnt/data/admuser/msadepth/compreps/seedrep_cand/protenix/8siq_HL/d670/seed2_r1/results/8siq_hl/seed_0/predictions/8siq_hl_sample_1.cif,8siq_HL,seed2_r1,8siq_hl_sample_1.cif,0.26154
/mnt/data/admuser/msadepth/compreps/seedrep_cand/protenix/8siq_HL/d670/seed2_r1/results/8siq_hl/seed_0/predictions/8siq_hl_sample_2.cif,8siq_HL,seed2_r1,8siq_hl_sample_2.cif,0.25068
/mnt/data/admuser/msadepth/compreps/seedrep_cand/protenix/8siq_HL/d670/seed2_r1/results/8siq_hl/seed_0/predictions/8siq_hl_sample_3.cif,8siq_HL,seed2_r1,8siq_hl_sample_3.cif,0.24941
/mnt/data/admuser/msadepth/compreps/seedrep_cand/protenix/8siq_HL/d670/seed2_r1/results/8siq_hl/seed_0/predictions/8siq_hl_sample_4.cif,8siq_HL,seed2_r1,8siq_hl_sample_4.cif,0.18787
/mnt/data/admuser/msadepth/compreps/seedrep_cand/protenix/8siq_HL/d670/seed2_r2/results/8siq_hl/seed_0/predictions/8siq_hl_sample_0.cif,8siq_HL,seed2_r2,8siq_hl_sample_0.cif,0.28891
/mnt/data/admuser/msadepth/compreps/seedrep_cand/protenix/8siq_HL/d670/seed2_r2/results/8siq_hl/seed_0/predictions/8siq_hl_sample_1.cif,8siq_HL,seed2_r2,8siq_hl_sample_1.cif,0.28686
/mnt/data/admuser/msadepth/compreps/seedrep_cand/protenix/8siq_HL/d670/seed2_r2/results/8siq_hl/seed_0/predictions/8siq_hl_sample_2.cif,8siq_HL,seed2_r2,8siq_hl_sample_2.cif,0.28283
/mnt/data/admuser/msadepth/compreps/seedrep_cand/protenix/8siq_HL/d670/seed2_r2/results/8siq_hl/seed_0/predictions/8siq_hl_sample_3.cif,8siq_HL,seed2_r2,8siq_hl_sample_3.cif,0.28226
/mnt/data/admuser/msadepth/compreps/seedrep_cand/protenix/8siq_HL/d670/seed2_r2/results/8siq_hl/seed_0/predictions/8siq_hl_sample_4.cif,8siq_HL,seed2_r2,8siq_hl_sample_4.cif,0.20466
/mnt/data/admuser/msadepth/compreps/seedrep_cand/protenix/8siq_HL/d670/seed2_r3/results/8siq_hl/seed_0/predictions/8siq_hl_sample_0.cif,8siq_HL,seed2_r3,8siq_hl_sample_0.cif,0.32722
/mnt/data/admuser/msadepth/compreps/seedrep_cand/protenix/8siq_HL/d670/seed2_r3/results/8siq_hl/seed_0/predictions/8siq_hl_sample_1.cif,8siq_HL,seed2_r3,8siq_hl_sample_1.cif,0.3267
/mnt/data/admuser/msadepth/compreps/seedrep_cand/protenix/8siq_HL/d670/seed2_r3/results/8siq_hl/seed_0/predictions/8siq_hl_sample_2.cif,8siq_HL,seed2_r3,8siq_hl_sample_2.cif,0.3223
/mnt/data/admuser/msadepth/compreps/seedrep_cand/protenix/8siq_HL/d670/seed2_r3/results/8siq_hl/seed_0/predictions/8siq_hl_sample_3.cif,8siq_HL,seed2_r3,8siq_hl_sample_3.cif,0.3243
/mnt/data/admuser/msadepth/compreps/seedrep_cand/protenix/8siq_HL/d670/seed2_r3/results/8siq_hl/seed_0/predictions/8siq_hl_sample_4.cif,8siq_HL,seed2_r3,8siq_hl_sample_4.cif,0.32142
/mnt/data/admuser/msadepth/compreps/seedrep_cand/protenix/8siq_HL/d670/seed3_r0/results/8siq_hl/seed_0/predictions/8siq_hl_sample_0.cif,8siq_HL,seed3_r0,8siq_hl_sample_0.cif,0.17233
/mnt/data/admuser/msadepth/compreps/seedrep_cand/protenix/8siq_HL/d670/seed3_r0/results/8siq_hl/seed_0/predictions/8siq_hl_sample_1.cif,8siq_HL,seed3_r0,8siq_hl_sample_1.cif,0.16461
/mnt/data/admuser/msadepth/compreps/seedrep_cand/protenix/8siq_HL/d670/seed3_r0/results/8siq_hl/seed_0/predictions/8siq_hl_sample_2.cif,8siq_HL,seed3_r0,8siq_hl_sample_2.cif,0.1658
/mnt/data/admuser/msadepth/compreps/seedrep_cand/protenix/8siq_HL/d670/seed3_r0/results/8siq_hl/seed_0/predictions/8siq_hl_sample_3.cif,8siq_HL,seed3_r0,8siq_hl_sample_3.cif,0.16416
/mnt/data/admuser/msadepth/compreps/seedrep_cand/protenix/8siq_HL/d670/seed3_r0/results/8siq_hl/seed_0/predictions/8siq_hl_sample_4.cif,8siq_HL,seed3_r0,8siq_hl_sample_4.cif,0.16372
/mnt/data/admuser/msadepth/compreps/seedrep_cand/protenix/8siq_HL/d670/seed3_r1/results/8siq_hl/seed_0/predictions/8siq_hl_sample_0.cif,8siq_HL,seed3_r1,8siq_hl_sample_0.cif,0.17951
/mnt/data/admuser/msadepth/compreps/seedrep_cand/protenix/8siq_HL/d670/seed3_r1/results/8siq_hl/seed_0/predictions/8siq_hl_sample_1.cif,8siq_HL,seed3_r1,8siq_hl_sample_1.cif,0.17805
/mnt/data/admuser/msadepth/compreps/seedrep_cand/protenix/8siq_HL/d670/seed3_r1/results/8siq_hl/seed_0/predictions/8siq_hl_sample_2.cif,8siq_HL,seed3_r1,8siq_hl_sample_2.cif,0.17387
/mnt/data/admuser/msadepth/compreps/seedrep_cand/protenix/8siq_HL/d670/seed3_r1/results/8siq_hl/seed_0/predictions/8siq_hl_sample_3.cif,8siq_HL,seed3_r1,8siq_hl_sample_3.cif,0.17295
/mnt/data/admuser/msadepth/compreps/seedrep_cand/protenix/8siq_HL/d670/seed3_r1/results/8siq_hl/seed_0/predictions/8siq_hl_sample_4.cif,8siq_HL,seed3_r1,8siq_hl_sample_4.cif,0.17139
/mnt/data/admuser/msadepth/compreps/seedrep_cand/protenix/8siq_HL/d670/seed3_r2/results/8siq_hl/seed_0/predictions/8siq_hl_sample_0.cif,8siq_HL,seed3_r2,8siq_hl_sample_0.cif,0.16885
/mnt/data/admuser/msadepth/compreps/seedrep_cand/protenix/8siq_HL/d670/seed3_r2/results/8siq_hl/seed_0/predictions/8siq_hl_sample_1.cif,8siq_HL,seed3_r2,8siq_hl_sample_1.cif,0.16531
/mnt/data/admuser/msadepth/compreps/seedrep_cand/protenix/8siq_HL/d670/seed3_r2/results/8siq_hl/seed_0/predictions/8siq_hl_sample_2.cif,8siq_HL,seed3_r2,8siq_hl_sample_2.cif,0.16531
/mnt/data/admuser/msadepth/compreps/seedrep_cand/protenix/8siq_HL/d670/seed3_r2/results/8siq_hl/seed_0/predictions/8siq_hl_sample_3.cif,8siq_HL,seed3_r2,8siq_hl_sample_3.cif,0.16403
/mnt/data/admuser/msadepth/compreps/seedrep_cand/protenix/8siq_HL/d670/seed3_r2/results/8siq_hl/seed_0/predictions/8siq_hl_sample_4.cif,8siq_HL,seed3_r2,8siq_hl_sample_4.cif,0.16371
/mnt/data/admuser/msadepth/compreps/seedrep_cand/protenix/8siq_HL/d670/seed3_r3/results/8siq_hl/seed_0/predictions/8siq_hl_sample_0.cif,8siq_HL,seed3_r3,8siq_hl_sample_0.cif,0.1785
/mnt/data/admuser/msadepth/compreps/seedrep_cand/protenix/8siq_HL/d670/seed3_r3/results/8siq_hl/seed_0/predictions/8siq_hl_sample_1.cif,8siq_HL,seed3_r3,8siq_hl_sample_1.cif,0.17553
/mnt/data/admuser/msadepth/compreps/seedrep_cand/protenix/8siq_HL/d670/seed3_r3/results/8siq_hl/seed_0/predictions/8siq_hl_sample_2.cif,8siq_HL,seed3_r3,8siq_hl_sample_2.cif,0.16733
/mnt/data/admuser/msadepth/compreps/seedrep_cand/protenix/8siq_HL/d670/seed3_r3/results/8siq_hl/seed_0/predictions/8siq_hl_sample_3.cif,8siq_HL,seed3_r3,8siq_hl_sample_3.cif,0.16767
/mnt/data/admuser/msadepth/compreps/seedrep_cand/protenix/8siq_HL/d670/seed3_r3/results/8siq_hl/seed_0/predictions/8siq_hl_sample_4.cif,8siq_HL,seed3_r3,8siq_hl_sample_4.cif,0.15842
/mnt/data/admuser/msadepth/compreps/seedrep_cand/protenix/8siq_HL/d670/seed4_r0/results/8siq_hl/seed_0/predictions/8siq_hl_sample_0.cif,8siq_HL,seed4_r0,8siq_hl_sample_0.cif,0.18674
/mnt/data/admuser/msadepth/compreps/seedrep_cand/protenix/8siq_HL/d670/seed4_r0/results/8siq_hl/seed_0/predictions/8siq_hl_sample_1.cif,8siq_HL,seed4_r0,8siq_hl_sample_1.cif,0.18348
/mnt/data/admuser/msadepth/compreps/seedrep_cand/protenix/8siq_HL/d670/seed4_r0/results/8siq_hl/seed_0/predictions/8siq_hl_sample_2.cif,8siq_HL,seed4_r0,8siq_hl_sample_2.cif,0.18118
/mnt/data/admuser/msadepth/compreps/seedrep_cand/protenix/8siq_HL/d670/seed4_r0/results/8siq_hl/seed_0/predictions/8siq_hl_sample_3.cif,8siq_HL,seed4_r0,8siq_hl_sample_3.cif,0.18283
/mnt/data/admuser/msadepth/compreps/seedrep_cand/protenix/8siq_HL/d670/seed4_r0/results/8siq_hl/seed_0/predictions/8siq_hl_sample_4.cif,8siq_HL,seed4_r0,8siq_hl_sample_4.cif,0.17816
/mnt/data/admuser/msadepth/compreps/seedrep_cand/protenix/8siq_HL/d670/seed4_r1/results/8siq_hl/seed_0/predictions/8siq_hl_sample_0.cif,8siq_HL,seed4_r1,8siq_hl_sample_0.cif,0.36871
/mnt/data/admuser/msadepth/compreps/seedrep_cand/protenix/8siq_HL/d670/seed4_r1/results/8siq_hl/seed_0/predictions/8siq_hl_sample_1.cif,8siq_HL,seed4_r1,8siq_hl_sample_1.cif,0.36816
/mnt/data/admuser/msadepth/compreps/seedrep_cand/protenix/8siq_HL/d670/seed4_r1/results/8siq_hl/seed_0/predictions/8siq_hl_sample_2.cif,8siq_HL,seed4_r1,8siq_hl_sample_2.cif,0.3662
/mnt/data/admuser/msadepth/compreps/seedrep_cand/protenix/8siq_HL/d670/seed4_r1/results/8siq_hl/seed_0/predictions/8siq_hl_sample_3.cif,8siq_HL,seed4_r1,8siq_hl_sample_3.cif,0.36389
/mnt/data/admuser/msadepth/compreps/seedrep_cand/protenix/8siq_HL/d670/seed4_r1/results/8siq_hl/seed_0/predictions/8siq_hl_sample_4.cif,8siq_HL,seed4_r1,8siq_hl_sample_4.cif,0.35639
/mnt/data/admuser/msadepth/compreps/seedrep_cand/protenix/8siq_HL/d670/seed4_r2/results/8siq_hl/seed_0/predictions/8siq_hl_sample_0.cif,8siq_HL,seed4_r2,8siq_hl_sample_0.cif,0.35341
/mnt/data/admuser/msadepth/compreps/seedrep_cand/protenix/8siq_HL/d670/seed4_r2/results/8siq_hl/seed_0/predictions/8siq_hl_sample_1.cif,8siq_HL,seed4_r2,8siq_hl_sample_1.cif,0.35058
/mnt/data/admuser/msadepth/compreps/seedrep_cand/protenix/8siq_HL/d670/seed4_r2/results/8siq_hl/seed_0/predictions/8siq_hl_sample_2.cif,8siq_HL,seed4_r2,8siq_hl_sample_2.cif,0.3507
/mnt/data/admuser/msadepth/compreps/seedrep_cand/protenix/8siq_HL/d670/seed4_r2/results/8siq_hl/seed_0/predictions/8siq_hl_sample_3.cif,8siq_HL,seed4_r2,8siq_hl_sample_3.cif,0.34903
/mnt/data/admuser/msadepth/compreps/seedrep_cand/protenix/8siq_HL/d670/seed4_r2/results/8siq_hl/seed_0/predictions/8siq_hl_sample_4.cif,8siq_HL,seed4_r2,8siq_hl_sample_4.cif,0.34396
/mnt/data/admuser/msadepth/compreps/seedrep_cand/protenix/8siq_HL/d670/seed4_r3/results/8siq_hl/seed_0/predictions/8siq_hl_sample_0.cif,8siq_HL,seed4_r3,8siq_hl_sample_0.cif,0.36363
/mnt/data/admuser/msadepth/compreps/seedrep_cand/protenix/8siq_HL/d670/seed4_r3/results/8siq_hl/seed_0/predictions/8siq_hl_sample_1.cif,8siq_HL,seed4_r3,8siq_hl_sample_1.cif,0.36375
/mnt/data/admuser/msadepth/compreps/seedrep_cand/protenix/8siq_HL/d670/seed4_r3/results/8siq_hl/seed_0/predictions/8siq_hl_sample_2.cif,8siq_HL,seed4_r3,8siq_hl_sample_2.cif,0.3631
/mnt/data/admuser/msadepth/compreps/seedrep_cand/protenix/8siq_HL/d670/seed4_r3/results/8siq_hl/seed_0/predictions/8siq_hl_sample_3.cif,8siq_HL,seed4_r3,8siq_hl_sample_3.cif,0.3579
/mnt/data/admuser/msadepth/compreps/seedrep_cand/protenix/8siq_HL/d670/seed4_r3/results/8siq_hl/seed_0/predictions/8siq_hl_sample_4.cif,8siq_HL,seed4_r3,8siq_hl_sample_4.cif,0.35445
/mnt/data/admuser/msadepth/compreps/seedrep_cand/protenix/8siq_HL/d670/seed5_r0/results/8siq_hl/seed_0/predictions/8siq_hl_sample_0.cif,8siq_HL,seed5_r0,8siq_hl_sample_0.cif,0.17228
/mnt/data/admuser/msadepth/compreps/seedrep_cand/protenix/8siq_HL/d670/seed5_r0/results/8siq_hl/seed_0/predictions/8siq_hl_sample_1.cif,8siq_HL,seed5_r0,8siq_hl_sample_1.cif,0.16983
/mnt/data/admuser/msadepth/compreps/seedrep_cand/protenix/8siq_HL/d670/seed5_r0/results/8siq_hl/seed_0/predictions/8siq_hl_sample_2.cif,8siq_HL,seed5_r0,8siq_hl_sample_2.cif,0.16974
/mnt/data/admuser/msadepth/compreps/seedrep_cand/protenix/8siq_HL/d670/seed5_r0/results/8siq_hl/seed_0/predictions/8siq_hl_sample_3.cif,8siq_HL,seed5_r0,8siq_hl_sample_3.cif,0.16736
/mnt/data/admuser/msadepth/compreps/seedrep_cand/protenix/8siq_HL/d670/seed5_r0/results/8siq_hl/seed_0/predictions/8siq_hl_sample_4.cif,8siq_HL,seed5_r0,8siq_hl_sample_4.cif,0.16434
/mnt/data/admuser/msadepth/compreps/seedrep_cand/protenix/8siq_HL/d670/seed5_r1/results/8siq_hl/seed_0/predictions/8siq_hl_sample_0.cif,8siq_HL,seed5_r1,8siq_hl_sample_0.cif,0.17778
/mnt/data/admuser/msadepth/compreps/seedrep_cand/protenix/8siq_HL/d670/seed5_r1/results/8siq_hl/seed_0/predictions/8siq_hl_sample_1.cif,8siq_HL,seed5_r1,8siq_hl_sample_1.cif,0.17227
/mnt/data/admuser/msadepth/compreps/seedrep_cand/protenix/8siq_HL/d670/seed5_r1/results/8siq_hl/seed_0/predictions/8siq_hl_sample_2.cif,8siq_HL,seed5_r1,8siq_hl_sample_2.cif,0.1722
/mnt/data/admuser/msadepth/compreps/seedrep_cand/protenix/8siq_HL/d670/seed5_r1/results/8siq_hl/seed_0/predictions/8siq_hl_sample_3.cif,8siq_HL,seed5_r1,8siq_hl_sample_3.cif,0.16891
/mnt/data/admuser/msadepth/compreps/seedrep_cand/protenix/8siq_HL/d670/seed5_r1/results/8siq_hl/seed_0/predictions/8siq_hl_sample_4.cif,8siq_HL,seed5_r1,8siq_hl_sample_4.cif,0.16755
/mnt/data/admuser/msadepth/compreps/seedrep_cand/protenix/8siq_HL/d670/seed5_r2/results/8siq_hl/seed_0/predictions/8siq_hl_sample_0.cif,8siq_HL,seed5_r2,8siq_hl_sample_0.cif,0.21546
/mnt/data/admuser/msadepth/compreps/seedrep_cand/protenix/8siq_HL/d670/seed5_r2/results/8siq_hl/seed_0/predictions/8siq_hl_sample_1.cif,8siq_HL,seed5_r2,8siq_hl_sample_1.cif,0.21532
/mnt/data/admuser/msadepth/compreps/seedrep_cand/protenix/8siq_HL/d670/seed5_r2/results/8siq_hl/seed_0/predictions/8siq_hl_sample_2.cif,8siq_HL,seed5_r2,8siq_hl_sample_2.cif,0.21486
/mnt/data/admuser/msadepth/compreps/seedrep_cand/protenix/8siq_HL/d670/seed5_r2/results/8siq_hl/seed_0/predictions/8siq_hl_sample_3.cif,8siq_HL,seed5_r2,8siq_hl_sample_3.cif,0.21401
/mnt/data/admuser/msadepth/compreps/seedrep_cand/protenix/8siq_HL/d670/seed5_r2/results/8siq_hl/seed_0/predictions/8siq_hl_sample_4.cif,8siq_HL,seed5_r2,8siq_hl_sample_4.cif,0.21385
/mnt/data/admuser/msadepth/compreps/seedrep_cand/protenix/8siq_HL/d670/seed5_r3/results/8siq_hl/seed_0/predictions/8siq_hl_sample_0.cif,8siq_HL,seed5_r3,8siq_hl_sample_0.cif,0.22351
/mnt/data/admuser/msadepth/compreps/seedrep_cand/protenix/8siq_HL/d670/seed5_r3/results/8siq_hl/seed_0/predictions/8siq_hl_sample_1.cif,8siq_HL,seed5_r3,8siq_hl_sample_1.cif,0.22095
/mnt/data/admuser/msadepth/compreps/seedrep_cand/protenix/8siq_HL/d670/seed5_r3/results/8siq_hl/seed_0/predictions/8siq_hl_sample_2.cif,8siq_HL,seed5_r3,8siq_hl_sample_2.cif,0.2204
/mnt/data/admuser/msadepth/compreps/seedrep_cand/protenix/8siq_HL/d670/seed5_r3/results/8siq_hl/seed_0/predictions/8siq_hl_sample_3.cif,8siq_HL,seed5_r3,8siq_hl_sample_3.cif,0.22036
/mnt/data/admuser/msadepth/compreps/seedrep_cand/protenix/8siq_HL/d670/seed5_r3/results/8siq_hl/seed_0/predictions/8siq_hl_sample_4.cif,8siq_HL,seed5_r3,8siq_hl_sample_4.cif,0.21993
/mnt/data/admuser/msadepth/compreps/seedrep_cand/protenix/8siq_HL/d670/seedfull_r0/results/8siq_hl/seed_0/predictions/8siq_hl_sample_0.cif,8siq_HL,seedfull_r0,8siq_hl_sample_0.cif,0.44893
/mnt/data/admuser/msadepth/compreps/seedrep_cand/protenix/8siq_HL/d670/seedfull_r0/results/8siq_hl/seed_0/predictions/8siq_hl_sample_1.cif,8siq_HL,seedfull_r0,8siq_hl_sample_1.cif,0.44889
/mnt/data/admuser/msadepth/compreps/seedrep_cand/protenix/8siq_HL/d670/seedfull_r0/results/8siq_hl/seed_0/predictions/8siq_hl_sample_2.cif,8siq_HL,seedfull_r0,8siq_hl_sample_2.cif,0.4482
/mnt/data/admuser/msadepth/compreps/seedrep_cand/protenix/8siq_HL/d670/seedfull_r0/results/8siq_hl/seed_0/predictions/8siq_hl_sample_3.cif,8siq_HL,seedfull_r0,8siq_hl_sample_3.cif,0.44825
/mnt/data/admuser/msadepth/compreps/seedrep_cand/protenix/8siq_HL/d670/seedfull_r0/results/8siq_hl/seed_0/predictions/8siq_hl_sample_4.cif,8siq_HL,seedfull_r0,8siq_hl_sample_4.cif,0.4479
/mnt/data/admuser/msadepth/compreps/seedrep_cand/protenix/8siq_HL/d670/seedfull_r1/results/8siq_hl/seed_0/predictions/8siq_hl_sample_0.cif,8siq_HL,seedfull_r1,8siq_hl_sample_0.cif,0.45322
/mnt/data/admuser/msadepth/compreps/seedrep_cand/protenix/8siq_HL/d670/seedfull_r1/results/8siq_hl/seed_0/predictions/8siq_hl_sample_1.cif,8siq_HL,seedfull_r1,8siq_hl_sample_1.cif,0.45324
/mnt/data/admuser/msadepth/compreps/seedrep_cand/protenix/8siq_HL/d670/seedfull_r1/results/8siq_hl/seed_0/predictions/8siq_hl_sample_2.cif,8siq_HL,seedfull_r1,8siq_hl_sample_2.cif,0.45136
/mnt/data/admuser/msadepth/compreps/seedrep_cand/protenix/8siq_HL/d670/seedfull_r1/results/8siq_hl/seed_0/predictions/8siq_hl_sample_3.cif,8siq_HL,seedfull_r1,8siq_hl_sample_3.cif,0.45079
/mnt/data/admuser/msadepth/compreps/seedrep_cand/protenix/8siq_HL/d670/seedfull_r1/results/8siq_hl/seed_0/predictions/8siq_hl_sample_4.cif,8siq_HL,seedfull_r1,8siq_hl_sample_4.cif,0.45098
/mnt/data/admuser/msadepth/compreps/seedrep_cand/protenix/8siq_HL/d670/seedfull_r2/results/8siq_hl/seed_0/predictions/8siq_hl_sample_0.cif,8siq_HL,seedfull_r2,8siq_hl_sample_0.cif,0.4101
/mnt/data/admuser/msadepth/compreps/seedrep_cand/protenix/8siq_HL/d670/seedfull_r2/results/8siq_hl/seed_0/predictions/8siq_hl_sample_1.cif,8siq_HL,seedfull_r2,8siq_hl_sample_1.cif,0.40957
/mnt/data/admuser/msadepth/compreps/seedrep_cand/protenix/8siq_HL/d670/seedfull_r2/results/8siq_hl/seed_0/predictions/8siq_hl_sample_2.cif,8siq_HL,seedfull_r2,8siq_hl_sample_2.cif,0.40913
/mnt/data/admuser/msadepth/compreps/seedrep_cand/protenix/8siq_HL/d670/seedfull_r2/results/8siq_hl/seed_0/predictions/8siq_hl_sample_3.cif,8siq_HL,seedfull_r2,8siq_hl_sample_3.cif,0.40551
/mnt/data/admuser/msadepth/compreps/seedrep_cand/protenix/8siq_HL/d670/seedfull_r2/results/8siq_hl/seed_0/predictions/8siq_hl_sample_4.cif,8siq_HL,seedfull_r2,8siq_hl_sample_4.cif,0.40224
/mnt/data/admuser/msadepth/compreps/seedrep_cand/protenix/8siq_HL/d670/seedfull_r3/results/8siq_hl/seed_0/predictions/8siq_hl_sample_0.cif,8siq_HL,seedfull_r3,8siq_hl_sample_0.cif,0.37255
/mnt/data/admuser/msadepth/compreps/seedrep_cand/protenix/8siq_HL/d670/seedfull_r3/results/8siq_hl/seed_0/predictions/8siq_hl_sample_1.cif,8siq_HL,seedfull_r3,8siq_hl_sample_1.cif,0.36964
/mnt/data/admuser/msadepth/compreps/seedrep_cand/protenix/8siq_HL/d670/seedfull_r3/results/8siq_hl/seed_0/predictions/8siq_hl_sample_2.cif,8siq_HL,seedfull_r3,8siq_hl_sample_2.cif,0.36769
/mnt/data/admuser/msadepth/compreps/seedrep_cand/protenix/8siq_HL/d670/seedfull_r3/results/8siq_hl/seed_0/predictions/8siq_hl_sample_3.cif,8siq_HL,seedfull_r3,8siq_hl_sample_3.cif,0.36755
/mnt/data/admuser/msadepth/compreps/seedrep_cand/protenix/8siq_HL/d670/seedfull_r3/results/8siq_hl/seed_0/predictions/8siq_hl_sample_4.cif,8siq_HL,seedfull_r3,8siq_hl_sample_4.cif,0.35801
/mnt/data/admuser/msadepth/compreps/seedrep_cand/protenix/8siq_HL/d670/seedfull_r4/results/8siq_hl/seed_0/predictions/8siq_hl_sample_0.cif,8siq_HL,seedfull_r4,8siq_hl_sample_0.cif,0.41405
/mnt/data/admuser/msadepth/compreps/seedrep_cand/protenix/8siq_HL/d670/seedfull_r4/results/8siq_hl/seed_0/predictions/8siq_hl_sample_1.cif,8siq_HL,seedfull_r4,8siq_hl_sample_1.cif,0.41307
/mnt/data/admuser/msadepth/compreps/seedrep_cand/protenix/8siq_HL/d670/seedfull_r4/results/8siq_hl/seed_0/predictions/8siq_hl_sample_2.cif,8siq_HL,seedfull_r4,8siq_hl_sample_2.cif,0.4107
/mnt/data/admuser/msadepth/compreps/seedrep_cand/protenix/8siq_HL/d670/seedfull_r4/results/8siq_hl/seed_0/predictions/8siq_hl_sample_3.cif,8siq_HL,seedfull_r4,8siq_hl_sample_3.cif,0.40952
/mnt/data/admuser/msadepth/compreps/seedrep_cand/protenix/8siq_HL/d670/seedfull_r4/results/8siq_hl/seed_0/predictions/8siq_hl_sample_4.cif,8siq_HL,seedfull_r4,8siq_hl_sample_4.cif,0.4063
/mnt/data/admuser/msadepth/compreps/seedrep_cand/protenix/8siq_HL/d670/seedfull_r5/results/8siq_hl/seed_0/predictions/8siq_hl_sample_0.cif,8siq_HL,seedfull_r5,8siq_hl_sample_0.cif,0.4041
/mnt/data/admuser/msadepth/compreps/seedrep_cand/protenix/8siq_HL/d670/seedfull_r5/results/8siq_hl/seed_0/predictions/8siq_hl_sample_1.cif,8siq_HL,seedfull_r5,8siq_hl_sample_1.cif,0.40234
/mnt/data/admuser/msadepth/compreps/seedrep_cand/protenix/8siq_HL/d670/seedfull_r5/results/8siq_hl/seed_0/predictions/8siq_hl_sample_2.cif,8siq_HL,seedfull_r5,8siq_hl_sample_2.cif,0.4016
/mnt/data/admuser/msadepth/compreps/seedrep_cand/protenix/8siq_HL/d670/seedfull_r5/results/8siq_hl/seed_0/predictions/8siq_hl_sample_3.cif,8siq_HL,seedfull_r5,8siq_hl_sample_3.cif,0.39993
/mnt/data/admuser/msadepth/compreps/seedrep_cand/protenix/8siq_HL/d670/seedfull_r5/results/8siq_hl/seed_0/predictions/8siq_hl_sample_4.cif,8siq_HL,seedfull_r5,8siq_hl_sample_4.cif,0.39943
/mnt/data/admuser/msadepth/compreps/seedrep_cand/protenix/8siq_HL/d670/seedfull_r6/results/8siq_hl/seed_0/predictions/8siq_hl_sample_0.cif,8siq_HL,seedfull_r6,8siq_hl_sample_0.cif,0.54394
/mnt/data/admuser/msadepth/compreps/seedrep_cand/protenix/8siq_HL/d670/seedfull_r6/results/8siq_hl/seed_0/predictions/8siq_hl_sample_1.cif,8siq_HL,seedfull_r6,8siq_hl_sample_1.cif,0.54332
/mnt/data/admuser/msadepth/compreps/seedrep_cand/protenix/8siq_HL/d670/seedfull_r6/results/8siq_hl/seed_0/predictions/8siq_hl_sample_2.cif,8siq_HL,seedfull_r6,8siq_hl_sample_2.cif,0.543
/mnt/data/admuser/msadepth/compreps/seedrep_cand/protenix/8siq_HL/d670/seedfull_r6/results/8siq_hl/seed_0/predictions/8siq_hl_sample_3.cif,8siq_HL,seedfull_r6,8siq_hl_sample_3.cif,0.54189
/mnt/data/admuser/msadepth/compreps/seedrep_cand/protenix/8siq_HL/d670/seedfull_r6/results/8siq_hl/seed_0/predictions/8siq_hl_sample_4.cif,8siq_HL,seedfull_r6,8siq_hl_sample_4.cif,0.54174
/mnt/data/admuser/msadepth/compreps/seedrep_cand/protenix/8siq_HL/d670/seedfull_r7/results/8siq_hl/seed_0/predictions/8siq_hl_sample_0.cif,8siq_HL,seedfull_r7,8siq_hl_sample_0.cif,0.40059
/mnt/data/admuser/msadepth/compreps/seedrep_cand/protenix/8siq_HL/d670/seedfull_r7/results/8siq_hl/seed_0/predictions/8siq_hl_sample_1.cif,8siq_HL,seedfull_r7,8siq_hl_sample_1.cif,0.39811
/mnt/data/admuser/msadepth/compreps/seedrep_cand/protenix/8siq_HL/d670/seedfull_r7/results/8siq_hl/seed_0/predictions/8siq_hl_sample_2.cif,8siq_HL,seedfull_r7,8siq_hl_sample_2.cif,0.39755
/mnt/data/admuser/msadepth/compreps/seedrep_cand/protenix/8siq_HL/d670/seedfull_r7/results/8siq_hl/seed_0/predictions/8siq_hl_sample_3.cif,8siq_HL,seedfull_r7,8siq_hl_sample_3.cif,0.39746
/mnt/data/admuser/msadepth/compreps/seedrep_cand/protenix/8siq_HL/d670/seedfull_r7/results/8siq_hl/seed_0/predictions/8siq_hl_sample_4.cif,8siq_HL,seedfull_r7,8siq_hl_sample_4.cif,0.39557
/mnt/data/admuser/msadepth/compreps/seedrep_cand/protenix/8sis_HL/d4169/seed0_r0/results/8sis_hl/seed_0/predictions/8sis_hl_sample_0.cif,8sis_HL,seed0_r0,8sis_hl_sample_0.cif,0.17156
/mnt/data/admuser/msadepth/compreps/seedrep_cand/protenix/8sis_HL/d4169/seed0_r0/results/8sis_hl/seed_0/predictions/8sis_hl_sample_1.cif,8sis_HL,seed0_r0,8sis_hl_sample_1.cif,0.16862
/mnt/data/admuser/msadepth/compreps/seedrep_cand/protenix/8sis_HL/d4169/seed0_r0/results/8sis_hl/seed_0/predictions/8sis_hl_sample_2.cif,8sis_HL,seed0_r0,8sis_hl_sample_2.cif,0.1655
/mnt/data/admuser/msadepth/compreps/seedrep_cand/protenix/8sis_HL/d4169/seed0_r0/results/8sis_hl/seed_0/predictions/8sis_hl_sample_3.cif,8sis_HL,seed0_r0,8sis_hl_sample_3.cif,0.16349
/mnt/data/admuser/msadepth/compreps/seedrep_cand/protenix/8sis_HL/d4169/seed0_r0/results/8sis_hl/seed_0/predictions/8sis_hl_sample_4.cif,8sis_HL,seed0_r0,8sis_hl_sample_4.cif,0.1602
/mnt/data/admuser/msadepth/compreps/seedrep_cand/protenix/8sis_HL/d4169/seed0_r1/results/8sis_hl/seed_0/predictions/8sis_hl_sample_0.cif,8sis_HL,seed0_r1,8sis_hl_sample_0.cif,0.17457
/mnt/data/admuser/msadepth/compreps/seedrep_cand/protenix/8sis_HL/d4169/seed0_r1/results/8sis_hl/seed_0/predictions/8sis_hl_sample_1.cif,8sis_HL,seed0_r1,8sis_hl_sample_1.cif,0.17094
/mnt/data/admuser/msadepth/compreps/seedrep_cand/protenix/8sis_HL/d4169/seed0_r1/results/8sis_hl/seed_0/predictions/8sis_hl_sample_2.cif,8sis_HL,seed0_r1,8sis_hl_sample_2.cif,0.17001
/mnt/data/admuser/msadepth/compreps/seedrep_cand/protenix/8sis_HL/d4169/seed0_r1/results/8sis_hl/seed_0/predictions/8sis_hl_sample_3.cif,8sis_HL,seed0_r1,8sis_hl_sample_3.cif,0.16943
/mnt/data/admuser/msadepth/compreps/seedrep_cand/protenix/8sis_HL/d4169/seed0_r1/results/8sis_hl/seed_0/predictions/8sis_hl_sample_4.cif,8sis_HL,seed0_r1,8sis_hl_sample_4.cif,0.1667
/mnt/data/admuser/msadepth/compreps/seedrep_cand/protenix/8sis_HL/d4169/seed0_r2/results/8sis_hl/seed_0/predictions/8sis_hl_sample_0.cif,8sis_HL,seed0_r2,8sis_hl_sample_0.cif,0.16464
/mnt/data/admuser/msadepth/compreps/seedrep_cand/protenix/8sis_HL/d4169/seed0_r2/results/8sis_hl/seed_0/predictions/8sis_hl_sample_1.cif,8sis_HL,seed0_r2,8sis_hl_sample_1.cif,0.16414
/mnt/data/admuser/msadepth/compreps/seedrep_cand/protenix/8sis_HL/d4169/seed0_r2/results/8sis_hl/seed_0/predictions/8sis_hl_sample_2.cif,8sis_HL,seed0_r2,8sis_hl_sample_2.cif,0.15735
/mnt/data/admuser/msadepth/compreps/seedrep_cand/protenix/8sis_HL/d4169/seed0_r2/results/8sis_hl/seed_0/predictions/8sis_hl_sample_3.cif,8sis_HL,seed0_r2,8sis_hl_sample_3.cif,0.15713
/mnt/data/admuser/msadepth/compreps/seedrep_cand/protenix/8sis_HL/d4169/seed0_r2/results/8sis_hl/seed_0/predictions/8sis_hl_sample_4.cif,8sis_HL,seed0_r2,8sis_hl_sample_4.cif,0.14868
/mnt/data/admuser/msadepth/compreps/seedrep_cand/protenix/8sis_HL/d4169/seed0_r3/results/8sis_hl/seed_0/predictions/8sis_hl_sample_0.cif,8sis_HL,seed0_r3,8sis_hl_sample_0.cif,0.15731
/mnt/data/admuser/msadepth/compreps/seedrep_cand/protenix/8sis_HL/d4169/seed0_r3/results/8sis_hl/seed_0/predictions/8sis_hl_sample_1.cif,8sis_HL,seed0_r3,8sis_hl_sample_1.cif,0.15231
/mnt/data/admuser/msadepth/compreps/seedrep_cand/protenix/8sis_HL/d4169/seed0_r3/results/8sis_hl/seed_0/predictions/8sis_hl_sample_2.cif,8sis_HL,seed0_r3,8sis_hl_sample_2.cif,0.15092
/mnt/data/admuser/msadepth/compreps/seedrep_cand/protenix/8sis_HL/d4169/seed0_r3/results/8sis_hl/seed_0/predictions/8sis_hl_sample_3.cif,8sis_HL,seed0_r3,8sis_hl_sample_3.cif,0.15118
/mnt/data/admuser/msadepth/compreps/seedrep_cand/protenix/8sis_HL/d4169/seed0_r3/results/8sis_hl/seed_0/predictions/8sis_hl_sample_4.cif,8sis_HL,seed0_r3,8sis_hl_sample_4.cif,0.15142
/mnt/data/admuser/msadepth/compreps/seedrep_cand/protenix/8sis_HL/d4169/seed1_r0/results/8sis_hl/seed_0/predictions/8sis_hl_sample_0.cif,8sis_HL,seed1_r0,8sis_hl_sample_0.cif,0.15479
/mnt/data/admuser/msadepth/compreps/seedrep_cand/protenix/8sis_HL/d4169/seed1_r0/results/8sis_hl/seed_0/predictions/8sis_hl_sample_1.cif,8sis_HL,seed1_r0,8sis_hl_sample_1.cif,0.15544
/mnt/data/admuser/msadepth/compreps/seedrep_cand/protenix/8sis_HL/d4169/seed1_r0/results/8sis_hl/seed_0/predictions/8sis_hl_sample_2.cif,8sis_HL,seed1_r0,8sis_hl_sample_2.cif,0.15265
/mnt/data/admuser/msadepth/compreps/seedrep_cand/protenix/8sis_HL/d4169/seed1_r0/results/8sis_hl/seed_0/predictions/8sis_hl_sample_3.cif,8sis_HL,seed1_r0,8sis_hl_sample_3.cif,0.14926
/mnt/data/admuser/msadepth/compreps/seedrep_cand/protenix/8sis_HL/d4169/seed1_r0/results/8sis_hl/seed_0/predictions/8sis_hl_sample_4.cif,8sis_HL,seed1_r0,8sis_hl_sample_4.cif,0.14738
/mnt/data/admuser/msadepth/compreps/seedrep_cand/protenix/8sis_HL/d4169/seed1_r1/results/8sis_hl/seed_0/predictions/8sis_hl_sample_0.cif,8sis_HL,seed1_r1,8sis_hl_sample_0.cif,0.14751
/mnt/data/admuser/msadepth/compreps/seedrep_cand/protenix/8sis_HL/d4169/seed1_r1/results/8sis_hl/seed_0/predictions/8sis_hl_sample_1.cif,8sis_HL,seed1_r1,8sis_hl_sample_1.cif,0.14309
/mnt/data/admuser/msadepth/compreps/seedrep_cand/protenix/8sis_HL/d4169/seed1_r1/results/8sis_hl/seed_0/predictions/8sis_hl_sample_2.cif,8sis_HL,seed1_r1,8sis_hl_sample_2.cif,0.143
/mnt/data/admuser/msadepth/compreps/seedrep_cand/protenix/8sis_HL/d4169/seed1_r1/results/8sis_hl/seed_0/predictions/8sis_hl_sample_3.cif,8sis_HL,seed1_r1,8sis_hl_sample_3.cif,0.14176
/mnt/data/admuser/msadepth/compreps/seedrep_cand/protenix/8sis_HL/d4169/seed1_r1/results/8sis_hl/seed_0/predictions/8sis_hl_sample_4.cif,8sis_HL,seed1_r1,8sis_hl_sample_4.cif,0.14125
/mnt/data/admuser/msadepth/compreps/seedrep_cand/protenix/8sis_HL/d4169/seed1_r2/results/8sis_hl/seed_0/predictions/8sis_hl_sample_0.cif,8sis_HL,seed1_r2,8sis_hl_sample_0.cif,0.14786
/mnt/data/admuser/msadepth/compreps/seedrep_cand/protenix/8sis_HL/d4169/seed1_r2/results/8sis_hl/seed_0/predictions/8sis_hl_sample_1.cif,8sis_HL,seed1_r2,8sis_hl_sample_1.cif,0.14439
/mnt/data/admuser/msadepth/compreps/seedrep_cand/protenix/8sis_HL/d4169/seed1_r2/results/8sis_hl/seed_0/predictions/8sis_hl_sample_2.cif,8sis_HL,seed1_r2,8sis_hl_sample_2.cif,0.14542
/mnt/data/admuser/msadepth/compreps/seedrep_cand/protenix/8sis_HL/d4169/seed1_r2/results/8sis_hl/seed_0/predictions/8sis_hl_sample_3.cif,8sis_HL,seed1_r2,8sis_hl_sample_3.cif,0.14344
/mnt/data/admuser/msadepth/compreps/seedrep_cand/protenix/8sis_HL/d4169/seed1_r2/results/8sis_hl/seed_0/predictions/8sis_hl_sample_4.cif,8sis_HL,seed1_r2,8sis_hl_sample_4.cif,0.13713
/mnt/data/admuser/msadepth/compreps/seedrep_cand/protenix/8sis_HL/d4169/seed1_r3/results/8sis_hl/seed_0/predictions/8sis_hl_sample_0.cif,8sis_HL,seed1_r3,8sis_hl_sample_0.cif,0.15109
/mnt/data/admuser/msadepth/compreps/seedrep_cand/protenix/8sis_HL/d4169/seed1_r3/results/8sis_hl/seed_0/predictions/8sis_hl_sample_1.cif,8sis_HL,seed1_r3,8sis_hl_sample_1.cif,0.1472
/mnt/data/admuser/msadepth/compreps/seedrep_cand/protenix/8sis_HL/d4169/seed1_r3/results/8sis_hl/seed_0/predictions/8sis_hl_sample_2.cif,8sis_HL,seed1_r3,8sis_hl_sample_2.cif,0.14747
/mnt/data/admuser/msadepth/compreps/seedrep_cand/protenix/8sis_HL/d4169/seed1_r3/results/8sis_hl/seed_0/predictions/8sis_hl_sample_3.cif,8sis_HL,seed1_r3,8sis_hl_sample_3.cif,0.14047
/mnt/data/admuser/msadepth/compreps/seedrep_cand/protenix/8sis_HL/d4169/seed1_r3/results/8sis_hl/seed_0/predictions/8sis_hl_sample_4.cif,8sis_HL,seed1_r3,8sis_hl_sample_4.cif,0.14024
/mnt/data/admuser/msadepth/compreps/seedrep_cand/protenix/8sis_HL/d4169/seed2_r0/results/8sis_hl/seed_0/predictions/8sis_hl_sample_0.cif,8sis_HL,seed2_r0,8sis_hl_sample_0.cif,0.50179
/mnt/data/admuser/msadepth/compreps/seedrep_cand/protenix/8sis_HL/d4169/seed2_r0/results/8sis_hl/seed_0/predictions/8sis_hl_sample_1.cif,8sis_HL,seed2_r0,8sis_hl_sample_1.cif,0.49613
/mnt/data/admuser/msadepth/compreps/seedrep_cand/protenix/8sis_HL/d4169/seed2_r0/results/8sis_hl/seed_0/predictions/8sis_hl_sample_2.cif,8sis_HL,seed2_r0,8sis_hl_sample_2.cif,0.49073
/mnt/data/admuser/msadepth/compreps/seedrep_cand/protenix/8sis_HL/d4169/seed2_r0/results/8sis_hl/seed_0/predictions/8sis_hl_sample_3.cif,8sis_HL,seed2_r0,8sis_hl_sample_3.cif,0.49046
/mnt/data/admuser/msadepth/compreps/seedrep_cand/protenix/8sis_HL/d4169/seed2_r0/results/8sis_hl/seed_0/predictions/8sis_hl_sample_4.cif,8sis_HL,seed2_r0,8sis_hl_sample_4.cif,0.47592
/mnt/data/admuser/msadepth/compreps/seedrep_cand/protenix/8sis_HL/d4169/seed2_r1/results/8sis_hl/seed_0/predictions/8sis_hl_sample_0.cif,8sis_HL,seed2_r1,8sis_hl_sample_0.cif,0.17299
/mnt/data/admuser/msadepth/compreps/seedrep_cand/protenix/8sis_HL/d4169/seed2_r1/results/8sis_hl/seed_0/predictions/8sis_hl_sample_1.cif,8sis_HL,seed2_r1,8sis_hl_sample_1.cif,0.17045
/mnt/data/admuser/msadepth/compreps/seedrep_cand/protenix/8sis_HL/d4169/seed2_r1/results/8sis_hl/seed_0/predictions/8sis_hl_sample_2.cif,8sis_HL,seed2_r1,8sis_hl_sample_2.cif,0.16423
/mnt/data/admuser/msadepth/compreps/seedrep_cand/protenix/8sis_HL/d4169/seed2_r1/results/8sis_hl/seed_0/predictions/8sis_hl_sample_3.cif,8sis_HL,seed2_r1,8sis_hl_sample_3.cif,0.15721
/mnt/data/admuser/msadepth/compreps/seedrep_cand/protenix/8sis_HL/d4169/seed2_r1/results/8sis_hl/seed_0/predictions/8sis_hl_sample_4.cif,8sis_HL,seed2_r1,8sis_hl_sample_4.cif,0.14755
/mnt/data/admuser/msadepth/compreps/seedrep_cand/protenix/8sis_HL/d4169/seed2_r2/results/8sis_hl/seed_0/predictions/8sis_hl_sample_0.cif,8sis_HL,seed2_r2,8sis_hl_sample_0.cif,0.45725
/mnt/data/admuser/msadepth/compreps/seedrep_cand/protenix/8sis_HL/d4169/seed2_r2/results/8sis_hl/seed_0/predictions/8sis_hl_sample_1.cif,8sis_HL,seed2_r2,8sis_hl_sample_1.cif,0.45591
/mnt/data/admuser/msadepth/compreps/seedrep_cand/protenix/8sis_HL/d4169/seed2_r2/results/8sis_hl/seed_0/predictions/8sis_hl_sample_2.cif,8sis_HL,seed2_r2,8sis_hl_sample_2.cif,0.45344
/mnt/data/admuser/msadepth/compreps/seedrep_cand/protenix/8sis_HL/d4169/seed2_r2/results/8sis_hl/seed_0/predictions/8sis_hl_sample_3.cif,8sis_HL,seed2_r2,8sis_hl_sample_3.cif,0.45095
/mnt/data/admuser/msadepth/compreps/seedrep_cand/protenix/8sis_HL/d4169/seed2_r2/results/8sis_hl/seed_0/predictions/8sis_hl_sample_4.cif,8sis_HL,seed2_r2,8sis_hl_sample_4.cif,0.43797
/mnt/data/admuser/msadepth/compreps/seedrep_cand/protenix/8sis_HL/d4169/seed2_r3/results/8sis_hl/seed_0/predictions/8sis_hl_sample_0.cif,8sis_HL,seed2_r3,8sis_hl_sample_0.cif,0.17793
/mnt/data/admuser/msadepth/compreps/seedrep_cand/protenix/8sis_HL/d4169/seed2_r3/results/8sis_hl/seed_0/predictions/8sis_hl_sample_1.cif,8sis_HL,seed2_r3,8sis_hl_sample_1.cif,0.17198
/mnt/data/admuser/msadepth/compreps/seedrep_cand/protenix/8sis_HL/d4169/seed2_r3/results/8sis_hl/seed_0/predictions/8sis_hl_sample_2.cif,8sis_HL,seed2_r3,8sis_hl_sample_2.cif,0.16526
/mnt/data/admuser/msadepth/compreps/seedrep_cand/protenix/8sis_HL/d4169/seed2_r3/results/8sis_hl/seed_0/predictions/8sis_hl_sample_3.cif,8sis_HL,seed2_r3,8sis_hl_sample_3.cif,0.16434
/mnt/data/admuser/msadepth/compreps/seedrep_cand/protenix/8sis_HL/d4169/seed2_r3/results/8sis_hl/seed_0/predictions/8sis_hl_sample_4.cif,8sis_HL,seed2_r3,8sis_hl_sample_4.cif,0.14224
/mnt/data/admuser/msadepth/compreps/seedrep_cand/protenix/8sis_HL/d4169/seed3_r0/results/8sis_hl/seed_0/predictions/8sis_hl_sample_0.cif,8sis_HL,seed3_r0,8sis_hl_sample_0.cif,0.14943
/mnt/data/admuser/msadepth/compreps/seedrep_cand/protenix/8sis_HL/d4169/seed3_r0/results/8sis_hl/seed_0/predictions/8sis_hl_sample_1.cif,8sis_HL,seed3_r0,8sis_hl_sample_1.cif,0.14417
/mnt/data/admuser/msadepth/compreps/seedrep_cand/protenix/8sis_HL/d4169/seed3_r0/results/8sis_hl/seed_0/predictions/8sis_hl_sample_2.cif,8sis_HL,seed3_r0,8sis_hl_sample_2.cif,0.14209
/mnt/data/admuser/msadepth/compreps/seedrep_cand/protenix/8sis_HL/d4169/seed3_r0/results/8sis_hl/seed_0/predictions/8sis_hl_sample_3.cif,8sis_HL,seed3_r0,8sis_hl_sample_3.cif,0.14068
/mnt/data/admuser/msadepth/compreps/seedrep_cand/protenix/8sis_HL/d4169/seed3_r0/results/8sis_hl/seed_0/predictions/8sis_hl_sample_4.cif,8sis_HL,seed3_r0,8sis_hl_sample_4.cif,0.1362
/mnt/data/admuser/msadepth/compreps/seedrep_cand/protenix/8sis_HL/d4169/seed3_r1/results/8sis_hl/seed_0/predictions/8sis_hl_sample_0.cif,8sis_HL,seed3_r1,8sis_hl_sample_0.cif,0.14529
/mnt/data/admuser/msadepth/compreps/seedrep_cand/protenix/8sis_HL/d4169/seed3_r1/results/8sis_hl/seed_0/predictions/8sis_hl_sample_1.cif,8sis_HL,seed3_r1,8sis_hl_sample_1.cif,0.14451
/mnt/data/admuser/msadepth/compreps/seedrep_cand/protenix/8sis_HL/d4169/seed3_r1/results/8sis_hl/seed_0/predictions/8sis_hl_sample_2.cif,8sis_HL,seed3_r1,8sis_hl_sample_2.cif,0.143
/mnt/data/admuser/msadepth/compreps/seedrep_cand/protenix/8sis_HL/d4169/seed3_r1/results/8sis_hl/seed_0/predictions/8sis_hl_sample_3.cif,8sis_HL,seed3_r1,8sis_hl_sample_3.cif,0.14063
/mnt/data/admuser/msadepth/compreps/seedrep_cand/protenix/8sis_HL/d4169/seed3_r1/results/8sis_hl/seed_0/predictions/8sis_hl_sample_4.cif,8sis_HL,seed3_r1,8sis_hl_sample_4.cif,0.13721
/mnt/data/admuser/msadepth/compreps/seedrep_cand/protenix/8sis_HL/d4169/seed3_r2/results/8sis_hl/seed_0/predictions/8sis_hl_sample_0.cif,8sis_HL,seed3_r2,8sis_hl_sample_0.cif,0.15531
/mnt/data/admuser/msadepth/compreps/seedrep_cand/protenix/8sis_HL/d4169/seed3_r2/results/8sis_hl/seed_0/predictions/8sis_hl_sample_1.cif,8sis_HL,seed3_r2,8sis_hl_sample_1.cif,0.14966
/mnt/data/admuser/msadepth/compreps/seedrep_cand/protenix/8sis_HL/d4169/seed3_r2/results/8sis_hl/seed_0/predictions/8sis_hl_sample_2.cif,8sis_HL,seed3_r2,8sis_hl_sample_2.cif,0.14936
/mnt/data/admuser/msadepth/compreps/seedrep_cand/protenix/8sis_HL/d4169/seed3_r2/results/8sis_hl/seed_0/predictions/8sis_hl_sample_3.cif,8sis_HL,seed3_r2,8sis_hl_sample_3.cif,0.14679
/mnt/data/admuser/msadepth/compreps/seedrep_cand/protenix/8sis_HL/d4169/seed3_r2/results/8sis_hl/seed_0/predictions/8sis_hl_sample_4.cif,8sis_HL,seed3_r2,8sis_hl_sample_4.cif,0.14325
/mnt/data/admuser/msadepth/compreps/seedrep_cand/protenix/8sis_HL/d4169/seed3_r3/results/8sis_hl/seed_0/predictions/8sis_hl_sample_0.cif,8sis_HL,seed3_r3,8sis_hl_sample_0.cif,0.15833
/mnt/data/admuser/msadepth/compreps/seedrep_cand/protenix/8sis_HL/d4169/seed3_r3/results/8sis_hl/seed_0/predictions/8sis_hl_sample_1.cif,8sis_HL,seed3_r3,8sis_hl_sample_1.cif,0.15471
/mnt/data/admuser/msadepth/compreps/seedrep_cand/protenix/8sis_HL/d4169/seed3_r3/results/8sis_hl/seed_0/predictions/8sis_hl_sample_2.cif,8sis_HL,seed3_r3,8sis_hl_sample_2.cif,0.14974
/mnt/data/admuser/msadepth/compreps/seedrep_cand/protenix/8sis_HL/d4169/seed3_r3/results/8sis_hl/seed_0/predictions/8sis_hl_sample_3.cif,8sis_HL,seed3_r3,8sis_hl_sample_3.cif,0.1493
/mnt/data/admuser/msadepth/compreps/seedrep_cand/protenix/8sis_HL/d4169/seed3_r3/results/8sis_hl/seed_0/predictions/8sis_hl_sample_4.cif,8sis_HL,seed3_r3,8sis_hl_sample_4.cif,0.1358
/mnt/data/admuser/msadepth/compreps/seedrep_cand/protenix/8sis_HL/d4169/seed4_r0/results/8sis_hl/seed_0/predictions/8sis_hl_sample_0.cif,8sis_HL,seed4_r0,8sis_hl_sample_0.cif,0.15556
/mnt/data/admuser/msadepth/compreps/seedrep_cand/protenix/8sis_HL/d4169/seed4_r0/results/8sis_hl/seed_0/predictions/8sis_hl_sample_1.cif,8sis_HL,seed4_r0,8sis_hl_sample_1.cif,0.15224
/mnt/data/admuser/msadepth/compreps/seedrep_cand/protenix/8sis_HL/d4169/seed4_r0/results/8sis_hl/seed_0/predictions/8sis_hl_sample_2.cif,8sis_HL,seed4_r0,8sis_hl_sample_2.cif,0.15013
/mnt/data/admuser/msadepth/compreps/seedrep_cand/protenix/8sis_HL/d4169/seed4_r0/results/8sis_hl/seed_0/predictions/8sis_hl_sample_3.cif,8sis_HL,seed4_r0,8sis_hl_sample_3.cif,0.1466
/mnt/data/admuser/msadepth/compreps/seedrep_cand/protenix/8sis_HL/d4169/seed4_r0/results/8sis_hl/seed_0/predictions/8sis_hl_sample_4.cif,8sis_HL,seed4_r0,8sis_hl_sample_4.cif,0.13522
/mnt/data/admuser/msadepth/compreps/seedrep_cand/protenix/8sis_HL/d4169/seed4_r1/results/8sis_hl/seed_0/predictions/8sis_hl_sample_0.cif,8sis_HL,seed4_r1,8sis_hl_sample_0.cif,0.16268
/mnt/data/admuser/msadepth/compreps/seedrep_cand/protenix/8sis_HL/d4169/seed4_r1/results/8sis_hl/seed_0/predictions/8sis_hl_sample_1.cif,8sis_HL,seed4_r1,8sis_hl_sample_1.cif,0.16202
/mnt/data/admuser/msadepth/compreps/seedrep_cand/protenix/8sis_HL/d4169/seed4_r1/results/8sis_hl/seed_0/predictions/8sis_hl_sample_2.cif,8sis_HL,seed4_r1,8sis_hl_sample_2.cif,0.1561
/mnt/data/admuser/msadepth/compreps/seedrep_cand/protenix/8sis_HL/d4169/seed4_r1/results/8sis_hl/seed_0/predictions/8sis_hl_sample_3.cif,8sis_HL,seed4_r1,8sis_hl_sample_3.cif,0.15044
/mnt/data/admuser/msadepth/compreps/seedrep_cand/protenix/8sis_HL/d4169/seed4_r1/results/8sis_hl/seed_0/predictions/8sis_hl_sample_4.cif,8sis_HL,seed4_r1,8sis_hl_sample_4.cif,0.14923
/mnt/data/admuser/msadepth/compreps/seedrep_cand/protenix/8sis_HL/d4169/seed4_r2/results/8sis_hl/seed_0/predictions/8sis_hl_sample_0.cif,8sis_HL,seed4_r2,8sis_hl_sample_0.cif,0.15886
/mnt/data/admuser/msadepth/compreps/seedrep_cand/protenix/8sis_HL/d4169/seed4_r2/results/8sis_hl/seed_0/predictions/8sis_hl_sample_1.cif,8sis_HL,seed4_r2,8sis_hl_sample_1.cif,0.15166
/mnt/data/admuser/msadepth/compreps/seedrep_cand/protenix/8sis_HL/d4169/seed4_r2/results/8sis_hl/seed_0/predictions/8sis_hl_sample_2.cif,8sis_HL,seed4_r2,8sis_hl_sample_2.cif,0.1508
/mnt/data/admuser/msadepth/compreps/seedrep_cand/protenix/8sis_HL/d4169/seed4_r2/results/8sis_hl/seed_0/predictions/8sis_hl_sample_3.cif,8sis_HL,seed4_r2,8sis_hl_sample_3.cif,0.14843
/mnt/data/admuser/msadepth/compreps/seedrep_cand/protenix/8sis_HL/d4169/seed4_r2/results/8sis_hl/seed_0/predictions/8sis_hl_sample_4.cif,8sis_HL,seed4_r2,8sis_hl_sample_4.cif,0.14036
/mnt/data/admuser/msadepth/compreps/seedrep_cand/protenix/8sis_HL/d4169/seed4_r3/results/8sis_hl/seed_0/predictions/8sis_hl_sample_0.cif,8sis_HL,seed4_r3,8sis_hl_sample_0.cif,0.15065
/mnt/data/admuser/msadepth/compreps/seedrep_cand/protenix/8sis_HL/d4169/seed4_r3/results/8sis_hl/seed_0/predictions/8sis_hl_sample_1.cif,8sis_HL,seed4_r3,8sis_hl_sample_1.cif,0.15077
/mnt/data/admuser/msadepth/compreps/seedrep_cand/protenix/8sis_HL/d4169/seed4_r3/results/8sis_hl/seed_0/predictions/8sis_hl_sample_2.cif,8sis_HL,seed4_r3,8sis_hl_sample_2.cif,0.14762
/mnt/data/admuser/msadepth/compreps/seedrep_cand/protenix/8sis_HL/d4169/seed4_r3/results/8sis_hl/seed_0/predictions/8sis_hl_sample_3.cif,8sis_HL,seed4_r3,8sis_hl_sample_3.cif,0.14632
/mnt/data/admuser/msadepth/compreps/seedrep_cand/protenix/8sis_HL/d4169/seed4_r3/results/8sis_hl/seed_0/predictions/8sis_hl_sample_4.cif,8sis_HL,seed4_r3,8sis_hl_sample_4.cif,0.14479
/mnt/data/admuser/msadepth/compreps/seedrep_cand/protenix/8sis_HL/d4169/seed5_r0/results/8sis_hl/seed_0/predictions/8sis_hl_sample_0.cif,8sis_HL,seed5_r0,8sis_hl_sample_0.cif,0.41558
/mnt/data/admuser/msadepth/compreps/seedrep_cand/protenix/8sis_HL/d4169/seed5_r0/results/8sis_hl/seed_0/predictions/8sis_hl_sample_1.cif,8sis_HL,seed5_r0,8sis_hl_sample_1.cif,0.41513
/mnt/data/admuser/msadepth/compreps/seedrep_cand/protenix/8sis_HL/d4169/seed5_r0/results/8sis_hl/seed_0/predictions/8sis_hl_sample_2.cif,8sis_HL,seed5_r0,8sis_hl_sample_2.cif,0.41397
/mnt/data/admuser/msadepth/compreps/seedrep_cand/protenix/8sis_HL/d4169/seed5_r0/results/8sis_hl/seed_0/predictions/8sis_hl_sample_3.cif,8sis_HL,seed5_r0,8sis_hl_sample_3.cif,0.40979
/mnt/data/admuser/msadepth/compreps/seedrep_cand/protenix/8sis_HL/d4169/seed5_r0/results/8sis_hl/seed_0/predictions/8sis_hl_sample_4.cif,8sis_HL,seed5_r0,8sis_hl_sample_4.cif,0.4028
/mnt/data/admuser/msadepth/compreps/seedrep_cand/protenix/8sis_HL/d4169/seed5_r1/results/8sis_hl/seed_0/predictions/8sis_hl_sample_0.cif,8sis_HL,seed5_r1,8sis_hl_sample_0.cif,0.15501
/mnt/data/admuser/msadepth/compreps/seedrep_cand/protenix/8sis_HL/d4169/seed5_r1/results/8sis_hl/seed_0/predictions/8sis_hl_sample_1.cif,8sis_HL,seed5_r1,8sis_hl_sample_1.cif,0.14945
/mnt/data/admuser/msadepth/compreps/seedrep_cand/protenix/8sis_HL/d4169/seed5_r1/results/8sis_hl/seed_0/predictions/8sis_hl_sample_2.cif,8sis_HL,seed5_r1,8sis_hl_sample_2.cif,0.1459
/mnt/data/admuser/msadepth/compreps/seedrep_cand/protenix/8sis_HL/d4169/seed5_r1/results/8sis_hl/seed_0/predictions/8sis_hl_sample_3.cif,8sis_HL,seed5_r1,8sis_hl_sample_3.cif,0.14492
/mnt/data/admuser/msadepth/compreps/seedrep_cand/protenix/8sis_HL/d4169/seed5_r1/results/8sis_hl/seed_0/predictions/8sis_hl_sample_4.cif,8sis_HL,seed5_r1,8sis_hl_sample_4.cif,0.13937
/mnt/data/admuser/msadepth/compreps/seedrep_cand/protenix/8sis_HL/d4169/seed5_r2/results/8sis_hl/seed_0/predictions/8sis_hl_sample_0.cif,8sis_HL,seed5_r2,8sis_hl_sample_0.cif,0.1546
/mnt/data/admuser/msadepth/compreps/seedrep_cand/protenix/8sis_HL/d4169/seed5_r2/results/8sis_hl/seed_0/predictions/8sis_hl_sample_1.cif,8sis_HL,seed5_r2,8sis_hl_sample_1.cif,0.15044
/mnt/data/admuser/msadepth/compreps/seedrep_cand/protenix/8sis_HL/d4169/seed5_r2/results/8sis_hl/seed_0/predictions/8sis_hl_sample_2.cif,8sis_HL,seed5_r2,8sis_hl_sample_2.cif,0.14968
/mnt/data/admuser/msadepth/compreps/seedrep_cand/protenix/8sis_HL/d4169/seed5_r2/results/8sis_hl/seed_0/predictions/8sis_hl_sample_3.cif,8sis_HL,seed5_r2,8sis_hl_sample_3.cif,0.14916
/mnt/data/admuser/msadepth/compreps/seedrep_cand/protenix/8sis_HL/d4169/seed5_r2/results/8sis_hl/seed_0/predictions/8sis_hl_sample_4.cif,8sis_HL,seed5_r2,8sis_hl_sample_4.cif,0.1466
/mnt/data/admuser/msadepth/compreps/seedrep_cand/protenix/8sis_HL/d4169/seed5_r3/results/8sis_hl/seed_0/predictions/8sis_hl_sample_0.cif,8sis_HL,seed5_r3,8sis_hl_sample_0.cif,0.1591
/mnt/data/admuser/msadepth/compreps/seedrep_cand/protenix/8sis_HL/d4169/seed5_r3/results/8sis_hl/seed_0/predictions/8sis_hl_sample_1.cif,8sis_HL,seed5_r3,8sis_hl_sample_1.cif,0.15702
/mnt/data/admuser/msadepth/compreps/seedrep_cand/protenix/8sis_HL/d4169/seed5_r3/results/8sis_hl/seed_0/predictions/8sis_hl_sample_2.cif,8sis_HL,seed5_r3,8sis_hl_sample_2.cif,0.15557
/mnt/data/admuser/msadepth/compreps/seedrep_cand/protenix/8sis_HL/d4169/seed5_r3/results/8sis_hl/seed_0/predictions/8sis_hl_sample_3.cif,8sis_HL,seed5_r3,8sis_hl_sample_3.cif,0.15269
/mnt/data/admuser/msadepth/compreps/seedrep_cand/protenix/8sis_HL/d4169/seed5_r3/results/8sis_hl/seed_0/predictions/8sis_hl_sample_4.cif,8sis_HL,seed5_r3,8sis_hl_sample_4.cif,0.14831
/mnt/data/admuser/msadepth/compreps/seedrep_cand/protenix/8sis_HL/d4169/seedfull_r0/results/8sis_hl/seed_0/predictions/8sis_hl_sample_0.cif,8sis_HL,seedfull_r0,8sis_hl_sample_0.cif,0.16335
/mnt/data/admuser/msadepth/compreps/seedrep_cand/protenix/8sis_HL/d4169/seedfull_r0/results/8sis_hl/seed_0/predictions/8sis_hl_sample_1.cif,8sis_HL,seedfull_r0,8sis_hl_sample_1.cif,0.15794
/mnt/data/admuser/msadepth/compreps/seedrep_cand/protenix/8sis_HL/d4169/seedfull_r0/results/8sis_hl/seed_0/predictions/8sis_hl_sample_2.cif,8sis_HL,seedfull_r0,8sis_hl_sample_2.cif,0.15331
/mnt/data/admuser/msadepth/compreps/seedrep_cand/protenix/8sis_HL/d4169/seedfull_r0/results/8sis_hl/seed_0/predictions/8sis_hl_sample_3.cif,8sis_HL,seedfull_r0,8sis_hl_sample_3.cif,0.14973
/mnt/data/admuser/msadepth/compreps/seedrep_cand/protenix/8sis_HL/d4169/seedfull_r0/results/8sis_hl/seed_0/predictions/8sis_hl_sample_4.cif,8sis_HL,seedfull_r0,8sis_hl_sample_4.cif,0.14721
/mnt/data/admuser/msadepth/compreps/seedrep_cand/protenix/8sis_HL/d4169/seedfull_r1/results/8sis_hl/seed_0/predictions/8sis_hl_sample_0.cif,8sis_HL,seedfull_r1,8sis_hl_sample_0.cif,0.16274
/mnt/data/admuser/msadepth/compreps/seedrep_cand/protenix/8sis_HL/d4169/seedfull_r1/results/8sis_hl/seed_0/predictions/8sis_hl_sample_1.cif,8sis_HL,seedfull_r1,8sis_hl_sample_1.cif,0.15703
/mnt/data/admuser/msadepth/compreps/seedrep_cand/protenix/8sis_HL/d4169/seedfull_r1/results/8sis_hl/seed_0/predictions/8sis_hl_sample_2.cif,8sis_HL,seedfull_r1,8sis_hl_sample_2.cif,0.15569
/mnt/data/admuser/msadepth/compreps/seedrep_cand/protenix/8sis_HL/d4169/seedfull_r1/results/8sis_hl/seed_0/predictions/8sis_hl_sample_3.cif,8sis_HL,seedfull_r1,8sis_hl_sample_3.cif,0.15466
/mnt/data/admuser/msadepth/compreps/seedrep_cand/protenix/8sis_HL/d4169/seedfull_r1/results/8sis_hl/seed_0/predictions/8sis_hl_sample_4.cif,8sis_HL,seedfull_r1,8sis_hl_sample_4.cif,0.15235
/mnt/data/admuser/msadepth/compreps/seedrep_cand/protenix/8sis_HL/d4169/seedfull_r10/results/8sis_hl/seed_0/predictions/8sis_hl_sample_0.cif,8sis_HL,seedfull_r10,8sis_hl_sample_0.cif,0.1627
/mnt/data/admuser/msadepth/compreps/seedrep_cand/protenix/8sis_HL/d4169/seedfull_r10/results/8sis_hl/seed_0/predictions/8sis_hl_sample_1.cif,8sis_HL,seedfull_r10,8sis_hl_sample_1.cif,0.15659
/mnt/data/admuser/msadepth/compreps/seedrep_cand/protenix/8sis_HL/d4169/seedfull_r10/results/8sis_hl/seed_0/predictions/8sis_hl_sample_2.cif,8sis_HL,seedfull_r10,8sis_hl_sample_2.cif,0.15039
/mnt/data/admuser/msadepth/compreps/seedrep_cand/protenix/8sis_HL/d4169/seedfull_r10/results/8sis_hl/seed_0/predictions/8sis_hl_sample_3.cif,8sis_HL,seedfull_r10,8sis_hl_sample_3.cif,0.15093
/mnt/data/admuser/msadepth/compreps/seedrep_cand/protenix/8sis_HL/d4169/seedfull_r10/results/8sis_hl/seed_0/predictions/8sis_hl_sample_4.cif,8sis_HL,seedfull_r10,8sis_hl_sample_4.cif,0.148
/mnt/data/admuser/msadepth/compreps/seedrep_cand/protenix/8sis_HL/d4169/seedfull_r11/results/8sis_hl/seed_0/predictions/8sis_hl_sample_0.cif,8sis_HL,seedfull_r11,8sis_hl_sample_0.cif,0.15703
/mnt/data/admuser/msadepth/compreps/seedrep_cand/protenix/8sis_HL/d4169/seedfull_r11/results/8sis_hl/seed_0/predictions/8sis_hl_sample_1.cif,8sis_HL,seedfull_r11,8sis_hl_sample_1.cif,0.15576
/mnt/data/admuser/msadepth/compreps/seedrep_cand/protenix/8sis_HL/d4169/seedfull_r11/results/8sis_hl/seed_0/predictions/8sis_hl_sample_2.cif,8sis_HL,seedfull_r11,8sis_hl_sample_2.cif,0.15491
/mnt/data/admuser/msadepth/compreps/seedrep_cand/protenix/8sis_HL/d4169/seedfull_r11/results/8sis_hl/seed_0/predictions/8sis_hl_sample_3.cif,8sis_HL,seedfull_r11,8sis_hl_sample_3.cif,0.15255
/mnt/data/admuser/msadepth/compreps/seedrep_cand/protenix/8sis_HL/d4169/seedfull_r11/results/8sis_hl/seed_0/predictions/8sis_hl_sample_4.cif,8sis_HL,seedfull_r11,8sis_hl_sample_4.cif,0.1449
/mnt/data/admuser/msadepth/compreps/seedrep_cand/protenix/8sis_HL/d4169/seedfull_r12/results/8sis_hl/seed_0/predictions/8sis_hl_sample_0.cif,8sis_HL,seedfull_r12,8sis_hl_sample_0.cif,0.17255
/mnt/data/admuser/msadepth/compreps/seedrep_cand/protenix/8sis_HL/d4169/seedfull_r12/results/8sis_hl/seed_0/predictions/8sis_hl_sample_1.cif,8sis_HL,seedfull_r12,8sis_hl_sample_1.cif,0.16399
/mnt/data/admuser/msadepth/compreps/seedrep_cand/protenix/8sis_HL/d4169/seedfull_r12/results/8sis_hl/seed_0/predictions/8sis_hl_sample_2.cif,8sis_HL,seedfull_r12,8sis_hl_sample_2.cif,0.16262
/mnt/data/admuser/msadepth/compreps/seedrep_cand/protenix/8sis_HL/d4169/seedfull_r12/results/8sis_hl/seed_0/predictions/8sis_hl_sample_3.cif,8sis_HL,seedfull_r12,8sis_hl_sample_3.cif,0.16044
/mnt/data/admuser/msadepth/compreps/seedrep_cand/protenix/8sis_HL/d4169/seedfull_r12/results/8sis_hl/seed_0/predictions/8sis_hl_sample_4.cif,8sis_HL,seedfull_r12,8sis_hl_sample_4.cif,0.15273
/mnt/data/admuser/msadepth/compreps/seedrep_cand/protenix/8sis_HL/d4169/seedfull_r13/results/8sis_hl/seed_0/predictions/8sis_hl_sample_0.cif,8sis_HL,seedfull_r13,8sis_hl_sample_0.cif,0.16457
/mnt/data/admuser/msadepth/compreps/seedrep_cand/protenix/8sis_HL/d4169/seedfull_r13/results/8sis_hl/seed_0/predictions/8sis_hl_sample_1.cif,8sis_HL,seedfull_r13,8sis_hl_sample_1.cif,0.15998
/mnt/data/admuser/msadepth/compreps/seedrep_cand/protenix/8sis_HL/d4169/seedfull_r13/results/8sis_hl/seed_0/predictions/8sis_hl_sample_2.cif,8sis_HL,seedfull_r13,8sis_hl_sample_2.cif,0.15467
/mnt/data/admuser/msadepth/compreps/seedrep_cand/protenix/8sis_HL/d4169/seedfull_r13/results/8sis_hl/seed_0/predictions/8sis_hl_sample_3.cif,8sis_HL,seedfull_r13,8sis_hl_sample_3.cif,0.15277
/mnt/data/admuser/msadepth/compreps/seedrep_cand/protenix/8sis_HL/d4169/seedfull_r13/results/8sis_hl/seed_0/predictions/8sis_hl_sample_4.cif,8sis_HL,seedfull_r13,8sis_hl_sample_4.cif,0.15099
/mnt/data/admuser/msadepth/compreps/seedrep_cand/protenix/8sis_HL/d4169/seedfull_r14/results/8sis_hl/seed_0/predictions/8sis_hl_sample_0.cif,8sis_HL,seedfull_r14,8sis_hl_sample_0.cif,0.1639
/mnt/data/admuser/msadepth/compreps/seedrep_cand/protenix/8sis_HL/d4169/seedfull_r14/results/8sis_hl/seed_0/predictions/8sis_hl_sample_1.cif,8sis_HL,seedfull_r14,8sis_hl_sample_1.cif,0.15825
/mnt/data/admuser/msadepth/compreps/seedrep_cand/protenix/8sis_HL/d4169/seedfull_r14/results/8sis_hl/seed_0/predictions/8sis_hl_sample_2.cif,8sis_HL,seedfull_r14,8sis_hl_sample_2.cif,0.15739
/mnt/data/admuser/msadepth/compreps/seedrep_cand/protenix/8sis_HL/d4169/seedfull_r14/results/8sis_hl/seed_0/predictions/8sis_hl_sample_3.cif,8sis_HL,seedfull_r14,8sis_hl_sample_3.cif,0.15723
/mnt/data/admuser/msadepth/compreps/seedrep_cand/protenix/8sis_HL/d4169/seedfull_r14/results/8sis_hl/seed_0/predictions/8sis_hl_sample_4.cif,8sis_HL,seedfull_r14,8sis_hl_sample_4.cif,0.15451
/mnt/data/admuser/msadepth/compreps/seedrep_cand/protenix/8sis_HL/d4169/seedfull_r15/results/8sis_hl/seed_0/predictions/8sis_hl_sample_0.cif,8sis_HL,seedfull_r15,8sis_hl_sample_0.cif,0.16397
/mnt/data/admuser/msadepth/compreps/seedrep_cand/protenix/8sis_HL/d4169/seedfull_r15/results/8sis_hl/seed_0/predictions/8sis_hl_sample_1.cif,8sis_HL,seedfull_r15,8sis_hl_sample_1.cif,0.15804
/mnt/data/admuser/msadepth/compreps/seedrep_cand/protenix/8sis_HL/d4169/seedfull_r15/results/8sis_hl/seed_0/predictions/8sis_hl_sample_2.cif,8sis_HL,seedfull_r15,8sis_hl_sample_2.cif,0.15642
/mnt/data/admuser/msadepth/compreps/seedrep_cand/protenix/8sis_HL/d4169/seedfull_r15/results/8sis_hl/seed_0/predictions/8sis_hl_sample_3.cif,8sis_HL,seedfull_r15,8sis_hl_sample_3.cif,0.15319
/mnt/data/admuser/msadepth/compreps/seedrep_cand/protenix/8sis_HL/d4169/seedfull_r15/results/8sis_hl/seed_0/predictions/8sis_hl_sample_4.cif,8sis_HL,seedfull_r15,8sis_hl_sample_4.cif,0.14402
/mnt/data/admuser/msadepth/compreps/seedrep_cand/protenix/8sis_HL/d4169/seedfull_r16/results/8sis_hl/seed_0/predictions/8sis_hl_sample_0.cif,8sis_HL,seedfull_r16,8sis_hl_sample_0.cif,0.16566
/mnt/data/admuser/msadepth/compreps/seedrep_cand/protenix/8sis_HL/d4169/seedfull_r16/results/8sis_hl/seed_0/predictions/8sis_hl_sample_1.cif,8sis_HL,seedfull_r16,8sis_hl_sample_1.cif,0.15638
/mnt/data/admuser/msadepth/compreps/seedrep_cand/protenix/8sis_HL/d4169/seedfull_r16/results/8sis_hl/seed_0/predictions/8sis_hl_sample_2.cif,8sis_HL,seedfull_r16,8sis_hl_sample_2.cif,0.15497
/mnt/data/admuser/msadepth/compreps/seedrep_cand/protenix/8sis_HL/d4169/seedfull_r16/results/8sis_hl/seed_0/predictions/8sis_hl_sample_3.cif,8sis_HL,seedfull_r16,8sis_hl_sample_3.cif,0.15394
/mnt/data/admuser/msadepth/compreps/seedrep_cand/protenix/8sis_HL/d4169/seedfull_r16/results/8sis_hl/seed_0/predictions/8sis_hl_sample_4.cif,8sis_HL,seedfull_r16,8sis_hl_sample_4.cif,0.15173
/mnt/data/admuser/msadepth/compreps/seedrep_cand/protenix/8sis_HL/d4169/seedfull_r17/results/8sis_hl/seed_0/predictions/8sis_hl_sample_0.cif,8sis_HL,seedfull_r17,8sis_hl_sample_0.cif,0.30462
/mnt/data/admuser/msadepth/compreps/seedrep_cand/protenix/8sis_HL/d4169/seedfull_r17/results/8sis_hl/seed_0/predictions/8sis_hl_sample_1.cif,8sis_HL,seedfull_r17,8sis_hl_sample_1.cif,0.28538
/mnt/data/admuser/msadepth/compreps/seedrep_cand/protenix/8sis_HL/d4169/seedfull_r17/results/8sis_hl/seed_0/predictions/8sis_hl_sample_2.cif,8sis_HL,seedfull_r17,8sis_hl_sample_2.cif,0.28365
/mnt/data/admuser/msadepth/compreps/seedrep_cand/protenix/8sis_HL/d4169/seedfull_r17/results/8sis_hl/seed_0/predictions/8sis_hl_sample_3.cif,8sis_HL,seedfull_r17,8sis_hl_sample_3.cif,0.28144
/mnt/data/admuser/msadepth/compreps/seedrep_cand/protenix/8sis_HL/d4169/seedfull_r17/results/8sis_hl/seed_0/predictions/8sis_hl_sample_4.cif,8sis_HL,seedfull_r17,8sis_hl_sample_4.cif,0.224
/mnt/data/admuser/msadepth/compreps/seedrep_cand/protenix/8sis_HL/d4169/seedfull_r18/results/8sis_hl/seed_0/predictions/8sis_hl_sample_0.cif,8sis_HL,seedfull_r18,8sis_hl_sample_0.cif,0.15947
/mnt/data/admuser/msadepth/compreps/seedrep_cand/protenix/8sis_HL/d4169/seedfull_r18/results/8sis_hl/seed_0/predictions/8sis_hl_sample_1.cif,8sis_HL,seedfull_r18,8sis_hl_sample_1.cif,0.15624
/mnt/data/admuser/msadepth/compreps/seedrep_cand/protenix/8sis_HL/d4169/seedfull_r18/results/8sis_hl/seed_0/predictions/8sis_hl_sample_2.cif,8sis_HL,seedfull_r18,8sis_hl_sample_2.cif,0.15535
/mnt/data/admuser/msadepth/compreps/seedrep_cand/protenix/8sis_HL/d4169/seedfull_r18/results/8sis_hl/seed_0/predictions/8sis_hl_sample_3.cif,8sis_HL,seedfull_r18,8sis_hl_sample_3.cif,0.15364
/mnt/data/admuser/msadepth/compreps/seedrep_cand/protenix/8sis_HL/d4169/seedfull_r18/results/8sis_hl/seed_0/predictions/8sis_hl_sample_4.cif,8sis_HL,seedfull_r18,8sis_hl_sample_4.cif,0.1495
/mnt/data/admuser/msadepth/compreps/seedrep_cand/protenix/8sis_HL/d4169/seedfull_r19/results/8sis_hl/seed_0/predictions/8sis_hl_sample_0.cif,8sis_HL,seedfull_r19,8sis_hl_sample_0.cif,0.16521
/mnt/data/admuser/msadepth/compreps/seedrep_cand/protenix/8sis_HL/d4169/seedfull_r19/results/8sis_hl/seed_0/predictions/8sis_hl_sample_1.cif,8sis_HL,seedfull_r19,8sis_hl_sample_1.cif,0.16385
/mnt/data/admuser/msadepth/compreps/seedrep_cand/protenix/8sis_HL/d4169/seedfull_r19/results/8sis_hl/seed_0/predictions/8sis_hl_sample_2.cif,8sis_HL,seedfull_r19,8sis_hl_sample_2.cif,0.15993
/mnt/data/admuser/msadepth/compreps/seedrep_cand/protenix/8sis_HL/d4169/seedfull_r19/results/8sis_hl/seed_0/predictions/8sis_hl_sample_3.cif,8sis_HL,seedfull_r19,8sis_hl_sample_3.cif,0.15919
/mnt/data/admuser/msadepth/compreps/seedrep_cand/protenix/8sis_HL/d4169/seedfull_r19/results/8sis_hl/seed_0/predictions/8sis_hl_sample_4.cif,8sis_HL,seedfull_r19,8sis_hl_sample_4.cif,0.15927
/mnt/data/admuser/msadepth/compreps/seedrep_cand/protenix/8sis_HL/d4169/seedfull_r2/results/8sis_hl/seed_0/predictions/8sis_hl_sample_0.cif,8sis_HL,seedfull_r2,8sis_hl_sample_0.cif,0.16653
/mnt/data/admuser/msadepth/compreps/seedrep_cand/protenix/8sis_HL/d4169/seedfull_r2/results/8sis_hl/seed_0/predictions/8sis_hl_sample_1.cif,8sis_HL,seedfull_r2,8sis_hl_sample_1.cif,0.16287
/mnt/data/admuser/msadepth/compreps/seedrep_cand/protenix/8sis_HL/d4169/seedfull_r2/results/8sis_hl/seed_0/predictions/8sis_hl_sample_2.cif,8sis_HL,seedfull_r2,8sis_hl_sample_2.cif,0.16075
/mnt/data/admuser/msadepth/compreps/seedrep_cand/protenix/8sis_HL/d4169/seedfull_r2/results/8sis_hl/seed_0/predictions/8sis_hl_sample_3.cif,8sis_HL,seedfull_r2,8sis_hl_sample_3.cif,0.16115
/mnt/data/admuser/msadepth/compreps/seedrep_cand/protenix/8sis_HL/d4169/seedfull_r2/results/8sis_hl/seed_0/predictions/8sis_hl_sample_4.cif,8sis_HL,seedfull_r2,8sis_hl_sample_4.cif,0.15816
/mnt/data/admuser/msadepth/compreps/seedrep_cand/protenix/8sis_HL/d4169/seedfull_r3/results/8sis_hl/seed_0/predictions/8sis_hl_sample_0.cif,8sis_HL,seedfull_r3,8sis_hl_sample_0.cif,0.20113
/mnt/data/admuser/msadepth/compreps/seedrep_cand/protenix/8sis_HL/d4169/seedfull_r3/results/8sis_hl/seed_0/predictions/8sis_hl_sample_1.cif,8sis_HL,seedfull_r3,8sis_hl_sample_1.cif,0.1931
/mnt/data/admuser/msadepth/compreps/seedrep_cand/protenix/8sis_HL/d4169/seedfull_r3/results/8sis_hl/seed_0/predictions/8sis_hl_sample_2.cif,8sis_HL,seedfull_r3,8sis_hl_sample_2.cif,0.1915
/mnt/data/admuser/msadepth/compreps/seedrep_cand/protenix/8sis_HL/d4169/seedfull_r3/results/8sis_hl/seed_0/predictions/8sis_hl_sample_3.cif,8sis_HL,seedfull_r3,8sis_hl_sample_3.cif,0.18833
/mnt/data/admuser/msadepth/compreps/seedrep_cand/protenix/8sis_HL/d4169/seedfull_r3/results/8sis_hl/seed_0/predictions/8sis_hl_sample_4.cif,8sis_HL,seedfull_r3,8sis_hl_sample_4.cif,0.18444
/mnt/data/admuser/msadepth/compreps/seedrep_cand/protenix/8sis_HL/d4169/seedfull_r4/results/8sis_hl/seed_0/predictions/8sis_hl_sample_0.cif,8sis_HL,seedfull_r4,8sis_hl_sample_0.cif,0.15853
/mnt/data/admuser/msadepth/compreps/seedrep_cand/protenix/8sis_HL/d4169/seedfull_r4/results/8sis_hl/seed_0/predictions/8sis_hl_sample_1.cif,8sis_HL,seedfull_r4,8sis_hl_sample_1.cif,0.15171
/mnt/data/admuser/msadepth/compreps/seedrep_cand/protenix/8sis_HL/d4169/seedfull_r4/results/8sis_hl/seed_0/predictions/8sis_hl_sample_2.cif,8sis_HL,seedfull_r4,8sis_hl_sample_2.cif,0.14785
/mnt/data/admuser/msadepth/compreps/seedrep_cand/protenix/8sis_HL/d4169/seedfull_r4/results/8sis_hl/seed_0/predictions/8sis_hl_sample_3.cif,8sis_HL,seedfull_r4,8sis_hl_sample_3.cif,0.14746
/mnt/data/admuser/msadepth/compreps/seedrep_cand/protenix/8sis_HL/d4169/seedfull_r4/results/8sis_hl/seed_0/predictions/8sis_hl_sample_4.cif,8sis_HL,seedfull_r4,8sis_hl_sample_4.cif,0.14796
/mnt/data/admuser/msadepth/compreps/seedrep_cand/protenix/8sis_HL/d4169/seedfull_r5/results/8sis_hl/seed_0/predictions/8sis_hl_sample_0.cif,8sis_HL,seedfull_r5,8sis_hl_sample_0.cif,0.16298
/mnt/data/admuser/msadepth/compreps/seedrep_cand/protenix/8sis_HL/d4169/seedfull_r5/results/8sis_hl/seed_0/predictions/8sis_hl_sample_1.cif,8sis_HL,seedfull_r5,8sis_hl_sample_1.cif,0.15978
/mnt/data/admuser/msadepth/compreps/seedrep_cand/protenix/8sis_HL/d4169/seedfull_r5/results/8sis_hl/seed_0/predictions/8sis_hl_sample_2.cif,8sis_HL,seedfull_r5,8sis_hl_sample_2.cif,0.15838
/mnt/data/admuser/msadepth/compreps/seedrep_cand/protenix/8sis_HL/d4169/seedfull_r5/results/8sis_hl/seed_0/predictions/8sis_hl_sample_3.cif,8sis_HL,seedfull_r5,8sis_hl_sample_3.cif,0.15577
/mnt/data/admuser/msadepth/compreps/seedrep_cand/protenix/8sis_HL/d4169/seedfull_r5/results/8sis_hl/seed_0/predictions/8sis_hl_sample_4.cif,8sis_HL,seedfull_r5,8sis_hl_sample_4.cif,0.15058
/mnt/data/admuser/msadepth/compreps/seedrep_cand/protenix/8sis_HL/d4169/seedfull_r6/results/8sis_hl/seed_0/predictions/8sis_hl_sample_0.cif,8sis_HL,seedfull_r6,8sis_hl_sample_0.cif,0.15628
/mnt/data/admuser/msadepth/compreps/seedrep_cand/protenix/8sis_HL/d4169/seedfull_r6/results/8sis_hl/seed_0/predictions/8sis_hl_sample_1.cif,8sis_HL,seedfull_r6,8sis_hl_sample_1.cif,0.15562
/mnt/data/admuser/msadepth/compreps/seedrep_cand/protenix/8sis_HL/d4169/seedfull_r6/results/8sis_hl/seed_0/predictions/8sis_hl_sample_2.cif,8sis_HL,seedfull_r6,8sis_hl_sample_2.cif,0.15594
/mnt/data/admuser/msadepth/compreps/seedrep_cand/protenix/8sis_HL/d4169/seedfull_r6/results/8sis_hl/seed_0/predictions/8sis_hl_sample_3.cif,8sis_HL,seedfull_r6,8sis_hl_sample_3.cif,0.1519
/mnt/data/admuser/msadepth/compreps/seedrep_cand/protenix/8sis_HL/d4169/seedfull_r6/results/8sis_hl/seed_0/predictions/8sis_hl_sample_4.cif,8sis_HL,seedfull_r6,8sis_hl_sample_4.cif,0.15084
/mnt/data/admuser/msadepth/compreps/seedrep_cand/protenix/8sis_HL/d4169/seedfull_r7/results/8sis_hl/seed_0/predictions/8sis_hl_sample_0.cif,8sis_HL,seedfull_r7,8sis_hl_sample_0.cif,0.17112
/mnt/data/admuser/msadepth/compreps/seedrep_cand/protenix/8sis_HL/d4169/seedfull_r7/results/8sis_hl/seed_0/predictions/8sis_hl_sample_1.cif,8sis_HL,seedfull_r7,8sis_hl_sample_1.cif,0.15877
/mnt/data/admuser/msadepth/compreps/seedrep_cand/protenix/8sis_HL/d4169/seedfull_r7/results/8sis_hl/seed_0/predictions/8sis_hl_sample_2.cif,8sis_HL,seedfull_r7,8sis_hl_sample_2.cif,0.15758
/mnt/data/admuser/msadepth/compreps/seedrep_cand/protenix/8sis_HL/d4169/seedfull_r7/results/8sis_hl/seed_0/predictions/8sis_hl_sample_3.cif,8sis_HL,seedfull_r7,8sis_hl_sample_3.cif,0.15416
/mnt/data/admuser/msadepth/compreps/seedrep_cand/protenix/8sis_HL/d4169/seedfull_r7/results/8sis_hl/seed_0/predictions/8sis_hl_sample_4.cif,8sis_HL,seedfull_r7,8sis_hl_sample_4.cif,0.15338
/mnt/data/admuser/msadepth/compreps/seedrep_cand/protenix/8sis_HL/d4169/seedfull_r8/results/8sis_hl/seed_0/predictions/8sis_hl_sample_0.cif,8sis_HL,seedfull_r8,8sis_hl_sample_0.cif,0.17197
/mnt/data/admuser/msadepth/compreps/seedrep_cand/protenix/8sis_HL/d4169/seedfull_r8/results/8sis_hl/seed_0/predictions/8sis_hl_sample_1.cif,8sis_HL,seedfull_r8,8sis_hl_sample_1.cif,0.16609
/mnt/data/admuser/msadepth/compreps/seedrep_cand/protenix/8sis_HL/d4169/seedfull_r8/results/8sis_hl/seed_0/predictions/8sis_hl_sample_2.cif,8sis_HL,seedfull_r8,8sis_hl_sample_2.cif,0.16246
/mnt/data/admuser/msadepth/compreps/seedrep_cand/protenix/8sis_HL/d4169/seedfull_r8/results/8sis_hl/seed_0/predictions/8sis_hl_sample_3.cif,8sis_HL,seedfull_r8,8sis_hl_sample_3.cif,0.15683
/mnt/data/admuser/msadepth/compreps/seedrep_cand/protenix/8sis_HL/d4169/seedfull_r8/results/8sis_hl/seed_0/predictions/8sis_hl_sample_4.cif,8sis_HL,seedfull_r8,8sis_hl_sample_4.cif,0.15437
/mnt/data/admuser/msadepth/compreps/seedrep_cand/protenix/8sis_HL/d4169/seedfull_r9/results/8sis_hl/seed_0/predictions/8sis_hl_sample_0.cif,8sis_HL,seedfull_r9,8sis_hl_sample_0.cif,0.15647
/mnt/data/admuser/msadepth/compreps/seedrep_cand/protenix/8sis_HL/d4169/seedfull_r9/results/8sis_hl/seed_0/predictions/8sis_hl_sample_1.cif,8sis_HL,seedfull_r9,8sis_hl_sample_1.cif,0.15339
/mnt/data/admuser/msadepth/compreps/seedrep_cand/protenix/8sis_HL/d4169/seedfull_r9/results/8sis_hl/seed_0/predictions/8sis_hl_sample_2.cif,8sis_HL,seedfull_r9,8sis_hl_sample_2.cif,0.15086
/mnt/data/admuser/msadepth/compreps/seedrep_cand/protenix/8sis_HL/d4169/seedfull_r9/results/8sis_hl/seed_0/predictions/8sis_hl_sample_3.cif,8sis_HL,seedfull_r9,8sis_hl_sample_3.cif,0.1502
/mnt/data/admuser/msadepth/compreps/seedrep_cand/protenix/8sis_HL/d4169/seedfull_r9/results/8sis_hl/seed_0/predictions/8sis_hl_sample_4.cif,8sis_HL,seedfull_r9,8sis_hl_sample_4.cif,0.14979
/mnt/data/admuser/msadepth/compreps/seedrep_cand/protenix/8sit_HL/d4035/seed0_r0/results/8sit_hl/seed_0/predictions/8sit_hl_sample_0.cif,8sit_HL,seed0_r0,8sit_hl_sample_0.cif,0.38915
/mnt/data/admuser/msadepth/compreps/seedrep_cand/protenix/8sit_HL/d4035/seed0_r0/results/8sit_hl/seed_0/predictions/8sit_hl_sample_1.cif,8sit_HL,seed0_r0,8sit_hl_sample_1.cif,0.3843
/mnt/data/admuser/msadepth/compreps/seedrep_cand/protenix/8sit_HL/d4035/seed0_r0/results/8sit_hl/seed_0/predictions/8sit_hl_sample_2.cif,8sit_HL,seed0_r0,8sit_hl_sample_2.cif,0.38249
/mnt/data/admuser/msadepth/compreps/seedrep_cand/protenix/8sit_HL/d4035/seed0_r0/results/8sit_hl/seed_0/predictions/8sit_hl_sample_3.cif,8sit_HL,seed0_r0,8sit_hl_sample_3.cif,0.38123
/mnt/data/admuser/msadepth/compreps/seedrep_cand/protenix/8sit_HL/d4035/seed0_r0/results/8sit_hl/seed_0/predictions/8sit_hl_sample_4.cif,8sit_HL,seed0_r0,8sit_hl_sample_4.cif,0.37722
/mnt/data/admuser/msadepth/compreps/seedrep_cand/protenix/8sit_HL/d4035/seed0_r1/results/8sit_hl/seed_0/predictions/8sit_hl_sample_0.cif,8sit_HL,seed0_r1,8sit_hl_sample_0.cif,0.33182
/mnt/data/admuser/msadepth/compreps/seedrep_cand/protenix/8sit_HL/d4035/seed0_r1/results/8sit_hl/seed_0/predictions/8sit_hl_sample_1.cif,8sit_HL,seed0_r1,8sit_hl_sample_1.cif,0.33194
/mnt/data/admuser/msadepth/compreps/seedrep_cand/protenix/8sit_HL/d4035/seed0_r1/results/8sit_hl/seed_0/predictions/8sit_hl_sample_2.cif,8sit_HL,seed0_r1,8sit_hl_sample_2.cif,0.33076
/mnt/data/admuser/msadepth/compreps/seedrep_cand/protenix/8sit_HL/d4035/seed0_r1/results/8sit_hl/seed_0/predictions/8sit_hl_sample_3.cif,8sit_HL,seed0_r1,8sit_hl_sample_3.cif,0.3302
/mnt/data/admuser/msadepth/compreps/seedrep_cand/protenix/8sit_HL/d4035/seed0_r1/results/8sit_hl/seed_0/predictions/8sit_hl_sample_4.cif,8sit_HL,seed0_r1,8sit_hl_sample_4.cif,0.32799
/mnt/data/admuser/msadepth/compreps/seedrep_cand/protenix/8sit_HL/d4035/seed0_r2/results/8sit_hl/seed_0/predictions/8sit_hl_sample_0.cif,8sit_HL,seed0_r2,8sit_hl_sample_0.cif,0.32286
/mnt/data/admuser/msadepth/compreps/seedrep_cand/protenix/8sit_HL/d4035/seed0_r2/results/8sit_hl/seed_0/predictions/8sit_hl_sample_1.cif,8sit_HL,seed0_r2,8sit_hl_sample_1.cif,0.32179
/mnt/data/admuser/msadepth/compreps/seedrep_cand/protenix/8sit_HL/d4035/seed0_r2/results/8sit_hl/seed_0/predictions/8sit_hl_sample_2.cif,8sit_HL,seed0_r2,8sit_hl_sample_2.cif,0.32052
/mnt/data/admuser/msadepth/compreps/seedrep_cand/protenix/8sit_HL/d4035/seed0_r2/results/8sit_hl/seed_0/predictions/8sit_hl_sample_3.cif,8sit_HL,seed0_r2,8sit_hl_sample_3.cif,0.31566
/mnt/data/admuser/msadepth/compreps/seedrep_cand/protenix/8sit_HL/d4035/seed0_r2/results/8sit_hl/seed_0/predictions/8sit_hl_sample_4.cif,8sit_HL,seed0_r2,8sit_hl_sample_4.cif,0.31567
/mnt/data/admuser/msadepth/compreps/seedrep_cand/protenix/8sit_HL/d4035/seed0_r3/results/8sit_hl/seed_0/predictions/8sit_hl_sample_0.cif,8sit_HL,seed0_r3,8sit_hl_sample_0.cif,0.38038
/mnt/data/admuser/msadepth/compreps/seedrep_cand/protenix/8sit_HL/d4035/seed0_r3/results/8sit_hl/seed_0/predictions/8sit_hl_sample_1.cif,8sit_HL,seed0_r3,8sit_hl_sample_1.cif,0.38038
/mnt/data/admuser/msadepth/compreps/seedrep_cand/protenix/8sit_HL/d4035/seed0_r3/results/8sit_hl/seed_0/predictions/8sit_hl_sample_2.cif,8sit_HL,seed0_r3,8sit_hl_sample_2.cif,0.37849
/mnt/data/admuser/msadepth/compreps/seedrep_cand/protenix/8sit_HL/d4035/seed0_r3/results/8sit_hl/seed_0/predictions/8sit_hl_sample_3.cif,8sit_HL,seed0_r3,8sit_hl_sample_3.cif,0.37706
/mnt/data/admuser/msadepth/compreps/seedrep_cand/protenix/8sit_HL/d4035/seed0_r3/results/8sit_hl/seed_0/predictions/8sit_hl_sample_4.cif,8sit_HL,seed0_r3,8sit_hl_sample_4.cif,0.37375
/mnt/data/admuser/msadepth/compreps/seedrep_cand/protenix/8sit_HL/d4035/seed1_r0/results/8sit_hl/seed_0/predictions/8sit_hl_sample_0.cif,8sit_HL,seed1_r0,8sit_hl_sample_0.cif,0.41585
/mnt/data/admuser/msadepth/compreps/seedrep_cand/protenix/8sit_HL/d4035/seed1_r0/results/8sit_hl/seed_0/predictions/8sit_hl_sample_1.cif,8sit_HL,seed1_r0,8sit_hl_sample_1.cif,0.41432
/mnt/data/admuser/msadepth/compreps/seedrep_cand/protenix/8sit_HL/d4035/seed1_r0/results/8sit_hl/seed_0/predictions/8sit_hl_sample_2.cif,8sit_HL,seed1_r0,8sit_hl_sample_2.cif,0.41364
/mnt/data/admuser/msadepth/compreps/seedrep_cand/protenix/8sit_HL/d4035/seed1_r0/results/8sit_hl/seed_0/predictions/8sit_hl_sample_3.cif,8sit_HL,seed1_r0,8sit_hl_sample_3.cif,0.41286
/mnt/data/admuser/msadepth/compreps/seedrep_cand/protenix/8sit_HL/d4035/seed1_r0/results/8sit_hl/seed_0/predictions/8sit_hl_sample_4.cif,8sit_HL,seed1_r0,8sit_hl_sample_4.cif,0.4118
/mnt/data/admuser/msadepth/compreps/seedrep_cand/protenix/8sit_HL/d4035/seed1_r1/results/8sit_hl/seed_0/predictions/8sit_hl_sample_0.cif,8sit_HL,seed1_r1,8sit_hl_sample_0.cif,0.44848
/mnt/data/admuser/msadepth/compreps/seedrep_cand/protenix/8sit_HL/d4035/seed1_r1/results/8sit_hl/seed_0/predictions/8sit_hl_sample_1.cif,8sit_HL,seed1_r1,8sit_hl_sample_1.cif,0.44498
/mnt/data/admuser/msadepth/compreps/seedrep_cand/protenix/8sit_HL/d4035/seed1_r1/results/8sit_hl/seed_0/predictions/8sit_hl_sample_2.cif,8sit_HL,seed1_r1,8sit_hl_sample_2.cif,0.44427
/mnt/data/admuser/msadepth/compreps/seedrep_cand/protenix/8sit_HL/d4035/seed1_r1/results/8sit_hl/seed_0/predictions/8sit_hl_sample_3.cif,8sit_HL,seed1_r1,8sit_hl_sample_3.cif,0.44383
/mnt/data/admuser/msadepth/compreps/seedrep_cand/protenix/8sit_HL/d4035/seed1_r1/results/8sit_hl/seed_0/predictions/8sit_hl_sample_4.cif,8sit_HL,seed1_r1,8sit_hl_sample_4.cif,0.44316
/mnt/data/admuser/msadepth/compreps/seedrep_cand/protenix/8sit_HL/d4035/seed1_r2/results/8sit_hl/seed_0/predictions/8sit_hl_sample_0.cif,8sit_HL,seed1_r2,8sit_hl_sample_0.cif,0.43149
/mnt/data/admuser/msadepth/compreps/seedrep_cand/protenix/8sit_HL/d4035/seed1_r2/results/8sit_hl/seed_0/predictions/8sit_hl_sample_1.cif,8sit_HL,seed1_r2,8sit_hl_sample_1.cif,0.43095
/mnt/data/admuser/msadepth/compreps/seedrep_cand/protenix/8sit_HL/d4035/seed1_r2/results/8sit_hl/seed_0/predictions/8sit_hl_sample_2.cif,8sit_HL,seed1_r2,8sit_hl_sample_2.cif,0.43074
/mnt/data/admuser/msadepth/compreps/seedrep_cand/protenix/8sit_HL/d4035/seed1_r2/results/8sit_hl/seed_0/predictions/8sit_hl_sample_3.cif,8sit_HL,seed1_r2,8sit_hl_sample_3.cif,0.42971
/mnt/data/admuser/msadepth/compreps/seedrep_cand/protenix/8sit_HL/d4035/seed1_r2/results/8sit_hl/seed_0/predictions/8sit_hl_sample_4.cif,8sit_HL,seed1_r2,8sit_hl_sample_4.cif,0.42903
/mnt/data/admuser/msadepth/compreps/seedrep_cand/protenix/8sit_HL/d4035/seed1_r3/results/8sit_hl/seed_0/predictions/8sit_hl_sample_0.cif,8sit_HL,seed1_r3,8sit_hl_sample_0.cif,0.40431
/mnt/data/admuser/msadepth/compreps/seedrep_cand/protenix/8sit_HL/d4035/seed1_r3/results/8sit_hl/seed_0/predictions/8sit_hl_sample_1.cif,8sit_HL,seed1_r3,8sit_hl_sample_1.cif,0.40404
/mnt/data/admuser/msadepth/compreps/seedrep_cand/protenix/8sit_HL/d4035/seed1_r3/results/8sit_hl/seed_0/predictions/8sit_hl_sample_2.cif,8sit_HL,seed1_r3,8sit_hl_sample_2.cif,0.40414
/mnt/data/admuser/msadepth/compreps/seedrep_cand/protenix/8sit_HL/d4035/seed1_r3/results/8sit_hl/seed_0/predictions/8sit_hl_sample_3.cif,8sit_HL,seed1_r3,8sit_hl_sample_3.cif,0.40254
/mnt/data/admuser/msadepth/compreps/seedrep_cand/protenix/8sit_HL/d4035/seed1_r3/results/8sit_hl/seed_0/predictions/8sit_hl_sample_4.cif,8sit_HL,seed1_r3,8sit_hl_sample_4.cif,0.40087
/mnt/data/admuser/msadepth/compreps/seedrep_cand/protenix/8sit_HL/d4035/seed2_r0/results/8sit_hl/seed_0/predictions/8sit_hl_sample_0.cif,8sit_HL,seed2_r0,8sit_hl_sample_0.cif,0.45396
/mnt/data/admuser/msadepth/compreps/seedrep_cand/protenix/8sit_HL/d4035/seed2_r0/results/8sit_hl/seed_0/predictions/8sit_hl_sample_1.cif,8sit_HL,seed2_r0,8sit_hl_sample_1.cif,0.44634
/mnt/data/admuser/msadepth/compreps/seedrep_cand/protenix/8sit_HL/d4035/seed2_r0/results/8sit_hl/seed_0/predictions/8sit_hl_sample_2.cif,8sit_HL,seed2_r0,8sit_hl_sample_2.cif,0.44649
/mnt/data/admuser/msadepth/compreps/seedrep_cand/protenix/8sit_HL/d4035/seed2_r0/results/8sit_hl/seed_0/predictions/8sit_hl_sample_3.cif,8sit_HL,seed2_r0,8sit_hl_sample_3.cif,0.44363
/mnt/data/admuser/msadepth/compreps/seedrep_cand/protenix/8sit_HL/d4035/seed2_r0/results/8sit_hl/seed_0/predictions/8sit_hl_sample_4.cif,8sit_HL,seed2_r0,8sit_hl_sample_4.cif,0.4434
/mnt/data/admuser/msadepth/compreps/seedrep_cand/protenix/8sit_HL/d4035/seed2_r1/results/8sit_hl/seed_0/predictions/8sit_hl_sample_0.cif,8sit_HL,seed2_r1,8sit_hl_sample_0.cif,0.38891
/mnt/data/admuser/msadepth/compreps/seedrep_cand/protenix/8sit_HL/d4035/seed2_r1/results/8sit_hl/seed_0/predictions/8sit_hl_sample_1.cif,8sit_HL,seed2_r1,8sit_hl_sample_1.cif,0.3866
/mnt/data/admuser/msadepth/compreps/seedrep_cand/protenix/8sit_HL/d4035/seed2_r1/results/8sit_hl/seed_0/predictions/8sit_hl_sample_2.cif,8sit_HL,seed2_r1,8sit_hl_sample_2.cif,0.38591
/mnt/data/admuser/msadepth/compreps/seedrep_cand/protenix/8sit_HL/d4035/seed2_r1/results/8sit_hl/seed_0/predictions/8sit_hl_sample_3.cif,8sit_HL,seed2_r1,8sit_hl_sample_3.cif,0.38592
/mnt/data/admuser/msadepth/compreps/seedrep_cand/protenix/8sit_HL/d4035/seed2_r1/results/8sit_hl/seed_0/predictions/8sit_hl_sample_4.cif,8sit_HL,seed2_r1,8sit_hl_sample_4.cif,0.37922
/mnt/data/admuser/msadepth/compreps/seedrep_cand/protenix/8sit_HL/d4035/seed2_r2/results/8sit_hl/seed_0/predictions/8sit_hl_sample_0.cif,8sit_HL,seed2_r2,8sit_hl_sample_0.cif,0.46531
/mnt/data/admuser/msadepth/compreps/seedrep_cand/protenix/8sit_HL/d4035/seed2_r2/results/8sit_hl/seed_0/predictions/8sit_hl_sample_1.cif,8sit_HL,seed2_r2,8sit_hl_sample_1.cif,0.46372
/mnt/data/admuser/msadepth/compreps/seedrep_cand/protenix/8sit_HL/d4035/seed2_r2/results/8sit_hl/seed_0/predictions/8sit_hl_sample_2.cif,8sit_HL,seed2_r2,8sit_hl_sample_2.cif,0.46371
/mnt/data/admuser/msadepth/compreps/seedrep_cand/protenix/8sit_HL/d4035/seed2_r2/results/8sit_hl/seed_0/predictions/8sit_hl_sample_3.cif,8sit_HL,seed2_r2,8sit_hl_sample_3.cif,0.46424
/mnt/data/admuser/msadepth/compreps/seedrep_cand/protenix/8sit_HL/d4035/seed2_r2/results/8sit_hl/seed_0/predictions/8sit_hl_sample_4.cif,8sit_HL,seed2_r2,8sit_hl_sample_4.cif,0.46361
/mnt/data/admuser/msadepth/compreps/seedrep_cand/protenix/8sit_HL/d4035/seed2_r3/results/8sit_hl/seed_0/predictions/8sit_hl_sample_0.cif,8sit_HL,seed2_r3,8sit_hl_sample_0.cif,0.44471
/mnt/data/admuser/msadepth/compreps/seedrep_cand/protenix/8sit_HL/d4035/seed2_r3/results/8sit_hl/seed_0/predictions/8sit_hl_sample_1.cif,8sit_HL,seed2_r3,8sit_hl_sample_1.cif,0.44435
/mnt/data/admuser/msadepth/compreps/seedrep_cand/protenix/8sit_HL/d4035/seed2_r3/results/8sit_hl/seed_0/predictions/8sit_hl_sample_2.cif,8sit_HL,seed2_r3,8sit_hl_sample_2.cif,0.44159
/mnt/data/admuser/msadepth/compreps/seedrep_cand/protenix/8sit_HL/d4035/seed2_r3/results/8sit_hl/seed_0/predictions/8sit_hl_sample_3.cif,8sit_HL,seed2_r3,8sit_hl_sample_3.cif,0.4395
/mnt/data/admuser/msadepth/compreps/seedrep_cand/protenix/8sit_HL/d4035/seed2_r3/results/8sit_hl/seed_0/predictions/8sit_hl_sample_4.cif,8sit_HL,seed2_r3,8sit_hl_sample_4.cif,0.43828
/mnt/data/admuser/msadepth/compreps/seedrep_cand/protenix/8sit_HL/d4035/seed3_r0/results/8sit_hl/seed_0/predictions/8sit_hl_sample_0.cif,8sit_HL,seed3_r0,8sit_hl_sample_0.cif,0.37365
/mnt/data/admuser/msadepth/compreps/seedrep_cand/protenix/8sit_HL/d4035/seed3_r0/results/8sit_hl/seed_0/predictions/8sit_hl_sample_1.cif,8sit_HL,seed3_r0,8sit_hl_sample_1.cif,0.37223
/mnt/data/admuser/msadepth/compreps/seedrep_cand/protenix/8sit_HL/d4035/seed3_r0/results/8sit_hl/seed_0/predictions/8sit_hl_sample_2.cif,8sit_HL,seed3_r0,8sit_hl_sample_2.cif,0.37321
/mnt/data/admuser/msadepth/compreps/seedrep_cand/protenix/8sit_HL/d4035/seed3_r0/results/8sit_hl/seed_0/predictions/8sit_hl_sample_3.cif,8sit_HL,seed3_r0,8sit_hl_sample_3.cif,0.36734
/mnt/data/admuser/msadepth/compreps/seedrep_cand/protenix/8sit_HL/d4035/seed3_r0/results/8sit_hl/seed_0/predictions/8sit_hl_sample_4.cif,8sit_HL,seed3_r0,8sit_hl_sample_4.cif,0.36393
/mnt/data/admuser/msadepth/compreps/seedrep_cand/protenix/8sit_HL/d4035/seed3_r1/results/8sit_hl/seed_0/predictions/8sit_hl_sample_0.cif,8sit_HL,seed3_r1,8sit_hl_sample_0.cif,0.44737
/mnt/data/admuser/msadepth/compreps/seedrep_cand/protenix/8sit_HL/d4035/seed3_r1/results/8sit_hl/seed_0/predictions/8sit_hl_sample_1.cif,8sit_HL,seed3_r1,8sit_hl_sample_1.cif,0.44509
/mnt/data/admuser/msadepth/compreps/seedrep_cand/protenix/8sit_HL/d4035/seed3_r1/results/8sit_hl/seed_0/predictions/8sit_hl_sample_2.cif,8sit_HL,seed3_r1,8sit_hl_sample_2.cif,0.44546
/mnt/data/admuser/msadepth/compreps/seedrep_cand/protenix/8sit_HL/d4035/seed3_r1/results/8sit_hl/seed_0/predictions/8sit_hl_sample_3.cif,8sit_HL,seed3_r1,8sit_hl_sample_3.cif,0.44515
/mnt/data/admuser/msadepth/compreps/seedrep_cand/protenix/8sit_HL/d4035/seed3_r1/results/8sit_hl/seed_0/predictions/8sit_hl_sample_4.cif,8sit_HL,seed3_r1,8sit_hl_sample_4.cif,0.44276
/mnt/data/admuser/msadepth/compreps/seedrep_cand/protenix/8sit_HL/d4035/seed3_r2/results/8sit_hl/seed_0/predictions/8sit_hl_sample_0.cif,8sit_HL,seed3_r2,8sit_hl_sample_0.cif,0.39593
/mnt/data/admuser/msadepth/compreps/seedrep_cand/protenix/8sit_HL/d4035/seed3_r2/results/8sit_hl/seed_0/predictions/8sit_hl_sample_1.cif,8sit_HL,seed3_r2,8sit_hl_sample_1.cif,0.39273
/mnt/data/admuser/msadepth/compreps/seedrep_cand/protenix/8sit_HL/d4035/seed3_r2/results/8sit_hl/seed_0/predictions/8sit_hl_sample_2.cif,8sit_HL,seed3_r2,8sit_hl_sample_2.cif,0.39262
/mnt/data/admuser/msadepth/compreps/seedrep_cand/protenix/8sit_HL/d4035/seed3_r2/results/8sit_hl/seed_0/predictions/8sit_hl_sample_3.cif,8sit_HL,seed3_r2,8sit_hl_sample_3.cif,0.39176
/mnt/data/admuser/msadepth/compreps/seedrep_cand/protenix/8sit_HL/d4035/seed3_r2/results/8sit_hl/seed_0/predictions/8sit_hl_sample_4.cif,8sit_HL,seed3_r2,8sit_hl_sample_4.cif,0.39014
/mnt/data/admuser/msadepth/compreps/seedrep_cand/protenix/8sit_HL/d4035/seed3_r3/results/8sit_hl/seed_0/predictions/8sit_hl_sample_0.cif,8sit_HL,seed3_r3,8sit_hl_sample_0.cif,0.44508
/mnt/data/admuser/msadepth/compreps/seedrep_cand/protenix/8sit_HL/d4035/seed3_r3/results/8sit_hl/seed_0/predictions/8sit_hl_sample_1.cif,8sit_HL,seed3_r3,8sit_hl_sample_1.cif,0.44304
/mnt/data/admuser/msadepth/compreps/seedrep_cand/protenix/8sit_HL/d4035/seed3_r3/results/8sit_hl/seed_0/predictions/8sit_hl_sample_2.cif,8sit_HL,seed3_r3,8sit_hl_sample_2.cif,0.44262
/mnt/data/admuser/msadepth/compreps/seedrep_cand/protenix/8sit_HL/d4035/seed3_r3/results/8sit_hl/seed_0/predictions/8sit_hl_sample_3.cif,8sit_HL,seed3_r3,8sit_hl_sample_3.cif,0.43971
/mnt/data/admuser/msadepth/compreps/seedrep_cand/protenix/8sit_HL/d4035/seed3_r3/results/8sit_hl/seed_0/predictions/8sit_hl_sample_4.cif,8sit_HL,seed3_r3,8sit_hl_sample_4.cif,0.43941
/mnt/data/admuser/msadepth/compreps/seedrep_cand/protenix/8sit_HL/d4035/seed4_r0/results/8sit_hl/seed_0/predictions/8sit_hl_sample_0.cif,8sit_HL,seed4_r0,8sit_hl_sample_0.cif,0.43349
/mnt/data/admuser/msadepth/compreps/seedrep_cand/protenix/8sit_HL/d4035/seed4_r0/results/8sit_hl/seed_0/predictions/8sit_hl_sample_1.cif,8sit_HL,seed4_r0,8sit_hl_sample_1.cif,0.4332
/mnt/data/admuser/msadepth/compreps/seedrep_cand/protenix/8sit_HL/d4035/seed4_r0/results/8sit_hl/seed_0/predictions/8sit_hl_sample_2.cif,8sit_HL,seed4_r0,8sit_hl_sample_2.cif,0.42862
/mnt/data/admuser/msadepth/compreps/seedrep_cand/protenix/8sit_HL/d4035/seed4_r0/results/8sit_hl/seed_0/predictions/8sit_hl_sample_3.cif,8sit_HL,seed4_r0,8sit_hl_sample_3.cif,0.42447
/mnt/data/admuser/msadepth/compreps/seedrep_cand/protenix/8sit_HL/d4035/seed4_r0/results/8sit_hl/seed_0/predictions/8sit_hl_sample_4.cif,8sit_HL,seed4_r0,8sit_hl_sample_4.cif,0.42322
/mnt/data/admuser/msadepth/compreps/seedrep_cand/protenix/8sit_HL/d4035/seed4_r1/results/8sit_hl/seed_0/predictions/8sit_hl_sample_0.cif,8sit_HL,seed4_r1,8sit_hl_sample_0.cif,0.17949
/mnt/data/admuser/msadepth/compreps/seedrep_cand/protenix/8sit_HL/d4035/seed4_r1/results/8sit_hl/seed_0/predictions/8sit_hl_sample_1.cif,8sit_HL,seed4_r1,8sit_hl_sample_1.cif,0.17352
/mnt/data/admuser/msadepth/compreps/seedrep_cand/protenix/8sit_HL/d4035/seed4_r1/results/8sit_hl/seed_0/predictions/8sit_hl_sample_2.cif,8sit_HL,seed4_r1,8sit_hl_sample_2.cif,0.1703
/mnt/data/admuser/msadepth/compreps/seedrep_cand/protenix/8sit_HL/d4035/seed4_r1/results/8sit_hl/seed_0/predictions/8sit_hl_sample_3.cif,8sit_HL,seed4_r1,8sit_hl_sample_3.cif,0.16972
/mnt/data/admuser/msadepth/compreps/seedrep_cand/protenix/8sit_HL/d4035/seed4_r1/results/8sit_hl/seed_0/predictions/8sit_hl_sample_4.cif,8sit_HL,seed4_r1,8sit_hl_sample_4.cif,0.16974
/mnt/data/admuser/msadepth/compreps/seedrep_cand/protenix/8sit_HL/d4035/seed4_r2/results/8sit_hl/seed_0/predictions/8sit_hl_sample_0.cif,8sit_HL,seed4_r2,8sit_hl_sample_0.cif,0.43544
/mnt/data/admuser/msadepth/compreps/seedrep_cand/protenix/8sit_HL/d4035/seed4_r2/results/8sit_hl/seed_0/predictions/8sit_hl_sample_1.cif,8sit_HL,seed4_r2,8sit_hl_sample_1.cif,0.43375
/mnt/data/admuser/msadepth/compreps/seedrep_cand/protenix/8sit_HL/d4035/seed4_r2/results/8sit_hl/seed_0/predictions/8sit_hl_sample_2.cif,8sit_HL,seed4_r2,8sit_hl_sample_2.cif,0.4321
/mnt/data/admuser/msadepth/compreps/seedrep_cand/protenix/8sit_HL/d4035/seed4_r2/results/8sit_hl/seed_0/predictions/8sit_hl_sample_3.cif,8sit_HL,seed4_r2,8sit_hl_sample_3.cif,0.43095
/mnt/data/admuser/msadepth/compreps/seedrep_cand/protenix/8sit_HL/d4035/seed4_r2/results/8sit_hl/seed_0/predictions/8sit_hl_sample_4.cif,8sit_HL,seed4_r2,8sit_hl_sample_4.cif,0.42992
/mnt/data/admuser/msadepth/compreps/seedrep_cand/protenix/8sit_HL/d4035/seed4_r3/results/8sit_hl/seed_0/predictions/8sit_hl_sample_0.cif,8sit_HL,seed4_r3,8sit_hl_sample_0.cif,0.18087
/mnt/data/admuser/msadepth/compreps/seedrep_cand/protenix/8sit_HL/d4035/seed4_r3/results/8sit_hl/seed_0/predictions/8sit_hl_sample_1.cif,8sit_HL,seed4_r3,8sit_hl_sample_1.cif,0.17362
/mnt/data/admuser/msadepth/compreps/seedrep_cand/protenix/8sit_HL/d4035/seed4_r3/results/8sit_hl/seed_0/predictions/8sit_hl_sample_2.cif,8sit_HL,seed4_r3,8sit_hl_sample_2.cif,0.17218
/mnt/data/admuser/msadepth/compreps/seedrep_cand/protenix/8sit_HL/d4035/seed4_r3/results/8sit_hl/seed_0/predictions/8sit_hl_sample_3.cif,8sit_HL,seed4_r3,8sit_hl_sample_3.cif,0.17446
/mnt/data/admuser/msadepth/compreps/seedrep_cand/protenix/8sit_HL/d4035/seed4_r3/results/8sit_hl/seed_0/predictions/8sit_hl_sample_4.cif,8sit_HL,seed4_r3,8sit_hl_sample_4.cif,0.17053
/mnt/data/admuser/msadepth/compreps/seedrep_cand/protenix/8sit_HL/d4035/seed5_r0/results/8sit_hl/seed_0/predictions/8sit_hl_sample_0.cif,8sit_HL,seed5_r0,8sit_hl_sample_0.cif,0.42138
/mnt/data/admuser/msadepth/compreps/seedrep_cand/protenix/8sit_HL/d4035/seed5_r0/results/8sit_hl/seed_0/predictions/8sit_hl_sample_1.cif,8sit_HL,seed5_r0,8sit_hl_sample_1.cif,0.41969
/mnt/data/admuser/msadepth/compreps/seedrep_cand/protenix/8sit_HL/d4035/seed5_r0/results/8sit_hl/seed_0/predictions/8sit_hl_sample_2.cif,8sit_HL,seed5_r0,8sit_hl_sample_2.cif,0.41929
/mnt/data/admuser/msadepth/compreps/seedrep_cand/protenix/8sit_HL/d4035/seed5_r0/results/8sit_hl/seed_0/predictions/8sit_hl_sample_3.cif,8sit_HL,seed5_r0,8sit_hl_sample_3.cif,0.41857
/mnt/data/admuser/msadepth/compreps/seedrep_cand/protenix/8sit_HL/d4035/seed5_r0/results/8sit_hl/seed_0/predictions/8sit_hl_sample_4.cif,8sit_HL,seed5_r0,8sit_hl_sample_4.cif,0.41762
/mnt/data/admuser/msadepth/compreps/seedrep_cand/protenix/8sit_HL/d4035/seed5_r1/results/8sit_hl/seed_0/predictions/8sit_hl_sample_0.cif,8sit_HL,seed5_r1,8sit_hl_sample_0.cif,0.44383
/mnt/data/admuser/msadepth/compreps/seedrep_cand/protenix/8sit_HL/d4035/seed5_r1/results/8sit_hl/seed_0/predictions/8sit_hl_sample_1.cif,8sit_HL,seed5_r1,8sit_hl_sample_1.cif,0.43769
/mnt/data/admuser/msadepth/compreps/seedrep_cand/protenix/8sit_HL/d4035/seed5_r1/results/8sit_hl/seed_0/predictions/8sit_hl_sample_2.cif,8sit_HL,seed5_r1,8sit_hl_sample_2.cif,0.43749
/mnt/data/admuser/msadepth/compreps/seedrep_cand/protenix/8sit_HL/d4035/seed5_r1/results/8sit_hl/seed_0/predictions/8sit_hl_sample_3.cif,8sit_HL,seed5_r1,8sit_hl_sample_3.cif,0.43642
/mnt/data/admuser/msadepth/compreps/seedrep_cand/protenix/8sit_HL/d4035/seed5_r1/results/8sit_hl/seed_0/predictions/8sit_hl_sample_4.cif,8sit_HL,seed5_r1,8sit_hl_sample_4.cif,0.43578
/mnt/data/admuser/msadepth/compreps/seedrep_cand/protenix/8sit_HL/d4035/seed5_r2/results/8sit_hl/seed_0/predictions/8sit_hl_sample_0.cif,8sit_HL,seed5_r2,8sit_hl_sample_0.cif,0.45654
/mnt/data/admuser/msadepth/compreps/seedrep_cand/protenix/8sit_HL/d4035/seed5_r2/results/8sit_hl/seed_0/predictions/8sit_hl_sample_1.cif,8sit_HL,seed5_r2,8sit_hl_sample_1.cif,0.45502
/mnt/data/admuser/msadepth/compreps/seedrep_cand/protenix/8sit_HL/d4035/seed5_r2/results/8sit_hl/seed_0/predictions/8sit_hl_sample_2.cif,8sit_HL,seed5_r2,8sit_hl_sample_2.cif,0.44969
/mnt/data/admuser/msadepth/compreps/seedrep_cand/protenix/8sit_HL/d4035/seed5_r2/results/8sit_hl/seed_0/predictions/8sit_hl_sample_3.cif,8sit_HL,seed5_r2,8sit_hl_sample_3.cif,0.44925
/mnt/data/admuser/msadepth/compreps/seedrep_cand/protenix/8sit_HL/d4035/seed5_r2/results/8sit_hl/seed_0/predictions/8sit_hl_sample_4.cif,8sit_HL,seed5_r2,8sit_hl_sample_4.cif,0.44865
/mnt/data/admuser/msadepth/compreps/seedrep_cand/protenix/8sit_HL/d4035/seed5_r3/results/8sit_hl/seed_0/predictions/8sit_hl_sample_0.cif,8sit_HL,seed5_r3,8sit_hl_sample_0.cif,0.4307
/mnt/data/admuser/msadepth/compreps/seedrep_cand/protenix/8sit_HL/d4035/seed5_r3/results/8sit_hl/seed_0/predictions/8sit_hl_sample_1.cif,8sit_HL,seed5_r3,8sit_hl_sample_1.cif,0.42941
/mnt/data/admuser/msadepth/compreps/seedrep_cand/protenix/8sit_HL/d4035/seed5_r3/results/8sit_hl/seed_0/predictions/8sit_hl_sample_2.cif,8sit_HL,seed5_r3,8sit_hl_sample_2.cif,0.42694
/mnt/data/admuser/msadepth/compreps/seedrep_cand/protenix/8sit_HL/d4035/seed5_r3/results/8sit_hl/seed_0/predictions/8sit_hl_sample_3.cif,8sit_HL,seed5_r3,8sit_hl_sample_3.cif,0.42472
/mnt/data/admuser/msadepth/compreps/seedrep_cand/protenix/8sit_HL/d4035/seed5_r3/results/8sit_hl/seed_0/predictions/8sit_hl_sample_4.cif,8sit_HL,seed5_r3,8sit_hl_sample_4.cif,0.42378
/mnt/data/admuser/msadepth/compreps/seedrep_cand/protenix/8sit_HL/d4035/seedfull_r0/results/8sit_hl/seed_0/predictions/8sit_hl_sample_0.cif,8sit_HL,seedfull_r0,8sit_hl_sample_0.cif,0.37624
/mnt/data/admuser/msadepth/compreps/seedrep_cand/protenix/8sit_HL/d4035/seedfull_r0/results/8sit_hl/seed_0/predictions/8sit_hl_sample_1.cif,8sit_HL,seedfull_r0,8sit_hl_sample_1.cif,0.3755
/mnt/data/admuser/msadepth/compreps/seedrep_cand/protenix/8sit_HL/d4035/seedfull_r0/results/8sit_hl/seed_0/predictions/8sit_hl_sample_2.cif,8sit_HL,seedfull_r0,8sit_hl_sample_2.cif,0.3736
/mnt/data/admuser/msadepth/compreps/seedrep_cand/protenix/8sit_HL/d4035/seedfull_r0/results/8sit_hl/seed_0/predictions/8sit_hl_sample_3.cif,8sit_HL,seedfull_r0,8sit_hl_sample_3.cif,0.37326
/mnt/data/admuser/msadepth/compreps/seedrep_cand/protenix/8sit_HL/d4035/seedfull_r0/results/8sit_hl/seed_0/predictions/8sit_hl_sample_4.cif,8sit_HL,seedfull_r0,8sit_hl_sample_4.cif,0.37204
/mnt/data/admuser/msadepth/compreps/seedrep_cand/protenix/8sit_HL/d4035/seedfull_r1/results/8sit_hl/seed_0/predictions/8sit_hl_sample_0.cif,8sit_HL,seedfull_r1,8sit_hl_sample_0.cif,0.37368
/mnt/data/admuser/msadepth/compreps/seedrep_cand/protenix/8sit_HL/d4035/seedfull_r1/results/8sit_hl/seed_0/predictions/8sit_hl_sample_1.cif,8sit_HL,seedfull_r1,8sit_hl_sample_1.cif,0.37176
/mnt/data/admuser/msadepth/compreps/seedrep_cand/protenix/8sit_HL/d4035/seedfull_r1/results/8sit_hl/seed_0/predictions/8sit_hl_sample_2.cif,8sit_HL,seedfull_r1,8sit_hl_sample_2.cif,0.372
/mnt/data/admuser/msadepth/compreps/seedrep_cand/protenix/8sit_HL/d4035/seedfull_r1/results/8sit_hl/seed_0/predictions/8sit_hl_sample_3.cif,8sit_HL,seedfull_r1,8sit_hl_sample_3.cif,0.36849
/mnt/data/admuser/msadepth/compreps/seedrep_cand/protenix/8sit_HL/d4035/seedfull_r1/results/8sit_hl/seed_0/predictions/8sit_hl_sample_4.cif,8sit_HL,seedfull_r1,8sit_hl_sample_4.cif,0.36691
/mnt/data/admuser/msadepth/compreps/seedrep_cand/protenix/8sit_HL/d4035/seedfull_r2/results/8sit_hl/seed_0/predictions/8sit_hl_sample_0.cif,8sit_HL,seedfull_r2,8sit_hl_sample_0.cif,0.36182
/mnt/data/admuser/msadepth/compreps/seedrep_cand/protenix/8sit_HL/d4035/seedfull_r2/results/8sit_hl/seed_0/predictions/8sit_hl_sample_1.cif,8sit_HL,seedfull_r2,8sit_hl_sample_1.cif,0.36075
/mnt/data/admuser/msadepth/compreps/seedrep_cand/protenix/8sit_HL/d4035/seedfull_r2/results/8sit_hl/seed_0/predictions/8sit_hl_sample_2.cif,8sit_HL,seedfull_r2,8sit_hl_sample_2.cif,0.35939
/mnt/data/admuser/msadepth/compreps/seedrep_cand/protenix/8sit_HL/d4035/seedfull_r2/results/8sit_hl/seed_0/predictions/8sit_hl_sample_3.cif,8sit_HL,seedfull_r2,8sit_hl_sample_3.cif,0.35893
/mnt/data/admuser/msadepth/compreps/seedrep_cand/protenix/8sit_HL/d4035/seedfull_r2/results/8sit_hl/seed_0/predictions/8sit_hl_sample_4.cif,8sit_HL,seedfull_r2,8sit_hl_sample_4.cif,0.35467
/mnt/data/admuser/msadepth/compreps/seedrep_cand/protenix/8sit_HL/d4035/seedfull_r3/results/8sit_hl/seed_0/predictions/8sit_hl_sample_0.cif,8sit_HL,seedfull_r3,8sit_hl_sample_0.cif,0.37756
/mnt/data/admuser/msadepth/compreps/seedrep_cand/protenix/8sit_HL/d4035/seedfull_r3/results/8sit_hl/seed_0/predictions/8sit_hl_sample_1.cif,8sit_HL,seedfull_r3,8sit_hl_sample_1.cif,0.37436
/mnt/data/admuser/msadepth/compreps/seedrep_cand/protenix/8sit_HL/d4035/seedfull_r3/results/8sit_hl/seed_0/predictions/8sit_hl_sample_2.cif,8sit_HL,seedfull_r3,8sit_hl_sample_2.cif,0.37334
/mnt/data/admuser/msadepth/compreps/seedrep_cand/protenix/8sit_HL/d4035/seedfull_r3/results/8sit_hl/seed_0/predictions/8sit_hl_sample_3.cif,8sit_HL,seedfull_r3,8sit_hl_sample_3.cif,0.37008
/mnt/data/admuser/msadepth/compreps/seedrep_cand/protenix/8sit_HL/d4035/seedfull_r3/results/8sit_hl/seed_0/predictions/8sit_hl_sample_4.cif,8sit_HL,seedfull_r3,8sit_hl_sample_4.cif,0.36959
/mnt/data/admuser/msadepth/compreps/seedrep_cand/protenix/8sit_HL/d4035/seedfull_r4/results/8sit_hl/seed_0/predictions/8sit_hl_sample_0.cif,8sit_HL,seedfull_r4,8sit_hl_sample_0.cif,0.36568
/mnt/data/admuser/msadepth/compreps/seedrep_cand/protenix/8sit_HL/d4035/seedfull_r4/results/8sit_hl/seed_0/predictions/8sit_hl_sample_1.cif,8sit_HL,seedfull_r4,8sit_hl_sample_1.cif,0.35933
/mnt/data/admuser/msadepth/compreps/seedrep_cand/protenix/8sit_HL/d4035/seedfull_r4/results/8sit_hl/seed_0/predictions/8sit_hl_sample_2.cif,8sit_HL,seedfull_r4,8sit_hl_sample_2.cif,0.35815
/mnt/data/admuser/msadepth/compreps/seedrep_cand/protenix/8sit_HL/d4035/seedfull_r4/results/8sit_hl/seed_0/predictions/8sit_hl_sample_3.cif,8sit_HL,seedfull_r4,8sit_hl_sample_3.cif,0.35626
/mnt/data/admuser/msadepth/compreps/seedrep_cand/protenix/8sit_HL/d4035/seedfull_r4/results/8sit_hl/seed_0/predictions/8sit_hl_sample_4.cif,8sit_HL,seedfull_r4,8sit_hl_sample_4.cif,0.35597
/mnt/data/admuser/msadepth/compreps/seedrep_cand/protenix/8sit_HL/d4035/seedfull_r5/results/8sit_hl/seed_0/predictions/8sit_hl_sample_0.cif,8sit_HL,seedfull_r5,8sit_hl_sample_0.cif,0.34762
/mnt/data/admuser/msadepth/compreps/seedrep_cand/protenix/8sit_HL/d4035/seedfull_r5/results/8sit_hl/seed_0/predictions/8sit_hl_sample_1.cif,8sit_HL,seedfull_r5,8sit_hl_sample_1.cif,0.34713
/mnt/data/admuser/msadepth/compreps/seedrep_cand/protenix/8sit_HL/d4035/seedfull_r5/results/8sit_hl/seed_0/predictions/8sit_hl_sample_2.cif,8sit_HL,seedfull_r5,8sit_hl_sample_2.cif,0.34713
/mnt/data/admuser/msadepth/compreps/seedrep_cand/protenix/8sit_HL/d4035/seedfull_r5/results/8sit_hl/seed_0/predictions/8sit_hl_sample_3.cif,8sit_HL,seedfull_r5,8sit_hl_sample_3.cif,0.34563
/mnt/data/admuser/msadepth/compreps/seedrep_cand/protenix/8sit_HL/d4035/seedfull_r5/results/8sit_hl/seed_0/predictions/8sit_hl_sample_4.cif,8sit_HL,seedfull_r5,8sit_hl_sample_4.cif,0.34324
/mnt/data/admuser/msadepth/compreps/seedrep_cand/protenix/8sit_HL/d4035/seedfull_r6/results/8sit_hl/seed_0/predictions/8sit_hl_sample_0.cif,8sit_HL,seedfull_r6,8sit_hl_sample_0.cif,0.38004
/mnt/data/admuser/msadepth/compreps/seedrep_cand/protenix/8sit_HL/d4035/seedfull_r6/results/8sit_hl/seed_0/predictions/8sit_hl_sample_1.cif,8sit_HL,seedfull_r6,8sit_hl_sample_1.cif,0.37868
/mnt/data/admuser/msadepth/compreps/seedrep_cand/protenix/8sit_HL/d4035/seedfull_r6/results/8sit_hl/seed_0/predictions/8sit_hl_sample_2.cif,8sit_HL,seedfull_r6,8sit_hl_sample_2.cif,0.37524
/mnt/data/admuser/msadepth/compreps/seedrep_cand/protenix/8sit_HL/d4035/seedfull_r6/results/8sit_hl/seed_0/predictions/8sit_hl_sample_3.cif,8sit_HL,seedfull_r6,8sit_hl_sample_3.cif,0.37315
/mnt/data/admuser/msadepth/compreps/seedrep_cand/protenix/8sit_HL/d4035/seedfull_r6/results/8sit_hl/seed_0/predictions/8sit_hl_sample_4.cif,8sit_HL,seedfull_r6,8sit_hl_sample_4.cif,0.37003
/mnt/data/admuser/msadepth/compreps/seedrep_cand/protenix/8sit_HL/d4035/seedfull_r7/results/8sit_hl/seed_0/predictions/8sit_hl_sample_0.cif,8sit_HL,seedfull_r7,8sit_hl_sample_0.cif,0.3517
/mnt/data/admuser/msadepth/compreps/seedrep_cand/protenix/8sit_HL/d4035/seedfull_r7/results/8sit_hl/seed_0/predictions/8sit_hl_sample_1.cif,8sit_HL,seedfull_r7,8sit_hl_sample_1.cif,0.3511
/mnt/data/admuser/msadepth/compreps/seedrep_cand/protenix/8sit_HL/d4035/seedfull_r7/results/8sit_hl/seed_0/predictions/8sit_hl_sample_2.cif,8sit_HL,seedfull_r7,8sit_hl_sample_2.cif,0.35016
/mnt/data/admuser/msadepth/compreps/seedrep_cand/protenix/8sit_HL/d4035/seedfull_r7/results/8sit_hl/seed_0/predictions/8sit_hl_sample_3.cif,8sit_HL,seedfull_r7,8sit_hl_sample_3.cif,0.3507
/mnt/data/admuser/msadepth/compreps/seedrep_cand/protenix/8sit_HL/d4035/seedfull_r7/results/8sit_hl/seed_0/predictions/8sit_hl_sample_4.cif,8sit_HL,seedfull_r7,8sit_hl_sample_4.cif,0.34197
/mnt/data/admuser/msadepth/compreps/seedrep_cand/protenix/8t4a_PR/d1824/seed0_r0/results/8t4a_pr/seed_0/predictions/8t4a_pr_sample_0.cif,8t4a_PR,seed0_r0,8t4a_pr_sample_0.cif,0.24876
/mnt/data/admuser/msadepth/compreps/seedrep_cand/protenix/8t4a_PR/d1824/seed0_r0/results/8t4a_pr/seed_0/predictions/8t4a_pr_sample_1.cif,8t4a_PR,seed0_r0,8t4a_pr_sample_1.cif,0.2383
/mnt/data/admuser/msadepth/compreps/seedrep_cand/protenix/8t4a_PR/d1824/seed0_r0/results/8t4a_pr/seed_0/predictions/8t4a_pr_sample_2.cif,8t4a_PR,seed0_r0,8t4a_pr_sample_2.cif,0.22969
/mnt/data/admuser/msadepth/compreps/seedrep_cand/protenix/8t4a_PR/d1824/seed0_r0/results/8t4a_pr/seed_0/predictions/8t4a_pr_sample_3.cif,8t4a_PR,seed0_r0,8t4a_pr_sample_3.cif,0.22704
/mnt/data/admuser/msadepth/compreps/seedrep_cand/protenix/8t4a_PR/d1824/seed0_r0/results/8t4a_pr/seed_0/predictions/8t4a_pr_sample_4.cif,8t4a_PR,seed0_r0,8t4a_pr_sample_4.cif,0.22486
/mnt/data/admuser/msadepth/compreps/seedrep_cand/protenix/8t4a_PR/d1824/seed0_r1/results/8t4a_pr/seed_0/predictions/8t4a_pr_sample_0.cif,8t4a_PR,seed0_r1,8t4a_pr_sample_0.cif,0.219
/mnt/data/admuser/msadepth/compreps/seedrep_cand/protenix/8t4a_PR/d1824/seed0_r1/results/8t4a_pr/seed_0/predictions/8t4a_pr_sample_1.cif,8t4a_PR,seed0_r1,8t4a_pr_sample_1.cif,0.2146
/mnt/data/admuser/msadepth/compreps/seedrep_cand/protenix/8t4a_PR/d1824/seed0_r1/results/8t4a_pr/seed_0/predictions/8t4a_pr_sample_2.cif,8t4a_PR,seed0_r1,8t4a_pr_sample_2.cif,0.21374
/mnt/data/admuser/msadepth/compreps/seedrep_cand/protenix/8t4a_PR/d1824/seed0_r1/results/8t4a_pr/seed_0/predictions/8t4a_pr_sample_3.cif,8t4a_PR,seed0_r1,8t4a_pr_sample_3.cif,0.20464
/mnt/data/admuser/msadepth/compreps/seedrep_cand/protenix/8t4a_PR/d1824/seed0_r1/results/8t4a_pr/seed_0/predictions/8t4a_pr_sample_4.cif,8t4a_PR,seed0_r1,8t4a_pr_sample_4.cif,0.20437
/mnt/data/admuser/msadepth/compreps/seedrep_cand/protenix/8t4a_PR/d1824/seed0_r2/results/8t4a_pr/seed_0/predictions/8t4a_pr_sample_0.cif,8t4a_PR,seed0_r2,8t4a_pr_sample_0.cif,0.22213
/mnt/data/admuser/msadepth/compreps/seedrep_cand/protenix/8t4a_PR/d1824/seed0_r2/results/8t4a_pr/seed_0/predictions/8t4a_pr_sample_1.cif,8t4a_PR,seed0_r2,8t4a_pr_sample_1.cif,0.22035
/mnt/data/admuser/msadepth/compreps/seedrep_cand/protenix/8t4a_PR/d1824/seed0_r2/results/8t4a_pr/seed_0/predictions/8t4a_pr_sample_2.cif,8t4a_PR,seed0_r2,8t4a_pr_sample_2.cif,0.21589
/mnt/data/admuser/msadepth/compreps/seedrep_cand/protenix/8t4a_PR/d1824/seed0_r2/results/8t4a_pr/seed_0/predictions/8t4a_pr_sample_3.cif,8t4a_PR,seed0_r2,8t4a_pr_sample_3.cif,0.21631
/mnt/data/admuser/msadepth/compreps/seedrep_cand/protenix/8t4a_PR/d1824/seed0_r2/results/8t4a_pr/seed_0/predictions/8t4a_pr_sample_4.cif,8t4a_PR,seed0_r2,8t4a_pr_sample_4.cif,0.2163
/mnt/data/admuser/msadepth/compreps/seedrep_cand/protenix/8t4a_PR/d1824/seed0_r3/results/8t4a_pr/seed_0/predictions/8t4a_pr_sample_0.cif,8t4a_PR,seed0_r3,8t4a_pr_sample_0.cif,0.22898
/mnt/data/admuser/msadepth/compreps/seedrep_cand/protenix/8t4a_PR/d1824/seed0_r3/results/8t4a_pr/seed_0/predictions/8t4a_pr_sample_1.cif,8t4a_PR,seed0_r3,8t4a_pr_sample_1.cif,0.21579
/mnt/data/admuser/msadepth/compreps/seedrep_cand/protenix/8t4a_PR/d1824/seed0_r3/results/8t4a_pr/seed_0/predictions/8t4a_pr_sample_2.cif,8t4a_PR,seed0_r3,8t4a_pr_sample_2.cif,0.21331
/mnt/data/admuser/msadepth/compreps/seedrep_cand/protenix/8t4a_PR/d1824/seed0_r3/results/8t4a_pr/seed_0/predictions/8t4a_pr_sample_3.cif,8t4a_PR,seed0_r3,8t4a_pr_sample_3.cif,0.21125
/mnt/data/admuser/msadepth/compreps/seedrep_cand/protenix/8t4a_PR/d1824/seed0_r3/results/8t4a_pr/seed_0/predictions/8t4a_pr_sample_4.cif,8t4a_PR,seed0_r3,8t4a_pr_sample_4.cif,0.20694
/mnt/data/admuser/msadepth/compreps/seedrep_cand/protenix/8t4a_PR/d1824/seed1_r0/results/8t4a_pr/seed_0/predictions/8t4a_pr_sample_0.cif,8t4a_PR,seed1_r0,8t4a_pr_sample_0.cif,0.22313
/mnt/data/admuser/msadepth/compreps/seedrep_cand/protenix/8t4a_PR/d1824/seed1_r0/results/8t4a_pr/seed_0/predictions/8t4a_pr_sample_1.cif,8t4a_PR,seed1_r0,8t4a_pr_sample_1.cif,0.21716
/mnt/data/admuser/msadepth/compreps/seedrep_cand/protenix/8t4a_PR/d1824/seed1_r0/results/8t4a_pr/seed_0/predictions/8t4a_pr_sample_2.cif,8t4a_PR,seed1_r0,8t4a_pr_sample_2.cif,0.21418
/mnt/data/admuser/msadepth/compreps/seedrep_cand/protenix/8t4a_PR/d1824/seed1_r0/results/8t4a_pr/seed_0/predictions/8t4a_pr_sample_3.cif,8t4a_PR,seed1_r0,8t4a_pr_sample_3.cif,0.21353
/mnt/data/admuser/msadepth/compreps/seedrep_cand/protenix/8t4a_PR/d1824/seed1_r0/results/8t4a_pr/seed_0/predictions/8t4a_pr_sample_4.cif,8t4a_PR,seed1_r0,8t4a_pr_sample_4.cif,0.20947
/mnt/data/admuser/msadepth/compreps/seedrep_cand/protenix/8t4a_PR/d1824/seed1_r1/results/8t4a_pr/seed_0/predictions/8t4a_pr_sample_0.cif,8t4a_PR,seed1_r1,8t4a_pr_sample_0.cif,0.30978
/mnt/data/admuser/msadepth/compreps/seedrep_cand/protenix/8t4a_PR/d1824/seed1_r1/results/8t4a_pr/seed_0/predictions/8t4a_pr_sample_1.cif,8t4a_PR,seed1_r1,8t4a_pr_sample_1.cif,0.30557
/mnt/data/admuser/msadepth/compreps/seedrep_cand/protenix/8t4a_PR/d1824/seed1_r1/results/8t4a_pr/seed_0/predictions/8t4a_pr_sample_2.cif,8t4a_PR,seed1_r1,8t4a_pr_sample_2.cif,0.30479
/mnt/data/admuser/msadepth/compreps/seedrep_cand/protenix/8t4a_PR/d1824/seed1_r1/results/8t4a_pr/seed_0/predictions/8t4a_pr_sample_3.cif,8t4a_PR,seed1_r1,8t4a_pr_sample_3.cif,0.3031
/mnt/data/admuser/msadepth/compreps/seedrep_cand/protenix/8t4a_PR/d1824/seed1_r1/results/8t4a_pr/seed_0/predictions/8t4a_pr_sample_4.cif,8t4a_PR,seed1_r1,8t4a_pr_sample_4.cif,0.29079
/mnt/data/admuser/msadepth/compreps/seedrep_cand/protenix/8t4a_PR/d1824/seed1_r2/results/8t4a_pr/seed_0/predictions/8t4a_pr_sample_0.cif,8t4a_PR,seed1_r2,8t4a_pr_sample_0.cif,0.22829
/mnt/data/admuser/msadepth/compreps/seedrep_cand/protenix/8t4a_PR/d1824/seed1_r2/results/8t4a_pr/seed_0/predictions/8t4a_pr_sample_1.cif,8t4a_PR,seed1_r2,8t4a_pr_sample_1.cif,0.2205
/mnt/data/admuser/msadepth/compreps/seedrep_cand/protenix/8t4a_PR/d1824/seed1_r2/results/8t4a_pr/seed_0/predictions/8t4a_pr_sample_2.cif,8t4a_PR,seed1_r2,8t4a_pr_sample_2.cif,0.21937
/mnt/data/admuser/msadepth/compreps/seedrep_cand/protenix/8t4a_PR/d1824/seed1_r2/results/8t4a_pr/seed_0/predictions/8t4a_pr_sample_3.cif,8t4a_PR,seed1_r2,8t4a_pr_sample_3.cif,0.21668
/mnt/data/admuser/msadepth/compreps/seedrep_cand/protenix/8t4a_PR/d1824/seed1_r2/results/8t4a_pr/seed_0/predictions/8t4a_pr_sample_4.cif,8t4a_PR,seed1_r2,8t4a_pr_sample_4.cif,0.2158
/mnt/data/admuser/msadepth/compreps/seedrep_cand/protenix/8t4a_PR/d1824/seed1_r3/results/8t4a_pr/seed_0/predictions/8t4a_pr_sample_0.cif,8t4a_PR,seed1_r3,8t4a_pr_sample_0.cif,0.28313
/mnt/data/admuser/msadepth/compreps/seedrep_cand/protenix/8t4a_PR/d1824/seed1_r3/results/8t4a_pr/seed_0/predictions/8t4a_pr_sample_1.cif,8t4a_PR,seed1_r3,8t4a_pr_sample_1.cif,0.26875
/mnt/data/admuser/msadepth/compreps/seedrep_cand/protenix/8t4a_PR/d1824/seed1_r3/results/8t4a_pr/seed_0/predictions/8t4a_pr_sample_2.cif,8t4a_PR,seed1_r3,8t4a_pr_sample_2.cif,0.26334
/mnt/data/admuser/msadepth/compreps/seedrep_cand/protenix/8t4a_PR/d1824/seed1_r3/results/8t4a_pr/seed_0/predictions/8t4a_pr_sample_3.cif,8t4a_PR,seed1_r3,8t4a_pr_sample_3.cif,0.26312
/mnt/data/admuser/msadepth/compreps/seedrep_cand/protenix/8t4a_PR/d1824/seed1_r3/results/8t4a_pr/seed_0/predictions/8t4a_pr_sample_4.cif,8t4a_PR,seed1_r3,8t4a_pr_sample_4.cif,0.25976
/mnt/data/admuser/msadepth/compreps/seedrep_cand/protenix/8t4a_PR/d1824/seed2_r0/results/8t4a_pr/seed_0/predictions/8t4a_pr_sample_0.cif,8t4a_PR,seed2_r0,8t4a_pr_sample_0.cif,0.22643
/mnt/data/admuser/msadepth/compreps/seedrep_cand/protenix/8t4a_PR/d1824/seed2_r0/results/8t4a_pr/seed_0/predictions/8t4a_pr_sample_1.cif,8t4a_PR,seed2_r0,8t4a_pr_sample_1.cif,0.22479
/mnt/data/admuser/msadepth/compreps/seedrep_cand/protenix/8t4a_PR/d1824/seed2_r0/results/8t4a_pr/seed_0/predictions/8t4a_pr_sample_2.cif,8t4a_PR,seed2_r0,8t4a_pr_sample_2.cif,0.2185
/mnt/data/admuser/msadepth/compreps/seedrep_cand/protenix/8t4a_PR/d1824/seed2_r0/results/8t4a_pr/seed_0/predictions/8t4a_pr_sample_3.cif,8t4a_PR,seed2_r0,8t4a_pr_sample_3.cif,0.21219
/mnt/data/admuser/msadepth/compreps/seedrep_cand/protenix/8t4a_PR/d1824/seed2_r0/results/8t4a_pr/seed_0/predictions/8t4a_pr_sample_4.cif,8t4a_PR,seed2_r0,8t4a_pr_sample_4.cif,0.21067
/mnt/data/admuser/msadepth/compreps/seedrep_cand/protenix/8t4a_PR/d1824/seed2_r1/results/8t4a_pr/seed_0/predictions/8t4a_pr_sample_0.cif,8t4a_PR,seed2_r1,8t4a_pr_sample_0.cif,0.22408
/mnt/data/admuser/msadepth/compreps/seedrep_cand/protenix/8t4a_PR/d1824/seed2_r1/results/8t4a_pr/seed_0/predictions/8t4a_pr_sample_1.cif,8t4a_PR,seed2_r1,8t4a_pr_sample_1.cif,0.22331
/mnt/data/admuser/msadepth/compreps/seedrep_cand/protenix/8t4a_PR/d1824/seed2_r1/results/8t4a_pr/seed_0/predictions/8t4a_pr_sample_2.cif,8t4a_PR,seed2_r1,8t4a_pr_sample_2.cif,0.21617
/mnt/data/admuser/msadepth/compreps/seedrep_cand/protenix/8t4a_PR/d1824/seed2_r1/results/8t4a_pr/seed_0/predictions/8t4a_pr_sample_3.cif,8t4a_PR,seed2_r1,8t4a_pr_sample_3.cif,0.21567
/mnt/data/admuser/msadepth/compreps/seedrep_cand/protenix/8t4a_PR/d1824/seed2_r1/results/8t4a_pr/seed_0/predictions/8t4a_pr_sample_4.cif,8t4a_PR,seed2_r1,8t4a_pr_sample_4.cif,0.21116
/mnt/data/admuser/msadepth/compreps/seedrep_cand/protenix/8t4a_PR/d1824/seed2_r2/results/8t4a_pr/seed_0/predictions/8t4a_pr_sample_0.cif,8t4a_PR,seed2_r2,8t4a_pr_sample_0.cif,0.22326
/mnt/data/admuser/msadepth/compreps/seedrep_cand/protenix/8t4a_PR/d1824/seed2_r2/results/8t4a_pr/seed_0/predictions/8t4a_pr_sample_1.cif,8t4a_PR,seed2_r2,8t4a_pr_sample_1.cif,0.21915
/mnt/data/admuser/msadepth/compreps/seedrep_cand/protenix/8t4a_PR/d1824/seed2_r2/results/8t4a_pr/seed_0/predictions/8t4a_pr_sample_2.cif,8t4a_PR,seed2_r2,8t4a_pr_sample_2.cif,0.21528
/mnt/data/admuser/msadepth/compreps/seedrep_cand/protenix/8t4a_PR/d1824/seed2_r2/results/8t4a_pr/seed_0/predictions/8t4a_pr_sample_3.cif,8t4a_PR,seed2_r2,8t4a_pr_sample_3.cif,0.21359
/mnt/data/admuser/msadepth/compreps/seedrep_cand/protenix/8t4a_PR/d1824/seed2_r2/results/8t4a_pr/seed_0/predictions/8t4a_pr_sample_4.cif,8t4a_PR,seed2_r2,8t4a_pr_sample_4.cif,0.21352
/mnt/data/admuser/msadepth/compreps/seedrep_cand/protenix/8t4a_PR/d1824/seed2_r3/results/8t4a_pr/seed_0/predictions/8t4a_pr_sample_0.cif,8t4a_PR,seed2_r3,8t4a_pr_sample_0.cif,0.23041
/mnt/data/admuser/msadepth/compreps/seedrep_cand/protenix/8t4a_PR/d1824/seed2_r3/results/8t4a_pr/seed_0/predictions/8t4a_pr_sample_1.cif,8t4a_PR,seed2_r3,8t4a_pr_sample_1.cif,0.22743
/mnt/data/admuser/msadepth/compreps/seedrep_cand/protenix/8t4a_PR/d1824/seed2_r3/results/8t4a_pr/seed_0/predictions/8t4a_pr_sample_2.cif,8t4a_PR,seed2_r3,8t4a_pr_sample_2.cif,0.22328
/mnt/data/admuser/msadepth/compreps/seedrep_cand/protenix/8t4a_PR/d1824/seed2_r3/results/8t4a_pr/seed_0/predictions/8t4a_pr_sample_3.cif,8t4a_PR,seed2_r3,8t4a_pr_sample_3.cif,0.2183
/mnt/data/admuser/msadepth/compreps/seedrep_cand/protenix/8t4a_PR/d1824/seed2_r3/results/8t4a_pr/seed_0/predictions/8t4a_pr_sample_4.cif,8t4a_PR,seed2_r3,8t4a_pr_sample_4.cif,0.21519
/mnt/data/admuser/msadepth/compreps/seedrep_cand/protenix/8t4a_PR/d1824/seed3_r0/results/8t4a_pr/seed_0/predictions/8t4a_pr_sample_0.cif,8t4a_PR,seed3_r0,8t4a_pr_sample_0.cif,0.19916
/mnt/data/admuser/msadepth/compreps/seedrep_cand/protenix/8t4a_PR/d1824/seed3_r0/results/8t4a_pr/seed_0/predictions/8t4a_pr_sample_1.cif,8t4a_PR,seed3_r0,8t4a_pr_sample_1.cif,0.19529
/mnt/data/admuser/msadepth/compreps/seedrep_cand/protenix/8t4a_PR/d1824/seed3_r0/results/8t4a_pr/seed_0/predictions/8t4a_pr_sample_2.cif,8t4a_PR,seed3_r0,8t4a_pr_sample_2.cif,0.19133
/mnt/data/admuser/msadepth/compreps/seedrep_cand/protenix/8t4a_PR/d1824/seed3_r0/results/8t4a_pr/seed_0/predictions/8t4a_pr_sample_3.cif,8t4a_PR,seed3_r0,8t4a_pr_sample_3.cif,0.18127
/mnt/data/admuser/msadepth/compreps/seedrep_cand/protenix/8t4a_PR/d1824/seed3_r0/results/8t4a_pr/seed_0/predictions/8t4a_pr_sample_4.cif,8t4a_PR,seed3_r0,8t4a_pr_sample_4.cif,0.17732
/mnt/data/admuser/msadepth/compreps/seedrep_cand/protenix/8t4a_PR/d1824/seed3_r1/results/8t4a_pr/seed_0/predictions/8t4a_pr_sample_0.cif,8t4a_PR,seed3_r1,8t4a_pr_sample_0.cif,0.19458
/mnt/data/admuser/msadepth/compreps/seedrep_cand/protenix/8t4a_PR/d1824/seed3_r1/results/8t4a_pr/seed_0/predictions/8t4a_pr_sample_1.cif,8t4a_PR,seed3_r1,8t4a_pr_sample_1.cif,0.1944
/mnt/data/admuser/msadepth/compreps/seedrep_cand/protenix/8t4a_PR/d1824/seed3_r1/results/8t4a_pr/seed_0/predictions/8t4a_pr_sample_2.cif,8t4a_PR,seed3_r1,8t4a_pr_sample_2.cif,0.19237
/mnt/data/admuser/msadepth/compreps/seedrep_cand/protenix/8t4a_PR/d1824/seed3_r1/results/8t4a_pr/seed_0/predictions/8t4a_pr_sample_3.cif,8t4a_PR,seed3_r1,8t4a_pr_sample_3.cif,0.19292
/mnt/data/admuser/msadepth/compreps/seedrep_cand/protenix/8t4a_PR/d1824/seed3_r1/results/8t4a_pr/seed_0/predictions/8t4a_pr_sample_4.cif,8t4a_PR,seed3_r1,8t4a_pr_sample_4.cif,0.18683
/mnt/data/admuser/msadepth/compreps/seedrep_cand/protenix/8t4a_PR/d1824/seed3_r2/results/8t4a_pr/seed_0/predictions/8t4a_pr_sample_0.cif,8t4a_PR,seed3_r2,8t4a_pr_sample_0.cif,0.20048
/mnt/data/admuser/msadepth/compreps/seedrep_cand/protenix/8t4a_PR/d1824/seed3_r2/results/8t4a_pr/seed_0/predictions/8t4a_pr_sample_1.cif,8t4a_PR,seed3_r2,8t4a_pr_sample_1.cif,0.19724
/mnt/data/admuser/msadepth/compreps/seedrep_cand/protenix/8t4a_PR/d1824/seed3_r2/results/8t4a_pr/seed_0/predictions/8t4a_pr_sample_2.cif,8t4a_PR,seed3_r2,8t4a_pr_sample_2.cif,0.19454
/mnt/data/admuser/msadepth/compreps/seedrep_cand/protenix/8t4a_PR/d1824/seed3_r2/results/8t4a_pr/seed_0/predictions/8t4a_pr_sample_3.cif,8t4a_PR,seed3_r2,8t4a_pr_sample_3.cif,0.1927
/mnt/data/admuser/msadepth/compreps/seedrep_cand/protenix/8t4a_PR/d1824/seed3_r2/results/8t4a_pr/seed_0/predictions/8t4a_pr_sample_4.cif,8t4a_PR,seed3_r2,8t4a_pr_sample_4.cif,0.18978
/mnt/data/admuser/msadepth/compreps/seedrep_cand/protenix/8t4a_PR/d1824/seed3_r3/results/8t4a_pr/seed_0/predictions/8t4a_pr_sample_0.cif,8t4a_PR,seed3_r3,8t4a_pr_sample_0.cif,0.19971
/mnt/data/admuser/msadepth/compreps/seedrep_cand/protenix/8t4a_PR/d1824/seed3_r3/results/8t4a_pr/seed_0/predictions/8t4a_pr_sample_1.cif,8t4a_PR,seed3_r3,8t4a_pr_sample_1.cif,0.19509
/mnt/data/admuser/msadepth/compreps/seedrep_cand/protenix/8t4a_PR/d1824/seed3_r3/results/8t4a_pr/seed_0/predictions/8t4a_pr_sample_2.cif,8t4a_PR,seed3_r3,8t4a_pr_sample_2.cif,0.1926
/mnt/data/admuser/msadepth/compreps/seedrep_cand/protenix/8t4a_PR/d1824/seed3_r3/results/8t4a_pr/seed_0/predictions/8t4a_pr_sample_3.cif,8t4a_PR,seed3_r3,8t4a_pr_sample_3.cif,0.18634
/mnt/data/admuser/msadepth/compreps/seedrep_cand/protenix/8t4a_PR/d1824/seed3_r3/results/8t4a_pr/seed_0/predictions/8t4a_pr_sample_4.cif,8t4a_PR,seed3_r3,8t4a_pr_sample_4.cif,0.18504
/mnt/data/admuser/msadepth/compreps/seedrep_cand/protenix/8t4a_PR/d1824/seed4_r0/results/8t4a_pr/seed_0/predictions/8t4a_pr_sample_0.cif,8t4a_PR,seed4_r0,8t4a_pr_sample_0.cif,0.33608
/mnt/data/admuser/msadepth/compreps/seedrep_cand/protenix/8t4a_PR/d1824/seed4_r0/results/8t4a_pr/seed_0/predictions/8t4a_pr_sample_1.cif,8t4a_PR,seed4_r0,8t4a_pr_sample_1.cif,0.33326
/mnt/data/admuser/msadepth/compreps/seedrep_cand/protenix/8t4a_PR/d1824/seed4_r0/results/8t4a_pr/seed_0/predictions/8t4a_pr_sample_2.cif,8t4a_PR,seed4_r0,8t4a_pr_sample_2.cif,0.33145
/mnt/data/admuser/msadepth/compreps/seedrep_cand/protenix/8t4a_PR/d1824/seed4_r0/results/8t4a_pr/seed_0/predictions/8t4a_pr_sample_3.cif,8t4a_PR,seed4_r0,8t4a_pr_sample_3.cif,0.33104
/mnt/data/admuser/msadepth/compreps/seedrep_cand/protenix/8t4a_PR/d1824/seed4_r0/results/8t4a_pr/seed_0/predictions/8t4a_pr_sample_4.cif,8t4a_PR,seed4_r0,8t4a_pr_sample_4.cif,0.32969
/mnt/data/admuser/msadepth/compreps/seedrep_cand/protenix/8t4a_PR/d1824/seed4_r1/results/8t4a_pr/seed_0/predictions/8t4a_pr_sample_0.cif,8t4a_PR,seed4_r1,8t4a_pr_sample_0.cif,0.2295
/mnt/data/admuser/msadepth/compreps/seedrep_cand/protenix/8t4a_PR/d1824/seed4_r1/results/8t4a_pr/seed_0/predictions/8t4a_pr_sample_1.cif,8t4a_PR,seed4_r1,8t4a_pr_sample_1.cif,0.22544
/mnt/data/admuser/msadepth/compreps/seedrep_cand/protenix/8t4a_PR/d1824/seed4_r1/results/8t4a_pr/seed_0/predictions/8t4a_pr_sample_2.cif,8t4a_PR,seed4_r1,8t4a_pr_sample_2.cif,0.22326
/mnt/data/admuser/msadepth/compreps/seedrep_cand/protenix/8t4a_PR/d1824/seed4_r1/results/8t4a_pr/seed_0/predictions/8t4a_pr_sample_3.cif,8t4a_PR,seed4_r1,8t4a_pr_sample_3.cif,0.21801
/mnt/data/admuser/msadepth/compreps/seedrep_cand/protenix/8t4a_PR/d1824/seed4_r1/results/8t4a_pr/seed_0/predictions/8t4a_pr_sample_4.cif,8t4a_PR,seed4_r1,8t4a_pr_sample_4.cif,0.21638
/mnt/data/admuser/msadepth/compreps/seedrep_cand/protenix/8t4a_PR/d1824/seed4_r2/results/8t4a_pr/seed_0/predictions/8t4a_pr_sample_0.cif,8t4a_PR,seed4_r2,8t4a_pr_sample_0.cif,0.19493
/mnt/data/admuser/msadepth/compreps/seedrep_cand/protenix/8t4a_PR/d1824/seed4_r2/results/8t4a_pr/seed_0/predictions/8t4a_pr_sample_1.cif,8t4a_PR,seed4_r2,8t4a_pr_sample_1.cif,0.19069
/mnt/data/admuser/msadepth/compreps/seedrep_cand/protenix/8t4a_PR/d1824/seed4_r2/results/8t4a_pr/seed_0/predictions/8t4a_pr_sample_2.cif,8t4a_PR,seed4_r2,8t4a_pr_sample_2.cif,0.18634
/mnt/data/admuser/msadepth/compreps/seedrep_cand/protenix/8t4a_PR/d1824/seed4_r2/results/8t4a_pr/seed_0/predictions/8t4a_pr_sample_3.cif,8t4a_PR,seed4_r2,8t4a_pr_sample_3.cif,0.18111
/mnt/data/admuser/msadepth/compreps/seedrep_cand/protenix/8t4a_PR/d1824/seed4_r2/results/8t4a_pr/seed_0/predictions/8t4a_pr_sample_4.cif,8t4a_PR,seed4_r2,8t4a_pr_sample_4.cif,0.17034
/mnt/data/admuser/msadepth/compreps/seedrep_cand/protenix/8t4a_PR/d1824/seed4_r3/results/8t4a_pr/seed_0/predictions/8t4a_pr_sample_0.cif,8t4a_PR,seed4_r3,8t4a_pr_sample_0.cif,0.2861
/mnt/data/admuser/msadepth/compreps/seedrep_cand/protenix/8t4a_PR/d1824/seed4_r3/results/8t4a_pr/seed_0/predictions/8t4a_pr_sample_1.cif,8t4a_PR,seed4_r3,8t4a_pr_sample_1.cif,0.28223
/mnt/data/admuser/msadepth/compreps/seedrep_cand/protenix/8t4a_PR/d1824/seed4_r3/results/8t4a_pr/seed_0/predictions/8t4a_pr_sample_2.cif,8t4a_PR,seed4_r3,8t4a_pr_sample_2.cif,0.27832
/mnt/data/admuser/msadepth/compreps/seedrep_cand/protenix/8t4a_PR/d1824/seed4_r3/results/8t4a_pr/seed_0/predictions/8t4a_pr_sample_3.cif,8t4a_PR,seed4_r3,8t4a_pr_sample_3.cif,0.27943
/mnt/data/admuser/msadepth/compreps/seedrep_cand/protenix/8t4a_PR/d1824/seed4_r3/results/8t4a_pr/seed_0/predictions/8t4a_pr_sample_4.cif,8t4a_PR,seed4_r3,8t4a_pr_sample_4.cif,0.24126
/mnt/data/admuser/msadepth/compreps/seedrep_cand/protenix/8t4a_PR/d1824/seed5_r0/results/8t4a_pr/seed_0/predictions/8t4a_pr_sample_0.cif,8t4a_PR,seed5_r0,8t4a_pr_sample_0.cif,0.1953
/mnt/data/admuser/msadepth/compreps/seedrep_cand/protenix/8t4a_PR/d1824/seed5_r0/results/8t4a_pr/seed_0/predictions/8t4a_pr_sample_1.cif,8t4a_PR,seed5_r0,8t4a_pr_sample_1.cif,0.18688
/mnt/data/admuser/msadepth/compreps/seedrep_cand/protenix/8t4a_PR/d1824/seed5_r0/results/8t4a_pr/seed_0/predictions/8t4a_pr_sample_2.cif,8t4a_PR,seed5_r0,8t4a_pr_sample_2.cif,0.18564
/mnt/data/admuser/msadepth/compreps/seedrep_cand/protenix/8t4a_PR/d1824/seed5_r0/results/8t4a_pr/seed_0/predictions/8t4a_pr_sample_3.cif,8t4a_PR,seed5_r0,8t4a_pr_sample_3.cif,0.17275
/mnt/data/admuser/msadepth/compreps/seedrep_cand/protenix/8t4a_PR/d1824/seed5_r0/results/8t4a_pr/seed_0/predictions/8t4a_pr_sample_4.cif,8t4a_PR,seed5_r0,8t4a_pr_sample_4.cif,0.17103
/mnt/data/admuser/msadepth/compreps/seedrep_cand/protenix/8t4a_PR/d1824/seed5_r1/results/8t4a_pr/seed_0/predictions/8t4a_pr_sample_0.cif,8t4a_PR,seed5_r1,8t4a_pr_sample_0.cif,0.21004
/mnt/data/admuser/msadepth/compreps/seedrep_cand/protenix/8t4a_PR/d1824/seed5_r1/results/8t4a_pr/seed_0/predictions/8t4a_pr_sample_1.cif,8t4a_PR,seed5_r1,8t4a_pr_sample_1.cif,0.20706
/mnt/data/admuser/msadepth/compreps/seedrep_cand/protenix/8t4a_PR/d1824/seed5_r1/results/8t4a_pr/seed_0/predictions/8t4a_pr_sample_2.cif,8t4a_PR,seed5_r1,8t4a_pr_sample_2.cif,0.20657
/mnt/data/admuser/msadepth/compreps/seedrep_cand/protenix/8t4a_PR/d1824/seed5_r1/results/8t4a_pr/seed_0/predictions/8t4a_pr_sample_3.cif,8t4a_PR,seed5_r1,8t4a_pr_sample_3.cif,0.20233
/mnt/data/admuser/msadepth/compreps/seedrep_cand/protenix/8t4a_PR/d1824/seed5_r1/results/8t4a_pr/seed_0/predictions/8t4a_pr_sample_4.cif,8t4a_PR,seed5_r1,8t4a_pr_sample_4.cif,0.19127
/mnt/data/admuser/msadepth/compreps/seedrep_cand/protenix/8t4a_PR/d1824/seed5_r2/results/8t4a_pr/seed_0/predictions/8t4a_pr_sample_0.cif,8t4a_PR,seed5_r2,8t4a_pr_sample_0.cif,0.1831
/mnt/data/admuser/msadepth/compreps/seedrep_cand/protenix/8t4a_PR/d1824/seed5_r2/results/8t4a_pr/seed_0/predictions/8t4a_pr_sample_1.cif,8t4a_PR,seed5_r2,8t4a_pr_sample_1.cif,0.1806
/mnt/data/admuser/msadepth/compreps/seedrep_cand/protenix/8t4a_PR/d1824/seed5_r2/results/8t4a_pr/seed_0/predictions/8t4a_pr_sample_2.cif,8t4a_PR,seed5_r2,8t4a_pr_sample_2.cif,0.18046
/mnt/data/admuser/msadepth/compreps/seedrep_cand/protenix/8t4a_PR/d1824/seed5_r2/results/8t4a_pr/seed_0/predictions/8t4a_pr_sample_3.cif,8t4a_PR,seed5_r2,8t4a_pr_sample_3.cif,0.17873
/mnt/data/admuser/msadepth/compreps/seedrep_cand/protenix/8t4a_PR/d1824/seed5_r2/results/8t4a_pr/seed_0/predictions/8t4a_pr_sample_4.cif,8t4a_PR,seed5_r2,8t4a_pr_sample_4.cif,0.16496
/mnt/data/admuser/msadepth/compreps/seedrep_cand/protenix/8t4a_PR/d1824/seed5_r3/results/8t4a_pr/seed_0/predictions/8t4a_pr_sample_0.cif,8t4a_PR,seed5_r3,8t4a_pr_sample_0.cif,0.19561
/mnt/data/admuser/msadepth/compreps/seedrep_cand/protenix/8t4a_PR/d1824/seed5_r3/results/8t4a_pr/seed_0/predictions/8t4a_pr_sample_1.cif,8t4a_PR,seed5_r3,8t4a_pr_sample_1.cif,0.19516
/mnt/data/admuser/msadepth/compreps/seedrep_cand/protenix/8t4a_PR/d1824/seed5_r3/results/8t4a_pr/seed_0/predictions/8t4a_pr_sample_2.cif,8t4a_PR,seed5_r3,8t4a_pr_sample_2.cif,0.19519
/mnt/data/admuser/msadepth/compreps/seedrep_cand/protenix/8t4a_PR/d1824/seed5_r3/results/8t4a_pr/seed_0/predictions/8t4a_pr_sample_3.cif,8t4a_PR,seed5_r3,8t4a_pr_sample_3.cif,0.19286
/mnt/data/admuser/msadepth/compreps/seedrep_cand/protenix/8t4a_PR/d1824/seed5_r3/results/8t4a_pr/seed_0/predictions/8t4a_pr_sample_4.cif,8t4a_PR,seed5_r3,8t4a_pr_sample_4.cif,0.18138
/mnt/data/admuser/msadepth/compreps/seedrep_cand/protenix/8t4a_PR/d1824/seedfull_r0/results/8t4a_pr/seed_0/predictions/8t4a_pr_sample_0.cif,8t4a_PR,seedfull_r0,8t4a_pr_sample_0.cif,0.22862
/mnt/data/admuser/msadepth/compreps/seedrep_cand/protenix/8t4a_PR/d1824/seedfull_r0/results/8t4a_pr/seed_0/predictions/8t4a_pr_sample_1.cif,8t4a_PR,seedfull_r0,8t4a_pr_sample_1.cif,0.22518
/mnt/data/admuser/msadepth/compreps/seedrep_cand/protenix/8t4a_PR/d1824/seedfull_r0/results/8t4a_pr/seed_0/predictions/8t4a_pr_sample_2.cif,8t4a_PR,seedfull_r0,8t4a_pr_sample_2.cif,0.21951
/mnt/data/admuser/msadepth/compreps/seedrep_cand/protenix/8t4a_PR/d1824/seedfull_r0/results/8t4a_pr/seed_0/predictions/8t4a_pr_sample_3.cif,8t4a_PR,seedfull_r0,8t4a_pr_sample_3.cif,0.20505
/mnt/data/admuser/msadepth/compreps/seedrep_cand/protenix/8t4a_PR/d1824/seedfull_r0/results/8t4a_pr/seed_0/predictions/8t4a_pr_sample_4.cif,8t4a_PR,seedfull_r0,8t4a_pr_sample_4.cif,0.20123
/mnt/data/admuser/msadepth/compreps/seedrep_cand/protenix/8t4a_PR/d1824/seedfull_r1/results/8t4a_pr/seed_0/predictions/8t4a_pr_sample_0.cif,8t4a_PR,seedfull_r1,8t4a_pr_sample_0.cif,0.36795
/mnt/data/admuser/msadepth/compreps/seedrep_cand/protenix/8t4a_PR/d1824/seedfull_r1/results/8t4a_pr/seed_0/predictions/8t4a_pr_sample_1.cif,8t4a_PR,seedfull_r1,8t4a_pr_sample_1.cif,0.35715
/mnt/data/admuser/msadepth/compreps/seedrep_cand/protenix/8t4a_PR/d1824/seedfull_r1/results/8t4a_pr/seed_0/predictions/8t4a_pr_sample_2.cif,8t4a_PR,seedfull_r1,8t4a_pr_sample_2.cif,0.34484
/mnt/data/admuser/msadepth/compreps/seedrep_cand/protenix/8t4a_PR/d1824/seedfull_r1/results/8t4a_pr/seed_0/predictions/8t4a_pr_sample_3.cif,8t4a_PR,seedfull_r1,8t4a_pr_sample_3.cif,0.33025
/mnt/data/admuser/msadepth/compreps/seedrep_cand/protenix/8t4a_PR/d1824/seedfull_r1/results/8t4a_pr/seed_0/predictions/8t4a_pr_sample_4.cif,8t4a_PR,seedfull_r1,8t4a_pr_sample_4.cif,0.31328
/mnt/data/admuser/msadepth/compreps/seedrep_cand/protenix/8t4a_PR/d1824/seedfull_r2/results/8t4a_pr/seed_0/predictions/8t4a_pr_sample_0.cif,8t4a_PR,seedfull_r2,8t4a_pr_sample_0.cif,0.21947
/mnt/data/admuser/msadepth/compreps/seedrep_cand/protenix/8t4a_PR/d1824/seedfull_r2/results/8t4a_pr/seed_0/predictions/8t4a_pr_sample_1.cif,8t4a_PR,seedfull_r2,8t4a_pr_sample_1.cif,0.21309
/mnt/data/admuser/msadepth/compreps/seedrep_cand/protenix/8t4a_PR/d1824/seedfull_r2/results/8t4a_pr/seed_0/predictions/8t4a_pr_sample_2.cif,8t4a_PR,seedfull_r2,8t4a_pr_sample_2.cif,0.20442
/mnt/data/admuser/msadepth/compreps/seedrep_cand/protenix/8t4a_PR/d1824/seedfull_r2/results/8t4a_pr/seed_0/predictions/8t4a_pr_sample_3.cif,8t4a_PR,seedfull_r2,8t4a_pr_sample_3.cif,0.20359
/mnt/data/admuser/msadepth/compreps/seedrep_cand/protenix/8t4a_PR/d1824/seedfull_r2/results/8t4a_pr/seed_0/predictions/8t4a_pr_sample_4.cif,8t4a_PR,seedfull_r2,8t4a_pr_sample_4.cif,0.19647
/mnt/data/admuser/msadepth/compreps/seedrep_cand/protenix/8t4a_PR/d1824/seedfull_r3/results/8t4a_pr/seed_0/predictions/8t4a_pr_sample_0.cif,8t4a_PR,seedfull_r3,8t4a_pr_sample_0.cif,0.21708
/mnt/data/admuser/msadepth/compreps/seedrep_cand/protenix/8t4a_PR/d1824/seedfull_r3/results/8t4a_pr/seed_0/predictions/8t4a_pr_sample_1.cif,8t4a_PR,seedfull_r3,8t4a_pr_sample_1.cif,0.21537
/mnt/data/admuser/msadepth/compreps/seedrep_cand/protenix/8t4a_PR/d1824/seedfull_r3/results/8t4a_pr/seed_0/predictions/8t4a_pr_sample_2.cif,8t4a_PR,seedfull_r3,8t4a_pr_sample_2.cif,0.21433
/mnt/data/admuser/msadepth/compreps/seedrep_cand/protenix/8t4a_PR/d1824/seedfull_r3/results/8t4a_pr/seed_0/predictions/8t4a_pr_sample_3.cif,8t4a_PR,seedfull_r3,8t4a_pr_sample_3.cif,0.2116
/mnt/data/admuser/msadepth/compreps/seedrep_cand/protenix/8t4a_PR/d1824/seedfull_r3/results/8t4a_pr/seed_0/predictions/8t4a_pr_sample_4.cif,8t4a_PR,seedfull_r3,8t4a_pr_sample_4.cif,0.19925
/mnt/data/admuser/msadepth/compreps/seedrep_cand/protenix/8t4a_PR/d1824/seedfull_r4/results/8t4a_pr/seed_0/predictions/8t4a_pr_sample_0.cif,8t4a_PR,seedfull_r4,8t4a_pr_sample_0.cif,0.22505
/mnt/data/admuser/msadepth/compreps/seedrep_cand/protenix/8t4a_PR/d1824/seedfull_r4/results/8t4a_pr/seed_0/predictions/8t4a_pr_sample_1.cif,8t4a_PR,seedfull_r4,8t4a_pr_sample_1.cif,0.22004
/mnt/data/admuser/msadepth/compreps/seedrep_cand/protenix/8t4a_PR/d1824/seedfull_r4/results/8t4a_pr/seed_0/predictions/8t4a_pr_sample_2.cif,8t4a_PR,seedfull_r4,8t4a_pr_sample_2.cif,0.21583
/mnt/data/admuser/msadepth/compreps/seedrep_cand/protenix/8t4a_PR/d1824/seedfull_r4/results/8t4a_pr/seed_0/predictions/8t4a_pr_sample_3.cif,8t4a_PR,seedfull_r4,8t4a_pr_sample_3.cif,0.21362
/mnt/data/admuser/msadepth/compreps/seedrep_cand/protenix/8t4a_PR/d1824/seedfull_r4/results/8t4a_pr/seed_0/predictions/8t4a_pr_sample_4.cif,8t4a_PR,seedfull_r4,8t4a_pr_sample_4.cif,0.20762
/mnt/data/admuser/msadepth/compreps/seedrep_cand/protenix/8t4a_PR/d1824/seedfull_r5/results/8t4a_pr/seed_0/predictions/8t4a_pr_sample_0.cif,8t4a_PR,seedfull_r5,8t4a_pr_sample_0.cif,0.22808
/mnt/data/admuser/msadepth/compreps/seedrep_cand/protenix/8t4a_PR/d1824/seedfull_r5/results/8t4a_pr/seed_0/predictions/8t4a_pr_sample_1.cif,8t4a_PR,seedfull_r5,8t4a_pr_sample_1.cif,0.22131
/mnt/data/admuser/msadepth/compreps/seedrep_cand/protenix/8t4a_PR/d1824/seedfull_r5/results/8t4a_pr/seed_0/predictions/8t4a_pr_sample_2.cif,8t4a_PR,seedfull_r5,8t4a_pr_sample_2.cif,0.21788
/mnt/data/admuser/msadepth/compreps/seedrep_cand/protenix/8t4a_PR/d1824/seedfull_r5/results/8t4a_pr/seed_0/predictions/8t4a_pr_sample_3.cif,8t4a_PR,seedfull_r5,8t4a_pr_sample_3.cif,0.2164
/mnt/data/admuser/msadepth/compreps/seedrep_cand/protenix/8t4a_PR/d1824/seedfull_r5/results/8t4a_pr/seed_0/predictions/8t4a_pr_sample_4.cif,8t4a_PR,seedfull_r5,8t4a_pr_sample_4.cif,0.19902
/mnt/data/admuser/msadepth/compreps/seedrep_cand/protenix/8t4a_PR/d1824/seedfull_r6/results/8t4a_pr/seed_0/predictions/8t4a_pr_sample_0.cif,8t4a_PR,seedfull_r6,8t4a_pr_sample_0.cif,0.22812
/mnt/data/admuser/msadepth/compreps/seedrep_cand/protenix/8t4a_PR/d1824/seedfull_r6/results/8t4a_pr/seed_0/predictions/8t4a_pr_sample_1.cif,8t4a_PR,seedfull_r6,8t4a_pr_sample_1.cif,0.22454
/mnt/data/admuser/msadepth/compreps/seedrep_cand/protenix/8t4a_PR/d1824/seedfull_r6/results/8t4a_pr/seed_0/predictions/8t4a_pr_sample_2.cif,8t4a_PR,seedfull_r6,8t4a_pr_sample_2.cif,0.2211
/mnt/data/admuser/msadepth/compreps/seedrep_cand/protenix/8t4a_PR/d1824/seedfull_r6/results/8t4a_pr/seed_0/predictions/8t4a_pr_sample_3.cif,8t4a_PR,seedfull_r6,8t4a_pr_sample_3.cif,0.21813
/mnt/data/admuser/msadepth/compreps/seedrep_cand/protenix/8t4a_PR/d1824/seedfull_r6/results/8t4a_pr/seed_0/predictions/8t4a_pr_sample_4.cif,8t4a_PR,seedfull_r6,8t4a_pr_sample_4.cif,0.20938
/mnt/data/admuser/msadepth/compreps/seedrep_cand/protenix/8t4a_PR/d1824/seedfull_r7/results/8t4a_pr/seed_0/predictions/8t4a_pr_sample_0.cif,8t4a_PR,seedfull_r7,8t4a_pr_sample_0.cif,0.22906
/mnt/data/admuser/msadepth/compreps/seedrep_cand/protenix/8t4a_PR/d1824/seedfull_r7/results/8t4a_pr/seed_0/predictions/8t4a_pr_sample_1.cif,8t4a_PR,seedfull_r7,8t4a_pr_sample_1.cif,0.22721
/mnt/data/admuser/msadepth/compreps/seedrep_cand/protenix/8t4a_PR/d1824/seedfull_r7/results/8t4a_pr/seed_0/predictions/8t4a_pr_sample_2.cif,8t4a_PR,seedfull_r7,8t4a_pr_sample_2.cif,0.22562
/mnt/data/admuser/msadepth/compreps/seedrep_cand/protenix/8t4a_PR/d1824/seedfull_r7/results/8t4a_pr/seed_0/predictions/8t4a_pr_sample_3.cif,8t4a_PR,seedfull_r7,8t4a_pr_sample_3.cif,0.22316
/mnt/data/admuser/msadepth/compreps/seedrep_cand/protenix/8t4a_PR/d1824/seedfull_r7/results/8t4a_pr/seed_0/predictions/8t4a_pr_sample_4.cif,8t4a_PR,seedfull_r7,8t4a_pr_sample_4.cif,0.20424
/mnt/data/admuser/msadepth/compreps/seedrep_cand/protenix/8t4d_OQ/d150/seed0_r0/results/8t4d_oq/seed_0/predictions/8t4d_oq_sample_0.cif,8t4d_OQ,seed0_r0,8t4d_oq_sample_0.cif,0.21344
/mnt/data/admuser/msadepth/compreps/seedrep_cand/protenix/8t4d_OQ/d150/seed0_r0/results/8t4d_oq/seed_0/predictions/8t4d_oq_sample_1.cif,8t4d_OQ,seed0_r0,8t4d_oq_sample_1.cif,0.21274
/mnt/data/admuser/msadepth/compreps/seedrep_cand/protenix/8t4d_OQ/d150/seed0_r0/results/8t4d_oq/seed_0/predictions/8t4d_oq_sample_2.cif,8t4d_OQ,seed0_r0,8t4d_oq_sample_2.cif,0.20932
/mnt/data/admuser/msadepth/compreps/seedrep_cand/protenix/8t4d_OQ/d150/seed0_r0/results/8t4d_oq/seed_0/predictions/8t4d_oq_sample_3.cif,8t4d_OQ,seed0_r0,8t4d_oq_sample_3.cif,0.20871
/mnt/data/admuser/msadepth/compreps/seedrep_cand/protenix/8t4d_OQ/d150/seed0_r0/results/8t4d_oq/seed_0/predictions/8t4d_oq_sample_4.cif,8t4d_OQ,seed0_r0,8t4d_oq_sample_4.cif,0.19785
/mnt/data/admuser/msadepth/compreps/seedrep_cand/protenix/8t4d_OQ/d150/seed0_r1/results/8t4d_oq/seed_0/predictions/8t4d_oq_sample_0.cif,8t4d_OQ,seed0_r1,8t4d_oq_sample_0.cif,0.22119
/mnt/data/admuser/msadepth/compreps/seedrep_cand/protenix/8t4d_OQ/d150/seed0_r1/results/8t4d_oq/seed_0/predictions/8t4d_oq_sample_1.cif,8t4d_OQ,seed0_r1,8t4d_oq_sample_1.cif,0.20948
/mnt/data/admuser/msadepth/compreps/seedrep_cand/protenix/8t4d_OQ/d150/seed0_r1/results/8t4d_oq/seed_0/predictions/8t4d_oq_sample_2.cif,8t4d_OQ,seed0_r1,8t4d_oq_sample_2.cif,0.20934
/mnt/data/admuser/msadepth/compreps/seedrep_cand/protenix/8t4d_OQ/d150/seed0_r1/results/8t4d_oq/seed_0/predictions/8t4d_oq_sample_3.cif,8t4d_OQ,seed0_r1,8t4d_oq_sample_3.cif,0.20726
/mnt/data/admuser/msadepth/compreps/seedrep_cand/protenix/8t4d_OQ/d150/seed0_r1/results/8t4d_oq/seed_0/predictions/8t4d_oq_sample_4.cif,8t4d_OQ,seed0_r1,8t4d_oq_sample_4.cif,0.204
/mnt/data/admuser/msadepth/compreps/seedrep_cand/protenix/8t4d_OQ/d150/seed0_r2/results/8t4d_oq/seed_0/predictions/8t4d_oq_sample_0.cif,8t4d_OQ,seed0_r2,8t4d_oq_sample_0.cif,0.21758
/mnt/data/admuser/msadepth/compreps/seedrep_cand/protenix/8t4d_OQ/d150/seed0_r2/results/8t4d_oq/seed_0/predictions/8t4d_oq_sample_1.cif,8t4d_OQ,seed0_r2,8t4d_oq_sample_1.cif,0.21654
/mnt/data/admuser/msadepth/compreps/seedrep_cand/protenix/8t4d_OQ/d150/seed0_r2/results/8t4d_oq/seed_0/predictions/8t4d_oq_sample_2.cif,8t4d_OQ,seed0_r2,8t4d_oq_sample_2.cif,0.21484
/mnt/data/admuser/msadepth/compreps/seedrep_cand/protenix/8t4d_OQ/d150/seed0_r2/results/8t4d_oq/seed_0/predictions/8t4d_oq_sample_3.cif,8t4d_OQ,seed0_r2,8t4d_oq_sample_3.cif,0.1949
/mnt/data/admuser/msadepth/compreps/seedrep_cand/protenix/8t4d_OQ/d150/seed0_r2/results/8t4d_oq/seed_0/predictions/8t4d_oq_sample_4.cif,8t4d_OQ,seed0_r2,8t4d_oq_sample_4.cif,0.19173
/mnt/data/admuser/msadepth/compreps/seedrep_cand/protenix/8t4d_OQ/d150/seed0_r3/results/8t4d_oq/seed_0/predictions/8t4d_oq_sample_0.cif,8t4d_OQ,seed0_r3,8t4d_oq_sample_0.cif,0.25309
/mnt/data/admuser/msadepth/compreps/seedrep_cand/protenix/8t4d_OQ/d150/seed0_r3/results/8t4d_oq/seed_0/predictions/8t4d_oq_sample_1.cif,8t4d_OQ,seed0_r3,8t4d_oq_sample_1.cif,0.25016
/mnt/data/admuser/msadepth/compreps/seedrep_cand/protenix/8t4d_OQ/d150/seed0_r3/results/8t4d_oq/seed_0/predictions/8t4d_oq_sample_2.cif,8t4d_OQ,seed0_r3,8t4d_oq_sample_2.cif,0.2498
/mnt/data/admuser/msadepth/compreps/seedrep_cand/protenix/8t4d_OQ/d150/seed0_r3/results/8t4d_oq/seed_0/predictions/8t4d_oq_sample_3.cif,8t4d_OQ,seed0_r3,8t4d_oq_sample_3.cif,0.24909
/mnt/data/admuser/msadepth/compreps/seedrep_cand/protenix/8t4d_OQ/d150/seed0_r3/results/8t4d_oq/seed_0/predictions/8t4d_oq_sample_4.cif,8t4d_OQ,seed0_r3,8t4d_oq_sample_4.cif,0.24007
/mnt/data/admuser/msadepth/compreps/seedrep_cand/protenix/8t4d_OQ/d150/seed1_r0/results/8t4d_oq/seed_0/predictions/8t4d_oq_sample_0.cif,8t4d_OQ,seed1_r0,8t4d_oq_sample_0.cif,0.20974
/mnt/data/admuser/msadepth/compreps/seedrep_cand/protenix/8t4d_OQ/d150/seed1_r0/results/8t4d_oq/seed_0/predictions/8t4d_oq_sample_1.cif,8t4d_OQ,seed1_r0,8t4d_oq_sample_1.cif,0.1994
/mnt/data/admuser/msadepth/compreps/seedrep_cand/protenix/8t4d_OQ/d150/seed1_r0/results/8t4d_oq/seed_0/predictions/8t4d_oq_sample_2.cif,8t4d_OQ,seed1_r0,8t4d_oq_sample_2.cif,0.19746
/mnt/data/admuser/msadepth/compreps/seedrep_cand/protenix/8t4d_OQ/d150/seed1_r0/results/8t4d_oq/seed_0/predictions/8t4d_oq_sample_3.cif,8t4d_OQ,seed1_r0,8t4d_oq_sample_3.cif,0.19758
/mnt/data/admuser/msadepth/compreps/seedrep_cand/protenix/8t4d_OQ/d150/seed1_r0/results/8t4d_oq/seed_0/predictions/8t4d_oq_sample_4.cif,8t4d_OQ,seed1_r0,8t4d_oq_sample_4.cif,0.18051
/mnt/data/admuser/msadepth/compreps/seedrep_cand/protenix/8t4d_OQ/d150/seed1_r1/results/8t4d_oq/seed_0/predictions/8t4d_oq_sample_0.cif,8t4d_OQ,seed1_r1,8t4d_oq_sample_0.cif,0.19811
/mnt/data/admuser/msadepth/compreps/seedrep_cand/protenix/8t4d_OQ/d150/seed1_r1/results/8t4d_oq/seed_0/predictions/8t4d_oq_sample_1.cif,8t4d_OQ,seed1_r1,8t4d_oq_sample_1.cif,0.19607
/mnt/data/admuser/msadepth/compreps/seedrep_cand/protenix/8t4d_OQ/d150/seed1_r1/results/8t4d_oq/seed_0/predictions/8t4d_oq_sample_2.cif,8t4d_OQ,seed1_r1,8t4d_oq_sample_2.cif,0.18687
/mnt/data/admuser/msadepth/compreps/seedrep_cand/protenix/8t4d_OQ/d150/seed1_r1/results/8t4d_oq/seed_0/predictions/8t4d_oq_sample_3.cif,8t4d_OQ,seed1_r1,8t4d_oq_sample_3.cif,0.18434
/mnt/data/admuser/msadepth/compreps/seedrep_cand/protenix/8t4d_OQ/d150/seed1_r1/results/8t4d_oq/seed_0/predictions/8t4d_oq_sample_4.cif,8t4d_OQ,seed1_r1,8t4d_oq_sample_4.cif,0.166
/mnt/data/admuser/msadepth/compreps/seedrep_cand/protenix/8t4d_OQ/d150/seed1_r2/results/8t4d_oq/seed_0/predictions/8t4d_oq_sample_0.cif,8t4d_OQ,seed1_r2,8t4d_oq_sample_0.cif,0.19459
/mnt/data/admuser/msadepth/compreps/seedrep_cand/protenix/8t4d_OQ/d150/seed1_r2/results/8t4d_oq/seed_0/predictions/8t4d_oq_sample_1.cif,8t4d_OQ,seed1_r2,8t4d_oq_sample_1.cif,0.19391
/mnt/data/admuser/msadepth/compreps/seedrep_cand/protenix/8t4d_OQ/d150/seed1_r2/results/8t4d_oq/seed_0/predictions/8t4d_oq_sample_2.cif,8t4d_OQ,seed1_r2,8t4d_oq_sample_2.cif,0.18044
/mnt/data/admuser/msadepth/compreps/seedrep_cand/protenix/8t4d_OQ/d150/seed1_r2/results/8t4d_oq/seed_0/predictions/8t4d_oq_sample_3.cif,8t4d_OQ,seed1_r2,8t4d_oq_sample_3.cif,0.1777
/mnt/data/admuser/msadepth/compreps/seedrep_cand/protenix/8t4d_OQ/d150/seed1_r2/results/8t4d_oq/seed_0/predictions/8t4d_oq_sample_4.cif,8t4d_OQ,seed1_r2,8t4d_oq_sample_4.cif,0.16248
/mnt/data/admuser/msadepth/compreps/seedrep_cand/protenix/8t4d_OQ/d150/seed1_r3/results/8t4d_oq/seed_0/predictions/8t4d_oq_sample_0.cif,8t4d_OQ,seed1_r3,8t4d_oq_sample_0.cif,0.20593
/mnt/data/admuser/msadepth/compreps/seedrep_cand/protenix/8t4d_OQ/d150/seed1_r3/results/8t4d_oq/seed_0/predictions/8t4d_oq_sample_1.cif,8t4d_OQ,seed1_r3,8t4d_oq_sample_1.cif,0.1955
/mnt/data/admuser/msadepth/compreps/seedrep_cand/protenix/8t4d_OQ/d150/seed1_r3/results/8t4d_oq/seed_0/predictions/8t4d_oq_sample_2.cif,8t4d_OQ,seed1_r3,8t4d_oq_sample_2.cif,0.19268
/mnt/data/admuser/msadepth/compreps/seedrep_cand/protenix/8t4d_OQ/d150/seed1_r3/results/8t4d_oq/seed_0/predictions/8t4d_oq_sample_3.cif,8t4d_OQ,seed1_r3,8t4d_oq_sample_3.cif,0.18567
/mnt/data/admuser/msadepth/compreps/seedrep_cand/protenix/8t4d_OQ/d150/seed1_r3/results/8t4d_oq/seed_0/predictions/8t4d_oq_sample_4.cif,8t4d_OQ,seed1_r3,8t4d_oq_sample_4.cif,0.17589
/mnt/data/admuser/msadepth/compreps/seedrep_cand/protenix/8t4d_OQ/d150/seed2_r0/results/8t4d_oq/seed_0/predictions/8t4d_oq_sample_0.cif,8t4d_OQ,seed2_r0,8t4d_oq_sample_0.cif,0.35646
/mnt/data/admuser/msadepth/compreps/seedrep_cand/protenix/8t4d_OQ/d150/seed2_r0/results/8t4d_oq/seed_0/predictions/8t4d_oq_sample_1.cif,8t4d_OQ,seed2_r0,8t4d_oq_sample_1.cif,0.35351
/mnt/data/admuser/msadepth/compreps/seedrep_cand/protenix/8t4d_OQ/d150/seed2_r0/results/8t4d_oq/seed_0/predictions/8t4d_oq_sample_2.cif,8t4d_OQ,seed2_r0,8t4d_oq_sample_2.cif,0.34926
/mnt/data/admuser/msadepth/compreps/seedrep_cand/protenix/8t4d_OQ/d150/seed2_r0/results/8t4d_oq/seed_0/predictions/8t4d_oq_sample_3.cif,8t4d_OQ,seed2_r0,8t4d_oq_sample_3.cif,0.34419
/mnt/data/admuser/msadepth/compreps/seedrep_cand/protenix/8t4d_OQ/d150/seed2_r0/results/8t4d_oq/seed_0/predictions/8t4d_oq_sample_4.cif,8t4d_OQ,seed2_r0,8t4d_oq_sample_4.cif,0.33487
/mnt/data/admuser/msadepth/compreps/seedrep_cand/protenix/8t4d_OQ/d150/seed2_r1/results/8t4d_oq/seed_0/predictions/8t4d_oq_sample_0.cif,8t4d_OQ,seed2_r1,8t4d_oq_sample_0.cif,0.24288
/mnt/data/admuser/msadepth/compreps/seedrep_cand/protenix/8t4d_OQ/d150/seed2_r1/results/8t4d_oq/seed_0/predictions/8t4d_oq_sample_1.cif,8t4d_OQ,seed2_r1,8t4d_oq_sample_1.cif,0.24354
/mnt/data/admuser/msadepth/compreps/seedrep_cand/protenix/8t4d_OQ/d150/seed2_r1/results/8t4d_oq/seed_0/predictions/8t4d_oq_sample_2.cif,8t4d_OQ,seed2_r1,8t4d_oq_sample_2.cif,0.24224
/mnt/data/admuser/msadepth/compreps/seedrep_cand/protenix/8t4d_OQ/d150/seed2_r1/results/8t4d_oq/seed_0/predictions/8t4d_oq_sample_3.cif,8t4d_OQ,seed2_r1,8t4d_oq_sample_3.cif,0.22886
/mnt/data/admuser/msadepth/compreps/seedrep_cand/protenix/8t4d_OQ/d150/seed2_r1/results/8t4d_oq/seed_0/predictions/8t4d_oq_sample_4.cif,8t4d_OQ,seed2_r1,8t4d_oq_sample_4.cif,0.2072
/mnt/data/admuser/msadepth/compreps/seedrep_cand/protenix/8t4d_OQ/d150/seed2_r2/results/8t4d_oq/seed_0/predictions/8t4d_oq_sample_0.cif,8t4d_OQ,seed2_r2,8t4d_oq_sample_0.cif,0.20884
/mnt/data/admuser/msadepth/compreps/seedrep_cand/protenix/8t4d_OQ/d150/seed2_r2/results/8t4d_oq/seed_0/predictions/8t4d_oq_sample_1.cif,8t4d_OQ,seed2_r2,8t4d_oq_sample_1.cif,0.20078
/mnt/data/admuser/msadepth/compreps/seedrep_cand/protenix/8t4d_OQ/d150/seed2_r2/results/8t4d_oq/seed_0/predictions/8t4d_oq_sample_2.cif,8t4d_OQ,seed2_r2,8t4d_oq_sample_2.cif,0.19893
/mnt/data/admuser/msadepth/compreps/seedrep_cand/protenix/8t4d_OQ/d150/seed2_r2/results/8t4d_oq/seed_0/predictions/8t4d_oq_sample_3.cif,8t4d_OQ,seed2_r2,8t4d_oq_sample_3.cif,0.19651
/mnt/data/admuser/msadepth/compreps/seedrep_cand/protenix/8t4d_OQ/d150/seed2_r2/results/8t4d_oq/seed_0/predictions/8t4d_oq_sample_4.cif,8t4d_OQ,seed2_r2,8t4d_oq_sample_4.cif,0.19516
/mnt/data/admuser/msadepth/compreps/seedrep_cand/protenix/8t4d_OQ/d150/seed2_r3/results/8t4d_oq/seed_0/predictions/8t4d_oq_sample_0.cif,8t4d_OQ,seed2_r3,8t4d_oq_sample_0.cif,0.218
/mnt/data/admuser/msadepth/compreps/seedrep_cand/protenix/8t4d_OQ/d150/seed2_r3/results/8t4d_oq/seed_0/predictions/8t4d_oq_sample_1.cif,8t4d_OQ,seed2_r3,8t4d_oq_sample_1.cif,0.21531
/mnt/data/admuser/msadepth/compreps/seedrep_cand/protenix/8t4d_OQ/d150/seed2_r3/results/8t4d_oq/seed_0/predictions/8t4d_oq_sample_2.cif,8t4d_OQ,seed2_r3,8t4d_oq_sample_2.cif,0.2004
/mnt/data/admuser/msadepth/compreps/seedrep_cand/protenix/8t4d_OQ/d150/seed2_r3/results/8t4d_oq/seed_0/predictions/8t4d_oq_sample_3.cif,8t4d_OQ,seed2_r3,8t4d_oq_sample_3.cif,0.19664
/mnt/data/admuser/msadepth/compreps/seedrep_cand/protenix/8t4d_OQ/d150/seed2_r3/results/8t4d_oq/seed_0/predictions/8t4d_oq_sample_4.cif,8t4d_OQ,seed2_r3,8t4d_oq_sample_4.cif,0.19324
/mnt/data/admuser/msadepth/compreps/seedrep_cand/protenix/8t4d_OQ/d150/seed3_r0/results/8t4d_oq/seed_0/predictions/8t4d_oq_sample_0.cif,8t4d_OQ,seed3_r0,8t4d_oq_sample_0.cif,0.20445
/mnt/data/admuser/msadepth/compreps/seedrep_cand/protenix/8t4d_OQ/d150/seed3_r0/results/8t4d_oq/seed_0/predictions/8t4d_oq_sample_1.cif,8t4d_OQ,seed3_r0,8t4d_oq_sample_1.cif,0.20034
/mnt/data/admuser/msadepth/compreps/seedrep_cand/protenix/8t4d_OQ/d150/seed3_r0/results/8t4d_oq/seed_0/predictions/8t4d_oq_sample_2.cif,8t4d_OQ,seed3_r0,8t4d_oq_sample_2.cif,0.19799
/mnt/data/admuser/msadepth/compreps/seedrep_cand/protenix/8t4d_OQ/d150/seed3_r0/results/8t4d_oq/seed_0/predictions/8t4d_oq_sample_3.cif,8t4d_OQ,seed3_r0,8t4d_oq_sample_3.cif,0.19702
/mnt/data/admuser/msadepth/compreps/seedrep_cand/protenix/8t4d_OQ/d150/seed3_r0/results/8t4d_oq/seed_0/predictions/8t4d_oq_sample_4.cif,8t4d_OQ,seed3_r0,8t4d_oq_sample_4.cif,0.19275
/mnt/data/admuser/msadepth/compreps/seedrep_cand/protenix/8t4d_OQ/d150/seed3_r1/results/8t4d_oq/seed_0/predictions/8t4d_oq_sample_0.cif,8t4d_OQ,seed3_r1,8t4d_oq_sample_0.cif,0.25417
/mnt/data/admuser/msadepth/compreps/seedrep_cand/protenix/8t4d_OQ/d150/seed3_r1/results/8t4d_oq/seed_0/predictions/8t4d_oq_sample_1.cif,8t4d_OQ,seed3_r1,8t4d_oq_sample_1.cif,0.24414
/mnt/data/admuser/msadepth/compreps/seedrep_cand/protenix/8t4d_OQ/d150/seed3_r1/results/8t4d_oq/seed_0/predictions/8t4d_oq_sample_2.cif,8t4d_OQ,seed3_r1,8t4d_oq_sample_2.cif,0.24037
/mnt/data/admuser/msadepth/compreps/seedrep_cand/protenix/8t4d_OQ/d150/seed3_r1/results/8t4d_oq/seed_0/predictions/8t4d_oq_sample_3.cif,8t4d_OQ,seed3_r1,8t4d_oq_sample_3.cif,0.23723
/mnt/data/admuser/msadepth/compreps/seedrep_cand/protenix/8t4d_OQ/d150/seed3_r1/results/8t4d_oq/seed_0/predictions/8t4d_oq_sample_4.cif,8t4d_OQ,seed3_r1,8t4d_oq_sample_4.cif,0.22646
/mnt/data/admuser/msadepth/compreps/seedrep_cand/protenix/8t4d_OQ/d150/seed3_r2/results/8t4d_oq/seed_0/predictions/8t4d_oq_sample_0.cif,8t4d_OQ,seed3_r2,8t4d_oq_sample_0.cif,0.2265
/mnt/data/admuser/msadepth/compreps/seedrep_cand/protenix/8t4d_OQ/d150/seed3_r2/results/8t4d_oq/seed_0/predictions/8t4d_oq_sample_1.cif,8t4d_OQ,seed3_r2,8t4d_oq_sample_1.cif,0.21791
/mnt/data/admuser/msadepth/compreps/seedrep_cand/protenix/8t4d_OQ/d150/seed3_r2/results/8t4d_oq/seed_0/predictions/8t4d_oq_sample_2.cif,8t4d_OQ,seed3_r2,8t4d_oq_sample_2.cif,0.21677
/mnt/data/admuser/msadepth/compreps/seedrep_cand/protenix/8t4d_OQ/d150/seed3_r2/results/8t4d_oq/seed_0/predictions/8t4d_oq_sample_3.cif,8t4d_OQ,seed3_r2,8t4d_oq_sample_3.cif,0.21664
/mnt/data/admuser/msadepth/compreps/seedrep_cand/protenix/8t4d_OQ/d150/seed3_r2/results/8t4d_oq/seed_0/predictions/8t4d_oq_sample_4.cif,8t4d_OQ,seed3_r2,8t4d_oq_sample_4.cif,0.21452
/mnt/data/admuser/msadepth/compreps/seedrep_cand/protenix/8t4d_OQ/d150/seed3_r3/results/8t4d_oq/seed_0/predictions/8t4d_oq_sample_0.cif,8t4d_OQ,seed3_r3,8t4d_oq_sample_0.cif,0.24784
/mnt/data/admuser/msadepth/compreps/seedrep_cand/protenix/8t4d_OQ/d150/seed3_r3/results/8t4d_oq/seed_0/predictions/8t4d_oq_sample_1.cif,8t4d_OQ,seed3_r3,8t4d_oq_sample_1.cif,0.24784
/mnt/data/admuser/msadepth/compreps/seedrep_cand/protenix/8t4d_OQ/d150/seed3_r3/results/8t4d_oq/seed_0/predictions/8t4d_oq_sample_2.cif,8t4d_OQ,seed3_r3,8t4d_oq_sample_2.cif,0.24392
/mnt/data/admuser/msadepth/compreps/seedrep_cand/protenix/8t4d_OQ/d150/seed3_r3/results/8t4d_oq/seed_0/predictions/8t4d_oq_sample_3.cif,8t4d_OQ,seed3_r3,8t4d_oq_sample_3.cif,0.22799
/mnt/data/admuser/msadepth/compreps/seedrep_cand/protenix/8t4d_OQ/d150/seed3_r3/results/8t4d_oq/seed_0/predictions/8t4d_oq_sample_4.cif,8t4d_OQ,seed3_r3,8t4d_oq_sample_4.cif,0.22652
/mnt/data/admuser/msadepth/compreps/seedrep_cand/protenix/8t4d_OQ/d150/seed4_r0/results/8t4d_oq/seed_0/predictions/8t4d_oq_sample_0.cif,8t4d_OQ,seed4_r0,8t4d_oq_sample_0.cif,0.20423
/mnt/data/admuser/msadepth/compreps/seedrep_cand/protenix/8t4d_OQ/d150/seed4_r0/results/8t4d_oq/seed_0/predictions/8t4d_oq_sample_1.cif,8t4d_OQ,seed4_r0,8t4d_oq_sample_1.cif,0.20007
/mnt/data/admuser/msadepth/compreps/seedrep_cand/protenix/8t4d_OQ/d150/seed4_r0/results/8t4d_oq/seed_0/predictions/8t4d_oq_sample_2.cif,8t4d_OQ,seed4_r0,8t4d_oq_sample_2.cif,0.19636
/mnt/data/admuser/msadepth/compreps/seedrep_cand/protenix/8t4d_OQ/d150/seed4_r0/results/8t4d_oq/seed_0/predictions/8t4d_oq_sample_3.cif,8t4d_OQ,seed4_r0,8t4d_oq_sample_3.cif,0.1842
/mnt/data/admuser/msadepth/compreps/seedrep_cand/protenix/8t4d_OQ/d150/seed4_r0/results/8t4d_oq/seed_0/predictions/8t4d_oq_sample_4.cif,8t4d_OQ,seed4_r0,8t4d_oq_sample_4.cif,0.1782
/mnt/data/admuser/msadepth/compreps/seedrep_cand/protenix/8t4d_OQ/d150/seed4_r1/results/8t4d_oq/seed_0/predictions/8t4d_oq_sample_0.cif,8t4d_OQ,seed4_r1,8t4d_oq_sample_0.cif,0.1938
/mnt/data/admuser/msadepth/compreps/seedrep_cand/protenix/8t4d_OQ/d150/seed4_r1/results/8t4d_oq/seed_0/predictions/8t4d_oq_sample_1.cif,8t4d_OQ,seed4_r1,8t4d_oq_sample_1.cif,0.19313
/mnt/data/admuser/msadepth/compreps/seedrep_cand/protenix/8t4d_OQ/d150/seed4_r1/results/8t4d_oq/seed_0/predictions/8t4d_oq_sample_2.cif,8t4d_OQ,seed4_r1,8t4d_oq_sample_2.cif,0.19055
/mnt/data/admuser/msadepth/compreps/seedrep_cand/protenix/8t4d_OQ/d150/seed4_r1/results/8t4d_oq/seed_0/predictions/8t4d_oq_sample_3.cif,8t4d_OQ,seed4_r1,8t4d_oq_sample_3.cif,0.18993
/mnt/data/admuser/msadepth/compreps/seedrep_cand/protenix/8t4d_OQ/d150/seed4_r1/results/8t4d_oq/seed_0/predictions/8t4d_oq_sample_4.cif,8t4d_OQ,seed4_r1,8t4d_oq_sample_4.cif,0.17006
/mnt/data/admuser/msadepth/compreps/seedrep_cand/protenix/8t4d_OQ/d150/seed4_r2/results/8t4d_oq/seed_0/predictions/8t4d_oq_sample_0.cif,8t4d_OQ,seed4_r2,8t4d_oq_sample_0.cif,0.20508
/mnt/data/admuser/msadepth/compreps/seedrep_cand/protenix/8t4d_OQ/d150/seed4_r2/results/8t4d_oq/seed_0/predictions/8t4d_oq_sample_1.cif,8t4d_OQ,seed4_r2,8t4d_oq_sample_1.cif,0.19727
/mnt/data/admuser/msadepth/compreps/seedrep_cand/protenix/8t4d_OQ/d150/seed4_r2/results/8t4d_oq/seed_0/predictions/8t4d_oq_sample_2.cif,8t4d_OQ,seed4_r2,8t4d_oq_sample_2.cif,0.19071
/mnt/data/admuser/msadepth/compreps/seedrep_cand/protenix/8t4d_OQ/d150/seed4_r2/results/8t4d_oq/seed_0/predictions/8t4d_oq_sample_3.cif,8t4d_OQ,seed4_r2,8t4d_oq_sample_3.cif,0.18153
/mnt/data/admuser/msadepth/compreps/seedrep_cand/protenix/8t4d_OQ/d150/seed4_r2/results/8t4d_oq/seed_0/predictions/8t4d_oq_sample_4.cif,8t4d_OQ,seed4_r2,8t4d_oq_sample_4.cif,0.1809
/mnt/data/admuser/msadepth/compreps/seedrep_cand/protenix/8t4d_OQ/d150/seed4_r3/results/8t4d_oq/seed_0/predictions/8t4d_oq_sample_0.cif,8t4d_OQ,seed4_r3,8t4d_oq_sample_0.cif,0.1932
/mnt/data/admuser/msadepth/compreps/seedrep_cand/protenix/8t4d_OQ/d150/seed4_r3/results/8t4d_oq/seed_0/predictions/8t4d_oq_sample_1.cif,8t4d_OQ,seed4_r3,8t4d_oq_sample_1.cif,0.19182
/mnt/data/admuser/msadepth/compreps/seedrep_cand/protenix/8t4d_OQ/d150/seed4_r3/results/8t4d_oq/seed_0/predictions/8t4d_oq_sample_2.cif,8t4d_OQ,seed4_r3,8t4d_oq_sample_2.cif,0.18709
/mnt/data/admuser/msadepth/compreps/seedrep_cand/protenix/8t4d_OQ/d150/seed4_r3/results/8t4d_oq/seed_0/predictions/8t4d_oq_sample_3.cif,8t4d_OQ,seed4_r3,8t4d_oq_sample_3.cif,0.17069
/mnt/data/admuser/msadepth/compreps/seedrep_cand/protenix/8t4d_OQ/d150/seed4_r3/results/8t4d_oq/seed_0/predictions/8t4d_oq_sample_4.cif,8t4d_OQ,seed4_r3,8t4d_oq_sample_4.cif,0.16758
/mnt/data/admuser/msadepth/compreps/seedrep_cand/protenix/8t4d_OQ/d150/seed5_r0/results/8t4d_oq/seed_0/predictions/8t4d_oq_sample_0.cif,8t4d_OQ,seed5_r0,8t4d_oq_sample_0.cif,0.22941
/mnt/data/admuser/msadepth/compreps/seedrep_cand/protenix/8t4d_OQ/d150/seed5_r0/results/8t4d_oq/seed_0/predictions/8t4d_oq_sample_1.cif,8t4d_OQ,seed5_r0,8t4d_oq_sample_1.cif,0.22033
/mnt/data/admuser/msadepth/compreps/seedrep_cand/protenix/8t4d_OQ/d150/seed5_r0/results/8t4d_oq/seed_0/predictions/8t4d_oq_sample_2.cif,8t4d_OQ,seed5_r0,8t4d_oq_sample_2.cif,0.21766
/mnt/data/admuser/msadepth/compreps/seedrep_cand/protenix/8t4d_OQ/d150/seed5_r0/results/8t4d_oq/seed_0/predictions/8t4d_oq_sample_3.cif,8t4d_OQ,seed5_r0,8t4d_oq_sample_3.cif,0.21545
/mnt/data/admuser/msadepth/compreps/seedrep_cand/protenix/8t4d_OQ/d150/seed5_r0/results/8t4d_oq/seed_0/predictions/8t4d_oq_sample_4.cif,8t4d_OQ,seed5_r0,8t4d_oq_sample_4.cif,0.20949
/mnt/data/admuser/msadepth/compreps/seedrep_cand/protenix/8t4d_OQ/d150/seed5_r1/results/8t4d_oq/seed_0/predictions/8t4d_oq_sample_0.cif,8t4d_OQ,seed5_r1,8t4d_oq_sample_0.cif,0.22222
/mnt/data/admuser/msadepth/compreps/seedrep_cand/protenix/8t4d_OQ/d150/seed5_r1/results/8t4d_oq/seed_0/predictions/8t4d_oq_sample_1.cif,8t4d_OQ,seed5_r1,8t4d_oq_sample_1.cif,0.22071
/mnt/data/admuser/msadepth/compreps/seedrep_cand/protenix/8t4d_OQ/d150/seed5_r1/results/8t4d_oq/seed_0/predictions/8t4d_oq_sample_2.cif,8t4d_OQ,seed5_r1,8t4d_oq_sample_2.cif,0.20839
/mnt/data/admuser/msadepth/compreps/seedrep_cand/protenix/8t4d_OQ/d150/seed5_r1/results/8t4d_oq/seed_0/predictions/8t4d_oq_sample_3.cif,8t4d_OQ,seed5_r1,8t4d_oq_sample_3.cif,0.20609
/mnt/data/admuser/msadepth/compreps/seedrep_cand/protenix/8t4d_OQ/d150/seed5_r1/results/8t4d_oq/seed_0/predictions/8t4d_oq_sample_4.cif,8t4d_OQ,seed5_r1,8t4d_oq_sample_4.cif,0.20448
/mnt/data/admuser/msadepth/compreps/seedrep_cand/protenix/8t4d_OQ/d150/seed5_r2/results/8t4d_oq/seed_0/predictions/8t4d_oq_sample_0.cif,8t4d_OQ,seed5_r2,8t4d_oq_sample_0.cif,0.21872
/mnt/data/admuser/msadepth/compreps/seedrep_cand/protenix/8t4d_OQ/d150/seed5_r2/results/8t4d_oq/seed_0/predictions/8t4d_oq_sample_1.cif,8t4d_OQ,seed5_r2,8t4d_oq_sample_1.cif,0.21604
/mnt/data/admuser/msadepth/compreps/seedrep_cand/protenix/8t4d_OQ/d150/seed5_r2/results/8t4d_oq/seed_0/predictions/8t4d_oq_sample_2.cif,8t4d_OQ,seed5_r2,8t4d_oq_sample_2.cif,0.21293
/mnt/data/admuser/msadepth/compreps/seedrep_cand/protenix/8t4d_OQ/d150/seed5_r2/results/8t4d_oq/seed_0/predictions/8t4d_oq_sample_3.cif,8t4d_OQ,seed5_r2,8t4d_oq_sample_3.cif,0.20783
/mnt/data/admuser/msadepth/compreps/seedrep_cand/protenix/8t4d_OQ/d150/seed5_r2/results/8t4d_oq/seed_0/predictions/8t4d_oq_sample_4.cif,8t4d_OQ,seed5_r2,8t4d_oq_sample_4.cif,0.20082
/mnt/data/admuser/msadepth/compreps/seedrep_cand/protenix/8t4d_OQ/d150/seed5_r3/results/8t4d_oq/seed_0/predictions/8t4d_oq_sample_0.cif,8t4d_OQ,seed5_r3,8t4d_oq_sample_0.cif,0.40518
/mnt/data/admuser/msadepth/compreps/seedrep_cand/protenix/8t4d_OQ/d150/seed5_r3/results/8t4d_oq/seed_0/predictions/8t4d_oq_sample_1.cif,8t4d_OQ,seed5_r3,8t4d_oq_sample_1.cif,0.33941
/mnt/data/admuser/msadepth/compreps/seedrep_cand/protenix/8t4d_OQ/d150/seed5_r3/results/8t4d_oq/seed_0/predictions/8t4d_oq_sample_2.cif,8t4d_OQ,seed5_r3,8t4d_oq_sample_2.cif,0.33064
/mnt/data/admuser/msadepth/compreps/seedrep_cand/protenix/8t4d_OQ/d150/seed5_r3/results/8t4d_oq/seed_0/predictions/8t4d_oq_sample_3.cif,8t4d_OQ,seed5_r3,8t4d_oq_sample_3.cif,0.28466
/mnt/data/admuser/msadepth/compreps/seedrep_cand/protenix/8t4d_OQ/d150/seed5_r3/results/8t4d_oq/seed_0/predictions/8t4d_oq_sample_4.cif,8t4d_OQ,seed5_r3,8t4d_oq_sample_4.cif,0.28162
/mnt/data/admuser/msadepth/compreps/seedrep_cand/protenix/8t4d_OQ/d150/seedfull_r0/results/8t4d_oq/seed_0/predictions/8t4d_oq_sample_0.cif,8t4d_OQ,seedfull_r0,8t4d_oq_sample_0.cif,0.25023
/mnt/data/admuser/msadepth/compreps/seedrep_cand/protenix/8t4d_OQ/d150/seedfull_r0/results/8t4d_oq/seed_0/predictions/8t4d_oq_sample_1.cif,8t4d_OQ,seedfull_r0,8t4d_oq_sample_1.cif,0.24936
/mnt/data/admuser/msadepth/compreps/seedrep_cand/protenix/8t4d_OQ/d150/seedfull_r0/results/8t4d_oq/seed_0/predictions/8t4d_oq_sample_2.cif,8t4d_OQ,seedfull_r0,8t4d_oq_sample_2.cif,0.24813
/mnt/data/admuser/msadepth/compreps/seedrep_cand/protenix/8t4d_OQ/d150/seedfull_r0/results/8t4d_oq/seed_0/predictions/8t4d_oq_sample_3.cif,8t4d_OQ,seedfull_r0,8t4d_oq_sample_3.cif,0.2398
/mnt/data/admuser/msadepth/compreps/seedrep_cand/protenix/8t4d_OQ/d150/seedfull_r0/results/8t4d_oq/seed_0/predictions/8t4d_oq_sample_4.cif,8t4d_OQ,seedfull_r0,8t4d_oq_sample_4.cif,0.22972
/mnt/data/admuser/msadepth/compreps/seedrep_cand/protenix/8t4d_OQ/d150/seedfull_r1/results/8t4d_oq/seed_0/predictions/8t4d_oq_sample_0.cif,8t4d_OQ,seedfull_r1,8t4d_oq_sample_0.cif,0.26429
/mnt/data/admuser/msadepth/compreps/seedrep_cand/protenix/8t4d_OQ/d150/seedfull_r1/results/8t4d_oq/seed_0/predictions/8t4d_oq_sample_1.cif,8t4d_OQ,seedfull_r1,8t4d_oq_sample_1.cif,0.26248
/mnt/data/admuser/msadepth/compreps/seedrep_cand/protenix/8t4d_OQ/d150/seedfull_r1/results/8t4d_oq/seed_0/predictions/8t4d_oq_sample_2.cif,8t4d_OQ,seedfull_r1,8t4d_oq_sample_2.cif,0.26231
/mnt/data/admuser/msadepth/compreps/seedrep_cand/protenix/8t4d_OQ/d150/seedfull_r1/results/8t4d_oq/seed_0/predictions/8t4d_oq_sample_3.cif,8t4d_OQ,seedfull_r1,8t4d_oq_sample_3.cif,0.24576
/mnt/data/admuser/msadepth/compreps/seedrep_cand/protenix/8t4d_OQ/d150/seedfull_r1/results/8t4d_oq/seed_0/predictions/8t4d_oq_sample_4.cif,8t4d_OQ,seedfull_r1,8t4d_oq_sample_4.cif,0.236
/mnt/data/admuser/msadepth/compreps/seedrep_cand/protenix/8t4d_OQ/d150/seedfull_r2/results/8t4d_oq/seed_0/predictions/8t4d_oq_sample_0.cif,8t4d_OQ,seedfull_r2,8t4d_oq_sample_0.cif,0.26393
/mnt/data/admuser/msadepth/compreps/seedrep_cand/protenix/8t4d_OQ/d150/seedfull_r2/results/8t4d_oq/seed_0/predictions/8t4d_oq_sample_1.cif,8t4d_OQ,seedfull_r2,8t4d_oq_sample_1.cif,0.26286
/mnt/data/admuser/msadepth/compreps/seedrep_cand/protenix/8t4d_OQ/d150/seedfull_r2/results/8t4d_oq/seed_0/predictions/8t4d_oq_sample_2.cif,8t4d_OQ,seedfull_r2,8t4d_oq_sample_2.cif,0.26213
/mnt/data/admuser/msadepth/compreps/seedrep_cand/protenix/8t4d_OQ/d150/seedfull_r2/results/8t4d_oq/seed_0/predictions/8t4d_oq_sample_3.cif,8t4d_OQ,seedfull_r2,8t4d_oq_sample_3.cif,0.26101
/mnt/data/admuser/msadepth/compreps/seedrep_cand/protenix/8t4d_OQ/d150/seedfull_r2/results/8t4d_oq/seed_0/predictions/8t4d_oq_sample_4.cif,8t4d_OQ,seedfull_r2,8t4d_oq_sample_4.cif,0.25999
/mnt/data/admuser/msadepth/compreps/seedrep_cand/protenix/8t4d_OQ/d150/seedfull_r3/results/8t4d_oq/seed_0/predictions/8t4d_oq_sample_0.cif,8t4d_OQ,seedfull_r3,8t4d_oq_sample_0.cif,0.23733
/mnt/data/admuser/msadepth/compreps/seedrep_cand/protenix/8t4d_OQ/d150/seedfull_r3/results/8t4d_oq/seed_0/predictions/8t4d_oq_sample_1.cif,8t4d_OQ,seedfull_r3,8t4d_oq_sample_1.cif,0.23558
/mnt/data/admuser/msadepth/compreps/seedrep_cand/protenix/8t4d_OQ/d150/seedfull_r3/results/8t4d_oq/seed_0/predictions/8t4d_oq_sample_2.cif,8t4d_OQ,seedfull_r3,8t4d_oq_sample_2.cif,0.23484
/mnt/data/admuser/msadepth/compreps/seedrep_cand/protenix/8t4d_OQ/d150/seedfull_r3/results/8t4d_oq/seed_0/predictions/8t4d_oq_sample_3.cif,8t4d_OQ,seedfull_r3,8t4d_oq_sample_3.cif,0.23117
/mnt/data/admuser/msadepth/compreps/seedrep_cand/protenix/8t4d_OQ/d150/seedfull_r3/results/8t4d_oq/seed_0/predictions/8t4d_oq_sample_4.cif,8t4d_OQ,seedfull_r3,8t4d_oq_sample_4.cif,0.21309
/mnt/data/admuser/msadepth/compreps/seedrep_cand/protenix/8t4d_OQ/d150/seedfull_r4/results/8t4d_oq/seed_0/predictions/8t4d_oq_sample_0.cif,8t4d_OQ,seedfull_r4,8t4d_oq_sample_0.cif,0.35987
/mnt/data/admuser/msadepth/compreps/seedrep_cand/protenix/8t4d_OQ/d150/seedfull_r4/results/8t4d_oq/seed_0/predictions/8t4d_oq_sample_1.cif,8t4d_OQ,seedfull_r4,8t4d_oq_sample_1.cif,0.35608
/mnt/data/admuser/msadepth/compreps/seedrep_cand/protenix/8t4d_OQ/d150/seedfull_r4/results/8t4d_oq/seed_0/predictions/8t4d_oq_sample_2.cif,8t4d_OQ,seedfull_r4,8t4d_oq_sample_2.cif,0.35286
/mnt/data/admuser/msadepth/compreps/seedrep_cand/protenix/8t4d_OQ/d150/seedfull_r4/results/8t4d_oq/seed_0/predictions/8t4d_oq_sample_3.cif,8t4d_OQ,seedfull_r4,8t4d_oq_sample_3.cif,0.34878
/mnt/data/admuser/msadepth/compreps/seedrep_cand/protenix/8t4d_OQ/d150/seedfull_r4/results/8t4d_oq/seed_0/predictions/8t4d_oq_sample_4.cif,8t4d_OQ,seedfull_r4,8t4d_oq_sample_4.cif,0.3485
/mnt/data/admuser/msadepth/compreps/seedrep_cand/protenix/8t4d_OQ/d150/seedfull_r5/results/8t4d_oq/seed_0/predictions/8t4d_oq_sample_0.cif,8t4d_OQ,seedfull_r5,8t4d_oq_sample_0.cif,0.23355
/mnt/data/admuser/msadepth/compreps/seedrep_cand/protenix/8t4d_OQ/d150/seedfull_r5/results/8t4d_oq/seed_0/predictions/8t4d_oq_sample_1.cif,8t4d_OQ,seedfull_r5,8t4d_oq_sample_1.cif,0.23248
/mnt/data/admuser/msadepth/compreps/seedrep_cand/protenix/8t4d_OQ/d150/seedfull_r5/results/8t4d_oq/seed_0/predictions/8t4d_oq_sample_2.cif,8t4d_OQ,seedfull_r5,8t4d_oq_sample_2.cif,0.23074
/mnt/data/admuser/msadepth/compreps/seedrep_cand/protenix/8t4d_OQ/d150/seedfull_r5/results/8t4d_oq/seed_0/predictions/8t4d_oq_sample_3.cif,8t4d_OQ,seedfull_r5,8t4d_oq_sample_3.cif,0.23039
/mnt/data/admuser/msadepth/compreps/seedrep_cand/protenix/8t4d_OQ/d150/seedfull_r5/results/8t4d_oq/seed_0/predictions/8t4d_oq_sample_4.cif,8t4d_OQ,seedfull_r5,8t4d_oq_sample_4.cif,0.22612
/mnt/data/admuser/msadepth/compreps/seedrep_cand/protenix/8t4d_OQ/d150/seedfull_r6/results/8t4d_oq/seed_0/predictions/8t4d_oq_sample_0.cif,8t4d_OQ,seedfull_r6,8t4d_oq_sample_0.cif,0.19685
/mnt/data/admuser/msadepth/compreps/seedrep_cand/protenix/8t4d_OQ/d150/seedfull_r6/results/8t4d_oq/seed_0/predictions/8t4d_oq_sample_1.cif,8t4d_OQ,seedfull_r6,8t4d_oq_sample_1.cif,0.19688
/mnt/data/admuser/msadepth/compreps/seedrep_cand/protenix/8t4d_OQ/d150/seedfull_r6/results/8t4d_oq/seed_0/predictions/8t4d_oq_sample_2.cif,8t4d_OQ,seedfull_r6,8t4d_oq_sample_2.cif,0.18451
/mnt/data/admuser/msadepth/compreps/seedrep_cand/protenix/8t4d_OQ/d150/seedfull_r6/results/8t4d_oq/seed_0/predictions/8t4d_oq_sample_3.cif,8t4d_OQ,seedfull_r6,8t4d_oq_sample_3.cif,0.17917
/mnt/data/admuser/msadepth/compreps/seedrep_cand/protenix/8t4d_OQ/d150/seedfull_r6/results/8t4d_oq/seed_0/predictions/8t4d_oq_sample_4.cif,8t4d_OQ,seedfull_r6,8t4d_oq_sample_4.cif,0.16586
/mnt/data/admuser/msadepth/compreps/seedrep_cand/protenix/8t4d_OQ/d150/seedfull_r7/results/8t4d_oq/seed_0/predictions/8t4d_oq_sample_0.cif,8t4d_OQ,seedfull_r7,8t4d_oq_sample_0.cif,0.21412
/mnt/data/admuser/msadepth/compreps/seedrep_cand/protenix/8t4d_OQ/d150/seedfull_r7/results/8t4d_oq/seed_0/predictions/8t4d_oq_sample_1.cif,8t4d_OQ,seedfull_r7,8t4d_oq_sample_1.cif,0.2087
/mnt/data/admuser/msadepth/compreps/seedrep_cand/protenix/8t4d_OQ/d150/seedfull_r7/results/8t4d_oq/seed_0/predictions/8t4d_oq_sample_2.cif,8t4d_OQ,seedfull_r7,8t4d_oq_sample_2.cif,0.20723
/mnt/data/admuser/msadepth/compreps/seedrep_cand/protenix/8t4d_OQ/d150/seedfull_r7/results/8t4d_oq/seed_0/predictions/8t4d_oq_sample_3.cif,8t4d_OQ,seedfull_r7,8t4d_oq_sample_3.cif,0.20553
/mnt/data/admuser/msadepth/compreps/seedrep_cand/protenix/8t4d_OQ/d150/seedfull_r7/results/8t4d_oq/seed_0/predictions/8t4d_oq_sample_4.cif,8t4d_OQ,seedfull_r7,8t4d_oq_sample_4.cif,0.18264
/mnt/data/admuser/msadepth/compreps/seedrep_cand/protenix/8tp5_HL/d307/seed0_r0/results/8tp5_hl/seed_0/predictions/8tp5_hl_sample_0.cif,8tp5_HL,seed0_r0,8tp5_hl_sample_0.cif,0.17788
/mnt/data/admuser/msadepth/compreps/seedrep_cand/protenix/8tp5_HL/d307/seed0_r0/results/8tp5_hl/seed_0/predictions/8tp5_hl_sample_1.cif,8tp5_HL,seed0_r0,8tp5_hl_sample_1.cif,0.17431
/mnt/data/admuser/msadepth/compreps/seedrep_cand/protenix/8tp5_HL/d307/seed0_r0/results/8tp5_hl/seed_0/predictions/8tp5_hl_sample_2.cif,8tp5_HL,seed0_r0,8tp5_hl_sample_2.cif,0.17143
/mnt/data/admuser/msadepth/compreps/seedrep_cand/protenix/8tp5_HL/d307/seed0_r0/results/8tp5_hl/seed_0/predictions/8tp5_hl_sample_3.cif,8tp5_HL,seed0_r0,8tp5_hl_sample_3.cif,0.17095
/mnt/data/admuser/msadepth/compreps/seedrep_cand/protenix/8tp5_HL/d307/seed0_r0/results/8tp5_hl/seed_0/predictions/8tp5_hl_sample_4.cif,8tp5_HL,seed0_r0,8tp5_hl_sample_4.cif,0.1673
/mnt/data/admuser/msadepth/compreps/seedrep_cand/protenix/8tp5_HL/d307/seed0_r1/results/8tp5_hl/seed_0/predictions/8tp5_hl_sample_0.cif,8tp5_HL,seed0_r1,8tp5_hl_sample_0.cif,0.17563
/mnt/data/admuser/msadepth/compreps/seedrep_cand/protenix/8tp5_HL/d307/seed0_r1/results/8tp5_hl/seed_0/predictions/8tp5_hl_sample_1.cif,8tp5_HL,seed0_r1,8tp5_hl_sample_1.cif,0.16903
/mnt/data/admuser/msadepth/compreps/seedrep_cand/protenix/8tp5_HL/d307/seed0_r1/results/8tp5_hl/seed_0/predictions/8tp5_hl_sample_2.cif,8tp5_HL,seed0_r1,8tp5_hl_sample_2.cif,0.16815
/mnt/data/admuser/msadepth/compreps/seedrep_cand/protenix/8tp5_HL/d307/seed0_r1/results/8tp5_hl/seed_0/predictions/8tp5_hl_sample_3.cif,8tp5_HL,seed0_r1,8tp5_hl_sample_3.cif,0.1635
/mnt/data/admuser/msadepth/compreps/seedrep_cand/protenix/8tp5_HL/d307/seed0_r1/results/8tp5_hl/seed_0/predictions/8tp5_hl_sample_4.cif,8tp5_HL,seed0_r1,8tp5_hl_sample_4.cif,0.16043
/mnt/data/admuser/msadepth/compreps/seedrep_cand/protenix/8tp5_HL/d307/seed0_r2/results/8tp5_hl/seed_0/predictions/8tp5_hl_sample_0.cif,8tp5_HL,seed0_r2,8tp5_hl_sample_0.cif,0.16993
/mnt/data/admuser/msadepth/compreps/seedrep_cand/protenix/8tp5_HL/d307/seed0_r2/results/8tp5_hl/seed_0/predictions/8tp5_hl_sample_1.cif,8tp5_HL,seed0_r2,8tp5_hl_sample_1.cif,0.16587
/mnt/data/admuser/msadepth/compreps/seedrep_cand/protenix/8tp5_HL/d307/seed0_r2/results/8tp5_hl/seed_0/predictions/8tp5_hl_sample_2.cif,8tp5_HL,seed0_r2,8tp5_hl_sample_2.cif,0.16193
/mnt/data/admuser/msadepth/compreps/seedrep_cand/protenix/8tp5_HL/d307/seed0_r2/results/8tp5_hl/seed_0/predictions/8tp5_hl_sample_3.cif,8tp5_HL,seed0_r2,8tp5_hl_sample_3.cif,0.15658
/mnt/data/admuser/msadepth/compreps/seedrep_cand/protenix/8tp5_HL/d307/seed0_r2/results/8tp5_hl/seed_0/predictions/8tp5_hl_sample_4.cif,8tp5_HL,seed0_r2,8tp5_hl_sample_4.cif,0.15509
/mnt/data/admuser/msadepth/compreps/seedrep_cand/protenix/8tp5_HL/d307/seed0_r3/results/8tp5_hl/seed_0/predictions/8tp5_hl_sample_0.cif,8tp5_HL,seed0_r3,8tp5_hl_sample_0.cif,0.17879
/mnt/data/admuser/msadepth/compreps/seedrep_cand/protenix/8tp5_HL/d307/seed0_r3/results/8tp5_hl/seed_0/predictions/8tp5_hl_sample_1.cif,8tp5_HL,seed0_r3,8tp5_hl_sample_1.cif,0.17207
/mnt/data/admuser/msadepth/compreps/seedrep_cand/protenix/8tp5_HL/d307/seed0_r3/results/8tp5_hl/seed_0/predictions/8tp5_hl_sample_2.cif,8tp5_HL,seed0_r3,8tp5_hl_sample_2.cif,0.16988
/mnt/data/admuser/msadepth/compreps/seedrep_cand/protenix/8tp5_HL/d307/seed0_r3/results/8tp5_hl/seed_0/predictions/8tp5_hl_sample_3.cif,8tp5_HL,seed0_r3,8tp5_hl_sample_3.cif,0.16485
/mnt/data/admuser/msadepth/compreps/seedrep_cand/protenix/8tp5_HL/d307/seed0_r3/results/8tp5_hl/seed_0/predictions/8tp5_hl_sample_4.cif,8tp5_HL,seed0_r3,8tp5_hl_sample_4.cif,0.16098
/mnt/data/admuser/msadepth/compreps/seedrep_cand/protenix/8tp5_HL/d307/seed1_r0/results/8tp5_hl/seed_0/predictions/8tp5_hl_sample_0.cif,8tp5_HL,seed1_r0,8tp5_hl_sample_0.cif,0.29255
/mnt/data/admuser/msadepth/compreps/seedrep_cand/protenix/8tp5_HL/d307/seed1_r0/results/8tp5_hl/seed_0/predictions/8tp5_hl_sample_1.cif,8tp5_HL,seed1_r0,8tp5_hl_sample_1.cif,0.29223
/mnt/data/admuser/msadepth/compreps/seedrep_cand/protenix/8tp5_HL/d307/seed1_r0/results/8tp5_hl/seed_0/predictions/8tp5_hl_sample_2.cif,8tp5_HL,seed1_r0,8tp5_hl_sample_2.cif,0.28982
/mnt/data/admuser/msadepth/compreps/seedrep_cand/protenix/8tp5_HL/d307/seed1_r0/results/8tp5_hl/seed_0/predictions/8tp5_hl_sample_3.cif,8tp5_HL,seed1_r0,8tp5_hl_sample_3.cif,0.28788
/mnt/data/admuser/msadepth/compreps/seedrep_cand/protenix/8tp5_HL/d307/seed1_r0/results/8tp5_hl/seed_0/predictions/8tp5_hl_sample_4.cif,8tp5_HL,seed1_r0,8tp5_hl_sample_4.cif,0.28638
/mnt/data/admuser/msadepth/compreps/seedrep_cand/protenix/8tp5_HL/d307/seed1_r1/results/8tp5_hl/seed_0/predictions/8tp5_hl_sample_0.cif,8tp5_HL,seed1_r1,8tp5_hl_sample_0.cif,0.16643
/mnt/data/admuser/msadepth/compreps/seedrep_cand/protenix/8tp5_HL/d307/seed1_r1/results/8tp5_hl/seed_0/predictions/8tp5_hl_sample_1.cif,8tp5_HL,seed1_r1,8tp5_hl_sample_1.cif,0.164
/mnt/data/admuser/msadepth/compreps/seedrep_cand/protenix/8tp5_HL/d307/seed1_r1/results/8tp5_hl/seed_0/predictions/8tp5_hl_sample_2.cif,8tp5_HL,seed1_r1,8tp5_hl_sample_2.cif,0.15737
/mnt/data/admuser/msadepth/compreps/seedrep_cand/protenix/8tp5_HL/d307/seed1_r1/results/8tp5_hl/seed_0/predictions/8tp5_hl_sample_3.cif,8tp5_HL,seed1_r1,8tp5_hl_sample_3.cif,0.15552
/mnt/data/admuser/msadepth/compreps/seedrep_cand/protenix/8tp5_HL/d307/seed1_r1/results/8tp5_hl/seed_0/predictions/8tp5_hl_sample_4.cif,8tp5_HL,seed1_r1,8tp5_hl_sample_4.cif,0.14467
/mnt/data/admuser/msadepth/compreps/seedrep_cand/protenix/8tp5_HL/d307/seed1_r2/results/8tp5_hl/seed_0/predictions/8tp5_hl_sample_0.cif,8tp5_HL,seed1_r2,8tp5_hl_sample_0.cif,0.16297
/mnt/data/admuser/msadepth/compreps/seedrep_cand/protenix/8tp5_HL/d307/seed1_r2/results/8tp5_hl/seed_0/predictions/8tp5_hl_sample_1.cif,8tp5_HL,seed1_r2,8tp5_hl_sample_1.cif,0.15998
/mnt/data/admuser/msadepth/compreps/seedrep_cand/protenix/8tp5_HL/d307/seed1_r2/results/8tp5_hl/seed_0/predictions/8tp5_hl_sample_2.cif,8tp5_HL,seed1_r2,8tp5_hl_sample_2.cif,0.14898
/mnt/data/admuser/msadepth/compreps/seedrep_cand/protenix/8tp5_HL/d307/seed1_r2/results/8tp5_hl/seed_0/predictions/8tp5_hl_sample_3.cif,8tp5_HL,seed1_r2,8tp5_hl_sample_3.cif,0.14793
/mnt/data/admuser/msadepth/compreps/seedrep_cand/protenix/8tp5_HL/d307/seed1_r2/results/8tp5_hl/seed_0/predictions/8tp5_hl_sample_4.cif,8tp5_HL,seed1_r2,8tp5_hl_sample_4.cif,0.14905
/mnt/data/admuser/msadepth/compreps/seedrep_cand/protenix/8tp5_HL/d307/seed1_r3/results/8tp5_hl/seed_0/predictions/8tp5_hl_sample_0.cif,8tp5_HL,seed1_r3,8tp5_hl_sample_0.cif,0.24171
/mnt/data/admuser/msadepth/compreps/seedrep_cand/protenix/8tp5_HL/d307/seed1_r3/results/8tp5_hl/seed_0/predictions/8tp5_hl_sample_1.cif,8tp5_HL,seed1_r3,8tp5_hl_sample_1.cif,0.23521
/mnt/data/admuser/msadepth/compreps/seedrep_cand/protenix/8tp5_HL/d307/seed1_r3/results/8tp5_hl/seed_0/predictions/8tp5_hl_sample_2.cif,8tp5_HL,seed1_r3,8tp5_hl_sample_2.cif,0.23456
/mnt/data/admuser/msadepth/compreps/seedrep_cand/protenix/8tp5_HL/d307/seed1_r3/results/8tp5_hl/seed_0/predictions/8tp5_hl_sample_3.cif,8tp5_HL,seed1_r3,8tp5_hl_sample_3.cif,0.23366
/mnt/data/admuser/msadepth/compreps/seedrep_cand/protenix/8tp5_HL/d307/seed1_r3/results/8tp5_hl/seed_0/predictions/8tp5_hl_sample_4.cif,8tp5_HL,seed1_r3,8tp5_hl_sample_4.cif,0.2333
/mnt/data/admuser/msadepth/compreps/seedrep_cand/protenix/8tp5_HL/d307/seed2_r0/results/8tp5_hl/seed_0/predictions/8tp5_hl_sample_0.cif,8tp5_HL,seed2_r0,8tp5_hl_sample_0.cif,0.16962
/mnt/data/admuser/msadepth/compreps/seedrep_cand/protenix/8tp5_HL/d307/seed2_r0/results/8tp5_hl/seed_0/predictions/8tp5_hl_sample_1.cif,8tp5_HL,seed2_r0,8tp5_hl_sample_1.cif,0.16524
/mnt/data/admuser/msadepth/compreps/seedrep_cand/protenix/8tp5_HL/d307/seed2_r0/results/8tp5_hl/seed_0/predictions/8tp5_hl_sample_2.cif,8tp5_HL,seed2_r0,8tp5_hl_sample_2.cif,0.16357
/mnt/data/admuser/msadepth/compreps/seedrep_cand/protenix/8tp5_HL/d307/seed2_r0/results/8tp5_hl/seed_0/predictions/8tp5_hl_sample_3.cif,8tp5_HL,seed2_r0,8tp5_hl_sample_3.cif,0.15334
/mnt/data/admuser/msadepth/compreps/seedrep_cand/protenix/8tp5_HL/d307/seed2_r0/results/8tp5_hl/seed_0/predictions/8tp5_hl_sample_4.cif,8tp5_HL,seed2_r0,8tp5_hl_sample_4.cif,0.14824
/mnt/data/admuser/msadepth/compreps/seedrep_cand/protenix/8tp5_HL/d307/seed2_r1/results/8tp5_hl/seed_0/predictions/8tp5_hl_sample_0.cif,8tp5_HL,seed2_r1,8tp5_hl_sample_0.cif,0.18244
/mnt/data/admuser/msadepth/compreps/seedrep_cand/protenix/8tp5_HL/d307/seed2_r1/results/8tp5_hl/seed_0/predictions/8tp5_hl_sample_1.cif,8tp5_HL,seed2_r1,8tp5_hl_sample_1.cif,0.18245
/mnt/data/admuser/msadepth/compreps/seedrep_cand/protenix/8tp5_HL/d307/seed2_r1/results/8tp5_hl/seed_0/predictions/8tp5_hl_sample_2.cif,8tp5_HL,seed2_r1,8tp5_hl_sample_2.cif,0.18001
/mnt/data/admuser/msadepth/compreps/seedrep_cand/protenix/8tp5_HL/d307/seed2_r1/results/8tp5_hl/seed_0/predictions/8tp5_hl_sample_3.cif,8tp5_HL,seed2_r1,8tp5_hl_sample_3.cif,0.17355
/mnt/data/admuser/msadepth/compreps/seedrep_cand/protenix/8tp5_HL/d307/seed2_r1/results/8tp5_hl/seed_0/predictions/8tp5_hl_sample_4.cif,8tp5_HL,seed2_r1,8tp5_hl_sample_4.cif,0.17145
/mnt/data/admuser/msadepth/compreps/seedrep_cand/protenix/8tp5_HL/d307/seed2_r2/results/8tp5_hl/seed_0/predictions/8tp5_hl_sample_0.cif,8tp5_HL,seed2_r2,8tp5_hl_sample_0.cif,0.1761
/mnt/data/admuser/msadepth/compreps/seedrep_cand/protenix/8tp5_HL/d307/seed2_r2/results/8tp5_hl/seed_0/predictions/8tp5_hl_sample_1.cif,8tp5_HL,seed2_r2,8tp5_hl_sample_1.cif,0.17356
/mnt/data/admuser/msadepth/compreps/seedrep_cand/protenix/8tp5_HL/d307/seed2_r2/results/8tp5_hl/seed_0/predictions/8tp5_hl_sample_2.cif,8tp5_HL,seed2_r2,8tp5_hl_sample_2.cif,0.1679
/mnt/data/admuser/msadepth/compreps/seedrep_cand/protenix/8tp5_HL/d307/seed2_r2/results/8tp5_hl/seed_0/predictions/8tp5_hl_sample_3.cif,8tp5_HL,seed2_r2,8tp5_hl_sample_3.cif,0.16066
/mnt/data/admuser/msadepth/compreps/seedrep_cand/protenix/8tp5_HL/d307/seed2_r2/results/8tp5_hl/seed_0/predictions/8tp5_hl_sample_4.cif,8tp5_HL,seed2_r2,8tp5_hl_sample_4.cif,0.14591
/mnt/data/admuser/msadepth/compreps/seedrep_cand/protenix/8tp5_HL/d307/seed2_r3/results/8tp5_hl/seed_0/predictions/8tp5_hl_sample_0.cif,8tp5_HL,seed2_r3,8tp5_hl_sample_0.cif,0.16559
/mnt/data/admuser/msadepth/compreps/seedrep_cand/protenix/8tp5_HL/d307/seed2_r3/results/8tp5_hl/seed_0/predictions/8tp5_hl_sample_1.cif,8tp5_HL,seed2_r3,8tp5_hl_sample_1.cif,0.16126
/mnt/data/admuser/msadepth/compreps/seedrep_cand/protenix/8tp5_HL/d307/seed2_r3/results/8tp5_hl/seed_0/predictions/8tp5_hl_sample_2.cif,8tp5_HL,seed2_r3,8tp5_hl_sample_2.cif,0.15731
/mnt/data/admuser/msadepth/compreps/seedrep_cand/protenix/8tp5_HL/d307/seed2_r3/results/8tp5_hl/seed_0/predictions/8tp5_hl_sample_3.cif,8tp5_HL,seed2_r3,8tp5_hl_sample_3.cif,0.15025
/mnt/data/admuser/msadepth/compreps/seedrep_cand/protenix/8tp5_HL/d307/seed2_r3/results/8tp5_hl/seed_0/predictions/8tp5_hl_sample_4.cif,8tp5_HL,seed2_r3,8tp5_hl_sample_4.cif,0.14868
/mnt/data/admuser/msadepth/compreps/seedrep_cand/protenix/8tp5_HL/d307/seed3_r0/results/8tp5_hl/seed_0/predictions/8tp5_hl_sample_0.cif,8tp5_HL,seed3_r0,8tp5_hl_sample_0.cif,0.36171
/mnt/data/admuser/msadepth/compreps/seedrep_cand/protenix/8tp5_HL/d307/seed3_r0/results/8tp5_hl/seed_0/predictions/8tp5_hl_sample_1.cif,8tp5_HL,seed3_r0,8tp5_hl_sample_1.cif,0.361
/mnt/data/admuser/msadepth/compreps/seedrep_cand/protenix/8tp5_HL/d307/seed3_r0/results/8tp5_hl/seed_0/predictions/8tp5_hl_sample_2.cif,8tp5_HL,seed3_r0,8tp5_hl_sample_2.cif,0.35898
/mnt/data/admuser/msadepth/compreps/seedrep_cand/protenix/8tp5_HL/d307/seed3_r0/results/8tp5_hl/seed_0/predictions/8tp5_hl_sample_3.cif,8tp5_HL,seed3_r0,8tp5_hl_sample_3.cif,0.35681
/mnt/data/admuser/msadepth/compreps/seedrep_cand/protenix/8tp5_HL/d307/seed3_r0/results/8tp5_hl/seed_0/predictions/8tp5_hl_sample_4.cif,8tp5_HL,seed3_r0,8tp5_hl_sample_4.cif,0.35366
/mnt/data/admuser/msadepth/compreps/seedrep_cand/protenix/8tp5_HL/d307/seed3_r1/results/8tp5_hl/seed_0/predictions/8tp5_hl_sample_0.cif,8tp5_HL,seed3_r1,8tp5_hl_sample_0.cif,0.20796
/mnt/data/admuser/msadepth/compreps/seedrep_cand/protenix/8tp5_HL/d307/seed3_r1/results/8tp5_hl/seed_0/predictions/8tp5_hl_sample_1.cif,8tp5_HL,seed3_r1,8tp5_hl_sample_1.cif,0.20721
/mnt/data/admuser/msadepth/compreps/seedrep_cand/protenix/8tp5_HL/d307/seed3_r1/results/8tp5_hl/seed_0/predictions/8tp5_hl_sample_2.cif,8tp5_HL,seed3_r1,8tp5_hl_sample_2.cif,0.19919
/mnt/data/admuser/msadepth/compreps/seedrep_cand/protenix/8tp5_HL/d307/seed3_r1/results/8tp5_hl/seed_0/predictions/8tp5_hl_sample_3.cif,8tp5_HL,seed3_r1,8tp5_hl_sample_3.cif,0.20102
/mnt/data/admuser/msadepth/compreps/seedrep_cand/protenix/8tp5_HL/d307/seed3_r1/results/8tp5_hl/seed_0/predictions/8tp5_hl_sample_4.cif,8tp5_HL,seed3_r1,8tp5_hl_sample_4.cif,0.19524
/mnt/data/admuser/msadepth/compreps/seedrep_cand/protenix/8tp5_HL/d307/seed3_r2/results/8tp5_hl/seed_0/predictions/8tp5_hl_sample_0.cif,8tp5_HL,seed3_r2,8tp5_hl_sample_0.cif,0.34929
/mnt/data/admuser/msadepth/compreps/seedrep_cand/protenix/8tp5_HL/d307/seed3_r2/results/8tp5_hl/seed_0/predictions/8tp5_hl_sample_1.cif,8tp5_HL,seed3_r2,8tp5_hl_sample_1.cif,0.34147
/mnt/data/admuser/msadepth/compreps/seedrep_cand/protenix/8tp5_HL/d307/seed3_r2/results/8tp5_hl/seed_0/predictions/8tp5_hl_sample_2.cif,8tp5_HL,seed3_r2,8tp5_hl_sample_2.cif,0.34079
/mnt/data/admuser/msadepth/compreps/seedrep_cand/protenix/8tp5_HL/d307/seed3_r2/results/8tp5_hl/seed_0/predictions/8tp5_hl_sample_3.cif,8tp5_HL,seed3_r2,8tp5_hl_sample_3.cif,0.33995
/mnt/data/admuser/msadepth/compreps/seedrep_cand/protenix/8tp5_HL/d307/seed3_r2/results/8tp5_hl/seed_0/predictions/8tp5_hl_sample_4.cif,8tp5_HL,seed3_r2,8tp5_hl_sample_4.cif,0.33749
/mnt/data/admuser/msadepth/compreps/seedrep_cand/protenix/8tp5_HL/d307/seed3_r3/results/8tp5_hl/seed_0/predictions/8tp5_hl_sample_0.cif,8tp5_HL,seed3_r3,8tp5_hl_sample_0.cif,0.30884
/mnt/data/admuser/msadepth/compreps/seedrep_cand/protenix/8tp5_HL/d307/seed3_r3/results/8tp5_hl/seed_0/predictions/8tp5_hl_sample_1.cif,8tp5_HL,seed3_r3,8tp5_hl_sample_1.cif,0.30639
/mnt/data/admuser/msadepth/compreps/seedrep_cand/protenix/8tp5_HL/d307/seed3_r3/results/8tp5_hl/seed_0/predictions/8tp5_hl_sample_2.cif,8tp5_HL,seed3_r3,8tp5_hl_sample_2.cif,0.30593
/mnt/data/admuser/msadepth/compreps/seedrep_cand/protenix/8tp5_HL/d307/seed3_r3/results/8tp5_hl/seed_0/predictions/8tp5_hl_sample_3.cif,8tp5_HL,seed3_r3,8tp5_hl_sample_3.cif,0.30534
/mnt/data/admuser/msadepth/compreps/seedrep_cand/protenix/8tp5_HL/d307/seed3_r3/results/8tp5_hl/seed_0/predictions/8tp5_hl_sample_4.cif,8tp5_HL,seed3_r3,8tp5_hl_sample_4.cif,0.30523
/mnt/data/admuser/msadepth/compreps/seedrep_cand/protenix/8tp5_HL/d307/seed4_r0/results/8tp5_hl/seed_0/predictions/8tp5_hl_sample_0.cif,8tp5_HL,seed4_r0,8tp5_hl_sample_0.cif,0.17169
/mnt/data/admuser/msadepth/compreps/seedrep_cand/protenix/8tp5_HL/d307/seed4_r0/results/8tp5_hl/seed_0/predictions/8tp5_hl_sample_1.cif,8tp5_HL,seed4_r0,8tp5_hl_sample_1.cif,0.16558
/mnt/data/admuser/msadepth/compreps/seedrep_cand/protenix/8tp5_HL/d307/seed4_r0/results/8tp5_hl/seed_0/predictions/8tp5_hl_sample_2.cif,8tp5_HL,seed4_r0,8tp5_hl_sample_2.cif,0.16507
/mnt/data/admuser/msadepth/compreps/seedrep_cand/protenix/8tp5_HL/d307/seed4_r0/results/8tp5_hl/seed_0/predictions/8tp5_hl_sample_3.cif,8tp5_HL,seed4_r0,8tp5_hl_sample_3.cif,0.1626
/mnt/data/admuser/msadepth/compreps/seedrep_cand/protenix/8tp5_HL/d307/seed4_r0/results/8tp5_hl/seed_0/predictions/8tp5_hl_sample_4.cif,8tp5_HL,seed4_r0,8tp5_hl_sample_4.cif,0.15689
/mnt/data/admuser/msadepth/compreps/seedrep_cand/protenix/8tp5_HL/d307/seed4_r1/results/8tp5_hl/seed_0/predictions/8tp5_hl_sample_0.cif,8tp5_HL,seed4_r1,8tp5_hl_sample_0.cif,0.30727
/mnt/data/admuser/msadepth/compreps/seedrep_cand/protenix/8tp5_HL/d307/seed4_r1/results/8tp5_hl/seed_0/predictions/8tp5_hl_sample_1.cif,8tp5_HL,seed4_r1,8tp5_hl_sample_1.cif,0.306
/mnt/data/admuser/msadepth/compreps/seedrep_cand/protenix/8tp5_HL/d307/seed4_r1/results/8tp5_hl/seed_0/predictions/8tp5_hl_sample_2.cif,8tp5_HL,seed4_r1,8tp5_hl_sample_2.cif,0.30524
/mnt/data/admuser/msadepth/compreps/seedrep_cand/protenix/8tp5_HL/d307/seed4_r1/results/8tp5_hl/seed_0/predictions/8tp5_hl_sample_3.cif,8tp5_HL,seed4_r1,8tp5_hl_sample_3.cif,0.3019
/mnt/data/admuser/msadepth/compreps/seedrep_cand/protenix/8tp5_HL/d307/seed4_r1/results/8tp5_hl/seed_0/predictions/8tp5_hl_sample_4.cif,8tp5_HL,seed4_r1,8tp5_hl_sample_4.cif,0.30106
/mnt/data/admuser/msadepth/compreps/seedrep_cand/protenix/8tp5_HL/d307/seed4_r2/results/8tp5_hl/seed_0/predictions/8tp5_hl_sample_0.cif,8tp5_HL,seed4_r2,8tp5_hl_sample_0.cif,0.16637
/mnt/data/admuser/msadepth/compreps/seedrep_cand/protenix/8tp5_HL/d307/seed4_r2/results/8tp5_hl/seed_0/predictions/8tp5_hl_sample_1.cif,8tp5_HL,seed4_r2,8tp5_hl_sample_1.cif,0.16432
/mnt/data/admuser/msadepth/compreps/seedrep_cand/protenix/8tp5_HL/d307/seed4_r2/results/8tp5_hl/seed_0/predictions/8tp5_hl_sample_2.cif,8tp5_HL,seed4_r2,8tp5_hl_sample_2.cif,0.16417
/mnt/data/admuser/msadepth/compreps/seedrep_cand/protenix/8tp5_HL/d307/seed4_r2/results/8tp5_hl/seed_0/predictions/8tp5_hl_sample_3.cif,8tp5_HL,seed4_r2,8tp5_hl_sample_3.cif,0.16496
/mnt/data/admuser/msadepth/compreps/seedrep_cand/protenix/8tp5_HL/d307/seed4_r2/results/8tp5_hl/seed_0/predictions/8tp5_hl_sample_4.cif,8tp5_HL,seed4_r2,8tp5_hl_sample_4.cif,0.16192
/mnt/data/admuser/msadepth/compreps/seedrep_cand/protenix/8tp5_HL/d307/seed4_r3/results/8tp5_hl/seed_0/predictions/8tp5_hl_sample_0.cif,8tp5_HL,seed4_r3,8tp5_hl_sample_0.cif,0.16608
/mnt/data/admuser/msadepth/compreps/seedrep_cand/protenix/8tp5_HL/d307/seed4_r3/results/8tp5_hl/seed_0/predictions/8tp5_hl_sample_1.cif,8tp5_HL,seed4_r3,8tp5_hl_sample_1.cif,0.16414
/mnt/data/admuser/msadepth/compreps/seedrep_cand/protenix/8tp5_HL/d307/seed4_r3/results/8tp5_hl/seed_0/predictions/8tp5_hl_sample_2.cif,8tp5_HL,seed4_r3,8tp5_hl_sample_2.cif,0.16249
/mnt/data/admuser/msadepth/compreps/seedrep_cand/protenix/8tp5_HL/d307/seed4_r3/results/8tp5_hl/seed_0/predictions/8tp5_hl_sample_3.cif,8tp5_HL,seed4_r3,8tp5_hl_sample_3.cif,0.15982
/mnt/data/admuser/msadepth/compreps/seedrep_cand/protenix/8tp5_HL/d307/seed4_r3/results/8tp5_hl/seed_0/predictions/8tp5_hl_sample_4.cif,8tp5_HL,seed4_r3,8tp5_hl_sample_4.cif,0.15812
/mnt/data/admuser/msadepth/compreps/seedrep_cand/protenix/8tp5_HL/d307/seed5_r0/results/8tp5_hl/seed_0/predictions/8tp5_hl_sample_0.cif,8tp5_HL,seed5_r0,8tp5_hl_sample_0.cif,0.24927
/mnt/data/admuser/msadepth/compreps/seedrep_cand/protenix/8tp5_HL/d307/seed5_r0/results/8tp5_hl/seed_0/predictions/8tp5_hl_sample_1.cif,8tp5_HL,seed5_r0,8tp5_hl_sample_1.cif,0.24725
/mnt/data/admuser/msadepth/compreps/seedrep_cand/protenix/8tp5_HL/d307/seed5_r0/results/8tp5_hl/seed_0/predictions/8tp5_hl_sample_2.cif,8tp5_HL,seed5_r0,8tp5_hl_sample_2.cif,0.24683
/mnt/data/admuser/msadepth/compreps/seedrep_cand/protenix/8tp5_HL/d307/seed5_r0/results/8tp5_hl/seed_0/predictions/8tp5_hl_sample_3.cif,8tp5_HL,seed5_r0,8tp5_hl_sample_3.cif,0.24437
/mnt/data/admuser/msadepth/compreps/seedrep_cand/protenix/8tp5_HL/d307/seed5_r0/results/8tp5_hl/seed_0/predictions/8tp5_hl_sample_4.cif,8tp5_HL,seed5_r0,8tp5_hl_sample_4.cif,0.24284
/mnt/data/admuser/msadepth/compreps/seedrep_cand/protenix/8tp5_HL/d307/seed5_r1/results/8tp5_hl/seed_0/predictions/8tp5_hl_sample_0.cif,8tp5_HL,seed5_r1,8tp5_hl_sample_0.cif,0.286
/mnt/data/admuser/msadepth/compreps/seedrep_cand/protenix/8tp5_HL/d307/seed5_r1/results/8tp5_hl/seed_0/predictions/8tp5_hl_sample_1.cif,8tp5_HL,seed5_r1,8tp5_hl_sample_1.cif,0.27944
/mnt/data/admuser/msadepth/compreps/seedrep_cand/protenix/8tp5_HL/d307/seed5_r1/results/8tp5_hl/seed_0/predictions/8tp5_hl_sample_2.cif,8tp5_HL,seed5_r1,8tp5_hl_sample_2.cif,0.27451
/mnt/data/admuser/msadepth/compreps/seedrep_cand/protenix/8tp5_HL/d307/seed5_r1/results/8tp5_hl/seed_0/predictions/8tp5_hl_sample_3.cif,8tp5_HL,seed5_r1,8tp5_hl_sample_3.cif,0.27018
/mnt/data/admuser/msadepth/compreps/seedrep_cand/protenix/8tp5_HL/d307/seed5_r1/results/8tp5_hl/seed_0/predictions/8tp5_hl_sample_4.cif,8tp5_HL,seed5_r1,8tp5_hl_sample_4.cif,0.25233
/mnt/data/admuser/msadepth/compreps/seedrep_cand/protenix/8tp5_HL/d307/seed5_r2/results/8tp5_hl/seed_0/predictions/8tp5_hl_sample_0.cif,8tp5_HL,seed5_r2,8tp5_hl_sample_0.cif,0.32064
/mnt/data/admuser/msadepth/compreps/seedrep_cand/protenix/8tp5_HL/d307/seed5_r2/results/8tp5_hl/seed_0/predictions/8tp5_hl_sample_1.cif,8tp5_HL,seed5_r2,8tp5_hl_sample_1.cif,0.31701
/mnt/data/admuser/msadepth/compreps/seedrep_cand/protenix/8tp5_HL/d307/seed5_r2/results/8tp5_hl/seed_0/predictions/8tp5_hl_sample_2.cif,8tp5_HL,seed5_r2,8tp5_hl_sample_2.cif,0.3129
/mnt/data/admuser/msadepth/compreps/seedrep_cand/protenix/8tp5_HL/d307/seed5_r2/results/8tp5_hl/seed_0/predictions/8tp5_hl_sample_3.cif,8tp5_HL,seed5_r2,8tp5_hl_sample_3.cif,0.31062
/mnt/data/admuser/msadepth/compreps/seedrep_cand/protenix/8tp5_HL/d307/seed5_r2/results/8tp5_hl/seed_0/predictions/8tp5_hl_sample_4.cif,8tp5_HL,seed5_r2,8tp5_hl_sample_4.cif,0.30632
/mnt/data/admuser/msadepth/compreps/seedrep_cand/protenix/8tp5_HL/d307/seed5_r3/results/8tp5_hl/seed_0/predictions/8tp5_hl_sample_0.cif,8tp5_HL,seed5_r3,8tp5_hl_sample_0.cif,0.26149
/mnt/data/admuser/msadepth/compreps/seedrep_cand/protenix/8tp5_HL/d307/seed5_r3/results/8tp5_hl/seed_0/predictions/8tp5_hl_sample_1.cif,8tp5_HL,seed5_r3,8tp5_hl_sample_1.cif,0.25141
/mnt/data/admuser/msadepth/compreps/seedrep_cand/protenix/8tp5_HL/d307/seed5_r3/results/8tp5_hl/seed_0/predictions/8tp5_hl_sample_2.cif,8tp5_HL,seed5_r3,8tp5_hl_sample_2.cif,0.247
/mnt/data/admuser/msadepth/compreps/seedrep_cand/protenix/8tp5_HL/d307/seed5_r3/results/8tp5_hl/seed_0/predictions/8tp5_hl_sample_3.cif,8tp5_HL,seed5_r3,8tp5_hl_sample_3.cif,0.24396
/mnt/data/admuser/msadepth/compreps/seedrep_cand/protenix/8tp5_HL/d307/seed5_r3/results/8tp5_hl/seed_0/predictions/8tp5_hl_sample_4.cif,8tp5_HL,seed5_r3,8tp5_hl_sample_4.cif,0.21915
/mnt/data/admuser/msadepth/compreps/seedrep_cand/protenix/8tp5_HL/d307/seedfull_r0/results/8tp5_hl/seed_0/predictions/8tp5_hl_sample_0.cif,8tp5_HL,seedfull_r0,8tp5_hl_sample_0.cif,0.32082
/mnt/data/admuser/msadepth/compreps/seedrep_cand/protenix/8tp5_HL/d307/seedfull_r0/results/8tp5_hl/seed_0/predictions/8tp5_hl_sample_1.cif,8tp5_HL,seedfull_r0,8tp5_hl_sample_1.cif,0.31705
/mnt/data/admuser/msadepth/compreps/seedrep_cand/protenix/8tp5_HL/d307/seedfull_r0/results/8tp5_hl/seed_0/predictions/8tp5_hl_sample_2.cif,8tp5_HL,seedfull_r0,8tp5_hl_sample_2.cif,0.31687
/mnt/data/admuser/msadepth/compreps/seedrep_cand/protenix/8tp5_HL/d307/seedfull_r0/results/8tp5_hl/seed_0/predictions/8tp5_hl_sample_3.cif,8tp5_HL,seedfull_r0,8tp5_hl_sample_3.cif,0.3171
/mnt/data/admuser/msadepth/compreps/seedrep_cand/protenix/8tp5_HL/d307/seedfull_r0/results/8tp5_hl/seed_0/predictions/8tp5_hl_sample_4.cif,8tp5_HL,seedfull_r0,8tp5_hl_sample_4.cif,0.31339
/mnt/data/admuser/msadepth/compreps/seedrep_cand/protenix/8tp5_HL/d307/seedfull_r1/results/8tp5_hl/seed_0/predictions/8tp5_hl_sample_0.cif,8tp5_HL,seedfull_r1,8tp5_hl_sample_0.cif,0.17243
/mnt/data/admuser/msadepth/compreps/seedrep_cand/protenix/8tp5_HL/d307/seedfull_r1/results/8tp5_hl/seed_0/predictions/8tp5_hl_sample_1.cif,8tp5_HL,seedfull_r1,8tp5_hl_sample_1.cif,0.16983
/mnt/data/admuser/msadepth/compreps/seedrep_cand/protenix/8tp5_HL/d307/seedfull_r1/results/8tp5_hl/seed_0/predictions/8tp5_hl_sample_2.cif,8tp5_HL,seedfull_r1,8tp5_hl_sample_2.cif,0.1662
/mnt/data/admuser/msadepth/compreps/seedrep_cand/protenix/8tp5_HL/d307/seedfull_r1/results/8tp5_hl/seed_0/predictions/8tp5_hl_sample_3.cif,8tp5_HL,seedfull_r1,8tp5_hl_sample_3.cif,0.16059
/mnt/data/admuser/msadepth/compreps/seedrep_cand/protenix/8tp5_HL/d307/seedfull_r1/results/8tp5_hl/seed_0/predictions/8tp5_hl_sample_4.cif,8tp5_HL,seedfull_r1,8tp5_hl_sample_4.cif,0.14875
/mnt/data/admuser/msadepth/compreps/seedrep_cand/protenix/8tp5_HL/d307/seedfull_r10/results/8tp5_hl/seed_0/predictions/8tp5_hl_sample_0.cif,8tp5_HL,seedfull_r10,8tp5_hl_sample_0.cif,0.31752
/mnt/data/admuser/msadepth/compreps/seedrep_cand/protenix/8tp5_HL/d307/seedfull_r10/results/8tp5_hl/seed_0/predictions/8tp5_hl_sample_1.cif,8tp5_HL,seedfull_r10,8tp5_hl_sample_1.cif,0.31637
/mnt/data/admuser/msadepth/compreps/seedrep_cand/protenix/8tp5_HL/d307/seedfull_r10/results/8tp5_hl/seed_0/predictions/8tp5_hl_sample_2.cif,8tp5_HL,seedfull_r10,8tp5_hl_sample_2.cif,0.31503
/mnt/data/admuser/msadepth/compreps/seedrep_cand/protenix/8tp5_HL/d307/seedfull_r10/results/8tp5_hl/seed_0/predictions/8tp5_hl_sample_3.cif,8tp5_HL,seedfull_r10,8tp5_hl_sample_3.cif,0.31172
/mnt/data/admuser/msadepth/compreps/seedrep_cand/protenix/8tp5_HL/d307/seedfull_r10/results/8tp5_hl/seed_0/predictions/8tp5_hl_sample_4.cif,8tp5_HL,seedfull_r10,8tp5_hl_sample_4.cif,0.31191
/mnt/data/admuser/msadepth/compreps/seedrep_cand/protenix/8tp5_HL/d307/seedfull_r11/results/8tp5_hl/seed_0/predictions/8tp5_hl_sample_0.cif,8tp5_HL,seedfull_r11,8tp5_hl_sample_0.cif,0.18043
/mnt/data/admuser/msadepth/compreps/seedrep_cand/protenix/8tp5_HL/d307/seedfull_r11/results/8tp5_hl/seed_0/predictions/8tp5_hl_sample_1.cif,8tp5_HL,seedfull_r11,8tp5_hl_sample_1.cif,0.17734
/mnt/data/admuser/msadepth/compreps/seedrep_cand/protenix/8tp5_HL/d307/seedfull_r11/results/8tp5_hl/seed_0/predictions/8tp5_hl_sample_2.cif,8tp5_HL,seedfull_r11,8tp5_hl_sample_2.cif,0.17189
/mnt/data/admuser/msadepth/compreps/seedrep_cand/protenix/8tp5_HL/d307/seedfull_r11/results/8tp5_hl/seed_0/predictions/8tp5_hl_sample_3.cif,8tp5_HL,seedfull_r11,8tp5_hl_sample_3.cif,0.16601
/mnt/data/admuser/msadepth/compreps/seedrep_cand/protenix/8tp5_HL/d307/seedfull_r11/results/8tp5_hl/seed_0/predictions/8tp5_hl_sample_4.cif,8tp5_HL,seedfull_r11,8tp5_hl_sample_4.cif,0.16038
/mnt/data/admuser/msadepth/compreps/seedrep_cand/protenix/8tp5_HL/d307/seedfull_r12/results/8tp5_hl/seed_0/predictions/8tp5_hl_sample_0.cif,8tp5_HL,seedfull_r12,8tp5_hl_sample_0.cif,0.29885
/mnt/data/admuser/msadepth/compreps/seedrep_cand/protenix/8tp5_HL/d307/seedfull_r12/results/8tp5_hl/seed_0/predictions/8tp5_hl_sample_1.cif,8tp5_HL,seedfull_r12,8tp5_hl_sample_1.cif,0.2924
/mnt/data/admuser/msadepth/compreps/seedrep_cand/protenix/8tp5_HL/d307/seedfull_r12/results/8tp5_hl/seed_0/predictions/8tp5_hl_sample_2.cif,8tp5_HL,seedfull_r12,8tp5_hl_sample_2.cif,0.29193
/mnt/data/admuser/msadepth/compreps/seedrep_cand/protenix/8tp5_HL/d307/seedfull_r12/results/8tp5_hl/seed_0/predictions/8tp5_hl_sample_3.cif,8tp5_HL,seedfull_r12,8tp5_hl_sample_3.cif,0.28967
/mnt/data/admuser/msadepth/compreps/seedrep_cand/protenix/8tp5_HL/d307/seedfull_r12/results/8tp5_hl/seed_0/predictions/8tp5_hl_sample_4.cif,8tp5_HL,seedfull_r12,8tp5_hl_sample_4.cif,0.28497
/mnt/data/admuser/msadepth/compreps/seedrep_cand/protenix/8tp5_HL/d307/seedfull_r13/results/8tp5_hl/seed_0/predictions/8tp5_hl_sample_0.cif,8tp5_HL,seedfull_r13,8tp5_hl_sample_0.cif,0.17415
/mnt/data/admuser/msadepth/compreps/seedrep_cand/protenix/8tp5_HL/d307/seedfull_r13/results/8tp5_hl/seed_0/predictions/8tp5_hl_sample_1.cif,8tp5_HL,seedfull_r13,8tp5_hl_sample_1.cif,0.17377
/mnt/data/admuser/msadepth/compreps/seedrep_cand/protenix/8tp5_HL/d307/seedfull_r13/results/8tp5_hl/seed_0/predictions/8tp5_hl_sample_2.cif,8tp5_HL,seedfull_r13,8tp5_hl_sample_2.cif,0.17308
/mnt/data/admuser/msadepth/compreps/seedrep_cand/protenix/8tp5_HL/d307/seedfull_r13/results/8tp5_hl/seed_0/predictions/8tp5_hl_sample_3.cif,8tp5_HL,seedfull_r13,8tp5_hl_sample_3.cif,0.1734
/mnt/data/admuser/msadepth/compreps/seedrep_cand/protenix/8tp5_HL/d307/seedfull_r13/results/8tp5_hl/seed_0/predictions/8tp5_hl_sample_4.cif,8tp5_HL,seedfull_r13,8tp5_hl_sample_4.cif,0.16316
/mnt/data/admuser/msadepth/compreps/seedrep_cand/protenix/8tp5_HL/d307/seedfull_r14/results/8tp5_hl/seed_0/predictions/8tp5_hl_sample_0.cif,8tp5_HL,seedfull_r14,8tp5_hl_sample_0.cif,0.19142
/mnt/data/admuser/msadepth/compreps/seedrep_cand/protenix/8tp5_HL/d307/seedfull_r14/results/8tp5_hl/seed_0/predictions/8tp5_hl_sample_1.cif,8tp5_HL,seedfull_r14,8tp5_hl_sample_1.cif,0.18329
/mnt/data/admuser/msadepth/compreps/seedrep_cand/protenix/8tp5_HL/d307/seedfull_r14/results/8tp5_hl/seed_0/predictions/8tp5_hl_sample_2.cif,8tp5_HL,seedfull_r14,8tp5_hl_sample_2.cif,0.18244
/mnt/data/admuser/msadepth/compreps/seedrep_cand/protenix/8tp5_HL/d307/seedfull_r14/results/8tp5_hl/seed_0/predictions/8tp5_hl_sample_3.cif,8tp5_HL,seedfull_r14,8tp5_hl_sample_3.cif,0.17823
/mnt/data/admuser/msadepth/compreps/seedrep_cand/protenix/8tp5_HL/d307/seedfull_r14/results/8tp5_hl/seed_0/predictions/8tp5_hl_sample_4.cif,8tp5_HL,seedfull_r14,8tp5_hl_sample_4.cif,0.17656
/mnt/data/admuser/msadepth/compreps/seedrep_cand/protenix/8tp5_HL/d307/seedfull_r15/results/8tp5_hl/seed_0/predictions/8tp5_hl_sample_0.cif,8tp5_HL,seedfull_r15,8tp5_hl_sample_0.cif,0.1916
/mnt/data/admuser/msadepth/compreps/seedrep_cand/protenix/8tp5_HL/d307/seedfull_r15/results/8tp5_hl/seed_0/predictions/8tp5_hl_sample_1.cif,8tp5_HL,seedfull_r15,8tp5_hl_sample_1.cif,0.18607
/mnt/data/admuser/msadepth/compreps/seedrep_cand/protenix/8tp5_HL/d307/seedfull_r15/results/8tp5_hl/seed_0/predictions/8tp5_hl_sample_2.cif,8tp5_HL,seedfull_r15,8tp5_hl_sample_2.cif,0.18512
/mnt/data/admuser/msadepth/compreps/seedrep_cand/protenix/8tp5_HL/d307/seedfull_r15/results/8tp5_hl/seed_0/predictions/8tp5_hl_sample_3.cif,8tp5_HL,seedfull_r15,8tp5_hl_sample_3.cif,0.18437
/mnt/data/admuser/msadepth/compreps/seedrep_cand/protenix/8tp5_HL/d307/seedfull_r15/results/8tp5_hl/seed_0/predictions/8tp5_hl_sample_4.cif,8tp5_HL,seedfull_r15,8tp5_hl_sample_4.cif,0.18312
/mnt/data/admuser/msadepth/compreps/seedrep_cand/protenix/8tp5_HL/d307/seedfull_r16/results/8tp5_hl/seed_0/predictions/8tp5_hl_sample_0.cif,8tp5_HL,seedfull_r16,8tp5_hl_sample_0.cif,0.25253
/mnt/data/admuser/msadepth/compreps/seedrep_cand/protenix/8tp5_HL/d307/seedfull_r16/results/8tp5_hl/seed_0/predictions/8tp5_hl_sample_1.cif,8tp5_HL,seedfull_r16,8tp5_hl_sample_1.cif,0.25285
/mnt/data/admuser/msadepth/compreps/seedrep_cand/protenix/8tp5_HL/d307/seedfull_r16/results/8tp5_hl/seed_0/predictions/8tp5_hl_sample_2.cif,8tp5_HL,seedfull_r16,8tp5_hl_sample_2.cif,0.24825
/mnt/data/admuser/msadepth/compreps/seedrep_cand/protenix/8tp5_HL/d307/seedfull_r16/results/8tp5_hl/seed_0/predictions/8tp5_hl_sample_3.cif,8tp5_HL,seedfull_r16,8tp5_hl_sample_3.cif,0.22266
/mnt/data/admuser/msadepth/compreps/seedrep_cand/protenix/8tp5_HL/d307/seedfull_r16/results/8tp5_hl/seed_0/predictions/8tp5_hl_sample_4.cif,8tp5_HL,seedfull_r16,8tp5_hl_sample_4.cif,0.18733
/mnt/data/admuser/msadepth/compreps/seedrep_cand/protenix/8tp5_HL/d307/seedfull_r17/results/8tp5_hl/seed_0/predictions/8tp5_hl_sample_0.cif,8tp5_HL,seedfull_r17,8tp5_hl_sample_0.cif,0.28539
/mnt/data/admuser/msadepth/compreps/seedrep_cand/protenix/8tp5_HL/d307/seedfull_r17/results/8tp5_hl/seed_0/predictions/8tp5_hl_sample_1.cif,8tp5_HL,seedfull_r17,8tp5_hl_sample_1.cif,0.2851
/mnt/data/admuser/msadepth/compreps/seedrep_cand/protenix/8tp5_HL/d307/seedfull_r17/results/8tp5_hl/seed_0/predictions/8tp5_hl_sample_2.cif,8tp5_HL,seedfull_r17,8tp5_hl_sample_2.cif,0.28495
/mnt/data/admuser/msadepth/compreps/seedrep_cand/protenix/8tp5_HL/d307/seedfull_r17/results/8tp5_hl/seed_0/predictions/8tp5_hl_sample_3.cif,8tp5_HL,seedfull_r17,8tp5_hl_sample_3.cif,0.28467
/mnt/data/admuser/msadepth/compreps/seedrep_cand/protenix/8tp5_HL/d307/seedfull_r17/results/8tp5_hl/seed_0/predictions/8tp5_hl_sample_4.cif,8tp5_HL,seedfull_r17,8tp5_hl_sample_4.cif,0.28341
/mnt/data/admuser/msadepth/compreps/seedrep_cand/protenix/8tp5_HL/d307/seedfull_r18/results/8tp5_hl/seed_0/predictions/8tp5_hl_sample_0.cif,8tp5_HL,seedfull_r18,8tp5_hl_sample_0.cif,0.17109
/mnt/data/admuser/msadepth/compreps/seedrep_cand/protenix/8tp5_HL/d307/seedfull_r18/results/8tp5_hl/seed_0/predictions/8tp5_hl_sample_1.cif,8tp5_HL,seedfull_r18,8tp5_hl_sample_1.cif,0.16972
/mnt/data/admuser/msadepth/compreps/seedrep_cand/protenix/8tp5_HL/d307/seedfull_r18/results/8tp5_hl/seed_0/predictions/8tp5_hl_sample_2.cif,8tp5_HL,seedfull_r18,8tp5_hl_sample_2.cif,0.16653
/mnt/data/admuser/msadepth/compreps/seedrep_cand/protenix/8tp5_HL/d307/seedfull_r18/results/8tp5_hl/seed_0/predictions/8tp5_hl_sample_3.cif,8tp5_HL,seedfull_r18,8tp5_hl_sample_3.cif,0.16183
/mnt/data/admuser/msadepth/compreps/seedrep_cand/protenix/8tp5_HL/d307/seedfull_r18/results/8tp5_hl/seed_0/predictions/8tp5_hl_sample_4.cif,8tp5_HL,seedfull_r18,8tp5_hl_sample_4.cif,0.14657
/mnt/data/admuser/msadepth/compreps/seedrep_cand/protenix/8tp5_HL/d307/seedfull_r19/results/8tp5_hl/seed_0/predictions/8tp5_hl_sample_0.cif,8tp5_HL,seedfull_r19,8tp5_hl_sample_0.cif,0.18541
/mnt/data/admuser/msadepth/compreps/seedrep_cand/protenix/8tp5_HL/d307/seedfull_r19/results/8tp5_hl/seed_0/predictions/8tp5_hl_sample_1.cif,8tp5_HL,seedfull_r19,8tp5_hl_sample_1.cif,0.18421
/mnt/data/admuser/msadepth/compreps/seedrep_cand/protenix/8tp5_HL/d307/seedfull_r19/results/8tp5_hl/seed_0/predictions/8tp5_hl_sample_2.cif,8tp5_HL,seedfull_r19,8tp5_hl_sample_2.cif,0.17003
/mnt/data/admuser/msadepth/compreps/seedrep_cand/protenix/8tp5_HL/d307/seedfull_r19/results/8tp5_hl/seed_0/predictions/8tp5_hl_sample_3.cif,8tp5_HL,seedfull_r19,8tp5_hl_sample_3.cif,0.16843
/mnt/data/admuser/msadepth/compreps/seedrep_cand/protenix/8tp5_HL/d307/seedfull_r19/results/8tp5_hl/seed_0/predictions/8tp5_hl_sample_4.cif,8tp5_HL,seedfull_r19,8tp5_hl_sample_4.cif,0.15261
/mnt/data/admuser/msadepth/compreps/seedrep_cand/protenix/8tp5_HL/d307/seedfull_r2/results/8tp5_hl/seed_0/predictions/8tp5_hl_sample_0.cif,8tp5_HL,seedfull_r2,8tp5_hl_sample_0.cif,0.19289
/mnt/data/admuser/msadepth/compreps/seedrep_cand/protenix/8tp5_HL/d307/seedfull_r2/results/8tp5_hl/seed_0/predictions/8tp5_hl_sample_1.cif,8tp5_HL,seedfull_r2,8tp5_hl_sample_1.cif,0.18626
/mnt/data/admuser/msadepth/compreps/seedrep_cand/protenix/8tp5_HL/d307/seedfull_r2/results/8tp5_hl/seed_0/predictions/8tp5_hl_sample_2.cif,8tp5_HL,seedfull_r2,8tp5_hl_sample_2.cif,0.18343
/mnt/data/admuser/msadepth/compreps/seedrep_cand/protenix/8tp5_HL/d307/seedfull_r2/results/8tp5_hl/seed_0/predictions/8tp5_hl_sample_3.cif,8tp5_HL,seedfull_r2,8tp5_hl_sample_3.cif,0.1703
/mnt/data/admuser/msadepth/compreps/seedrep_cand/protenix/8tp5_HL/d307/seedfull_r2/results/8tp5_hl/seed_0/predictions/8tp5_hl_sample_4.cif,8tp5_HL,seedfull_r2,8tp5_hl_sample_4.cif,0.16404
/mnt/data/admuser/msadepth/compreps/seedrep_cand/protenix/8tp5_HL/d307/seedfull_r3/results/8tp5_hl/seed_0/predictions/8tp5_hl_sample_0.cif,8tp5_HL,seedfull_r3,8tp5_hl_sample_0.cif,0.33818
/mnt/data/admuser/msadepth/compreps/seedrep_cand/protenix/8tp5_HL/d307/seedfull_r3/results/8tp5_hl/seed_0/predictions/8tp5_hl_sample_1.cif,8tp5_HL,seedfull_r3,8tp5_hl_sample_1.cif,0.33798
/mnt/data/admuser/msadepth/compreps/seedrep_cand/protenix/8tp5_HL/d307/seedfull_r3/results/8tp5_hl/seed_0/predictions/8tp5_hl_sample_2.cif,8tp5_HL,seedfull_r3,8tp5_hl_sample_2.cif,0.33679
/mnt/data/admuser/msadepth/compreps/seedrep_cand/protenix/8tp5_HL/d307/seedfull_r3/results/8tp5_hl/seed_0/predictions/8tp5_hl_sample_3.cif,8tp5_HL,seedfull_r3,8tp5_hl_sample_3.cif,0.33609
/mnt/data/admuser/msadepth/compreps/seedrep_cand/protenix/8tp5_HL/d307/seedfull_r3/results/8tp5_hl/seed_0/predictions/8tp5_hl_sample_4.cif,8tp5_HL,seedfull_r3,8tp5_hl_sample_4.cif,0.33337
/mnt/data/admuser/msadepth/compreps/seedrep_cand/protenix/8tp5_HL/d307/seedfull_r4/results/8tp5_hl/seed_0/predictions/8tp5_hl_sample_0.cif,8tp5_HL,seedfull_r4,8tp5_hl_sample_0.cif,0.17645
/mnt/data/admuser/msadepth/compreps/seedrep_cand/protenix/8tp5_HL/d307/seedfull_r4/results/8tp5_hl/seed_0/predictions/8tp5_hl_sample_1.cif,8tp5_HL,seedfull_r4,8tp5_hl_sample_1.cif,0.17582
/mnt/data/admuser/msadepth/compreps/seedrep_cand/protenix/8tp5_HL/d307/seedfull_r4/results/8tp5_hl/seed_0/predictions/8tp5_hl_sample_2.cif,8tp5_HL,seedfull_r4,8tp5_hl_sample_2.cif,0.17539
/mnt/data/admuser/msadepth/compreps/seedrep_cand/protenix/8tp5_HL/d307/seedfull_r4/results/8tp5_hl/seed_0/predictions/8tp5_hl_sample_3.cif,8tp5_HL,seedfull_r4,8tp5_hl_sample_3.cif,0.16634
/mnt/data/admuser/msadepth/compreps/seedrep_cand/protenix/8tp5_HL/d307/seedfull_r4/results/8tp5_hl/seed_0/predictions/8tp5_hl_sample_4.cif,8tp5_HL,seedfull_r4,8tp5_hl_sample_4.cif,0.16436
/mnt/data/admuser/msadepth/compreps/seedrep_cand/protenix/8tp5_HL/d307/seedfull_r5/results/8tp5_hl/seed_0/predictions/8tp5_hl_sample_0.cif,8tp5_HL,seedfull_r5,8tp5_hl_sample_0.cif,0.20037
/mnt/data/admuser/msadepth/compreps/seedrep_cand/protenix/8tp5_HL/d307/seedfull_r5/results/8tp5_hl/seed_0/predictions/8tp5_hl_sample_1.cif,8tp5_HL,seedfull_r5,8tp5_hl_sample_1.cif,0.19986
/mnt/data/admuser/msadepth/compreps/seedrep_cand/protenix/8tp5_HL/d307/seedfull_r5/results/8tp5_hl/seed_0/predictions/8tp5_hl_sample_2.cif,8tp5_HL,seedfull_r5,8tp5_hl_sample_2.cif,0.1994
/mnt/data/admuser/msadepth/compreps/seedrep_cand/protenix/8tp5_HL/d307/seedfull_r5/results/8tp5_hl/seed_0/predictions/8tp5_hl_sample_3.cif,8tp5_HL,seedfull_r5,8tp5_hl_sample_3.cif,0.19647
/mnt/data/admuser/msadepth/compreps/seedrep_cand/protenix/8tp5_HL/d307/seedfull_r5/results/8tp5_hl/seed_0/predictions/8tp5_hl_sample_4.cif,8tp5_HL,seedfull_r5,8tp5_hl_sample_4.cif,0.18528
/mnt/data/admuser/msadepth/compreps/seedrep_cand/protenix/8tp5_HL/d307/seedfull_r6/results/8tp5_hl/seed_0/predictions/8tp5_hl_sample_0.cif,8tp5_HL,seedfull_r6,8tp5_hl_sample_0.cif,0.20592
/mnt/data/admuser/msadepth/compreps/seedrep_cand/protenix/8tp5_HL/d307/seedfull_r6/results/8tp5_hl/seed_0/predictions/8tp5_hl_sample_1.cif,8tp5_HL,seedfull_r6,8tp5_hl_sample_1.cif,0.20521
/mnt/data/admuser/msadepth/compreps/seedrep_cand/protenix/8tp5_HL/d307/seedfull_r6/results/8tp5_hl/seed_0/predictions/8tp5_hl_sample_2.cif,8tp5_HL,seedfull_r6,8tp5_hl_sample_2.cif,0.20443
/mnt/data/admuser/msadepth/compreps/seedrep_cand/protenix/8tp5_HL/d307/seedfull_r6/results/8tp5_hl/seed_0/predictions/8tp5_hl_sample_3.cif,8tp5_HL,seedfull_r6,8tp5_hl_sample_3.cif,0.2048
/mnt/data/admuser/msadepth/compreps/seedrep_cand/protenix/8tp5_HL/d307/seedfull_r6/results/8tp5_hl/seed_0/predictions/8tp5_hl_sample_4.cif,8tp5_HL,seedfull_r6,8tp5_hl_sample_4.cif,0.19972
/mnt/data/admuser/msadepth/compreps/seedrep_cand/protenix/8tp5_HL/d307/seedfull_r7/results/8tp5_hl/seed_0/predictions/8tp5_hl_sample_0.cif,8tp5_HL,seedfull_r7,8tp5_hl_sample_0.cif,0.22999
/mnt/data/admuser/msadepth/compreps/seedrep_cand/protenix/8tp5_HL/d307/seedfull_r7/results/8tp5_hl/seed_0/predictions/8tp5_hl_sample_1.cif,8tp5_HL,seedfull_r7,8tp5_hl_sample_1.cif,0.22174
/mnt/data/admuser/msadepth/compreps/seedrep_cand/protenix/8tp5_HL/d307/seedfull_r7/results/8tp5_hl/seed_0/predictions/8tp5_hl_sample_2.cif,8tp5_HL,seedfull_r7,8tp5_hl_sample_2.cif,0.22082
/mnt/data/admuser/msadepth/compreps/seedrep_cand/protenix/8tp5_HL/d307/seedfull_r7/results/8tp5_hl/seed_0/predictions/8tp5_hl_sample_3.cif,8tp5_HL,seedfull_r7,8tp5_hl_sample_3.cif,0.19787
/mnt/data/admuser/msadepth/compreps/seedrep_cand/protenix/8tp5_HL/d307/seedfull_r7/results/8tp5_hl/seed_0/predictions/8tp5_hl_sample_4.cif,8tp5_HL,seedfull_r7,8tp5_hl_sample_4.cif,0.17429
/mnt/data/admuser/msadepth/compreps/seedrep_cand/protenix/8tp5_HL/d307/seedfull_r8/results/8tp5_hl/seed_0/predictions/8tp5_hl_sample_0.cif,8tp5_HL,seedfull_r8,8tp5_hl_sample_0.cif,0.2038
/mnt/data/admuser/msadepth/compreps/seedrep_cand/protenix/8tp5_HL/d307/seedfull_r8/results/8tp5_hl/seed_0/predictions/8tp5_hl_sample_1.cif,8tp5_HL,seedfull_r8,8tp5_hl_sample_1.cif,0.20337
/mnt/data/admuser/msadepth/compreps/seedrep_cand/protenix/8tp5_HL/d307/seedfull_r8/results/8tp5_hl/seed_0/predictions/8tp5_hl_sample_2.cif,8tp5_HL,seedfull_r8,8tp5_hl_sample_2.cif,0.2021
/mnt/data/admuser/msadepth/compreps/seedrep_cand/protenix/8tp5_HL/d307/seedfull_r8/results/8tp5_hl/seed_0/predictions/8tp5_hl_sample_3.cif,8tp5_HL,seedfull_r8,8tp5_hl_sample_3.cif,0.19393
/mnt/data/admuser/msadepth/compreps/seedrep_cand/protenix/8tp5_HL/d307/seedfull_r8/results/8tp5_hl/seed_0/predictions/8tp5_hl_sample_4.cif,8tp5_HL,seedfull_r8,8tp5_hl_sample_4.cif,0.17392
/mnt/data/admuser/msadepth/compreps/seedrep_cand/protenix/8tp5_HL/d307/seedfull_r9/results/8tp5_hl/seed_0/predictions/8tp5_hl_sample_0.cif,8tp5_HL,seedfull_r9,8tp5_hl_sample_0.cif,0.21647
/mnt/data/admuser/msadepth/compreps/seedrep_cand/protenix/8tp5_HL/d307/seedfull_r9/results/8tp5_hl/seed_0/predictions/8tp5_hl_sample_1.cif,8tp5_HL,seedfull_r9,8tp5_hl_sample_1.cif,0.21345
/mnt/data/admuser/msadepth/compreps/seedrep_cand/protenix/8tp5_HL/d307/seedfull_r9/results/8tp5_hl/seed_0/predictions/8tp5_hl_sample_2.cif,8tp5_HL,seedfull_r9,8tp5_hl_sample_2.cif,0.21229
/mnt/data/admuser/msadepth/compreps/seedrep_cand/protenix/8tp5_HL/d307/seedfull_r9/results/8tp5_hl/seed_0/predictions/8tp5_hl_sample_3.cif,8tp5_HL,seedfull_r9,8tp5_hl_sample_3.cif,0.19813
/mnt/data/admuser/msadepth/compreps/seedrep_cand/protenix/8tp5_HL/d307/seedfull_r9/results/8tp5_hl/seed_0/predictions/8tp5_hl_sample_4.cif,8tp5_HL,seedfull_r9,8tp5_hl_sample_4.cif,0.1984
/mnt/data/admuser/msadepth/compreps/seedrep_cand/protenix/8u44_ST/d413/seed0_r0/results/8u44_st/seed_0/predictions/8u44_st_sample_0.cif,8u44_ST,seed0_r0,8u44_st_sample_0.cif,0.63811
/mnt/data/admuser/msadepth/compreps/seedrep_cand/protenix/8u44_ST/d413/seed0_r0/results/8u44_st/seed_0/predictions/8u44_st_sample_1.cif,8u44_ST,seed0_r0,8u44_st_sample_1.cif,0.63793
/mnt/data/admuser/msadepth/compreps/seedrep_cand/protenix/8u44_ST/d413/seed0_r0/results/8u44_st/seed_0/predictions/8u44_st_sample_2.cif,8u44_ST,seed0_r0,8u44_st_sample_2.cif,0.63419
/mnt/data/admuser/msadepth/compreps/seedrep_cand/protenix/8u44_ST/d413/seed0_r0/results/8u44_st/seed_0/predictions/8u44_st_sample_3.cif,8u44_ST,seed0_r0,8u44_st_sample_3.cif,0.63326
/mnt/data/admuser/msadepth/compreps/seedrep_cand/protenix/8u44_ST/d413/seed0_r0/results/8u44_st/seed_0/predictions/8u44_st_sample_4.cif,8u44_ST,seed0_r0,8u44_st_sample_4.cif,0.62428
/mnt/data/admuser/msadepth/compreps/seedrep_cand/protenix/8u44_ST/d413/seed0_r1/results/8u44_st/seed_0/predictions/8u44_st_sample_0.cif,8u44_ST,seed0_r1,8u44_st_sample_0.cif,0.54656
/mnt/data/admuser/msadepth/compreps/seedrep_cand/protenix/8u44_ST/d413/seed0_r1/results/8u44_st/seed_0/predictions/8u44_st_sample_1.cif,8u44_ST,seed0_r1,8u44_st_sample_1.cif,0.54262
/mnt/data/admuser/msadepth/compreps/seedrep_cand/protenix/8u44_ST/d413/seed0_r1/results/8u44_st/seed_0/predictions/8u44_st_sample_2.cif,8u44_ST,seed0_r1,8u44_st_sample_2.cif,0.54112
/mnt/data/admuser/msadepth/compreps/seedrep_cand/protenix/8u44_ST/d413/seed0_r1/results/8u44_st/seed_0/predictions/8u44_st_sample_3.cif,8u44_ST,seed0_r1,8u44_st_sample_3.cif,0.53952
/mnt/data/admuser/msadepth/compreps/seedrep_cand/protenix/8u44_ST/d413/seed0_r1/results/8u44_st/seed_0/predictions/8u44_st_sample_4.cif,8u44_ST,seed0_r1,8u44_st_sample_4.cif,0.53911
/mnt/data/admuser/msadepth/compreps/seedrep_cand/protenix/8u44_ST/d413/seed0_r2/results/8u44_st/seed_0/predictions/8u44_st_sample_0.cif,8u44_ST,seed0_r2,8u44_st_sample_0.cif,0.54891
/mnt/data/admuser/msadepth/compreps/seedrep_cand/protenix/8u44_ST/d413/seed0_r2/results/8u44_st/seed_0/predictions/8u44_st_sample_1.cif,8u44_ST,seed0_r2,8u44_st_sample_1.cif,0.54749
/mnt/data/admuser/msadepth/compreps/seedrep_cand/protenix/8u44_ST/d413/seed0_r2/results/8u44_st/seed_0/predictions/8u44_st_sample_2.cif,8u44_ST,seed0_r2,8u44_st_sample_2.cif,0.54427
/mnt/data/admuser/msadepth/compreps/seedrep_cand/protenix/8u44_ST/d413/seed0_r2/results/8u44_st/seed_0/predictions/8u44_st_sample_3.cif,8u44_ST,seed0_r2,8u44_st_sample_3.cif,0.54388
/mnt/data/admuser/msadepth/compreps/seedrep_cand/protenix/8u44_ST/d413/seed0_r2/results/8u44_st/seed_0/predictions/8u44_st_sample_4.cif,8u44_ST,seed0_r2,8u44_st_sample_4.cif,0.54366
/mnt/data/admuser/msadepth/compreps/seedrep_cand/protenix/8u44_ST/d413/seed0_r3/results/8u44_st/seed_0/predictions/8u44_st_sample_0.cif,8u44_ST,seed0_r3,8u44_st_sample_0.cif,0.54571
/mnt/data/admuser/msadepth/compreps/seedrep_cand/protenix/8u44_ST/d413/seed0_r3/results/8u44_st/seed_0/predictions/8u44_st_sample_1.cif,8u44_ST,seed0_r3,8u44_st_sample_1.cif,0.54443
/mnt/data/admuser/msadepth/compreps/seedrep_cand/protenix/8u44_ST/d413/seed0_r3/results/8u44_st/seed_0/predictions/8u44_st_sample_2.cif,8u44_ST,seed0_r3,8u44_st_sample_2.cif,0.54357
/mnt/data/admuser/msadepth/compreps/seedrep_cand/protenix/8u44_ST/d413/seed0_r3/results/8u44_st/seed_0/predictions/8u44_st_sample_3.cif,8u44_ST,seed0_r3,8u44_st_sample_3.cif,0.54284
/mnt/data/admuser/msadepth/compreps/seedrep_cand/protenix/8u44_ST/d413/seed0_r3/results/8u44_st/seed_0/predictions/8u44_st_sample_4.cif,8u44_ST,seed0_r3,8u44_st_sample_4.cif,0.54096
/mnt/data/admuser/msadepth/compreps/seedrep_cand/protenix/8u44_ST/d413/seed1_r0/results/8u44_st/seed_0/predictions/8u44_st_sample_0.cif,8u44_ST,seed1_r0,8u44_st_sample_0.cif,0.5483
/mnt/data/admuser/msadepth/compreps/seedrep_cand/protenix/8u44_ST/d413/seed1_r0/results/8u44_st/seed_0/predictions/8u44_st_sample_1.cif,8u44_ST,seed1_r0,8u44_st_sample_1.cif,0.54657
/mnt/data/admuser/msadepth/compreps/seedrep_cand/protenix/8u44_ST/d413/seed1_r0/results/8u44_st/seed_0/predictions/8u44_st_sample_2.cif,8u44_ST,seed1_r0,8u44_st_sample_2.cif,0.54412
/mnt/data/admuser/msadepth/compreps/seedrep_cand/protenix/8u44_ST/d413/seed1_r0/results/8u44_st/seed_0/predictions/8u44_st_sample_3.cif,8u44_ST,seed1_r0,8u44_st_sample_3.cif,0.54298
/mnt/data/admuser/msadepth/compreps/seedrep_cand/protenix/8u44_ST/d413/seed1_r0/results/8u44_st/seed_0/predictions/8u44_st_sample_4.cif,8u44_ST,seed1_r0,8u44_st_sample_4.cif,0.54276
/mnt/data/admuser/msadepth/compreps/seedrep_cand/protenix/8u44_ST/d413/seed1_r1/results/8u44_st/seed_0/predictions/8u44_st_sample_0.cif,8u44_ST,seed1_r1,8u44_st_sample_0.cif,0.53843
/mnt/data/admuser/msadepth/compreps/seedrep_cand/protenix/8u44_ST/d413/seed1_r1/results/8u44_st/seed_0/predictions/8u44_st_sample_1.cif,8u44_ST,seed1_r1,8u44_st_sample_1.cif,0.53834
/mnt/data/admuser/msadepth/compreps/seedrep_cand/protenix/8u44_ST/d413/seed1_r1/results/8u44_st/seed_0/predictions/8u44_st_sample_2.cif,8u44_ST,seed1_r1,8u44_st_sample_2.cif,0.53763
/mnt/data/admuser/msadepth/compreps/seedrep_cand/protenix/8u44_ST/d413/seed1_r1/results/8u44_st/seed_0/predictions/8u44_st_sample_3.cif,8u44_ST,seed1_r1,8u44_st_sample_3.cif,0.53615
/mnt/data/admuser/msadepth/compreps/seedrep_cand/protenix/8u44_ST/d413/seed1_r1/results/8u44_st/seed_0/predictions/8u44_st_sample_4.cif,8u44_ST,seed1_r1,8u44_st_sample_4.cif,0.53413
/mnt/data/admuser/msadepth/compreps/seedrep_cand/protenix/8u44_ST/d413/seed1_r2/results/8u44_st/seed_0/predictions/8u44_st_sample_0.cif,8u44_ST,seed1_r2,8u44_st_sample_0.cif,0.57091
/mnt/data/admuser/msadepth/compreps/seedrep_cand/protenix/8u44_ST/d413/seed1_r2/results/8u44_st/seed_0/predictions/8u44_st_sample_1.cif,8u44_ST,seed1_r2,8u44_st_sample_1.cif,0.56889
/mnt/data/admuser/msadepth/compreps/seedrep_cand/protenix/8u44_ST/d413/seed1_r2/results/8u44_st/seed_0/predictions/8u44_st_sample_2.cif,8u44_ST,seed1_r2,8u44_st_sample_2.cif,0.56865
/mnt/data/admuser/msadepth/compreps/seedrep_cand/protenix/8u44_ST/d413/seed1_r2/results/8u44_st/seed_0/predictions/8u44_st_sample_3.cif,8u44_ST,seed1_r2,8u44_st_sample_3.cif,0.56743
/mnt/data/admuser/msadepth/compreps/seedrep_cand/protenix/8u44_ST/d413/seed1_r2/results/8u44_st/seed_0/predictions/8u44_st_sample_4.cif,8u44_ST,seed1_r2,8u44_st_sample_4.cif,0.56655
/mnt/data/admuser/msadepth/compreps/seedrep_cand/protenix/8u44_ST/d413/seed1_r3/results/8u44_st/seed_0/predictions/8u44_st_sample_0.cif,8u44_ST,seed1_r3,8u44_st_sample_0.cif,0.55861
/mnt/data/admuser/msadepth/compreps/seedrep_cand/protenix/8u44_ST/d413/seed1_r3/results/8u44_st/seed_0/predictions/8u44_st_sample_1.cif,8u44_ST,seed1_r3,8u44_st_sample_1.cif,0.55796
/mnt/data/admuser/msadepth/compreps/seedrep_cand/protenix/8u44_ST/d413/seed1_r3/results/8u44_st/seed_0/predictions/8u44_st_sample_2.cif,8u44_ST,seed1_r3,8u44_st_sample_2.cif,0.55796
/mnt/data/admuser/msadepth/compreps/seedrep_cand/protenix/8u44_ST/d413/seed1_r3/results/8u44_st/seed_0/predictions/8u44_st_sample_3.cif,8u44_ST,seed1_r3,8u44_st_sample_3.cif,0.55732
/mnt/data/admuser/msadepth/compreps/seedrep_cand/protenix/8u44_ST/d413/seed1_r3/results/8u44_st/seed_0/predictions/8u44_st_sample_4.cif,8u44_ST,seed1_r3,8u44_st_sample_4.cif,0.55656
/mnt/data/admuser/msadepth/compreps/seedrep_cand/protenix/8u44_ST/d413/seed2_r0/results/8u44_st/seed_0/predictions/8u44_st_sample_0.cif,8u44_ST,seed2_r0,8u44_st_sample_0.cif,0.51004
/mnt/data/admuser/msadepth/compreps/seedrep_cand/protenix/8u44_ST/d413/seed2_r0/results/8u44_st/seed_0/predictions/8u44_st_sample_1.cif,8u44_ST,seed2_r0,8u44_st_sample_1.cif,0.50989
/mnt/data/admuser/msadepth/compreps/seedrep_cand/protenix/8u44_ST/d413/seed2_r0/results/8u44_st/seed_0/predictions/8u44_st_sample_2.cif,8u44_ST,seed2_r0,8u44_st_sample_2.cif,0.50637
/mnt/data/admuser/msadepth/compreps/seedrep_cand/protenix/8u44_ST/d413/seed2_r0/results/8u44_st/seed_0/predictions/8u44_st_sample_3.cif,8u44_ST,seed2_r0,8u44_st_sample_3.cif,0.50445
/mnt/data/admuser/msadepth/compreps/seedrep_cand/protenix/8u44_ST/d413/seed2_r0/results/8u44_st/seed_0/predictions/8u44_st_sample_4.cif,8u44_ST,seed2_r0,8u44_st_sample_4.cif,0.49733
/mnt/data/admuser/msadepth/compreps/seedrep_cand/protenix/8u44_ST/d413/seed2_r1/results/8u44_st/seed_0/predictions/8u44_st_sample_0.cif,8u44_ST,seed2_r1,8u44_st_sample_0.cif,0.50523
/mnt/data/admuser/msadepth/compreps/seedrep_cand/protenix/8u44_ST/d413/seed2_r1/results/8u44_st/seed_0/predictions/8u44_st_sample_1.cif,8u44_ST,seed2_r1,8u44_st_sample_1.cif,0.50463
/mnt/data/admuser/msadepth/compreps/seedrep_cand/protenix/8u44_ST/d413/seed2_r1/results/8u44_st/seed_0/predictions/8u44_st_sample_2.cif,8u44_ST,seed2_r1,8u44_st_sample_2.cif,0.50421
/mnt/data/admuser/msadepth/compreps/seedrep_cand/protenix/8u44_ST/d413/seed2_r1/results/8u44_st/seed_0/predictions/8u44_st_sample_3.cif,8u44_ST,seed2_r1,8u44_st_sample_3.cif,0.50268
/mnt/data/admuser/msadepth/compreps/seedrep_cand/protenix/8u44_ST/d413/seed2_r1/results/8u44_st/seed_0/predictions/8u44_st_sample_4.cif,8u44_ST,seed2_r1,8u44_st_sample_4.cif,0.50225
/mnt/data/admuser/msadepth/compreps/seedrep_cand/protenix/8u44_ST/d413/seed2_r2/results/8u44_st/seed_0/predictions/8u44_st_sample_0.cif,8u44_ST,seed2_r2,8u44_st_sample_0.cif,0.53648
/mnt/data/admuser/msadepth/compreps/seedrep_cand/protenix/8u44_ST/d413/seed2_r2/results/8u44_st/seed_0/predictions/8u44_st_sample_1.cif,8u44_ST,seed2_r2,8u44_st_sample_1.cif,0.5357
/mnt/data/admuser/msadepth/compreps/seedrep_cand/protenix/8u44_ST/d413/seed2_r2/results/8u44_st/seed_0/predictions/8u44_st_sample_2.cif,8u44_ST,seed2_r2,8u44_st_sample_2.cif,0.53583
/mnt/data/admuser/msadepth/compreps/seedrep_cand/protenix/8u44_ST/d413/seed2_r2/results/8u44_st/seed_0/predictions/8u44_st_sample_3.cif,8u44_ST,seed2_r2,8u44_st_sample_3.cif,0.53468
/mnt/data/admuser/msadepth/compreps/seedrep_cand/protenix/8u44_ST/d413/seed2_r2/results/8u44_st/seed_0/predictions/8u44_st_sample_4.cif,8u44_ST,seed2_r2,8u44_st_sample_4.cif,0.52959
/mnt/data/admuser/msadepth/compreps/seedrep_cand/protenix/8u44_ST/d413/seed2_r3/results/8u44_st/seed_0/predictions/8u44_st_sample_0.cif,8u44_ST,seed2_r3,8u44_st_sample_0.cif,0.55728
/mnt/data/admuser/msadepth/compreps/seedrep_cand/protenix/8u44_ST/d413/seed2_r3/results/8u44_st/seed_0/predictions/8u44_st_sample_1.cif,8u44_ST,seed2_r3,8u44_st_sample_1.cif,0.55696
/mnt/data/admuser/msadepth/compreps/seedrep_cand/protenix/8u44_ST/d413/seed2_r3/results/8u44_st/seed_0/predictions/8u44_st_sample_2.cif,8u44_ST,seed2_r3,8u44_st_sample_2.cif,0.55699
/mnt/data/admuser/msadepth/compreps/seedrep_cand/protenix/8u44_ST/d413/seed2_r3/results/8u44_st/seed_0/predictions/8u44_st_sample_3.cif,8u44_ST,seed2_r3,8u44_st_sample_3.cif,0.5509
/mnt/data/admuser/msadepth/compreps/seedrep_cand/protenix/8u44_ST/d413/seed2_r3/results/8u44_st/seed_0/predictions/8u44_st_sample_4.cif,8u44_ST,seed2_r3,8u44_st_sample_4.cif,0.54658
/mnt/data/admuser/msadepth/compreps/seedrep_cand/protenix/8u44_ST/d413/seed3_r0/results/8u44_st/seed_0/predictions/8u44_st_sample_0.cif,8u44_ST,seed3_r0,8u44_st_sample_0.cif,0.53059
/mnt/data/admuser/msadepth/compreps/seedrep_cand/protenix/8u44_ST/d413/seed3_r0/results/8u44_st/seed_0/predictions/8u44_st_sample_1.cif,8u44_ST,seed3_r0,8u44_st_sample_1.cif,0.53002
/mnt/data/admuser/msadepth/compreps/seedrep_cand/protenix/8u44_ST/d413/seed3_r0/results/8u44_st/seed_0/predictions/8u44_st_sample_2.cif,8u44_ST,seed3_r0,8u44_st_sample_2.cif,0.52685
/mnt/data/admuser/msadepth/compreps/seedrep_cand/protenix/8u44_ST/d413/seed3_r0/results/8u44_st/seed_0/predictions/8u44_st_sample_3.cif,8u44_ST,seed3_r0,8u44_st_sample_3.cif,0.52464
/mnt/data/admuser/msadepth/compreps/seedrep_cand/protenix/8u44_ST/d413/seed3_r0/results/8u44_st/seed_0/predictions/8u44_st_sample_4.cif,8u44_ST,seed3_r0,8u44_st_sample_4.cif,0.51175
/mnt/data/admuser/msadepth/compreps/seedrep_cand/protenix/8u44_ST/d413/seed3_r1/results/8u44_st/seed_0/predictions/8u44_st_sample_0.cif,8u44_ST,seed3_r1,8u44_st_sample_0.cif,0.54681
/mnt/data/admuser/msadepth/compreps/seedrep_cand/protenix/8u44_ST/d413/seed3_r1/results/8u44_st/seed_0/predictions/8u44_st_sample_1.cif,8u44_ST,seed3_r1,8u44_st_sample_1.cif,0.54635
/mnt/data/admuser/msadepth/compreps/seedrep_cand/protenix/8u44_ST/d413/seed3_r1/results/8u44_st/seed_0/predictions/8u44_st_sample_2.cif,8u44_ST,seed3_r1,8u44_st_sample_2.cif,0.54586
/mnt/data/admuser/msadepth/compreps/seedrep_cand/protenix/8u44_ST/d413/seed3_r1/results/8u44_st/seed_0/predictions/8u44_st_sample_3.cif,8u44_ST,seed3_r1,8u44_st_sample_3.cif,0.54376
/mnt/data/admuser/msadepth/compreps/seedrep_cand/protenix/8u44_ST/d413/seed3_r1/results/8u44_st/seed_0/predictions/8u44_st_sample_4.cif,8u44_ST,seed3_r1,8u44_st_sample_4.cif,0.54262
/mnt/data/admuser/msadepth/compreps/seedrep_cand/protenix/8u44_ST/d413/seed3_r2/results/8u44_st/seed_0/predictions/8u44_st_sample_0.cif,8u44_ST,seed3_r2,8u44_st_sample_0.cif,0.51692
/mnt/data/admuser/msadepth/compreps/seedrep_cand/protenix/8u44_ST/d413/seed3_r2/results/8u44_st/seed_0/predictions/8u44_st_sample_1.cif,8u44_ST,seed3_r2,8u44_st_sample_1.cif,0.51694
/mnt/data/admuser/msadepth/compreps/seedrep_cand/protenix/8u44_ST/d413/seed3_r2/results/8u44_st/seed_0/predictions/8u44_st_sample_2.cif,8u44_ST,seed3_r2,8u44_st_sample_2.cif,0.51689
/mnt/data/admuser/msadepth/compreps/seedrep_cand/protenix/8u44_ST/d413/seed3_r2/results/8u44_st/seed_0/predictions/8u44_st_sample_3.cif,8u44_ST,seed3_r2,8u44_st_sample_3.cif,0.5159
/mnt/data/admuser/msadepth/compreps/seedrep_cand/protenix/8u44_ST/d413/seed3_r2/results/8u44_st/seed_0/predictions/8u44_st_sample_4.cif,8u44_ST,seed3_r2,8u44_st_sample_4.cif,0.5136
/mnt/data/admuser/msadepth/compreps/seedrep_cand/protenix/8u44_ST/d413/seed3_r3/results/8u44_st/seed_0/predictions/8u44_st_sample_0.cif,8u44_ST,seed3_r3,8u44_st_sample_0.cif,0.52736
/mnt/data/admuser/msadepth/compreps/seedrep_cand/protenix/8u44_ST/d413/seed3_r3/results/8u44_st/seed_0/predictions/8u44_st_sample_1.cif,8u44_ST,seed3_r3,8u44_st_sample_1.cif,0.52331
/mnt/data/admuser/msadepth/compreps/seedrep_cand/protenix/8u44_ST/d413/seed3_r3/results/8u44_st/seed_0/predictions/8u44_st_sample_2.cif,8u44_ST,seed3_r3,8u44_st_sample_2.cif,0.51481
/mnt/data/admuser/msadepth/compreps/seedrep_cand/protenix/8u44_ST/d413/seed3_r3/results/8u44_st/seed_0/predictions/8u44_st_sample_3.cif,8u44_ST,seed3_r3,8u44_st_sample_3.cif,0.5146
/mnt/data/admuser/msadepth/compreps/seedrep_cand/protenix/8u44_ST/d413/seed3_r3/results/8u44_st/seed_0/predictions/8u44_st_sample_4.cif,8u44_ST,seed3_r3,8u44_st_sample_4.cif,0.51123
/mnt/data/admuser/msadepth/compreps/seedrep_cand/protenix/8u44_ST/d413/seed4_r0/results/8u44_st/seed_0/predictions/8u44_st_sample_0.cif,8u44_ST,seed4_r0,8u44_st_sample_0.cif,0.51753
/mnt/data/admuser/msadepth/compreps/seedrep_cand/protenix/8u44_ST/d413/seed4_r0/results/8u44_st/seed_0/predictions/8u44_st_sample_1.cif,8u44_ST,seed4_r0,8u44_st_sample_1.cif,0.51596
/mnt/data/admuser/msadepth/compreps/seedrep_cand/protenix/8u44_ST/d413/seed4_r0/results/8u44_st/seed_0/predictions/8u44_st_sample_2.cif,8u44_ST,seed4_r0,8u44_st_sample_2.cif,0.51195
/mnt/data/admuser/msadepth/compreps/seedrep_cand/protenix/8u44_ST/d413/seed4_r0/results/8u44_st/seed_0/predictions/8u44_st_sample_3.cif,8u44_ST,seed4_r0,8u44_st_sample_3.cif,0.51177
/mnt/data/admuser/msadepth/compreps/seedrep_cand/protenix/8u44_ST/d413/seed4_r0/results/8u44_st/seed_0/predictions/8u44_st_sample_4.cif,8u44_ST,seed4_r0,8u44_st_sample_4.cif,0.49972
/mnt/data/admuser/msadepth/compreps/seedrep_cand/protenix/8u44_ST/d413/seed4_r1/results/8u44_st/seed_0/predictions/8u44_st_sample_0.cif,8u44_ST,seed4_r1,8u44_st_sample_0.cif,0.50511
/mnt/data/admuser/msadepth/compreps/seedrep_cand/protenix/8u44_ST/d413/seed4_r1/results/8u44_st/seed_0/predictions/8u44_st_sample_1.cif,8u44_ST,seed4_r1,8u44_st_sample_1.cif,0.50506
/mnt/data/admuser/msadepth/compreps/seedrep_cand/protenix/8u44_ST/d413/seed4_r1/results/8u44_st/seed_0/predictions/8u44_st_sample_2.cif,8u44_ST,seed4_r1,8u44_st_sample_2.cif,0.50527
/mnt/data/admuser/msadepth/compreps/seedrep_cand/protenix/8u44_ST/d413/seed4_r1/results/8u44_st/seed_0/predictions/8u44_st_sample_3.cif,8u44_ST,seed4_r1,8u44_st_sample_3.cif,0.50386
/mnt/data/admuser/msadepth/compreps/seedrep_cand/protenix/8u44_ST/d413/seed4_r1/results/8u44_st/seed_0/predictions/8u44_st_sample_4.cif,8u44_ST,seed4_r1,8u44_st_sample_4.cif,0.504
/mnt/data/admuser/msadepth/compreps/seedrep_cand/protenix/8u44_ST/d413/seed4_r2/results/8u44_st/seed_0/predictions/8u44_st_sample_0.cif,8u44_ST,seed4_r2,8u44_st_sample_0.cif,0.49199
/mnt/data/admuser/msadepth/compreps/seedrep_cand/protenix/8u44_ST/d413/seed4_r2/results/8u44_st/seed_0/predictions/8u44_st_sample_1.cif,8u44_ST,seed4_r2,8u44_st_sample_1.cif,0.4913
/mnt/data/admuser/msadepth/compreps/seedrep_cand/protenix/8u44_ST/d413/seed4_r2/results/8u44_st/seed_0/predictions/8u44_st_sample_2.cif,8u44_ST,seed4_r2,8u44_st_sample_2.cif,0.49112
/mnt/data/admuser/msadepth/compreps/seedrep_cand/protenix/8u44_ST/d413/seed4_r2/results/8u44_st/seed_0/predictions/8u44_st_sample_3.cif,8u44_ST,seed4_r2,8u44_st_sample_3.cif,0.49069
/mnt/data/admuser/msadepth/compreps/seedrep_cand/protenix/8u44_ST/d413/seed4_r2/results/8u44_st/seed_0/predictions/8u44_st_sample_4.cif,8u44_ST,seed4_r2,8u44_st_sample_4.cif,0.48984
/mnt/data/admuser/msadepth/compreps/seedrep_cand/protenix/8u44_ST/d413/seed4_r3/results/8u44_st/seed_0/predictions/8u44_st_sample_0.cif,8u44_ST,seed4_r3,8u44_st_sample_0.cif,0.47259
/mnt/data/admuser/msadepth/compreps/seedrep_cand/protenix/8u44_ST/d413/seed4_r3/results/8u44_st/seed_0/predictions/8u44_st_sample_1.cif,8u44_ST,seed4_r3,8u44_st_sample_1.cif,0.47139
/mnt/data/admuser/msadepth/compreps/seedrep_cand/protenix/8u44_ST/d413/seed4_r3/results/8u44_st/seed_0/predictions/8u44_st_sample_2.cif,8u44_ST,seed4_r3,8u44_st_sample_2.cif,0.47105
/mnt/data/admuser/msadepth/compreps/seedrep_cand/protenix/8u44_ST/d413/seed4_r3/results/8u44_st/seed_0/predictions/8u44_st_sample_3.cif,8u44_ST,seed4_r3,8u44_st_sample_3.cif,0.47048
/mnt/data/admuser/msadepth/compreps/seedrep_cand/protenix/8u44_ST/d413/seed4_r3/results/8u44_st/seed_0/predictions/8u44_st_sample_4.cif,8u44_ST,seed4_r3,8u44_st_sample_4.cif,0.46999
/mnt/data/admuser/msadepth/compreps/seedrep_cand/protenix/8u44_ST/d413/seed5_r0/results/8u44_st/seed_0/predictions/8u44_st_sample_0.cif,8u44_ST,seed5_r0,8u44_st_sample_0.cif,0.55002
/mnt/data/admuser/msadepth/compreps/seedrep_cand/protenix/8u44_ST/d413/seed5_r0/results/8u44_st/seed_0/predictions/8u44_st_sample_1.cif,8u44_ST,seed5_r0,8u44_st_sample_1.cif,0.54869
/mnt/data/admuser/msadepth/compreps/seedrep_cand/protenix/8u44_ST/d413/seed5_r0/results/8u44_st/seed_0/predictions/8u44_st_sample_2.cif,8u44_ST,seed5_r0,8u44_st_sample_2.cif,0.54835
/mnt/data/admuser/msadepth/compreps/seedrep_cand/protenix/8u44_ST/d413/seed5_r0/results/8u44_st/seed_0/predictions/8u44_st_sample_3.cif,8u44_ST,seed5_r0,8u44_st_sample_3.cif,0.5481
/mnt/data/admuser/msadepth/compreps/seedrep_cand/protenix/8u44_ST/d413/seed5_r0/results/8u44_st/seed_0/predictions/8u44_st_sample_4.cif,8u44_ST,seed5_r0,8u44_st_sample_4.cif,0.54328
/mnt/data/admuser/msadepth/compreps/seedrep_cand/protenix/8u44_ST/d413/seed5_r1/results/8u44_st/seed_0/predictions/8u44_st_sample_0.cif,8u44_ST,seed5_r1,8u44_st_sample_0.cif,0.54139
/mnt/data/admuser/msadepth/compreps/seedrep_cand/protenix/8u44_ST/d413/seed5_r1/results/8u44_st/seed_0/predictions/8u44_st_sample_1.cif,8u44_ST,seed5_r1,8u44_st_sample_1.cif,0.5404
/mnt/data/admuser/msadepth/compreps/seedrep_cand/protenix/8u44_ST/d413/seed5_r1/results/8u44_st/seed_0/predictions/8u44_st_sample_2.cif,8u44_ST,seed5_r1,8u44_st_sample_2.cif,0.53782
/mnt/data/admuser/msadepth/compreps/seedrep_cand/protenix/8u44_ST/d413/seed5_r1/results/8u44_st/seed_0/predictions/8u44_st_sample_3.cif,8u44_ST,seed5_r1,8u44_st_sample_3.cif,0.53634
/mnt/data/admuser/msadepth/compreps/seedrep_cand/protenix/8u44_ST/d413/seed5_r1/results/8u44_st/seed_0/predictions/8u44_st_sample_4.cif,8u44_ST,seed5_r1,8u44_st_sample_4.cif,0.53586
/mnt/data/admuser/msadepth/compreps/seedrep_cand/protenix/8u44_ST/d413/seed5_r2/results/8u44_st/seed_0/predictions/8u44_st_sample_0.cif,8u44_ST,seed5_r2,8u44_st_sample_0.cif,0.54547
/mnt/data/admuser/msadepth/compreps/seedrep_cand/protenix/8u44_ST/d413/seed5_r2/results/8u44_st/seed_0/predictions/8u44_st_sample_1.cif,8u44_ST,seed5_r2,8u44_st_sample_1.cif,0.54048
/mnt/data/admuser/msadepth/compreps/seedrep_cand/protenix/8u44_ST/d413/seed5_r2/results/8u44_st/seed_0/predictions/8u44_st_sample_2.cif,8u44_ST,seed5_r2,8u44_st_sample_2.cif,0.54007
/mnt/data/admuser/msadepth/compreps/seedrep_cand/protenix/8u44_ST/d413/seed5_r2/results/8u44_st/seed_0/predictions/8u44_st_sample_3.cif,8u44_ST,seed5_r2,8u44_st_sample_3.cif,0.5399
/mnt/data/admuser/msadepth/compreps/seedrep_cand/protenix/8u44_ST/d413/seed5_r2/results/8u44_st/seed_0/predictions/8u44_st_sample_4.cif,8u44_ST,seed5_r2,8u44_st_sample_4.cif,0.53814
/mnt/data/admuser/msadepth/compreps/seedrep_cand/protenix/8u44_ST/d413/seed5_r3/results/8u44_st/seed_0/predictions/8u44_st_sample_0.cif,8u44_ST,seed5_r3,8u44_st_sample_0.cif,0.54352
/mnt/data/admuser/msadepth/compreps/seedrep_cand/protenix/8u44_ST/d413/seed5_r3/results/8u44_st/seed_0/predictions/8u44_st_sample_1.cif,8u44_ST,seed5_r3,8u44_st_sample_1.cif,0.54303
/mnt/data/admuser/msadepth/compreps/seedrep_cand/protenix/8u44_ST/d413/seed5_r3/results/8u44_st/seed_0/predictions/8u44_st_sample_2.cif,8u44_ST,seed5_r3,8u44_st_sample_2.cif,0.5417
/mnt/data/admuser/msadepth/compreps/seedrep_cand/protenix/8u44_ST/d413/seed5_r3/results/8u44_st/seed_0/predictions/8u44_st_sample_3.cif,8u44_ST,seed5_r3,8u44_st_sample_3.cif,0.53849
/mnt/data/admuser/msadepth/compreps/seedrep_cand/protenix/8u44_ST/d413/seed5_r3/results/8u44_st/seed_0/predictions/8u44_st_sample_4.cif,8u44_ST,seed5_r3,8u44_st_sample_4.cif,0.53542
/mnt/data/admuser/msadepth/compreps/seedrep_cand/protenix/8u44_ST/d413/seedfull_r0/results/8u44_st/seed_0/predictions/8u44_st_sample_0.cif,8u44_ST,seedfull_r0,8u44_st_sample_0.cif,0.53392
/mnt/data/admuser/msadepth/compreps/seedrep_cand/protenix/8u44_ST/d413/seedfull_r0/results/8u44_st/seed_0/predictions/8u44_st_sample_1.cif,8u44_ST,seedfull_r0,8u44_st_sample_1.cif,0.53215
/mnt/data/admuser/msadepth/compreps/seedrep_cand/protenix/8u44_ST/d413/seedfull_r0/results/8u44_st/seed_0/predictions/8u44_st_sample_2.cif,8u44_ST,seedfull_r0,8u44_st_sample_2.cif,0.52976
/mnt/data/admuser/msadepth/compreps/seedrep_cand/protenix/8u44_ST/d413/seedfull_r0/results/8u44_st/seed_0/predictions/8u44_st_sample_3.cif,8u44_ST,seedfull_r0,8u44_st_sample_3.cif,0.52933
/mnt/data/admuser/msadepth/compreps/seedrep_cand/protenix/8u44_ST/d413/seedfull_r0/results/8u44_st/seed_0/predictions/8u44_st_sample_4.cif,8u44_ST,seedfull_r0,8u44_st_sample_4.cif,0.52918
/mnt/data/admuser/msadepth/compreps/seedrep_cand/protenix/8u44_ST/d413/seedfull_r1/results/8u44_st/seed_0/predictions/8u44_st_sample_0.cif,8u44_ST,seedfull_r1,8u44_st_sample_0.cif,0.52271
/mnt/data/admuser/msadepth/compreps/seedrep_cand/protenix/8u44_ST/d413/seedfull_r1/results/8u44_st/seed_0/predictions/8u44_st_sample_1.cif,8u44_ST,seedfull_r1,8u44_st_sample_1.cif,0.51931
/mnt/data/admuser/msadepth/compreps/seedrep_cand/protenix/8u44_ST/d413/seedfull_r1/results/8u44_st/seed_0/predictions/8u44_st_sample_2.cif,8u44_ST,seedfull_r1,8u44_st_sample_2.cif,0.51591
/mnt/data/admuser/msadepth/compreps/seedrep_cand/protenix/8u44_ST/d413/seedfull_r1/results/8u44_st/seed_0/predictions/8u44_st_sample_3.cif,8u44_ST,seedfull_r1,8u44_st_sample_3.cif,0.51463
/mnt/data/admuser/msadepth/compreps/seedrep_cand/protenix/8u44_ST/d413/seedfull_r1/results/8u44_st/seed_0/predictions/8u44_st_sample_4.cif,8u44_ST,seedfull_r1,8u44_st_sample_4.cif,0.50169
/mnt/data/admuser/msadepth/compreps/seedrep_cand/protenix/8u44_ST/d413/seedfull_r2/results/8u44_st/seed_0/predictions/8u44_st_sample_0.cif,8u44_ST,seedfull_r2,8u44_st_sample_0.cif,0.52283
/mnt/data/admuser/msadepth/compreps/seedrep_cand/protenix/8u44_ST/d413/seedfull_r2/results/8u44_st/seed_0/predictions/8u44_st_sample_1.cif,8u44_ST,seedfull_r2,8u44_st_sample_1.cif,0.52231
/mnt/data/admuser/msadepth/compreps/seedrep_cand/protenix/8u44_ST/d413/seedfull_r2/results/8u44_st/seed_0/predictions/8u44_st_sample_2.cif,8u44_ST,seedfull_r2,8u44_st_sample_2.cif,0.52215
/mnt/data/admuser/msadepth/compreps/seedrep_cand/protenix/8u44_ST/d413/seedfull_r2/results/8u44_st/seed_0/predictions/8u44_st_sample_3.cif,8u44_ST,seedfull_r2,8u44_st_sample_3.cif,0.52063
/mnt/data/admuser/msadepth/compreps/seedrep_cand/protenix/8u44_ST/d413/seedfull_r2/results/8u44_st/seed_0/predictions/8u44_st_sample_4.cif,8u44_ST,seedfull_r2,8u44_st_sample_4.cif,0.49977
/mnt/data/admuser/msadepth/compreps/seedrep_cand/protenix/8u44_ST/d413/seedfull_r3/results/8u44_st/seed_0/predictions/8u44_st_sample_0.cif,8u44_ST,seedfull_r3,8u44_st_sample_0.cif,0.53848
/mnt/data/admuser/msadepth/compreps/seedrep_cand/protenix/8u44_ST/d413/seedfull_r3/results/8u44_st/seed_0/predictions/8u44_st_sample_1.cif,8u44_ST,seedfull_r3,8u44_st_sample_1.cif,0.53674
/mnt/data/admuser/msadepth/compreps/seedrep_cand/protenix/8u44_ST/d413/seedfull_r3/results/8u44_st/seed_0/predictions/8u44_st_sample_2.cif,8u44_ST,seedfull_r3,8u44_st_sample_2.cif,0.53487
/mnt/data/admuser/msadepth/compreps/seedrep_cand/protenix/8u44_ST/d413/seedfull_r3/results/8u44_st/seed_0/predictions/8u44_st_sample_3.cif,8u44_ST,seedfull_r3,8u44_st_sample_3.cif,0.53448
/mnt/data/admuser/msadepth/compreps/seedrep_cand/protenix/8u44_ST/d413/seedfull_r3/results/8u44_st/seed_0/predictions/8u44_st_sample_4.cif,8u44_ST,seedfull_r3,8u44_st_sample_4.cif,0.5326
/mnt/data/admuser/msadepth/compreps/seedrep_cand/protenix/8u44_ST/d413/seedfull_r4/results/8u44_st/seed_0/predictions/8u44_st_sample_0.cif,8u44_ST,seedfull_r4,8u44_st_sample_0.cif,0.51939
/mnt/data/admuser/msadepth/compreps/seedrep_cand/protenix/8u44_ST/d413/seedfull_r4/results/8u44_st/seed_0/predictions/8u44_st_sample_1.cif,8u44_ST,seedfull_r4,8u44_st_sample_1.cif,0.51939
/mnt/data/admuser/msadepth/compreps/seedrep_cand/protenix/8u44_ST/d413/seedfull_r4/results/8u44_st/seed_0/predictions/8u44_st_sample_2.cif,8u44_ST,seedfull_r4,8u44_st_sample_2.cif,0.51703
/mnt/data/admuser/msadepth/compreps/seedrep_cand/protenix/8u44_ST/d413/seedfull_r4/results/8u44_st/seed_0/predictions/8u44_st_sample_3.cif,8u44_ST,seedfull_r4,8u44_st_sample_3.cif,0.51446
/mnt/data/admuser/msadepth/compreps/seedrep_cand/protenix/8u44_ST/d413/seedfull_r4/results/8u44_st/seed_0/predictions/8u44_st_sample_4.cif,8u44_ST,seedfull_r4,8u44_st_sample_4.cif,0.51365
/mnt/data/admuser/msadepth/compreps/seedrep_cand/protenix/8u44_ST/d413/seedfull_r5/results/8u44_st/seed_0/predictions/8u44_st_sample_0.cif,8u44_ST,seedfull_r5,8u44_st_sample_0.cif,0.52544
/mnt/data/admuser/msadepth/compreps/seedrep_cand/protenix/8u44_ST/d413/seedfull_r5/results/8u44_st/seed_0/predictions/8u44_st_sample_1.cif,8u44_ST,seedfull_r5,8u44_st_sample_1.cif,0.52366
/mnt/data/admuser/msadepth/compreps/seedrep_cand/protenix/8u44_ST/d413/seedfull_r5/results/8u44_st/seed_0/predictions/8u44_st_sample_2.cif,8u44_ST,seedfull_r5,8u44_st_sample_2.cif,0.52319
/mnt/data/admuser/msadepth/compreps/seedrep_cand/protenix/8u44_ST/d413/seedfull_r5/results/8u44_st/seed_0/predictions/8u44_st_sample_3.cif,8u44_ST,seedfull_r5,8u44_st_sample_3.cif,0.5198
/mnt/data/admuser/msadepth/compreps/seedrep_cand/protenix/8u44_ST/d413/seedfull_r5/results/8u44_st/seed_0/predictions/8u44_st_sample_4.cif,8u44_ST,seedfull_r5,8u44_st_sample_4.cif,0.51157
/mnt/data/admuser/msadepth/compreps/seedrep_cand/protenix/8u44_ST/d413/seedfull_r6/results/8u44_st/seed_0/predictions/8u44_st_sample_0.cif,8u44_ST,seedfull_r6,8u44_st_sample_0.cif,0.54647
/mnt/data/admuser/msadepth/compreps/seedrep_cand/protenix/8u44_ST/d413/seedfull_r6/results/8u44_st/seed_0/predictions/8u44_st_sample_1.cif,8u44_ST,seedfull_r6,8u44_st_sample_1.cif,0.54336
/mnt/data/admuser/msadepth/compreps/seedrep_cand/protenix/8u44_ST/d413/seedfull_r6/results/8u44_st/seed_0/predictions/8u44_st_sample_2.cif,8u44_ST,seedfull_r6,8u44_st_sample_2.cif,0.54251
/mnt/data/admuser/msadepth/compreps/seedrep_cand/protenix/8u44_ST/d413/seedfull_r6/results/8u44_st/seed_0/predictions/8u44_st_sample_3.cif,8u44_ST,seedfull_r6,8u44_st_sample_3.cif,0.54258
/mnt/data/admuser/msadepth/compreps/seedrep_cand/protenix/8u44_ST/d413/seedfull_r6/results/8u44_st/seed_0/predictions/8u44_st_sample_4.cif,8u44_ST,seedfull_r6,8u44_st_sample_4.cif,0.54121
/mnt/data/admuser/msadepth/compreps/seedrep_cand/protenix/8u44_ST/d413/seedfull_r7/results/8u44_st/seed_0/predictions/8u44_st_sample_0.cif,8u44_ST,seedfull_r7,8u44_st_sample_0.cif,0.58422
/mnt/data/admuser/msadepth/compreps/seedrep_cand/protenix/8u44_ST/d413/seedfull_r7/results/8u44_st/seed_0/predictions/8u44_st_sample_1.cif,8u44_ST,seedfull_r7,8u44_st_sample_1.cif,0.58341
/mnt/data/admuser/msadepth/compreps/seedrep_cand/protenix/8u44_ST/d413/seedfull_r7/results/8u44_st/seed_0/predictions/8u44_st_sample_2.cif,8u44_ST,seedfull_r7,8u44_st_sample_2.cif,0.58258
/mnt/data/admuser/msadepth/compreps/seedrep_cand/protenix/8u44_ST/d413/seedfull_r7/results/8u44_st/seed_0/predictions/8u44_st_sample_3.cif,8u44_ST,seedfull_r7,8u44_st_sample_3.cif,0.58076
/mnt/data/admuser/msadepth/compreps/seedrep_cand/protenix/8u44_ST/d413/seedfull_r7/results/8u44_st/seed_0/predictions/8u44_st_sample_4.cif,8u44_ST,seedfull_r7,8u44_st_sample_4.cif,0.57956
/mnt/data/admuser/msadepth/compreps/seedrep_cand/protenix/8ulr_HL/d1746/seed0_r0/results/8ulr_hl/seed_0/predictions/8ulr_hl_sample_0.cif,8ulr_HL,seed0_r0,8ulr_hl_sample_0.cif,0.19169
/mnt/data/admuser/msadepth/compreps/seedrep_cand/protenix/8ulr_HL/d1746/seed0_r0/results/8ulr_hl/seed_0/predictions/8ulr_hl_sample_1.cif,8ulr_HL,seed0_r0,8ulr_hl_sample_1.cif,0.18848
/mnt/data/admuser/msadepth/compreps/seedrep_cand/protenix/8ulr_HL/d1746/seed0_r0/results/8ulr_hl/seed_0/predictions/8ulr_hl_sample_2.cif,8ulr_HL,seed0_r0,8ulr_hl_sample_2.cif,0.18592
/mnt/data/admuser/msadepth/compreps/seedrep_cand/protenix/8ulr_HL/d1746/seed0_r0/results/8ulr_hl/seed_0/predictions/8ulr_hl_sample_3.cif,8ulr_HL,seed0_r0,8ulr_hl_sample_3.cif,0.18531
/mnt/data/admuser/msadepth/compreps/seedrep_cand/protenix/8ulr_HL/d1746/seed0_r0/results/8ulr_hl/seed_0/predictions/8ulr_hl_sample_4.cif,8ulr_HL,seed0_r0,8ulr_hl_sample_4.cif,0.18355
/mnt/data/admuser/msadepth/compreps/seedrep_cand/protenix/8ulr_HL/d1746/seed0_r1/results/8ulr_hl/seed_0/predictions/8ulr_hl_sample_0.cif,8ulr_HL,seed0_r1,8ulr_hl_sample_0.cif,0.18454
/mnt/data/admuser/msadepth/compreps/seedrep_cand/protenix/8ulr_HL/d1746/seed0_r1/results/8ulr_hl/seed_0/predictions/8ulr_hl_sample_1.cif,8ulr_HL,seed0_r1,8ulr_hl_sample_1.cif,0.18291
/mnt/data/admuser/msadepth/compreps/seedrep_cand/protenix/8ulr_HL/d1746/seed0_r1/results/8ulr_hl/seed_0/predictions/8ulr_hl_sample_2.cif,8ulr_HL,seed0_r1,8ulr_hl_sample_2.cif,0.18071
/mnt/data/admuser/msadepth/compreps/seedrep_cand/protenix/8ulr_HL/d1746/seed0_r1/results/8ulr_hl/seed_0/predictions/8ulr_hl_sample_3.cif,8ulr_HL,seed0_r1,8ulr_hl_sample_3.cif,0.17907
/mnt/data/admuser/msadepth/compreps/seedrep_cand/protenix/8ulr_HL/d1746/seed0_r1/results/8ulr_hl/seed_0/predictions/8ulr_hl_sample_4.cif,8ulr_HL,seed0_r1,8ulr_hl_sample_4.cif,0.17924
/mnt/data/admuser/msadepth/compreps/seedrep_cand/protenix/8ulr_HL/d1746/seed0_r2/results/8ulr_hl/seed_0/predictions/8ulr_hl_sample_0.cif,8ulr_HL,seed0_r2,8ulr_hl_sample_0.cif,0.18729
/mnt/data/admuser/msadepth/compreps/seedrep_cand/protenix/8ulr_HL/d1746/seed0_r2/results/8ulr_hl/seed_0/predictions/8ulr_hl_sample_1.cif,8ulr_HL,seed0_r2,8ulr_hl_sample_1.cif,0.18521
/mnt/data/admuser/msadepth/compreps/seedrep_cand/protenix/8ulr_HL/d1746/seed0_r2/results/8ulr_hl/seed_0/predictions/8ulr_hl_sample_2.cif,8ulr_HL,seed0_r2,8ulr_hl_sample_2.cif,0.18277
/mnt/data/admuser/msadepth/compreps/seedrep_cand/protenix/8ulr_HL/d1746/seed0_r2/results/8ulr_hl/seed_0/predictions/8ulr_hl_sample_3.cif,8ulr_HL,seed0_r2,8ulr_hl_sample_3.cif,0.18242
/mnt/data/admuser/msadepth/compreps/seedrep_cand/protenix/8ulr_HL/d1746/seed0_r2/results/8ulr_hl/seed_0/predictions/8ulr_hl_sample_4.cif,8ulr_HL,seed0_r2,8ulr_hl_sample_4.cif,0.18143
/mnt/data/admuser/msadepth/compreps/seedrep_cand/protenix/8ulr_HL/d1746/seed0_r3/results/8ulr_hl/seed_0/predictions/8ulr_hl_sample_0.cif,8ulr_HL,seed0_r3,8ulr_hl_sample_0.cif,0.18749
/mnt/data/admuser/msadepth/compreps/seedrep_cand/protenix/8ulr_HL/d1746/seed0_r3/results/8ulr_hl/seed_0/predictions/8ulr_hl_sample_1.cif,8ulr_HL,seed0_r3,8ulr_hl_sample_1.cif,0.1829
/mnt/data/admuser/msadepth/compreps/seedrep_cand/protenix/8ulr_HL/d1746/seed0_r3/results/8ulr_hl/seed_0/predictions/8ulr_hl_sample_2.cif,8ulr_HL,seed0_r3,8ulr_hl_sample_2.cif,0.18246
/mnt/data/admuser/msadepth/compreps/seedrep_cand/protenix/8ulr_HL/d1746/seed0_r3/results/8ulr_hl/seed_0/predictions/8ulr_hl_sample_3.cif,8ulr_HL,seed0_r3,8ulr_hl_sample_3.cif,0.18207
/mnt/data/admuser/msadepth/compreps/seedrep_cand/protenix/8ulr_HL/d1746/seed0_r3/results/8ulr_hl/seed_0/predictions/8ulr_hl_sample_4.cif,8ulr_HL,seed0_r3,8ulr_hl_sample_4.cif,0.18244
/mnt/data/admuser/msadepth/compreps/seedrep_cand/protenix/8ulr_HL/d1746/seed1_r0/results/8ulr_hl/seed_0/predictions/8ulr_hl_sample_0.cif,8ulr_HL,seed1_r0,8ulr_hl_sample_0.cif,0.46046
/mnt/data/admuser/msadepth/compreps/seedrep_cand/protenix/8ulr_HL/d1746/seed1_r0/results/8ulr_hl/seed_0/predictions/8ulr_hl_sample_1.cif,8ulr_HL,seed1_r0,8ulr_hl_sample_1.cif,0.45921
/mnt/data/admuser/msadepth/compreps/seedrep_cand/protenix/8ulr_HL/d1746/seed1_r0/results/8ulr_hl/seed_0/predictions/8ulr_hl_sample_2.cif,8ulr_HL,seed1_r0,8ulr_hl_sample_2.cif,0.45824
/mnt/data/admuser/msadepth/compreps/seedrep_cand/protenix/8ulr_HL/d1746/seed1_r0/results/8ulr_hl/seed_0/predictions/8ulr_hl_sample_3.cif,8ulr_HL,seed1_r0,8ulr_hl_sample_3.cif,0.4549
/mnt/data/admuser/msadepth/compreps/seedrep_cand/protenix/8ulr_HL/d1746/seed1_r0/results/8ulr_hl/seed_0/predictions/8ulr_hl_sample_4.cif,8ulr_HL,seed1_r0,8ulr_hl_sample_4.cif,0.45311
/mnt/data/admuser/msadepth/compreps/seedrep_cand/protenix/8ulr_HL/d1746/seed1_r1/results/8ulr_hl/seed_0/predictions/8ulr_hl_sample_0.cif,8ulr_HL,seed1_r1,8ulr_hl_sample_0.cif,0.24134
/mnt/data/admuser/msadepth/compreps/seedrep_cand/protenix/8ulr_HL/d1746/seed1_r1/results/8ulr_hl/seed_0/predictions/8ulr_hl_sample_1.cif,8ulr_HL,seed1_r1,8ulr_hl_sample_1.cif,0.24161
/mnt/data/admuser/msadepth/compreps/seedrep_cand/protenix/8ulr_HL/d1746/seed1_r1/results/8ulr_hl/seed_0/predictions/8ulr_hl_sample_2.cif,8ulr_HL,seed1_r1,8ulr_hl_sample_2.cif,0.23931
/mnt/data/admuser/msadepth/compreps/seedrep_cand/protenix/8ulr_HL/d1746/seed1_r1/results/8ulr_hl/seed_0/predictions/8ulr_hl_sample_3.cif,8ulr_HL,seed1_r1,8ulr_hl_sample_3.cif,0.23566
/mnt/data/admuser/msadepth/compreps/seedrep_cand/protenix/8ulr_HL/d1746/seed1_r1/results/8ulr_hl/seed_0/predictions/8ulr_hl_sample_4.cif,8ulr_HL,seed1_r1,8ulr_hl_sample_4.cif,0.23298
/mnt/data/admuser/msadepth/compreps/seedrep_cand/protenix/8ulr_HL/d1746/seed1_r2/results/8ulr_hl/seed_0/predictions/8ulr_hl_sample_0.cif,8ulr_HL,seed1_r2,8ulr_hl_sample_0.cif,0.24782
/mnt/data/admuser/msadepth/compreps/seedrep_cand/protenix/8ulr_HL/d1746/seed1_r2/results/8ulr_hl/seed_0/predictions/8ulr_hl_sample_1.cif,8ulr_HL,seed1_r2,8ulr_hl_sample_1.cif,0.24773
/mnt/data/admuser/msadepth/compreps/seedrep_cand/protenix/8ulr_HL/d1746/seed1_r2/results/8ulr_hl/seed_0/predictions/8ulr_hl_sample_2.cif,8ulr_HL,seed1_r2,8ulr_hl_sample_2.cif,0.24291
/mnt/data/admuser/msadepth/compreps/seedrep_cand/protenix/8ulr_HL/d1746/seed1_r2/results/8ulr_hl/seed_0/predictions/8ulr_hl_sample_3.cif,8ulr_HL,seed1_r2,8ulr_hl_sample_3.cif,0.23933
/mnt/data/admuser/msadepth/compreps/seedrep_cand/protenix/8ulr_HL/d1746/seed1_r2/results/8ulr_hl/seed_0/predictions/8ulr_hl_sample_4.cif,8ulr_HL,seed1_r2,8ulr_hl_sample_4.cif,0.19852
/mnt/data/admuser/msadepth/compreps/seedrep_cand/protenix/8ulr_HL/d1746/seed1_r3/results/8ulr_hl/seed_0/predictions/8ulr_hl_sample_0.cif,8ulr_HL,seed1_r3,8ulr_hl_sample_0.cif,0.25719
/mnt/data/admuser/msadepth/compreps/seedrep_cand/protenix/8ulr_HL/d1746/seed1_r3/results/8ulr_hl/seed_0/predictions/8ulr_hl_sample_1.cif,8ulr_HL,seed1_r3,8ulr_hl_sample_1.cif,0.25562
/mnt/data/admuser/msadepth/compreps/seedrep_cand/protenix/8ulr_HL/d1746/seed1_r3/results/8ulr_hl/seed_0/predictions/8ulr_hl_sample_2.cif,8ulr_HL,seed1_r3,8ulr_hl_sample_2.cif,0.25502
/mnt/data/admuser/msadepth/compreps/seedrep_cand/protenix/8ulr_HL/d1746/seed1_r3/results/8ulr_hl/seed_0/predictions/8ulr_hl_sample_3.cif,8ulr_HL,seed1_r3,8ulr_hl_sample_3.cif,0.25066
/mnt/data/admuser/msadepth/compreps/seedrep_cand/protenix/8ulr_HL/d1746/seed1_r3/results/8ulr_hl/seed_0/predictions/8ulr_hl_sample_4.cif,8ulr_HL,seed1_r3,8ulr_hl_sample_4.cif,0.25039
/mnt/data/admuser/msadepth/compreps/seedrep_cand/protenix/8ulr_HL/d1746/seed2_r0/results/8ulr_hl/seed_0/predictions/8ulr_hl_sample_0.cif,8ulr_HL,seed2_r0,8ulr_hl_sample_0.cif,0.19899
/mnt/data/admuser/msadepth/compreps/seedrep_cand/protenix/8ulr_HL/d1746/seed2_r0/results/8ulr_hl/seed_0/predictions/8ulr_hl_sample_1.cif,8ulr_HL,seed2_r0,8ulr_hl_sample_1.cif,0.19345
/mnt/data/admuser/msadepth/compreps/seedrep_cand/protenix/8ulr_HL/d1746/seed2_r0/results/8ulr_hl/seed_0/predictions/8ulr_hl_sample_2.cif,8ulr_HL,seed2_r0,8ulr_hl_sample_2.cif,0.19149
/mnt/data/admuser/msadepth/compreps/seedrep_cand/protenix/8ulr_HL/d1746/seed2_r0/results/8ulr_hl/seed_0/predictions/8ulr_hl_sample_3.cif,8ulr_HL,seed2_r0,8ulr_hl_sample_3.cif,0.1892
/mnt/data/admuser/msadepth/compreps/seedrep_cand/protenix/8ulr_HL/d1746/seed2_r0/results/8ulr_hl/seed_0/predictions/8ulr_hl_sample_4.cif,8ulr_HL,seed2_r0,8ulr_hl_sample_4.cif,0.18846
/mnt/data/admuser/msadepth/compreps/seedrep_cand/protenix/8ulr_HL/d1746/seed2_r1/results/8ulr_hl/seed_0/predictions/8ulr_hl_sample_0.cif,8ulr_HL,seed2_r1,8ulr_hl_sample_0.cif,0.2519
/mnt/data/admuser/msadepth/compreps/seedrep_cand/protenix/8ulr_HL/d1746/seed2_r1/results/8ulr_hl/seed_0/predictions/8ulr_hl_sample_1.cif,8ulr_HL,seed2_r1,8ulr_hl_sample_1.cif,0.24914
/mnt/data/admuser/msadepth/compreps/seedrep_cand/protenix/8ulr_HL/d1746/seed2_r1/results/8ulr_hl/seed_0/predictions/8ulr_hl_sample_2.cif,8ulr_HL,seed2_r1,8ulr_hl_sample_2.cif,0.24885
/mnt/data/admuser/msadepth/compreps/seedrep_cand/protenix/8ulr_HL/d1746/seed2_r1/results/8ulr_hl/seed_0/predictions/8ulr_hl_sample_3.cif,8ulr_HL,seed2_r1,8ulr_hl_sample_3.cif,0.21456
/mnt/data/admuser/msadepth/compreps/seedrep_cand/protenix/8ulr_HL/d1746/seed2_r1/results/8ulr_hl/seed_0/predictions/8ulr_hl_sample_4.cif,8ulr_HL,seed2_r1,8ulr_hl_sample_4.cif,0.21219
/mnt/data/admuser/msadepth/compreps/seedrep_cand/protenix/8ulr_HL/d1746/seed2_r2/results/8ulr_hl/seed_0/predictions/8ulr_hl_sample_0.cif,8ulr_HL,seed2_r2,8ulr_hl_sample_0.cif,0.21329
/mnt/data/admuser/msadepth/compreps/seedrep_cand/protenix/8ulr_HL/d1746/seed2_r2/results/8ulr_hl/seed_0/predictions/8ulr_hl_sample_1.cif,8ulr_HL,seed2_r2,8ulr_hl_sample_1.cif,0.21047
/mnt/data/admuser/msadepth/compreps/seedrep_cand/protenix/8ulr_HL/d1746/seed2_r2/results/8ulr_hl/seed_0/predictions/8ulr_hl_sample_2.cif,8ulr_HL,seed2_r2,8ulr_hl_sample_2.cif,0.20971
/mnt/data/admuser/msadepth/compreps/seedrep_cand/protenix/8ulr_HL/d1746/seed2_r2/results/8ulr_hl/seed_0/predictions/8ulr_hl_sample_3.cif,8ulr_HL,seed2_r2,8ulr_hl_sample_3.cif,0.19397
/mnt/data/admuser/msadepth/compreps/seedrep_cand/protenix/8ulr_HL/d1746/seed2_r2/results/8ulr_hl/seed_0/predictions/8ulr_hl_sample_4.cif,8ulr_HL,seed2_r2,8ulr_hl_sample_4.cif,0.18483
/mnt/data/admuser/msadepth/compreps/seedrep_cand/protenix/8ulr_HL/d1746/seed2_r3/results/8ulr_hl/seed_0/predictions/8ulr_hl_sample_0.cif,8ulr_HL,seed2_r3,8ulr_hl_sample_0.cif,0.19747
/mnt/data/admuser/msadepth/compreps/seedrep_cand/protenix/8ulr_HL/d1746/seed2_r3/results/8ulr_hl/seed_0/predictions/8ulr_hl_sample_1.cif,8ulr_HL,seed2_r3,8ulr_hl_sample_1.cif,0.19386
/mnt/data/admuser/msadepth/compreps/seedrep_cand/protenix/8ulr_HL/d1746/seed2_r3/results/8ulr_hl/seed_0/predictions/8ulr_hl_sample_2.cif,8ulr_HL,seed2_r3,8ulr_hl_sample_2.cif,0.19361
/mnt/data/admuser/msadepth/compreps/seedrep_cand/protenix/8ulr_HL/d1746/seed2_r3/results/8ulr_hl/seed_0/predictions/8ulr_hl_sample_3.cif,8ulr_HL,seed2_r3,8ulr_hl_sample_3.cif,0.19317
/mnt/data/admuser/msadepth/compreps/seedrep_cand/protenix/8ulr_HL/d1746/seed2_r3/results/8ulr_hl/seed_0/predictions/8ulr_hl_sample_4.cif,8ulr_HL,seed2_r3,8ulr_hl_sample_4.cif,0.18019
/mnt/data/admuser/msadepth/compreps/seedrep_cand/protenix/8ulr_HL/d1746/seed3_r0/results/8ulr_hl/seed_0/predictions/8ulr_hl_sample_0.cif,8ulr_HL,seed3_r0,8ulr_hl_sample_0.cif,0.86037
/mnt/data/admuser/msadepth/compreps/seedrep_cand/protenix/8ulr_HL/d1746/seed3_r0/results/8ulr_hl/seed_0/predictions/8ulr_hl_sample_1.cif,8ulr_HL,seed3_r0,8ulr_hl_sample_1.cif,0.85935
/mnt/data/admuser/msadepth/compreps/seedrep_cand/protenix/8ulr_HL/d1746/seed3_r0/results/8ulr_hl/seed_0/predictions/8ulr_hl_sample_2.cif,8ulr_HL,seed3_r0,8ulr_hl_sample_2.cif,0.8596
/mnt/data/admuser/msadepth/compreps/seedrep_cand/protenix/8ulr_HL/d1746/seed3_r0/results/8ulr_hl/seed_0/predictions/8ulr_hl_sample_3.cif,8ulr_HL,seed3_r0,8ulr_hl_sample_3.cif,0.85945
/mnt/data/admuser/msadepth/compreps/seedrep_cand/protenix/8ulr_HL/d1746/seed3_r0/results/8ulr_hl/seed_0/predictions/8ulr_hl_sample_4.cif,8ulr_HL,seed3_r0,8ulr_hl_sample_4.cif,0.85965
/mnt/data/admuser/msadepth/compreps/seedrep_cand/protenix/8ulr_HL/d1746/seed3_r1/results/8ulr_hl/seed_0/predictions/8ulr_hl_sample_0.cif,8ulr_HL,seed3_r1,8ulr_hl_sample_0.cif,0.8797
/mnt/data/admuser/msadepth/compreps/seedrep_cand/protenix/8ulr_HL/d1746/seed3_r1/results/8ulr_hl/seed_0/predictions/8ulr_hl_sample_1.cif,8ulr_HL,seed3_r1,8ulr_hl_sample_1.cif,0.87938
/mnt/data/admuser/msadepth/compreps/seedrep_cand/protenix/8ulr_HL/d1746/seed3_r1/results/8ulr_hl/seed_0/predictions/8ulr_hl_sample_2.cif,8ulr_HL,seed3_r1,8ulr_hl_sample_2.cif,0.87874
/mnt/data/admuser/msadepth/compreps/seedrep_cand/protenix/8ulr_HL/d1746/seed3_r1/results/8ulr_hl/seed_0/predictions/8ulr_hl_sample_3.cif,8ulr_HL,seed3_r1,8ulr_hl_sample_3.cif,0.87855
/mnt/data/admuser/msadepth/compreps/seedrep_cand/protenix/8ulr_HL/d1746/seed3_r1/results/8ulr_hl/seed_0/predictions/8ulr_hl_sample_4.cif,8ulr_HL,seed3_r1,8ulr_hl_sample_4.cif,0.87807
/mnt/data/admuser/msadepth/compreps/seedrep_cand/protenix/8ulr_HL/d1746/seed3_r2/results/8ulr_hl/seed_0/predictions/8ulr_hl_sample_0.cif,8ulr_HL,seed3_r2,8ulr_hl_sample_0.cif,0.4706
/mnt/data/admuser/msadepth/compreps/seedrep_cand/protenix/8ulr_HL/d1746/seed3_r2/results/8ulr_hl/seed_0/predictions/8ulr_hl_sample_1.cif,8ulr_HL,seed3_r2,8ulr_hl_sample_1.cif,0.46763
/mnt/data/admuser/msadepth/compreps/seedrep_cand/protenix/8ulr_HL/d1746/seed3_r2/results/8ulr_hl/seed_0/predictions/8ulr_hl_sample_2.cif,8ulr_HL,seed3_r2,8ulr_hl_sample_2.cif,0.46487
/mnt/data/admuser/msadepth/compreps/seedrep_cand/protenix/8ulr_HL/d1746/seed3_r2/results/8ulr_hl/seed_0/predictions/8ulr_hl_sample_3.cif,8ulr_HL,seed3_r2,8ulr_hl_sample_3.cif,0.46514
/mnt/data/admuser/msadepth/compreps/seedrep_cand/protenix/8ulr_HL/d1746/seed3_r2/results/8ulr_hl/seed_0/predictions/8ulr_hl_sample_4.cif,8ulr_HL,seed3_r2,8ulr_hl_sample_4.cif,0.44239
/mnt/data/admuser/msadepth/compreps/seedrep_cand/protenix/8ulr_HL/d1746/seed3_r3/results/8ulr_hl/seed_0/predictions/8ulr_hl_sample_0.cif,8ulr_HL,seed3_r3,8ulr_hl_sample_0.cif,0.88393
/mnt/data/admuser/msadepth/compreps/seedrep_cand/protenix/8ulr_HL/d1746/seed3_r3/results/8ulr_hl/seed_0/predictions/8ulr_hl_sample_1.cif,8ulr_HL,seed3_r3,8ulr_hl_sample_1.cif,0.8839
/mnt/data/admuser/msadepth/compreps/seedrep_cand/protenix/8ulr_HL/d1746/seed3_r3/results/8ulr_hl/seed_0/predictions/8ulr_hl_sample_2.cif,8ulr_HL,seed3_r3,8ulr_hl_sample_2.cif,0.88311
/mnt/data/admuser/msadepth/compreps/seedrep_cand/protenix/8ulr_HL/d1746/seed3_r3/results/8ulr_hl/seed_0/predictions/8ulr_hl_sample_3.cif,8ulr_HL,seed3_r3,8ulr_hl_sample_3.cif,0.88336
/mnt/data/admuser/msadepth/compreps/seedrep_cand/protenix/8ulr_HL/d1746/seed3_r3/results/8ulr_hl/seed_0/predictions/8ulr_hl_sample_4.cif,8ulr_HL,seed3_r3,8ulr_hl_sample_4.cif,0.88268
/mnt/data/admuser/msadepth/compreps/seedrep_cand/protenix/8ulr_HL/d1746/seed4_r0/results/8ulr_hl/seed_0/predictions/8ulr_hl_sample_0.cif,8ulr_HL,seed4_r0,8ulr_hl_sample_0.cif,0.87899
/mnt/data/admuser/msadepth/compreps/seedrep_cand/protenix/8ulr_HL/d1746/seed4_r0/results/8ulr_hl/seed_0/predictions/8ulr_hl_sample_1.cif,8ulr_HL,seed4_r0,8ulr_hl_sample_1.cif,0.87877
/mnt/data/admuser/msadepth/compreps/seedrep_cand/protenix/8ulr_HL/d1746/seed4_r0/results/8ulr_hl/seed_0/predictions/8ulr_hl_sample_2.cif,8ulr_HL,seed4_r0,8ulr_hl_sample_2.cif,0.87878
/mnt/data/admuser/msadepth/compreps/seedrep_cand/protenix/8ulr_HL/d1746/seed4_r0/results/8ulr_hl/seed_0/predictions/8ulr_hl_sample_3.cif,8ulr_HL,seed4_r0,8ulr_hl_sample_3.cif,0.87876
/mnt/data/admuser/msadepth/compreps/seedrep_cand/protenix/8ulr_HL/d1746/seed4_r0/results/8ulr_hl/seed_0/predictions/8ulr_hl_sample_4.cif,8ulr_HL,seed4_r0,8ulr_hl_sample_4.cif,0.87853
/mnt/data/admuser/msadepth/compreps/seedrep_cand/protenix/8ulr_HL/d1746/seed4_r1/results/8ulr_hl/seed_0/predictions/8ulr_hl_sample_0.cif,8ulr_HL,seed4_r1,8ulr_hl_sample_0.cif,0.84683
/mnt/data/admuser/msadepth/compreps/seedrep_cand/protenix/8ulr_HL/d1746/seed4_r1/results/8ulr_hl/seed_0/predictions/8ulr_hl_sample_1.cif,8ulr_HL,seed4_r1,8ulr_hl_sample_1.cif,0.84538
/mnt/data/admuser/msadepth/compreps/seedrep_cand/protenix/8ulr_HL/d1746/seed4_r1/results/8ulr_hl/seed_0/predictions/8ulr_hl_sample_2.cif,8ulr_HL,seed4_r1,8ulr_hl_sample_2.cif,0.84537
/mnt/data/admuser/msadepth/compreps/seedrep_cand/protenix/8ulr_HL/d1746/seed4_r1/results/8ulr_hl/seed_0/predictions/8ulr_hl_sample_3.cif,8ulr_HL,seed4_r1,8ulr_hl_sample_3.cif,0.84435
/mnt/data/admuser/msadepth/compreps/seedrep_cand/protenix/8ulr_HL/d1746/seed4_r1/results/8ulr_hl/seed_0/predictions/8ulr_hl_sample_4.cif,8ulr_HL,seed4_r1,8ulr_hl_sample_4.cif,0.84418
/mnt/data/admuser/msadepth/compreps/seedrep_cand/protenix/8ulr_HL/d1746/seed4_r2/results/8ulr_hl/seed_0/predictions/8ulr_hl_sample_0.cif,8ulr_HL,seed4_r2,8ulr_hl_sample_0.cif,0.76305
/mnt/data/admuser/msadepth/compreps/seedrep_cand/protenix/8ulr_HL/d1746/seed4_r2/results/8ulr_hl/seed_0/predictions/8ulr_hl_sample_1.cif,8ulr_HL,seed4_r2,8ulr_hl_sample_1.cif,0.76006
/mnt/data/admuser/msadepth/compreps/seedrep_cand/protenix/8ulr_HL/d1746/seed4_r2/results/8ulr_hl/seed_0/predictions/8ulr_hl_sample_2.cif,8ulr_HL,seed4_r2,8ulr_hl_sample_2.cif,0.75957
/mnt/data/admuser/msadepth/compreps/seedrep_cand/protenix/8ulr_HL/d1746/seed4_r2/results/8ulr_hl/seed_0/predictions/8ulr_hl_sample_3.cif,8ulr_HL,seed4_r2,8ulr_hl_sample_3.cif,0.759
/mnt/data/admuser/msadepth/compreps/seedrep_cand/protenix/8ulr_HL/d1746/seed4_r2/results/8ulr_hl/seed_0/predictions/8ulr_hl_sample_4.cif,8ulr_HL,seed4_r2,8ulr_hl_sample_4.cif,0.75752
/mnt/data/admuser/msadepth/compreps/seedrep_cand/protenix/8ulr_HL/d1746/seed4_r3/results/8ulr_hl/seed_0/predictions/8ulr_hl_sample_0.cif,8ulr_HL,seed4_r3,8ulr_hl_sample_0.cif,0.87386
/mnt/data/admuser/msadepth/compreps/seedrep_cand/protenix/8ulr_HL/d1746/seed4_r3/results/8ulr_hl/seed_0/predictions/8ulr_hl_sample_1.cif,8ulr_HL,seed4_r3,8ulr_hl_sample_1.cif,0.87264
/mnt/data/admuser/msadepth/compreps/seedrep_cand/protenix/8ulr_HL/d1746/seed4_r3/results/8ulr_hl/seed_0/predictions/8ulr_hl_sample_2.cif,8ulr_HL,seed4_r3,8ulr_hl_sample_2.cif,0.87237
/mnt/data/admuser/msadepth/compreps/seedrep_cand/protenix/8ulr_HL/d1746/seed4_r3/results/8ulr_hl/seed_0/predictions/8ulr_hl_sample_3.cif,8ulr_HL,seed4_r3,8ulr_hl_sample_3.cif,0.87235
/mnt/data/admuser/msadepth/compreps/seedrep_cand/protenix/8ulr_HL/d1746/seed4_r3/results/8ulr_hl/seed_0/predictions/8ulr_hl_sample_4.cif,8ulr_HL,seed4_r3,8ulr_hl_sample_4.cif,0.8722
/mnt/data/admuser/msadepth/compreps/seedrep_cand/protenix/8ulr_HL/d1746/seed5_r0/results/8ulr_hl/seed_0/predictions/8ulr_hl_sample_0.cif,8ulr_HL,seed5_r0,8ulr_hl_sample_0.cif,0.26196
/mnt/data/admuser/msadepth/compreps/seedrep_cand/protenix/8ulr_HL/d1746/seed5_r0/results/8ulr_hl/seed_0/predictions/8ulr_hl_sample_1.cif,8ulr_HL,seed5_r0,8ulr_hl_sample_1.cif,0.259
/mnt/data/admuser/msadepth/compreps/seedrep_cand/protenix/8ulr_HL/d1746/seed5_r0/results/8ulr_hl/seed_0/predictions/8ulr_hl_sample_2.cif,8ulr_HL,seed5_r0,8ulr_hl_sample_2.cif,0.25892
/mnt/data/admuser/msadepth/compreps/seedrep_cand/protenix/8ulr_HL/d1746/seed5_r0/results/8ulr_hl/seed_0/predictions/8ulr_hl_sample_3.cif,8ulr_HL,seed5_r0,8ulr_hl_sample_3.cif,0.25815
/mnt/data/admuser/msadepth/compreps/seedrep_cand/protenix/8ulr_HL/d1746/seed5_r0/results/8ulr_hl/seed_0/predictions/8ulr_hl_sample_4.cif,8ulr_HL,seed5_r0,8ulr_hl_sample_4.cif,0.20621
/mnt/data/admuser/msadepth/compreps/seedrep_cand/protenix/8ulr_HL/d1746/seed5_r1/results/8ulr_hl/seed_0/predictions/8ulr_hl_sample_0.cif,8ulr_HL,seed5_r1,8ulr_hl_sample_0.cif,0.28165
/mnt/data/admuser/msadepth/compreps/seedrep_cand/protenix/8ulr_HL/d1746/seed5_r1/results/8ulr_hl/seed_0/predictions/8ulr_hl_sample_1.cif,8ulr_HL,seed5_r1,8ulr_hl_sample_1.cif,0.27876
/mnt/data/admuser/msadepth/compreps/seedrep_cand/protenix/8ulr_HL/d1746/seed5_r1/results/8ulr_hl/seed_0/predictions/8ulr_hl_sample_2.cif,8ulr_HL,seed5_r1,8ulr_hl_sample_2.cif,0.27841
/mnt/data/admuser/msadepth/compreps/seedrep_cand/protenix/8ulr_HL/d1746/seed5_r1/results/8ulr_hl/seed_0/predictions/8ulr_hl_sample_3.cif,8ulr_HL,seed5_r1,8ulr_hl_sample_3.cif,0.27625
/mnt/data/admuser/msadepth/compreps/seedrep_cand/protenix/8ulr_HL/d1746/seed5_r1/results/8ulr_hl/seed_0/predictions/8ulr_hl_sample_4.cif,8ulr_HL,seed5_r1,8ulr_hl_sample_4.cif,0.2753
/mnt/data/admuser/msadepth/compreps/seedrep_cand/protenix/8ulr_HL/d1746/seed5_r2/results/8ulr_hl/seed_0/predictions/8ulr_hl_sample_0.cif,8ulr_HL,seed5_r2,8ulr_hl_sample_0.cif,0.43949
/mnt/data/admuser/msadepth/compreps/seedrep_cand/protenix/8ulr_HL/d1746/seed5_r2/results/8ulr_hl/seed_0/predictions/8ulr_hl_sample_1.cif,8ulr_HL,seed5_r2,8ulr_hl_sample_1.cif,0.43781
/mnt/data/admuser/msadepth/compreps/seedrep_cand/protenix/8ulr_HL/d1746/seed5_r2/results/8ulr_hl/seed_0/predictions/8ulr_hl_sample_2.cif,8ulr_HL,seed5_r2,8ulr_hl_sample_2.cif,0.4377
/mnt/data/admuser/msadepth/compreps/seedrep_cand/protenix/8ulr_HL/d1746/seed5_r2/results/8ulr_hl/seed_0/predictions/8ulr_hl_sample_3.cif,8ulr_HL,seed5_r2,8ulr_hl_sample_3.cif,0.43757
/mnt/data/admuser/msadepth/compreps/seedrep_cand/protenix/8ulr_HL/d1746/seed5_r2/results/8ulr_hl/seed_0/predictions/8ulr_hl_sample_4.cif,8ulr_HL,seed5_r2,8ulr_hl_sample_4.cif,0.43383
/mnt/data/admuser/msadepth/compreps/seedrep_cand/protenix/8ulr_HL/d1746/seed5_r3/results/8ulr_hl/seed_0/predictions/8ulr_hl_sample_0.cif,8ulr_HL,seed5_r3,8ulr_hl_sample_0.cif,0.26179
/mnt/data/admuser/msadepth/compreps/seedrep_cand/protenix/8ulr_HL/d1746/seed5_r3/results/8ulr_hl/seed_0/predictions/8ulr_hl_sample_1.cif,8ulr_HL,seed5_r3,8ulr_hl_sample_1.cif,0.25908
/mnt/data/admuser/msadepth/compreps/seedrep_cand/protenix/8ulr_HL/d1746/seed5_r3/results/8ulr_hl/seed_0/predictions/8ulr_hl_sample_2.cif,8ulr_HL,seed5_r3,8ulr_hl_sample_2.cif,0.25814
/mnt/data/admuser/msadepth/compreps/seedrep_cand/protenix/8ulr_HL/d1746/seed5_r3/results/8ulr_hl/seed_0/predictions/8ulr_hl_sample_3.cif,8ulr_HL,seed5_r3,8ulr_hl_sample_3.cif,0.2581
/mnt/data/admuser/msadepth/compreps/seedrep_cand/protenix/8ulr_HL/d1746/seed5_r3/results/8ulr_hl/seed_0/predictions/8ulr_hl_sample_4.cif,8ulr_HL,seed5_r3,8ulr_hl_sample_4.cif,0.20929
/mnt/data/admuser/msadepth/compreps/seedrep_cand/protenix/8ulr_HL/d1746/seed6_r0/results/8ulr_hl/seed_0/predictions/8ulr_hl_sample_0.cif,8ulr_HL,seed6_r0,8ulr_hl_sample_0.cif,0.43325
/mnt/data/admuser/msadepth/compreps/seedrep_cand/protenix/8ulr_HL/d1746/seed6_r0/results/8ulr_hl/seed_0/predictions/8ulr_hl_sample_1.cif,8ulr_HL,seed6_r0,8ulr_hl_sample_1.cif,0.4313
/mnt/data/admuser/msadepth/compreps/seedrep_cand/protenix/8ulr_HL/d1746/seed6_r0/results/8ulr_hl/seed_0/predictions/8ulr_hl_sample_2.cif,8ulr_HL,seed6_r0,8ulr_hl_sample_2.cif,0.42897
/mnt/data/admuser/msadepth/compreps/seedrep_cand/protenix/8ulr_HL/d1746/seed6_r0/results/8ulr_hl/seed_0/predictions/8ulr_hl_sample_3.cif,8ulr_HL,seed6_r0,8ulr_hl_sample_3.cif,0.42588
/mnt/data/admuser/msadepth/compreps/seedrep_cand/protenix/8ulr_HL/d1746/seed6_r0/results/8ulr_hl/seed_0/predictions/8ulr_hl_sample_4.cif,8ulr_HL,seed6_r0,8ulr_hl_sample_4.cif,0.42359
/mnt/data/admuser/msadepth/compreps/seedrep_cand/protenix/8ulr_HL/d1746/seed6_r1/results/8ulr_hl/seed_0/predictions/8ulr_hl_sample_0.cif,8ulr_HL,seed6_r1,8ulr_hl_sample_0.cif,0.5625
/mnt/data/admuser/msadepth/compreps/seedrep_cand/protenix/8ulr_HL/d1746/seed6_r1/results/8ulr_hl/seed_0/predictions/8ulr_hl_sample_1.cif,8ulr_HL,seed6_r1,8ulr_hl_sample_1.cif,0.56072
/mnt/data/admuser/msadepth/compreps/seedrep_cand/protenix/8ulr_HL/d1746/seed6_r1/results/8ulr_hl/seed_0/predictions/8ulr_hl_sample_2.cif,8ulr_HL,seed6_r1,8ulr_hl_sample_2.cif,0.55849
/mnt/data/admuser/msadepth/compreps/seedrep_cand/protenix/8ulr_HL/d1746/seed6_r1/results/8ulr_hl/seed_0/predictions/8ulr_hl_sample_3.cif,8ulr_HL,seed6_r1,8ulr_hl_sample_3.cif,0.55495
/mnt/data/admuser/msadepth/compreps/seedrep_cand/protenix/8ulr_HL/d1746/seed6_r1/results/8ulr_hl/seed_0/predictions/8ulr_hl_sample_4.cif,8ulr_HL,seed6_r1,8ulr_hl_sample_4.cif,0.55212
/mnt/data/admuser/msadepth/compreps/seedrep_cand/protenix/8ulr_HL/d1746/seed6_r2/results/8ulr_hl/seed_0/predictions/8ulr_hl_sample_0.cif,8ulr_HL,seed6_r2,8ulr_hl_sample_0.cif,0.4915
/mnt/data/admuser/msadepth/compreps/seedrep_cand/protenix/8ulr_HL/d1746/seed6_r2/results/8ulr_hl/seed_0/predictions/8ulr_hl_sample_1.cif,8ulr_HL,seed6_r2,8ulr_hl_sample_1.cif,0.48871
/mnt/data/admuser/msadepth/compreps/seedrep_cand/protenix/8ulr_HL/d1746/seed6_r2/results/8ulr_hl/seed_0/predictions/8ulr_hl_sample_2.cif,8ulr_HL,seed6_r2,8ulr_hl_sample_2.cif,0.48779
/mnt/data/admuser/msadepth/compreps/seedrep_cand/protenix/8ulr_HL/d1746/seed6_r2/results/8ulr_hl/seed_0/predictions/8ulr_hl_sample_3.cif,8ulr_HL,seed6_r2,8ulr_hl_sample_3.cif,0.48825
/mnt/data/admuser/msadepth/compreps/seedrep_cand/protenix/8ulr_HL/d1746/seed6_r2/results/8ulr_hl/seed_0/predictions/8ulr_hl_sample_4.cif,8ulr_HL,seed6_r2,8ulr_hl_sample_4.cif,0.48357
/mnt/data/admuser/msadepth/compreps/seedrep_cand/protenix/8ulr_HL/d1746/seed6_r3/results/8ulr_hl/seed_0/predictions/8ulr_hl_sample_0.cif,8ulr_HL,seed6_r3,8ulr_hl_sample_0.cif,0.42747
/mnt/data/admuser/msadepth/compreps/seedrep_cand/protenix/8ulr_HL/d1746/seed6_r3/results/8ulr_hl/seed_0/predictions/8ulr_hl_sample_1.cif,8ulr_HL,seed6_r3,8ulr_hl_sample_1.cif,0.42574
/mnt/data/admuser/msadepth/compreps/seedrep_cand/protenix/8ulr_HL/d1746/seed6_r3/results/8ulr_hl/seed_0/predictions/8ulr_hl_sample_2.cif,8ulr_HL,seed6_r3,8ulr_hl_sample_2.cif,0.42574
/mnt/data/admuser/msadepth/compreps/seedrep_cand/protenix/8ulr_HL/d1746/seed6_r3/results/8ulr_hl/seed_0/predictions/8ulr_hl_sample_3.cif,8ulr_HL,seed6_r3,8ulr_hl_sample_3.cif,0.42425
/mnt/data/admuser/msadepth/compreps/seedrep_cand/protenix/8ulr_HL/d1746/seed6_r3/results/8ulr_hl/seed_0/predictions/8ulr_hl_sample_4.cif,8ulr_HL,seed6_r3,8ulr_hl_sample_4.cif,0.41524
/mnt/data/admuser/msadepth/compreps/seedrep_cand/protenix/8ulr_HL/d1746/seed7_r0/results/8ulr_hl/seed_0/predictions/8ulr_hl_sample_0.cif,8ulr_HL,seed7_r0,8ulr_hl_sample_0.cif,0.3479
/mnt/data/admuser/msadepth/compreps/seedrep_cand/protenix/8ulr_HL/d1746/seed7_r0/results/8ulr_hl/seed_0/predictions/8ulr_hl_sample_1.cif,8ulr_HL,seed7_r0,8ulr_hl_sample_1.cif,0.34624
/mnt/data/admuser/msadepth/compreps/seedrep_cand/protenix/8ulr_HL/d1746/seed7_r0/results/8ulr_hl/seed_0/predictions/8ulr_hl_sample_2.cif,8ulr_HL,seed7_r0,8ulr_hl_sample_2.cif,0.34631
/mnt/data/admuser/msadepth/compreps/seedrep_cand/protenix/8ulr_HL/d1746/seed7_r0/results/8ulr_hl/seed_0/predictions/8ulr_hl_sample_3.cif,8ulr_HL,seed7_r0,8ulr_hl_sample_3.cif,0.34375
/mnt/data/admuser/msadepth/compreps/seedrep_cand/protenix/8ulr_HL/d1746/seed7_r0/results/8ulr_hl/seed_0/predictions/8ulr_hl_sample_4.cif,8ulr_HL,seed7_r0,8ulr_hl_sample_4.cif,0.33873
/mnt/data/admuser/msadepth/compreps/seedrep_cand/protenix/8ulr_HL/d1746/seed7_r1/results/8ulr_hl/seed_0/predictions/8ulr_hl_sample_0.cif,8ulr_HL,seed7_r1,8ulr_hl_sample_0.cif,0.89339
/mnt/data/admuser/msadepth/compreps/seedrep_cand/protenix/8ulr_HL/d1746/seed7_r1/results/8ulr_hl/seed_0/predictions/8ulr_hl_sample_1.cif,8ulr_HL,seed7_r1,8ulr_hl_sample_1.cif,0.89313
/mnt/data/admuser/msadepth/compreps/seedrep_cand/protenix/8ulr_HL/d1746/seed7_r1/results/8ulr_hl/seed_0/predictions/8ulr_hl_sample_2.cif,8ulr_HL,seed7_r1,8ulr_hl_sample_2.cif,0.89257
/mnt/data/admuser/msadepth/compreps/seedrep_cand/protenix/8ulr_HL/d1746/seed7_r1/results/8ulr_hl/seed_0/predictions/8ulr_hl_sample_3.cif,8ulr_HL,seed7_r1,8ulr_hl_sample_3.cif,0.89221
/mnt/data/admuser/msadepth/compreps/seedrep_cand/protenix/8ulr_HL/d1746/seed7_r1/results/8ulr_hl/seed_0/predictions/8ulr_hl_sample_4.cif,8ulr_HL,seed7_r1,8ulr_hl_sample_4.cif,0.89209
/mnt/data/admuser/msadepth/compreps/seedrep_cand/protenix/8ulr_HL/d1746/seed7_r2/results/8ulr_hl/seed_0/predictions/8ulr_hl_sample_0.cif,8ulr_HL,seed7_r2,8ulr_hl_sample_0.cif,0.88779
/mnt/data/admuser/msadepth/compreps/seedrep_cand/protenix/8ulr_HL/d1746/seed7_r2/results/8ulr_hl/seed_0/predictions/8ulr_hl_sample_1.cif,8ulr_HL,seed7_r2,8ulr_hl_sample_1.cif,0.88781
/mnt/data/admuser/msadepth/compreps/seedrep_cand/protenix/8ulr_HL/d1746/seed7_r2/results/8ulr_hl/seed_0/predictions/8ulr_hl_sample_2.cif,8ulr_HL,seed7_r2,8ulr_hl_sample_2.cif,0.88783
/mnt/data/admuser/msadepth/compreps/seedrep_cand/protenix/8ulr_HL/d1746/seed7_r2/results/8ulr_hl/seed_0/predictions/8ulr_hl_sample_3.cif,8ulr_HL,seed7_r2,8ulr_hl_sample_3.cif,0.88719
/mnt/data/admuser/msadepth/compreps/seedrep_cand/protenix/8ulr_HL/d1746/seed7_r2/results/8ulr_hl/seed_0/predictions/8ulr_hl_sample_4.cif,8ulr_HL,seed7_r2,8ulr_hl_sample_4.cif,0.88684
/mnt/data/admuser/msadepth/compreps/seedrep_cand/protenix/8ulr_HL/d1746/seed7_r3/results/8ulr_hl/seed_0/predictions/8ulr_hl_sample_0.cif,8ulr_HL,seed7_r3,8ulr_hl_sample_0.cif,0.86042
/mnt/data/admuser/msadepth/compreps/seedrep_cand/protenix/8ulr_HL/d1746/seed7_r3/results/8ulr_hl/seed_0/predictions/8ulr_hl_sample_1.cif,8ulr_HL,seed7_r3,8ulr_hl_sample_1.cif,0.85945
/mnt/data/admuser/msadepth/compreps/seedrep_cand/protenix/8ulr_HL/d1746/seed7_r3/results/8ulr_hl/seed_0/predictions/8ulr_hl_sample_2.cif,8ulr_HL,seed7_r3,8ulr_hl_sample_2.cif,0.85869
/mnt/data/admuser/msadepth/compreps/seedrep_cand/protenix/8ulr_HL/d1746/seed7_r3/results/8ulr_hl/seed_0/predictions/8ulr_hl_sample_3.cif,8ulr_HL,seed7_r3,8ulr_hl_sample_3.cif,0.85802
/mnt/data/admuser/msadepth/compreps/seedrep_cand/protenix/8ulr_HL/d1746/seed7_r3/results/8ulr_hl/seed_0/predictions/8ulr_hl_sample_4.cif,8ulr_HL,seed7_r3,8ulr_hl_sample_4.cif,0.85784
/mnt/data/admuser/msadepth/compreps/seedrep_cand/protenix/8ulr_HL/d1746/seedfull_r0/results/8ulr_hl/seed_0/predictions/8ulr_hl_sample_0.cif,8ulr_HL,seedfull_r0,8ulr_hl_sample_0.cif,0.21277
/mnt/data/admuser/msadepth/compreps/seedrep_cand/protenix/8ulr_HL/d1746/seedfull_r0/results/8ulr_hl/seed_0/predictions/8ulr_hl_sample_1.cif,8ulr_HL,seedfull_r0,8ulr_hl_sample_1.cif,0.21226
/mnt/data/admuser/msadepth/compreps/seedrep_cand/protenix/8ulr_HL/d1746/seedfull_r0/results/8ulr_hl/seed_0/predictions/8ulr_hl_sample_2.cif,8ulr_HL,seedfull_r0,8ulr_hl_sample_2.cif,0.21023
/mnt/data/admuser/msadepth/compreps/seedrep_cand/protenix/8ulr_HL/d1746/seedfull_r0/results/8ulr_hl/seed_0/predictions/8ulr_hl_sample_3.cif,8ulr_HL,seedfull_r0,8ulr_hl_sample_3.cif,0.20896
/mnt/data/admuser/msadepth/compreps/seedrep_cand/protenix/8ulr_HL/d1746/seedfull_r0/results/8ulr_hl/seed_0/predictions/8ulr_hl_sample_4.cif,8ulr_HL,seedfull_r0,8ulr_hl_sample_4.cif,0.19939
/mnt/data/admuser/msadepth/compreps/seedrep_cand/protenix/8ulr_HL/d1746/seedfull_r1/results/8ulr_hl/seed_0/predictions/8ulr_hl_sample_0.cif,8ulr_HL,seedfull_r1,8ulr_hl_sample_0.cif,0.25266
/mnt/data/admuser/msadepth/compreps/seedrep_cand/protenix/8ulr_HL/d1746/seedfull_r1/results/8ulr_hl/seed_0/predictions/8ulr_hl_sample_1.cif,8ulr_HL,seedfull_r1,8ulr_hl_sample_1.cif,0.25219
/mnt/data/admuser/msadepth/compreps/seedrep_cand/protenix/8ulr_HL/d1746/seedfull_r1/results/8ulr_hl/seed_0/predictions/8ulr_hl_sample_2.cif,8ulr_HL,seedfull_r1,8ulr_hl_sample_2.cif,0.25206
/mnt/data/admuser/msadepth/compreps/seedrep_cand/protenix/8ulr_HL/d1746/seedfull_r1/results/8ulr_hl/seed_0/predictions/8ulr_hl_sample_3.cif,8ulr_HL,seedfull_r1,8ulr_hl_sample_3.cif,0.24823
/mnt/data/admuser/msadepth/compreps/seedrep_cand/protenix/8ulr_HL/d1746/seedfull_r1/results/8ulr_hl/seed_0/predictions/8ulr_hl_sample_4.cif,8ulr_HL,seedfull_r1,8ulr_hl_sample_4.cif,0.24698
/mnt/data/admuser/msadepth/compreps/seedrep_cand/protenix/8ulr_HL/d1746/seedfull_r10/results/8ulr_hl/seed_0/predictions/8ulr_hl_sample_0.cif,8ulr_HL,seedfull_r10,8ulr_hl_sample_0.cif,0.2921
/mnt/data/admuser/msadepth/compreps/seedrep_cand/protenix/8ulr_HL/d1746/seedfull_r10/results/8ulr_hl/seed_0/predictions/8ulr_hl_sample_1.cif,8ulr_HL,seedfull_r10,8ulr_hl_sample_1.cif,0.29189
/mnt/data/admuser/msadepth/compreps/seedrep_cand/protenix/8ulr_HL/d1746/seedfull_r10/results/8ulr_hl/seed_0/predictions/8ulr_hl_sample_2.cif,8ulr_HL,seedfull_r10,8ulr_hl_sample_2.cif,0.28991
/mnt/data/admuser/msadepth/compreps/seedrep_cand/protenix/8ulr_HL/d1746/seedfull_r10/results/8ulr_hl/seed_0/predictions/8ulr_hl_sample_3.cif,8ulr_HL,seedfull_r10,8ulr_hl_sample_3.cif,0.28924
/mnt/data/admuser/msadepth/compreps/seedrep_cand/protenix/8ulr_HL/d1746/seedfull_r10/results/8ulr_hl/seed_0/predictions/8ulr_hl_sample_4.cif,8ulr_HL,seedfull_r10,8ulr_hl_sample_4.cif,0.28554
/mnt/data/admuser/msadepth/compreps/seedrep_cand/protenix/8ulr_HL/d1746/seedfull_r11/results/8ulr_hl/seed_0/predictions/8ulr_hl_sample_0.cif,8ulr_HL,seedfull_r11,8ulr_hl_sample_0.cif,0.21077
/mnt/data/admuser/msadepth/compreps/seedrep_cand/protenix/8ulr_HL/d1746/seedfull_r11/results/8ulr_hl/seed_0/predictions/8ulr_hl_sample_1.cif,8ulr_HL,seedfull_r11,8ulr_hl_sample_1.cif,0.21066
/mnt/data/admuser/msadepth/compreps/seedrep_cand/protenix/8ulr_HL/d1746/seedfull_r11/results/8ulr_hl/seed_0/predictions/8ulr_hl_sample_2.cif,8ulr_HL,seedfull_r11,8ulr_hl_sample_2.cif,0.21049
/mnt/data/admuser/msadepth/compreps/seedrep_cand/protenix/8ulr_HL/d1746/seedfull_r11/results/8ulr_hl/seed_0/predictions/8ulr_hl_sample_3.cif,8ulr_HL,seedfull_r11,8ulr_hl_sample_3.cif,0.20784
/mnt/data/admuser/msadepth/compreps/seedrep_cand/protenix/8ulr_HL/d1746/seedfull_r11/results/8ulr_hl/seed_0/predictions/8ulr_hl_sample_4.cif,8ulr_HL,seedfull_r11,8ulr_hl_sample_4.cif,0.19415
/mnt/data/admuser/msadepth/compreps/seedrep_cand/protenix/8ulr_HL/d1746/seedfull_r12/results/8ulr_hl/seed_0/predictions/8ulr_hl_sample_0.cif,8ulr_HL,seedfull_r12,8ulr_hl_sample_0.cif,0.26012
/mnt/data/admuser/msadepth/compreps/seedrep_cand/protenix/8ulr_HL/d1746/seedfull_r12/results/8ulr_hl/seed_0/predictions/8ulr_hl_sample_1.cif,8ulr_HL,seedfull_r12,8ulr_hl_sample_1.cif,0.25799
/mnt/data/admuser/msadepth/compreps/seedrep_cand/protenix/8ulr_HL/d1746/seedfull_r12/results/8ulr_hl/seed_0/predictions/8ulr_hl_sample_2.cif,8ulr_HL,seedfull_r12,8ulr_hl_sample_2.cif,0.25721
/mnt/data/admuser/msadepth/compreps/seedrep_cand/protenix/8ulr_HL/d1746/seedfull_r12/results/8ulr_hl/seed_0/predictions/8ulr_hl_sample_3.cif,8ulr_HL,seedfull_r12,8ulr_hl_sample_3.cif,0.25588
/mnt/data/admuser/msadepth/compreps/seedrep_cand/protenix/8ulr_HL/d1746/seedfull_r12/results/8ulr_hl/seed_0/predictions/8ulr_hl_sample_4.cif,8ulr_HL,seedfull_r12,8ulr_hl_sample_4.cif,0.25321
/mnt/data/admuser/msadepth/compreps/seedrep_cand/protenix/8ulr_HL/d1746/seedfull_r13/results/8ulr_hl/seed_0/predictions/8ulr_hl_sample_0.cif,8ulr_HL,seedfull_r13,8ulr_hl_sample_0.cif,0.20537
/mnt/data/admuser/msadepth/compreps/seedrep_cand/protenix/8ulr_HL/d1746/seedfull_r13/results/8ulr_hl/seed_0/predictions/8ulr_hl_sample_1.cif,8ulr_HL,seedfull_r13,8ulr_hl_sample_1.cif,0.20527
/mnt/data/admuser/msadepth/compreps/seedrep_cand/protenix/8ulr_HL/d1746/seedfull_r13/results/8ulr_hl/seed_0/predictions/8ulr_hl_sample_2.cif,8ulr_HL,seedfull_r13,8ulr_hl_sample_2.cif,0.20239
/mnt/data/admuser/msadepth/compreps/seedrep_cand/protenix/8ulr_HL/d1746/seedfull_r13/results/8ulr_hl/seed_0/predictions/8ulr_hl_sample_3.cif,8ulr_HL,seedfull_r13,8ulr_hl_sample_3.cif,0.19641
/mnt/data/admuser/msadepth/compreps/seedrep_cand/protenix/8ulr_HL/d1746/seedfull_r13/results/8ulr_hl/seed_0/predictions/8ulr_hl_sample_4.cif,8ulr_HL,seedfull_r13,8ulr_hl_sample_4.cif,0.19408
/mnt/data/admuser/msadepth/compreps/seedrep_cand/protenix/8ulr_HL/d1746/seedfull_r14/results/8ulr_hl/seed_0/predictions/8ulr_hl_sample_0.cif,8ulr_HL,seedfull_r14,8ulr_hl_sample_0.cif,0.20418
/mnt/data/admuser/msadepth/compreps/seedrep_cand/protenix/8ulr_HL/d1746/seedfull_r14/results/8ulr_hl/seed_0/predictions/8ulr_hl_sample_1.cif,8ulr_HL,seedfull_r14,8ulr_hl_sample_1.cif,0.20232
/mnt/data/admuser/msadepth/compreps/seedrep_cand/protenix/8ulr_HL/d1746/seedfull_r14/results/8ulr_hl/seed_0/predictions/8ulr_hl_sample_2.cif,8ulr_HL,seedfull_r14,8ulr_hl_sample_2.cif,0.19935
/mnt/data/admuser/msadepth/compreps/seedrep_cand/protenix/8ulr_HL/d1746/seedfull_r14/results/8ulr_hl/seed_0/predictions/8ulr_hl_sample_3.cif,8ulr_HL,seedfull_r14,8ulr_hl_sample_3.cif,0.19916
/mnt/data/admuser/msadepth/compreps/seedrep_cand/protenix/8ulr_HL/d1746/seedfull_r14/results/8ulr_hl/seed_0/predictions/8ulr_hl_sample_4.cif,8ulr_HL,seedfull_r14,8ulr_hl_sample_4.cif,0.19428
/mnt/data/admuser/msadepth/compreps/seedrep_cand/protenix/8ulr_HL/d1746/seedfull_r15/results/8ulr_hl/seed_0/predictions/8ulr_hl_sample_0.cif,8ulr_HL,seedfull_r15,8ulr_hl_sample_0.cif,0.22448
/mnt/data/admuser/msadepth/compreps/seedrep_cand/protenix/8ulr_HL/d1746/seedfull_r15/results/8ulr_hl/seed_0/predictions/8ulr_hl_sample_1.cif,8ulr_HL,seedfull_r15,8ulr_hl_sample_1.cif,0.22432
/mnt/data/admuser/msadepth/compreps/seedrep_cand/protenix/8ulr_HL/d1746/seedfull_r15/results/8ulr_hl/seed_0/predictions/8ulr_hl_sample_2.cif,8ulr_HL,seedfull_r15,8ulr_hl_sample_2.cif,0.22416
/mnt/data/admuser/msadepth/compreps/seedrep_cand/protenix/8ulr_HL/d1746/seedfull_r15/results/8ulr_hl/seed_0/predictions/8ulr_hl_sample_3.cif,8ulr_HL,seedfull_r15,8ulr_hl_sample_3.cif,0.22391
/mnt/data/admuser/msadepth/compreps/seedrep_cand/protenix/8ulr_HL/d1746/seedfull_r15/results/8ulr_hl/seed_0/predictions/8ulr_hl_sample_4.cif,8ulr_HL,seedfull_r15,8ulr_hl_sample_4.cif,0.19931
/mnt/data/admuser/msadepth/compreps/seedrep_cand/protenix/8ulr_HL/d1746/seedfull_r16/results/8ulr_hl/seed_0/predictions/8ulr_hl_sample_0.cif,8ulr_HL,seedfull_r16,8ulr_hl_sample_0.cif,0.21828
/mnt/data/admuser/msadepth/compreps/seedrep_cand/protenix/8ulr_HL/d1746/seedfull_r16/results/8ulr_hl/seed_0/predictions/8ulr_hl_sample_1.cif,8ulr_HL,seedfull_r16,8ulr_hl_sample_1.cif,0.21593
/mnt/data/admuser/msadepth/compreps/seedrep_cand/protenix/8ulr_HL/d1746/seedfull_r16/results/8ulr_hl/seed_0/predictions/8ulr_hl_sample_2.cif,8ulr_HL,seedfull_r16,8ulr_hl_sample_2.cif,0.21535
/mnt/data/admuser/msadepth/compreps/seedrep_cand/protenix/8ulr_HL/d1746/seedfull_r16/results/8ulr_hl/seed_0/predictions/8ulr_hl_sample_3.cif,8ulr_HL,seedfull_r16,8ulr_hl_sample_3.cif,0.21348
/mnt/data/admuser/msadepth/compreps/seedrep_cand/protenix/8ulr_HL/d1746/seedfull_r16/results/8ulr_hl/seed_0/predictions/8ulr_hl_sample_4.cif,8ulr_HL,seedfull_r16,8ulr_hl_sample_4.cif,0.19795
/mnt/data/admuser/msadepth/compreps/seedrep_cand/protenix/8ulr_HL/d1746/seedfull_r17/results/8ulr_hl/seed_0/predictions/8ulr_hl_sample_0.cif,8ulr_HL,seedfull_r17,8ulr_hl_sample_0.cif,0.27877
/mnt/data/admuser/msadepth/compreps/seedrep_cand/protenix/8ulr_HL/d1746/seedfull_r17/results/8ulr_hl/seed_0/predictions/8ulr_hl_sample_1.cif,8ulr_HL,seedfull_r17,8ulr_hl_sample_1.cif,0.27856
/mnt/data/admuser/msadepth/compreps/seedrep_cand/protenix/8ulr_HL/d1746/seedfull_r17/results/8ulr_hl/seed_0/predictions/8ulr_hl_sample_2.cif,8ulr_HL,seedfull_r17,8ulr_hl_sample_2.cif,0.27665
/mnt/data/admuser/msadepth/compreps/seedrep_cand/protenix/8ulr_HL/d1746/seedfull_r17/results/8ulr_hl/seed_0/predictions/8ulr_hl_sample_3.cif,8ulr_HL,seedfull_r17,8ulr_hl_sample_3.cif,0.27599
/mnt/data/admuser/msadepth/compreps/seedrep_cand/protenix/8ulr_HL/d1746/seedfull_r17/results/8ulr_hl/seed_0/predictions/8ulr_hl_sample_4.cif,8ulr_HL,seedfull_r17,8ulr_hl_sample_4.cif,0.27201
/mnt/data/admuser/msadepth/compreps/seedrep_cand/protenix/8ulr_HL/d1746/seedfull_r18/results/8ulr_hl/seed_0/predictions/8ulr_hl_sample_0.cif,8ulr_HL,seedfull_r18,8ulr_hl_sample_0.cif,0.28115
/mnt/data/admuser/msadepth/compreps/seedrep_cand/protenix/8ulr_HL/d1746/seedfull_r18/results/8ulr_hl/seed_0/predictions/8ulr_hl_sample_1.cif,8ulr_HL,seedfull_r18,8ulr_hl_sample_1.cif,0.28094
/mnt/data/admuser/msadepth/compreps/seedrep_cand/protenix/8ulr_HL/d1746/seedfull_r18/results/8ulr_hl/seed_0/predictions/8ulr_hl_sample_2.cif,8ulr_HL,seedfull_r18,8ulr_hl_sample_2.cif,0.27956
/mnt/data/admuser/msadepth/compreps/seedrep_cand/protenix/8ulr_HL/d1746/seedfull_r18/results/8ulr_hl/seed_0/predictions/8ulr_hl_sample_3.cif,8ulr_HL,seedfull_r18,8ulr_hl_sample_3.cif,0.27927
/mnt/data/admuser/msadepth/compreps/seedrep_cand/protenix/8ulr_HL/d1746/seedfull_r18/results/8ulr_hl/seed_0/predictions/8ulr_hl_sample_4.cif,8ulr_HL,seedfull_r18,8ulr_hl_sample_4.cif,0.27649
/mnt/data/admuser/msadepth/compreps/seedrep_cand/protenix/8ulr_HL/d1746/seedfull_r19/results/8ulr_hl/seed_0/predictions/8ulr_hl_sample_0.cif,8ulr_HL,seedfull_r19,8ulr_hl_sample_0.cif,0.25268
/mnt/data/admuser/msadepth/compreps/seedrep_cand/protenix/8ulr_HL/d1746/seedfull_r19/results/8ulr_hl/seed_0/predictions/8ulr_hl_sample_1.cif,8ulr_HL,seedfull_r19,8ulr_hl_sample_1.cif,0.25252
/mnt/data/admuser/msadepth/compreps/seedrep_cand/protenix/8ulr_HL/d1746/seedfull_r19/results/8ulr_hl/seed_0/predictions/8ulr_hl_sample_2.cif,8ulr_HL,seedfull_r19,8ulr_hl_sample_2.cif,0.2507
/mnt/data/admuser/msadepth/compreps/seedrep_cand/protenix/8ulr_HL/d1746/seedfull_r19/results/8ulr_hl/seed_0/predictions/8ulr_hl_sample_3.cif,8ulr_HL,seedfull_r19,8ulr_hl_sample_3.cif,0.24865
/mnt/data/admuser/msadepth/compreps/seedrep_cand/protenix/8ulr_HL/d1746/seedfull_r19/results/8ulr_hl/seed_0/predictions/8ulr_hl_sample_4.cif,8ulr_HL,seedfull_r19,8ulr_hl_sample_4.cif,0.24761
/mnt/data/admuser/msadepth/compreps/seedrep_cand/protenix/8ulr_HL/d1746/seedfull_r2/results/8ulr_hl/seed_0/predictions/8ulr_hl_sample_0.cif,8ulr_HL,seedfull_r2,8ulr_hl_sample_0.cif,0.20305
/mnt/data/admuser/msadepth/compreps/seedrep_cand/protenix/8ulr_HL/d1746/seedfull_r2/results/8ulr_hl/seed_0/predictions/8ulr_hl_sample_1.cif,8ulr_HL,seedfull_r2,8ulr_hl_sample_1.cif,0.20253
/mnt/data/admuser/msadepth/compreps/seedrep_cand/protenix/8ulr_HL/d1746/seedfull_r2/results/8ulr_hl/seed_0/predictions/8ulr_hl_sample_2.cif,8ulr_HL,seedfull_r2,8ulr_hl_sample_2.cif,0.20096
/mnt/data/admuser/msadepth/compreps/seedrep_cand/protenix/8ulr_HL/d1746/seedfull_r2/results/8ulr_hl/seed_0/predictions/8ulr_hl_sample_3.cif,8ulr_HL,seedfull_r2,8ulr_hl_sample_3.cif,0.19766
/mnt/data/admuser/msadepth/compreps/seedrep_cand/protenix/8ulr_HL/d1746/seedfull_r2/results/8ulr_hl/seed_0/predictions/8ulr_hl_sample_4.cif,8ulr_HL,seedfull_r2,8ulr_hl_sample_4.cif,0.19468
/mnt/data/admuser/msadepth/compreps/seedrep_cand/protenix/8ulr_HL/d1746/seedfull_r20/results/8ulr_hl/seed_0/predictions/8ulr_hl_sample_0.cif,8ulr_HL,seedfull_r20,8ulr_hl_sample_0.cif,0.2137
/mnt/data/admuser/msadepth/compreps/seedrep_cand/protenix/8ulr_HL/d1746/seedfull_r20/results/8ulr_hl/seed_0/predictions/8ulr_hl_sample_1.cif,8ulr_HL,seedfull_r20,8ulr_hl_sample_1.cif,0.21
/mnt/data/admuser/msadepth/compreps/seedrep_cand/protenix/8ulr_HL/d1746/seedfull_r20/results/8ulr_hl/seed_0/predictions/8ulr_hl_sample_2.cif,8ulr_HL,seedfull_r20,8ulr_hl_sample_2.cif,0.20986
/mnt/data/admuser/msadepth/compreps/seedrep_cand/protenix/8ulr_HL/d1746/seedfull_r20/results/8ulr_hl/seed_0/predictions/8ulr_hl_sample_3.cif,8ulr_HL,seedfull_r20,8ulr_hl_sample_3.cif,0.20163
/mnt/data/admuser/msadepth/compreps/seedrep_cand/protenix/8ulr_HL/d1746/seedfull_r20/results/8ulr_hl/seed_0/predictions/8ulr_hl_sample_4.cif,8ulr_HL,seedfull_r20,8ulr_hl_sample_4.cif,0.19948
/mnt/data/admuser/msadepth/compreps/seedrep_cand/protenix/8ulr_HL/d1746/seedfull_r21/results/8ulr_hl/seed_0/predictions/8ulr_hl_sample_0.cif,8ulr_HL,seedfull_r21,8ulr_hl_sample_0.cif,0.26375
/mnt/data/admuser/msadepth/compreps/seedrep_cand/protenix/8ulr_HL/d1746/seedfull_r21/results/8ulr_hl/seed_0/predictions/8ulr_hl_sample_1.cif,8ulr_HL,seedfull_r21,8ulr_hl_sample_1.cif,0.26369
/mnt/data/admuser/msadepth/compreps/seedrep_cand/protenix/8ulr_HL/d1746/seedfull_r21/results/8ulr_hl/seed_0/predictions/8ulr_hl_sample_2.cif,8ulr_HL,seedfull_r21,8ulr_hl_sample_2.cif,0.26174
/mnt/data/admuser/msadepth/compreps/seedrep_cand/protenix/8ulr_HL/d1746/seedfull_r21/results/8ulr_hl/seed_0/predictions/8ulr_hl_sample_3.cif,8ulr_HL,seedfull_r21,8ulr_hl_sample_3.cif,0.25829
/mnt/data/admuser/msadepth/compreps/seedrep_cand/protenix/8ulr_HL/d1746/seedfull_r21/results/8ulr_hl/seed_0/predictions/8ulr_hl_sample_4.cif,8ulr_HL,seedfull_r21,8ulr_hl_sample_4.cif,0.25699
/mnt/data/admuser/msadepth/compreps/seedrep_cand/protenix/8ulr_HL/d1746/seedfull_r22/results/8ulr_hl/seed_0/predictions/8ulr_hl_sample_0.cif,8ulr_HL,seedfull_r22,8ulr_hl_sample_0.cif,0.1998
/mnt/data/admuser/msadepth/compreps/seedrep_cand/protenix/8ulr_HL/d1746/seedfull_r22/results/8ulr_hl/seed_0/predictions/8ulr_hl_sample_1.cif,8ulr_HL,seedfull_r22,8ulr_hl_sample_1.cif,0.19785
/mnt/data/admuser/msadepth/compreps/seedrep_cand/protenix/8ulr_HL/d1746/seedfull_r22/results/8ulr_hl/seed_0/predictions/8ulr_hl_sample_2.cif,8ulr_HL,seedfull_r22,8ulr_hl_sample_2.cif,0.19829
/mnt/data/admuser/msadepth/compreps/seedrep_cand/protenix/8ulr_HL/d1746/seedfull_r22/results/8ulr_hl/seed_0/predictions/8ulr_hl_sample_3.cif,8ulr_HL,seedfull_r22,8ulr_hl_sample_3.cif,0.19508
/mnt/data/admuser/msadepth/compreps/seedrep_cand/protenix/8ulr_HL/d1746/seedfull_r22/results/8ulr_hl/seed_0/predictions/8ulr_hl_sample_4.cif,8ulr_HL,seedfull_r22,8ulr_hl_sample_4.cif,0.19382
/mnt/data/admuser/msadepth/compreps/seedrep_cand/protenix/8ulr_HL/d1746/seedfull_r23/results/8ulr_hl/seed_0/predictions/8ulr_hl_sample_0.cif,8ulr_HL,seedfull_r23,8ulr_hl_sample_0.cif,0.2167
/mnt/data/admuser/msadepth/compreps/seedrep_cand/protenix/8ulr_HL/d1746/seedfull_r23/results/8ulr_hl/seed_0/predictions/8ulr_hl_sample_1.cif,8ulr_HL,seedfull_r23,8ulr_hl_sample_1.cif,0.21306
/mnt/data/admuser/msadepth/compreps/seedrep_cand/protenix/8ulr_HL/d1746/seedfull_r23/results/8ulr_hl/seed_0/predictions/8ulr_hl_sample_2.cif,8ulr_HL,seedfull_r23,8ulr_hl_sample_2.cif,0.21255
/mnt/data/admuser/msadepth/compreps/seedrep_cand/protenix/8ulr_HL/d1746/seedfull_r23/results/8ulr_hl/seed_0/predictions/8ulr_hl_sample_3.cif,8ulr_HL,seedfull_r23,8ulr_hl_sample_3.cif,0.20134
/mnt/data/admuser/msadepth/compreps/seedrep_cand/protenix/8ulr_HL/d1746/seedfull_r23/results/8ulr_hl/seed_0/predictions/8ulr_hl_sample_4.cif,8ulr_HL,seedfull_r23,8ulr_hl_sample_4.cif,0.20066
/mnt/data/admuser/msadepth/compreps/seedrep_cand/protenix/8ulr_HL/d1746/seedfull_r24/results/8ulr_hl/seed_0/predictions/8ulr_hl_sample_0.cif,8ulr_HL,seedfull_r24,8ulr_hl_sample_0.cif,0.2784
/mnt/data/admuser/msadepth/compreps/seedrep_cand/protenix/8ulr_HL/d1746/seedfull_r24/results/8ulr_hl/seed_0/predictions/8ulr_hl_sample_1.cif,8ulr_HL,seedfull_r24,8ulr_hl_sample_1.cif,0.27783
/mnt/data/admuser/msadepth/compreps/seedrep_cand/protenix/8ulr_HL/d1746/seedfull_r24/results/8ulr_hl/seed_0/predictions/8ulr_hl_sample_2.cif,8ulr_HL,seedfull_r24,8ulr_hl_sample_2.cif,0.27594
/mnt/data/admuser/msadepth/compreps/seedrep_cand/protenix/8ulr_HL/d1746/seedfull_r24/results/8ulr_hl/seed_0/predictions/8ulr_hl_sample_3.cif,8ulr_HL,seedfull_r24,8ulr_hl_sample_3.cif,0.27502
/mnt/data/admuser/msadepth/compreps/seedrep_cand/protenix/8ulr_HL/d1746/seedfull_r24/results/8ulr_hl/seed_0/predictions/8ulr_hl_sample_4.cif,8ulr_HL,seedfull_r24,8ulr_hl_sample_4.cif,0.27216
/mnt/data/admuser/msadepth/compreps/seedrep_cand/protenix/8ulr_HL/d1746/seedfull_r25/results/8ulr_hl/seed_0/predictions/8ulr_hl_sample_0.cif,8ulr_HL,seedfull_r25,8ulr_hl_sample_0.cif,0.27614
/mnt/data/admuser/msadepth/compreps/seedrep_cand/protenix/8ulr_HL/d1746/seedfull_r25/results/8ulr_hl/seed_0/predictions/8ulr_hl_sample_1.cif,8ulr_HL,seedfull_r25,8ulr_hl_sample_1.cif,0.27587
/mnt/data/admuser/msadepth/compreps/seedrep_cand/protenix/8ulr_HL/d1746/seedfull_r25/results/8ulr_hl/seed_0/predictions/8ulr_hl_sample_2.cif,8ulr_HL,seedfull_r25,8ulr_hl_sample_2.cif,0.27389
/mnt/data/admuser/msadepth/compreps/seedrep_cand/protenix/8ulr_HL/d1746/seedfull_r25/results/8ulr_hl/seed_0/predictions/8ulr_hl_sample_3.cif,8ulr_HL,seedfull_r25,8ulr_hl_sample_3.cif,0.27381
/mnt/data/admuser/msadepth/compreps/seedrep_cand/protenix/8ulr_HL/d1746/seedfull_r25/results/8ulr_hl/seed_0/predictions/8ulr_hl_sample_4.cif,8ulr_HL,seedfull_r25,8ulr_hl_sample_4.cif,0.27093
/mnt/data/admuser/msadepth/compreps/seedrep_cand/protenix/8ulr_HL/d1746/seedfull_r26/results/8ulr_hl/seed_0/predictions/8ulr_hl_sample_0.cif,8ulr_HL,seedfull_r26,8ulr_hl_sample_0.cif,0.26623
/mnt/data/admuser/msadepth/compreps/seedrep_cand/protenix/8ulr_HL/d1746/seedfull_r26/results/8ulr_hl/seed_0/predictions/8ulr_hl_sample_1.cif,8ulr_HL,seedfull_r26,8ulr_hl_sample_1.cif,0.2657
/mnt/data/admuser/msadepth/compreps/seedrep_cand/protenix/8ulr_HL/d1746/seedfull_r26/results/8ulr_hl/seed_0/predictions/8ulr_hl_sample_2.cif,8ulr_HL,seedfull_r26,8ulr_hl_sample_2.cif,0.26373
/mnt/data/admuser/msadepth/compreps/seedrep_cand/protenix/8ulr_HL/d1746/seedfull_r26/results/8ulr_hl/seed_0/predictions/8ulr_hl_sample_3.cif,8ulr_HL,seedfull_r26,8ulr_hl_sample_3.cif,0.26145
/mnt/data/admuser/msadepth/compreps/seedrep_cand/protenix/8ulr_HL/d1746/seedfull_r26/results/8ulr_hl/seed_0/predictions/8ulr_hl_sample_4.cif,8ulr_HL,seedfull_r26,8ulr_hl_sample_4.cif,0.25899
/mnt/data/admuser/msadepth/compreps/seedrep_cand/protenix/8ulr_HL/d1746/seedfull_r27/results/8ulr_hl/seed_0/predictions/8ulr_hl_sample_0.cif,8ulr_HL,seedfull_r27,8ulr_hl_sample_0.cif,0.20337
/mnt/data/admuser/msadepth/compreps/seedrep_cand/protenix/8ulr_HL/d1746/seedfull_r27/results/8ulr_hl/seed_0/predictions/8ulr_hl_sample_1.cif,8ulr_HL,seedfull_r27,8ulr_hl_sample_1.cif,0.20308
/mnt/data/admuser/msadepth/compreps/seedrep_cand/protenix/8ulr_HL/d1746/seedfull_r27/results/8ulr_hl/seed_0/predictions/8ulr_hl_sample_2.cif,8ulr_HL,seedfull_r27,8ulr_hl_sample_2.cif,0.20235
/mnt/data/admuser/msadepth/compreps/seedrep_cand/protenix/8ulr_HL/d1746/seedfull_r27/results/8ulr_hl/seed_0/predictions/8ulr_hl_sample_3.cif,8ulr_HL,seedfull_r27,8ulr_hl_sample_3.cif,0.19946
/mnt/data/admuser/msadepth/compreps/seedrep_cand/protenix/8ulr_HL/d1746/seedfull_r27/results/8ulr_hl/seed_0/predictions/8ulr_hl_sample_4.cif,8ulr_HL,seedfull_r27,8ulr_hl_sample_4.cif,0.19049
/mnt/data/admuser/msadepth/compreps/seedrep_cand/protenix/8ulr_HL/d1746/seedfull_r28/results/8ulr_hl/seed_0/predictions/8ulr_hl_sample_0.cif,8ulr_HL,seedfull_r28,8ulr_hl_sample_0.cif,0.19826
/mnt/data/admuser/msadepth/compreps/seedrep_cand/protenix/8ulr_HL/d1746/seedfull_r28/results/8ulr_hl/seed_0/predictions/8ulr_hl_sample_1.cif,8ulr_HL,seedfull_r28,8ulr_hl_sample_1.cif,0.19866
/mnt/data/admuser/msadepth/compreps/seedrep_cand/protenix/8ulr_HL/d1746/seedfull_r28/results/8ulr_hl/seed_0/predictions/8ulr_hl_sample_2.cif,8ulr_HL,seedfull_r28,8ulr_hl_sample_2.cif,0.19693
/mnt/data/admuser/msadepth/compreps/seedrep_cand/protenix/8ulr_HL/d1746/seedfull_r28/results/8ulr_hl/seed_0/predictions/8ulr_hl_sample_3.cif,8ulr_HL,seedfull_r28,8ulr_hl_sample_3.cif,0.19641
/mnt/data/admuser/msadepth/compreps/seedrep_cand/protenix/8ulr_HL/d1746/seedfull_r28/results/8ulr_hl/seed_0/predictions/8ulr_hl_sample_4.cif,8ulr_HL,seedfull_r28,8ulr_hl_sample_4.cif,0.19535
/mnt/data/admuser/msadepth/compreps/seedrep_cand/protenix/8ulr_HL/d1746/seedfull_r29/results/8ulr_hl/seed_0/predictions/8ulr_hl_sample_0.cif,8ulr_HL,seedfull_r29,8ulr_hl_sample_0.cif,0.26011
/mnt/data/admuser/msadepth/compreps/seedrep_cand/protenix/8ulr_HL/d1746/seedfull_r29/results/8ulr_hl/seed_0/predictions/8ulr_hl_sample_1.cif,8ulr_HL,seedfull_r29,8ulr_hl_sample_1.cif,0.25787
/mnt/data/admuser/msadepth/compreps/seedrep_cand/protenix/8ulr_HL/d1746/seedfull_r29/results/8ulr_hl/seed_0/predictions/8ulr_hl_sample_2.cif,8ulr_HL,seedfull_r29,8ulr_hl_sample_2.cif,0.25742
/mnt/data/admuser/msadepth/compreps/seedrep_cand/protenix/8ulr_HL/d1746/seedfull_r29/results/8ulr_hl/seed_0/predictions/8ulr_hl_sample_3.cif,8ulr_HL,seedfull_r29,8ulr_hl_sample_3.cif,0.25461
/mnt/data/admuser/msadepth/compreps/seedrep_cand/protenix/8ulr_HL/d1746/seedfull_r29/results/8ulr_hl/seed_0/predictions/8ulr_hl_sample_4.cif,8ulr_HL,seedfull_r29,8ulr_hl_sample_4.cif,0.25395
/mnt/data/admuser/msadepth/compreps/seedrep_cand/protenix/8ulr_HL/d1746/seedfull_r3/results/8ulr_hl/seed_0/predictions/8ulr_hl_sample_0.cif,8ulr_HL,seedfull_r3,8ulr_hl_sample_0.cif,0.86765
/mnt/data/admuser/msadepth/compreps/seedrep_cand/protenix/8ulr_HL/d1746/seedfull_r3/results/8ulr_hl/seed_0/predictions/8ulr_hl_sample_1.cif,8ulr_HL,seedfull_r3,8ulr_hl_sample_1.cif,0.86718
/mnt/data/admuser/msadepth/compreps/seedrep_cand/protenix/8ulr_HL/d1746/seedfull_r3/results/8ulr_hl/seed_0/predictions/8ulr_hl_sample_2.cif,8ulr_HL,seedfull_r3,8ulr_hl_sample_2.cif,0.86721
/mnt/data/admuser/msadepth/compreps/seedrep_cand/protenix/8ulr_HL/d1746/seedfull_r3/results/8ulr_hl/seed_0/predictions/8ulr_hl_sample_3.cif,8ulr_HL,seedfull_r3,8ulr_hl_sample_3.cif,0.86662
/mnt/data/admuser/msadepth/compreps/seedrep_cand/protenix/8ulr_HL/d1746/seedfull_r3/results/8ulr_hl/seed_0/predictions/8ulr_hl_sample_4.cif,8ulr_HL,seedfull_r3,8ulr_hl_sample_4.cif,0.86645
/mnt/data/admuser/msadepth/compreps/seedrep_cand/protenix/8ulr_HL/d1746/seedfull_r4/results/8ulr_hl/seed_0/predictions/8ulr_hl_sample_0.cif,8ulr_HL,seedfull_r4,8ulr_hl_sample_0.cif,0.25869
/mnt/data/admuser/msadepth/compreps/seedrep_cand/protenix/8ulr_HL/d1746/seedfull_r4/results/8ulr_hl/seed_0/predictions/8ulr_hl_sample_1.cif,8ulr_HL,seedfull_r4,8ulr_hl_sample_1.cif,0.25803
/mnt/data/admuser/msadepth/compreps/seedrep_cand/protenix/8ulr_HL/d1746/seedfull_r4/results/8ulr_hl/seed_0/predictions/8ulr_hl_sample_2.cif,8ulr_HL,seedfull_r4,8ulr_hl_sample_2.cif,0.25738
/mnt/data/admuser/msadepth/compreps/seedrep_cand/protenix/8ulr_HL/d1746/seedfull_r4/results/8ulr_hl/seed_0/predictions/8ulr_hl_sample_3.cif,8ulr_HL,seedfull_r4,8ulr_hl_sample_3.cif,0.25408
/mnt/data/admuser/msadepth/compreps/seedrep_cand/protenix/8ulr_HL/d1746/seedfull_r4/results/8ulr_hl/seed_0/predictions/8ulr_hl_sample_4.cif,8ulr_HL,seedfull_r4,8ulr_hl_sample_4.cif,0.25219
/mnt/data/admuser/msadepth/compreps/seedrep_cand/protenix/8ulr_HL/d1746/seedfull_r5/results/8ulr_hl/seed_0/predictions/8ulr_hl_sample_0.cif,8ulr_HL,seedfull_r5,8ulr_hl_sample_0.cif,0.20246
/mnt/data/admuser/msadepth/compreps/seedrep_cand/protenix/8ulr_HL/d1746/seedfull_r5/results/8ulr_hl/seed_0/predictions/8ulr_hl_sample_1.cif,8ulr_HL,seedfull_r5,8ulr_hl_sample_1.cif,0.19966
/mnt/data/admuser/msadepth/compreps/seedrep_cand/protenix/8ulr_HL/d1746/seedfull_r5/results/8ulr_hl/seed_0/predictions/8ulr_hl_sample_2.cif,8ulr_HL,seedfull_r5,8ulr_hl_sample_2.cif,0.19939
/mnt/data/admuser/msadepth/compreps/seedrep_cand/protenix/8ulr_HL/d1746/seedfull_r5/results/8ulr_hl/seed_0/predictions/8ulr_hl_sample_3.cif,8ulr_HL,seedfull_r5,8ulr_hl_sample_3.cif,0.19734
/mnt/data/admuser/msadepth/compreps/seedrep_cand/protenix/8ulr_HL/d1746/seedfull_r5/results/8ulr_hl/seed_0/predictions/8ulr_hl_sample_4.cif,8ulr_HL,seedfull_r5,8ulr_hl_sample_4.cif,0.1923
/mnt/data/admuser/msadepth/compreps/seedrep_cand/protenix/8ulr_HL/d1746/seedfull_r6/results/8ulr_hl/seed_0/predictions/8ulr_hl_sample_0.cif,8ulr_HL,seedfull_r6,8ulr_hl_sample_0.cif,0.28342
/mnt/data/admuser/msadepth/compreps/seedrep_cand/protenix/8ulr_HL/d1746/seedfull_r6/results/8ulr_hl/seed_0/predictions/8ulr_hl_sample_1.cif,8ulr_HL,seedfull_r6,8ulr_hl_sample_1.cif,0.28306
/mnt/data/admuser/msadepth/compreps/seedrep_cand/protenix/8ulr_HL/d1746/seedfull_r6/results/8ulr_hl/seed_0/predictions/8ulr_hl_sample_2.cif,8ulr_HL,seedfull_r6,8ulr_hl_sample_2.cif,0.28121
/mnt/data/admuser/msadepth/compreps/seedrep_cand/protenix/8ulr_HL/d1746/seedfull_r6/results/8ulr_hl/seed_0/predictions/8ulr_hl_sample_3.cif,8ulr_HL,seedfull_r6,8ulr_hl_sample_3.cif,0.28048
/mnt/data/admuser/msadepth/compreps/seedrep_cand/protenix/8ulr_HL/d1746/seedfull_r6/results/8ulr_hl/seed_0/predictions/8ulr_hl_sample_4.cif,8ulr_HL,seedfull_r6,8ulr_hl_sample_4.cif,0.27839
/mnt/data/admuser/msadepth/compreps/seedrep_cand/protenix/8ulr_HL/d1746/seedfull_r7/results/8ulr_hl/seed_0/predictions/8ulr_hl_sample_0.cif,8ulr_HL,seedfull_r7,8ulr_hl_sample_0.cif,0.20583
/mnt/data/admuser/msadepth/compreps/seedrep_cand/protenix/8ulr_HL/d1746/seedfull_r7/results/8ulr_hl/seed_0/predictions/8ulr_hl_sample_1.cif,8ulr_HL,seedfull_r7,8ulr_hl_sample_1.cif,0.20446
/mnt/data/admuser/msadepth/compreps/seedrep_cand/protenix/8ulr_HL/d1746/seedfull_r7/results/8ulr_hl/seed_0/predictions/8ulr_hl_sample_2.cif,8ulr_HL,seedfull_r7,8ulr_hl_sample_2.cif,0.20234
/mnt/data/admuser/msadepth/compreps/seedrep_cand/protenix/8ulr_HL/d1746/seedfull_r7/results/8ulr_hl/seed_0/predictions/8ulr_hl_sample_3.cif,8ulr_HL,seedfull_r7,8ulr_hl_sample_3.cif,0.19751
/mnt/data/admuser/msadepth/compreps/seedrep_cand/protenix/8ulr_HL/d1746/seedfull_r7/results/8ulr_hl/seed_0/predictions/8ulr_hl_sample_4.cif,8ulr_HL,seedfull_r7,8ulr_hl_sample_4.cif,0.19684
/mnt/data/admuser/msadepth/compreps/seedrep_cand/protenix/8ulr_HL/d1746/seedfull_r8/results/8ulr_hl/seed_0/predictions/8ulr_hl_sample_0.cif,8ulr_HL,seedfull_r8,8ulr_hl_sample_0.cif,0.2478
/mnt/data/admuser/msadepth/compreps/seedrep_cand/protenix/8ulr_HL/d1746/seedfull_r8/results/8ulr_hl/seed_0/predictions/8ulr_hl_sample_1.cif,8ulr_HL,seedfull_r8,8ulr_hl_sample_1.cif,0.24532
/mnt/data/admuser/msadepth/compreps/seedrep_cand/protenix/8ulr_HL/d1746/seedfull_r8/results/8ulr_hl/seed_0/predictions/8ulr_hl_sample_2.cif,8ulr_HL,seedfull_r8,8ulr_hl_sample_2.cif,0.24446
/mnt/data/admuser/msadepth/compreps/seedrep_cand/protenix/8ulr_HL/d1746/seedfull_r8/results/8ulr_hl/seed_0/predictions/8ulr_hl_sample_3.cif,8ulr_HL,seedfull_r8,8ulr_hl_sample_3.cif,0.24229
/mnt/data/admuser/msadepth/compreps/seedrep_cand/protenix/8ulr_HL/d1746/seedfull_r8/results/8ulr_hl/seed_0/predictions/8ulr_hl_sample_4.cif,8ulr_HL,seedfull_r8,8ulr_hl_sample_4.cif,0.24141
/mnt/data/admuser/msadepth/compreps/seedrep_cand/protenix/8ulr_HL/d1746/seedfull_r9/results/8ulr_hl/seed_0/predictions/8ulr_hl_sample_0.cif,8ulr_HL,seedfull_r9,8ulr_hl_sample_0.cif,0.20035
/mnt/data/admuser/msadepth/compreps/seedrep_cand/protenix/8ulr_HL/d1746/seedfull_r9/results/8ulr_hl/seed_0/predictions/8ulr_hl_sample_1.cif,8ulr_HL,seedfull_r9,8ulr_hl_sample_1.cif,0.19929
/mnt/data/admuser/msadepth/compreps/seedrep_cand/protenix/8ulr_HL/d1746/seedfull_r9/results/8ulr_hl/seed_0/predictions/8ulr_hl_sample_2.cif,8ulr_HL,seedfull_r9,8ulr_hl_sample_2.cif,0.19594
/mnt/data/admuser/msadepth/compreps/seedrep_cand/protenix/8ulr_HL/d1746/seedfull_r9/results/8ulr_hl/seed_0/predictions/8ulr_hl_sample_3.cif,8ulr_HL,seedfull_r9,8ulr_hl_sample_3.cif,0.19201
/mnt/data/admuser/msadepth/compreps/seedrep_cand/protenix/8ulr_HL/d1746/seedfull_r9/results/8ulr_hl/seed_0/predictions/8ulr_hl_sample_4.cif,8ulr_HL,seedfull_r9,8ulr_hl_sample_4.cif,0.18932
/mnt/data/admuser/msadepth/compreps/seedrep_cand/protenix/8ume_HL/d653/seed0_r0/results/8ume_hl/seed_0/predictions/8ume_hl_sample_0.cif,8ume_HL,seed0_r0,8ume_hl_sample_0.cif,0.31886
/mnt/data/admuser/msadepth/compreps/seedrep_cand/protenix/8ume_HL/d653/seed0_r0/results/8ume_hl/seed_0/predictions/8ume_hl_sample_1.cif,8ume_HL,seed0_r0,8ume_hl_sample_1.cif,0.3166
/mnt/data/admuser/msadepth/compreps/seedrep_cand/protenix/8ume_HL/d653/seed0_r0/results/8ume_hl/seed_0/predictions/8ume_hl_sample_2.cif,8ume_HL,seed0_r0,8ume_hl_sample_2.cif,0.315
/mnt/data/admuser/msadepth/compreps/seedrep_cand/protenix/8ume_HL/d653/seed0_r0/results/8ume_hl/seed_0/predictions/8ume_hl_sample_3.cif,8ume_HL,seed0_r0,8ume_hl_sample_3.cif,0.31313
/mnt/data/admuser/msadepth/compreps/seedrep_cand/protenix/8ume_HL/d653/seed0_r0/results/8ume_hl/seed_0/predictions/8ume_hl_sample_4.cif,8ume_HL,seed0_r0,8ume_hl_sample_4.cif,0.29946
/mnt/data/admuser/msadepth/compreps/seedrep_cand/protenix/8ume_HL/d653/seed0_r1/results/8ume_hl/seed_0/predictions/8ume_hl_sample_0.cif,8ume_HL,seed0_r1,8ume_hl_sample_0.cif,0.32156
/mnt/data/admuser/msadepth/compreps/seedrep_cand/protenix/8ume_HL/d653/seed0_r1/results/8ume_hl/seed_0/predictions/8ume_hl_sample_1.cif,8ume_HL,seed0_r1,8ume_hl_sample_1.cif,0.31643
/mnt/data/admuser/msadepth/compreps/seedrep_cand/protenix/8ume_HL/d653/seed0_r1/results/8ume_hl/seed_0/predictions/8ume_hl_sample_2.cif,8ume_HL,seed0_r1,8ume_hl_sample_2.cif,0.31712
/mnt/data/admuser/msadepth/compreps/seedrep_cand/protenix/8ume_HL/d653/seed0_r1/results/8ume_hl/seed_0/predictions/8ume_hl_sample_3.cif,8ume_HL,seed0_r1,8ume_hl_sample_3.cif,0.3144
/mnt/data/admuser/msadepth/compreps/seedrep_cand/protenix/8ume_HL/d653/seed0_r1/results/8ume_hl/seed_0/predictions/8ume_hl_sample_4.cif,8ume_HL,seed0_r1,8ume_hl_sample_4.cif,0.31332
/mnt/data/admuser/msadepth/compreps/seedrep_cand/protenix/8ume_HL/d653/seed0_r2/results/8ume_hl/seed_0/predictions/8ume_hl_sample_0.cif,8ume_HL,seed0_r2,8ume_hl_sample_0.cif,0.31773
/mnt/data/admuser/msadepth/compreps/seedrep_cand/protenix/8ume_HL/d653/seed0_r2/results/8ume_hl/seed_0/predictions/8ume_hl_sample_1.cif,8ume_HL,seed0_r2,8ume_hl_sample_1.cif,0.31784
/mnt/data/admuser/msadepth/compreps/seedrep_cand/protenix/8ume_HL/d653/seed0_r2/results/8ume_hl/seed_0/predictions/8ume_hl_sample_2.cif,8ume_HL,seed0_r2,8ume_hl_sample_2.cif,0.31673
/mnt/data/admuser/msadepth/compreps/seedrep_cand/protenix/8ume_HL/d653/seed0_r2/results/8ume_hl/seed_0/predictions/8ume_hl_sample_3.cif,8ume_HL,seed0_r2,8ume_hl_sample_3.cif,0.3085
/mnt/data/admuser/msadepth/compreps/seedrep_cand/protenix/8ume_HL/d653/seed0_r2/results/8ume_hl/seed_0/predictions/8ume_hl_sample_4.cif,8ume_HL,seed0_r2,8ume_hl_sample_4.cif,0.30282
/mnt/data/admuser/msadepth/compreps/seedrep_cand/protenix/8ume_HL/d653/seed0_r3/results/8ume_hl/seed_0/predictions/8ume_hl_sample_0.cif,8ume_HL,seed0_r3,8ume_hl_sample_0.cif,0.31533
/mnt/data/admuser/msadepth/compreps/seedrep_cand/protenix/8ume_HL/d653/seed0_r3/results/8ume_hl/seed_0/predictions/8ume_hl_sample_1.cif,8ume_HL,seed0_r3,8ume_hl_sample_1.cif,0.31495
/mnt/data/admuser/msadepth/compreps/seedrep_cand/protenix/8ume_HL/d653/seed0_r3/results/8ume_hl/seed_0/predictions/8ume_hl_sample_2.cif,8ume_HL,seed0_r3,8ume_hl_sample_2.cif,0.31461
/mnt/data/admuser/msadepth/compreps/seedrep_cand/protenix/8ume_HL/d653/seed0_r3/results/8ume_hl/seed_0/predictions/8ume_hl_sample_3.cif,8ume_HL,seed0_r3,8ume_hl_sample_3.cif,0.31171
/mnt/data/admuser/msadepth/compreps/seedrep_cand/protenix/8ume_HL/d653/seed0_r3/results/8ume_hl/seed_0/predictions/8ume_hl_sample_4.cif,8ume_HL,seed0_r3,8ume_hl_sample_4.cif,0.31177
/mnt/data/admuser/msadepth/compreps/seedrep_cand/protenix/8ume_HL/d653/seed1_r0/results/8ume_hl/seed_0/predictions/8ume_hl_sample_0.cif,8ume_HL,seed1_r0,8ume_hl_sample_0.cif,0.2854
/mnt/data/admuser/msadepth/compreps/seedrep_cand/protenix/8ume_HL/d653/seed1_r0/results/8ume_hl/seed_0/predictions/8ume_hl_sample_1.cif,8ume_HL,seed1_r0,8ume_hl_sample_1.cif,0.28436
/mnt/data/admuser/msadepth/compreps/seedrep_cand/protenix/8ume_HL/d653/seed1_r0/results/8ume_hl/seed_0/predictions/8ume_hl_sample_2.cif,8ume_HL,seed1_r0,8ume_hl_sample_2.cif,0.27753
/mnt/data/admuser/msadepth/compreps/seedrep_cand/protenix/8ume_HL/d653/seed1_r0/results/8ume_hl/seed_0/predictions/8ume_hl_sample_3.cif,8ume_HL,seed1_r0,8ume_hl_sample_3.cif,0.27546
/mnt/data/admuser/msadepth/compreps/seedrep_cand/protenix/8ume_HL/d653/seed1_r0/results/8ume_hl/seed_0/predictions/8ume_hl_sample_4.cif,8ume_HL,seed1_r0,8ume_hl_sample_4.cif,0.2725
/mnt/data/admuser/msadepth/compreps/seedrep_cand/protenix/8ume_HL/d653/seed1_r1/results/8ume_hl/seed_0/predictions/8ume_hl_sample_0.cif,8ume_HL,seed1_r1,8ume_hl_sample_0.cif,0.2984
/mnt/data/admuser/msadepth/compreps/seedrep_cand/protenix/8ume_HL/d653/seed1_r1/results/8ume_hl/seed_0/predictions/8ume_hl_sample_1.cif,8ume_HL,seed1_r1,8ume_hl_sample_1.cif,0.29665
/mnt/data/admuser/msadepth/compreps/seedrep_cand/protenix/8ume_HL/d653/seed1_r1/results/8ume_hl/seed_0/predictions/8ume_hl_sample_2.cif,8ume_HL,seed1_r1,8ume_hl_sample_2.cif,0.29509
/mnt/data/admuser/msadepth/compreps/seedrep_cand/protenix/8ume_HL/d653/seed1_r1/results/8ume_hl/seed_0/predictions/8ume_hl_sample_3.cif,8ume_HL,seed1_r1,8ume_hl_sample_3.cif,0.2889
/mnt/data/admuser/msadepth/compreps/seedrep_cand/protenix/8ume_HL/d653/seed1_r1/results/8ume_hl/seed_0/predictions/8ume_hl_sample_4.cif,8ume_HL,seed1_r1,8ume_hl_sample_4.cif,0.28843
/mnt/data/admuser/msadepth/compreps/seedrep_cand/protenix/8ume_HL/d653/seed1_r2/results/8ume_hl/seed_0/predictions/8ume_hl_sample_0.cif,8ume_HL,seed1_r2,8ume_hl_sample_0.cif,0.49498
/mnt/data/admuser/msadepth/compreps/seedrep_cand/protenix/8ume_HL/d653/seed1_r2/results/8ume_hl/seed_0/predictions/8ume_hl_sample_1.cif,8ume_HL,seed1_r2,8ume_hl_sample_1.cif,0.47468
/mnt/data/admuser/msadepth/compreps/seedrep_cand/protenix/8ume_HL/d653/seed1_r2/results/8ume_hl/seed_0/predictions/8ume_hl_sample_2.cif,8ume_HL,seed1_r2,8ume_hl_sample_2.cif,0.47363
/mnt/data/admuser/msadepth/compreps/seedrep_cand/protenix/8ume_HL/d653/seed1_r2/results/8ume_hl/seed_0/predictions/8ume_hl_sample_3.cif,8ume_HL,seed1_r2,8ume_hl_sample_3.cif,0.46249
/mnt/data/admuser/msadepth/compreps/seedrep_cand/protenix/8ume_HL/d653/seed1_r2/results/8ume_hl/seed_0/predictions/8ume_hl_sample_4.cif,8ume_HL,seed1_r2,8ume_hl_sample_4.cif,0.31989
/mnt/data/admuser/msadepth/compreps/seedrep_cand/protenix/8ume_HL/d653/seed1_r3/results/8ume_hl/seed_0/predictions/8ume_hl_sample_0.cif,8ume_HL,seed1_r3,8ume_hl_sample_0.cif,0.33102
/mnt/data/admuser/msadepth/compreps/seedrep_cand/protenix/8ume_HL/d653/seed1_r3/results/8ume_hl/seed_0/predictions/8ume_hl_sample_1.cif,8ume_HL,seed1_r3,8ume_hl_sample_1.cif,0.32681
/mnt/data/admuser/msadepth/compreps/seedrep_cand/protenix/8ume_HL/d653/seed1_r3/results/8ume_hl/seed_0/predictions/8ume_hl_sample_2.cif,8ume_HL,seed1_r3,8ume_hl_sample_2.cif,0.32296
/mnt/data/admuser/msadepth/compreps/seedrep_cand/protenix/8ume_HL/d653/seed1_r3/results/8ume_hl/seed_0/predictions/8ume_hl_sample_3.cif,8ume_HL,seed1_r3,8ume_hl_sample_3.cif,0.319
/mnt/data/admuser/msadepth/compreps/seedrep_cand/protenix/8ume_HL/d653/seed1_r3/results/8ume_hl/seed_0/predictions/8ume_hl_sample_4.cif,8ume_HL,seed1_r3,8ume_hl_sample_4.cif,0.3129
/mnt/data/admuser/msadepth/compreps/seedrep_cand/protenix/8ume_HL/d653/seed2_r0/results/8ume_hl/seed_0/predictions/8ume_hl_sample_0.cif,8ume_HL,seed2_r0,8ume_hl_sample_0.cif,0.33501
/mnt/data/admuser/msadepth/compreps/seedrep_cand/protenix/8ume_HL/d653/seed2_r0/results/8ume_hl/seed_0/predictions/8ume_hl_sample_1.cif,8ume_HL,seed2_r0,8ume_hl_sample_1.cif,0.32701
/mnt/data/admuser/msadepth/compreps/seedrep_cand/protenix/8ume_HL/d653/seed2_r0/results/8ume_hl/seed_0/predictions/8ume_hl_sample_2.cif,8ume_HL,seed2_r0,8ume_hl_sample_2.cif,0.32572
/mnt/data/admuser/msadepth/compreps/seedrep_cand/protenix/8ume_HL/d653/seed2_r0/results/8ume_hl/seed_0/predictions/8ume_hl_sample_3.cif,8ume_HL,seed2_r0,8ume_hl_sample_3.cif,0.3239
/mnt/data/admuser/msadepth/compreps/seedrep_cand/protenix/8ume_HL/d653/seed2_r0/results/8ume_hl/seed_0/predictions/8ume_hl_sample_4.cif,8ume_HL,seed2_r0,8ume_hl_sample_4.cif,0.3223
/mnt/data/admuser/msadepth/compreps/seedrep_cand/protenix/8ume_HL/d653/seed2_r1/results/8ume_hl/seed_0/predictions/8ume_hl_sample_0.cif,8ume_HL,seed2_r1,8ume_hl_sample_0.cif,0.31604
/mnt/data/admuser/msadepth/compreps/seedrep_cand/protenix/8ume_HL/d653/seed2_r1/results/8ume_hl/seed_0/predictions/8ume_hl_sample_1.cif,8ume_HL,seed2_r1,8ume_hl_sample_1.cif,0.31259
/mnt/data/admuser/msadepth/compreps/seedrep_cand/protenix/8ume_HL/d653/seed2_r1/results/8ume_hl/seed_0/predictions/8ume_hl_sample_2.cif,8ume_HL,seed2_r1,8ume_hl_sample_2.cif,0.3098
/mnt/data/admuser/msadepth/compreps/seedrep_cand/protenix/8ume_HL/d653/seed2_r1/results/8ume_hl/seed_0/predictions/8ume_hl_sample_3.cif,8ume_HL,seed2_r1,8ume_hl_sample_3.cif,0.30782
/mnt/data/admuser/msadepth/compreps/seedrep_cand/protenix/8ume_HL/d653/seed2_r1/results/8ume_hl/seed_0/predictions/8ume_hl_sample_4.cif,8ume_HL,seed2_r1,8ume_hl_sample_4.cif,0.3072
/mnt/data/admuser/msadepth/compreps/seedrep_cand/protenix/8ume_HL/d653/seed2_r2/results/8ume_hl/seed_0/predictions/8ume_hl_sample_0.cif,8ume_HL,seed2_r2,8ume_hl_sample_0.cif,0.32709
/mnt/data/admuser/msadepth/compreps/seedrep_cand/protenix/8ume_HL/d653/seed2_r2/results/8ume_hl/seed_0/predictions/8ume_hl_sample_1.cif,8ume_HL,seed2_r2,8ume_hl_sample_1.cif,0.32507
/mnt/data/admuser/msadepth/compreps/seedrep_cand/protenix/8ume_HL/d653/seed2_r2/results/8ume_hl/seed_0/predictions/8ume_hl_sample_2.cif,8ume_HL,seed2_r2,8ume_hl_sample_2.cif,0.32323
/mnt/data/admuser/msadepth/compreps/seedrep_cand/protenix/8ume_HL/d653/seed2_r2/results/8ume_hl/seed_0/predictions/8ume_hl_sample_3.cif,8ume_HL,seed2_r2,8ume_hl_sample_3.cif,0.32327
/mnt/data/admuser/msadepth/compreps/seedrep_cand/protenix/8ume_HL/d653/seed2_r2/results/8ume_hl/seed_0/predictions/8ume_hl_sample_4.cif,8ume_HL,seed2_r2,8ume_hl_sample_4.cif,0.32262
/mnt/data/admuser/msadepth/compreps/seedrep_cand/protenix/8ume_HL/d653/seed2_r3/results/8ume_hl/seed_0/predictions/8ume_hl_sample_0.cif,8ume_HL,seed2_r3,8ume_hl_sample_0.cif,0.32699
/mnt/data/admuser/msadepth/compreps/seedrep_cand/protenix/8ume_HL/d653/seed2_r3/results/8ume_hl/seed_0/predictions/8ume_hl_sample_1.cif,8ume_HL,seed2_r3,8ume_hl_sample_1.cif,0.32566
/mnt/data/admuser/msadepth/compreps/seedrep_cand/protenix/8ume_HL/d653/seed2_r3/results/8ume_hl/seed_0/predictions/8ume_hl_sample_2.cif,8ume_HL,seed2_r3,8ume_hl_sample_2.cif,0.3229
/mnt/data/admuser/msadepth/compreps/seedrep_cand/protenix/8ume_HL/d653/seed2_r3/results/8ume_hl/seed_0/predictions/8ume_hl_sample_3.cif,8ume_HL,seed2_r3,8ume_hl_sample_3.cif,0.32192
/mnt/data/admuser/msadepth/compreps/seedrep_cand/protenix/8ume_HL/d653/seed2_r3/results/8ume_hl/seed_0/predictions/8ume_hl_sample_4.cif,8ume_HL,seed2_r3,8ume_hl_sample_4.cif,0.32031
/mnt/data/admuser/msadepth/compreps/seedrep_cand/protenix/8ume_HL/d653/seed3_r0/results/8ume_hl/seed_0/predictions/8ume_hl_sample_0.cif,8ume_HL,seed3_r0,8ume_hl_sample_0.cif,0.33139
/mnt/data/admuser/msadepth/compreps/seedrep_cand/protenix/8ume_HL/d653/seed3_r0/results/8ume_hl/seed_0/predictions/8ume_hl_sample_1.cif,8ume_HL,seed3_r0,8ume_hl_sample_1.cif,0.33097
/mnt/data/admuser/msadepth/compreps/seedrep_cand/protenix/8ume_HL/d653/seed3_r0/results/8ume_hl/seed_0/predictions/8ume_hl_sample_2.cif,8ume_HL,seed3_r0,8ume_hl_sample_2.cif,0.33003
/mnt/data/admuser/msadepth/compreps/seedrep_cand/protenix/8ume_HL/d653/seed3_r0/results/8ume_hl/seed_0/predictions/8ume_hl_sample_3.cif,8ume_HL,seed3_r0,8ume_hl_sample_3.cif,0.3137
/mnt/data/admuser/msadepth/compreps/seedrep_cand/protenix/8ume_HL/d653/seed3_r0/results/8ume_hl/seed_0/predictions/8ume_hl_sample_4.cif,8ume_HL,seed3_r0,8ume_hl_sample_4.cif,0.30847
/mnt/data/admuser/msadepth/compreps/seedrep_cand/protenix/8ume_HL/d653/seed3_r1/results/8ume_hl/seed_0/predictions/8ume_hl_sample_0.cif,8ume_HL,seed3_r1,8ume_hl_sample_0.cif,0.37765
/mnt/data/admuser/msadepth/compreps/seedrep_cand/protenix/8ume_HL/d653/seed3_r1/results/8ume_hl/seed_0/predictions/8ume_hl_sample_1.cif,8ume_HL,seed3_r1,8ume_hl_sample_1.cif,0.37756
/mnt/data/admuser/msadepth/compreps/seedrep_cand/protenix/8ume_HL/d653/seed3_r1/results/8ume_hl/seed_0/predictions/8ume_hl_sample_2.cif,8ume_HL,seed3_r1,8ume_hl_sample_2.cif,0.37669
/mnt/data/admuser/msadepth/compreps/seedrep_cand/protenix/8ume_HL/d653/seed3_r1/results/8ume_hl/seed_0/predictions/8ume_hl_sample_3.cif,8ume_HL,seed3_r1,8ume_hl_sample_3.cif,0.37511
/mnt/data/admuser/msadepth/compreps/seedrep_cand/protenix/8ume_HL/d653/seed3_r1/results/8ume_hl/seed_0/predictions/8ume_hl_sample_4.cif,8ume_HL,seed3_r1,8ume_hl_sample_4.cif,0.37479
/mnt/data/admuser/msadepth/compreps/seedrep_cand/protenix/8ume_HL/d653/seed3_r2/results/8ume_hl/seed_0/predictions/8ume_hl_sample_0.cif,8ume_HL,seed3_r2,8ume_hl_sample_0.cif,0.32563
/mnt/data/admuser/msadepth/compreps/seedrep_cand/protenix/8ume_HL/d653/seed3_r2/results/8ume_hl/seed_0/predictions/8ume_hl_sample_1.cif,8ume_HL,seed3_r2,8ume_hl_sample_1.cif,0.31456
/mnt/data/admuser/msadepth/compreps/seedrep_cand/protenix/8ume_HL/d653/seed3_r2/results/8ume_hl/seed_0/predictions/8ume_hl_sample_2.cif,8ume_HL,seed3_r2,8ume_hl_sample_2.cif,0.31477
/mnt/data/admuser/msadepth/compreps/seedrep_cand/protenix/8ume_HL/d653/seed3_r2/results/8ume_hl/seed_0/predictions/8ume_hl_sample_3.cif,8ume_HL,seed3_r2,8ume_hl_sample_3.cif,0.3128
/mnt/data/admuser/msadepth/compreps/seedrep_cand/protenix/8ume_HL/d653/seed3_r2/results/8ume_hl/seed_0/predictions/8ume_hl_sample_4.cif,8ume_HL,seed3_r2,8ume_hl_sample_4.cif,0.30608
/mnt/data/admuser/msadepth/compreps/seedrep_cand/protenix/8ume_HL/d653/seed3_r3/results/8ume_hl/seed_0/predictions/8ume_hl_sample_0.cif,8ume_HL,seed3_r3,8ume_hl_sample_0.cif,0.31244
/mnt/data/admuser/msadepth/compreps/seedrep_cand/protenix/8ume_HL/d653/seed3_r3/results/8ume_hl/seed_0/predictions/8ume_hl_sample_1.cif,8ume_HL,seed3_r3,8ume_hl_sample_1.cif,0.30377
/mnt/data/admuser/msadepth/compreps/seedrep_cand/protenix/8ume_HL/d653/seed3_r3/results/8ume_hl/seed_0/predictions/8ume_hl_sample_2.cif,8ume_HL,seed3_r3,8ume_hl_sample_2.cif,0.30338
/mnt/data/admuser/msadepth/compreps/seedrep_cand/protenix/8ume_HL/d653/seed3_r3/results/8ume_hl/seed_0/predictions/8ume_hl_sample_3.cif,8ume_HL,seed3_r3,8ume_hl_sample_3.cif,0.3025
/mnt/data/admuser/msadepth/compreps/seedrep_cand/protenix/8ume_HL/d653/seed3_r3/results/8ume_hl/seed_0/predictions/8ume_hl_sample_4.cif,8ume_HL,seed3_r3,8ume_hl_sample_4.cif,0.29833
/mnt/data/admuser/msadepth/compreps/seedrep_cand/protenix/8ume_HL/d653/seed4_r0/results/8ume_hl/seed_0/predictions/8ume_hl_sample_0.cif,8ume_HL,seed4_r0,8ume_hl_sample_0.cif,0.30493
/mnt/data/admuser/msadepth/compreps/seedrep_cand/protenix/8ume_HL/d653/seed4_r0/results/8ume_hl/seed_0/predictions/8ume_hl_sample_1.cif,8ume_HL,seed4_r0,8ume_hl_sample_1.cif,0.30396
/mnt/data/admuser/msadepth/compreps/seedrep_cand/protenix/8ume_HL/d653/seed4_r0/results/8ume_hl/seed_0/predictions/8ume_hl_sample_2.cif,8ume_HL,seed4_r0,8ume_hl_sample_2.cif,0.30113
/mnt/data/admuser/msadepth/compreps/seedrep_cand/protenix/8ume_HL/d653/seed4_r0/results/8ume_hl/seed_0/predictions/8ume_hl_sample_3.cif,8ume_HL,seed4_r0,8ume_hl_sample_3.cif,0.30109
/mnt/data/admuser/msadepth/compreps/seedrep_cand/protenix/8ume_HL/d653/seed4_r0/results/8ume_hl/seed_0/predictions/8ume_hl_sample_4.cif,8ume_HL,seed4_r0,8ume_hl_sample_4.cif,0.29044
/mnt/data/admuser/msadepth/compreps/seedrep_cand/protenix/8ume_HL/d653/seed4_r1/results/8ume_hl/seed_0/predictions/8ume_hl_sample_0.cif,8ume_HL,seed4_r1,8ume_hl_sample_0.cif,0.63178
/mnt/data/admuser/msadepth/compreps/seedrep_cand/protenix/8ume_HL/d653/seed4_r1/results/8ume_hl/seed_0/predictions/8ume_hl_sample_1.cif,8ume_HL,seed4_r1,8ume_hl_sample_1.cif,0.63218
/mnt/data/admuser/msadepth/compreps/seedrep_cand/protenix/8ume_HL/d653/seed4_r1/results/8ume_hl/seed_0/predictions/8ume_hl_sample_2.cif,8ume_HL,seed4_r1,8ume_hl_sample_2.cif,0.62986
/mnt/data/admuser/msadepth/compreps/seedrep_cand/protenix/8ume_HL/d653/seed4_r1/results/8ume_hl/seed_0/predictions/8ume_hl_sample_3.cif,8ume_HL,seed4_r1,8ume_hl_sample_3.cif,0.62851
/mnt/data/admuser/msadepth/compreps/seedrep_cand/protenix/8ume_HL/d653/seed4_r1/results/8ume_hl/seed_0/predictions/8ume_hl_sample_4.cif,8ume_HL,seed4_r1,8ume_hl_sample_4.cif,0.61505
/mnt/data/admuser/msadepth/compreps/seedrep_cand/protenix/8ume_HL/d653/seed4_r2/results/8ume_hl/seed_0/predictions/8ume_hl_sample_0.cif,8ume_HL,seed4_r2,8ume_hl_sample_0.cif,0.30661
/mnt/data/admuser/msadepth/compreps/seedrep_cand/protenix/8ume_HL/d653/seed4_r2/results/8ume_hl/seed_0/predictions/8ume_hl_sample_1.cif,8ume_HL,seed4_r2,8ume_hl_sample_1.cif,0.30221
/mnt/data/admuser/msadepth/compreps/seedrep_cand/protenix/8ume_HL/d653/seed4_r2/results/8ume_hl/seed_0/predictions/8ume_hl_sample_2.cif,8ume_HL,seed4_r2,8ume_hl_sample_2.cif,0.299
/mnt/data/admuser/msadepth/compreps/seedrep_cand/protenix/8ume_HL/d653/seed4_r2/results/8ume_hl/seed_0/predictions/8ume_hl_sample_3.cif,8ume_HL,seed4_r2,8ume_hl_sample_3.cif,0.29866
/mnt/data/admuser/msadepth/compreps/seedrep_cand/protenix/8ume_HL/d653/seed4_r2/results/8ume_hl/seed_0/predictions/8ume_hl_sample_4.cif,8ume_HL,seed4_r2,8ume_hl_sample_4.cif,0.2983
/mnt/data/admuser/msadepth/compreps/seedrep_cand/protenix/8ume_HL/d653/seed4_r3/results/8ume_hl/seed_0/predictions/8ume_hl_sample_0.cif,8ume_HL,seed4_r3,8ume_hl_sample_0.cif,0.29611
/mnt/data/admuser/msadepth/compreps/seedrep_cand/protenix/8ume_HL/d653/seed4_r3/results/8ume_hl/seed_0/predictions/8ume_hl_sample_1.cif,8ume_HL,seed4_r3,8ume_hl_sample_1.cif,0.28999
/mnt/data/admuser/msadepth/compreps/seedrep_cand/protenix/8ume_HL/d653/seed4_r3/results/8ume_hl/seed_0/predictions/8ume_hl_sample_2.cif,8ume_HL,seed4_r3,8ume_hl_sample_2.cif,0.28893
/mnt/data/admuser/msadepth/compreps/seedrep_cand/protenix/8ume_HL/d653/seed4_r3/results/8ume_hl/seed_0/predictions/8ume_hl_sample_3.cif,8ume_HL,seed4_r3,8ume_hl_sample_3.cif,0.28817
/mnt/data/admuser/msadepth/compreps/seedrep_cand/protenix/8ume_HL/d653/seed4_r3/results/8ume_hl/seed_0/predictions/8ume_hl_sample_4.cif,8ume_HL,seed4_r3,8ume_hl_sample_4.cif,0.28578
/mnt/data/admuser/msadepth/compreps/seedrep_cand/protenix/8ume_HL/d653/seed5_r0/results/8ume_hl/seed_0/predictions/8ume_hl_sample_0.cif,8ume_HL,seed5_r0,8ume_hl_sample_0.cif,0.30839
/mnt/data/admuser/msadepth/compreps/seedrep_cand/protenix/8ume_HL/d653/seed5_r0/results/8ume_hl/seed_0/predictions/8ume_hl_sample_1.cif,8ume_HL,seed5_r0,8ume_hl_sample_1.cif,0.30983
/mnt/data/admuser/msadepth/compreps/seedrep_cand/protenix/8ume_HL/d653/seed5_r0/results/8ume_hl/seed_0/predictions/8ume_hl_sample_2.cif,8ume_HL,seed5_r0,8ume_hl_sample_2.cif,0.30754
/mnt/data/admuser/msadepth/compreps/seedrep_cand/protenix/8ume_HL/d653/seed5_r0/results/8ume_hl/seed_0/predictions/8ume_hl_sample_3.cif,8ume_HL,seed5_r0,8ume_hl_sample_3.cif,0.30612
/mnt/data/admuser/msadepth/compreps/seedrep_cand/protenix/8ume_HL/d653/seed5_r0/results/8ume_hl/seed_0/predictions/8ume_hl_sample_4.cif,8ume_HL,seed5_r0,8ume_hl_sample_4.cif,0.30533
/mnt/data/admuser/msadepth/compreps/seedrep_cand/protenix/8ume_HL/d653/seed5_r1/results/8ume_hl/seed_0/predictions/8ume_hl_sample_0.cif,8ume_HL,seed5_r1,8ume_hl_sample_0.cif,0.31663
/mnt/data/admuser/msadepth/compreps/seedrep_cand/protenix/8ume_HL/d653/seed5_r1/results/8ume_hl/seed_0/predictions/8ume_hl_sample_1.cif,8ume_HL,seed5_r1,8ume_hl_sample_1.cif,0.31644
/mnt/data/admuser/msadepth/compreps/seedrep_cand/protenix/8ume_HL/d653/seed5_r1/results/8ume_hl/seed_0/predictions/8ume_hl_sample_2.cif,8ume_HL,seed5_r1,8ume_hl_sample_2.cif,0.31574
/mnt/data/admuser/msadepth/compreps/seedrep_cand/protenix/8ume_HL/d653/seed5_r1/results/8ume_hl/seed_0/predictions/8ume_hl_sample_3.cif,8ume_HL,seed5_r1,8ume_hl_sample_3.cif,0.31581
/mnt/data/admuser/msadepth/compreps/seedrep_cand/protenix/8ume_HL/d653/seed5_r1/results/8ume_hl/seed_0/predictions/8ume_hl_sample_4.cif,8ume_HL,seed5_r1,8ume_hl_sample_4.cif,0.31471
/mnt/data/admuser/msadepth/compreps/seedrep_cand/protenix/8ume_HL/d653/seed5_r2/results/8ume_hl/seed_0/predictions/8ume_hl_sample_0.cif,8ume_HL,seed5_r2,8ume_hl_sample_0.cif,0.30445
/mnt/data/admuser/msadepth/compreps/seedrep_cand/protenix/8ume_HL/d653/seed5_r2/results/8ume_hl/seed_0/predictions/8ume_hl_sample_1.cif,8ume_HL,seed5_r2,8ume_hl_sample_1.cif,0.30294
/mnt/data/admuser/msadepth/compreps/seedrep_cand/protenix/8ume_HL/d653/seed5_r2/results/8ume_hl/seed_0/predictions/8ume_hl_sample_2.cif,8ume_HL,seed5_r2,8ume_hl_sample_2.cif,0.30284
/mnt/data/admuser/msadepth/compreps/seedrep_cand/protenix/8ume_HL/d653/seed5_r2/results/8ume_hl/seed_0/predictions/8ume_hl_sample_3.cif,8ume_HL,seed5_r2,8ume_hl_sample_3.cif,0.30299
/mnt/data/admuser/msadepth/compreps/seedrep_cand/protenix/8ume_HL/d653/seed5_r2/results/8ume_hl/seed_0/predictions/8ume_hl_sample_4.cif,8ume_HL,seed5_r2,8ume_hl_sample_4.cif,0.3024
/mnt/data/admuser/msadepth/compreps/seedrep_cand/protenix/8ume_HL/d653/seed5_r3/results/8ume_hl/seed_0/predictions/8ume_hl_sample_0.cif,8ume_HL,seed5_r3,8ume_hl_sample_0.cif,0.3113
/mnt/data/admuser/msadepth/compreps/seedrep_cand/protenix/8ume_HL/d653/seed5_r3/results/8ume_hl/seed_0/predictions/8ume_hl_sample_1.cif,8ume_HL,seed5_r3,8ume_hl_sample_1.cif,0.31057
/mnt/data/admuser/msadepth/compreps/seedrep_cand/protenix/8ume_HL/d653/seed5_r3/results/8ume_hl/seed_0/predictions/8ume_hl_sample_2.cif,8ume_HL,seed5_r3,8ume_hl_sample_2.cif,0.30992
/mnt/data/admuser/msadepth/compreps/seedrep_cand/protenix/8ume_HL/d653/seed5_r3/results/8ume_hl/seed_0/predictions/8ume_hl_sample_3.cif,8ume_HL,seed5_r3,8ume_hl_sample_3.cif,0.3095
/mnt/data/admuser/msadepth/compreps/seedrep_cand/protenix/8ume_HL/d653/seed5_r3/results/8ume_hl/seed_0/predictions/8ume_hl_sample_4.cif,8ume_HL,seed5_r3,8ume_hl_sample_4.cif,0.30896
/mnt/data/admuser/msadepth/compreps/seedrep_cand/protenix/8ume_HL/d653/seedfull_r0/results/8ume_hl/seed_0/predictions/8ume_hl_sample_0.cif,8ume_HL,seedfull_r0,8ume_hl_sample_0.cif,0.31891
/mnt/data/admuser/msadepth/compreps/seedrep_cand/protenix/8ume_HL/d653/seedfull_r0/results/8ume_hl/seed_0/predictions/8ume_hl_sample_1.cif,8ume_HL,seedfull_r0,8ume_hl_sample_1.cif,0.317
/mnt/data/admuser/msadepth/compreps/seedrep_cand/protenix/8ume_HL/d653/seedfull_r0/results/8ume_hl/seed_0/predictions/8ume_hl_sample_2.cif,8ume_HL,seedfull_r0,8ume_hl_sample_2.cif,0.31704
/mnt/data/admuser/msadepth/compreps/seedrep_cand/protenix/8ume_HL/d653/seedfull_r0/results/8ume_hl/seed_0/predictions/8ume_hl_sample_3.cif,8ume_HL,seedfull_r0,8ume_hl_sample_3.cif,0.31472
/mnt/data/admuser/msadepth/compreps/seedrep_cand/protenix/8ume_HL/d653/seedfull_r0/results/8ume_hl/seed_0/predictions/8ume_hl_sample_4.cif,8ume_HL,seedfull_r0,8ume_hl_sample_4.cif,0.31039
/mnt/data/admuser/msadepth/compreps/seedrep_cand/protenix/8ume_HL/d653/seedfull_r1/results/8ume_hl/seed_0/predictions/8ume_hl_sample_0.cif,8ume_HL,seedfull_r1,8ume_hl_sample_0.cif,0.31121
/mnt/data/admuser/msadepth/compreps/seedrep_cand/protenix/8ume_HL/d653/seedfull_r1/results/8ume_hl/seed_0/predictions/8ume_hl_sample_1.cif,8ume_HL,seedfull_r1,8ume_hl_sample_1.cif,0.31093
/mnt/data/admuser/msadepth/compreps/seedrep_cand/protenix/8ume_HL/d653/seedfull_r1/results/8ume_hl/seed_0/predictions/8ume_hl_sample_2.cif,8ume_HL,seedfull_r1,8ume_hl_sample_2.cif,0.3068
/mnt/data/admuser/msadepth/compreps/seedrep_cand/protenix/8ume_HL/d653/seedfull_r1/results/8ume_hl/seed_0/predictions/8ume_hl_sample_3.cif,8ume_HL,seedfull_r1,8ume_hl_sample_3.cif,0.29886
/mnt/data/admuser/msadepth/compreps/seedrep_cand/protenix/8ume_HL/d653/seedfull_r1/results/8ume_hl/seed_0/predictions/8ume_hl_sample_4.cif,8ume_HL,seedfull_r1,8ume_hl_sample_4.cif,0.29632
/mnt/data/admuser/msadepth/compreps/seedrep_cand/protenix/8ume_HL/d653/seedfull_r2/results/8ume_hl/seed_0/predictions/8ume_hl_sample_0.cif,8ume_HL,seedfull_r2,8ume_hl_sample_0.cif,0.31823
/mnt/data/admuser/msadepth/compreps/seedrep_cand/protenix/8ume_HL/d653/seedfull_r2/results/8ume_hl/seed_0/predictions/8ume_hl_sample_1.cif,8ume_HL,seedfull_r2,8ume_hl_sample_1.cif,0.31808
/mnt/data/admuser/msadepth/compreps/seedrep_cand/protenix/8ume_HL/d653/seedfull_r2/results/8ume_hl/seed_0/predictions/8ume_hl_sample_2.cif,8ume_HL,seedfull_r2,8ume_hl_sample_2.cif,0.3125
/mnt/data/admuser/msadepth/compreps/seedrep_cand/protenix/8ume_HL/d653/seedfull_r2/results/8ume_hl/seed_0/predictions/8ume_hl_sample_3.cif,8ume_HL,seedfull_r2,8ume_hl_sample_3.cif,0.30699
/mnt/data/admuser/msadepth/compreps/seedrep_cand/protenix/8ume_HL/d653/seedfull_r2/results/8ume_hl/seed_0/predictions/8ume_hl_sample_4.cif,8ume_HL,seedfull_r2,8ume_hl_sample_4.cif,0.30211
/mnt/data/admuser/msadepth/compreps/seedrep_cand/protenix/8ume_HL/d653/seedfull_r3/results/8ume_hl/seed_0/predictions/8ume_hl_sample_0.cif,8ume_HL,seedfull_r3,8ume_hl_sample_0.cif,0.38078
/mnt/data/admuser/msadepth/compreps/seedrep_cand/protenix/8ume_HL/d653/seedfull_r3/results/8ume_hl/seed_0/predictions/8ume_hl_sample_1.cif,8ume_HL,seedfull_r3,8ume_hl_sample_1.cif,0.38047
/mnt/data/admuser/msadepth/compreps/seedrep_cand/protenix/8ume_HL/d653/seedfull_r3/results/8ume_hl/seed_0/predictions/8ume_hl_sample_2.cif,8ume_HL,seedfull_r3,8ume_hl_sample_2.cif,0.37819
/mnt/data/admuser/msadepth/compreps/seedrep_cand/protenix/8ume_HL/d653/seedfull_r3/results/8ume_hl/seed_0/predictions/8ume_hl_sample_3.cif,8ume_HL,seedfull_r3,8ume_hl_sample_3.cif,0.37761
/mnt/data/admuser/msadepth/compreps/seedrep_cand/protenix/8ume_HL/d653/seedfull_r3/results/8ume_hl/seed_0/predictions/8ume_hl_sample_4.cif,8ume_HL,seedfull_r3,8ume_hl_sample_4.cif,0.35168
/mnt/data/admuser/msadepth/compreps/seedrep_cand/protenix/8ume_HL/d653/seedfull_r4/results/8ume_hl/seed_0/predictions/8ume_hl_sample_0.cif,8ume_HL,seedfull_r4,8ume_hl_sample_0.cif,0.38795
/mnt/data/admuser/msadepth/compreps/seedrep_cand/protenix/8ume_HL/d653/seedfull_r4/results/8ume_hl/seed_0/predictions/8ume_hl_sample_1.cif,8ume_HL,seedfull_r4,8ume_hl_sample_1.cif,0.38614
/mnt/data/admuser/msadepth/compreps/seedrep_cand/protenix/8ume_HL/d653/seedfull_r4/results/8ume_hl/seed_0/predictions/8ume_hl_sample_2.cif,8ume_HL,seedfull_r4,8ume_hl_sample_2.cif,0.38337
/mnt/data/admuser/msadepth/compreps/seedrep_cand/protenix/8ume_HL/d653/seedfull_r4/results/8ume_hl/seed_0/predictions/8ume_hl_sample_3.cif,8ume_HL,seedfull_r4,8ume_hl_sample_3.cif,0.37793
/mnt/data/admuser/msadepth/compreps/seedrep_cand/protenix/8ume_HL/d653/seedfull_r4/results/8ume_hl/seed_0/predictions/8ume_hl_sample_4.cif,8ume_HL,seedfull_r4,8ume_hl_sample_4.cif,0.34472
/mnt/data/admuser/msadepth/compreps/seedrep_cand/protenix/8ume_HL/d653/seedfull_r5/results/8ume_hl/seed_0/predictions/8ume_hl_sample_0.cif,8ume_HL,seedfull_r5,8ume_hl_sample_0.cif,0.35025
/mnt/data/admuser/msadepth/compreps/seedrep_cand/protenix/8ume_HL/d653/seedfull_r5/results/8ume_hl/seed_0/predictions/8ume_hl_sample_1.cif,8ume_HL,seedfull_r5,8ume_hl_sample_1.cif,0.34822
/mnt/data/admuser/msadepth/compreps/seedrep_cand/protenix/8ume_HL/d653/seedfull_r5/results/8ume_hl/seed_0/predictions/8ume_hl_sample_2.cif,8ume_HL,seedfull_r5,8ume_hl_sample_2.cif,0.34172
/mnt/data/admuser/msadepth/compreps/seedrep_cand/protenix/8ume_HL/d653/seedfull_r5/results/8ume_hl/seed_0/predictions/8ume_hl_sample_3.cif,8ume_HL,seedfull_r5,8ume_hl_sample_3.cif,0.34066
/mnt/data/admuser/msadepth/compreps/seedrep_cand/protenix/8ume_HL/d653/seedfull_r5/results/8ume_hl/seed_0/predictions/8ume_hl_sample_4.cif,8ume_HL,seedfull_r5,8ume_hl_sample_4.cif,0.31541
/mnt/data/admuser/msadepth/compreps/seedrep_cand/protenix/8ume_HL/d653/seedfull_r6/results/8ume_hl/seed_0/predictions/8ume_hl_sample_0.cif,8ume_HL,seedfull_r6,8ume_hl_sample_0.cif,0.32067
/mnt/data/admuser/msadepth/compreps/seedrep_cand/protenix/8ume_HL/d653/seedfull_r6/results/8ume_hl/seed_0/predictions/8ume_hl_sample_1.cif,8ume_HL,seedfull_r6,8ume_hl_sample_1.cif,0.31181
/mnt/data/admuser/msadepth/compreps/seedrep_cand/protenix/8ume_HL/d653/seedfull_r6/results/8ume_hl/seed_0/predictions/8ume_hl_sample_2.cif,8ume_HL,seedfull_r6,8ume_hl_sample_2.cif,0.31117
/mnt/data/admuser/msadepth/compreps/seedrep_cand/protenix/8ume_HL/d653/seedfull_r6/results/8ume_hl/seed_0/predictions/8ume_hl_sample_3.cif,8ume_HL,seedfull_r6,8ume_hl_sample_3.cif,0.30685
/mnt/data/admuser/msadepth/compreps/seedrep_cand/protenix/8ume_HL/d653/seedfull_r6/results/8ume_hl/seed_0/predictions/8ume_hl_sample_4.cif,8ume_HL,seedfull_r6,8ume_hl_sample_4.cif,0.30346
/mnt/data/admuser/msadepth/compreps/seedrep_cand/protenix/8ume_HL/d653/seedfull_r7/results/8ume_hl/seed_0/predictions/8ume_hl_sample_0.cif,8ume_HL,seedfull_r7,8ume_hl_sample_0.cif,0.32325
/mnt/data/admuser/msadepth/compreps/seedrep_cand/protenix/8ume_HL/d653/seedfull_r7/results/8ume_hl/seed_0/predictions/8ume_hl_sample_1.cif,8ume_HL,seedfull_r7,8ume_hl_sample_1.cif,0.31799
/mnt/data/admuser/msadepth/compreps/seedrep_cand/protenix/8ume_HL/d653/seedfull_r7/results/8ume_hl/seed_0/predictions/8ume_hl_sample_2.cif,8ume_HL,seedfull_r7,8ume_hl_sample_2.cif,0.31622
/mnt/data/admuser/msadepth/compreps/seedrep_cand/protenix/8ume_HL/d653/seedfull_r7/results/8ume_hl/seed_0/predictions/8ume_hl_sample_3.cif,8ume_HL,seedfull_r7,8ume_hl_sample_3.cif,0.31583
/mnt/data/admuser/msadepth/compreps/seedrep_cand/protenix/8ume_HL/d653/seedfull_r7/results/8ume_hl/seed_0/predictions/8ume_hl_sample_4.cif,8ume_HL,seedfull_r7,8ume_hl_sample_4.cif,0.31351
/mnt/data/admuser/msadepth/compreps/seedrep_cand/protenix/8xsi_HL/d8894/seed0_r0/results/8xsi_hl/seed_0/predictions/8xsi_hl_sample_0.cif,8xsi_HL,seed0_r0,8xsi_hl_sample_0.cif,0.48225
/mnt/data/admuser/msadepth/compreps/seedrep_cand/protenix/8xsi_HL/d8894/seed0_r0/results/8xsi_hl/seed_0/predictions/8xsi_hl_sample_1.cif,8xsi_HL,seed0_r0,8xsi_hl_sample_1.cif,0.47969
/mnt/data/admuser/msadepth/compreps/seedrep_cand/protenix/8xsi_HL/d8894/seed0_r0/results/8xsi_hl/seed_0/predictions/8xsi_hl_sample_2.cif,8xsi_HL,seed0_r0,8xsi_hl_sample_2.cif,0.4775
/mnt/data/admuser/msadepth/compreps/seedrep_cand/protenix/8xsi_HL/d8894/seed0_r0/results/8xsi_hl/seed_0/predictions/8xsi_hl_sample_3.cif,8xsi_HL,seed0_r0,8xsi_hl_sample_3.cif,0.47554
/mnt/data/admuser/msadepth/compreps/seedrep_cand/protenix/8xsi_HL/d8894/seed0_r0/results/8xsi_hl/seed_0/predictions/8xsi_hl_sample_4.cif,8xsi_HL,seed0_r0,8xsi_hl_sample_4.cif,0.47463
/mnt/data/admuser/msadepth/compreps/seedrep_cand/protenix/8xsi_HL/d8894/seed0_r1/results/8xsi_hl/seed_0/predictions/8xsi_hl_sample_0.cif,8xsi_HL,seed0_r1,8xsi_hl_sample_0.cif,0.47353
/mnt/data/admuser/msadepth/compreps/seedrep_cand/protenix/8xsi_HL/d8894/seed0_r1/results/8xsi_hl/seed_0/predictions/8xsi_hl_sample_1.cif,8xsi_HL,seed0_r1,8xsi_hl_sample_1.cif,0.47218
/mnt/data/admuser/msadepth/compreps/seedrep_cand/protenix/8xsi_HL/d8894/seed0_r1/results/8xsi_hl/seed_0/predictions/8xsi_hl_sample_2.cif,8xsi_HL,seed0_r1,8xsi_hl_sample_2.cif,0.47194
/mnt/data/admuser/msadepth/compreps/seedrep_cand/protenix/8xsi_HL/d8894/seed0_r1/results/8xsi_hl/seed_0/predictions/8xsi_hl_sample_3.cif,8xsi_HL,seed0_r1,8xsi_hl_sample_3.cif,0.47152
/mnt/data/admuser/msadepth/compreps/seedrep_cand/protenix/8xsi_HL/d8894/seed0_r1/results/8xsi_hl/seed_0/predictions/8xsi_hl_sample_4.cif,8xsi_HL,seed0_r1,8xsi_hl_sample_4.cif,0.46992
/mnt/data/admuser/msadepth/compreps/seedrep_cand/protenix/8xsi_HL/d8894/seed0_r2/results/8xsi_hl/seed_0/predictions/8xsi_hl_sample_0.cif,8xsi_HL,seed0_r2,8xsi_hl_sample_0.cif,0.49392
/mnt/data/admuser/msadepth/compreps/seedrep_cand/protenix/8xsi_HL/d8894/seed0_r2/results/8xsi_hl/seed_0/predictions/8xsi_hl_sample_1.cif,8xsi_HL,seed0_r2,8xsi_hl_sample_1.cif,0.49325
/mnt/data/admuser/msadepth/compreps/seedrep_cand/protenix/8xsi_HL/d8894/seed0_r2/results/8xsi_hl/seed_0/predictions/8xsi_hl_sample_2.cif,8xsi_HL,seed0_r2,8xsi_hl_sample_2.cif,0.49173
/mnt/data/admuser/msadepth/compreps/seedrep_cand/protenix/8xsi_HL/d8894/seed0_r2/results/8xsi_hl/seed_0/predictions/8xsi_hl_sample_3.cif,8xsi_HL,seed0_r2,8xsi_hl_sample_3.cif,0.49163
/mnt/data/admuser/msadepth/compreps/seedrep_cand/protenix/8xsi_HL/d8894/seed0_r2/results/8xsi_hl/seed_0/predictions/8xsi_hl_sample_4.cif,8xsi_HL,seed0_r2,8xsi_hl_sample_4.cif,0.48118
/mnt/data/admuser/msadepth/compreps/seedrep_cand/protenix/8xsi_HL/d8894/seed0_r3/results/8xsi_hl/seed_0/predictions/8xsi_hl_sample_0.cif,8xsi_HL,seed0_r3,8xsi_hl_sample_0.cif,0.5469
/mnt/data/admuser/msadepth/compreps/seedrep_cand/protenix/8xsi_HL/d8894/seed0_r3/results/8xsi_hl/seed_0/predictions/8xsi_hl_sample_1.cif,8xsi_HL,seed0_r3,8xsi_hl_sample_1.cif,0.54614
/mnt/data/admuser/msadepth/compreps/seedrep_cand/protenix/8xsi_HL/d8894/seed0_r3/results/8xsi_hl/seed_0/predictions/8xsi_hl_sample_2.cif,8xsi_HL,seed0_r3,8xsi_hl_sample_2.cif,0.50704
/mnt/data/admuser/msadepth/compreps/seedrep_cand/protenix/8xsi_HL/d8894/seed0_r3/results/8xsi_hl/seed_0/predictions/8xsi_hl_sample_3.cif,8xsi_HL,seed0_r3,8xsi_hl_sample_3.cif,0.50232
/mnt/data/admuser/msadepth/compreps/seedrep_cand/protenix/8xsi_HL/d8894/seed0_r3/results/8xsi_hl/seed_0/predictions/8xsi_hl_sample_4.cif,8xsi_HL,seed0_r3,8xsi_hl_sample_4.cif,0.49887
/mnt/data/admuser/msadepth/compreps/seedrep_cand/protenix/8xsi_HL/d8894/seed1_r0/results/8xsi_hl/seed_0/predictions/8xsi_hl_sample_0.cif,8xsi_HL,seed1_r0,8xsi_hl_sample_0.cif,0.21859
/mnt/data/admuser/msadepth/compreps/seedrep_cand/protenix/8xsi_HL/d8894/seed1_r0/results/8xsi_hl/seed_0/predictions/8xsi_hl_sample_1.cif,8xsi_HL,seed1_r0,8xsi_hl_sample_1.cif,0.21715
/mnt/data/admuser/msadepth/compreps/seedrep_cand/protenix/8xsi_HL/d8894/seed1_r0/results/8xsi_hl/seed_0/predictions/8xsi_hl_sample_2.cif,8xsi_HL,seed1_r0,8xsi_hl_sample_2.cif,0.20489
/mnt/data/admuser/msadepth/compreps/seedrep_cand/protenix/8xsi_HL/d8894/seed1_r0/results/8xsi_hl/seed_0/predictions/8xsi_hl_sample_3.cif,8xsi_HL,seed1_r0,8xsi_hl_sample_3.cif,0.18992
/mnt/data/admuser/msadepth/compreps/seedrep_cand/protenix/8xsi_HL/d8894/seed1_r0/results/8xsi_hl/seed_0/predictions/8xsi_hl_sample_4.cif,8xsi_HL,seed1_r0,8xsi_hl_sample_4.cif,0.18508
/mnt/data/admuser/msadepth/compreps/seedrep_cand/protenix/8xsi_HL/d8894/seed1_r1/results/8xsi_hl/seed_0/predictions/8xsi_hl_sample_0.cif,8xsi_HL,seed1_r1,8xsi_hl_sample_0.cif,0.18328
/mnt/data/admuser/msadepth/compreps/seedrep_cand/protenix/8xsi_HL/d8894/seed1_r1/results/8xsi_hl/seed_0/predictions/8xsi_hl_sample_1.cif,8xsi_HL,seed1_r1,8xsi_hl_sample_1.cif,0.17793
/mnt/data/admuser/msadepth/compreps/seedrep_cand/protenix/8xsi_HL/d8894/seed1_r1/results/8xsi_hl/seed_0/predictions/8xsi_hl_sample_2.cif,8xsi_HL,seed1_r1,8xsi_hl_sample_2.cif,0.17791
/mnt/data/admuser/msadepth/compreps/seedrep_cand/protenix/8xsi_HL/d8894/seed1_r1/results/8xsi_hl/seed_0/predictions/8xsi_hl_sample_3.cif,8xsi_HL,seed1_r1,8xsi_hl_sample_3.cif,0.1745
/mnt/data/admuser/msadepth/compreps/seedrep_cand/protenix/8xsi_HL/d8894/seed1_r1/results/8xsi_hl/seed_0/predictions/8xsi_hl_sample_4.cif,8xsi_HL,seed1_r1,8xsi_hl_sample_4.cif,0.16866
/mnt/data/admuser/msadepth/compreps/seedrep_cand/protenix/8xsi_HL/d8894/seed1_r2/results/8xsi_hl/seed_0/predictions/8xsi_hl_sample_0.cif,8xsi_HL,seed1_r2,8xsi_hl_sample_0.cif,0.20684
/mnt/data/admuser/msadepth/compreps/seedrep_cand/protenix/8xsi_HL/d8894/seed1_r2/results/8xsi_hl/seed_0/predictions/8xsi_hl_sample_1.cif,8xsi_HL,seed1_r2,8xsi_hl_sample_1.cif,0.2016
/mnt/data/admuser/msadepth/compreps/seedrep_cand/protenix/8xsi_HL/d8894/seed1_r2/results/8xsi_hl/seed_0/predictions/8xsi_hl_sample_2.cif,8xsi_HL,seed1_r2,8xsi_hl_sample_2.cif,0.19519
/mnt/data/admuser/msadepth/compreps/seedrep_cand/protenix/8xsi_HL/d8894/seed1_r2/results/8xsi_hl/seed_0/predictions/8xsi_hl_sample_3.cif,8xsi_HL,seed1_r2,8xsi_hl_sample_3.cif,0.19432
/mnt/data/admuser/msadepth/compreps/seedrep_cand/protenix/8xsi_HL/d8894/seed1_r2/results/8xsi_hl/seed_0/predictions/8xsi_hl_sample_4.cif,8xsi_HL,seed1_r2,8xsi_hl_sample_4.cif,0.19293
/mnt/data/admuser/msadepth/compreps/seedrep_cand/protenix/8xsi_HL/d8894/seed1_r3/results/8xsi_hl/seed_0/predictions/8xsi_hl_sample_0.cif,8xsi_HL,seed1_r3,8xsi_hl_sample_0.cif,0.19721
/mnt/data/admuser/msadepth/compreps/seedrep_cand/protenix/8xsi_HL/d8894/seed1_r3/results/8xsi_hl/seed_0/predictions/8xsi_hl_sample_1.cif,8xsi_HL,seed1_r3,8xsi_hl_sample_1.cif,0.1938
/mnt/data/admuser/msadepth/compreps/seedrep_cand/protenix/8xsi_HL/d8894/seed1_r3/results/8xsi_hl/seed_0/predictions/8xsi_hl_sample_2.cif,8xsi_HL,seed1_r3,8xsi_hl_sample_2.cif,0.19185
/mnt/data/admuser/msadepth/compreps/seedrep_cand/protenix/8xsi_HL/d8894/seed1_r3/results/8xsi_hl/seed_0/predictions/8xsi_hl_sample_3.cif,8xsi_HL,seed1_r3,8xsi_hl_sample_3.cif,0.18247
/mnt/data/admuser/msadepth/compreps/seedrep_cand/protenix/8xsi_HL/d8894/seed1_r3/results/8xsi_hl/seed_0/predictions/8xsi_hl_sample_4.cif,8xsi_HL,seed1_r3,8xsi_hl_sample_4.cif,0.17358
/mnt/data/admuser/msadepth/compreps/seedrep_cand/protenix/8xsi_HL/d8894/seed2_r0/results/8xsi_hl/seed_0/predictions/8xsi_hl_sample_0.cif,8xsi_HL,seed2_r0,8xsi_hl_sample_0.cif,0.52235
/mnt/data/admuser/msadepth/compreps/seedrep_cand/protenix/8xsi_HL/d8894/seed2_r0/results/8xsi_hl/seed_0/predictions/8xsi_hl_sample_1.cif,8xsi_HL,seed2_r0,8xsi_hl_sample_1.cif,0.52173
/mnt/data/admuser/msadepth/compreps/seedrep_cand/protenix/8xsi_HL/d8894/seed2_r0/results/8xsi_hl/seed_0/predictions/8xsi_hl_sample_2.cif,8xsi_HL,seed2_r0,8xsi_hl_sample_2.cif,0.52041
/mnt/data/admuser/msadepth/compreps/seedrep_cand/protenix/8xsi_HL/d8894/seed2_r0/results/8xsi_hl/seed_0/predictions/8xsi_hl_sample_3.cif,8xsi_HL,seed2_r0,8xsi_hl_sample_3.cif,0.52047
/mnt/data/admuser/msadepth/compreps/seedrep_cand/protenix/8xsi_HL/d8894/seed2_r0/results/8xsi_hl/seed_0/predictions/8xsi_hl_sample_4.cif,8xsi_HL,seed2_r0,8xsi_hl_sample_4.cif,0.50593
/mnt/data/admuser/msadepth/compreps/seedrep_cand/protenix/8xsi_HL/d8894/seed2_r1/results/8xsi_hl/seed_0/predictions/8xsi_hl_sample_0.cif,8xsi_HL,seed2_r1,8xsi_hl_sample_0.cif,0.51433
/mnt/data/admuser/msadepth/compreps/seedrep_cand/protenix/8xsi_HL/d8894/seed2_r1/results/8xsi_hl/seed_0/predictions/8xsi_hl_sample_1.cif,8xsi_HL,seed2_r1,8xsi_hl_sample_1.cif,0.51393
/mnt/data/admuser/msadepth/compreps/seedrep_cand/protenix/8xsi_HL/d8894/seed2_r1/results/8xsi_hl/seed_0/predictions/8xsi_hl_sample_2.cif,8xsi_HL,seed2_r1,8xsi_hl_sample_2.cif,0.51308
/mnt/data/admuser/msadepth/compreps/seedrep_cand/protenix/8xsi_HL/d8894/seed2_r1/results/8xsi_hl/seed_0/predictions/8xsi_hl_sample_3.cif,8xsi_HL,seed2_r1,8xsi_hl_sample_3.cif,0.51151
/mnt/data/admuser/msadepth/compreps/seedrep_cand/protenix/8xsi_HL/d8894/seed2_r1/results/8xsi_hl/seed_0/predictions/8xsi_hl_sample_4.cif,8xsi_HL,seed2_r1,8xsi_hl_sample_4.cif,0.50855
/mnt/data/admuser/msadepth/compreps/seedrep_cand/protenix/8xsi_HL/d8894/seed2_r2/results/8xsi_hl/seed_0/predictions/8xsi_hl_sample_0.cif,8xsi_HL,seed2_r2,8xsi_hl_sample_0.cif,0.54575
/mnt/data/admuser/msadepth/compreps/seedrep_cand/protenix/8xsi_HL/d8894/seed2_r2/results/8xsi_hl/seed_0/predictions/8xsi_hl_sample_1.cif,8xsi_HL,seed2_r2,8xsi_hl_sample_1.cif,0.54371
/mnt/data/admuser/msadepth/compreps/seedrep_cand/protenix/8xsi_HL/d8894/seed2_r2/results/8xsi_hl/seed_0/predictions/8xsi_hl_sample_2.cif,8xsi_HL,seed2_r2,8xsi_hl_sample_2.cif,0.54127
/mnt/data/admuser/msadepth/compreps/seedrep_cand/protenix/8xsi_HL/d8894/seed2_r2/results/8xsi_hl/seed_0/predictions/8xsi_hl_sample_3.cif,8xsi_HL,seed2_r2,8xsi_hl_sample_3.cif,0.54129
/mnt/data/admuser/msadepth/compreps/seedrep_cand/protenix/8xsi_HL/d8894/seed2_r2/results/8xsi_hl/seed_0/predictions/8xsi_hl_sample_4.cif,8xsi_HL,seed2_r2,8xsi_hl_sample_4.cif,0.54015
/mnt/data/admuser/msadepth/compreps/seedrep_cand/protenix/8xsi_HL/d8894/seed2_r3/results/8xsi_hl/seed_0/predictions/8xsi_hl_sample_0.cif,8xsi_HL,seed2_r3,8xsi_hl_sample_0.cif,0.49813
/mnt/data/admuser/msadepth/compreps/seedrep_cand/protenix/8xsi_HL/d8894/seed2_r3/results/8xsi_hl/seed_0/predictions/8xsi_hl_sample_1.cif,8xsi_HL,seed2_r3,8xsi_hl_sample_1.cif,0.49669
/mnt/data/admuser/msadepth/compreps/seedrep_cand/protenix/8xsi_HL/d8894/seed2_r3/results/8xsi_hl/seed_0/predictions/8xsi_hl_sample_2.cif,8xsi_HL,seed2_r3,8xsi_hl_sample_2.cif,0.49624
/mnt/data/admuser/msadepth/compreps/seedrep_cand/protenix/8xsi_HL/d8894/seed2_r3/results/8xsi_hl/seed_0/predictions/8xsi_hl_sample_3.cif,8xsi_HL,seed2_r3,8xsi_hl_sample_3.cif,0.496
/mnt/data/admuser/msadepth/compreps/seedrep_cand/protenix/8xsi_HL/d8894/seed2_r3/results/8xsi_hl/seed_0/predictions/8xsi_hl_sample_4.cif,8xsi_HL,seed2_r3,8xsi_hl_sample_4.cif,0.49624
/mnt/data/admuser/msadepth/compreps/seedrep_cand/protenix/8xsi_HL/d8894/seed3_r0/results/8xsi_hl/seed_0/predictions/8xsi_hl_sample_0.cif,8xsi_HL,seed3_r0,8xsi_hl_sample_0.cif,0.4747
/mnt/data/admuser/msadepth/compreps/seedrep_cand/protenix/8xsi_HL/d8894/seed3_r0/results/8xsi_hl/seed_0/predictions/8xsi_hl_sample_1.cif,8xsi_HL,seed3_r0,8xsi_hl_sample_1.cif,0.47382
/mnt/data/admuser/msadepth/compreps/seedrep_cand/protenix/8xsi_HL/d8894/seed3_r0/results/8xsi_hl/seed_0/predictions/8xsi_hl_sample_2.cif,8xsi_HL,seed3_r0,8xsi_hl_sample_2.cif,0.47236
/mnt/data/admuser/msadepth/compreps/seedrep_cand/protenix/8xsi_HL/d8894/seed3_r0/results/8xsi_hl/seed_0/predictions/8xsi_hl_sample_3.cif,8xsi_HL,seed3_r0,8xsi_hl_sample_3.cif,0.47203
/mnt/data/admuser/msadepth/compreps/seedrep_cand/protenix/8xsi_HL/d8894/seed3_r0/results/8xsi_hl/seed_0/predictions/8xsi_hl_sample_4.cif,8xsi_HL,seed3_r0,8xsi_hl_sample_4.cif,0.47131
/mnt/data/admuser/msadepth/compreps/seedrep_cand/protenix/8xsi_HL/d8894/seed3_r1/results/8xsi_hl/seed_0/predictions/8xsi_hl_sample_0.cif,8xsi_HL,seed3_r1,8xsi_hl_sample_0.cif,0.19334
/mnt/data/admuser/msadepth/compreps/seedrep_cand/protenix/8xsi_HL/d8894/seed3_r1/results/8xsi_hl/seed_0/predictions/8xsi_hl_sample_1.cif,8xsi_HL,seed3_r1,8xsi_hl_sample_1.cif,0.18005
/mnt/data/admuser/msadepth/compreps/seedrep_cand/protenix/8xsi_HL/d8894/seed3_r1/results/8xsi_hl/seed_0/predictions/8xsi_hl_sample_2.cif,8xsi_HL,seed3_r1,8xsi_hl_sample_2.cif,0.1771
/mnt/data/admuser/msadepth/compreps/seedrep_cand/protenix/8xsi_HL/d8894/seed3_r1/results/8xsi_hl/seed_0/predictions/8xsi_hl_sample_3.cif,8xsi_HL,seed3_r1,8xsi_hl_sample_3.cif,0.17661
/mnt/data/admuser/msadepth/compreps/seedrep_cand/protenix/8xsi_HL/d8894/seed3_r1/results/8xsi_hl/seed_0/predictions/8xsi_hl_sample_4.cif,8xsi_HL,seed3_r1,8xsi_hl_sample_4.cif,0.17873
/mnt/data/admuser/msadepth/compreps/seedrep_cand/protenix/8xsi_HL/d8894/seed3_r2/results/8xsi_hl/seed_0/predictions/8xsi_hl_sample_0.cif,8xsi_HL,seed3_r2,8xsi_hl_sample_0.cif,0.49379
/mnt/data/admuser/msadepth/compreps/seedrep_cand/protenix/8xsi_HL/d8894/seed3_r2/results/8xsi_hl/seed_0/predictions/8xsi_hl_sample_1.cif,8xsi_HL,seed3_r2,8xsi_hl_sample_1.cif,0.49327
/mnt/data/admuser/msadepth/compreps/seedrep_cand/protenix/8xsi_HL/d8894/seed3_r2/results/8xsi_hl/seed_0/predictions/8xsi_hl_sample_2.cif,8xsi_HL,seed3_r2,8xsi_hl_sample_2.cif,0.49097
/mnt/data/admuser/msadepth/compreps/seedrep_cand/protenix/8xsi_HL/d8894/seed3_r2/results/8xsi_hl/seed_0/predictions/8xsi_hl_sample_3.cif,8xsi_HL,seed3_r2,8xsi_hl_sample_3.cif,0.46783
/mnt/data/admuser/msadepth/compreps/seedrep_cand/protenix/8xsi_HL/d8894/seed3_r2/results/8xsi_hl/seed_0/predictions/8xsi_hl_sample_4.cif,8xsi_HL,seed3_r2,8xsi_hl_sample_4.cif,0.4656
/mnt/data/admuser/msadepth/compreps/seedrep_cand/protenix/8xsi_HL/d8894/seed3_r3/results/8xsi_hl/seed_0/predictions/8xsi_hl_sample_0.cif,8xsi_HL,seed3_r3,8xsi_hl_sample_0.cif,0.66193
/mnt/data/admuser/msadepth/compreps/seedrep_cand/protenix/8xsi_HL/d8894/seed3_r3/results/8xsi_hl/seed_0/predictions/8xsi_hl_sample_1.cif,8xsi_HL,seed3_r3,8xsi_hl_sample_1.cif,0.66137
/mnt/data/admuser/msadepth/compreps/seedrep_cand/protenix/8xsi_HL/d8894/seed3_r3/results/8xsi_hl/seed_0/predictions/8xsi_hl_sample_2.cif,8xsi_HL,seed3_r3,8xsi_hl_sample_2.cif,0.66121
/mnt/data/admuser/msadepth/compreps/seedrep_cand/protenix/8xsi_HL/d8894/seed3_r3/results/8xsi_hl/seed_0/predictions/8xsi_hl_sample_3.cif,8xsi_HL,seed3_r3,8xsi_hl_sample_3.cif,0.66004
/mnt/data/admuser/msadepth/compreps/seedrep_cand/protenix/8xsi_HL/d8894/seed3_r3/results/8xsi_hl/seed_0/predictions/8xsi_hl_sample_4.cif,8xsi_HL,seed3_r3,8xsi_hl_sample_4.cif,0.66012
/mnt/data/admuser/msadepth/compreps/seedrep_cand/protenix/8xsi_HL/d8894/seed4_r0/results/8xsi_hl/seed_0/predictions/8xsi_hl_sample_0.cif,8xsi_HL,seed4_r0,8xsi_hl_sample_0.cif,0.45798
/mnt/data/admuser/msadepth/compreps/seedrep_cand/protenix/8xsi_HL/d8894/seed4_r0/results/8xsi_hl/seed_0/predictions/8xsi_hl_sample_1.cif,8xsi_HL,seed4_r0,8xsi_hl_sample_1.cif,0.45607
/mnt/data/admuser/msadepth/compreps/seedrep_cand/protenix/8xsi_HL/d8894/seed4_r0/results/8xsi_hl/seed_0/predictions/8xsi_hl_sample_2.cif,8xsi_HL,seed4_r0,8xsi_hl_sample_2.cif,0.4547
/mnt/data/admuser/msadepth/compreps/seedrep_cand/protenix/8xsi_HL/d8894/seed4_r0/results/8xsi_hl/seed_0/predictions/8xsi_hl_sample_3.cif,8xsi_HL,seed4_r0,8xsi_hl_sample_3.cif,0.45468
/mnt/data/admuser/msadepth/compreps/seedrep_cand/protenix/8xsi_HL/d8894/seed4_r0/results/8xsi_hl/seed_0/predictions/8xsi_hl_sample_4.cif,8xsi_HL,seed4_r0,8xsi_hl_sample_4.cif,0.45058
/mnt/data/admuser/msadepth/compreps/seedrep_cand/protenix/8xsi_HL/d8894/seed4_r1/results/8xsi_hl/seed_0/predictions/8xsi_hl_sample_0.cif,8xsi_HL,seed4_r1,8xsi_hl_sample_0.cif,0.45476
/mnt/data/admuser/msadepth/compreps/seedrep_cand/protenix/8xsi_HL/d8894/seed4_r1/results/8xsi_hl/seed_0/predictions/8xsi_hl_sample_1.cif,8xsi_HL,seed4_r1,8xsi_hl_sample_1.cif,0.45303
/mnt/data/admuser/msadepth/compreps/seedrep_cand/protenix/8xsi_HL/d8894/seed4_r1/results/8xsi_hl/seed_0/predictions/8xsi_hl_sample_2.cif,8xsi_HL,seed4_r1,8xsi_hl_sample_2.cif,0.45162
/mnt/data/admuser/msadepth/compreps/seedrep_cand/protenix/8xsi_HL/d8894/seed4_r1/results/8xsi_hl/seed_0/predictions/8xsi_hl_sample_3.cif,8xsi_HL,seed4_r1,8xsi_hl_sample_3.cif,0.45087
/mnt/data/admuser/msadepth/compreps/seedrep_cand/protenix/8xsi_HL/d8894/seed4_r1/results/8xsi_hl/seed_0/predictions/8xsi_hl_sample_4.cif,8xsi_HL,seed4_r1,8xsi_hl_sample_4.cif,0.44737
/mnt/data/admuser/msadepth/compreps/seedrep_cand/protenix/8xsi_HL/d8894/seed4_r2/results/8xsi_hl/seed_0/predictions/8xsi_hl_sample_0.cif,8xsi_HL,seed4_r2,8xsi_hl_sample_0.cif,0.3706
/mnt/data/admuser/msadepth/compreps/seedrep_cand/protenix/8xsi_HL/d8894/seed4_r2/results/8xsi_hl/seed_0/predictions/8xsi_hl_sample_1.cif,8xsi_HL,seed4_r2,8xsi_hl_sample_1.cif,0.36876
/mnt/data/admuser/msadepth/compreps/seedrep_cand/protenix/8xsi_HL/d8894/seed4_r2/results/8xsi_hl/seed_0/predictions/8xsi_hl_sample_2.cif,8xsi_HL,seed4_r2,8xsi_hl_sample_2.cif,0.36864
/mnt/data/admuser/msadepth/compreps/seedrep_cand/protenix/8xsi_HL/d8894/seed4_r2/results/8xsi_hl/seed_0/predictions/8xsi_hl_sample_3.cif,8xsi_HL,seed4_r2,8xsi_hl_sample_3.cif,0.36498
/mnt/data/admuser/msadepth/compreps/seedrep_cand/protenix/8xsi_HL/d8894/seed4_r2/results/8xsi_hl/seed_0/predictions/8xsi_hl_sample_4.cif,8xsi_HL,seed4_r2,8xsi_hl_sample_4.cif,0.36545
/mnt/data/admuser/msadepth/compreps/seedrep_cand/protenix/8xsi_HL/d8894/seed4_r3/results/8xsi_hl/seed_0/predictions/8xsi_hl_sample_0.cif,8xsi_HL,seed4_r3,8xsi_hl_sample_0.cif,0.46203
/mnt/data/admuser/msadepth/compreps/seedrep_cand/protenix/8xsi_HL/d8894/seed4_r3/results/8xsi_hl/seed_0/predictions/8xsi_hl_sample_1.cif,8xsi_HL,seed4_r3,8xsi_hl_sample_1.cif,0.46154
/mnt/data/admuser/msadepth/compreps/seedrep_cand/protenix/8xsi_HL/d8894/seed4_r3/results/8xsi_hl/seed_0/predictions/8xsi_hl_sample_2.cif,8xsi_HL,seed4_r3,8xsi_hl_sample_2.cif,0.46139
/mnt/data/admuser/msadepth/compreps/seedrep_cand/protenix/8xsi_HL/d8894/seed4_r3/results/8xsi_hl/seed_0/predictions/8xsi_hl_sample_3.cif,8xsi_HL,seed4_r3,8xsi_hl_sample_3.cif,0.46004
/mnt/data/admuser/msadepth/compreps/seedrep_cand/protenix/8xsi_HL/d8894/seed4_r3/results/8xsi_hl/seed_0/predictions/8xsi_hl_sample_4.cif,8xsi_HL,seed4_r3,8xsi_hl_sample_4.cif,0.45175
/mnt/data/admuser/msadepth/compreps/seedrep_cand/protenix/8xsi_HL/d8894/seed5_r0/results/8xsi_hl/seed_0/predictions/8xsi_hl_sample_0.cif,8xsi_HL,seed5_r0,8xsi_hl_sample_0.cif,0.47691
/mnt/data/admuser/msadepth/compreps/seedrep_cand/protenix/8xsi_HL/d8894/seed5_r0/results/8xsi_hl/seed_0/predictions/8xsi_hl_sample_1.cif,8xsi_HL,seed5_r0,8xsi_hl_sample_1.cif,0.47382
/mnt/data/admuser/msadepth/compreps/seedrep_cand/protenix/8xsi_HL/d8894/seed5_r0/results/8xsi_hl/seed_0/predictions/8xsi_hl_sample_2.cif,8xsi_HL,seed5_r0,8xsi_hl_sample_2.cif,0.47227
/mnt/data/admuser/msadepth/compreps/seedrep_cand/protenix/8xsi_HL/d8894/seed5_r0/results/8xsi_hl/seed_0/predictions/8xsi_hl_sample_3.cif,8xsi_HL,seed5_r0,8xsi_hl_sample_3.cif,0.46711
/mnt/data/admuser/msadepth/compreps/seedrep_cand/protenix/8xsi_HL/d8894/seed5_r0/results/8xsi_hl/seed_0/predictions/8xsi_hl_sample_4.cif,8xsi_HL,seed5_r0,8xsi_hl_sample_4.cif,0.46662
/mnt/data/admuser/msadepth/compreps/seedrep_cand/protenix/8xsi_HL/d8894/seed5_r1/results/8xsi_hl/seed_0/predictions/8xsi_hl_sample_0.cif,8xsi_HL,seed5_r1,8xsi_hl_sample_0.cif,0.52643
/mnt/data/admuser/msadepth/compreps/seedrep_cand/protenix/8xsi_HL/d8894/seed5_r1/results/8xsi_hl/seed_0/predictions/8xsi_hl_sample_1.cif,8xsi_HL,seed5_r1,8xsi_hl_sample_1.cif,0.52542
/mnt/data/admuser/msadepth/compreps/seedrep_cand/protenix/8xsi_HL/d8894/seed5_r1/results/8xsi_hl/seed_0/predictions/8xsi_hl_sample_2.cif,8xsi_HL,seed5_r1,8xsi_hl_sample_2.cif,0.52529
/mnt/data/admuser/msadepth/compreps/seedrep_cand/protenix/8xsi_HL/d8894/seed5_r1/results/8xsi_hl/seed_0/predictions/8xsi_hl_sample_3.cif,8xsi_HL,seed5_r1,8xsi_hl_sample_3.cif,0.52416
/mnt/data/admuser/msadepth/compreps/seedrep_cand/protenix/8xsi_HL/d8894/seed5_r1/results/8xsi_hl/seed_0/predictions/8xsi_hl_sample_4.cif,8xsi_HL,seed5_r1,8xsi_hl_sample_4.cif,0.52143
/mnt/data/admuser/msadepth/compreps/seedrep_cand/protenix/8xsi_HL/d8894/seed5_r2/results/8xsi_hl/seed_0/predictions/8xsi_hl_sample_0.cif,8xsi_HL,seed5_r2,8xsi_hl_sample_0.cif,0.41951
/mnt/data/admuser/msadepth/compreps/seedrep_cand/protenix/8xsi_HL/d8894/seed5_r2/results/8xsi_hl/seed_0/predictions/8xsi_hl_sample_1.cif,8xsi_HL,seed5_r2,8xsi_hl_sample_1.cif,0.4169
/mnt/data/admuser/msadepth/compreps/seedrep_cand/protenix/8xsi_HL/d8894/seed5_r2/results/8xsi_hl/seed_0/predictions/8xsi_hl_sample_2.cif,8xsi_HL,seed5_r2,8xsi_hl_sample_2.cif,0.41321
/mnt/data/admuser/msadepth/compreps/seedrep_cand/protenix/8xsi_HL/d8894/seed5_r2/results/8xsi_hl/seed_0/predictions/8xsi_hl_sample_3.cif,8xsi_HL,seed5_r2,8xsi_hl_sample_3.cif,0.41172
/mnt/data/admuser/msadepth/compreps/seedrep_cand/protenix/8xsi_HL/d8894/seed5_r2/results/8xsi_hl/seed_0/predictions/8xsi_hl_sample_4.cif,8xsi_HL,seed5_r2,8xsi_hl_sample_4.cif,0.4081
/mnt/data/admuser/msadepth/compreps/seedrep_cand/protenix/8xsi_HL/d8894/seed5_r3/results/8xsi_hl/seed_0/predictions/8xsi_hl_sample_0.cif,8xsi_HL,seed5_r3,8xsi_hl_sample_0.cif,0.45299
/mnt/data/admuser/msadepth/compreps/seedrep_cand/protenix/8xsi_HL/d8894/seed5_r3/results/8xsi_hl/seed_0/predictions/8xsi_hl_sample_1.cif,8xsi_HL,seed5_r3,8xsi_hl_sample_1.cif,0.45235
/mnt/data/admuser/msadepth/compreps/seedrep_cand/protenix/8xsi_HL/d8894/seed5_r3/results/8xsi_hl/seed_0/predictions/8xsi_hl_sample_2.cif,8xsi_HL,seed5_r3,8xsi_hl_sample_2.cif,0.45189
/mnt/data/admuser/msadepth/compreps/seedrep_cand/protenix/8xsi_HL/d8894/seed5_r3/results/8xsi_hl/seed_0/predictions/8xsi_hl_sample_3.cif,8xsi_HL,seed5_r3,8xsi_hl_sample_3.cif,0.45142
/mnt/data/admuser/msadepth/compreps/seedrep_cand/protenix/8xsi_HL/d8894/seed5_r3/results/8xsi_hl/seed_0/predictions/8xsi_hl_sample_4.cif,8xsi_HL,seed5_r3,8xsi_hl_sample_4.cif,0.44306
/mnt/data/admuser/msadepth/compreps/seedrep_cand/protenix/8xsi_HL/d8894/seedfull_r0/results/8xsi_hl/seed_0/predictions/8xsi_hl_sample_0.cif,8xsi_HL,seedfull_r0,8xsi_hl_sample_0.cif,0.4713
/mnt/data/admuser/msadepth/compreps/seedrep_cand/protenix/8xsi_HL/d8894/seedfull_r0/results/8xsi_hl/seed_0/predictions/8xsi_hl_sample_1.cif,8xsi_HL,seedfull_r0,8xsi_hl_sample_1.cif,0.46976
/mnt/data/admuser/msadepth/compreps/seedrep_cand/protenix/8xsi_HL/d8894/seedfull_r0/results/8xsi_hl/seed_0/predictions/8xsi_hl_sample_2.cif,8xsi_HL,seedfull_r0,8xsi_hl_sample_2.cif,0.46887
/mnt/data/admuser/msadepth/compreps/seedrep_cand/protenix/8xsi_HL/d8894/seedfull_r0/results/8xsi_hl/seed_0/predictions/8xsi_hl_sample_3.cif,8xsi_HL,seedfull_r0,8xsi_hl_sample_3.cif,0.46832
/mnt/data/admuser/msadepth/compreps/seedrep_cand/protenix/8xsi_HL/d8894/seedfull_r0/results/8xsi_hl/seed_0/predictions/8xsi_hl_sample_4.cif,8xsi_HL,seedfull_r0,8xsi_hl_sample_4.cif,0.46694
/mnt/data/admuser/msadepth/compreps/seedrep_cand/protenix/8xsi_HL/d8894/seedfull_r1/results/8xsi_hl/seed_0/predictions/8xsi_hl_sample_0.cif,8xsi_HL,seedfull_r1,8xsi_hl_sample_0.cif,0.48634
/mnt/data/admuser/msadepth/compreps/seedrep_cand/protenix/8xsi_HL/d8894/seedfull_r1/results/8xsi_hl/seed_0/predictions/8xsi_hl_sample_1.cif,8xsi_HL,seedfull_r1,8xsi_hl_sample_1.cif,0.48599
/mnt/data/admuser/msadepth/compreps/seedrep_cand/protenix/8xsi_HL/d8894/seedfull_r1/results/8xsi_hl/seed_0/predictions/8xsi_hl_sample_2.cif,8xsi_HL,seedfull_r1,8xsi_hl_sample_2.cif,0.48433
/mnt/data/admuser/msadepth/compreps/seedrep_cand/protenix/8xsi_HL/d8894/seedfull_r1/results/8xsi_hl/seed_0/predictions/8xsi_hl_sample_3.cif,8xsi_HL,seedfull_r1,8xsi_hl_sample_3.cif,0.48085
/mnt/data/admuser/msadepth/compreps/seedrep_cand/protenix/8xsi_HL/d8894/seedfull_r1/results/8xsi_hl/seed_0/predictions/8xsi_hl_sample_4.cif,8xsi_HL,seedfull_r1,8xsi_hl_sample_4.cif,0.47659
/mnt/data/admuser/msadepth/compreps/seedrep_cand/protenix/8xsi_HL/d8894/seedfull_r2/results/8xsi_hl/seed_0/predictions/8xsi_hl_sample_0.cif,8xsi_HL,seedfull_r2,8xsi_hl_sample_0.cif,0.61568
/mnt/data/admuser/msadepth/compreps/seedrep_cand/protenix/8xsi_HL/d8894/seedfull_r2/results/8xsi_hl/seed_0/predictions/8xsi_hl_sample_1.cif,8xsi_HL,seedfull_r2,8xsi_hl_sample_1.cif,0.6051
/mnt/data/admuser/msadepth/compreps/seedrep_cand/protenix/8xsi_HL/d8894/seedfull_r2/results/8xsi_hl/seed_0/predictions/8xsi_hl_sample_2.cif,8xsi_HL,seedfull_r2,8xsi_hl_sample_2.cif,0.60223
/mnt/data/admuser/msadepth/compreps/seedrep_cand/protenix/8xsi_HL/d8894/seedfull_r2/results/8xsi_hl/seed_0/predictions/8xsi_hl_sample_3.cif,8xsi_HL,seedfull_r2,8xsi_hl_sample_3.cif,0.59154
/mnt/data/admuser/msadepth/compreps/seedrep_cand/protenix/8xsi_HL/d8894/seedfull_r2/results/8xsi_hl/seed_0/predictions/8xsi_hl_sample_4.cif,8xsi_HL,seedfull_r2,8xsi_hl_sample_4.cif,0.5893
/mnt/data/admuser/msadepth/compreps/seedrep_cand/protenix/8xsi_HL/d8894/seedfull_r3/results/8xsi_hl/seed_0/predictions/8xsi_hl_sample_0.cif,8xsi_HL,seedfull_r3,8xsi_hl_sample_0.cif,0.48956
/mnt/data/admuser/msadepth/compreps/seedrep_cand/protenix/8xsi_HL/d8894/seedfull_r3/results/8xsi_hl/seed_0/predictions/8xsi_hl_sample_1.cif,8xsi_HL,seedfull_r3,8xsi_hl_sample_1.cif,0.48894
/mnt/data/admuser/msadepth/compreps/seedrep_cand/protenix/8xsi_HL/d8894/seedfull_r3/results/8xsi_hl/seed_0/predictions/8xsi_hl_sample_2.cif,8xsi_HL,seedfull_r3,8xsi_hl_sample_2.cif,0.48561
/mnt/data/admuser/msadepth/compreps/seedrep_cand/protenix/8xsi_HL/d8894/seedfull_r3/results/8xsi_hl/seed_0/predictions/8xsi_hl_sample_3.cif,8xsi_HL,seedfull_r3,8xsi_hl_sample_3.cif,0.48408
/mnt/data/admuser/msadepth/compreps/seedrep_cand/protenix/8xsi_HL/d8894/seedfull_r3/results/8xsi_hl/seed_0/predictions/8xsi_hl_sample_4.cif,8xsi_HL,seedfull_r3,8xsi_hl_sample_4.cif,0.46679
/mnt/data/admuser/msadepth/compreps/seedrep_cand/protenix/8xsi_HL/d8894/seedfull_r4/results/8xsi_hl/seed_0/predictions/8xsi_hl_sample_0.cif,8xsi_HL,seedfull_r4,8xsi_hl_sample_0.cif,0.51396
/mnt/data/admuser/msadepth/compreps/seedrep_cand/protenix/8xsi_HL/d8894/seedfull_r4/results/8xsi_hl/seed_0/predictions/8xsi_hl_sample_1.cif,8xsi_HL,seedfull_r4,8xsi_hl_sample_1.cif,0.51006
/mnt/data/admuser/msadepth/compreps/seedrep_cand/protenix/8xsi_HL/d8894/seedfull_r4/results/8xsi_hl/seed_0/predictions/8xsi_hl_sample_2.cif,8xsi_HL,seedfull_r4,8xsi_hl_sample_2.cif,0.50779
/mnt/data/admuser/msadepth/compreps/seedrep_cand/protenix/8xsi_HL/d8894/seedfull_r4/results/8xsi_hl/seed_0/predictions/8xsi_hl_sample_3.cif,8xsi_HL,seedfull_r4,8xsi_hl_sample_3.cif,0.49528
/mnt/data/admuser/msadepth/compreps/seedrep_cand/protenix/8xsi_HL/d8894/seedfull_r4/results/8xsi_hl/seed_0/predictions/8xsi_hl_sample_4.cif,8xsi_HL,seedfull_r4,8xsi_hl_sample_4.cif,0.49479
/mnt/data/admuser/msadepth/compreps/seedrep_cand/protenix/8xsi_HL/d8894/seedfull_r5/results/8xsi_hl/seed_0/predictions/8xsi_hl_sample_0.cif,8xsi_HL,seedfull_r5,8xsi_hl_sample_0.cif,0.51154
/mnt/data/admuser/msadepth/compreps/seedrep_cand/protenix/8xsi_HL/d8894/seedfull_r5/results/8xsi_hl/seed_0/predictions/8xsi_hl_sample_1.cif,8xsi_HL,seedfull_r5,8xsi_hl_sample_1.cif,0.50864
/mnt/data/admuser/msadepth/compreps/seedrep_cand/protenix/8xsi_HL/d8894/seedfull_r5/results/8xsi_hl/seed_0/predictions/8xsi_hl_sample_2.cif,8xsi_HL,seedfull_r5,8xsi_hl_sample_2.cif,0.50657
/mnt/data/admuser/msadepth/compreps/seedrep_cand/protenix/8xsi_HL/d8894/seedfull_r5/results/8xsi_hl/seed_0/predictions/8xsi_hl_sample_3.cif,8xsi_HL,seedfull_r5,8xsi_hl_sample_3.cif,0.50147
/mnt/data/admuser/msadepth/compreps/seedrep_cand/protenix/8xsi_HL/d8894/seedfull_r5/results/8xsi_hl/seed_0/predictions/8xsi_hl_sample_4.cif,8xsi_HL,seedfull_r5,8xsi_hl_sample_4.cif,0.49958
/mnt/data/admuser/msadepth/compreps/seedrep_cand/protenix/8xsi_HL/d8894/seedfull_r6/results/8xsi_hl/seed_0/predictions/8xsi_hl_sample_0.cif,8xsi_HL,seedfull_r6,8xsi_hl_sample_0.cif,0.43938
/mnt/data/admuser/msadepth/compreps/seedrep_cand/protenix/8xsi_HL/d8894/seedfull_r6/results/8xsi_hl/seed_0/predictions/8xsi_hl_sample_1.cif,8xsi_HL,seedfull_r6,8xsi_hl_sample_1.cif,0.43249
/mnt/data/admuser/msadepth/compreps/seedrep_cand/protenix/8xsi_HL/d8894/seedfull_r6/results/8xsi_hl/seed_0/predictions/8xsi_hl_sample_2.cif,8xsi_HL,seedfull_r6,8xsi_hl_sample_2.cif,0.431
/mnt/data/admuser/msadepth/compreps/seedrep_cand/protenix/8xsi_HL/d8894/seedfull_r6/results/8xsi_hl/seed_0/predictions/8xsi_hl_sample_3.cif,8xsi_HL,seedfull_r6,8xsi_hl_sample_3.cif,0.42614
/mnt/data/admuser/msadepth/compreps/seedrep_cand/protenix/8xsi_HL/d8894/seedfull_r6/results/8xsi_hl/seed_0/predictions/8xsi_hl_sample_4.cif,8xsi_HL,seedfull_r6,8xsi_hl_sample_4.cif,0.42265
/mnt/data/admuser/msadepth/compreps/seedrep_cand/protenix/8xsi_HL/d8894/seedfull_r7/results/8xsi_hl/seed_0/predictions/8xsi_hl_sample_0.cif,8xsi_HL,seedfull_r7,8xsi_hl_sample_0.cif,0.49988
/mnt/data/admuser/msadepth/compreps/seedrep_cand/protenix/8xsi_HL/d8894/seedfull_r7/results/8xsi_hl/seed_0/predictions/8xsi_hl_sample_1.cif,8xsi_HL,seedfull_r7,8xsi_hl_sample_1.cif,0.49755
/mnt/data/admuser/msadepth/compreps/seedrep_cand/protenix/8xsi_HL/d8894/seedfull_r7/results/8xsi_hl/seed_0/predictions/8xsi_hl_sample_2.cif,8xsi_HL,seedfull_r7,8xsi_hl_sample_2.cif,0.49079
/mnt/data/admuser/msadepth/compreps/seedrep_cand/protenix/8xsi_HL/d8894/seedfull_r7/results/8xsi_hl/seed_0/predictions/8xsi_hl_sample_3.cif,8xsi_HL,seedfull_r7,8xsi_hl_sample_3.cif,0.48995
/mnt/data/admuser/msadepth/compreps/seedrep_cand/protenix/8xsi_HL/d8894/seedfull_r7/results/8xsi_hl/seed_0/predictions/8xsi_hl_sample_4.cif,8xsi_HL,seedfull_r7,8xsi_hl_sample_4.cif,0.48791
/mnt/data/admuser/msadepth/compreps/seedrep_cand/protenix/9azr_HL/d552/seed0_r0/results/9azr_hl/seed_0/predictions/9azr_hl_sample_0.cif,9azr_HL,seed0_r0,9azr_hl_sample_0.cif,0.17655
/mnt/data/admuser/msadepth/compreps/seedrep_cand/protenix/9azr_HL/d552/seed0_r0/results/9azr_hl/seed_0/predictions/9azr_hl_sample_1.cif,9azr_HL,seed0_r0,9azr_hl_sample_1.cif,0.17388
/mnt/data/admuser/msadepth/compreps/seedrep_cand/protenix/9azr_HL/d552/seed0_r0/results/9azr_hl/seed_0/predictions/9azr_hl_sample_2.cif,9azr_HL,seed0_r0,9azr_hl_sample_2.cif,0.17405
/mnt/data/admuser/msadepth/compreps/seedrep_cand/protenix/9azr_HL/d552/seed0_r0/results/9azr_hl/seed_0/predictions/9azr_hl_sample_3.cif,9azr_HL,seed0_r0,9azr_hl_sample_3.cif,0.17305
/mnt/data/admuser/msadepth/compreps/seedrep_cand/protenix/9azr_HL/d552/seed0_r0/results/9azr_hl/seed_0/predictions/9azr_hl_sample_4.cif,9azr_HL,seed0_r0,9azr_hl_sample_4.cif,0.17122
/mnt/data/admuser/msadepth/compreps/seedrep_cand/protenix/9azr_HL/d552/seed0_r1/results/9azr_hl/seed_0/predictions/9azr_hl_sample_0.cif,9azr_HL,seed0_r1,9azr_hl_sample_0.cif,0.1918
/mnt/data/admuser/msadepth/compreps/seedrep_cand/protenix/9azr_HL/d552/seed0_r1/results/9azr_hl/seed_0/predictions/9azr_hl_sample_1.cif,9azr_HL,seed0_r1,9azr_hl_sample_1.cif,0.18577
/mnt/data/admuser/msadepth/compreps/seedrep_cand/protenix/9azr_HL/d552/seed0_r1/results/9azr_hl/seed_0/predictions/9azr_hl_sample_2.cif,9azr_HL,seed0_r1,9azr_hl_sample_2.cif,0.18571
/mnt/data/admuser/msadepth/compreps/seedrep_cand/protenix/9azr_HL/d552/seed0_r1/results/9azr_hl/seed_0/predictions/9azr_hl_sample_3.cif,9azr_HL,seed0_r1,9azr_hl_sample_3.cif,0.18227
/mnt/data/admuser/msadepth/compreps/seedrep_cand/protenix/9azr_HL/d552/seed0_r1/results/9azr_hl/seed_0/predictions/9azr_hl_sample_4.cif,9azr_HL,seed0_r1,9azr_hl_sample_4.cif,0.17579
/mnt/data/admuser/msadepth/compreps/seedrep_cand/protenix/9azr_HL/d552/seed0_r2/results/9azr_hl/seed_0/predictions/9azr_hl_sample_0.cif,9azr_HL,seed0_r2,9azr_hl_sample_0.cif,0.34885
/mnt/data/admuser/msadepth/compreps/seedrep_cand/protenix/9azr_HL/d552/seed0_r2/results/9azr_hl/seed_0/predictions/9azr_hl_sample_1.cif,9azr_HL,seed0_r2,9azr_hl_sample_1.cif,0.34372
/mnt/data/admuser/msadepth/compreps/seedrep_cand/protenix/9azr_HL/d552/seed0_r2/results/9azr_hl/seed_0/predictions/9azr_hl_sample_2.cif,9azr_HL,seed0_r2,9azr_hl_sample_2.cif,0.34122
/mnt/data/admuser/msadepth/compreps/seedrep_cand/protenix/9azr_HL/d552/seed0_r2/results/9azr_hl/seed_0/predictions/9azr_hl_sample_3.cif,9azr_HL,seed0_r2,9azr_hl_sample_3.cif,0.33782
/mnt/data/admuser/msadepth/compreps/seedrep_cand/protenix/9azr_HL/d552/seed0_r2/results/9azr_hl/seed_0/predictions/9azr_hl_sample_4.cif,9azr_HL,seed0_r2,9azr_hl_sample_4.cif,0.31269
/mnt/data/admuser/msadepth/compreps/seedrep_cand/protenix/9azr_HL/d552/seed0_r3/results/9azr_hl/seed_0/predictions/9azr_hl_sample_0.cif,9azr_HL,seed0_r3,9azr_hl_sample_0.cif,0.22462
/mnt/data/admuser/msadepth/compreps/seedrep_cand/protenix/9azr_HL/d552/seed0_r3/results/9azr_hl/seed_0/predictions/9azr_hl_sample_1.cif,9azr_HL,seed0_r3,9azr_hl_sample_1.cif,0.22189
/mnt/data/admuser/msadepth/compreps/seedrep_cand/protenix/9azr_HL/d552/seed0_r3/results/9azr_hl/seed_0/predictions/9azr_hl_sample_2.cif,9azr_HL,seed0_r3,9azr_hl_sample_2.cif,0.22084
/mnt/data/admuser/msadepth/compreps/seedrep_cand/protenix/9azr_HL/d552/seed0_r3/results/9azr_hl/seed_0/predictions/9azr_hl_sample_3.cif,9azr_HL,seed0_r3,9azr_hl_sample_3.cif,0.21771
/mnt/data/admuser/msadepth/compreps/seedrep_cand/protenix/9azr_HL/d552/seed0_r3/results/9azr_hl/seed_0/predictions/9azr_hl_sample_4.cif,9azr_HL,seed0_r3,9azr_hl_sample_4.cif,0.18674
/mnt/data/admuser/msadepth/compreps/seedrep_cand/protenix/9azr_HL/d552/seed1_r0/results/9azr_hl/seed_0/predictions/9azr_hl_sample_0.cif,9azr_HL,seed1_r0,9azr_hl_sample_0.cif,0.44157
/mnt/data/admuser/msadepth/compreps/seedrep_cand/protenix/9azr_HL/d552/seed1_r0/results/9azr_hl/seed_0/predictions/9azr_hl_sample_1.cif,9azr_HL,seed1_r0,9azr_hl_sample_1.cif,0.44055
/mnt/data/admuser/msadepth/compreps/seedrep_cand/protenix/9azr_HL/d552/seed1_r0/results/9azr_hl/seed_0/predictions/9azr_hl_sample_2.cif,9azr_HL,seed1_r0,9azr_hl_sample_2.cif,0.43868
/mnt/data/admuser/msadepth/compreps/seedrep_cand/protenix/9azr_HL/d552/seed1_r0/results/9azr_hl/seed_0/predictions/9azr_hl_sample_3.cif,9azr_HL,seed1_r0,9azr_hl_sample_3.cif,0.43537
/mnt/data/admuser/msadepth/compreps/seedrep_cand/protenix/9azr_HL/d552/seed1_r0/results/9azr_hl/seed_0/predictions/9azr_hl_sample_4.cif,9azr_HL,seed1_r0,9azr_hl_sample_4.cif,0.43371
/mnt/data/admuser/msadepth/compreps/seedrep_cand/protenix/9azr_HL/d552/seed1_r1/results/9azr_hl/seed_0/predictions/9azr_hl_sample_0.cif,9azr_HL,seed1_r1,9azr_hl_sample_0.cif,0.43334
/mnt/data/admuser/msadepth/compreps/seedrep_cand/protenix/9azr_HL/d552/seed1_r1/results/9azr_hl/seed_0/predictions/9azr_hl_sample_1.cif,9azr_HL,seed1_r1,9azr_hl_sample_1.cif,0.43406
/mnt/data/admuser/msadepth/compreps/seedrep_cand/protenix/9azr_HL/d552/seed1_r1/results/9azr_hl/seed_0/predictions/9azr_hl_sample_2.cif,9azr_HL,seed1_r1,9azr_hl_sample_2.cif,0.43187
/mnt/data/admuser/msadepth/compreps/seedrep_cand/protenix/9azr_HL/d552/seed1_r1/results/9azr_hl/seed_0/predictions/9azr_hl_sample_3.cif,9azr_HL,seed1_r1,9azr_hl_sample_3.cif,0.43076
/mnt/data/admuser/msadepth/compreps/seedrep_cand/protenix/9azr_HL/d552/seed1_r1/results/9azr_hl/seed_0/predictions/9azr_hl_sample_4.cif,9azr_HL,seed1_r1,9azr_hl_sample_4.cif,0.4284
/mnt/data/admuser/msadepth/compreps/seedrep_cand/protenix/9azr_HL/d552/seed1_r2/results/9azr_hl/seed_0/predictions/9azr_hl_sample_0.cif,9azr_HL,seed1_r2,9azr_hl_sample_0.cif,0.46498
/mnt/data/admuser/msadepth/compreps/seedrep_cand/protenix/9azr_HL/d552/seed1_r2/results/9azr_hl/seed_0/predictions/9azr_hl_sample_1.cif,9azr_HL,seed1_r2,9azr_hl_sample_1.cif,0.46347
/mnt/data/admuser/msadepth/compreps/seedrep_cand/protenix/9azr_HL/d552/seed1_r2/results/9azr_hl/seed_0/predictions/9azr_hl_sample_2.cif,9azr_HL,seed1_r2,9azr_hl_sample_2.cif,0.46362
/mnt/data/admuser/msadepth/compreps/seedrep_cand/protenix/9azr_HL/d552/seed1_r2/results/9azr_hl/seed_0/predictions/9azr_hl_sample_3.cif,9azr_HL,seed1_r2,9azr_hl_sample_3.cif,0.46187
/mnt/data/admuser/msadepth/compreps/seedrep_cand/protenix/9azr_HL/d552/seed1_r2/results/9azr_hl/seed_0/predictions/9azr_hl_sample_4.cif,9azr_HL,seed1_r2,9azr_hl_sample_4.cif,0.45926
/mnt/data/admuser/msadepth/compreps/seedrep_cand/protenix/9azr_HL/d552/seed1_r3/results/9azr_hl/seed_0/predictions/9azr_hl_sample_0.cif,9azr_HL,seed1_r3,9azr_hl_sample_0.cif,0.4483
/mnt/data/admuser/msadepth/compreps/seedrep_cand/protenix/9azr_HL/d552/seed1_r3/results/9azr_hl/seed_0/predictions/9azr_hl_sample_1.cif,9azr_HL,seed1_r3,9azr_hl_sample_1.cif,0.44798
/mnt/data/admuser/msadepth/compreps/seedrep_cand/protenix/9azr_HL/d552/seed1_r3/results/9azr_hl/seed_0/predictions/9azr_hl_sample_2.cif,9azr_HL,seed1_r3,9azr_hl_sample_2.cif,0.44869
/mnt/data/admuser/msadepth/compreps/seedrep_cand/protenix/9azr_HL/d552/seed1_r3/results/9azr_hl/seed_0/predictions/9azr_hl_sample_3.cif,9azr_HL,seed1_r3,9azr_hl_sample_3.cif,0.446
/mnt/data/admuser/msadepth/compreps/seedrep_cand/protenix/9azr_HL/d552/seed1_r3/results/9azr_hl/seed_0/predictions/9azr_hl_sample_4.cif,9azr_HL,seed1_r3,9azr_hl_sample_4.cif,0.44428
/mnt/data/admuser/msadepth/compreps/seedrep_cand/protenix/9azr_HL/d552/seed2_r0/results/9azr_hl/seed_0/predictions/9azr_hl_sample_0.cif,9azr_HL,seed2_r0,9azr_hl_sample_0.cif,0.49207
/mnt/data/admuser/msadepth/compreps/seedrep_cand/protenix/9azr_HL/d552/seed2_r0/results/9azr_hl/seed_0/predictions/9azr_hl_sample_1.cif,9azr_HL,seed2_r0,9azr_hl_sample_1.cif,0.4897
/mnt/data/admuser/msadepth/compreps/seedrep_cand/protenix/9azr_HL/d552/seed2_r0/results/9azr_hl/seed_0/predictions/9azr_hl_sample_2.cif,9azr_HL,seed2_r0,9azr_hl_sample_2.cif,0.48131
/mnt/data/admuser/msadepth/compreps/seedrep_cand/protenix/9azr_HL/d552/seed2_r0/results/9azr_hl/seed_0/predictions/9azr_hl_sample_3.cif,9azr_HL,seed2_r0,9azr_hl_sample_3.cif,0.4748
/mnt/data/admuser/msadepth/compreps/seedrep_cand/protenix/9azr_HL/d552/seed2_r0/results/9azr_hl/seed_0/predictions/9azr_hl_sample_4.cif,9azr_HL,seed2_r0,9azr_hl_sample_4.cif,0.46039
/mnt/data/admuser/msadepth/compreps/seedrep_cand/protenix/9azr_HL/d552/seed2_r1/results/9azr_hl/seed_0/predictions/9azr_hl_sample_0.cif,9azr_HL,seed2_r1,9azr_hl_sample_0.cif,0.3952
/mnt/data/admuser/msadepth/compreps/seedrep_cand/protenix/9azr_HL/d552/seed2_r1/results/9azr_hl/seed_0/predictions/9azr_hl_sample_1.cif,9azr_HL,seed2_r1,9azr_hl_sample_1.cif,0.39068
/mnt/data/admuser/msadepth/compreps/seedrep_cand/protenix/9azr_HL/d552/seed2_r1/results/9azr_hl/seed_0/predictions/9azr_hl_sample_2.cif,9azr_HL,seed2_r1,9azr_hl_sample_2.cif,0.38361
/mnt/data/admuser/msadepth/compreps/seedrep_cand/protenix/9azr_HL/d552/seed2_r1/results/9azr_hl/seed_0/predictions/9azr_hl_sample_3.cif,9azr_HL,seed2_r1,9azr_hl_sample_3.cif,0.38346
/mnt/data/admuser/msadepth/compreps/seedrep_cand/protenix/9azr_HL/d552/seed2_r1/results/9azr_hl/seed_0/predictions/9azr_hl_sample_4.cif,9azr_HL,seed2_r1,9azr_hl_sample_4.cif,0.38227
/mnt/data/admuser/msadepth/compreps/seedrep_cand/protenix/9azr_HL/d552/seed2_r2/results/9azr_hl/seed_0/predictions/9azr_hl_sample_0.cif,9azr_HL,seed2_r2,9azr_hl_sample_0.cif,0.30794
/mnt/data/admuser/msadepth/compreps/seedrep_cand/protenix/9azr_HL/d552/seed2_r2/results/9azr_hl/seed_0/predictions/9azr_hl_sample_1.cif,9azr_HL,seed2_r2,9azr_hl_sample_1.cif,0.30735
/mnt/data/admuser/msadepth/compreps/seedrep_cand/protenix/9azr_HL/d552/seed2_r2/results/9azr_hl/seed_0/predictions/9azr_hl_sample_2.cif,9azr_HL,seed2_r2,9azr_hl_sample_2.cif,0.30787
/mnt/data/admuser/msadepth/compreps/seedrep_cand/protenix/9azr_HL/d552/seed2_r2/results/9azr_hl/seed_0/predictions/9azr_hl_sample_3.cif,9azr_HL,seed2_r2,9azr_hl_sample_3.cif,0.30694
/mnt/data/admuser/msadepth/compreps/seedrep_cand/protenix/9azr_HL/d552/seed2_r2/results/9azr_hl/seed_0/predictions/9azr_hl_sample_4.cif,9azr_HL,seed2_r2,9azr_hl_sample_4.cif,0.30373
/mnt/data/admuser/msadepth/compreps/seedrep_cand/protenix/9azr_HL/d552/seed2_r3/results/9azr_hl/seed_0/predictions/9azr_hl_sample_0.cif,9azr_HL,seed2_r3,9azr_hl_sample_0.cif,0.69316
/mnt/data/admuser/msadepth/compreps/seedrep_cand/protenix/9azr_HL/d552/seed2_r3/results/9azr_hl/seed_0/predictions/9azr_hl_sample_1.cif,9azr_HL,seed2_r3,9azr_hl_sample_1.cif,0.68814
/mnt/data/admuser/msadepth/compreps/seedrep_cand/protenix/9azr_HL/d552/seed2_r3/results/9azr_hl/seed_0/predictions/9azr_hl_sample_2.cif,9azr_HL,seed2_r3,9azr_hl_sample_2.cif,0.6875
/mnt/data/admuser/msadepth/compreps/seedrep_cand/protenix/9azr_HL/d552/seed2_r3/results/9azr_hl/seed_0/predictions/9azr_hl_sample_3.cif,9azr_HL,seed2_r3,9azr_hl_sample_3.cif,0.68734
/mnt/data/admuser/msadepth/compreps/seedrep_cand/protenix/9azr_HL/d552/seed2_r3/results/9azr_hl/seed_0/predictions/9azr_hl_sample_4.cif,9azr_HL,seed2_r3,9azr_hl_sample_4.cif,0.68593
/mnt/data/admuser/msadepth/compreps/seedrep_cand/protenix/9azr_HL/d552/seed3_r0/results/9azr_hl/seed_0/predictions/9azr_hl_sample_0.cif,9azr_HL,seed3_r0,9azr_hl_sample_0.cif,0.58099
/mnt/data/admuser/msadepth/compreps/seedrep_cand/protenix/9azr_HL/d552/seed3_r0/results/9azr_hl/seed_0/predictions/9azr_hl_sample_1.cif,9azr_HL,seed3_r0,9azr_hl_sample_1.cif,0.57579
/mnt/data/admuser/msadepth/compreps/seedrep_cand/protenix/9azr_HL/d552/seed3_r0/results/9azr_hl/seed_0/predictions/9azr_hl_sample_2.cif,9azr_HL,seed3_r0,9azr_hl_sample_2.cif,0.57399
/mnt/data/admuser/msadepth/compreps/seedrep_cand/protenix/9azr_HL/d552/seed3_r0/results/9azr_hl/seed_0/predictions/9azr_hl_sample_3.cif,9azr_HL,seed3_r0,9azr_hl_sample_3.cif,0.57454
/mnt/data/admuser/msadepth/compreps/seedrep_cand/protenix/9azr_HL/d552/seed3_r0/results/9azr_hl/seed_0/predictions/9azr_hl_sample_4.cif,9azr_HL,seed3_r0,9azr_hl_sample_4.cif,0.56804
/mnt/data/admuser/msadepth/compreps/seedrep_cand/protenix/9azr_HL/d552/seed3_r1/results/9azr_hl/seed_0/predictions/9azr_hl_sample_0.cif,9azr_HL,seed3_r1,9azr_hl_sample_0.cif,0.5558
/mnt/data/admuser/msadepth/compreps/seedrep_cand/protenix/9azr_HL/d552/seed3_r1/results/9azr_hl/seed_0/predictions/9azr_hl_sample_1.cif,9azr_HL,seed3_r1,9azr_hl_sample_1.cif,0.55303
/mnt/data/admuser/msadepth/compreps/seedrep_cand/protenix/9azr_HL/d552/seed3_r1/results/9azr_hl/seed_0/predictions/9azr_hl_sample_2.cif,9azr_HL,seed3_r1,9azr_hl_sample_2.cif,0.55057
/mnt/data/admuser/msadepth/compreps/seedrep_cand/protenix/9azr_HL/d552/seed3_r1/results/9azr_hl/seed_0/predictions/9azr_hl_sample_3.cif,9azr_HL,seed3_r1,9azr_hl_sample_3.cif,0.54976
/mnt/data/admuser/msadepth/compreps/seedrep_cand/protenix/9azr_HL/d552/seed3_r1/results/9azr_hl/seed_0/predictions/9azr_hl_sample_4.cif,9azr_HL,seed3_r1,9azr_hl_sample_4.cif,0.54658
/mnt/data/admuser/msadepth/compreps/seedrep_cand/protenix/9azr_HL/d552/seed3_r2/results/9azr_hl/seed_0/predictions/9azr_hl_sample_0.cif,9azr_HL,seed3_r2,9azr_hl_sample_0.cif,0.5395
/mnt/data/admuser/msadepth/compreps/seedrep_cand/protenix/9azr_HL/d552/seed3_r2/results/9azr_hl/seed_0/predictions/9azr_hl_sample_1.cif,9azr_HL,seed3_r2,9azr_hl_sample_1.cif,0.53711
/mnt/data/admuser/msadepth/compreps/seedrep_cand/protenix/9azr_HL/d552/seed3_r2/results/9azr_hl/seed_0/predictions/9azr_hl_sample_2.cif,9azr_HL,seed3_r2,9azr_hl_sample_2.cif,0.53668
/mnt/data/admuser/msadepth/compreps/seedrep_cand/protenix/9azr_HL/d552/seed3_r2/results/9azr_hl/seed_0/predictions/9azr_hl_sample_3.cif,9azr_HL,seed3_r2,9azr_hl_sample_3.cif,0.53441
/mnt/data/admuser/msadepth/compreps/seedrep_cand/protenix/9azr_HL/d552/seed3_r2/results/9azr_hl/seed_0/predictions/9azr_hl_sample_4.cif,9azr_HL,seed3_r2,9azr_hl_sample_4.cif,0.52513
/mnt/data/admuser/msadepth/compreps/seedrep_cand/protenix/9azr_HL/d552/seed3_r3/results/9azr_hl/seed_0/predictions/9azr_hl_sample_0.cif,9azr_HL,seed3_r3,9azr_hl_sample_0.cif,0.5358
/mnt/data/admuser/msadepth/compreps/seedrep_cand/protenix/9azr_HL/d552/seed3_r3/results/9azr_hl/seed_0/predictions/9azr_hl_sample_1.cif,9azr_HL,seed3_r3,9azr_hl_sample_1.cif,0.52933
/mnt/data/admuser/msadepth/compreps/seedrep_cand/protenix/9azr_HL/d552/seed3_r3/results/9azr_hl/seed_0/predictions/9azr_hl_sample_2.cif,9azr_HL,seed3_r3,9azr_hl_sample_2.cif,0.52861
/mnt/data/admuser/msadepth/compreps/seedrep_cand/protenix/9azr_HL/d552/seed3_r3/results/9azr_hl/seed_0/predictions/9azr_hl_sample_3.cif,9azr_HL,seed3_r3,9azr_hl_sample_3.cif,0.52481
/mnt/data/admuser/msadepth/compreps/seedrep_cand/protenix/9azr_HL/d552/seed3_r3/results/9azr_hl/seed_0/predictions/9azr_hl_sample_4.cif,9azr_HL,seed3_r3,9azr_hl_sample_4.cif,0.52095
/mnt/data/admuser/msadepth/compreps/seedrep_cand/protenix/9azr_HL/d552/seed4_r0/results/9azr_hl/seed_0/predictions/9azr_hl_sample_0.cif,9azr_HL,seed4_r0,9azr_hl_sample_0.cif,0.56069
/mnt/data/admuser/msadepth/compreps/seedrep_cand/protenix/9azr_HL/d552/seed4_r0/results/9azr_hl/seed_0/predictions/9azr_hl_sample_1.cif,9azr_HL,seed4_r0,9azr_hl_sample_1.cif,0.55737
/mnt/data/admuser/msadepth/compreps/seedrep_cand/protenix/9azr_HL/d552/seed4_r0/results/9azr_hl/seed_0/predictions/9azr_hl_sample_2.cif,9azr_HL,seed4_r0,9azr_hl_sample_2.cif,0.54488
/mnt/data/admuser/msadepth/compreps/seedrep_cand/protenix/9azr_HL/d552/seed4_r0/results/9azr_hl/seed_0/predictions/9azr_hl_sample_3.cif,9azr_HL,seed4_r0,9azr_hl_sample_3.cif,0.54278
/mnt/data/admuser/msadepth/compreps/seedrep_cand/protenix/9azr_HL/d552/seed4_r0/results/9azr_hl/seed_0/predictions/9azr_hl_sample_4.cif,9azr_HL,seed4_r0,9azr_hl_sample_4.cif,0.52751
/mnt/data/admuser/msadepth/compreps/seedrep_cand/protenix/9azr_HL/d552/seed4_r1/results/9azr_hl/seed_0/predictions/9azr_hl_sample_0.cif,9azr_HL,seed4_r1,9azr_hl_sample_0.cif,0.46404
/mnt/data/admuser/msadepth/compreps/seedrep_cand/protenix/9azr_HL/d552/seed4_r1/results/9azr_hl/seed_0/predictions/9azr_hl_sample_1.cif,9azr_HL,seed4_r1,9azr_hl_sample_1.cif,0.46213
/mnt/data/admuser/msadepth/compreps/seedrep_cand/protenix/9azr_HL/d552/seed4_r1/results/9azr_hl/seed_0/predictions/9azr_hl_sample_2.cif,9azr_HL,seed4_r1,9azr_hl_sample_2.cif,0.46227
/mnt/data/admuser/msadepth/compreps/seedrep_cand/protenix/9azr_HL/d552/seed4_r1/results/9azr_hl/seed_0/predictions/9azr_hl_sample_3.cif,9azr_HL,seed4_r1,9azr_hl_sample_3.cif,0.46103
/mnt/data/admuser/msadepth/compreps/seedrep_cand/protenix/9azr_HL/d552/seed4_r1/results/9azr_hl/seed_0/predictions/9azr_hl_sample_4.cif,9azr_HL,seed4_r1,9azr_hl_sample_4.cif,0.45965
/mnt/data/admuser/msadepth/compreps/seedrep_cand/protenix/9azr_HL/d552/seed4_r2/results/9azr_hl/seed_0/predictions/9azr_hl_sample_0.cif,9azr_HL,seed4_r2,9azr_hl_sample_0.cif,0.39003
/mnt/data/admuser/msadepth/compreps/seedrep_cand/protenix/9azr_HL/d552/seed4_r2/results/9azr_hl/seed_0/predictions/9azr_hl_sample_1.cif,9azr_HL,seed4_r2,9azr_hl_sample_1.cif,0.38601
/mnt/data/admuser/msadepth/compreps/seedrep_cand/protenix/9azr_HL/d552/seed4_r2/results/9azr_hl/seed_0/predictions/9azr_hl_sample_2.cif,9azr_HL,seed4_r2,9azr_hl_sample_2.cif,0.38581
/mnt/data/admuser/msadepth/compreps/seedrep_cand/protenix/9azr_HL/d552/seed4_r2/results/9azr_hl/seed_0/predictions/9azr_hl_sample_3.cif,9azr_HL,seed4_r2,9azr_hl_sample_3.cif,0.38408
/mnt/data/admuser/msadepth/compreps/seedrep_cand/protenix/9azr_HL/d552/seed4_r2/results/9azr_hl/seed_0/predictions/9azr_hl_sample_4.cif,9azr_HL,seed4_r2,9azr_hl_sample_4.cif,0.38004
/mnt/data/admuser/msadepth/compreps/seedrep_cand/protenix/9azr_HL/d552/seed4_r3/results/9azr_hl/seed_0/predictions/9azr_hl_sample_0.cif,9azr_HL,seed4_r3,9azr_hl_sample_0.cif,0.51738
/mnt/data/admuser/msadepth/compreps/seedrep_cand/protenix/9azr_HL/d552/seed4_r3/results/9azr_hl/seed_0/predictions/9azr_hl_sample_1.cif,9azr_HL,seed4_r3,9azr_hl_sample_1.cif,0.5166
/mnt/data/admuser/msadepth/compreps/seedrep_cand/protenix/9azr_HL/d552/seed4_r3/results/9azr_hl/seed_0/predictions/9azr_hl_sample_2.cif,9azr_HL,seed4_r3,9azr_hl_sample_2.cif,0.514
/mnt/data/admuser/msadepth/compreps/seedrep_cand/protenix/9azr_HL/d552/seed4_r3/results/9azr_hl/seed_0/predictions/9azr_hl_sample_3.cif,9azr_HL,seed4_r3,9azr_hl_sample_3.cif,0.50881
/mnt/data/admuser/msadepth/compreps/seedrep_cand/protenix/9azr_HL/d552/seed4_r3/results/9azr_hl/seed_0/predictions/9azr_hl_sample_4.cif,9azr_HL,seed4_r3,9azr_hl_sample_4.cif,0.50512
/mnt/data/admuser/msadepth/compreps/seedrep_cand/protenix/9azr_HL/d552/seed5_r0/results/9azr_hl/seed_0/predictions/9azr_hl_sample_0.cif,9azr_HL,seed5_r0,9azr_hl_sample_0.cif,0.34829
/mnt/data/admuser/msadepth/compreps/seedrep_cand/protenix/9azr_HL/d552/seed5_r0/results/9azr_hl/seed_0/predictions/9azr_hl_sample_1.cif,9azr_HL,seed5_r0,9azr_hl_sample_1.cif,0.34721
/mnt/data/admuser/msadepth/compreps/seedrep_cand/protenix/9azr_HL/d552/seed5_r0/results/9azr_hl/seed_0/predictions/9azr_hl_sample_2.cif,9azr_HL,seed5_r0,9azr_hl_sample_2.cif,0.34686
/mnt/data/admuser/msadepth/compreps/seedrep_cand/protenix/9azr_HL/d552/seed5_r0/results/9azr_hl/seed_0/predictions/9azr_hl_sample_3.cif,9azr_HL,seed5_r0,9azr_hl_sample_3.cif,0.34655
/mnt/data/admuser/msadepth/compreps/seedrep_cand/protenix/9azr_HL/d552/seed5_r0/results/9azr_hl/seed_0/predictions/9azr_hl_sample_4.cif,9azr_HL,seed5_r0,9azr_hl_sample_4.cif,0.3467
/mnt/data/admuser/msadepth/compreps/seedrep_cand/protenix/9azr_HL/d552/seed5_r1/results/9azr_hl/seed_0/predictions/9azr_hl_sample_0.cif,9azr_HL,seed5_r1,9azr_hl_sample_0.cif,0.43227
/mnt/data/admuser/msadepth/compreps/seedrep_cand/protenix/9azr_HL/d552/seed5_r1/results/9azr_hl/seed_0/predictions/9azr_hl_sample_1.cif,9azr_HL,seed5_r1,9azr_hl_sample_1.cif,0.43178
/mnt/data/admuser/msadepth/compreps/seedrep_cand/protenix/9azr_HL/d552/seed5_r1/results/9azr_hl/seed_0/predictions/9azr_hl_sample_2.cif,9azr_HL,seed5_r1,9azr_hl_sample_2.cif,0.43181
/mnt/data/admuser/msadepth/compreps/seedrep_cand/protenix/9azr_HL/d552/seed5_r1/results/9azr_hl/seed_0/predictions/9azr_hl_sample_3.cif,9azr_HL,seed5_r1,9azr_hl_sample_3.cif,0.43102
/mnt/data/admuser/msadepth/compreps/seedrep_cand/protenix/9azr_HL/d552/seed5_r1/results/9azr_hl/seed_0/predictions/9azr_hl_sample_4.cif,9azr_HL,seed5_r1,9azr_hl_sample_4.cif,0.43058
/mnt/data/admuser/msadepth/compreps/seedrep_cand/protenix/9azr_HL/d552/seed5_r2/results/9azr_hl/seed_0/predictions/9azr_hl_sample_0.cif,9azr_HL,seed5_r2,9azr_hl_sample_0.cif,0.31577
/mnt/data/admuser/msadepth/compreps/seedrep_cand/protenix/9azr_HL/d552/seed5_r2/results/9azr_hl/seed_0/predictions/9azr_hl_sample_1.cif,9azr_HL,seed5_r2,9azr_hl_sample_1.cif,0.3139
/mnt/data/admuser/msadepth/compreps/seedrep_cand/protenix/9azr_HL/d552/seed5_r2/results/9azr_hl/seed_0/predictions/9azr_hl_sample_2.cif,9azr_HL,seed5_r2,9azr_hl_sample_2.cif,0.31144
/mnt/data/admuser/msadepth/compreps/seedrep_cand/protenix/9azr_HL/d552/seed5_r2/results/9azr_hl/seed_0/predictions/9azr_hl_sample_3.cif,9azr_HL,seed5_r2,9azr_hl_sample_3.cif,0.30852
/mnt/data/admuser/msadepth/compreps/seedrep_cand/protenix/9azr_HL/d552/seed5_r2/results/9azr_hl/seed_0/predictions/9azr_hl_sample_4.cif,9azr_HL,seed5_r2,9azr_hl_sample_4.cif,0.30607
/mnt/data/admuser/msadepth/compreps/seedrep_cand/protenix/9azr_HL/d552/seed5_r3/results/9azr_hl/seed_0/predictions/9azr_hl_sample_0.cif,9azr_HL,seed5_r3,9azr_hl_sample_0.cif,0.18823
/mnt/data/admuser/msadepth/compreps/seedrep_cand/protenix/9azr_HL/d552/seed5_r3/results/9azr_hl/seed_0/predictions/9azr_hl_sample_1.cif,9azr_HL,seed5_r3,9azr_hl_sample_1.cif,0.18668
/mnt/data/admuser/msadepth/compreps/seedrep_cand/protenix/9azr_HL/d552/seed5_r3/results/9azr_hl/seed_0/predictions/9azr_hl_sample_2.cif,9azr_HL,seed5_r3,9azr_hl_sample_2.cif,0.18615
/mnt/data/admuser/msadepth/compreps/seedrep_cand/protenix/9azr_HL/d552/seed5_r3/results/9azr_hl/seed_0/predictions/9azr_hl_sample_3.cif,9azr_HL,seed5_r3,9azr_hl_sample_3.cif,0.18596
/mnt/data/admuser/msadepth/compreps/seedrep_cand/protenix/9azr_HL/d552/seed5_r3/results/9azr_hl/seed_0/predictions/9azr_hl_sample_4.cif,9azr_HL,seed5_r3,9azr_hl_sample_4.cif,0.18157
/mnt/data/admuser/msadepth/compreps/seedrep_cand/protenix/9azr_HL/d552/seedfull_r0/results/9azr_hl/seed_0/predictions/9azr_hl_sample_0.cif,9azr_HL,seedfull_r0,9azr_hl_sample_0.cif,0.39745
/mnt/data/admuser/msadepth/compreps/seedrep_cand/protenix/9azr_HL/d552/seedfull_r0/results/9azr_hl/seed_0/predictions/9azr_hl_sample_1.cif,9azr_HL,seedfull_r0,9azr_hl_sample_1.cif,0.39518
/mnt/data/admuser/msadepth/compreps/seedrep_cand/protenix/9azr_HL/d552/seedfull_r0/results/9azr_hl/seed_0/predictions/9azr_hl_sample_2.cif,9azr_HL,seedfull_r0,9azr_hl_sample_2.cif,0.39462
/mnt/data/admuser/msadepth/compreps/seedrep_cand/protenix/9azr_HL/d552/seedfull_r0/results/9azr_hl/seed_0/predictions/9azr_hl_sample_3.cif,9azr_HL,seedfull_r0,9azr_hl_sample_3.cif,0.39338
/mnt/data/admuser/msadepth/compreps/seedrep_cand/protenix/9azr_HL/d552/seedfull_r0/results/9azr_hl/seed_0/predictions/9azr_hl_sample_4.cif,9azr_HL,seedfull_r0,9azr_hl_sample_4.cif,0.3905
/mnt/data/admuser/msadepth/compreps/seedrep_cand/protenix/9azr_HL/d552/seedfull_r1/results/9azr_hl/seed_0/predictions/9azr_hl_sample_0.cif,9azr_HL,seedfull_r1,9azr_hl_sample_0.cif,0.48936
/mnt/data/admuser/msadepth/compreps/seedrep_cand/protenix/9azr_HL/d552/seedfull_r1/results/9azr_hl/seed_0/predictions/9azr_hl_sample_1.cif,9azr_HL,seedfull_r1,9azr_hl_sample_1.cif,0.48835
/mnt/data/admuser/msadepth/compreps/seedrep_cand/protenix/9azr_HL/d552/seedfull_r1/results/9azr_hl/seed_0/predictions/9azr_hl_sample_2.cif,9azr_HL,seedfull_r1,9azr_hl_sample_2.cif,0.48834
/mnt/data/admuser/msadepth/compreps/seedrep_cand/protenix/9azr_HL/d552/seedfull_r1/results/9azr_hl/seed_0/predictions/9azr_hl_sample_3.cif,9azr_HL,seedfull_r1,9azr_hl_sample_3.cif,0.4864
/mnt/data/admuser/msadepth/compreps/seedrep_cand/protenix/9azr_HL/d552/seedfull_r1/results/9azr_hl/seed_0/predictions/9azr_hl_sample_4.cif,9azr_HL,seedfull_r1,9azr_hl_sample_4.cif,0.48403
/mnt/data/admuser/msadepth/compreps/seedrep_cand/protenix/9azr_HL/d552/seedfull_r2/results/9azr_hl/seed_0/predictions/9azr_hl_sample_0.cif,9azr_HL,seedfull_r2,9azr_hl_sample_0.cif,0.57363
/mnt/data/admuser/msadepth/compreps/seedrep_cand/protenix/9azr_HL/d552/seedfull_r2/results/9azr_hl/seed_0/predictions/9azr_hl_sample_1.cif,9azr_HL,seedfull_r2,9azr_hl_sample_1.cif,0.57243
/mnt/data/admuser/msadepth/compreps/seedrep_cand/protenix/9azr_HL/d552/seedfull_r2/results/9azr_hl/seed_0/predictions/9azr_hl_sample_2.cif,9azr_HL,seedfull_r2,9azr_hl_sample_2.cif,0.56719
/mnt/data/admuser/msadepth/compreps/seedrep_cand/protenix/9azr_HL/d552/seedfull_r2/results/9azr_hl/seed_0/predictions/9azr_hl_sample_3.cif,9azr_HL,seedfull_r2,9azr_hl_sample_3.cif,0.55881
/mnt/data/admuser/msadepth/compreps/seedrep_cand/protenix/9azr_HL/d552/seedfull_r2/results/9azr_hl/seed_0/predictions/9azr_hl_sample_4.cif,9azr_HL,seedfull_r2,9azr_hl_sample_4.cif,0.55784
/mnt/data/admuser/msadepth/compreps/seedrep_cand/protenix/9azr_HL/d552/seedfull_r3/results/9azr_hl/seed_0/predictions/9azr_hl_sample_0.cif,9azr_HL,seedfull_r3,9azr_hl_sample_0.cif,0.40555
/mnt/data/admuser/msadepth/compreps/seedrep_cand/protenix/9azr_HL/d552/seedfull_r3/results/9azr_hl/seed_0/predictions/9azr_hl_sample_1.cif,9azr_HL,seedfull_r3,9azr_hl_sample_1.cif,0.40258
/mnt/data/admuser/msadepth/compreps/seedrep_cand/protenix/9azr_HL/d552/seedfull_r3/results/9azr_hl/seed_0/predictions/9azr_hl_sample_2.cif,9azr_HL,seedfull_r3,9azr_hl_sample_2.cif,0.40212
/mnt/data/admuser/msadepth/compreps/seedrep_cand/protenix/9azr_HL/d552/seedfull_r3/results/9azr_hl/seed_0/predictions/9azr_hl_sample_3.cif,9azr_HL,seedfull_r3,9azr_hl_sample_3.cif,0.40193
/mnt/data/admuser/msadepth/compreps/seedrep_cand/protenix/9azr_HL/d552/seedfull_r3/results/9azr_hl/seed_0/predictions/9azr_hl_sample_4.cif,9azr_HL,seedfull_r3,9azr_hl_sample_4.cif,0.39982
/mnt/data/admuser/msadepth/compreps/seedrep_cand/protenix/9azr_HL/d552/seedfull_r4/results/9azr_hl/seed_0/predictions/9azr_hl_sample_0.cif,9azr_HL,seedfull_r4,9azr_hl_sample_0.cif,0.52317
/mnt/data/admuser/msadepth/compreps/seedrep_cand/protenix/9azr_HL/d552/seedfull_r4/results/9azr_hl/seed_0/predictions/9azr_hl_sample_1.cif,9azr_HL,seedfull_r4,9azr_hl_sample_1.cif,0.51944
/mnt/data/admuser/msadepth/compreps/seedrep_cand/protenix/9azr_HL/d552/seedfull_r4/results/9azr_hl/seed_0/predictions/9azr_hl_sample_2.cif,9azr_HL,seedfull_r4,9azr_hl_sample_2.cif,0.51837
/mnt/data/admuser/msadepth/compreps/seedrep_cand/protenix/9azr_HL/d552/seedfull_r4/results/9azr_hl/seed_0/predictions/9azr_hl_sample_3.cif,9azr_HL,seedfull_r4,9azr_hl_sample_3.cif,0.50846
/mnt/data/admuser/msadepth/compreps/seedrep_cand/protenix/9azr_HL/d552/seedfull_r4/results/9azr_hl/seed_0/predictions/9azr_hl_sample_4.cif,9azr_HL,seedfull_r4,9azr_hl_sample_4.cif,0.50619
/mnt/data/admuser/msadepth/compreps/seedrep_cand/protenix/9azr_HL/d552/seedfull_r5/results/9azr_hl/seed_0/predictions/9azr_hl_sample_0.cif,9azr_HL,seedfull_r5,9azr_hl_sample_0.cif,0.38044
/mnt/data/admuser/msadepth/compreps/seedrep_cand/protenix/9azr_HL/d552/seedfull_r5/results/9azr_hl/seed_0/predictions/9azr_hl_sample_1.cif,9azr_HL,seedfull_r5,9azr_hl_sample_1.cif,0.37915
/mnt/data/admuser/msadepth/compreps/seedrep_cand/protenix/9azr_HL/d552/seedfull_r5/results/9azr_hl/seed_0/predictions/9azr_hl_sample_2.cif,9azr_HL,seedfull_r5,9azr_hl_sample_2.cif,0.37872
/mnt/data/admuser/msadepth/compreps/seedrep_cand/protenix/9azr_HL/d552/seedfull_r5/results/9azr_hl/seed_0/predictions/9azr_hl_sample_3.cif,9azr_HL,seedfull_r5,9azr_hl_sample_3.cif,0.3776
/mnt/data/admuser/msadepth/compreps/seedrep_cand/protenix/9azr_HL/d552/seedfull_r5/results/9azr_hl/seed_0/predictions/9azr_hl_sample_4.cif,9azr_HL,seedfull_r5,9azr_hl_sample_4.cif,0.37634
/mnt/data/admuser/msadepth/compreps/seedrep_cand/protenix/9azr_HL/d552/seedfull_r6/results/9azr_hl/seed_0/predictions/9azr_hl_sample_0.cif,9azr_HL,seedfull_r6,9azr_hl_sample_0.cif,0.5517
/mnt/data/admuser/msadepth/compreps/seedrep_cand/protenix/9azr_HL/d552/seedfull_r6/results/9azr_hl/seed_0/predictions/9azr_hl_sample_1.cif,9azr_HL,seedfull_r6,9azr_hl_sample_1.cif,0.55091
/mnt/data/admuser/msadepth/compreps/seedrep_cand/protenix/9azr_HL/d552/seedfull_r6/results/9azr_hl/seed_0/predictions/9azr_hl_sample_2.cif,9azr_HL,seedfull_r6,9azr_hl_sample_2.cif,0.55015
/mnt/data/admuser/msadepth/compreps/seedrep_cand/protenix/9azr_HL/d552/seedfull_r6/results/9azr_hl/seed_0/predictions/9azr_hl_sample_3.cif,9azr_HL,seedfull_r6,9azr_hl_sample_3.cif,0.54924
/mnt/data/admuser/msadepth/compreps/seedrep_cand/protenix/9azr_HL/d552/seedfull_r6/results/9azr_hl/seed_0/predictions/9azr_hl_sample_4.cif,9azr_HL,seedfull_r6,9azr_hl_sample_4.cif,0.54794
/mnt/data/admuser/msadepth/compreps/seedrep_cand/protenix/9azr_HL/d552/seedfull_r7/results/9azr_hl/seed_0/predictions/9azr_hl_sample_0.cif,9azr_HL,seedfull_r7,9azr_hl_sample_0.cif,0.55966
/mnt/data/admuser/msadepth/compreps/seedrep_cand/protenix/9azr_HL/d552/seedfull_r7/results/9azr_hl/seed_0/predictions/9azr_hl_sample_1.cif,9azr_HL,seedfull_r7,9azr_hl_sample_1.cif,0.55956
/mnt/data/admuser/msadepth/compreps/seedrep_cand/protenix/9azr_HL/d552/seedfull_r7/results/9azr_hl/seed_0/predictions/9azr_hl_sample_2.cif,9azr_HL,seedfull_r7,9azr_hl_sample_2.cif,0.55912
/mnt/data/admuser/msadepth/compreps/seedrep_cand/protenix/9azr_HL/d552/seedfull_r7/results/9azr_hl/seed_0/predictions/9azr_hl_sample_3.cif,9azr_HL,seedfull_r7,9azr_hl_sample_3.cif,0.55656
/mnt/data/admuser/msadepth/compreps/seedrep_cand/protenix/9azr_HL/d552/seedfull_r7/results/9azr_hl/seed_0/predictions/9azr_hl_sample_4.cif,9azr_HL,seedfull_r7,9azr_hl_sample_4.cif,0.54966
/mnt/data/admuser/msadepth/compreps/seedrep_cand/protenix/9azr_HL/d83/seed0_r0/results/9azr_hl/seed_0/predictions/9azr_hl_sample_0.cif,9azr_HL,seed0_r0,9azr_hl_sample_0.cif,0.529
/mnt/data/admuser/msadepth/compreps/seedrep_cand/protenix/9azr_HL/d83/seed0_r0/results/9azr_hl/seed_0/predictions/9azr_hl_sample_1.cif,9azr_HL,seed0_r0,9azr_hl_sample_1.cif,0.52717
/mnt/data/admuser/msadepth/compreps/seedrep_cand/protenix/9azr_HL/d83/seed0_r0/results/9azr_hl/seed_0/predictions/9azr_hl_sample_2.cif,9azr_HL,seed0_r0,9azr_hl_sample_2.cif,0.52692
/mnt/data/admuser/msadepth/compreps/seedrep_cand/protenix/9azr_HL/d83/seed0_r0/results/9azr_hl/seed_0/predictions/9azr_hl_sample_3.cif,9azr_HL,seed0_r0,9azr_hl_sample_3.cif,0.52111
/mnt/data/admuser/msadepth/compreps/seedrep_cand/protenix/9azr_HL/d83/seed0_r0/results/9azr_hl/seed_0/predictions/9azr_hl_sample_4.cif,9azr_HL,seed0_r0,9azr_hl_sample_4.cif,0.51844
/mnt/data/admuser/msadepth/compreps/seedrep_cand/protenix/9azr_HL/d83/seed1_r0/results/9azr_hl/seed_0/predictions/9azr_hl_sample_0.cif,9azr_HL,seed1_r0,9azr_hl_sample_0.cif,0.20697
/mnt/data/admuser/msadepth/compreps/seedrep_cand/protenix/9azr_HL/d83/seed1_r0/results/9azr_hl/seed_0/predictions/9azr_hl_sample_1.cif,9azr_HL,seed1_r0,9azr_hl_sample_1.cif,0.20698
/mnt/data/admuser/msadepth/compreps/seedrep_cand/protenix/9azr_HL/d83/seed1_r0/results/9azr_hl/seed_0/predictions/9azr_hl_sample_2.cif,9azr_HL,seed1_r0,9azr_hl_sample_2.cif,0.20144
/mnt/data/admuser/msadepth/compreps/seedrep_cand/protenix/9azr_HL/d83/seed1_r0/results/9azr_hl/seed_0/predictions/9azr_hl_sample_3.cif,9azr_HL,seed1_r0,9azr_hl_sample_3.cif,0.19777
/mnt/data/admuser/msadepth/compreps/seedrep_cand/protenix/9azr_HL/d83/seed1_r0/results/9azr_hl/seed_0/predictions/9azr_hl_sample_4.cif,9azr_HL,seed1_r0,9azr_hl_sample_4.cif,0.17988
/mnt/data/admuser/msadepth/compreps/seedrep_cand/protenix/9azr_HL/d83/seed2_r0/results/9azr_hl/seed_0/predictions/9azr_hl_sample_0.cif,9azr_HL,seed2_r0,9azr_hl_sample_0.cif,0.19851
/mnt/data/admuser/msadepth/compreps/seedrep_cand/protenix/9azr_HL/d83/seed2_r0/results/9azr_hl/seed_0/predictions/9azr_hl_sample_1.cif,9azr_HL,seed2_r0,9azr_hl_sample_1.cif,0.18493
/mnt/data/admuser/msadepth/compreps/seedrep_cand/protenix/9azr_HL/d83/seed2_r0/results/9azr_hl/seed_0/predictions/9azr_hl_sample_2.cif,9azr_HL,seed2_r0,9azr_hl_sample_2.cif,0.17899
/mnt/data/admuser/msadepth/compreps/seedrep_cand/protenix/9azr_HL/d83/seed2_r0/results/9azr_hl/seed_0/predictions/9azr_hl_sample_3.cif,9azr_HL,seed2_r0,9azr_hl_sample_3.cif,0.17572
/mnt/data/admuser/msadepth/compreps/seedrep_cand/protenix/9azr_HL/d83/seed2_r0/results/9azr_hl/seed_0/predictions/9azr_hl_sample_4.cif,9azr_HL,seed2_r0,9azr_hl_sample_4.cif,0.17262
/mnt/data/admuser/msadepth/compreps/seedrep_cand/protenix/9azr_HL/d83/seed3_r0/results/9azr_hl/seed_0/predictions/9azr_hl_sample_0.cif,9azr_HL,seed3_r0,9azr_hl_sample_0.cif,0.55072
/mnt/data/admuser/msadepth/compreps/seedrep_cand/protenix/9azr_HL/d83/seed3_r0/results/9azr_hl/seed_0/predictions/9azr_hl_sample_1.cif,9azr_HL,seed3_r0,9azr_hl_sample_1.cif,0.55069
/mnt/data/admuser/msadepth/compreps/seedrep_cand/protenix/9azr_HL/d83/seed3_r0/results/9azr_hl/seed_0/predictions/9azr_hl_sample_2.cif,9azr_HL,seed3_r0,9azr_hl_sample_2.cif,0.55031
/mnt/data/admuser/msadepth/compreps/seedrep_cand/protenix/9azr_HL/d83/seed3_r0/results/9azr_hl/seed_0/predictions/9azr_hl_sample_3.cif,9azr_HL,seed3_r0,9azr_hl_sample_3.cif,0.5488
/mnt/data/admuser/msadepth/compreps/seedrep_cand/protenix/9azr_HL/d83/seed3_r0/results/9azr_hl/seed_0/predictions/9azr_hl_sample_4.cif,9azr_HL,seed3_r0,9azr_hl_sample_4.cif,0.54678
/mnt/data/admuser/msadepth/compreps/seedrep_cand/protenix/9azr_HL/d83/seed4_r0/results/9azr_hl/seed_0/predictions/9azr_hl_sample_0.cif,9azr_HL,seed4_r0,9azr_hl_sample_0.cif,0.37897
/mnt/data/admuser/msadepth/compreps/seedrep_cand/protenix/9azr_HL/d83/seed4_r0/results/9azr_hl/seed_0/predictions/9azr_hl_sample_1.cif,9azr_HL,seed4_r0,9azr_hl_sample_1.cif,0.37796
/mnt/data/admuser/msadepth/compreps/seedrep_cand/protenix/9azr_HL/d83/seed4_r0/results/9azr_hl/seed_0/predictions/9azr_hl_sample_2.cif,9azr_HL,seed4_r0,9azr_hl_sample_2.cif,0.37761
/mnt/data/admuser/msadepth/compreps/seedrep_cand/protenix/9azr_HL/d83/seed4_r0/results/9azr_hl/seed_0/predictions/9azr_hl_sample_3.cif,9azr_HL,seed4_r0,9azr_hl_sample_3.cif,0.37744
/mnt/data/admuser/msadepth/compreps/seedrep_cand/protenix/9azr_HL/d83/seed4_r0/results/9azr_hl/seed_0/predictions/9azr_hl_sample_4.cif,9azr_HL,seed4_r0,9azr_hl_sample_4.cif,0.3746
/mnt/data/admuser/msadepth/compreps/seedrep_cand/protenix/9azr_HL/d83/seedfull_r0/results/9azr_hl/seed_0/predictions/9azr_hl_sample_0.cif,9azr_HL,seedfull_r0,9azr_hl_sample_0.cif,0.57591
/mnt/data/admuser/msadepth/compreps/seedrep_cand/protenix/9azr_HL/d83/seedfull_r0/results/9azr_hl/seed_0/predictions/9azr_hl_sample_1.cif,9azr_HL,seedfull_r0,9azr_hl_sample_1.cif,0.57588
/mnt/data/admuser/msadepth/compreps/seedrep_cand/protenix/9azr_HL/d83/seedfull_r0/results/9azr_hl/seed_0/predictions/9azr_hl_sample_2.cif,9azr_HL,seedfull_r0,9azr_hl_sample_2.cif,0.57517
/mnt/data/admuser/msadepth/compreps/seedrep_cand/protenix/9azr_HL/d83/seedfull_r0/results/9azr_hl/seed_0/predictions/9azr_hl_sample_3.cif,9azr_HL,seedfull_r0,9azr_hl_sample_3.cif,0.57489
/mnt/data/admuser/msadepth/compreps/seedrep_cand/protenix/9azr_HL/d83/seedfull_r0/results/9azr_hl/seed_0/predictions/9azr_hl_sample_4.cif,9azr_HL,seedfull_r0,9azr_hl_sample_4.cif,0.57422
/mnt/data/admuser/msadepth/compreps/seedrep_cand/protenix/9azr_HL/d83/seedfull_r1/results/9azr_hl/seed_0/predictions/9azr_hl_sample_0.cif,9azr_HL,seedfull_r1,9azr_hl_sample_0.cif,0.40415
/mnt/data/admuser/msadepth/compreps/seedrep_cand/protenix/9azr_HL/d83/seedfull_r1/results/9azr_hl/seed_0/predictions/9azr_hl_sample_1.cif,9azr_HL,seedfull_r1,9azr_hl_sample_1.cif,0.40352
/mnt/data/admuser/msadepth/compreps/seedrep_cand/protenix/9azr_HL/d83/seedfull_r1/results/9azr_hl/seed_0/predictions/9azr_hl_sample_2.cif,9azr_HL,seedfull_r1,9azr_hl_sample_2.cif,0.40327
/mnt/data/admuser/msadepth/compreps/seedrep_cand/protenix/9azr_HL/d83/seedfull_r1/results/9azr_hl/seed_0/predictions/9azr_hl_sample_3.cif,9azr_HL,seedfull_r1,9azr_hl_sample_3.cif,0.40231
/mnt/data/admuser/msadepth/compreps/seedrep_cand/protenix/9azr_HL/d83/seedfull_r1/results/9azr_hl/seed_0/predictions/9azr_hl_sample_4.cif,9azr_HL,seedfull_r1,9azr_hl_sample_4.cif,0.40209
/mnt/data/admuser/msadepth/compreps/seedrep_cand/protenix/9azr_HL/d83/seedfull_r2/results/9azr_hl/seed_0/predictions/9azr_hl_sample_0.cif,9azr_HL,seedfull_r2,9azr_hl_sample_0.cif,0.58433
/mnt/data/admuser/msadepth/compreps/seedrep_cand/protenix/9azr_HL/d83/seedfull_r2/results/9azr_hl/seed_0/predictions/9azr_hl_sample_1.cif,9azr_HL,seedfull_r2,9azr_hl_sample_1.cif,0.58246
/mnt/data/admuser/msadepth/compreps/seedrep_cand/protenix/9azr_HL/d83/seedfull_r2/results/9azr_hl/seed_0/predictions/9azr_hl_sample_2.cif,9azr_HL,seedfull_r2,9azr_hl_sample_2.cif,0.5825
/mnt/data/admuser/msadepth/compreps/seedrep_cand/protenix/9azr_HL/d83/seedfull_r2/results/9azr_hl/seed_0/predictions/9azr_hl_sample_3.cif,9azr_HL,seedfull_r2,9azr_hl_sample_3.cif,0.58233
/mnt/data/admuser/msadepth/compreps/seedrep_cand/protenix/9azr_HL/d83/seedfull_r2/results/9azr_hl/seed_0/predictions/9azr_hl_sample_4.cif,9azr_HL,seedfull_r2,9azr_hl_sample_4.cif,0.58148
/mnt/data/admuser/msadepth/compreps/seedrep_cand/protenix/9azr_HL/d83/seedfull_r3/results/9azr_hl/seed_0/predictions/9azr_hl_sample_0.cif,9azr_HL,seedfull_r3,9azr_hl_sample_0.cif,0.55274
/mnt/data/admuser/msadepth/compreps/seedrep_cand/protenix/9azr_HL/d83/seedfull_r3/results/9azr_hl/seed_0/predictions/9azr_hl_sample_1.cif,9azr_HL,seedfull_r3,9azr_hl_sample_1.cif,0.55246
/mnt/data/admuser/msadepth/compreps/seedrep_cand/protenix/9azr_HL/d83/seedfull_r3/results/9azr_hl/seed_0/predictions/9azr_hl_sample_2.cif,9azr_HL,seedfull_r3,9azr_hl_sample_2.cif,0.55181
/mnt/data/admuser/msadepth/compreps/seedrep_cand/protenix/9azr_HL/d83/seedfull_r3/results/9azr_hl/seed_0/predictions/9azr_hl_sample_3.cif,9azr_HL,seedfull_r3,9azr_hl_sample_3.cif,0.55004
/mnt/data/admuser/msadepth/compreps/seedrep_cand/protenix/9azr_HL/d83/seedfull_r3/results/9azr_hl/seed_0/predictions/9azr_hl_sample_4.cif,9azr_HL,seedfull_r3,9azr_hl_sample_4.cif,0.54914
/mnt/data/admuser/msadepth/compreps/seedrep_cand/protenix/9azr_HL/d83/seedfull_r4/results/9azr_hl/seed_0/predictions/9azr_hl_sample_0.cif,9azr_HL,seedfull_r4,9azr_hl_sample_0.cif,0.546
/mnt/data/admuser/msadepth/compreps/seedrep_cand/protenix/9azr_HL/d83/seedfull_r4/results/9azr_hl/seed_0/predictions/9azr_hl_sample_1.cif,9azr_HL,seedfull_r4,9azr_hl_sample_1.cif,0.5455
/mnt/data/admuser/msadepth/compreps/seedrep_cand/protenix/9azr_HL/d83/seedfull_r4/results/9azr_hl/seed_0/predictions/9azr_hl_sample_2.cif,9azr_HL,seedfull_r4,9azr_hl_sample_2.cif,0.54491
/mnt/data/admuser/msadepth/compreps/seedrep_cand/protenix/9azr_HL/d83/seedfull_r4/results/9azr_hl/seed_0/predictions/9azr_hl_sample_3.cif,9azr_HL,seedfull_r4,9azr_hl_sample_3.cif,0.54255
/mnt/data/admuser/msadepth/compreps/seedrep_cand/protenix/9azr_HL/d83/seedfull_r4/results/9azr_hl/seed_0/predictions/9azr_hl_sample_4.cif,9azr_HL,seedfull_r4,9azr_hl_sample_4.cif,0.54068
/mnt/data/admuser/msadepth/compreps/seedrep_cand/protenix/9azt_HL/d4/seed0_r0/results/9azt_hl/seed_0/predictions/9azt_hl_sample_0.cif,9azt_HL,seed0_r0,9azt_hl_sample_0.cif,0.18467
/mnt/data/admuser/msadepth/compreps/seedrep_cand/protenix/9azt_HL/d4/seed0_r0/results/9azt_hl/seed_0/predictions/9azt_hl_sample_1.cif,9azt_HL,seed0_r0,9azt_hl_sample_1.cif,0.18537
/mnt/data/admuser/msadepth/compreps/seedrep_cand/protenix/9azt_HL/d4/seed0_r0/results/9azt_hl/seed_0/predictions/9azt_hl_sample_2.cif,9azt_HL,seed0_r0,9azt_hl_sample_2.cif,0.18271
/mnt/data/admuser/msadepth/compreps/seedrep_cand/protenix/9azt_HL/d4/seed0_r0/results/9azt_hl/seed_0/predictions/9azt_hl_sample_3.cif,9azt_HL,seed0_r0,9azt_hl_sample_3.cif,0.1764
/mnt/data/admuser/msadepth/compreps/seedrep_cand/protenix/9azt_HL/d4/seed0_r0/results/9azt_hl/seed_0/predictions/9azt_hl_sample_4.cif,9azt_HL,seed0_r0,9azt_hl_sample_4.cif,0.17448
/mnt/data/admuser/msadepth/compreps/seedrep_cand/protenix/9azt_HL/d4/seed0_r1/results/9azt_hl/seed_0/predictions/9azt_hl_sample_0.cif,9azt_HL,seed0_r1,9azt_hl_sample_0.cif,0.20512
/mnt/data/admuser/msadepth/compreps/seedrep_cand/protenix/9azt_HL/d4/seed0_r1/results/9azt_hl/seed_0/predictions/9azt_hl_sample_1.cif,9azt_HL,seed0_r1,9azt_hl_sample_1.cif,0.19664
/mnt/data/admuser/msadepth/compreps/seedrep_cand/protenix/9azt_HL/d4/seed0_r1/results/9azt_hl/seed_0/predictions/9azt_hl_sample_2.cif,9azt_HL,seed0_r1,9azt_hl_sample_2.cif,0.19488
/mnt/data/admuser/msadepth/compreps/seedrep_cand/protenix/9azt_HL/d4/seed0_r1/results/9azt_hl/seed_0/predictions/9azt_hl_sample_3.cif,9azt_HL,seed0_r1,9azt_hl_sample_3.cif,0.19342
/mnt/data/admuser/msadepth/compreps/seedrep_cand/protenix/9azt_HL/d4/seed0_r1/results/9azt_hl/seed_0/predictions/9azt_hl_sample_4.cif,9azt_HL,seed0_r1,9azt_hl_sample_4.cif,0.17684
/mnt/data/admuser/msadepth/compreps/seedrep_cand/protenix/9azt_HL/d4/seed0_r2/results/9azt_hl/seed_0/predictions/9azt_hl_sample_0.cif,9azt_HL,seed0_r2,9azt_hl_sample_0.cif,0.20108
/mnt/data/admuser/msadepth/compreps/seedrep_cand/protenix/9azt_HL/d4/seed0_r2/results/9azt_hl/seed_0/predictions/9azt_hl_sample_1.cif,9azt_HL,seed0_r2,9azt_hl_sample_1.cif,0.19967
/mnt/data/admuser/msadepth/compreps/seedrep_cand/protenix/9azt_HL/d4/seed0_r2/results/9azt_hl/seed_0/predictions/9azt_hl_sample_2.cif,9azt_HL,seed0_r2,9azt_hl_sample_2.cif,0.19539
/mnt/data/admuser/msadepth/compreps/seedrep_cand/protenix/9azt_HL/d4/seed0_r2/results/9azt_hl/seed_0/predictions/9azt_hl_sample_3.cif,9azt_HL,seed0_r2,9azt_hl_sample_3.cif,0.17719
/mnt/data/admuser/msadepth/compreps/seedrep_cand/protenix/9azt_HL/d4/seed0_r2/results/9azt_hl/seed_0/predictions/9azt_hl_sample_4.cif,9azt_HL,seed0_r2,9azt_hl_sample_4.cif,0.15893
/mnt/data/admuser/msadepth/compreps/seedrep_cand/protenix/9azt_HL/d4/seed0_r3/results/9azt_hl/seed_0/predictions/9azt_hl_sample_0.cif,9azt_HL,seed0_r3,9azt_hl_sample_0.cif,0.201
/mnt/data/admuser/msadepth/compreps/seedrep_cand/protenix/9azt_HL/d4/seed0_r3/results/9azt_hl/seed_0/predictions/9azt_hl_sample_1.cif,9azt_HL,seed0_r3,9azt_hl_sample_1.cif,0.20154
/mnt/data/admuser/msadepth/compreps/seedrep_cand/protenix/9azt_HL/d4/seed0_r3/results/9azt_hl/seed_0/predictions/9azt_hl_sample_2.cif,9azt_HL,seed0_r3,9azt_hl_sample_2.cif,0.1959
/mnt/data/admuser/msadepth/compreps/seedrep_cand/protenix/9azt_HL/d4/seed0_r3/results/9azt_hl/seed_0/predictions/9azt_hl_sample_3.cif,9azt_HL,seed0_r3,9azt_hl_sample_3.cif,0.19412
/mnt/data/admuser/msadepth/compreps/seedrep_cand/protenix/9azt_HL/d4/seed0_r3/results/9azt_hl/seed_0/predictions/9azt_hl_sample_4.cif,9azt_HL,seed0_r3,9azt_hl_sample_4.cif,0.18232
/mnt/data/admuser/msadepth/compreps/seedrep_cand/protenix/9azt_HL/d4/seed1_r0/results/9azt_hl/seed_0/predictions/9azt_hl_sample_0.cif,9azt_HL,seed1_r0,9azt_hl_sample_0.cif,0.16129
/mnt/data/admuser/msadepth/compreps/seedrep_cand/protenix/9azt_HL/d4/seed1_r0/results/9azt_hl/seed_0/predictions/9azt_hl_sample_1.cif,9azt_HL,seed1_r0,9azt_hl_sample_1.cif,0.16217
/mnt/data/admuser/msadepth/compreps/seedrep_cand/protenix/9azt_HL/d4/seed1_r0/results/9azt_hl/seed_0/predictions/9azt_hl_sample_2.cif,9azt_HL,seed1_r0,9azt_hl_sample_2.cif,0.1562
/mnt/data/admuser/msadepth/compreps/seedrep_cand/protenix/9azt_HL/d4/seed1_r0/results/9azt_hl/seed_0/predictions/9azt_hl_sample_3.cif,9azt_HL,seed1_r0,9azt_hl_sample_3.cif,0.15456
/mnt/data/admuser/msadepth/compreps/seedrep_cand/protenix/9azt_HL/d4/seed1_r0/results/9azt_hl/seed_0/predictions/9azt_hl_sample_4.cif,9azt_HL,seed1_r0,9azt_hl_sample_4.cif,0.15349
/mnt/data/admuser/msadepth/compreps/seedrep_cand/protenix/9azt_HL/d4/seed1_r1/results/9azt_hl/seed_0/predictions/9azt_hl_sample_0.cif,9azt_HL,seed1_r1,9azt_hl_sample_0.cif,0.17342
/mnt/data/admuser/msadepth/compreps/seedrep_cand/protenix/9azt_HL/d4/seed1_r1/results/9azt_hl/seed_0/predictions/9azt_hl_sample_1.cif,9azt_HL,seed1_r1,9azt_hl_sample_1.cif,0.16768
/mnt/data/admuser/msadepth/compreps/seedrep_cand/protenix/9azt_HL/d4/seed1_r1/results/9azt_hl/seed_0/predictions/9azt_hl_sample_2.cif,9azt_HL,seed1_r1,9azt_hl_sample_2.cif,0.16274
/mnt/data/admuser/msadepth/compreps/seedrep_cand/protenix/9azt_HL/d4/seed1_r1/results/9azt_hl/seed_0/predictions/9azt_hl_sample_3.cif,9azt_HL,seed1_r1,9azt_hl_sample_3.cif,0.16017
/mnt/data/admuser/msadepth/compreps/seedrep_cand/protenix/9azt_HL/d4/seed1_r1/results/9azt_hl/seed_0/predictions/9azt_hl_sample_4.cif,9azt_HL,seed1_r1,9azt_hl_sample_4.cif,0.15462
/mnt/data/admuser/msadepth/compreps/seedrep_cand/protenix/9azt_HL/d4/seed1_r2/results/9azt_hl/seed_0/predictions/9azt_hl_sample_0.cif,9azt_HL,seed1_r2,9azt_hl_sample_0.cif,0.19004
/mnt/data/admuser/msadepth/compreps/seedrep_cand/protenix/9azt_HL/d4/seed1_r2/results/9azt_hl/seed_0/predictions/9azt_hl_sample_1.cif,9azt_HL,seed1_r2,9azt_hl_sample_1.cif,0.18794
/mnt/data/admuser/msadepth/compreps/seedrep_cand/protenix/9azt_HL/d4/seed1_r2/results/9azt_hl/seed_0/predictions/9azt_hl_sample_2.cif,9azt_HL,seed1_r2,9azt_hl_sample_2.cif,0.18584
/mnt/data/admuser/msadepth/compreps/seedrep_cand/protenix/9azt_HL/d4/seed1_r2/results/9azt_hl/seed_0/predictions/9azt_hl_sample_3.cif,9azt_HL,seed1_r2,9azt_hl_sample_3.cif,0.16901
/mnt/data/admuser/msadepth/compreps/seedrep_cand/protenix/9azt_HL/d4/seed1_r2/results/9azt_hl/seed_0/predictions/9azt_hl_sample_4.cif,9azt_HL,seed1_r2,9azt_hl_sample_4.cif,0.15925
/mnt/data/admuser/msadepth/compreps/seedrep_cand/protenix/9azt_HL/d4/seed1_r3/results/9azt_hl/seed_0/predictions/9azt_hl_sample_0.cif,9azt_HL,seed1_r3,9azt_hl_sample_0.cif,0.18015
/mnt/data/admuser/msadepth/compreps/seedrep_cand/protenix/9azt_HL/d4/seed1_r3/results/9azt_hl/seed_0/predictions/9azt_hl_sample_1.cif,9azt_HL,seed1_r3,9azt_hl_sample_1.cif,0.17889
/mnt/data/admuser/msadepth/compreps/seedrep_cand/protenix/9azt_HL/d4/seed1_r3/results/9azt_hl/seed_0/predictions/9azt_hl_sample_2.cif,9azt_HL,seed1_r3,9azt_hl_sample_2.cif,0.17442
/mnt/data/admuser/msadepth/compreps/seedrep_cand/protenix/9azt_HL/d4/seed1_r3/results/9azt_hl/seed_0/predictions/9azt_hl_sample_3.cif,9azt_HL,seed1_r3,9azt_hl_sample_3.cif,0.17008
/mnt/data/admuser/msadepth/compreps/seedrep_cand/protenix/9azt_HL/d4/seed1_r3/results/9azt_hl/seed_0/predictions/9azt_hl_sample_4.cif,9azt_HL,seed1_r3,9azt_hl_sample_4.cif,0.15542
/mnt/data/admuser/msadepth/compreps/seedrep_cand/protenix/9azt_HL/d4/seed2_r0/results/9azt_hl/seed_0/predictions/9azt_hl_sample_0.cif,9azt_HL,seed2_r0,9azt_hl_sample_0.cif,0.18376
/mnt/data/admuser/msadepth/compreps/seedrep_cand/protenix/9azt_HL/d4/seed2_r0/results/9azt_hl/seed_0/predictions/9azt_hl_sample_1.cif,9azt_HL,seed2_r0,9azt_hl_sample_1.cif,0.18326
/mnt/data/admuser/msadepth/compreps/seedrep_cand/protenix/9azt_HL/d4/seed2_r0/results/9azt_hl/seed_0/predictions/9azt_hl_sample_2.cif,9azt_HL,seed2_r0,9azt_hl_sample_2.cif,0.18147
/mnt/data/admuser/msadepth/compreps/seedrep_cand/protenix/9azt_HL/d4/seed2_r0/results/9azt_hl/seed_0/predictions/9azt_hl_sample_3.cif,9azt_HL,seed2_r0,9azt_hl_sample_3.cif,0.18069
/mnt/data/admuser/msadepth/compreps/seedrep_cand/protenix/9azt_HL/d4/seed2_r0/results/9azt_hl/seed_0/predictions/9azt_hl_sample_4.cif,9azt_HL,seed2_r0,9azt_hl_sample_4.cif,0.16433
/mnt/data/admuser/msadepth/compreps/seedrep_cand/protenix/9azt_HL/d4/seed2_r1/results/9azt_hl/seed_0/predictions/9azt_hl_sample_0.cif,9azt_HL,seed2_r1,9azt_hl_sample_0.cif,0.16902
/mnt/data/admuser/msadepth/compreps/seedrep_cand/protenix/9azt_HL/d4/seed2_r1/results/9azt_hl/seed_0/predictions/9azt_hl_sample_1.cif,9azt_HL,seed2_r1,9azt_hl_sample_1.cif,0.1558
/mnt/data/admuser/msadepth/compreps/seedrep_cand/protenix/9azt_HL/d4/seed2_r1/results/9azt_hl/seed_0/predictions/9azt_hl_sample_2.cif,9azt_HL,seed2_r1,9azt_hl_sample_2.cif,0.15366
/mnt/data/admuser/msadepth/compreps/seedrep_cand/protenix/9azt_HL/d4/seed2_r1/results/9azt_hl/seed_0/predictions/9azt_hl_sample_3.cif,9azt_HL,seed2_r1,9azt_hl_sample_3.cif,0.15188
/mnt/data/admuser/msadepth/compreps/seedrep_cand/protenix/9azt_HL/d4/seed2_r1/results/9azt_hl/seed_0/predictions/9azt_hl_sample_4.cif,9azt_HL,seed2_r1,9azt_hl_sample_4.cif,0.14758
/mnt/data/admuser/msadepth/compreps/seedrep_cand/protenix/9azt_HL/d4/seed2_r2/results/9azt_hl/seed_0/predictions/9azt_hl_sample_0.cif,9azt_HL,seed2_r2,9azt_hl_sample_0.cif,0.20411
/mnt/data/admuser/msadepth/compreps/seedrep_cand/protenix/9azt_HL/d4/seed2_r2/results/9azt_hl/seed_0/predictions/9azt_hl_sample_1.cif,9azt_HL,seed2_r2,9azt_hl_sample_1.cif,0.19896
/mnt/data/admuser/msadepth/compreps/seedrep_cand/protenix/9azt_HL/d4/seed2_r2/results/9azt_hl/seed_0/predictions/9azt_hl_sample_2.cif,9azt_HL,seed2_r2,9azt_hl_sample_2.cif,0.19431
/mnt/data/admuser/msadepth/compreps/seedrep_cand/protenix/9azt_HL/d4/seed2_r2/results/9azt_hl/seed_0/predictions/9azt_hl_sample_3.cif,9azt_HL,seed2_r2,9azt_hl_sample_3.cif,0.19456
/mnt/data/admuser/msadepth/compreps/seedrep_cand/protenix/9azt_HL/d4/seed2_r2/results/9azt_hl/seed_0/predictions/9azt_hl_sample_4.cif,9azt_HL,seed2_r2,9azt_hl_sample_4.cif,0.18823
/mnt/data/admuser/msadepth/compreps/seedrep_cand/protenix/9azt_HL/d4/seed2_r3/results/9azt_hl/seed_0/predictions/9azt_hl_sample_0.cif,9azt_HL,seed2_r3,9azt_hl_sample_0.cif,0.16333
/mnt/data/admuser/msadepth/compreps/seedrep_cand/protenix/9azt_HL/d4/seed2_r3/results/9azt_hl/seed_0/predictions/9azt_hl_sample_1.cif,9azt_HL,seed2_r3,9azt_hl_sample_1.cif,0.16154
/mnt/data/admuser/msadepth/compreps/seedrep_cand/protenix/9azt_HL/d4/seed2_r3/results/9azt_hl/seed_0/predictions/9azt_hl_sample_2.cif,9azt_HL,seed2_r3,9azt_hl_sample_2.cif,0.15912
/mnt/data/admuser/msadepth/compreps/seedrep_cand/protenix/9azt_HL/d4/seed2_r3/results/9azt_hl/seed_0/predictions/9azt_hl_sample_3.cif,9azt_HL,seed2_r3,9azt_hl_sample_3.cif,0.15865
/mnt/data/admuser/msadepth/compreps/seedrep_cand/protenix/9azt_HL/d4/seed2_r3/results/9azt_hl/seed_0/predictions/9azt_hl_sample_4.cif,9azt_HL,seed2_r3,9azt_hl_sample_4.cif,0.15715
/mnt/data/admuser/msadepth/compreps/seedrep_cand/protenix/9azt_HL/d4/seed3_r0/results/9azt_hl/seed_0/predictions/9azt_hl_sample_0.cif,9azt_HL,seed3_r0,9azt_hl_sample_0.cif,0.18191
/mnt/data/admuser/msadepth/compreps/seedrep_cand/protenix/9azt_HL/d4/seed3_r0/results/9azt_hl/seed_0/predictions/9azt_hl_sample_1.cif,9azt_HL,seed3_r0,9azt_hl_sample_1.cif,0.17902
/mnt/data/admuser/msadepth/compreps/seedrep_cand/protenix/9azt_HL/d4/seed3_r0/results/9azt_hl/seed_0/predictions/9azt_hl_sample_2.cif,9azt_HL,seed3_r0,9azt_hl_sample_2.cif,0.17823
/mnt/data/admuser/msadepth/compreps/seedrep_cand/protenix/9azt_HL/d4/seed3_r0/results/9azt_hl/seed_0/predictions/9azt_hl_sample_3.cif,9azt_HL,seed3_r0,9azt_hl_sample_3.cif,0.17724
/mnt/data/admuser/msadepth/compreps/seedrep_cand/protenix/9azt_HL/d4/seed3_r0/results/9azt_hl/seed_0/predictions/9azt_hl_sample_4.cif,9azt_HL,seed3_r0,9azt_hl_sample_4.cif,0.17186
/mnt/data/admuser/msadepth/compreps/seedrep_cand/protenix/9azt_HL/d4/seed3_r1/results/9azt_hl/seed_0/predictions/9azt_hl_sample_0.cif,9azt_HL,seed3_r1,9azt_hl_sample_0.cif,0.19465
/mnt/data/admuser/msadepth/compreps/seedrep_cand/protenix/9azt_HL/d4/seed3_r1/results/9azt_hl/seed_0/predictions/9azt_hl_sample_1.cif,9azt_HL,seed3_r1,9azt_hl_sample_1.cif,0.19123
/mnt/data/admuser/msadepth/compreps/seedrep_cand/protenix/9azt_HL/d4/seed3_r1/results/9azt_hl/seed_0/predictions/9azt_hl_sample_2.cif,9azt_HL,seed3_r1,9azt_hl_sample_2.cif,0.19024
/mnt/data/admuser/msadepth/compreps/seedrep_cand/protenix/9azt_HL/d4/seed3_r1/results/9azt_hl/seed_0/predictions/9azt_hl_sample_3.cif,9azt_HL,seed3_r1,9azt_hl_sample_3.cif,0.18931
/mnt/data/admuser/msadepth/compreps/seedrep_cand/protenix/9azt_HL/d4/seed3_r1/results/9azt_hl/seed_0/predictions/9azt_hl_sample_4.cif,9azt_HL,seed3_r1,9azt_hl_sample_4.cif,0.18711
/mnt/data/admuser/msadepth/compreps/seedrep_cand/protenix/9azt_HL/d4/seed3_r2/results/9azt_hl/seed_0/predictions/9azt_hl_sample_0.cif,9azt_HL,seed3_r2,9azt_hl_sample_0.cif,0.18899
/mnt/data/admuser/msadepth/compreps/seedrep_cand/protenix/9azt_HL/d4/seed3_r2/results/9azt_hl/seed_0/predictions/9azt_hl_sample_1.cif,9azt_HL,seed3_r2,9azt_hl_sample_1.cif,0.18636
/mnt/data/admuser/msadepth/compreps/seedrep_cand/protenix/9azt_HL/d4/seed3_r2/results/9azt_hl/seed_0/predictions/9azt_hl_sample_2.cif,9azt_HL,seed3_r2,9azt_hl_sample_2.cif,0.18705
/mnt/data/admuser/msadepth/compreps/seedrep_cand/protenix/9azt_HL/d4/seed3_r2/results/9azt_hl/seed_0/predictions/9azt_hl_sample_3.cif,9azt_HL,seed3_r2,9azt_hl_sample_3.cif,0.18705
/mnt/data/admuser/msadepth/compreps/seedrep_cand/protenix/9azt_HL/d4/seed3_r2/results/9azt_hl/seed_0/predictions/9azt_hl_sample_4.cif,9azt_HL,seed3_r2,9azt_hl_sample_4.cif,0.16032
/mnt/data/admuser/msadepth/compreps/seedrep_cand/protenix/9azt_HL/d4/seed3_r3/results/9azt_hl/seed_0/predictions/9azt_hl_sample_0.cif,9azt_HL,seed3_r3,9azt_hl_sample_0.cif,0.15956
/mnt/data/admuser/msadepth/compreps/seedrep_cand/protenix/9azt_HL/d4/seed3_r3/results/9azt_hl/seed_0/predictions/9azt_hl_sample_1.cif,9azt_HL,seed3_r3,9azt_hl_sample_1.cif,0.15745
/mnt/data/admuser/msadepth/compreps/seedrep_cand/protenix/9azt_HL/d4/seed3_r3/results/9azt_hl/seed_0/predictions/9azt_hl_sample_2.cif,9azt_HL,seed3_r3,9azt_hl_sample_2.cif,0.15657
/mnt/data/admuser/msadepth/compreps/seedrep_cand/protenix/9azt_HL/d4/seed3_r3/results/9azt_hl/seed_0/predictions/9azt_hl_sample_3.cif,9azt_HL,seed3_r3,9azt_hl_sample_3.cif,0.15406
/mnt/data/admuser/msadepth/compreps/seedrep_cand/protenix/9azt_HL/d4/seed3_r3/results/9azt_hl/seed_0/predictions/9azt_hl_sample_4.cif,9azt_HL,seed3_r3,9azt_hl_sample_4.cif,0.15353
/mnt/data/admuser/msadepth/compreps/seedrep_cand/protenix/9azt_HL/d4/seed4_r0/results/9azt_hl/seed_0/predictions/9azt_hl_sample_0.cif,9azt_HL,seed4_r0,9azt_hl_sample_0.cif,0.15608
/mnt/data/admuser/msadepth/compreps/seedrep_cand/protenix/9azt_HL/d4/seed4_r0/results/9azt_hl/seed_0/predictions/9azt_hl_sample_1.cif,9azt_HL,seed4_r0,9azt_hl_sample_1.cif,0.15356
/mnt/data/admuser/msadepth/compreps/seedrep_cand/protenix/9azt_HL/d4/seed4_r0/results/9azt_hl/seed_0/predictions/9azt_hl_sample_2.cif,9azt_HL,seed4_r0,9azt_hl_sample_2.cif,0.14957
/mnt/data/admuser/msadepth/compreps/seedrep_cand/protenix/9azt_HL/d4/seed4_r0/results/9azt_hl/seed_0/predictions/9azt_hl_sample_3.cif,9azt_HL,seed4_r0,9azt_hl_sample_3.cif,0.14622
/mnt/data/admuser/msadepth/compreps/seedrep_cand/protenix/9azt_HL/d4/seed4_r0/results/9azt_hl/seed_0/predictions/9azt_hl_sample_4.cif,9azt_HL,seed4_r0,9azt_hl_sample_4.cif,0.13741
/mnt/data/admuser/msadepth/compreps/seedrep_cand/protenix/9azt_HL/d4/seed4_r1/results/9azt_hl/seed_0/predictions/9azt_hl_sample_0.cif,9azt_HL,seed4_r1,9azt_hl_sample_0.cif,0.16188
/mnt/data/admuser/msadepth/compreps/seedrep_cand/protenix/9azt_HL/d4/seed4_r1/results/9azt_hl/seed_0/predictions/9azt_hl_sample_1.cif,9azt_HL,seed4_r1,9azt_hl_sample_1.cif,0.15903
/mnt/data/admuser/msadepth/compreps/seedrep_cand/protenix/9azt_HL/d4/seed4_r1/results/9azt_hl/seed_0/predictions/9azt_hl_sample_2.cif,9azt_HL,seed4_r1,9azt_hl_sample_2.cif,0.15548
/mnt/data/admuser/msadepth/compreps/seedrep_cand/protenix/9azt_HL/d4/seed4_r1/results/9azt_hl/seed_0/predictions/9azt_hl_sample_3.cif,9azt_HL,seed4_r1,9azt_hl_sample_3.cif,0.15231
/mnt/data/admuser/msadepth/compreps/seedrep_cand/protenix/9azt_HL/d4/seed4_r1/results/9azt_hl/seed_0/predictions/9azt_hl_sample_4.cif,9azt_HL,seed4_r1,9azt_hl_sample_4.cif,0.14579
/mnt/data/admuser/msadepth/compreps/seedrep_cand/protenix/9azt_HL/d4/seed4_r2/results/9azt_hl/seed_0/predictions/9azt_hl_sample_0.cif,9azt_HL,seed4_r2,9azt_hl_sample_0.cif,0.17848
/mnt/data/admuser/msadepth/compreps/seedrep_cand/protenix/9azt_HL/d4/seed4_r2/results/9azt_hl/seed_0/predictions/9azt_hl_sample_1.cif,9azt_HL,seed4_r2,9azt_hl_sample_1.cif,0.17597
/mnt/data/admuser/msadepth/compreps/seedrep_cand/protenix/9azt_HL/d4/seed4_r2/results/9azt_hl/seed_0/predictions/9azt_hl_sample_2.cif,9azt_HL,seed4_r2,9azt_hl_sample_2.cif,0.17293
/mnt/data/admuser/msadepth/compreps/seedrep_cand/protenix/9azt_HL/d4/seed4_r2/results/9azt_hl/seed_0/predictions/9azt_hl_sample_3.cif,9azt_HL,seed4_r2,9azt_hl_sample_3.cif,0.16878
/mnt/data/admuser/msadepth/compreps/seedrep_cand/protenix/9azt_HL/d4/seed4_r2/results/9azt_hl/seed_0/predictions/9azt_hl_sample_4.cif,9azt_HL,seed4_r2,9azt_hl_sample_4.cif,0.15396
/mnt/data/admuser/msadepth/compreps/seedrep_cand/protenix/9azt_HL/d4/seed4_r3/results/9azt_hl/seed_0/predictions/9azt_hl_sample_0.cif,9azt_HL,seed4_r3,9azt_hl_sample_0.cif,0.16039
/mnt/data/admuser/msadepth/compreps/seedrep_cand/protenix/9azt_HL/d4/seed4_r3/results/9azt_hl/seed_0/predictions/9azt_hl_sample_1.cif,9azt_HL,seed4_r3,9azt_hl_sample_1.cif,0.15374
/mnt/data/admuser/msadepth/compreps/seedrep_cand/protenix/9azt_HL/d4/seed4_r3/results/9azt_hl/seed_0/predictions/9azt_hl_sample_2.cif,9azt_HL,seed4_r3,9azt_hl_sample_2.cif,0.15525
/mnt/data/admuser/msadepth/compreps/seedrep_cand/protenix/9azt_HL/d4/seed4_r3/results/9azt_hl/seed_0/predictions/9azt_hl_sample_3.cif,9azt_HL,seed4_r3,9azt_hl_sample_3.cif,0.15297
/mnt/data/admuser/msadepth/compreps/seedrep_cand/protenix/9azt_HL/d4/seed4_r3/results/9azt_hl/seed_0/predictions/9azt_hl_sample_4.cif,9azt_HL,seed4_r3,9azt_hl_sample_4.cif,0.14957
/mnt/data/admuser/msadepth/compreps/seedrep_cand/protenix/9azt_HL/d4/seed5_r0/results/9azt_hl/seed_0/predictions/9azt_hl_sample_0.cif,9azt_HL,seed5_r0,9azt_hl_sample_0.cif,0.17584
/mnt/data/admuser/msadepth/compreps/seedrep_cand/protenix/9azt_HL/d4/seed5_r0/results/9azt_hl/seed_0/predictions/9azt_hl_sample_1.cif,9azt_HL,seed5_r0,9azt_hl_sample_1.cif,0.17378
/mnt/data/admuser/msadepth/compreps/seedrep_cand/protenix/9azt_HL/d4/seed5_r0/results/9azt_hl/seed_0/predictions/9azt_hl_sample_2.cif,9azt_HL,seed5_r0,9azt_hl_sample_2.cif,0.17318
/mnt/data/admuser/msadepth/compreps/seedrep_cand/protenix/9azt_HL/d4/seed5_r0/results/9azt_hl/seed_0/predictions/9azt_hl_sample_3.cif,9azt_HL,seed5_r0,9azt_hl_sample_3.cif,0.16208
/mnt/data/admuser/msadepth/compreps/seedrep_cand/protenix/9azt_HL/d4/seed5_r0/results/9azt_hl/seed_0/predictions/9azt_hl_sample_4.cif,9azt_HL,seed5_r0,9azt_hl_sample_4.cif,0.15499
/mnt/data/admuser/msadepth/compreps/seedrep_cand/protenix/9azt_HL/d4/seed5_r1/results/9azt_hl/seed_0/predictions/9azt_hl_sample_0.cif,9azt_HL,seed5_r1,9azt_hl_sample_0.cif,0.1805
/mnt/data/admuser/msadepth/compreps/seedrep_cand/protenix/9azt_HL/d4/seed5_r1/results/9azt_hl/seed_0/predictions/9azt_hl_sample_1.cif,9azt_HL,seed5_r1,9azt_hl_sample_1.cif,0.17858
/mnt/data/admuser/msadepth/compreps/seedrep_cand/protenix/9azt_HL/d4/seed5_r1/results/9azt_hl/seed_0/predictions/9azt_hl_sample_2.cif,9azt_HL,seed5_r1,9azt_hl_sample_2.cif,0.17806
/mnt/data/admuser/msadepth/compreps/seedrep_cand/protenix/9azt_HL/d4/seed5_r1/results/9azt_hl/seed_0/predictions/9azt_hl_sample_3.cif,9azt_HL,seed5_r1,9azt_hl_sample_3.cif,0.17726
/mnt/data/admuser/msadepth/compreps/seedrep_cand/protenix/9azt_HL/d4/seed5_r1/results/9azt_hl/seed_0/predictions/9azt_hl_sample_4.cif,9azt_HL,seed5_r1,9azt_hl_sample_4.cif,0.15875
/mnt/data/admuser/msadepth/compreps/seedrep_cand/protenix/9azt_HL/d4/seed5_r2/results/9azt_hl/seed_0/predictions/9azt_hl_sample_0.cif,9azt_HL,seed5_r2,9azt_hl_sample_0.cif,0.17568
/mnt/data/admuser/msadepth/compreps/seedrep_cand/protenix/9azt_HL/d4/seed5_r2/results/9azt_hl/seed_0/predictions/9azt_hl_sample_1.cif,9azt_HL,seed5_r2,9azt_hl_sample_1.cif,0.17255
/mnt/data/admuser/msadepth/compreps/seedrep_cand/protenix/9azt_HL/d4/seed5_r2/results/9azt_hl/seed_0/predictions/9azt_hl_sample_2.cif,9azt_HL,seed5_r2,9azt_hl_sample_2.cif,0.17197
/mnt/data/admuser/msadepth/compreps/seedrep_cand/protenix/9azt_HL/d4/seed5_r2/results/9azt_hl/seed_0/predictions/9azt_hl_sample_3.cif,9azt_HL,seed5_r2,9azt_hl_sample_3.cif,0.16949
/mnt/data/admuser/msadepth/compreps/seedrep_cand/protenix/9azt_HL/d4/seed5_r2/results/9azt_hl/seed_0/predictions/9azt_hl_sample_4.cif,9azt_HL,seed5_r2,9azt_hl_sample_4.cif,0.16935
/mnt/data/admuser/msadepth/compreps/seedrep_cand/protenix/9azt_HL/d4/seed5_r3/results/9azt_hl/seed_0/predictions/9azt_hl_sample_0.cif,9azt_HL,seed5_r3,9azt_hl_sample_0.cif,0.18377
/mnt/data/admuser/msadepth/compreps/seedrep_cand/protenix/9azt_HL/d4/seed5_r3/results/9azt_hl/seed_0/predictions/9azt_hl_sample_1.cif,9azt_HL,seed5_r3,9azt_hl_sample_1.cif,0.18275
/mnt/data/admuser/msadepth/compreps/seedrep_cand/protenix/9azt_HL/d4/seed5_r3/results/9azt_hl/seed_0/predictions/9azt_hl_sample_2.cif,9azt_HL,seed5_r3,9azt_hl_sample_2.cif,0.18247
/mnt/data/admuser/msadepth/compreps/seedrep_cand/protenix/9azt_HL/d4/seed5_r3/results/9azt_hl/seed_0/predictions/9azt_hl_sample_3.cif,9azt_HL,seed5_r3,9azt_hl_sample_3.cif,0.17393
/mnt/data/admuser/msadepth/compreps/seedrep_cand/protenix/9azt_HL/d4/seed5_r3/results/9azt_hl/seed_0/predictions/9azt_hl_sample_4.cif,9azt_HL,seed5_r3,9azt_hl_sample_4.cif,0.16636
/mnt/data/admuser/msadepth/compreps/seedrep_cand/protenix/9azt_HL/d4/seedfull_r0/results/9azt_hl/seed_0/predictions/9azt_hl_sample_0.cif,9azt_HL,seedfull_r0,9azt_hl_sample_0.cif,0.30782
/mnt/data/admuser/msadepth/compreps/seedrep_cand/protenix/9azt_HL/d4/seedfull_r0/results/9azt_hl/seed_0/predictions/9azt_hl_sample_1.cif,9azt_HL,seedfull_r0,9azt_hl_sample_1.cif,0.30546
/mnt/data/admuser/msadepth/compreps/seedrep_cand/protenix/9azt_HL/d4/seedfull_r0/results/9azt_hl/seed_0/predictions/9azt_hl_sample_2.cif,9azt_HL,seedfull_r0,9azt_hl_sample_2.cif,0.30431
/mnt/data/admuser/msadepth/compreps/seedrep_cand/protenix/9azt_HL/d4/seedfull_r0/results/9azt_hl/seed_0/predictions/9azt_hl_sample_3.cif,9azt_HL,seedfull_r0,9azt_hl_sample_3.cif,0.30295
/mnt/data/admuser/msadepth/compreps/seedrep_cand/protenix/9azt_HL/d4/seedfull_r0/results/9azt_hl/seed_0/predictions/9azt_hl_sample_4.cif,9azt_HL,seedfull_r0,9azt_hl_sample_4.cif,0.30053
/mnt/data/admuser/msadepth/compreps/seedrep_cand/protenix/9azt_HL/d4/seedfull_r1/results/9azt_hl/seed_0/predictions/9azt_hl_sample_0.cif,9azt_HL,seedfull_r1,9azt_hl_sample_0.cif,0.24308
/mnt/data/admuser/msadepth/compreps/seedrep_cand/protenix/9azt_HL/d4/seedfull_r1/results/9azt_hl/seed_0/predictions/9azt_hl_sample_1.cif,9azt_HL,seedfull_r1,9azt_hl_sample_1.cif,0.24253
/mnt/data/admuser/msadepth/compreps/seedrep_cand/protenix/9azt_HL/d4/seedfull_r1/results/9azt_hl/seed_0/predictions/9azt_hl_sample_2.cif,9azt_HL,seedfull_r1,9azt_hl_sample_2.cif,0.24271
/mnt/data/admuser/msadepth/compreps/seedrep_cand/protenix/9azt_HL/d4/seedfull_r1/results/9azt_hl/seed_0/predictions/9azt_hl_sample_3.cif,9azt_HL,seedfull_r1,9azt_hl_sample_3.cif,0.24282
/mnt/data/admuser/msadepth/compreps/seedrep_cand/protenix/9azt_HL/d4/seedfull_r1/results/9azt_hl/seed_0/predictions/9azt_hl_sample_4.cif,9azt_HL,seedfull_r1,9azt_hl_sample_4.cif,0.23834
/mnt/data/admuser/msadepth/compreps/seedrep_cand/protenix/9azt_HL/d4/seedfull_r2/results/9azt_hl/seed_0/predictions/9azt_hl_sample_0.cif,9azt_HL,seedfull_r2,9azt_hl_sample_0.cif,0.29262
/mnt/data/admuser/msadepth/compreps/seedrep_cand/protenix/9azt_HL/d4/seedfull_r2/results/9azt_hl/seed_0/predictions/9azt_hl_sample_1.cif,9azt_HL,seedfull_r2,9azt_hl_sample_1.cif,0.29114
/mnt/data/admuser/msadepth/compreps/seedrep_cand/protenix/9azt_HL/d4/seedfull_r2/results/9azt_hl/seed_0/predictions/9azt_hl_sample_2.cif,9azt_HL,seedfull_r2,9azt_hl_sample_2.cif,0.28951
/mnt/data/admuser/msadepth/compreps/seedrep_cand/protenix/9azt_HL/d4/seedfull_r2/results/9azt_hl/seed_0/predictions/9azt_hl_sample_3.cif,9azt_HL,seedfull_r2,9azt_hl_sample_3.cif,0.28534
/mnt/data/admuser/msadepth/compreps/seedrep_cand/protenix/9azt_HL/d4/seedfull_r2/results/9azt_hl/seed_0/predictions/9azt_hl_sample_4.cif,9azt_HL,seedfull_r2,9azt_hl_sample_4.cif,0.28147
/mnt/data/admuser/msadepth/compreps/seedrep_cand/protenix/9azt_HL/d4/seedfull_r3/results/9azt_hl/seed_0/predictions/9azt_hl_sample_0.cif,9azt_HL,seedfull_r3,9azt_hl_sample_0.cif,0.32157
/mnt/data/admuser/msadepth/compreps/seedrep_cand/protenix/9azt_HL/d4/seedfull_r3/results/9azt_hl/seed_0/predictions/9azt_hl_sample_1.cif,9azt_HL,seedfull_r3,9azt_hl_sample_1.cif,0.3204
/mnt/data/admuser/msadepth/compreps/seedrep_cand/protenix/9azt_HL/d4/seedfull_r3/results/9azt_hl/seed_0/predictions/9azt_hl_sample_2.cif,9azt_HL,seedfull_r3,9azt_hl_sample_2.cif,0.31953
/mnt/data/admuser/msadepth/compreps/seedrep_cand/protenix/9azt_HL/d4/seedfull_r3/results/9azt_hl/seed_0/predictions/9azt_hl_sample_3.cif,9azt_HL,seedfull_r3,9azt_hl_sample_3.cif,0.31941
/mnt/data/admuser/msadepth/compreps/seedrep_cand/protenix/9azt_HL/d4/seedfull_r3/results/9azt_hl/seed_0/predictions/9azt_hl_sample_4.cif,9azt_HL,seedfull_r3,9azt_hl_sample_4.cif,0.3175
/mnt/data/admuser/msadepth/compreps/seedrep_cand/protenix/9azt_HL/d4/seedfull_r4/results/9azt_hl/seed_0/predictions/9azt_hl_sample_0.cif,9azt_HL,seedfull_r4,9azt_hl_sample_0.cif,0.28084
/mnt/data/admuser/msadepth/compreps/seedrep_cand/protenix/9azt_HL/d4/seedfull_r4/results/9azt_hl/seed_0/predictions/9azt_hl_sample_1.cif,9azt_HL,seedfull_r4,9azt_hl_sample_1.cif,0.2811
/mnt/data/admuser/msadepth/compreps/seedrep_cand/protenix/9azt_HL/d4/seedfull_r4/results/9azt_hl/seed_0/predictions/9azt_hl_sample_2.cif,9azt_HL,seedfull_r4,9azt_hl_sample_2.cif,0.28048
/mnt/data/admuser/msadepth/compreps/seedrep_cand/protenix/9azt_HL/d4/seedfull_r4/results/9azt_hl/seed_0/predictions/9azt_hl_sample_3.cif,9azt_HL,seedfull_r4,9azt_hl_sample_3.cif,0.27927
/mnt/data/admuser/msadepth/compreps/seedrep_cand/protenix/9azt_HL/d4/seedfull_r4/results/9azt_hl/seed_0/predictions/9azt_hl_sample_4.cif,9azt_HL,seedfull_r4,9azt_hl_sample_4.cif,0.27759
/mnt/data/admuser/msadepth/compreps/seedrep_cand/protenix/9azt_HL/d4/seedfull_r5/results/9azt_hl/seed_0/predictions/9azt_hl_sample_0.cif,9azt_HL,seedfull_r5,9azt_hl_sample_0.cif,0.28867
/mnt/data/admuser/msadepth/compreps/seedrep_cand/protenix/9azt_HL/d4/seedfull_r5/results/9azt_hl/seed_0/predictions/9azt_hl_sample_1.cif,9azt_HL,seedfull_r5,9azt_hl_sample_1.cif,0.28848
/mnt/data/admuser/msadepth/compreps/seedrep_cand/protenix/9azt_HL/d4/seedfull_r5/results/9azt_hl/seed_0/predictions/9azt_hl_sample_2.cif,9azt_HL,seedfull_r5,9azt_hl_sample_2.cif,0.28831
/mnt/data/admuser/msadepth/compreps/seedrep_cand/protenix/9azt_HL/d4/seedfull_r5/results/9azt_hl/seed_0/predictions/9azt_hl_sample_3.cif,9azt_HL,seedfull_r5,9azt_hl_sample_3.cif,0.28455
/mnt/data/admuser/msadepth/compreps/seedrep_cand/protenix/9azt_HL/d4/seedfull_r5/results/9azt_hl/seed_0/predictions/9azt_hl_sample_4.cif,9azt_HL,seedfull_r5,9azt_hl_sample_4.cif,0.28325
/mnt/data/admuser/msadepth/compreps/seedrep_cand/protenix/9azt_HL/d4/seedfull_r6/results/9azt_hl/seed_0/predictions/9azt_hl_sample_0.cif,9azt_HL,seedfull_r6,9azt_hl_sample_0.cif,0.30487
/mnt/data/admuser/msadepth/compreps/seedrep_cand/protenix/9azt_HL/d4/seedfull_r6/results/9azt_hl/seed_0/predictions/9azt_hl_sample_1.cif,9azt_HL,seedfull_r6,9azt_hl_sample_1.cif,0.30469
/mnt/data/admuser/msadepth/compreps/seedrep_cand/protenix/9azt_HL/d4/seedfull_r6/results/9azt_hl/seed_0/predictions/9azt_hl_sample_2.cif,9azt_HL,seedfull_r6,9azt_hl_sample_2.cif,0.30453
/mnt/data/admuser/msadepth/compreps/seedrep_cand/protenix/9azt_HL/d4/seedfull_r6/results/9azt_hl/seed_0/predictions/9azt_hl_sample_3.cif,9azt_HL,seedfull_r6,9azt_hl_sample_3.cif,0.3031
/mnt/data/admuser/msadepth/compreps/seedrep_cand/protenix/9azt_HL/d4/seedfull_r6/results/9azt_hl/seed_0/predictions/9azt_hl_sample_4.cif,9azt_HL,seedfull_r6,9azt_hl_sample_4.cif,0.30252
/mnt/data/admuser/msadepth/compreps/seedrep_cand/protenix/9azt_HL/d4/seedfull_r7/results/9azt_hl/seed_0/predictions/9azt_hl_sample_0.cif,9azt_HL,seedfull_r7,9azt_hl_sample_0.cif,0.3205
/mnt/data/admuser/msadepth/compreps/seedrep_cand/protenix/9azt_HL/d4/seedfull_r7/results/9azt_hl/seed_0/predictions/9azt_hl_sample_1.cif,9azt_HL,seedfull_r7,9azt_hl_sample_1.cif,0.31888
/mnt/data/admuser/msadepth/compreps/seedrep_cand/protenix/9azt_HL/d4/seedfull_r7/results/9azt_hl/seed_0/predictions/9azt_hl_sample_2.cif,9azt_HL,seedfull_r7,9azt_hl_sample_2.cif,0.31652
/mnt/data/admuser/msadepth/compreps/seedrep_cand/protenix/9azt_HL/d4/seedfull_r7/results/9azt_hl/seed_0/predictions/9azt_hl_sample_3.cif,9azt_HL,seedfull_r7,9azt_hl_sample_3.cif,0.31575
/mnt/data/admuser/msadepth/compreps/seedrep_cand/protenix/9azt_HL/d4/seedfull_r7/results/9azt_hl/seed_0/predictions/9azt_hl_sample_4.cif,9azt_HL,seedfull_r7,9azt_hl_sample_4.cif,0.31562
/mnt/data/admuser/msadepth/compreps/seedrep_cand/protenix/9azv_HL/d293/seed0_r0/results/9azv_hl/seed_0/predictions/9azv_hl_sample_0.cif,9azv_HL,seed0_r0,9azv_hl_sample_0.cif,0.18412
/mnt/data/admuser/msadepth/compreps/seedrep_cand/protenix/9azv_HL/d293/seed0_r0/results/9azv_hl/seed_0/predictions/9azv_hl_sample_1.cif,9azv_HL,seed0_r0,9azv_hl_sample_1.cif,0.18152
/mnt/data/admuser/msadepth/compreps/seedrep_cand/protenix/9azv_HL/d293/seed0_r0/results/9azv_hl/seed_0/predictions/9azv_hl_sample_2.cif,9azv_HL,seed0_r0,9azv_hl_sample_2.cif,0.17701
/mnt/data/admuser/msadepth/compreps/seedrep_cand/protenix/9azv_HL/d293/seed0_r0/results/9azv_hl/seed_0/predictions/9azv_hl_sample_3.cif,9azv_HL,seed0_r0,9azv_hl_sample_3.cif,0.16022
/mnt/data/admuser/msadepth/compreps/seedrep_cand/protenix/9azv_HL/d293/seed0_r0/results/9azv_hl/seed_0/predictions/9azv_hl_sample_4.cif,9azv_HL,seed0_r0,9azv_hl_sample_4.cif,0.15698
/mnt/data/admuser/msadepth/compreps/seedrep_cand/protenix/9azv_HL/d293/seed0_r1/results/9azv_hl/seed_0/predictions/9azv_hl_sample_0.cif,9azv_HL,seed0_r1,9azv_hl_sample_0.cif,0.18542
/mnt/data/admuser/msadepth/compreps/seedrep_cand/protenix/9azv_HL/d293/seed0_r1/results/9azv_hl/seed_0/predictions/9azv_hl_sample_1.cif,9azv_HL,seed0_r1,9azv_hl_sample_1.cif,0.18317
/mnt/data/admuser/msadepth/compreps/seedrep_cand/protenix/9azv_HL/d293/seed0_r1/results/9azv_hl/seed_0/predictions/9azv_hl_sample_2.cif,9azv_HL,seed0_r1,9azv_hl_sample_2.cif,0.18321
/mnt/data/admuser/msadepth/compreps/seedrep_cand/protenix/9azv_HL/d293/seed0_r1/results/9azv_hl/seed_0/predictions/9azv_hl_sample_3.cif,9azv_HL,seed0_r1,9azv_hl_sample_3.cif,0.17994
/mnt/data/admuser/msadepth/compreps/seedrep_cand/protenix/9azv_HL/d293/seed0_r1/results/9azv_hl/seed_0/predictions/9azv_hl_sample_4.cif,9azv_HL,seed0_r1,9azv_hl_sample_4.cif,0.16438
/mnt/data/admuser/msadepth/compreps/seedrep_cand/protenix/9azv_HL/d293/seed0_r2/results/9azv_hl/seed_0/predictions/9azv_hl_sample_0.cif,9azv_HL,seed0_r2,9azv_hl_sample_0.cif,0.20151
/mnt/data/admuser/msadepth/compreps/seedrep_cand/protenix/9azv_HL/d293/seed0_r2/results/9azv_hl/seed_0/predictions/9azv_hl_sample_1.cif,9azv_HL,seed0_r2,9azv_hl_sample_1.cif,0.17523
/mnt/data/admuser/msadepth/compreps/seedrep_cand/protenix/9azv_HL/d293/seed0_r2/results/9azv_hl/seed_0/predictions/9azv_hl_sample_2.cif,9azv_HL,seed0_r2,9azv_hl_sample_2.cif,0.17562
/mnt/data/admuser/msadepth/compreps/seedrep_cand/protenix/9azv_HL/d293/seed0_r2/results/9azv_hl/seed_0/predictions/9azv_hl_sample_3.cif,9azv_HL,seed0_r2,9azv_hl_sample_3.cif,0.1734
/mnt/data/admuser/msadepth/compreps/seedrep_cand/protenix/9azv_HL/d293/seed0_r2/results/9azv_hl/seed_0/predictions/9azv_hl_sample_4.cif,9azv_HL,seed0_r2,9azv_hl_sample_4.cif,0.17193
/mnt/data/admuser/msadepth/compreps/seedrep_cand/protenix/9azv_HL/d293/seed0_r3/results/9azv_hl/seed_0/predictions/9azv_hl_sample_0.cif,9azv_HL,seed0_r3,9azv_hl_sample_0.cif,0.20642
/mnt/data/admuser/msadepth/compreps/seedrep_cand/protenix/9azv_HL/d293/seed0_r3/results/9azv_hl/seed_0/predictions/9azv_hl_sample_1.cif,9azv_HL,seed0_r3,9azv_hl_sample_1.cif,0.18726
/mnt/data/admuser/msadepth/compreps/seedrep_cand/protenix/9azv_HL/d293/seed0_r3/results/9azv_hl/seed_0/predictions/9azv_hl_sample_2.cif,9azv_HL,seed0_r3,9azv_hl_sample_2.cif,0.18761
/mnt/data/admuser/msadepth/compreps/seedrep_cand/protenix/9azv_HL/d293/seed0_r3/results/9azv_hl/seed_0/predictions/9azv_hl_sample_3.cif,9azv_HL,seed0_r3,9azv_hl_sample_3.cif,0.18219
/mnt/data/admuser/msadepth/compreps/seedrep_cand/protenix/9azv_HL/d293/seed0_r3/results/9azv_hl/seed_0/predictions/9azv_hl_sample_4.cif,9azv_HL,seed0_r3,9azv_hl_sample_4.cif,0.17964
/mnt/data/admuser/msadepth/compreps/seedrep_cand/protenix/9azv_HL/d293/seed1_r0/results/9azv_hl/seed_0/predictions/9azv_hl_sample_0.cif,9azv_HL,seed1_r0,9azv_hl_sample_0.cif,0.18192
/mnt/data/admuser/msadepth/compreps/seedrep_cand/protenix/9azv_HL/d293/seed1_r0/results/9azv_hl/seed_0/predictions/9azv_hl_sample_1.cif,9azv_HL,seed1_r0,9azv_hl_sample_1.cif,0.18065
/mnt/data/admuser/msadepth/compreps/seedrep_cand/protenix/9azv_HL/d293/seed1_r0/results/9azv_hl/seed_0/predictions/9azv_hl_sample_2.cif,9azv_HL,seed1_r0,9azv_hl_sample_2.cif,0.17618
/mnt/data/admuser/msadepth/compreps/seedrep_cand/protenix/9azv_HL/d293/seed1_r0/results/9azv_hl/seed_0/predictions/9azv_hl_sample_3.cif,9azv_HL,seed1_r0,9azv_hl_sample_3.cif,0.16854
/mnt/data/admuser/msadepth/compreps/seedrep_cand/protenix/9azv_HL/d293/seed1_r0/results/9azv_hl/seed_0/predictions/9azv_hl_sample_4.cif,9azv_HL,seed1_r0,9azv_hl_sample_4.cif,0.16468
/mnt/data/admuser/msadepth/compreps/seedrep_cand/protenix/9azv_HL/d293/seed1_r1/results/9azv_hl/seed_0/predictions/9azv_hl_sample_0.cif,9azv_HL,seed1_r1,9azv_hl_sample_0.cif,0.26504
/mnt/data/admuser/msadepth/compreps/seedrep_cand/protenix/9azv_HL/d293/seed1_r1/results/9azv_hl/seed_0/predictions/9azv_hl_sample_1.cif,9azv_HL,seed1_r1,9azv_hl_sample_1.cif,0.25524
/mnt/data/admuser/msadepth/compreps/seedrep_cand/protenix/9azv_HL/d293/seed1_r1/results/9azv_hl/seed_0/predictions/9azv_hl_sample_2.cif,9azv_HL,seed1_r1,9azv_hl_sample_2.cif,0.23897
/mnt/data/admuser/msadepth/compreps/seedrep_cand/protenix/9azv_HL/d293/seed1_r1/results/9azv_hl/seed_0/predictions/9azv_hl_sample_3.cif,9azv_HL,seed1_r1,9azv_hl_sample_3.cif,0.20881
/mnt/data/admuser/msadepth/compreps/seedrep_cand/protenix/9azv_HL/d293/seed1_r1/results/9azv_hl/seed_0/predictions/9azv_hl_sample_4.cif,9azv_HL,seed1_r1,9azv_hl_sample_4.cif,0.2102
/mnt/data/admuser/msadepth/compreps/seedrep_cand/protenix/9azv_HL/d293/seed1_r2/results/9azv_hl/seed_0/predictions/9azv_hl_sample_0.cif,9azv_HL,seed1_r2,9azv_hl_sample_0.cif,0.16587
/mnt/data/admuser/msadepth/compreps/seedrep_cand/protenix/9azv_HL/d293/seed1_r2/results/9azv_hl/seed_0/predictions/9azv_hl_sample_1.cif,9azv_HL,seed1_r2,9azv_hl_sample_1.cif,0.16526
/mnt/data/admuser/msadepth/compreps/seedrep_cand/protenix/9azv_HL/d293/seed1_r2/results/9azv_hl/seed_0/predictions/9azv_hl_sample_2.cif,9azv_HL,seed1_r2,9azv_hl_sample_2.cif,0.16552
/mnt/data/admuser/msadepth/compreps/seedrep_cand/protenix/9azv_HL/d293/seed1_r2/results/9azv_hl/seed_0/predictions/9azv_hl_sample_3.cif,9azv_HL,seed1_r2,9azv_hl_sample_3.cif,0.16224
/mnt/data/admuser/msadepth/compreps/seedrep_cand/protenix/9azv_HL/d293/seed1_r2/results/9azv_hl/seed_0/predictions/9azv_hl_sample_4.cif,9azv_HL,seed1_r2,9azv_hl_sample_4.cif,0.16161
/mnt/data/admuser/msadepth/compreps/seedrep_cand/protenix/9azv_HL/d293/seed1_r3/results/9azv_hl/seed_0/predictions/9azv_hl_sample_0.cif,9azv_HL,seed1_r3,9azv_hl_sample_0.cif,0.17844
/mnt/data/admuser/msadepth/compreps/seedrep_cand/protenix/9azv_HL/d293/seed1_r3/results/9azv_hl/seed_0/predictions/9azv_hl_sample_1.cif,9azv_HL,seed1_r3,9azv_hl_sample_1.cif,0.17851
/mnt/data/admuser/msadepth/compreps/seedrep_cand/protenix/9azv_HL/d293/seed1_r3/results/9azv_hl/seed_0/predictions/9azv_hl_sample_2.cif,9azv_HL,seed1_r3,9azv_hl_sample_2.cif,0.17129
/mnt/data/admuser/msadepth/compreps/seedrep_cand/protenix/9azv_HL/d293/seed1_r3/results/9azv_hl/seed_0/predictions/9azv_hl_sample_3.cif,9azv_HL,seed1_r3,9azv_hl_sample_3.cif,0.17001
/mnt/data/admuser/msadepth/compreps/seedrep_cand/protenix/9azv_HL/d293/seed1_r3/results/9azv_hl/seed_0/predictions/9azv_hl_sample_4.cif,9azv_HL,seed1_r3,9azv_hl_sample_4.cif,0.16217
/mnt/data/admuser/msadepth/compreps/seedrep_cand/protenix/9azv_HL/d293/seed2_r0/results/9azv_hl/seed_0/predictions/9azv_hl_sample_0.cif,9azv_HL,seed2_r0,9azv_hl_sample_0.cif,0.1721
/mnt/data/admuser/msadepth/compreps/seedrep_cand/protenix/9azv_HL/d293/seed2_r0/results/9azv_hl/seed_0/predictions/9azv_hl_sample_1.cif,9azv_HL,seed2_r0,9azv_hl_sample_1.cif,0.16587
/mnt/data/admuser/msadepth/compreps/seedrep_cand/protenix/9azv_HL/d293/seed2_r0/results/9azv_hl/seed_0/predictions/9azv_hl_sample_2.cif,9azv_HL,seed2_r0,9azv_hl_sample_2.cif,0.16561
/mnt/data/admuser/msadepth/compreps/seedrep_cand/protenix/9azv_HL/d293/seed2_r0/results/9azv_hl/seed_0/predictions/9azv_hl_sample_3.cif,9azv_HL,seed2_r0,9azv_hl_sample_3.cif,0.16456
/mnt/data/admuser/msadepth/compreps/seedrep_cand/protenix/9azv_HL/d293/seed2_r0/results/9azv_hl/seed_0/predictions/9azv_hl_sample_4.cif,9azv_HL,seed2_r0,9azv_hl_sample_4.cif,0.15111
/mnt/data/admuser/msadepth/compreps/seedrep_cand/protenix/9azv_HL/d293/seed2_r1/results/9azv_hl/seed_0/predictions/9azv_hl_sample_0.cif,9azv_HL,seed2_r1,9azv_hl_sample_0.cif,0.17833
/mnt/data/admuser/msadepth/compreps/seedrep_cand/protenix/9azv_HL/d293/seed2_r1/results/9azv_hl/seed_0/predictions/9azv_hl_sample_1.cif,9azv_HL,seed2_r1,9azv_hl_sample_1.cif,0.17731
/mnt/data/admuser/msadepth/compreps/seedrep_cand/protenix/9azv_HL/d293/seed2_r1/results/9azv_hl/seed_0/predictions/9azv_hl_sample_2.cif,9azv_HL,seed2_r1,9azv_hl_sample_2.cif,0.17521
/mnt/data/admuser/msadepth/compreps/seedrep_cand/protenix/9azv_HL/d293/seed2_r1/results/9azv_hl/seed_0/predictions/9azv_hl_sample_3.cif,9azv_HL,seed2_r1,9azv_hl_sample_3.cif,0.17116
/mnt/data/admuser/msadepth/compreps/seedrep_cand/protenix/9azv_HL/d293/seed2_r1/results/9azv_hl/seed_0/predictions/9azv_hl_sample_4.cif,9azv_HL,seed2_r1,9azv_hl_sample_4.cif,0.16894
/mnt/data/admuser/msadepth/compreps/seedrep_cand/protenix/9azv_HL/d293/seed2_r2/results/9azv_hl/seed_0/predictions/9azv_hl_sample_0.cif,9azv_HL,seed2_r2,9azv_hl_sample_0.cif,0.18559
/mnt/data/admuser/msadepth/compreps/seedrep_cand/protenix/9azv_HL/d293/seed2_r2/results/9azv_hl/seed_0/predictions/9azv_hl_sample_1.cif,9azv_HL,seed2_r2,9azv_hl_sample_1.cif,0.17182
/mnt/data/admuser/msadepth/compreps/seedrep_cand/protenix/9azv_HL/d293/seed2_r2/results/9azv_hl/seed_0/predictions/9azv_hl_sample_2.cif,9azv_HL,seed2_r2,9azv_hl_sample_2.cif,0.17147
/mnt/data/admuser/msadepth/compreps/seedrep_cand/protenix/9azv_HL/d293/seed2_r2/results/9azv_hl/seed_0/predictions/9azv_hl_sample_3.cif,9azv_HL,seed2_r2,9azv_hl_sample_3.cif,0.16536
/mnt/data/admuser/msadepth/compreps/seedrep_cand/protenix/9azv_HL/d293/seed2_r2/results/9azv_hl/seed_0/predictions/9azv_hl_sample_4.cif,9azv_HL,seed2_r2,9azv_hl_sample_4.cif,0.16227
/mnt/data/admuser/msadepth/compreps/seedrep_cand/protenix/9azv_HL/d293/seed2_r3/results/9azv_hl/seed_0/predictions/9azv_hl_sample_0.cif,9azv_HL,seed2_r3,9azv_hl_sample_0.cif,0.30763
/mnt/data/admuser/msadepth/compreps/seedrep_cand/protenix/9azv_HL/d293/seed2_r3/results/9azv_hl/seed_0/predictions/9azv_hl_sample_1.cif,9azv_HL,seed2_r3,9azv_hl_sample_1.cif,0.29349
/mnt/data/admuser/msadepth/compreps/seedrep_cand/protenix/9azv_HL/d293/seed2_r3/results/9azv_hl/seed_0/predictions/9azv_hl_sample_2.cif,9azv_HL,seed2_r3,9azv_hl_sample_2.cif,0.28381
/mnt/data/admuser/msadepth/compreps/seedrep_cand/protenix/9azv_HL/d293/seed2_r3/results/9azv_hl/seed_0/predictions/9azv_hl_sample_3.cif,9azv_HL,seed2_r3,9azv_hl_sample_3.cif,0.24771
/mnt/data/admuser/msadepth/compreps/seedrep_cand/protenix/9azv_HL/d293/seed2_r3/results/9azv_hl/seed_0/predictions/9azv_hl_sample_4.cif,9azv_HL,seed2_r3,9azv_hl_sample_4.cif,0.23355
/mnt/data/admuser/msadepth/compreps/seedrep_cand/protenix/9azv_HL/d293/seed3_r0/results/9azv_hl/seed_0/predictions/9azv_hl_sample_0.cif,9azv_HL,seed3_r0,9azv_hl_sample_0.cif,0.17666
/mnt/data/admuser/msadepth/compreps/seedrep_cand/protenix/9azv_HL/d293/seed3_r0/results/9azv_hl/seed_0/predictions/9azv_hl_sample_1.cif,9azv_HL,seed3_r0,9azv_hl_sample_1.cif,0.17261
/mnt/data/admuser/msadepth/compreps/seedrep_cand/protenix/9azv_HL/d293/seed3_r0/results/9azv_hl/seed_0/predictions/9azv_hl_sample_2.cif,9azv_HL,seed3_r0,9azv_hl_sample_2.cif,0.16645
/mnt/data/admuser/msadepth/compreps/seedrep_cand/protenix/9azv_HL/d293/seed3_r0/results/9azv_hl/seed_0/predictions/9azv_hl_sample_3.cif,9azv_HL,seed3_r0,9azv_hl_sample_3.cif,0.15452
/mnt/data/admuser/msadepth/compreps/seedrep_cand/protenix/9azv_HL/d293/seed3_r0/results/9azv_hl/seed_0/predictions/9azv_hl_sample_4.cif,9azv_HL,seed3_r0,9azv_hl_sample_4.cif,0.14787
/mnt/data/admuser/msadepth/compreps/seedrep_cand/protenix/9azv_HL/d293/seed3_r1/results/9azv_hl/seed_0/predictions/9azv_hl_sample_0.cif,9azv_HL,seed3_r1,9azv_hl_sample_0.cif,0.48641
/mnt/data/admuser/msadepth/compreps/seedrep_cand/protenix/9azv_HL/d293/seed3_r1/results/9azv_hl/seed_0/predictions/9azv_hl_sample_1.cif,9azv_HL,seed3_r1,9azv_hl_sample_1.cif,0.48549
/mnt/data/admuser/msadepth/compreps/seedrep_cand/protenix/9azv_HL/d293/seed3_r1/results/9azv_hl/seed_0/predictions/9azv_hl_sample_2.cif,9azv_HL,seed3_r1,9azv_hl_sample_2.cif,0.48199
/mnt/data/admuser/msadepth/compreps/seedrep_cand/protenix/9azv_HL/d293/seed3_r1/results/9azv_hl/seed_0/predictions/9azv_hl_sample_3.cif,9azv_HL,seed3_r1,9azv_hl_sample_3.cif,0.46821
/mnt/data/admuser/msadepth/compreps/seedrep_cand/protenix/9azv_HL/d293/seed3_r1/results/9azv_hl/seed_0/predictions/9azv_hl_sample_4.cif,9azv_HL,seed3_r1,9azv_hl_sample_4.cif,0.46606
/mnt/data/admuser/msadepth/compreps/seedrep_cand/protenix/9azv_HL/d293/seed3_r2/results/9azv_hl/seed_0/predictions/9azv_hl_sample_0.cif,9azv_HL,seed3_r2,9azv_hl_sample_0.cif,0.32935
/mnt/data/admuser/msadepth/compreps/seedrep_cand/protenix/9azv_HL/d293/seed3_r2/results/9azv_hl/seed_0/predictions/9azv_hl_sample_1.cif,9azv_HL,seed3_r2,9azv_hl_sample_1.cif,0.32103
/mnt/data/admuser/msadepth/compreps/seedrep_cand/protenix/9azv_HL/d293/seed3_r2/results/9azv_hl/seed_0/predictions/9azv_hl_sample_2.cif,9azv_HL,seed3_r2,9azv_hl_sample_2.cif,0.31989
/mnt/data/admuser/msadepth/compreps/seedrep_cand/protenix/9azv_HL/d293/seed3_r2/results/9azv_hl/seed_0/predictions/9azv_hl_sample_3.cif,9azv_HL,seed3_r2,9azv_hl_sample_3.cif,0.30346
/mnt/data/admuser/msadepth/compreps/seedrep_cand/protenix/9azv_HL/d293/seed3_r2/results/9azv_hl/seed_0/predictions/9azv_hl_sample_4.cif,9azv_HL,seed3_r2,9azv_hl_sample_4.cif,0.28967
/mnt/data/admuser/msadepth/compreps/seedrep_cand/protenix/9azv_HL/d293/seed3_r3/results/9azv_hl/seed_0/predictions/9azv_hl_sample_0.cif,9azv_HL,seed3_r3,9azv_hl_sample_0.cif,0.3178
/mnt/data/admuser/msadepth/compreps/seedrep_cand/protenix/9azv_HL/d293/seed3_r3/results/9azv_hl/seed_0/predictions/9azv_hl_sample_1.cif,9azv_HL,seed3_r3,9azv_hl_sample_1.cif,0.31323
/mnt/data/admuser/msadepth/compreps/seedrep_cand/protenix/9azv_HL/d293/seed3_r3/results/9azv_hl/seed_0/predictions/9azv_hl_sample_2.cif,9azv_HL,seed3_r3,9azv_hl_sample_2.cif,0.30733
/mnt/data/admuser/msadepth/compreps/seedrep_cand/protenix/9azv_HL/d293/seed3_r3/results/9azv_hl/seed_0/predictions/9azv_hl_sample_3.cif,9azv_HL,seed3_r3,9azv_hl_sample_3.cif,0.29802
/mnt/data/admuser/msadepth/compreps/seedrep_cand/protenix/9azv_HL/d293/seed3_r3/results/9azv_hl/seed_0/predictions/9azv_hl_sample_4.cif,9azv_HL,seed3_r3,9azv_hl_sample_4.cif,0.28843
/mnt/data/admuser/msadepth/compreps/seedrep_cand/protenix/9azv_HL/d293/seed4_r0/results/9azv_hl/seed_0/predictions/9azv_hl_sample_0.cif,9azv_HL,seed4_r0,9azv_hl_sample_0.cif,0.17513
/mnt/data/admuser/msadepth/compreps/seedrep_cand/protenix/9azv_HL/d293/seed4_r0/results/9azv_hl/seed_0/predictions/9azv_hl_sample_1.cif,9azv_HL,seed4_r0,9azv_hl_sample_1.cif,0.17046
/mnt/data/admuser/msadepth/compreps/seedrep_cand/protenix/9azv_HL/d293/seed4_r0/results/9azv_hl/seed_0/predictions/9azv_hl_sample_2.cif,9azv_HL,seed4_r0,9azv_hl_sample_2.cif,0.16599
/mnt/data/admuser/msadepth/compreps/seedrep_cand/protenix/9azv_HL/d293/seed4_r0/results/9azv_hl/seed_0/predictions/9azv_hl_sample_3.cif,9azv_HL,seed4_r0,9azv_hl_sample_3.cif,0.16542
/mnt/data/admuser/msadepth/compreps/seedrep_cand/protenix/9azv_HL/d293/seed4_r0/results/9azv_hl/seed_0/predictions/9azv_hl_sample_4.cif,9azv_HL,seed4_r0,9azv_hl_sample_4.cif,0.16462
/mnt/data/admuser/msadepth/compreps/seedrep_cand/protenix/9azv_HL/d293/seed4_r1/results/9azv_hl/seed_0/predictions/9azv_hl_sample_0.cif,9azv_HL,seed4_r1,9azv_hl_sample_0.cif,0.18817
/mnt/data/admuser/msadepth/compreps/seedrep_cand/protenix/9azv_HL/d293/seed4_r1/results/9azv_hl/seed_0/predictions/9azv_hl_sample_1.cif,9azv_HL,seed4_r1,9azv_hl_sample_1.cif,0.16671
/mnt/data/admuser/msadepth/compreps/seedrep_cand/protenix/9azv_HL/d293/seed4_r1/results/9azv_hl/seed_0/predictions/9azv_hl_sample_2.cif,9azv_HL,seed4_r1,9azv_hl_sample_2.cif,0.15848
/mnt/data/admuser/msadepth/compreps/seedrep_cand/protenix/9azv_HL/d293/seed4_r1/results/9azv_hl/seed_0/predictions/9azv_hl_sample_3.cif,9azv_HL,seed4_r1,9azv_hl_sample_3.cif,0.15912
/mnt/data/admuser/msadepth/compreps/seedrep_cand/protenix/9azv_HL/d293/seed4_r1/results/9azv_hl/seed_0/predictions/9azv_hl_sample_4.cif,9azv_HL,seed4_r1,9azv_hl_sample_4.cif,0.15737
/mnt/data/admuser/msadepth/compreps/seedrep_cand/protenix/9azv_HL/d293/seed4_r2/results/9azv_hl/seed_0/predictions/9azv_hl_sample_0.cif,9azv_HL,seed4_r2,9azv_hl_sample_0.cif,0.21375
/mnt/data/admuser/msadepth/compreps/seedrep_cand/protenix/9azv_HL/d293/seed4_r2/results/9azv_hl/seed_0/predictions/9azv_hl_sample_1.cif,9azv_HL,seed4_r2,9azv_hl_sample_1.cif,0.20499
/mnt/data/admuser/msadepth/compreps/seedrep_cand/protenix/9azv_HL/d293/seed4_r2/results/9azv_hl/seed_0/predictions/9azv_hl_sample_2.cif,9azv_HL,seed4_r2,9azv_hl_sample_2.cif,0.19863
/mnt/data/admuser/msadepth/compreps/seedrep_cand/protenix/9azv_HL/d293/seed4_r2/results/9azv_hl/seed_0/predictions/9azv_hl_sample_3.cif,9azv_HL,seed4_r2,9azv_hl_sample_3.cif,0.19818
/mnt/data/admuser/msadepth/compreps/seedrep_cand/protenix/9azv_HL/d293/seed4_r2/results/9azv_hl/seed_0/predictions/9azv_hl_sample_4.cif,9azv_HL,seed4_r2,9azv_hl_sample_4.cif,0.18395
/mnt/data/admuser/msadepth/compreps/seedrep_cand/protenix/9azv_HL/d293/seed4_r3/results/9azv_hl/seed_0/predictions/9azv_hl_sample_0.cif,9azv_HL,seed4_r3,9azv_hl_sample_0.cif,0.17914
/mnt/data/admuser/msadepth/compreps/seedrep_cand/protenix/9azv_HL/d293/seed4_r3/results/9azv_hl/seed_0/predictions/9azv_hl_sample_1.cif,9azv_HL,seed4_r3,9azv_hl_sample_1.cif,0.16916
/mnt/data/admuser/msadepth/compreps/seedrep_cand/protenix/9azv_HL/d293/seed4_r3/results/9azv_hl/seed_0/predictions/9azv_hl_sample_2.cif,9azv_HL,seed4_r3,9azv_hl_sample_2.cif,0.1659
/mnt/data/admuser/msadepth/compreps/seedrep_cand/protenix/9azv_HL/d293/seed4_r3/results/9azv_hl/seed_0/predictions/9azv_hl_sample_3.cif,9azv_HL,seed4_r3,9azv_hl_sample_3.cif,0.16528
/mnt/data/admuser/msadepth/compreps/seedrep_cand/protenix/9azv_HL/d293/seed4_r3/results/9azv_hl/seed_0/predictions/9azv_hl_sample_4.cif,9azv_HL,seed4_r3,9azv_hl_sample_4.cif,0.16392
/mnt/data/admuser/msadepth/compreps/seedrep_cand/protenix/9azv_HL/d293/seed5_r0/results/9azv_hl/seed_0/predictions/9azv_hl_sample_0.cif,9azv_HL,seed5_r0,9azv_hl_sample_0.cif,0.17837
/mnt/data/admuser/msadepth/compreps/seedrep_cand/protenix/9azv_HL/d293/seed5_r0/results/9azv_hl/seed_0/predictions/9azv_hl_sample_1.cif,9azv_HL,seed5_r0,9azv_hl_sample_1.cif,0.17392
/mnt/data/admuser/msadepth/compreps/seedrep_cand/protenix/9azv_HL/d293/seed5_r0/results/9azv_hl/seed_0/predictions/9azv_hl_sample_2.cif,9azv_HL,seed5_r0,9azv_hl_sample_2.cif,0.17089
/mnt/data/admuser/msadepth/compreps/seedrep_cand/protenix/9azv_HL/d293/seed5_r0/results/9azv_hl/seed_0/predictions/9azv_hl_sample_3.cif,9azv_HL,seed5_r0,9azv_hl_sample_3.cif,0.16761
/mnt/data/admuser/msadepth/compreps/seedrep_cand/protenix/9azv_HL/d293/seed5_r0/results/9azv_hl/seed_0/predictions/9azv_hl_sample_4.cif,9azv_HL,seed5_r0,9azv_hl_sample_4.cif,0.16451
/mnt/data/admuser/msadepth/compreps/seedrep_cand/protenix/9azv_HL/d293/seed5_r1/results/9azv_hl/seed_0/predictions/9azv_hl_sample_0.cif,9azv_HL,seed5_r1,9azv_hl_sample_0.cif,0.17159
/mnt/data/admuser/msadepth/compreps/seedrep_cand/protenix/9azv_HL/d293/seed5_r1/results/9azv_hl/seed_0/predictions/9azv_hl_sample_1.cif,9azv_HL,seed5_r1,9azv_hl_sample_1.cif,0.16581
/mnt/data/admuser/msadepth/compreps/seedrep_cand/protenix/9azv_HL/d293/seed5_r1/results/9azv_hl/seed_0/predictions/9azv_hl_sample_2.cif,9azv_HL,seed5_r1,9azv_hl_sample_2.cif,0.16177
/mnt/data/admuser/msadepth/compreps/seedrep_cand/protenix/9azv_HL/d293/seed5_r1/results/9azv_hl/seed_0/predictions/9azv_hl_sample_3.cif,9azv_HL,seed5_r1,9azv_hl_sample_3.cif,0.15636
/mnt/data/admuser/msadepth/compreps/seedrep_cand/protenix/9azv_HL/d293/seed5_r1/results/9azv_hl/seed_0/predictions/9azv_hl_sample_4.cif,9azv_HL,seed5_r1,9azv_hl_sample_4.cif,0.15049
/mnt/data/admuser/msadepth/compreps/seedrep_cand/protenix/9azv_HL/d293/seed5_r2/results/9azv_hl/seed_0/predictions/9azv_hl_sample_0.cif,9azv_HL,seed5_r2,9azv_hl_sample_0.cif,0.19648
/mnt/data/admuser/msadepth/compreps/seedrep_cand/protenix/9azv_HL/d293/seed5_r2/results/9azv_hl/seed_0/predictions/9azv_hl_sample_1.cif,9azv_HL,seed5_r2,9azv_hl_sample_1.cif,0.18701
/mnt/data/admuser/msadepth/compreps/seedrep_cand/protenix/9azv_HL/d293/seed5_r2/results/9azv_hl/seed_0/predictions/9azv_hl_sample_2.cif,9azv_HL,seed5_r2,9azv_hl_sample_2.cif,0.18345
/mnt/data/admuser/msadepth/compreps/seedrep_cand/protenix/9azv_HL/d293/seed5_r2/results/9azv_hl/seed_0/predictions/9azv_hl_sample_3.cif,9azv_HL,seed5_r2,9azv_hl_sample_3.cif,0.18095
/mnt/data/admuser/msadepth/compreps/seedrep_cand/protenix/9azv_HL/d293/seed5_r2/results/9azv_hl/seed_0/predictions/9azv_hl_sample_4.cif,9azv_HL,seed5_r2,9azv_hl_sample_4.cif,0.17732
/mnt/data/admuser/msadepth/compreps/seedrep_cand/protenix/9azv_HL/d293/seed5_r3/results/9azv_hl/seed_0/predictions/9azv_hl_sample_0.cif,9azv_HL,seed5_r3,9azv_hl_sample_0.cif,0.25276
/mnt/data/admuser/msadepth/compreps/seedrep_cand/protenix/9azv_HL/d293/seed5_r3/results/9azv_hl/seed_0/predictions/9azv_hl_sample_1.cif,9azv_HL,seed5_r3,9azv_hl_sample_1.cif,0.24562
/mnt/data/admuser/msadepth/compreps/seedrep_cand/protenix/9azv_HL/d293/seed5_r3/results/9azv_hl/seed_0/predictions/9azv_hl_sample_2.cif,9azv_HL,seed5_r3,9azv_hl_sample_2.cif,0.24663
/mnt/data/admuser/msadepth/compreps/seedrep_cand/protenix/9azv_HL/d293/seed5_r3/results/9azv_hl/seed_0/predictions/9azv_hl_sample_3.cif,9azv_HL,seed5_r3,9azv_hl_sample_3.cif,0.24368
/mnt/data/admuser/msadepth/compreps/seedrep_cand/protenix/9azv_HL/d293/seed5_r3/results/9azv_hl/seed_0/predictions/9azv_hl_sample_4.cif,9azv_HL,seed5_r3,9azv_hl_sample_4.cif,0.23342
/mnt/data/admuser/msadepth/compreps/seedrep_cand/protenix/9azv_HL/d293/seedfull_r0/results/9azv_hl/seed_0/predictions/9azv_hl_sample_0.cif,9azv_HL,seedfull_r0,9azv_hl_sample_0.cif,0.2566
/mnt/data/admuser/msadepth/compreps/seedrep_cand/protenix/9azv_HL/d293/seedfull_r0/results/9azv_hl/seed_0/predictions/9azv_hl_sample_1.cif,9azv_HL,seedfull_r0,9azv_hl_sample_1.cif,0.25048
/mnt/data/admuser/msadepth/compreps/seedrep_cand/protenix/9azv_HL/d293/seedfull_r0/results/9azv_hl/seed_0/predictions/9azv_hl_sample_2.cif,9azv_HL,seedfull_r0,9azv_hl_sample_2.cif,0.24526
/mnt/data/admuser/msadepth/compreps/seedrep_cand/protenix/9azv_HL/d293/seedfull_r0/results/9azv_hl/seed_0/predictions/9azv_hl_sample_3.cif,9azv_HL,seedfull_r0,9azv_hl_sample_3.cif,0.17648
/mnt/data/admuser/msadepth/compreps/seedrep_cand/protenix/9azv_HL/d293/seedfull_r0/results/9azv_hl/seed_0/predictions/9azv_hl_sample_4.cif,9azv_HL,seedfull_r0,9azv_hl_sample_4.cif,0.17169
/mnt/data/admuser/msadepth/compreps/seedrep_cand/protenix/9azv_HL/d293/seedfull_r1/results/9azv_hl/seed_0/predictions/9azv_hl_sample_0.cif,9azv_HL,seedfull_r1,9azv_hl_sample_0.cif,0.26244
/mnt/data/admuser/msadepth/compreps/seedrep_cand/protenix/9azv_HL/d293/seedfull_r1/results/9azv_hl/seed_0/predictions/9azv_hl_sample_1.cif,9azv_HL,seedfull_r1,9azv_hl_sample_1.cif,0.26082
/mnt/data/admuser/msadepth/compreps/seedrep_cand/protenix/9azv_HL/d293/seedfull_r1/results/9azv_hl/seed_0/predictions/9azv_hl_sample_2.cif,9azv_HL,seedfull_r1,9azv_hl_sample_2.cif,0.2568
/mnt/data/admuser/msadepth/compreps/seedrep_cand/protenix/9azv_HL/d293/seedfull_r1/results/9azv_hl/seed_0/predictions/9azv_hl_sample_3.cif,9azv_HL,seedfull_r1,9azv_hl_sample_3.cif,0.25742
/mnt/data/admuser/msadepth/compreps/seedrep_cand/protenix/9azv_HL/d293/seedfull_r1/results/9azv_hl/seed_0/predictions/9azv_hl_sample_4.cif,9azv_HL,seedfull_r1,9azv_hl_sample_4.cif,0.24459
/mnt/data/admuser/msadepth/compreps/seedrep_cand/protenix/9azv_HL/d293/seedfull_r2/results/9azv_hl/seed_0/predictions/9azv_hl_sample_0.cif,9azv_HL,seedfull_r2,9azv_hl_sample_0.cif,0.3103
/mnt/data/admuser/msadepth/compreps/seedrep_cand/protenix/9azv_HL/d293/seedfull_r2/results/9azv_hl/seed_0/predictions/9azv_hl_sample_1.cif,9azv_HL,seedfull_r2,9azv_hl_sample_1.cif,0.30976
/mnt/data/admuser/msadepth/compreps/seedrep_cand/protenix/9azv_HL/d293/seedfull_r2/results/9azv_hl/seed_0/predictions/9azv_hl_sample_2.cif,9azv_HL,seedfull_r2,9azv_hl_sample_2.cif,0.30348
/mnt/data/admuser/msadepth/compreps/seedrep_cand/protenix/9azv_HL/d293/seedfull_r2/results/9azv_hl/seed_0/predictions/9azv_hl_sample_3.cif,9azv_HL,seedfull_r2,9azv_hl_sample_3.cif,0.30131
/mnt/data/admuser/msadepth/compreps/seedrep_cand/protenix/9azv_HL/d293/seedfull_r2/results/9azv_hl/seed_0/predictions/9azv_hl_sample_4.cif,9azv_HL,seedfull_r2,9azv_hl_sample_4.cif,0.28596
/mnt/data/admuser/msadepth/compreps/seedrep_cand/protenix/9azv_HL/d293/seedfull_r3/results/9azv_hl/seed_0/predictions/9azv_hl_sample_0.cif,9azv_HL,seedfull_r3,9azv_hl_sample_0.cif,0.28239
/mnt/data/admuser/msadepth/compreps/seedrep_cand/protenix/9azv_HL/d293/seedfull_r3/results/9azv_hl/seed_0/predictions/9azv_hl_sample_1.cif,9azv_HL,seedfull_r3,9azv_hl_sample_1.cif,0.27909
/mnt/data/admuser/msadepth/compreps/seedrep_cand/protenix/9azv_HL/d293/seedfull_r3/results/9azv_hl/seed_0/predictions/9azv_hl_sample_2.cif,9azv_HL,seedfull_r3,9azv_hl_sample_2.cif,0.27605
/mnt/data/admuser/msadepth/compreps/seedrep_cand/protenix/9azv_HL/d293/seedfull_r3/results/9azv_hl/seed_0/predictions/9azv_hl_sample_3.cif,9azv_HL,seedfull_r3,9azv_hl_sample_3.cif,0.2699
/mnt/data/admuser/msadepth/compreps/seedrep_cand/protenix/9azv_HL/d293/seedfull_r3/results/9azv_hl/seed_0/predictions/9azv_hl_sample_4.cif,9azv_HL,seedfull_r3,9azv_hl_sample_4.cif,0.22303
/mnt/data/admuser/msadepth/compreps/seedrep_cand/protenix/9azv_HL/d293/seedfull_r4/results/9azv_hl/seed_0/predictions/9azv_hl_sample_0.cif,9azv_HL,seedfull_r4,9azv_hl_sample_0.cif,0.28706
/mnt/data/admuser/msadepth/compreps/seedrep_cand/protenix/9azv_HL/d293/seedfull_r4/results/9azv_hl/seed_0/predictions/9azv_hl_sample_1.cif,9azv_HL,seedfull_r4,9azv_hl_sample_1.cif,0.28716
/mnt/data/admuser/msadepth/compreps/seedrep_cand/protenix/9azv_HL/d293/seedfull_r4/results/9azv_hl/seed_0/predictions/9azv_hl_sample_2.cif,9azv_HL,seedfull_r4,9azv_hl_sample_2.cif,0.28711
/mnt/data/admuser/msadepth/compreps/seedrep_cand/protenix/9azv_HL/d293/seedfull_r4/results/9azv_hl/seed_0/predictions/9azv_hl_sample_3.cif,9azv_HL,seedfull_r4,9azv_hl_sample_3.cif,0.28538
/mnt/data/admuser/msadepth/compreps/seedrep_cand/protenix/9azv_HL/d293/seedfull_r4/results/9azv_hl/seed_0/predictions/9azv_hl_sample_4.cif,9azv_HL,seedfull_r4,9azv_hl_sample_4.cif,0.27998
/mnt/data/admuser/msadepth/compreps/seedrep_cand/protenix/9azv_HL/d293/seedfull_r5/results/9azv_hl/seed_0/predictions/9azv_hl_sample_0.cif,9azv_HL,seedfull_r5,9azv_hl_sample_0.cif,0.33946
/mnt/data/admuser/msadepth/compreps/seedrep_cand/protenix/9azv_HL/d293/seedfull_r5/results/9azv_hl/seed_0/predictions/9azv_hl_sample_1.cif,9azv_HL,seedfull_r5,9azv_hl_sample_1.cif,0.33755
/mnt/data/admuser/msadepth/compreps/seedrep_cand/protenix/9azv_HL/d293/seedfull_r5/results/9azv_hl/seed_0/predictions/9azv_hl_sample_2.cif,9azv_HL,seedfull_r5,9azv_hl_sample_2.cif,0.29122
/mnt/data/admuser/msadepth/compreps/seedrep_cand/protenix/9azv_HL/d293/seedfull_r5/results/9azv_hl/seed_0/predictions/9azv_hl_sample_3.cif,9azv_HL,seedfull_r5,9azv_hl_sample_3.cif,0.28824
/mnt/data/admuser/msadepth/compreps/seedrep_cand/protenix/9azv_HL/d293/seedfull_r5/results/9azv_hl/seed_0/predictions/9azv_hl_sample_4.cif,9azv_HL,seedfull_r5,9azv_hl_sample_4.cif,0.29085
/mnt/data/admuser/msadepth/compreps/seedrep_cand/protenix/9azv_HL/d293/seedfull_r6/results/9azv_hl/seed_0/predictions/9azv_hl_sample_0.cif,9azv_HL,seedfull_r6,9azv_hl_sample_0.cif,0.25674
/mnt/data/admuser/msadepth/compreps/seedrep_cand/protenix/9azv_HL/d293/seedfull_r6/results/9azv_hl/seed_0/predictions/9azv_hl_sample_1.cif,9azv_HL,seedfull_r6,9azv_hl_sample_1.cif,0.24524
/mnt/data/admuser/msadepth/compreps/seedrep_cand/protenix/9azv_HL/d293/seedfull_r6/results/9azv_hl/seed_0/predictions/9azv_hl_sample_2.cif,9azv_HL,seedfull_r6,9azv_hl_sample_2.cif,0.17478
/mnt/data/admuser/msadepth/compreps/seedrep_cand/protenix/9azv_HL/d293/seedfull_r6/results/9azv_hl/seed_0/predictions/9azv_hl_sample_3.cif,9azv_HL,seedfull_r6,9azv_hl_sample_3.cif,0.16875
/mnt/data/admuser/msadepth/compreps/seedrep_cand/protenix/9azv_HL/d293/seedfull_r6/results/9azv_hl/seed_0/predictions/9azv_hl_sample_4.cif,9azv_HL,seedfull_r6,9azv_hl_sample_4.cif,0.16541
/mnt/data/admuser/msadepth/compreps/seedrep_cand/protenix/9azv_HL/d293/seedfull_r7/results/9azv_hl/seed_0/predictions/9azv_hl_sample_0.cif,9azv_HL,seedfull_r7,9azv_hl_sample_0.cif,0.30183
/mnt/data/admuser/msadepth/compreps/seedrep_cand/protenix/9azv_HL/d293/seedfull_r7/results/9azv_hl/seed_0/predictions/9azv_hl_sample_1.cif,9azv_HL,seedfull_r7,9azv_hl_sample_1.cif,0.29639
/mnt/data/admuser/msadepth/compreps/seedrep_cand/protenix/9azv_HL/d293/seedfull_r7/results/9azv_hl/seed_0/predictions/9azv_hl_sample_2.cif,9azv_HL,seedfull_r7,9azv_hl_sample_2.cif,0.28913
/mnt/data/admuser/msadepth/compreps/seedrep_cand/protenix/9azv_HL/d293/seedfull_r7/results/9azv_hl/seed_0/predictions/9azv_hl_sample_3.cif,9azv_HL,seedfull_r7,9azv_hl_sample_3.cif,0.28601
/mnt/data/admuser/msadepth/compreps/seedrep_cand/protenix/9azv_HL/d293/seedfull_r7/results/9azv_hl/seed_0/predictions/9azv_hl_sample_4.cif,9azv_HL,seedfull_r7,9azv_hl_sample_4.cif,0.18349
/mnt/data/admuser/msadepth/compreps/seedrep_cand/protenix/9b7g_QP/d625/seed0_r0/results/9b7g_qp/seed_0/predictions/9b7g_qp_sample_0.cif,9b7g_QP,seed0_r0,9b7g_qp_sample_0.cif,0.23458
/mnt/data/admuser/msadepth/compreps/seedrep_cand/protenix/9b7g_QP/d625/seed0_r0/results/9b7g_qp/seed_0/predictions/9b7g_qp_sample_1.cif,9b7g_QP,seed0_r0,9b7g_qp_sample_1.cif,0.23249
/mnt/data/admuser/msadepth/compreps/seedrep_cand/protenix/9b7g_QP/d625/seed0_r0/results/9b7g_qp/seed_0/predictions/9b7g_qp_sample_2.cif,9b7g_QP,seed0_r0,9b7g_qp_sample_2.cif,0.22963
/mnt/data/admuser/msadepth/compreps/seedrep_cand/protenix/9b7g_QP/d625/seed0_r0/results/9b7g_qp/seed_0/predictions/9b7g_qp_sample_3.cif,9b7g_QP,seed0_r0,9b7g_qp_sample_3.cif,0.22501
/mnt/data/admuser/msadepth/compreps/seedrep_cand/protenix/9b7g_QP/d625/seed0_r0/results/9b7g_qp/seed_0/predictions/9b7g_qp_sample_4.cif,9b7g_QP,seed0_r0,9b7g_qp_sample_4.cif,0.21896
/mnt/data/admuser/msadepth/compreps/seedrep_cand/protenix/9b7g_QP/d625/seed0_r1/results/9b7g_qp/seed_0/predictions/9b7g_qp_sample_0.cif,9b7g_QP,seed0_r1,9b7g_qp_sample_0.cif,0.22
/mnt/data/admuser/msadepth/compreps/seedrep_cand/protenix/9b7g_QP/d625/seed0_r1/results/9b7g_qp/seed_0/predictions/9b7g_qp_sample_1.cif,9b7g_QP,seed0_r1,9b7g_qp_sample_1.cif,0.21117
/mnt/data/admuser/msadepth/compreps/seedrep_cand/protenix/9b7g_QP/d625/seed0_r1/results/9b7g_qp/seed_0/predictions/9b7g_qp_sample_2.cif,9b7g_QP,seed0_r1,9b7g_qp_sample_2.cif,0.20926
/mnt/data/admuser/msadepth/compreps/seedrep_cand/protenix/9b7g_QP/d625/seed0_r1/results/9b7g_qp/seed_0/predictions/9b7g_qp_sample_3.cif,9b7g_QP,seed0_r1,9b7g_qp_sample_3.cif,0.20593
/mnt/data/admuser/msadepth/compreps/seedrep_cand/protenix/9b7g_QP/d625/seed0_r1/results/9b7g_qp/seed_0/predictions/9b7g_qp_sample_4.cif,9b7g_QP,seed0_r1,9b7g_qp_sample_4.cif,0.16514
/mnt/data/admuser/msadepth/compreps/seedrep_cand/protenix/9b7g_QP/d625/seed0_r2/results/9b7g_qp/seed_0/predictions/9b7g_qp_sample_0.cif,9b7g_QP,seed0_r2,9b7g_qp_sample_0.cif,0.21729
/mnt/data/admuser/msadepth/compreps/seedrep_cand/protenix/9b7g_QP/d625/seed0_r2/results/9b7g_qp/seed_0/predictions/9b7g_qp_sample_1.cif,9b7g_QP,seed0_r2,9b7g_qp_sample_1.cif,0.21673
/mnt/data/admuser/msadepth/compreps/seedrep_cand/protenix/9b7g_QP/d625/seed0_r2/results/9b7g_qp/seed_0/predictions/9b7g_qp_sample_2.cif,9b7g_QP,seed0_r2,9b7g_qp_sample_2.cif,0.21489
/mnt/data/admuser/msadepth/compreps/seedrep_cand/protenix/9b7g_QP/d625/seed0_r2/results/9b7g_qp/seed_0/predictions/9b7g_qp_sample_3.cif,9b7g_QP,seed0_r2,9b7g_qp_sample_3.cif,0.21171
/mnt/data/admuser/msadepth/compreps/seedrep_cand/protenix/9b7g_QP/d625/seed0_r2/results/9b7g_qp/seed_0/predictions/9b7g_qp_sample_4.cif,9b7g_QP,seed0_r2,9b7g_qp_sample_4.cif,0.17917
/mnt/data/admuser/msadepth/compreps/seedrep_cand/protenix/9b7g_QP/d625/seed0_r3/results/9b7g_qp/seed_0/predictions/9b7g_qp_sample_0.cif,9b7g_QP,seed0_r3,9b7g_qp_sample_0.cif,0.22191
/mnt/data/admuser/msadepth/compreps/seedrep_cand/protenix/9b7g_QP/d625/seed0_r3/results/9b7g_qp/seed_0/predictions/9b7g_qp_sample_1.cif,9b7g_QP,seed0_r3,9b7g_qp_sample_1.cif,0.21424
/mnt/data/admuser/msadepth/compreps/seedrep_cand/protenix/9b7g_QP/d625/seed0_r3/results/9b7g_qp/seed_0/predictions/9b7g_qp_sample_2.cif,9b7g_QP,seed0_r3,9b7g_qp_sample_2.cif,0.21057
/mnt/data/admuser/msadepth/compreps/seedrep_cand/protenix/9b7g_QP/d625/seed0_r3/results/9b7g_qp/seed_0/predictions/9b7g_qp_sample_3.cif,9b7g_QP,seed0_r3,9b7g_qp_sample_3.cif,0.20481
/mnt/data/admuser/msadepth/compreps/seedrep_cand/protenix/9b7g_QP/d625/seed0_r3/results/9b7g_qp/seed_0/predictions/9b7g_qp_sample_4.cif,9b7g_QP,seed0_r3,9b7g_qp_sample_4.cif,0.20448
/mnt/data/admuser/msadepth/compreps/seedrep_cand/protenix/9b7g_QP/d625/seed1_r0/results/9b7g_qp/seed_0/predictions/9b7g_qp_sample_0.cif,9b7g_QP,seed1_r0,9b7g_qp_sample_0.cif,0.22669
/mnt/data/admuser/msadepth/compreps/seedrep_cand/protenix/9b7g_QP/d625/seed1_r0/results/9b7g_qp/seed_0/predictions/9b7g_qp_sample_1.cif,9b7g_QP,seed1_r0,9b7g_qp_sample_1.cif,0.22528
/mnt/data/admuser/msadepth/compreps/seedrep_cand/protenix/9b7g_QP/d625/seed1_r0/results/9b7g_qp/seed_0/predictions/9b7g_qp_sample_2.cif,9b7g_QP,seed1_r0,9b7g_qp_sample_2.cif,0.22324
/mnt/data/admuser/msadepth/compreps/seedrep_cand/protenix/9b7g_QP/d625/seed1_r0/results/9b7g_qp/seed_0/predictions/9b7g_qp_sample_3.cif,9b7g_QP,seed1_r0,9b7g_qp_sample_3.cif,0.21559
/mnt/data/admuser/msadepth/compreps/seedrep_cand/protenix/9b7g_QP/d625/seed1_r0/results/9b7g_qp/seed_0/predictions/9b7g_qp_sample_4.cif,9b7g_QP,seed1_r0,9b7g_qp_sample_4.cif,0.21485
/mnt/data/admuser/msadepth/compreps/seedrep_cand/protenix/9b7g_QP/d625/seed1_r1/results/9b7g_qp/seed_0/predictions/9b7g_qp_sample_0.cif,9b7g_QP,seed1_r1,9b7g_qp_sample_0.cif,0.19708
/mnt/data/admuser/msadepth/compreps/seedrep_cand/protenix/9b7g_QP/d625/seed1_r1/results/9b7g_qp/seed_0/predictions/9b7g_qp_sample_1.cif,9b7g_QP,seed1_r1,9b7g_qp_sample_1.cif,0.19614
/mnt/data/admuser/msadepth/compreps/seedrep_cand/protenix/9b7g_QP/d625/seed1_r1/results/9b7g_qp/seed_0/predictions/9b7g_qp_sample_2.cif,9b7g_QP,seed1_r1,9b7g_qp_sample_2.cif,0.19545
/mnt/data/admuser/msadepth/compreps/seedrep_cand/protenix/9b7g_QP/d625/seed1_r1/results/9b7g_qp/seed_0/predictions/9b7g_qp_sample_3.cif,9b7g_QP,seed1_r1,9b7g_qp_sample_3.cif,0.19259
/mnt/data/admuser/msadepth/compreps/seedrep_cand/protenix/9b7g_QP/d625/seed1_r1/results/9b7g_qp/seed_0/predictions/9b7g_qp_sample_4.cif,9b7g_QP,seed1_r1,9b7g_qp_sample_4.cif,0.19136
/mnt/data/admuser/msadepth/compreps/seedrep_cand/protenix/9b7g_QP/d625/seed1_r2/results/9b7g_qp/seed_0/predictions/9b7g_qp_sample_0.cif,9b7g_QP,seed1_r2,9b7g_qp_sample_0.cif,0.23214
/mnt/data/admuser/msadepth/compreps/seedrep_cand/protenix/9b7g_QP/d625/seed1_r2/results/9b7g_qp/seed_0/predictions/9b7g_qp_sample_1.cif,9b7g_QP,seed1_r2,9b7g_qp_sample_1.cif,0.22591
/mnt/data/admuser/msadepth/compreps/seedrep_cand/protenix/9b7g_QP/d625/seed1_r2/results/9b7g_qp/seed_0/predictions/9b7g_qp_sample_2.cif,9b7g_QP,seed1_r2,9b7g_qp_sample_2.cif,0.22427
/mnt/data/admuser/msadepth/compreps/seedrep_cand/protenix/9b7g_QP/d625/seed1_r2/results/9b7g_qp/seed_0/predictions/9b7g_qp_sample_3.cif,9b7g_QP,seed1_r2,9b7g_qp_sample_3.cif,0.21703
/mnt/data/admuser/msadepth/compreps/seedrep_cand/protenix/9b7g_QP/d625/seed1_r2/results/9b7g_qp/seed_0/predictions/9b7g_qp_sample_4.cif,9b7g_QP,seed1_r2,9b7g_qp_sample_4.cif,0.21134
/mnt/data/admuser/msadepth/compreps/seedrep_cand/protenix/9b7g_QP/d625/seed1_r3/results/9b7g_qp/seed_0/predictions/9b7g_qp_sample_0.cif,9b7g_QP,seed1_r3,9b7g_qp_sample_0.cif,0.20975
/mnt/data/admuser/msadepth/compreps/seedrep_cand/protenix/9b7g_QP/d625/seed1_r3/results/9b7g_qp/seed_0/predictions/9b7g_qp_sample_1.cif,9b7g_QP,seed1_r3,9b7g_qp_sample_1.cif,0.20494
/mnt/data/admuser/msadepth/compreps/seedrep_cand/protenix/9b7g_QP/d625/seed1_r3/results/9b7g_qp/seed_0/predictions/9b7g_qp_sample_2.cif,9b7g_QP,seed1_r3,9b7g_qp_sample_2.cif,0.20319
/mnt/data/admuser/msadepth/compreps/seedrep_cand/protenix/9b7g_QP/d625/seed1_r3/results/9b7g_qp/seed_0/predictions/9b7g_qp_sample_3.cif,9b7g_QP,seed1_r3,9b7g_qp_sample_3.cif,0.20317
/mnt/data/admuser/msadepth/compreps/seedrep_cand/protenix/9b7g_QP/d625/seed1_r3/results/9b7g_qp/seed_0/predictions/9b7g_qp_sample_4.cif,9b7g_QP,seed1_r3,9b7g_qp_sample_4.cif,0.19706
/mnt/data/admuser/msadepth/compreps/seedrep_cand/protenix/9b7g_QP/d625/seed2_r0/results/9b7g_qp/seed_0/predictions/9b7g_qp_sample_0.cif,9b7g_QP,seed2_r0,9b7g_qp_sample_0.cif,0.22787
/mnt/data/admuser/msadepth/compreps/seedrep_cand/protenix/9b7g_QP/d625/seed2_r0/results/9b7g_qp/seed_0/predictions/9b7g_qp_sample_1.cif,9b7g_QP,seed2_r0,9b7g_qp_sample_1.cif,0.21766
/mnt/data/admuser/msadepth/compreps/seedrep_cand/protenix/9b7g_QP/d625/seed2_r0/results/9b7g_qp/seed_0/predictions/9b7g_qp_sample_2.cif,9b7g_QP,seed2_r0,9b7g_qp_sample_2.cif,0.21588
/mnt/data/admuser/msadepth/compreps/seedrep_cand/protenix/9b7g_QP/d625/seed2_r0/results/9b7g_qp/seed_0/predictions/9b7g_qp_sample_3.cif,9b7g_QP,seed2_r0,9b7g_qp_sample_3.cif,0.2099
/mnt/data/admuser/msadepth/compreps/seedrep_cand/protenix/9b7g_QP/d625/seed2_r0/results/9b7g_qp/seed_0/predictions/9b7g_qp_sample_4.cif,9b7g_QP,seed2_r0,9b7g_qp_sample_4.cif,0.20457
/mnt/data/admuser/msadepth/compreps/seedrep_cand/protenix/9b7g_QP/d625/seed2_r1/results/9b7g_qp/seed_0/predictions/9b7g_qp_sample_0.cif,9b7g_QP,seed2_r1,9b7g_qp_sample_0.cif,0.21129
/mnt/data/admuser/msadepth/compreps/seedrep_cand/protenix/9b7g_QP/d625/seed2_r1/results/9b7g_qp/seed_0/predictions/9b7g_qp_sample_1.cif,9b7g_QP,seed2_r1,9b7g_qp_sample_1.cif,0.20641
/mnt/data/admuser/msadepth/compreps/seedrep_cand/protenix/9b7g_QP/d625/seed2_r1/results/9b7g_qp/seed_0/predictions/9b7g_qp_sample_2.cif,9b7g_QP,seed2_r1,9b7g_qp_sample_2.cif,0.19224
/mnt/data/admuser/msadepth/compreps/seedrep_cand/protenix/9b7g_QP/d625/seed2_r1/results/9b7g_qp/seed_0/predictions/9b7g_qp_sample_3.cif,9b7g_QP,seed2_r1,9b7g_qp_sample_3.cif,0.19049
/mnt/data/admuser/msadepth/compreps/seedrep_cand/protenix/9b7g_QP/d625/seed2_r1/results/9b7g_qp/seed_0/predictions/9b7g_qp_sample_4.cif,9b7g_QP,seed2_r1,9b7g_qp_sample_4.cif,0.18917
/mnt/data/admuser/msadepth/compreps/seedrep_cand/protenix/9b7g_QP/d625/seed2_r2/results/9b7g_qp/seed_0/predictions/9b7g_qp_sample_0.cif,9b7g_QP,seed2_r2,9b7g_qp_sample_0.cif,0.19799
/mnt/data/admuser/msadepth/compreps/seedrep_cand/protenix/9b7g_QP/d625/seed2_r2/results/9b7g_qp/seed_0/predictions/9b7g_qp_sample_1.cif,9b7g_QP,seed2_r2,9b7g_qp_sample_1.cif,0.19515
/mnt/data/admuser/msadepth/compreps/seedrep_cand/protenix/9b7g_QP/d625/seed2_r2/results/9b7g_qp/seed_0/predictions/9b7g_qp_sample_2.cif,9b7g_QP,seed2_r2,9b7g_qp_sample_2.cif,0.19008
/mnt/data/admuser/msadepth/compreps/seedrep_cand/protenix/9b7g_QP/d625/seed2_r2/results/9b7g_qp/seed_0/predictions/9b7g_qp_sample_3.cif,9b7g_QP,seed2_r2,9b7g_qp_sample_3.cif,0.1849
/mnt/data/admuser/msadepth/compreps/seedrep_cand/protenix/9b7g_QP/d625/seed2_r2/results/9b7g_qp/seed_0/predictions/9b7g_qp_sample_4.cif,9b7g_QP,seed2_r2,9b7g_qp_sample_4.cif,0.16018
/mnt/data/admuser/msadepth/compreps/seedrep_cand/protenix/9b7g_QP/d625/seed2_r3/results/9b7g_qp/seed_0/predictions/9b7g_qp_sample_0.cif,9b7g_QP,seed2_r3,9b7g_qp_sample_0.cif,0.20651
/mnt/data/admuser/msadepth/compreps/seedrep_cand/protenix/9b7g_QP/d625/seed2_r3/results/9b7g_qp/seed_0/predictions/9b7g_qp_sample_1.cif,9b7g_QP,seed2_r3,9b7g_qp_sample_1.cif,0.20657
/mnt/data/admuser/msadepth/compreps/seedrep_cand/protenix/9b7g_QP/d625/seed2_r3/results/9b7g_qp/seed_0/predictions/9b7g_qp_sample_2.cif,9b7g_QP,seed2_r3,9b7g_qp_sample_2.cif,0.20347
/mnt/data/admuser/msadepth/compreps/seedrep_cand/protenix/9b7g_QP/d625/seed2_r3/results/9b7g_qp/seed_0/predictions/9b7g_qp_sample_3.cif,9b7g_QP,seed2_r3,9b7g_qp_sample_3.cif,0.20122
/mnt/data/admuser/msadepth/compreps/seedrep_cand/protenix/9b7g_QP/d625/seed2_r3/results/9b7g_qp/seed_0/predictions/9b7g_qp_sample_4.cif,9b7g_QP,seed2_r3,9b7g_qp_sample_4.cif,0.19536
/mnt/data/admuser/msadepth/compreps/seedrep_cand/protenix/9b7g_QP/d625/seed3_r0/results/9b7g_qp/seed_0/predictions/9b7g_qp_sample_0.cif,9b7g_QP,seed3_r0,9b7g_qp_sample_0.cif,0.22592
/mnt/data/admuser/msadepth/compreps/seedrep_cand/protenix/9b7g_QP/d625/seed3_r0/results/9b7g_qp/seed_0/predictions/9b7g_qp_sample_1.cif,9b7g_QP,seed3_r0,9b7g_qp_sample_1.cif,0.22682
/mnt/data/admuser/msadepth/compreps/seedrep_cand/protenix/9b7g_QP/d625/seed3_r0/results/9b7g_qp/seed_0/predictions/9b7g_qp_sample_2.cif,9b7g_QP,seed3_r0,9b7g_qp_sample_2.cif,0.22566
/mnt/data/admuser/msadepth/compreps/seedrep_cand/protenix/9b7g_QP/d625/seed3_r0/results/9b7g_qp/seed_0/predictions/9b7g_qp_sample_3.cif,9b7g_QP,seed3_r0,9b7g_qp_sample_3.cif,0.22535
/mnt/data/admuser/msadepth/compreps/seedrep_cand/protenix/9b7g_QP/d625/seed3_r0/results/9b7g_qp/seed_0/predictions/9b7g_qp_sample_4.cif,9b7g_QP,seed3_r0,9b7g_qp_sample_4.cif,0.2203
/mnt/data/admuser/msadepth/compreps/seedrep_cand/protenix/9b7g_QP/d625/seed3_r1/results/9b7g_qp/seed_0/predictions/9b7g_qp_sample_0.cif,9b7g_QP,seed3_r1,9b7g_qp_sample_0.cif,0.19479
/mnt/data/admuser/msadepth/compreps/seedrep_cand/protenix/9b7g_QP/d625/seed3_r1/results/9b7g_qp/seed_0/predictions/9b7g_qp_sample_1.cif,9b7g_QP,seed3_r1,9b7g_qp_sample_1.cif,0.18914
/mnt/data/admuser/msadepth/compreps/seedrep_cand/protenix/9b7g_QP/d625/seed3_r1/results/9b7g_qp/seed_0/predictions/9b7g_qp_sample_2.cif,9b7g_QP,seed3_r1,9b7g_qp_sample_2.cif,0.18816
/mnt/data/admuser/msadepth/compreps/seedrep_cand/protenix/9b7g_QP/d625/seed3_r1/results/9b7g_qp/seed_0/predictions/9b7g_qp_sample_3.cif,9b7g_QP,seed3_r1,9b7g_qp_sample_3.cif,0.18237
/mnt/data/admuser/msadepth/compreps/seedrep_cand/protenix/9b7g_QP/d625/seed3_r1/results/9b7g_qp/seed_0/predictions/9b7g_qp_sample_4.cif,9b7g_QP,seed3_r1,9b7g_qp_sample_4.cif,0.18115
/mnt/data/admuser/msadepth/compreps/seedrep_cand/protenix/9b7g_QP/d625/seed3_r2/results/9b7g_qp/seed_0/predictions/9b7g_qp_sample_0.cif,9b7g_QP,seed3_r2,9b7g_qp_sample_0.cif,0.22465
/mnt/data/admuser/msadepth/compreps/seedrep_cand/protenix/9b7g_QP/d625/seed3_r2/results/9b7g_qp/seed_0/predictions/9b7g_qp_sample_1.cif,9b7g_QP,seed3_r2,9b7g_qp_sample_1.cif,0.22293
/mnt/data/admuser/msadepth/compreps/seedrep_cand/protenix/9b7g_QP/d625/seed3_r2/results/9b7g_qp/seed_0/predictions/9b7g_qp_sample_2.cif,9b7g_QP,seed3_r2,9b7g_qp_sample_2.cif,0.2114
/mnt/data/admuser/msadepth/compreps/seedrep_cand/protenix/9b7g_QP/d625/seed3_r2/results/9b7g_qp/seed_0/predictions/9b7g_qp_sample_3.cif,9b7g_QP,seed3_r2,9b7g_qp_sample_3.cif,0.20935
/mnt/data/admuser/msadepth/compreps/seedrep_cand/protenix/9b7g_QP/d625/seed3_r2/results/9b7g_qp/seed_0/predictions/9b7g_qp_sample_4.cif,9b7g_QP,seed3_r2,9b7g_qp_sample_4.cif,0.20554
/mnt/data/admuser/msadepth/compreps/seedrep_cand/protenix/9b7g_QP/d625/seed3_r3/results/9b7g_qp/seed_0/predictions/9b7g_qp_sample_0.cif,9b7g_QP,seed3_r3,9b7g_qp_sample_0.cif,0.20695
/mnt/data/admuser/msadepth/compreps/seedrep_cand/protenix/9b7g_QP/d625/seed3_r3/results/9b7g_qp/seed_0/predictions/9b7g_qp_sample_1.cif,9b7g_QP,seed3_r3,9b7g_qp_sample_1.cif,0.20365
/mnt/data/admuser/msadepth/compreps/seedrep_cand/protenix/9b7g_QP/d625/seed3_r3/results/9b7g_qp/seed_0/predictions/9b7g_qp_sample_2.cif,9b7g_QP,seed3_r3,9b7g_qp_sample_2.cif,0.19952
/mnt/data/admuser/msadepth/compreps/seedrep_cand/protenix/9b7g_QP/d625/seed3_r3/results/9b7g_qp/seed_0/predictions/9b7g_qp_sample_3.cif,9b7g_QP,seed3_r3,9b7g_qp_sample_3.cif,0.19872
/mnt/data/admuser/msadepth/compreps/seedrep_cand/protenix/9b7g_QP/d625/seed3_r3/results/9b7g_qp/seed_0/predictions/9b7g_qp_sample_4.cif,9b7g_QP,seed3_r3,9b7g_qp_sample_4.cif,0.18207
/mnt/data/admuser/msadepth/compreps/seedrep_cand/protenix/9b7g_QP/d625/seed4_r0/results/9b7g_qp/seed_0/predictions/9b7g_qp_sample_0.cif,9b7g_QP,seed4_r0,9b7g_qp_sample_0.cif,0.20875
/mnt/data/admuser/msadepth/compreps/seedrep_cand/protenix/9b7g_QP/d625/seed4_r0/results/9b7g_qp/seed_0/predictions/9b7g_qp_sample_1.cif,9b7g_QP,seed4_r0,9b7g_qp_sample_1.cif,0.20787
/mnt/data/admuser/msadepth/compreps/seedrep_cand/protenix/9b7g_QP/d625/seed4_r0/results/9b7g_qp/seed_0/predictions/9b7g_qp_sample_2.cif,9b7g_QP,seed4_r0,9b7g_qp_sample_2.cif,0.20748
/mnt/data/admuser/msadepth/compreps/seedrep_cand/protenix/9b7g_QP/d625/seed4_r0/results/9b7g_qp/seed_0/predictions/9b7g_qp_sample_3.cif,9b7g_QP,seed4_r0,9b7g_qp_sample_3.cif,0.20492
/mnt/data/admuser/msadepth/compreps/seedrep_cand/protenix/9b7g_QP/d625/seed4_r0/results/9b7g_qp/seed_0/predictions/9b7g_qp_sample_4.cif,9b7g_QP,seed4_r0,9b7g_qp_sample_4.cif,0.17961
/mnt/data/admuser/msadepth/compreps/seedrep_cand/protenix/9b7g_QP/d625/seed4_r1/results/9b7g_qp/seed_0/predictions/9b7g_qp_sample_0.cif,9b7g_QP,seed4_r1,9b7g_qp_sample_0.cif,0.21794
/mnt/data/admuser/msadepth/compreps/seedrep_cand/protenix/9b7g_QP/d625/seed4_r1/results/9b7g_qp/seed_0/predictions/9b7g_qp_sample_1.cif,9b7g_QP,seed4_r1,9b7g_qp_sample_1.cif,0.21078
/mnt/data/admuser/msadepth/compreps/seedrep_cand/protenix/9b7g_QP/d625/seed4_r1/results/9b7g_qp/seed_0/predictions/9b7g_qp_sample_2.cif,9b7g_QP,seed4_r1,9b7g_qp_sample_2.cif,0.20696
/mnt/data/admuser/msadepth/compreps/seedrep_cand/protenix/9b7g_QP/d625/seed4_r1/results/9b7g_qp/seed_0/predictions/9b7g_qp_sample_3.cif,9b7g_QP,seed4_r1,9b7g_qp_sample_3.cif,0.2052
/mnt/data/admuser/msadepth/compreps/seedrep_cand/protenix/9b7g_QP/d625/seed4_r1/results/9b7g_qp/seed_0/predictions/9b7g_qp_sample_4.cif,9b7g_QP,seed4_r1,9b7g_qp_sample_4.cif,0.20222
/mnt/data/admuser/msadepth/compreps/seedrep_cand/protenix/9b7g_QP/d625/seed4_r2/results/9b7g_qp/seed_0/predictions/9b7g_qp_sample_0.cif,9b7g_QP,seed4_r2,9b7g_qp_sample_0.cif,0.22079
/mnt/data/admuser/msadepth/compreps/seedrep_cand/protenix/9b7g_QP/d625/seed4_r2/results/9b7g_qp/seed_0/predictions/9b7g_qp_sample_1.cif,9b7g_QP,seed4_r2,9b7g_qp_sample_1.cif,0.21458
/mnt/data/admuser/msadepth/compreps/seedrep_cand/protenix/9b7g_QP/d625/seed4_r2/results/9b7g_qp/seed_0/predictions/9b7g_qp_sample_2.cif,9b7g_QP,seed4_r2,9b7g_qp_sample_2.cif,0.21006
/mnt/data/admuser/msadepth/compreps/seedrep_cand/protenix/9b7g_QP/d625/seed4_r2/results/9b7g_qp/seed_0/predictions/9b7g_qp_sample_3.cif,9b7g_QP,seed4_r2,9b7g_qp_sample_3.cif,0.20946
/mnt/data/admuser/msadepth/compreps/seedrep_cand/protenix/9b7g_QP/d625/seed4_r2/results/9b7g_qp/seed_0/predictions/9b7g_qp_sample_4.cif,9b7g_QP,seed4_r2,9b7g_qp_sample_4.cif,0.20676
/mnt/data/admuser/msadepth/compreps/seedrep_cand/protenix/9b7g_QP/d625/seed4_r3/results/9b7g_qp/seed_0/predictions/9b7g_qp_sample_0.cif,9b7g_QP,seed4_r3,9b7g_qp_sample_0.cif,0.21575
/mnt/data/admuser/msadepth/compreps/seedrep_cand/protenix/9b7g_QP/d625/seed4_r3/results/9b7g_qp/seed_0/predictions/9b7g_qp_sample_1.cif,9b7g_QP,seed4_r3,9b7g_qp_sample_1.cif,0.21344
/mnt/data/admuser/msadepth/compreps/seedrep_cand/protenix/9b7g_QP/d625/seed4_r3/results/9b7g_qp/seed_0/predictions/9b7g_qp_sample_2.cif,9b7g_QP,seed4_r3,9b7g_qp_sample_2.cif,0.20987
/mnt/data/admuser/msadepth/compreps/seedrep_cand/protenix/9b7g_QP/d625/seed4_r3/results/9b7g_qp/seed_0/predictions/9b7g_qp_sample_3.cif,9b7g_QP,seed4_r3,9b7g_qp_sample_3.cif,0.20577
/mnt/data/admuser/msadepth/compreps/seedrep_cand/protenix/9b7g_QP/d625/seed4_r3/results/9b7g_qp/seed_0/predictions/9b7g_qp_sample_4.cif,9b7g_QP,seed4_r3,9b7g_qp_sample_4.cif,0.19779
/mnt/data/admuser/msadepth/compreps/seedrep_cand/protenix/9b7g_QP/d625/seed5_r0/results/9b7g_qp/seed_0/predictions/9b7g_qp_sample_0.cif,9b7g_QP,seed5_r0,9b7g_qp_sample_0.cif,0.20673
/mnt/data/admuser/msadepth/compreps/seedrep_cand/protenix/9b7g_QP/d625/seed5_r0/results/9b7g_qp/seed_0/predictions/9b7g_qp_sample_1.cif,9b7g_QP,seed5_r0,9b7g_qp_sample_1.cif,0.2057
/mnt/data/admuser/msadepth/compreps/seedrep_cand/protenix/9b7g_QP/d625/seed5_r0/results/9b7g_qp/seed_0/predictions/9b7g_qp_sample_2.cif,9b7g_QP,seed5_r0,9b7g_qp_sample_2.cif,0.19959
/mnt/data/admuser/msadepth/compreps/seedrep_cand/protenix/9b7g_QP/d625/seed5_r0/results/9b7g_qp/seed_0/predictions/9b7g_qp_sample_3.cif,9b7g_QP,seed5_r0,9b7g_qp_sample_3.cif,0.19886
/mnt/data/admuser/msadepth/compreps/seedrep_cand/protenix/9b7g_QP/d625/seed5_r0/results/9b7g_qp/seed_0/predictions/9b7g_qp_sample_4.cif,9b7g_QP,seed5_r0,9b7g_qp_sample_4.cif,0.18207
/mnt/data/admuser/msadepth/compreps/seedrep_cand/protenix/9b7g_QP/d625/seed5_r1/results/9b7g_qp/seed_0/predictions/9b7g_qp_sample_0.cif,9b7g_QP,seed5_r1,9b7g_qp_sample_0.cif,0.21251
/mnt/data/admuser/msadepth/compreps/seedrep_cand/protenix/9b7g_QP/d625/seed5_r1/results/9b7g_qp/seed_0/predictions/9b7g_qp_sample_1.cif,9b7g_QP,seed5_r1,9b7g_qp_sample_1.cif,0.20301
/mnt/data/admuser/msadepth/compreps/seedrep_cand/protenix/9b7g_QP/d625/seed5_r1/results/9b7g_qp/seed_0/predictions/9b7g_qp_sample_2.cif,9b7g_QP,seed5_r1,9b7g_qp_sample_2.cif,0.20067
/mnt/data/admuser/msadepth/compreps/seedrep_cand/protenix/9b7g_QP/d625/seed5_r1/results/9b7g_qp/seed_0/predictions/9b7g_qp_sample_3.cif,9b7g_QP,seed5_r1,9b7g_qp_sample_3.cif,0.19587
/mnt/data/admuser/msadepth/compreps/seedrep_cand/protenix/9b7g_QP/d625/seed5_r1/results/9b7g_qp/seed_0/predictions/9b7g_qp_sample_4.cif,9b7g_QP,seed5_r1,9b7g_qp_sample_4.cif,0.1887
/mnt/data/admuser/msadepth/compreps/seedrep_cand/protenix/9b7g_QP/d625/seed5_r2/results/9b7g_qp/seed_0/predictions/9b7g_qp_sample_0.cif,9b7g_QP,seed5_r2,9b7g_qp_sample_0.cif,0.2072
/mnt/data/admuser/msadepth/compreps/seedrep_cand/protenix/9b7g_QP/d625/seed5_r2/results/9b7g_qp/seed_0/predictions/9b7g_qp_sample_1.cif,9b7g_QP,seed5_r2,9b7g_qp_sample_1.cif,0.20493
/mnt/data/admuser/msadepth/compreps/seedrep_cand/protenix/9b7g_QP/d625/seed5_r2/results/9b7g_qp/seed_0/predictions/9b7g_qp_sample_2.cif,9b7g_QP,seed5_r2,9b7g_qp_sample_2.cif,0.20257
/mnt/data/admuser/msadepth/compreps/seedrep_cand/protenix/9b7g_QP/d625/seed5_r2/results/9b7g_qp/seed_0/predictions/9b7g_qp_sample_3.cif,9b7g_QP,seed5_r2,9b7g_qp_sample_3.cif,0.197
/mnt/data/admuser/msadepth/compreps/seedrep_cand/protenix/9b7g_QP/d625/seed5_r2/results/9b7g_qp/seed_0/predictions/9b7g_qp_sample_4.cif,9b7g_QP,seed5_r2,9b7g_qp_sample_4.cif,0.18621
/mnt/data/admuser/msadepth/compreps/seedrep_cand/protenix/9b7g_QP/d625/seed5_r3/results/9b7g_qp/seed_0/predictions/9b7g_qp_sample_0.cif,9b7g_QP,seed5_r3,9b7g_qp_sample_0.cif,0.20992
/mnt/data/admuser/msadepth/compreps/seedrep_cand/protenix/9b7g_QP/d625/seed5_r3/results/9b7g_qp/seed_0/predictions/9b7g_qp_sample_1.cif,9b7g_QP,seed5_r3,9b7g_qp_sample_1.cif,0.20623
/mnt/data/admuser/msadepth/compreps/seedrep_cand/protenix/9b7g_QP/d625/seed5_r3/results/9b7g_qp/seed_0/predictions/9b7g_qp_sample_2.cif,9b7g_QP,seed5_r3,9b7g_qp_sample_2.cif,0.20195
/mnt/data/admuser/msadepth/compreps/seedrep_cand/protenix/9b7g_QP/d625/seed5_r3/results/9b7g_qp/seed_0/predictions/9b7g_qp_sample_3.cif,9b7g_QP,seed5_r3,9b7g_qp_sample_3.cif,0.19891
/mnt/data/admuser/msadepth/compreps/seedrep_cand/protenix/9b7g_QP/d625/seed5_r3/results/9b7g_qp/seed_0/predictions/9b7g_qp_sample_4.cif,9b7g_QP,seed5_r3,9b7g_qp_sample_4.cif,0.18951
/mnt/data/admuser/msadepth/compreps/seedrep_cand/protenix/9b7g_QP/d625/seedfull_r0/results/9b7g_qp/seed_0/predictions/9b7g_qp_sample_0.cif,9b7g_QP,seedfull_r0,9b7g_qp_sample_0.cif,0.2333
/mnt/data/admuser/msadepth/compreps/seedrep_cand/protenix/9b7g_QP/d625/seedfull_r0/results/9b7g_qp/seed_0/predictions/9b7g_qp_sample_1.cif,9b7g_QP,seedfull_r0,9b7g_qp_sample_1.cif,0.22705
/mnt/data/admuser/msadepth/compreps/seedrep_cand/protenix/9b7g_QP/d625/seedfull_r0/results/9b7g_qp/seed_0/predictions/9b7g_qp_sample_2.cif,9b7g_QP,seedfull_r0,9b7g_qp_sample_2.cif,0.22363
/mnt/data/admuser/msadepth/compreps/seedrep_cand/protenix/9b7g_QP/d625/seedfull_r0/results/9b7g_qp/seed_0/predictions/9b7g_qp_sample_3.cif,9b7g_QP,seedfull_r0,9b7g_qp_sample_3.cif,0.21914
/mnt/data/admuser/msadepth/compreps/seedrep_cand/protenix/9b7g_QP/d625/seedfull_r0/results/9b7g_qp/seed_0/predictions/9b7g_qp_sample_4.cif,9b7g_QP,seedfull_r0,9b7g_qp_sample_4.cif,0.21011
/mnt/data/admuser/msadepth/compreps/seedrep_cand/protenix/9b7g_QP/d625/seedfull_r1/results/9b7g_qp/seed_0/predictions/9b7g_qp_sample_0.cif,9b7g_QP,seedfull_r1,9b7g_qp_sample_0.cif,0.26339
/mnt/data/admuser/msadepth/compreps/seedrep_cand/protenix/9b7g_QP/d625/seedfull_r1/results/9b7g_qp/seed_0/predictions/9b7g_qp_sample_1.cif,9b7g_QP,seedfull_r1,9b7g_qp_sample_1.cif,0.26311
/mnt/data/admuser/msadepth/compreps/seedrep_cand/protenix/9b7g_QP/d625/seedfull_r1/results/9b7g_qp/seed_0/predictions/9b7g_qp_sample_2.cif,9b7g_QP,seedfull_r1,9b7g_qp_sample_2.cif,0.25682
/mnt/data/admuser/msadepth/compreps/seedrep_cand/protenix/9b7g_QP/d625/seedfull_r1/results/9b7g_qp/seed_0/predictions/9b7g_qp_sample_3.cif,9b7g_QP,seedfull_r1,9b7g_qp_sample_3.cif,0.24576
/mnt/data/admuser/msadepth/compreps/seedrep_cand/protenix/9b7g_QP/d625/seedfull_r1/results/9b7g_qp/seed_0/predictions/9b7g_qp_sample_4.cif,9b7g_QP,seedfull_r1,9b7g_qp_sample_4.cif,0.24156
/mnt/data/admuser/msadepth/compreps/seedrep_cand/protenix/9b7g_QP/d625/seedfull_r2/results/9b7g_qp/seed_0/predictions/9b7g_qp_sample_0.cif,9b7g_QP,seedfull_r2,9b7g_qp_sample_0.cif,0.20411
/mnt/data/admuser/msadepth/compreps/seedrep_cand/protenix/9b7g_QP/d625/seedfull_r2/results/9b7g_qp/seed_0/predictions/9b7g_qp_sample_1.cif,9b7g_QP,seedfull_r2,9b7g_qp_sample_1.cif,0.20372
/mnt/data/admuser/msadepth/compreps/seedrep_cand/protenix/9b7g_QP/d625/seedfull_r2/results/9b7g_qp/seed_0/predictions/9b7g_qp_sample_2.cif,9b7g_QP,seedfull_r2,9b7g_qp_sample_2.cif,0.20342
/mnt/data/admuser/msadepth/compreps/seedrep_cand/protenix/9b7g_QP/d625/seedfull_r2/results/9b7g_qp/seed_0/predictions/9b7g_qp_sample_3.cif,9b7g_QP,seedfull_r2,9b7g_qp_sample_3.cif,0.19942
/mnt/data/admuser/msadepth/compreps/seedrep_cand/protenix/9b7g_QP/d625/seedfull_r2/results/9b7g_qp/seed_0/predictions/9b7g_qp_sample_4.cif,9b7g_QP,seedfull_r2,9b7g_qp_sample_4.cif,0.19897
/mnt/data/admuser/msadepth/compreps/seedrep_cand/protenix/9b7g_QP/d625/seedfull_r3/results/9b7g_qp/seed_0/predictions/9b7g_qp_sample_0.cif,9b7g_QP,seedfull_r3,9b7g_qp_sample_0.cif,0.23811
/mnt/data/admuser/msadepth/compreps/seedrep_cand/protenix/9b7g_QP/d625/seedfull_r3/results/9b7g_qp/seed_0/predictions/9b7g_qp_sample_1.cif,9b7g_QP,seedfull_r3,9b7g_qp_sample_1.cif,0.23493
/mnt/data/admuser/msadepth/compreps/seedrep_cand/protenix/9b7g_QP/d625/seedfull_r3/results/9b7g_qp/seed_0/predictions/9b7g_qp_sample_2.cif,9b7g_QP,seedfull_r3,9b7g_qp_sample_2.cif,0.23066
/mnt/data/admuser/msadepth/compreps/seedrep_cand/protenix/9b7g_QP/d625/seedfull_r3/results/9b7g_qp/seed_0/predictions/9b7g_qp_sample_3.cif,9b7g_QP,seedfull_r3,9b7g_qp_sample_3.cif,0.23
/mnt/data/admuser/msadepth/compreps/seedrep_cand/protenix/9b7g_QP/d625/seedfull_r3/results/9b7g_qp/seed_0/predictions/9b7g_qp_sample_4.cif,9b7g_QP,seedfull_r3,9b7g_qp_sample_4.cif,0.22309
/mnt/data/admuser/msadepth/compreps/seedrep_cand/protenix/9b7g_QP/d625/seedfull_r4/results/9b7g_qp/seed_0/predictions/9b7g_qp_sample_0.cif,9b7g_QP,seedfull_r4,9b7g_qp_sample_0.cif,0.23267
/mnt/data/admuser/msadepth/compreps/seedrep_cand/protenix/9b7g_QP/d625/seedfull_r4/results/9b7g_qp/seed_0/predictions/9b7g_qp_sample_1.cif,9b7g_QP,seedfull_r4,9b7g_qp_sample_1.cif,0.22754
/mnt/data/admuser/msadepth/compreps/seedrep_cand/protenix/9b7g_QP/d625/seedfull_r4/results/9b7g_qp/seed_0/predictions/9b7g_qp_sample_2.cif,9b7g_QP,seedfull_r4,9b7g_qp_sample_2.cif,0.22392
/mnt/data/admuser/msadepth/compreps/seedrep_cand/protenix/9b7g_QP/d625/seedfull_r4/results/9b7g_qp/seed_0/predictions/9b7g_qp_sample_3.cif,9b7g_QP,seedfull_r4,9b7g_qp_sample_3.cif,0.2133
/mnt/data/admuser/msadepth/compreps/seedrep_cand/protenix/9b7g_QP/d625/seedfull_r4/results/9b7g_qp/seed_0/predictions/9b7g_qp_sample_4.cif,9b7g_QP,seedfull_r4,9b7g_qp_sample_4.cif,0.21116
/mnt/data/admuser/msadepth/compreps/seedrep_cand/protenix/9b7g_QP/d625/seedfull_r5/results/9b7g_qp/seed_0/predictions/9b7g_qp_sample_0.cif,9b7g_QP,seedfull_r5,9b7g_qp_sample_0.cif,0.25095
/mnt/data/admuser/msadepth/compreps/seedrep_cand/protenix/9b7g_QP/d625/seedfull_r5/results/9b7g_qp/seed_0/predictions/9b7g_qp_sample_1.cif,9b7g_QP,seedfull_r5,9b7g_qp_sample_1.cif,0.25027
/mnt/data/admuser/msadepth/compreps/seedrep_cand/protenix/9b7g_QP/d625/seedfull_r5/results/9b7g_qp/seed_0/predictions/9b7g_qp_sample_2.cif,9b7g_QP,seedfull_r5,9b7g_qp_sample_2.cif,0.2463
/mnt/data/admuser/msadepth/compreps/seedrep_cand/protenix/9b7g_QP/d625/seedfull_r5/results/9b7g_qp/seed_0/predictions/9b7g_qp_sample_3.cif,9b7g_QP,seedfull_r5,9b7g_qp_sample_3.cif,0.23769
/mnt/data/admuser/msadepth/compreps/seedrep_cand/protenix/9b7g_QP/d625/seedfull_r5/results/9b7g_qp/seed_0/predictions/9b7g_qp_sample_4.cif,9b7g_QP,seedfull_r5,9b7g_qp_sample_4.cif,0.22815
/mnt/data/admuser/msadepth/compreps/seedrep_cand/protenix/9b7g_QP/d625/seedfull_r6/results/9b7g_qp/seed_0/predictions/9b7g_qp_sample_0.cif,9b7g_QP,seedfull_r6,9b7g_qp_sample_0.cif,0.19856
/mnt/data/admuser/msadepth/compreps/seedrep_cand/protenix/9b7g_QP/d625/seedfull_r6/results/9b7g_qp/seed_0/predictions/9b7g_qp_sample_1.cif,9b7g_QP,seedfull_r6,9b7g_qp_sample_1.cif,0.19376
/mnt/data/admuser/msadepth/compreps/seedrep_cand/protenix/9b7g_QP/d625/seedfull_r6/results/9b7g_qp/seed_0/predictions/9b7g_qp_sample_2.cif,9b7g_QP,seedfull_r6,9b7g_qp_sample_2.cif,0.19052
/mnt/data/admuser/msadepth/compreps/seedrep_cand/protenix/9b7g_QP/d625/seedfull_r6/results/9b7g_qp/seed_0/predictions/9b7g_qp_sample_3.cif,9b7g_QP,seedfull_r6,9b7g_qp_sample_3.cif,0.18782
/mnt/data/admuser/msadepth/compreps/seedrep_cand/protenix/9b7g_QP/d625/seedfull_r6/results/9b7g_qp/seed_0/predictions/9b7g_qp_sample_4.cif,9b7g_QP,seedfull_r6,9b7g_qp_sample_4.cif,0.18226
/mnt/data/admuser/msadepth/compreps/seedrep_cand/protenix/9b7g_QP/d625/seedfull_r7/results/9b7g_qp/seed_0/predictions/9b7g_qp_sample_0.cif,9b7g_QP,seedfull_r7,9b7g_qp_sample_0.cif,0.19709
/mnt/data/admuser/msadepth/compreps/seedrep_cand/protenix/9b7g_QP/d625/seedfull_r7/results/9b7g_qp/seed_0/predictions/9b7g_qp_sample_1.cif,9b7g_QP,seedfull_r7,9b7g_qp_sample_1.cif,0.19198
/mnt/data/admuser/msadepth/compreps/seedrep_cand/protenix/9b7g_QP/d625/seedfull_r7/results/9b7g_qp/seed_0/predictions/9b7g_qp_sample_2.cif,9b7g_QP,seedfull_r7,9b7g_qp_sample_2.cif,0.19065
/mnt/data/admuser/msadepth/compreps/seedrep_cand/protenix/9b7g_QP/d625/seedfull_r7/results/9b7g_qp/seed_0/predictions/9b7g_qp_sample_3.cif,9b7g_QP,seedfull_r7,9b7g_qp_sample_3.cif,0.18396
/mnt/data/admuser/msadepth/compreps/seedrep_cand/protenix/9b7g_QP/d625/seedfull_r7/results/9b7g_qp/seed_0/predictions/9b7g_qp_sample_4.cif,9b7g_QP,seedfull_r7,9b7g_qp_sample_4.cif,0.17948
/mnt/data/admuser/msadepth/compreps/seedrep_cand/protenix/9bdg_FI/d173/seed0_r0/results/9bdg_fi/seed_0/predictions/9bdg_fi_sample_0.cif,9bdg_FI,seed0_r0,9bdg_fi_sample_0.cif,0.33599
/mnt/data/admuser/msadepth/compreps/seedrep_cand/protenix/9bdg_FI/d173/seed0_r0/results/9bdg_fi/seed_0/predictions/9bdg_fi_sample_1.cif,9bdg_FI,seed0_r0,9bdg_fi_sample_1.cif,0.32585
/mnt/data/admuser/msadepth/compreps/seedrep_cand/protenix/9bdg_FI/d173/seed0_r0/results/9bdg_fi/seed_0/predictions/9bdg_fi_sample_2.cif,9bdg_FI,seed0_r0,9bdg_fi_sample_2.cif,0.32389
/mnt/data/admuser/msadepth/compreps/seedrep_cand/protenix/9bdg_FI/d173/seed0_r0/results/9bdg_fi/seed_0/predictions/9bdg_fi_sample_3.cif,9bdg_FI,seed0_r0,9bdg_fi_sample_3.cif,0.31272
/mnt/data/admuser/msadepth/compreps/seedrep_cand/protenix/9bdg_FI/d173/seed0_r0/results/9bdg_fi/seed_0/predictions/9bdg_fi_sample_4.cif,9bdg_FI,seed0_r0,9bdg_fi_sample_4.cif,0.31188
/mnt/data/admuser/msadepth/compreps/seedrep_cand/protenix/9bdg_FI/d173/seed0_r1/results/9bdg_fi/seed_0/predictions/9bdg_fi_sample_0.cif,9bdg_FI,seed0_r1,9bdg_fi_sample_0.cif,0.23964
/mnt/data/admuser/msadepth/compreps/seedrep_cand/protenix/9bdg_FI/d173/seed0_r1/results/9bdg_fi/seed_0/predictions/9bdg_fi_sample_1.cif,9bdg_FI,seed0_r1,9bdg_fi_sample_1.cif,0.238
/mnt/data/admuser/msadepth/compreps/seedrep_cand/protenix/9bdg_FI/d173/seed0_r1/results/9bdg_fi/seed_0/predictions/9bdg_fi_sample_2.cif,9bdg_FI,seed0_r1,9bdg_fi_sample_2.cif,0.23723
/mnt/data/admuser/msadepth/compreps/seedrep_cand/protenix/9bdg_FI/d173/seed0_r1/results/9bdg_fi/seed_0/predictions/9bdg_fi_sample_3.cif,9bdg_FI,seed0_r1,9bdg_fi_sample_3.cif,0.23552
/mnt/data/admuser/msadepth/compreps/seedrep_cand/protenix/9bdg_FI/d173/seed0_r1/results/9bdg_fi/seed_0/predictions/9bdg_fi_sample_4.cif,9bdg_FI,seed0_r1,9bdg_fi_sample_4.cif,0.23286
/mnt/data/admuser/msadepth/compreps/seedrep_cand/protenix/9bdg_FI/d173/seed0_r2/results/9bdg_fi/seed_0/predictions/9bdg_fi_sample_0.cif,9bdg_FI,seed0_r2,9bdg_fi_sample_0.cif,0.37291
/mnt/data/admuser/msadepth/compreps/seedrep_cand/protenix/9bdg_FI/d173/seed0_r2/results/9bdg_fi/seed_0/predictions/9bdg_fi_sample_1.cif,9bdg_FI,seed0_r2,9bdg_fi_sample_1.cif,0.37165
/mnt/data/admuser/msadepth/compreps/seedrep_cand/protenix/9bdg_FI/d173/seed0_r2/results/9bdg_fi/seed_0/predictions/9bdg_fi_sample_2.cif,9bdg_FI,seed0_r2,9bdg_fi_sample_2.cif,0.37046
/mnt/data/admuser/msadepth/compreps/seedrep_cand/protenix/9bdg_FI/d173/seed0_r2/results/9bdg_fi/seed_0/predictions/9bdg_fi_sample_3.cif,9bdg_FI,seed0_r2,9bdg_fi_sample_3.cif,0.3699
/mnt/data/admuser/msadepth/compreps/seedrep_cand/protenix/9bdg_FI/d173/seed0_r2/results/9bdg_fi/seed_0/predictions/9bdg_fi_sample_4.cif,9bdg_FI,seed0_r2,9bdg_fi_sample_4.cif,0.36544
/mnt/data/admuser/msadepth/compreps/seedrep_cand/protenix/9bdg_FI/d173/seed0_r3/results/9bdg_fi/seed_0/predictions/9bdg_fi_sample_0.cif,9bdg_FI,seed0_r3,9bdg_fi_sample_0.cif,0.35253
/mnt/data/admuser/msadepth/compreps/seedrep_cand/protenix/9bdg_FI/d173/seed0_r3/results/9bdg_fi/seed_0/predictions/9bdg_fi_sample_1.cif,9bdg_FI,seed0_r3,9bdg_fi_sample_1.cif,0.34677
/mnt/data/admuser/msadepth/compreps/seedrep_cand/protenix/9bdg_FI/d173/seed0_r3/results/9bdg_fi/seed_0/predictions/9bdg_fi_sample_2.cif,9bdg_FI,seed0_r3,9bdg_fi_sample_2.cif,0.34326
/mnt/data/admuser/msadepth/compreps/seedrep_cand/protenix/9bdg_FI/d173/seed0_r3/results/9bdg_fi/seed_0/predictions/9bdg_fi_sample_3.cif,9bdg_FI,seed0_r3,9bdg_fi_sample_3.cif,0.34252
/mnt/data/admuser/msadepth/compreps/seedrep_cand/protenix/9bdg_FI/d173/seed0_r3/results/9bdg_fi/seed_0/predictions/9bdg_fi_sample_4.cif,9bdg_FI,seed0_r3,9bdg_fi_sample_4.cif,0.3417
/mnt/data/admuser/msadepth/compreps/seedrep_cand/protenix/9bdg_FI/d173/seed1_r0/results/9bdg_fi/seed_0/predictions/9bdg_fi_sample_0.cif,9bdg_FI,seed1_r0,9bdg_fi_sample_0.cif,0.39941
/mnt/data/admuser/msadepth/compreps/seedrep_cand/protenix/9bdg_FI/d173/seed1_r0/results/9bdg_fi/seed_0/predictions/9bdg_fi_sample_1.cif,9bdg_FI,seed1_r0,9bdg_fi_sample_1.cif,0.39232
/mnt/data/admuser/msadepth/compreps/seedrep_cand/protenix/9bdg_FI/d173/seed1_r0/results/9bdg_fi/seed_0/predictions/9bdg_fi_sample_2.cif,9bdg_FI,seed1_r0,9bdg_fi_sample_2.cif,0.39279
/mnt/data/admuser/msadepth/compreps/seedrep_cand/protenix/9bdg_FI/d173/seed1_r0/results/9bdg_fi/seed_0/predictions/9bdg_fi_sample_3.cif,9bdg_FI,seed1_r0,9bdg_fi_sample_3.cif,0.38731
/mnt/data/admuser/msadepth/compreps/seedrep_cand/protenix/9bdg_FI/d173/seed1_r0/results/9bdg_fi/seed_0/predictions/9bdg_fi_sample_4.cif,9bdg_FI,seed1_r0,9bdg_fi_sample_4.cif,0.38782
/mnt/data/admuser/msadepth/compreps/seedrep_cand/protenix/9bdg_FI/d173/seed1_r1/results/9bdg_fi/seed_0/predictions/9bdg_fi_sample_0.cif,9bdg_FI,seed1_r1,9bdg_fi_sample_0.cif,0.35174
/mnt/data/admuser/msadepth/compreps/seedrep_cand/protenix/9bdg_FI/d173/seed1_r1/results/9bdg_fi/seed_0/predictions/9bdg_fi_sample_1.cif,9bdg_FI,seed1_r1,9bdg_fi_sample_1.cif,0.35186
/mnt/data/admuser/msadepth/compreps/seedrep_cand/protenix/9bdg_FI/d173/seed1_r1/results/9bdg_fi/seed_0/predictions/9bdg_fi_sample_2.cif,9bdg_FI,seed1_r1,9bdg_fi_sample_2.cif,0.35174
/mnt/data/admuser/msadepth/compreps/seedrep_cand/protenix/9bdg_FI/d173/seed1_r1/results/9bdg_fi/seed_0/predictions/9bdg_fi_sample_3.cif,9bdg_FI,seed1_r1,9bdg_fi_sample_3.cif,0.34932
/mnt/data/admuser/msadepth/compreps/seedrep_cand/protenix/9bdg_FI/d173/seed1_r1/results/9bdg_fi/seed_0/predictions/9bdg_fi_sample_4.cif,9bdg_FI,seed1_r1,9bdg_fi_sample_4.cif,0.34875
/mnt/data/admuser/msadepth/compreps/seedrep_cand/protenix/9bdg_FI/d173/seed1_r2/results/9bdg_fi/seed_0/predictions/9bdg_fi_sample_0.cif,9bdg_FI,seed1_r2,9bdg_fi_sample_0.cif,0.35885
/mnt/data/admuser/msadepth/compreps/seedrep_cand/protenix/9bdg_FI/d173/seed1_r2/results/9bdg_fi/seed_0/predictions/9bdg_fi_sample_1.cif,9bdg_FI,seed1_r2,9bdg_fi_sample_1.cif,0.35092
/mnt/data/admuser/msadepth/compreps/seedrep_cand/protenix/9bdg_FI/d173/seed1_r2/results/9bdg_fi/seed_0/predictions/9bdg_fi_sample_2.cif,9bdg_FI,seed1_r2,9bdg_fi_sample_2.cif,0.34964
/mnt/data/admuser/msadepth/compreps/seedrep_cand/protenix/9bdg_FI/d173/seed1_r2/results/9bdg_fi/seed_0/predictions/9bdg_fi_sample_3.cif,9bdg_FI,seed1_r2,9bdg_fi_sample_3.cif,0.34515
/mnt/data/admuser/msadepth/compreps/seedrep_cand/protenix/9bdg_FI/d173/seed1_r2/results/9bdg_fi/seed_0/predictions/9bdg_fi_sample_4.cif,9bdg_FI,seed1_r2,9bdg_fi_sample_4.cif,0.34142
/mnt/data/admuser/msadepth/compreps/seedrep_cand/protenix/9bdg_FI/d173/seed1_r3/results/9bdg_fi/seed_0/predictions/9bdg_fi_sample_0.cif,9bdg_FI,seed1_r3,9bdg_fi_sample_0.cif,0.353
/mnt/data/admuser/msadepth/compreps/seedrep_cand/protenix/9bdg_FI/d173/seed1_r3/results/9bdg_fi/seed_0/predictions/9bdg_fi_sample_1.cif,9bdg_FI,seed1_r3,9bdg_fi_sample_1.cif,0.34353
/mnt/data/admuser/msadepth/compreps/seedrep_cand/protenix/9bdg_FI/d173/seed1_r3/results/9bdg_fi/seed_0/predictions/9bdg_fi_sample_2.cif,9bdg_FI,seed1_r3,9bdg_fi_sample_2.cif,0.34277
/mnt/data/admuser/msadepth/compreps/seedrep_cand/protenix/9bdg_FI/d173/seed1_r3/results/9bdg_fi/seed_0/predictions/9bdg_fi_sample_3.cif,9bdg_FI,seed1_r3,9bdg_fi_sample_3.cif,0.34043
/mnt/data/admuser/msadepth/compreps/seedrep_cand/protenix/9bdg_FI/d173/seed1_r3/results/9bdg_fi/seed_0/predictions/9bdg_fi_sample_4.cif,9bdg_FI,seed1_r3,9bdg_fi_sample_4.cif,0.33958
/mnt/data/admuser/msadepth/compreps/seedrep_cand/protenix/9bdg_FI/d173/seed2_r0/results/9bdg_fi/seed_0/predictions/9bdg_fi_sample_0.cif,9bdg_FI,seed2_r0,9bdg_fi_sample_0.cif,0.35509
/mnt/data/admuser/msadepth/compreps/seedrep_cand/protenix/9bdg_FI/d173/seed2_r0/results/9bdg_fi/seed_0/predictions/9bdg_fi_sample_1.cif,9bdg_FI,seed2_r0,9bdg_fi_sample_1.cif,0.35431
/mnt/data/admuser/msadepth/compreps/seedrep_cand/protenix/9bdg_FI/d173/seed2_r0/results/9bdg_fi/seed_0/predictions/9bdg_fi_sample_2.cif,9bdg_FI,seed2_r0,9bdg_fi_sample_2.cif,0.35388
/mnt/data/admuser/msadepth/compreps/seedrep_cand/protenix/9bdg_FI/d173/seed2_r0/results/9bdg_fi/seed_0/predictions/9bdg_fi_sample_3.cif,9bdg_FI,seed2_r0,9bdg_fi_sample_3.cif,0.3531
/mnt/data/admuser/msadepth/compreps/seedrep_cand/protenix/9bdg_FI/d173/seed2_r0/results/9bdg_fi/seed_0/predictions/9bdg_fi_sample_4.cif,9bdg_FI,seed2_r0,9bdg_fi_sample_4.cif,0.35206
/mnt/data/admuser/msadepth/compreps/seedrep_cand/protenix/9bdg_FI/d173/seed2_r1/results/9bdg_fi/seed_0/predictions/9bdg_fi_sample_0.cif,9bdg_FI,seed2_r1,9bdg_fi_sample_0.cif,0.35625
/mnt/data/admuser/msadepth/compreps/seedrep_cand/protenix/9bdg_FI/d173/seed2_r1/results/9bdg_fi/seed_0/predictions/9bdg_fi_sample_1.cif,9bdg_FI,seed2_r1,9bdg_fi_sample_1.cif,0.35282
/mnt/data/admuser/msadepth/compreps/seedrep_cand/protenix/9bdg_FI/d173/seed2_r1/results/9bdg_fi/seed_0/predictions/9bdg_fi_sample_2.cif,9bdg_FI,seed2_r1,9bdg_fi_sample_2.cif,0.35181
/mnt/data/admuser/msadepth/compreps/seedrep_cand/protenix/9bdg_FI/d173/seed2_r1/results/9bdg_fi/seed_0/predictions/9bdg_fi_sample_3.cif,9bdg_FI,seed2_r1,9bdg_fi_sample_3.cif,0.35187
/mnt/data/admuser/msadepth/compreps/seedrep_cand/protenix/9bdg_FI/d173/seed2_r1/results/9bdg_fi/seed_0/predictions/9bdg_fi_sample_4.cif,9bdg_FI,seed2_r1,9bdg_fi_sample_4.cif,0.34437
/mnt/data/admuser/msadepth/compreps/seedrep_cand/protenix/9bdg_FI/d173/seed2_r2/results/9bdg_fi/seed_0/predictions/9bdg_fi_sample_0.cif,9bdg_FI,seed2_r2,9bdg_fi_sample_0.cif,0.34074
/mnt/data/admuser/msadepth/compreps/seedrep_cand/protenix/9bdg_FI/d173/seed2_r2/results/9bdg_fi/seed_0/predictions/9bdg_fi_sample_1.cif,9bdg_FI,seed2_r2,9bdg_fi_sample_1.cif,0.33846
/mnt/data/admuser/msadepth/compreps/seedrep_cand/protenix/9bdg_FI/d173/seed2_r2/results/9bdg_fi/seed_0/predictions/9bdg_fi_sample_2.cif,9bdg_FI,seed2_r2,9bdg_fi_sample_2.cif,0.33821
/mnt/data/admuser/msadepth/compreps/seedrep_cand/protenix/9bdg_FI/d173/seed2_r2/results/9bdg_fi/seed_0/predictions/9bdg_fi_sample_3.cif,9bdg_FI,seed2_r2,9bdg_fi_sample_3.cif,0.33641
/mnt/data/admuser/msadepth/compreps/seedrep_cand/protenix/9bdg_FI/d173/seed2_r2/results/9bdg_fi/seed_0/predictions/9bdg_fi_sample_4.cif,9bdg_FI,seed2_r2,9bdg_fi_sample_4.cif,0.32658
/mnt/data/admuser/msadepth/compreps/seedrep_cand/protenix/9bdg_FI/d173/seed2_r3/results/9bdg_fi/seed_0/predictions/9bdg_fi_sample_0.cif,9bdg_FI,seed2_r3,9bdg_fi_sample_0.cif,0.35026
/mnt/data/admuser/msadepth/compreps/seedrep_cand/protenix/9bdg_FI/d173/seed2_r3/results/9bdg_fi/seed_0/predictions/9bdg_fi_sample_1.cif,9bdg_FI,seed2_r3,9bdg_fi_sample_1.cif,0.34309
/mnt/data/admuser/msadepth/compreps/seedrep_cand/protenix/9bdg_FI/d173/seed2_r3/results/9bdg_fi/seed_0/predictions/9bdg_fi_sample_2.cif,9bdg_FI,seed2_r3,9bdg_fi_sample_2.cif,0.34073
/mnt/data/admuser/msadepth/compreps/seedrep_cand/protenix/9bdg_FI/d173/seed2_r3/results/9bdg_fi/seed_0/predictions/9bdg_fi_sample_3.cif,9bdg_FI,seed2_r3,9bdg_fi_sample_3.cif,0.33901
/mnt/data/admuser/msadepth/compreps/seedrep_cand/protenix/9bdg_FI/d173/seed2_r3/results/9bdg_fi/seed_0/predictions/9bdg_fi_sample_4.cif,9bdg_FI,seed2_r3,9bdg_fi_sample_4.cif,0.33498
/mnt/data/admuser/msadepth/compreps/seedrep_cand/protenix/9bdg_FI/d173/seed3_r0/results/9bdg_fi/seed_0/predictions/9bdg_fi_sample_0.cif,9bdg_FI,seed3_r0,9bdg_fi_sample_0.cif,0.36477
/mnt/data/admuser/msadepth/compreps/seedrep_cand/protenix/9bdg_FI/d173/seed3_r0/results/9bdg_fi/seed_0/predictions/9bdg_fi_sample_1.cif,9bdg_FI,seed3_r0,9bdg_fi_sample_1.cif,0.36382
/mnt/data/admuser/msadepth/compreps/seedrep_cand/protenix/9bdg_FI/d173/seed3_r0/results/9bdg_fi/seed_0/predictions/9bdg_fi_sample_2.cif,9bdg_FI,seed3_r0,9bdg_fi_sample_2.cif,0.36297
/mnt/data/admuser/msadepth/compreps/seedrep_cand/protenix/9bdg_FI/d173/seed3_r0/results/9bdg_fi/seed_0/predictions/9bdg_fi_sample_3.cif,9bdg_FI,seed3_r0,9bdg_fi_sample_3.cif,0.3599
/mnt/data/admuser/msadepth/compreps/seedrep_cand/protenix/9bdg_FI/d173/seed3_r0/results/9bdg_fi/seed_0/predictions/9bdg_fi_sample_4.cif,9bdg_FI,seed3_r0,9bdg_fi_sample_4.cif,0.35573
/mnt/data/admuser/msadepth/compreps/seedrep_cand/protenix/9bdg_FI/d173/seed3_r1/results/9bdg_fi/seed_0/predictions/9bdg_fi_sample_0.cif,9bdg_FI,seed3_r1,9bdg_fi_sample_0.cif,0.36197
/mnt/data/admuser/msadepth/compreps/seedrep_cand/protenix/9bdg_FI/d173/seed3_r1/results/9bdg_fi/seed_0/predictions/9bdg_fi_sample_1.cif,9bdg_FI,seed3_r1,9bdg_fi_sample_1.cif,0.35595
/mnt/data/admuser/msadepth/compreps/seedrep_cand/protenix/9bdg_FI/d173/seed3_r1/results/9bdg_fi/seed_0/predictions/9bdg_fi_sample_2.cif,9bdg_FI,seed3_r1,9bdg_fi_sample_2.cif,0.35326
/mnt/data/admuser/msadepth/compreps/seedrep_cand/protenix/9bdg_FI/d173/seed3_r1/results/9bdg_fi/seed_0/predictions/9bdg_fi_sample_3.cif,9bdg_FI,seed3_r1,9bdg_fi_sample_3.cif,0.35232
/mnt/data/admuser/msadepth/compreps/seedrep_cand/protenix/9bdg_FI/d173/seed3_r1/results/9bdg_fi/seed_0/predictions/9bdg_fi_sample_4.cif,9bdg_FI,seed3_r1,9bdg_fi_sample_4.cif,0.34788
/mnt/data/admuser/msadepth/compreps/seedrep_cand/protenix/9bdg_FI/d173/seed3_r2/results/9bdg_fi/seed_0/predictions/9bdg_fi_sample_0.cif,9bdg_FI,seed3_r2,9bdg_fi_sample_0.cif,0.34924
/mnt/data/admuser/msadepth/compreps/seedrep_cand/protenix/9bdg_FI/d173/seed3_r2/results/9bdg_fi/seed_0/predictions/9bdg_fi_sample_1.cif,9bdg_FI,seed3_r2,9bdg_fi_sample_1.cif,0.34856
/mnt/data/admuser/msadepth/compreps/seedrep_cand/protenix/9bdg_FI/d173/seed3_r2/results/9bdg_fi/seed_0/predictions/9bdg_fi_sample_2.cif,9bdg_FI,seed3_r2,9bdg_fi_sample_2.cif,0.34262
/mnt/data/admuser/msadepth/compreps/seedrep_cand/protenix/9bdg_FI/d173/seed3_r2/results/9bdg_fi/seed_0/predictions/9bdg_fi_sample_3.cif,9bdg_FI,seed3_r2,9bdg_fi_sample_3.cif,0.34207
/mnt/data/admuser/msadepth/compreps/seedrep_cand/protenix/9bdg_FI/d173/seed3_r2/results/9bdg_fi/seed_0/predictions/9bdg_fi_sample_4.cif,9bdg_FI,seed3_r2,9bdg_fi_sample_4.cif,0.33961
/mnt/data/admuser/msadepth/compreps/seedrep_cand/protenix/9bdg_FI/d173/seed3_r3/results/9bdg_fi/seed_0/predictions/9bdg_fi_sample_0.cif,9bdg_FI,seed3_r3,9bdg_fi_sample_0.cif,0.42068
/mnt/data/admuser/msadepth/compreps/seedrep_cand/protenix/9bdg_FI/d173/seed3_r3/results/9bdg_fi/seed_0/predictions/9bdg_fi_sample_1.cif,9bdg_FI,seed3_r3,9bdg_fi_sample_1.cif,0.41889
/mnt/data/admuser/msadepth/compreps/seedrep_cand/protenix/9bdg_FI/d173/seed3_r3/results/9bdg_fi/seed_0/predictions/9bdg_fi_sample_2.cif,9bdg_FI,seed3_r3,9bdg_fi_sample_2.cif,0.41233
/mnt/data/admuser/msadepth/compreps/seedrep_cand/protenix/9bdg_FI/d173/seed3_r3/results/9bdg_fi/seed_0/predictions/9bdg_fi_sample_3.cif,9bdg_FI,seed3_r3,9bdg_fi_sample_3.cif,0.40854
/mnt/data/admuser/msadepth/compreps/seedrep_cand/protenix/9bdg_FI/d173/seed3_r3/results/9bdg_fi/seed_0/predictions/9bdg_fi_sample_4.cif,9bdg_FI,seed3_r3,9bdg_fi_sample_4.cif,0.40502
/mnt/data/admuser/msadepth/compreps/seedrep_cand/protenix/9bdg_FI/d173/seed4_r0/results/9bdg_fi/seed_0/predictions/9bdg_fi_sample_0.cif,9bdg_FI,seed4_r0,9bdg_fi_sample_0.cif,0.26987
/mnt/data/admuser/msadepth/compreps/seedrep_cand/protenix/9bdg_FI/d173/seed4_r0/results/9bdg_fi/seed_0/predictions/9bdg_fi_sample_1.cif,9bdg_FI,seed4_r0,9bdg_fi_sample_1.cif,0.26971
/mnt/data/admuser/msadepth/compreps/seedrep_cand/protenix/9bdg_FI/d173/seed4_r0/results/9bdg_fi/seed_0/predictions/9bdg_fi_sample_2.cif,9bdg_FI,seed4_r0,9bdg_fi_sample_2.cif,0.26859
/mnt/data/admuser/msadepth/compreps/seedrep_cand/protenix/9bdg_FI/d173/seed4_r0/results/9bdg_fi/seed_0/predictions/9bdg_fi_sample_3.cif,9bdg_FI,seed4_r0,9bdg_fi_sample_3.cif,0.26011
/mnt/data/admuser/msadepth/compreps/seedrep_cand/protenix/9bdg_FI/d173/seed4_r0/results/9bdg_fi/seed_0/predictions/9bdg_fi_sample_4.cif,9bdg_FI,seed4_r0,9bdg_fi_sample_4.cif,0.25644
/mnt/data/admuser/msadepth/compreps/seedrep_cand/protenix/9bdg_FI/d173/seed4_r1/results/9bdg_fi/seed_0/predictions/9bdg_fi_sample_0.cif,9bdg_FI,seed4_r1,9bdg_fi_sample_0.cif,0.37459
/mnt/data/admuser/msadepth/compreps/seedrep_cand/protenix/9bdg_FI/d173/seed4_r1/results/9bdg_fi/seed_0/predictions/9bdg_fi_sample_1.cif,9bdg_FI,seed4_r1,9bdg_fi_sample_1.cif,0.37055
/mnt/data/admuser/msadepth/compreps/seedrep_cand/protenix/9bdg_FI/d173/seed4_r1/results/9bdg_fi/seed_0/predictions/9bdg_fi_sample_2.cif,9bdg_FI,seed4_r1,9bdg_fi_sample_2.cif,0.36977
/mnt/data/admuser/msadepth/compreps/seedrep_cand/protenix/9bdg_FI/d173/seed4_r1/results/9bdg_fi/seed_0/predictions/9bdg_fi_sample_3.cif,9bdg_FI,seed4_r1,9bdg_fi_sample_3.cif,0.36405
/mnt/data/admuser/msadepth/compreps/seedrep_cand/protenix/9bdg_FI/d173/seed4_r1/results/9bdg_fi/seed_0/predictions/9bdg_fi_sample_4.cif,9bdg_FI,seed4_r1,9bdg_fi_sample_4.cif,0.36383
/mnt/data/admuser/msadepth/compreps/seedrep_cand/protenix/9bdg_FI/d173/seed4_r2/results/9bdg_fi/seed_0/predictions/9bdg_fi_sample_0.cif,9bdg_FI,seed4_r2,9bdg_fi_sample_0.cif,0.34724
/mnt/data/admuser/msadepth/compreps/seedrep_cand/protenix/9bdg_FI/d173/seed4_r2/results/9bdg_fi/seed_0/predictions/9bdg_fi_sample_1.cif,9bdg_FI,seed4_r2,9bdg_fi_sample_1.cif,0.3472
/mnt/data/admuser/msadepth/compreps/seedrep_cand/protenix/9bdg_FI/d173/seed4_r2/results/9bdg_fi/seed_0/predictions/9bdg_fi_sample_2.cif,9bdg_FI,seed4_r2,9bdg_fi_sample_2.cif,0.34462
/mnt/data/admuser/msadepth/compreps/seedrep_cand/protenix/9bdg_FI/d173/seed4_r2/results/9bdg_fi/seed_0/predictions/9bdg_fi_sample_3.cif,9bdg_FI,seed4_r2,9bdg_fi_sample_3.cif,0.34306
/mnt/data/admuser/msadepth/compreps/seedrep_cand/protenix/9bdg_FI/d173/seed4_r2/results/9bdg_fi/seed_0/predictions/9bdg_fi_sample_4.cif,9bdg_FI,seed4_r2,9bdg_fi_sample_4.cif,0.34318
/mnt/data/admuser/msadepth/compreps/seedrep_cand/protenix/9bdg_FI/d173/seed4_r3/results/9bdg_fi/seed_0/predictions/9bdg_fi_sample_0.cif,9bdg_FI,seed4_r3,9bdg_fi_sample_0.cif,0.35347
/mnt/data/admuser/msadepth/compreps/seedrep_cand/protenix/9bdg_FI/d173/seed4_r3/results/9bdg_fi/seed_0/predictions/9bdg_fi_sample_1.cif,9bdg_FI,seed4_r3,9bdg_fi_sample_1.cif,0.35212
/mnt/data/admuser/msadepth/compreps/seedrep_cand/protenix/9bdg_FI/d173/seed4_r3/results/9bdg_fi/seed_0/predictions/9bdg_fi_sample_2.cif,9bdg_FI,seed4_r3,9bdg_fi_sample_2.cif,0.3519
/mnt/data/admuser/msadepth/compreps/seedrep_cand/protenix/9bdg_FI/d173/seed4_r3/results/9bdg_fi/seed_0/predictions/9bdg_fi_sample_3.cif,9bdg_FI,seed4_r3,9bdg_fi_sample_3.cif,0.35082
/mnt/data/admuser/msadepth/compreps/seedrep_cand/protenix/9bdg_FI/d173/seed4_r3/results/9bdg_fi/seed_0/predictions/9bdg_fi_sample_4.cif,9bdg_FI,seed4_r3,9bdg_fi_sample_4.cif,0.34758
/mnt/data/admuser/msadepth/compreps/seedrep_cand/protenix/9bdg_FI/d173/seed5_r0/results/9bdg_fi/seed_0/predictions/9bdg_fi_sample_0.cif,9bdg_FI,seed5_r0,9bdg_fi_sample_0.cif,0.35024
/mnt/data/admuser/msadepth/compreps/seedrep_cand/protenix/9bdg_FI/d173/seed5_r0/results/9bdg_fi/seed_0/predictions/9bdg_fi_sample_1.cif,9bdg_FI,seed5_r0,9bdg_fi_sample_1.cif,0.34693
/mnt/data/admuser/msadepth/compreps/seedrep_cand/protenix/9bdg_FI/d173/seed5_r0/results/9bdg_fi/seed_0/predictions/9bdg_fi_sample_2.cif,9bdg_FI,seed5_r0,9bdg_fi_sample_2.cif,0.34592
/mnt/data/admuser/msadepth/compreps/seedrep_cand/protenix/9bdg_FI/d173/seed5_r0/results/9bdg_fi/seed_0/predictions/9bdg_fi_sample_3.cif,9bdg_FI,seed5_r0,9bdg_fi_sample_3.cif,0.34475
/mnt/data/admuser/msadepth/compreps/seedrep_cand/protenix/9bdg_FI/d173/seed5_r0/results/9bdg_fi/seed_0/predictions/9bdg_fi_sample_4.cif,9bdg_FI,seed5_r0,9bdg_fi_sample_4.cif,0.34284
/mnt/data/admuser/msadepth/compreps/seedrep_cand/protenix/9bdg_FI/d173/seed5_r1/results/9bdg_fi/seed_0/predictions/9bdg_fi_sample_0.cif,9bdg_FI,seed5_r1,9bdg_fi_sample_0.cif,0.35293
/mnt/data/admuser/msadepth/compreps/seedrep_cand/protenix/9bdg_FI/d173/seed5_r1/results/9bdg_fi/seed_0/predictions/9bdg_fi_sample_1.cif,9bdg_FI,seed5_r1,9bdg_fi_sample_1.cif,0.35093
/mnt/data/admuser/msadepth/compreps/seedrep_cand/protenix/9bdg_FI/d173/seed5_r1/results/9bdg_fi/seed_0/predictions/9bdg_fi_sample_2.cif,9bdg_FI,seed5_r1,9bdg_fi_sample_2.cif,0.35121
/mnt/data/admuser/msadepth/compreps/seedrep_cand/protenix/9bdg_FI/d173/seed5_r1/results/9bdg_fi/seed_0/predictions/9bdg_fi_sample_3.cif,9bdg_FI,seed5_r1,9bdg_fi_sample_3.cif,0.34999
/mnt/data/admuser/msadepth/compreps/seedrep_cand/protenix/9bdg_FI/d173/seed5_r1/results/9bdg_fi/seed_0/predictions/9bdg_fi_sample_4.cif,9bdg_FI,seed5_r1,9bdg_fi_sample_4.cif,0.3478
/mnt/data/admuser/msadepth/compreps/seedrep_cand/protenix/9bdg_FI/d173/seed5_r2/results/9bdg_fi/seed_0/predictions/9bdg_fi_sample_0.cif,9bdg_FI,seed5_r2,9bdg_fi_sample_0.cif,0.32242
/mnt/data/admuser/msadepth/compreps/seedrep_cand/protenix/9bdg_FI/d173/seed5_r2/results/9bdg_fi/seed_0/predictions/9bdg_fi_sample_1.cif,9bdg_FI,seed5_r2,9bdg_fi_sample_1.cif,0.31998
/mnt/data/admuser/msadepth/compreps/seedrep_cand/protenix/9bdg_FI/d173/seed5_r2/results/9bdg_fi/seed_0/predictions/9bdg_fi_sample_2.cif,9bdg_FI,seed5_r2,9bdg_fi_sample_2.cif,0.31476
/mnt/data/admuser/msadepth/compreps/seedrep_cand/protenix/9bdg_FI/d173/seed5_r2/results/9bdg_fi/seed_0/predictions/9bdg_fi_sample_3.cif,9bdg_FI,seed5_r2,9bdg_fi_sample_3.cif,0.31006
/mnt/data/admuser/msadepth/compreps/seedrep_cand/protenix/9bdg_FI/d173/seed5_r2/results/9bdg_fi/seed_0/predictions/9bdg_fi_sample_4.cif,9bdg_FI,seed5_r2,9bdg_fi_sample_4.cif,0.30942
/mnt/data/admuser/msadepth/compreps/seedrep_cand/protenix/9bdg_FI/d173/seed5_r3/results/9bdg_fi/seed_0/predictions/9bdg_fi_sample_0.cif,9bdg_FI,seed5_r3,9bdg_fi_sample_0.cif,0.36098
/mnt/data/admuser/msadepth/compreps/seedrep_cand/protenix/9bdg_FI/d173/seed5_r3/results/9bdg_fi/seed_0/predictions/9bdg_fi_sample_1.cif,9bdg_FI,seed5_r3,9bdg_fi_sample_1.cif,0.3563
/mnt/data/admuser/msadepth/compreps/seedrep_cand/protenix/9bdg_FI/d173/seed5_r3/results/9bdg_fi/seed_0/predictions/9bdg_fi_sample_2.cif,9bdg_FI,seed5_r3,9bdg_fi_sample_2.cif,0.35533
/mnt/data/admuser/msadepth/compreps/seedrep_cand/protenix/9bdg_FI/d173/seed5_r3/results/9bdg_fi/seed_0/predictions/9bdg_fi_sample_3.cif,9bdg_FI,seed5_r3,9bdg_fi_sample_3.cif,0.35491
/mnt/data/admuser/msadepth/compreps/seedrep_cand/protenix/9bdg_FI/d173/seed5_r3/results/9bdg_fi/seed_0/predictions/9bdg_fi_sample_4.cif,9bdg_FI,seed5_r3,9bdg_fi_sample_4.cif,0.3492
/mnt/data/admuser/msadepth/compreps/seedrep_cand/protenix/9bdg_FI/d173/seedfull_r0/results/9bdg_fi/seed_0/predictions/9bdg_fi_sample_0.cif,9bdg_FI,seedfull_r0,9bdg_fi_sample_0.cif,0.37714
/mnt/data/admuser/msadepth/compreps/seedrep_cand/protenix/9bdg_FI/d173/seedfull_r0/results/9bdg_fi/seed_0/predictions/9bdg_fi_sample_1.cif,9bdg_FI,seedfull_r0,9bdg_fi_sample_1.cif,0.37459
/mnt/data/admuser/msadepth/compreps/seedrep_cand/protenix/9bdg_FI/d173/seedfull_r0/results/9bdg_fi/seed_0/predictions/9bdg_fi_sample_2.cif,9bdg_FI,seedfull_r0,9bdg_fi_sample_2.cif,0.37419
/mnt/data/admuser/msadepth/compreps/seedrep_cand/protenix/9bdg_FI/d173/seedfull_r0/results/9bdg_fi/seed_0/predictions/9bdg_fi_sample_3.cif,9bdg_FI,seedfull_r0,9bdg_fi_sample_3.cif,0.36207
/mnt/data/admuser/msadepth/compreps/seedrep_cand/protenix/9bdg_FI/d173/seedfull_r0/results/9bdg_fi/seed_0/predictions/9bdg_fi_sample_4.cif,9bdg_FI,seedfull_r0,9bdg_fi_sample_4.cif,0.35467
/mnt/data/admuser/msadepth/compreps/seedrep_cand/protenix/9bdg_FI/d173/seedfull_r1/results/9bdg_fi/seed_0/predictions/9bdg_fi_sample_0.cif,9bdg_FI,seedfull_r1,9bdg_fi_sample_0.cif,0.35514
/mnt/data/admuser/msadepth/compreps/seedrep_cand/protenix/9bdg_FI/d173/seedfull_r1/results/9bdg_fi/seed_0/predictions/9bdg_fi_sample_1.cif,9bdg_FI,seedfull_r1,9bdg_fi_sample_1.cif,0.35247
/mnt/data/admuser/msadepth/compreps/seedrep_cand/protenix/9bdg_FI/d173/seedfull_r1/results/9bdg_fi/seed_0/predictions/9bdg_fi_sample_2.cif,9bdg_FI,seedfull_r1,9bdg_fi_sample_2.cif,0.3512
/mnt/data/admuser/msadepth/compreps/seedrep_cand/protenix/9bdg_FI/d173/seedfull_r1/results/9bdg_fi/seed_0/predictions/9bdg_fi_sample_3.cif,9bdg_FI,seedfull_r1,9bdg_fi_sample_3.cif,0.34639
/mnt/data/admuser/msadepth/compreps/seedrep_cand/protenix/9bdg_FI/d173/seedfull_r1/results/9bdg_fi/seed_0/predictions/9bdg_fi_sample_4.cif,9bdg_FI,seedfull_r1,9bdg_fi_sample_4.cif,0.33692
/mnt/data/admuser/msadepth/compreps/seedrep_cand/protenix/9bdg_FI/d173/seedfull_r2/results/9bdg_fi/seed_0/predictions/9bdg_fi_sample_0.cif,9bdg_FI,seedfull_r2,9bdg_fi_sample_0.cif,0.35803
/mnt/data/admuser/msadepth/compreps/seedrep_cand/protenix/9bdg_FI/d173/seedfull_r2/results/9bdg_fi/seed_0/predictions/9bdg_fi_sample_1.cif,9bdg_FI,seedfull_r2,9bdg_fi_sample_1.cif,0.35737
/mnt/data/admuser/msadepth/compreps/seedrep_cand/protenix/9bdg_FI/d173/seedfull_r2/results/9bdg_fi/seed_0/predictions/9bdg_fi_sample_2.cif,9bdg_FI,seedfull_r2,9bdg_fi_sample_2.cif,0.3558
/mnt/data/admuser/msadepth/compreps/seedrep_cand/protenix/9bdg_FI/d173/seedfull_r2/results/9bdg_fi/seed_0/predictions/9bdg_fi_sample_3.cif,9bdg_FI,seedfull_r2,9bdg_fi_sample_3.cif,0.35273
/mnt/data/admuser/msadepth/compreps/seedrep_cand/protenix/9bdg_FI/d173/seedfull_r2/results/9bdg_fi/seed_0/predictions/9bdg_fi_sample_4.cif,9bdg_FI,seedfull_r2,9bdg_fi_sample_4.cif,0.3453
/mnt/data/admuser/msadepth/compreps/seedrep_cand/protenix/9bdg_FI/d173/seedfull_r3/results/9bdg_fi/seed_0/predictions/9bdg_fi_sample_0.cif,9bdg_FI,seedfull_r3,9bdg_fi_sample_0.cif,0.41075
/mnt/data/admuser/msadepth/compreps/seedrep_cand/protenix/9bdg_FI/d173/seedfull_r3/results/9bdg_fi/seed_0/predictions/9bdg_fi_sample_1.cif,9bdg_FI,seedfull_r3,9bdg_fi_sample_1.cif,0.4079
/mnt/data/admuser/msadepth/compreps/seedrep_cand/protenix/9bdg_FI/d173/seedfull_r3/results/9bdg_fi/seed_0/predictions/9bdg_fi_sample_2.cif,9bdg_FI,seedfull_r3,9bdg_fi_sample_2.cif,0.39331
/mnt/data/admuser/msadepth/compreps/seedrep_cand/protenix/9bdg_FI/d173/seedfull_r3/results/9bdg_fi/seed_0/predictions/9bdg_fi_sample_3.cif,9bdg_FI,seedfull_r3,9bdg_fi_sample_3.cif,0.39211
/mnt/data/admuser/msadepth/compreps/seedrep_cand/protenix/9bdg_FI/d173/seedfull_r3/results/9bdg_fi/seed_0/predictions/9bdg_fi_sample_4.cif,9bdg_FI,seedfull_r3,9bdg_fi_sample_4.cif,0.38153
/mnt/data/admuser/msadepth/compreps/seedrep_cand/protenix/9bdg_FI/d173/seedfull_r4/results/9bdg_fi/seed_0/predictions/9bdg_fi_sample_0.cif,9bdg_FI,seedfull_r4,9bdg_fi_sample_0.cif,0.35721
/mnt/data/admuser/msadepth/compreps/seedrep_cand/protenix/9bdg_FI/d173/seedfull_r4/results/9bdg_fi/seed_0/predictions/9bdg_fi_sample_1.cif,9bdg_FI,seedfull_r4,9bdg_fi_sample_1.cif,0.35217
/mnt/data/admuser/msadepth/compreps/seedrep_cand/protenix/9bdg_FI/d173/seedfull_r4/results/9bdg_fi/seed_0/predictions/9bdg_fi_sample_2.cif,9bdg_FI,seedfull_r4,9bdg_fi_sample_2.cif,0.35084
/mnt/data/admuser/msadepth/compreps/seedrep_cand/protenix/9bdg_FI/d173/seedfull_r4/results/9bdg_fi/seed_0/predictions/9bdg_fi_sample_3.cif,9bdg_FI,seedfull_r4,9bdg_fi_sample_3.cif,0.35018
/mnt/data/admuser/msadepth/compreps/seedrep_cand/protenix/9bdg_FI/d173/seedfull_r4/results/9bdg_fi/seed_0/predictions/9bdg_fi_sample_4.cif,9bdg_FI,seedfull_r4,9bdg_fi_sample_4.cif,0.34461
/mnt/data/admuser/msadepth/compreps/seedrep_cand/protenix/9bdg_FI/d173/seedfull_r5/results/9bdg_fi/seed_0/predictions/9bdg_fi_sample_0.cif,9bdg_FI,seedfull_r5,9bdg_fi_sample_0.cif,0.35087
/mnt/data/admuser/msadepth/compreps/seedrep_cand/protenix/9bdg_FI/d173/seedfull_r5/results/9bdg_fi/seed_0/predictions/9bdg_fi_sample_1.cif,9bdg_FI,seedfull_r5,9bdg_fi_sample_1.cif,0.34852
/mnt/data/admuser/msadepth/compreps/seedrep_cand/protenix/9bdg_FI/d173/seedfull_r5/results/9bdg_fi/seed_0/predictions/9bdg_fi_sample_2.cif,9bdg_FI,seedfull_r5,9bdg_fi_sample_2.cif,0.34757
/mnt/data/admuser/msadepth/compreps/seedrep_cand/protenix/9bdg_FI/d173/seedfull_r5/results/9bdg_fi/seed_0/predictions/9bdg_fi_sample_3.cif,9bdg_FI,seedfull_r5,9bdg_fi_sample_3.cif,0.34047
/mnt/data/admuser/msadepth/compreps/seedrep_cand/protenix/9bdg_FI/d173/seedfull_r5/results/9bdg_fi/seed_0/predictions/9bdg_fi_sample_4.cif,9bdg_FI,seedfull_r5,9bdg_fi_sample_4.cif,0.33564
/mnt/data/admuser/msadepth/compreps/seedrep_cand/protenix/9bdg_FI/d173/seedfull_r6/results/9bdg_fi/seed_0/predictions/9bdg_fi_sample_0.cif,9bdg_FI,seedfull_r6,9bdg_fi_sample_0.cif,0.40155
/mnt/data/admuser/msadepth/compreps/seedrep_cand/protenix/9bdg_FI/d173/seedfull_r6/results/9bdg_fi/seed_0/predictions/9bdg_fi_sample_1.cif,9bdg_FI,seedfull_r6,9bdg_fi_sample_1.cif,0.39675
/mnt/data/admuser/msadepth/compreps/seedrep_cand/protenix/9bdg_FI/d173/seedfull_r6/results/9bdg_fi/seed_0/predictions/9bdg_fi_sample_2.cif,9bdg_FI,seedfull_r6,9bdg_fi_sample_2.cif,0.39612
/mnt/data/admuser/msadepth/compreps/seedrep_cand/protenix/9bdg_FI/d173/seedfull_r6/results/9bdg_fi/seed_0/predictions/9bdg_fi_sample_3.cif,9bdg_FI,seedfull_r6,9bdg_fi_sample_3.cif,0.38055
/mnt/data/admuser/msadepth/compreps/seedrep_cand/protenix/9bdg_FI/d173/seedfull_r6/results/9bdg_fi/seed_0/predictions/9bdg_fi_sample_4.cif,9bdg_FI,seedfull_r6,9bdg_fi_sample_4.cif,0.37344
/mnt/data/admuser/msadepth/compreps/seedrep_cand/protenix/9bdg_FI/d173/seedfull_r7/results/9bdg_fi/seed_0/predictions/9bdg_fi_sample_0.cif,9bdg_FI,seedfull_r7,9bdg_fi_sample_0.cif,0.39548
/mnt/data/admuser/msadepth/compreps/seedrep_cand/protenix/9bdg_FI/d173/seedfull_r7/results/9bdg_fi/seed_0/predictions/9bdg_fi_sample_1.cif,9bdg_FI,seedfull_r7,9bdg_fi_sample_1.cif,0.3918
/mnt/data/admuser/msadepth/compreps/seedrep_cand/protenix/9bdg_FI/d173/seedfull_r7/results/9bdg_fi/seed_0/predictions/9bdg_fi_sample_2.cif,9bdg_FI,seedfull_r7,9bdg_fi_sample_2.cif,0.39163
/mnt/data/admuser/msadepth/compreps/seedrep_cand/protenix/9bdg_FI/d173/seedfull_r7/results/9bdg_fi/seed_0/predictions/9bdg_fi_sample_3.cif,9bdg_FI,seedfull_r7,9bdg_fi_sample_3.cif,0.38989
/mnt/data/admuser/msadepth/compreps/seedrep_cand/protenix/9bdg_FI/d173/seedfull_r7/results/9bdg_fi/seed_0/predictions/9bdg_fi_sample_4.cif,9bdg_FI,seedfull_r7,9bdg_fi_sample_4.cif,0.35624
/mnt/data/admuser/msadepth/compreps/seedrep_cand/protenix/9kkj_HL/d2220/seed0_r0/results/9kkj_hl/seed_0/predictions/9kkj_hl_sample_0.cif,9kkj_HL,seed0_r0,9kkj_hl_sample_0.cif,0.25112
/mnt/data/admuser/msadepth/compreps/seedrep_cand/protenix/9kkj_HL/d2220/seed0_r0/results/9kkj_hl/seed_0/predictions/9kkj_hl_sample_1.cif,9kkj_HL,seed0_r0,9kkj_hl_sample_1.cif,0.24877
/mnt/data/admuser/msadepth/compreps/seedrep_cand/protenix/9kkj_HL/d2220/seed0_r0/results/9kkj_hl/seed_0/predictions/9kkj_hl_sample_2.cif,9kkj_HL,seed0_r0,9kkj_hl_sample_2.cif,0.24848
/mnt/data/admuser/msadepth/compreps/seedrep_cand/protenix/9kkj_HL/d2220/seed0_r0/results/9kkj_hl/seed_0/predictions/9kkj_hl_sample_3.cif,9kkj_HL,seed0_r0,9kkj_hl_sample_3.cif,0.24623
/mnt/data/admuser/msadepth/compreps/seedrep_cand/protenix/9kkj_HL/d2220/seed0_r0/results/9kkj_hl/seed_0/predictions/9kkj_hl_sample_4.cif,9kkj_HL,seed0_r0,9kkj_hl_sample_4.cif,0.24516
/mnt/data/admuser/msadepth/compreps/seedrep_cand/protenix/9kkj_HL/d2220/seed0_r1/results/9kkj_hl/seed_0/predictions/9kkj_hl_sample_0.cif,9kkj_HL,seed0_r1,9kkj_hl_sample_0.cif,0.32422
/mnt/data/admuser/msadepth/compreps/seedrep_cand/protenix/9kkj_HL/d2220/seed0_r1/results/9kkj_hl/seed_0/predictions/9kkj_hl_sample_1.cif,9kkj_HL,seed0_r1,9kkj_hl_sample_1.cif,0.31381
/mnt/data/admuser/msadepth/compreps/seedrep_cand/protenix/9kkj_HL/d2220/seed0_r1/results/9kkj_hl/seed_0/predictions/9kkj_hl_sample_2.cif,9kkj_HL,seed0_r1,9kkj_hl_sample_2.cif,0.31347
/mnt/data/admuser/msadepth/compreps/seedrep_cand/protenix/9kkj_HL/d2220/seed0_r1/results/9kkj_hl/seed_0/predictions/9kkj_hl_sample_3.cif,9kkj_HL,seed0_r1,9kkj_hl_sample_3.cif,0.31289
/mnt/data/admuser/msadepth/compreps/seedrep_cand/protenix/9kkj_HL/d2220/seed0_r1/results/9kkj_hl/seed_0/predictions/9kkj_hl_sample_4.cif,9kkj_HL,seed0_r1,9kkj_hl_sample_4.cif,0.31264
/mnt/data/admuser/msadepth/compreps/seedrep_cand/protenix/9kkj_HL/d2220/seed0_r2/results/9kkj_hl/seed_0/predictions/9kkj_hl_sample_0.cif,9kkj_HL,seed0_r2,9kkj_hl_sample_0.cif,0.36854
/mnt/data/admuser/msadepth/compreps/seedrep_cand/protenix/9kkj_HL/d2220/seed0_r2/results/9kkj_hl/seed_0/predictions/9kkj_hl_sample_1.cif,9kkj_HL,seed0_r2,9kkj_hl_sample_1.cif,0.36642
/mnt/data/admuser/msadepth/compreps/seedrep_cand/protenix/9kkj_HL/d2220/seed0_r2/results/9kkj_hl/seed_0/predictions/9kkj_hl_sample_2.cif,9kkj_HL,seed0_r2,9kkj_hl_sample_2.cif,0.35818
/mnt/data/admuser/msadepth/compreps/seedrep_cand/protenix/9kkj_HL/d2220/seed0_r2/results/9kkj_hl/seed_0/predictions/9kkj_hl_sample_3.cif,9kkj_HL,seed0_r2,9kkj_hl_sample_3.cif,0.35754
/mnt/data/admuser/msadepth/compreps/seedrep_cand/protenix/9kkj_HL/d2220/seed0_r2/results/9kkj_hl/seed_0/predictions/9kkj_hl_sample_4.cif,9kkj_HL,seed0_r2,9kkj_hl_sample_4.cif,0.35738
/mnt/data/admuser/msadepth/compreps/seedrep_cand/protenix/9kkj_HL/d2220/seed0_r3/results/9kkj_hl/seed_0/predictions/9kkj_hl_sample_0.cif,9kkj_HL,seed0_r3,9kkj_hl_sample_0.cif,0.29568
/mnt/data/admuser/msadepth/compreps/seedrep_cand/protenix/9kkj_HL/d2220/seed0_r3/results/9kkj_hl/seed_0/predictions/9kkj_hl_sample_1.cif,9kkj_HL,seed0_r3,9kkj_hl_sample_1.cif,0.29466
/mnt/data/admuser/msadepth/compreps/seedrep_cand/protenix/9kkj_HL/d2220/seed0_r3/results/9kkj_hl/seed_0/predictions/9kkj_hl_sample_2.cif,9kkj_HL,seed0_r3,9kkj_hl_sample_2.cif,0.28954
/mnt/data/admuser/msadepth/compreps/seedrep_cand/protenix/9kkj_HL/d2220/seed0_r3/results/9kkj_hl/seed_0/predictions/9kkj_hl_sample_3.cif,9kkj_HL,seed0_r3,9kkj_hl_sample_3.cif,0.29096
/mnt/data/admuser/msadepth/compreps/seedrep_cand/protenix/9kkj_HL/d2220/seed0_r3/results/9kkj_hl/seed_0/predictions/9kkj_hl_sample_4.cif,9kkj_HL,seed0_r3,9kkj_hl_sample_4.cif,0.28101
/mnt/data/admuser/msadepth/compreps/seedrep_cand/protenix/9kkj_HL/d2220/seed1_r0/results/9kkj_hl/seed_0/predictions/9kkj_hl_sample_0.cif,9kkj_HL,seed1_r0,9kkj_hl_sample_0.cif,0.17895
/mnt/data/admuser/msadepth/compreps/seedrep_cand/protenix/9kkj_HL/d2220/seed1_r0/results/9kkj_hl/seed_0/predictions/9kkj_hl_sample_1.cif,9kkj_HL,seed1_r0,9kkj_hl_sample_1.cif,0.17756
/mnt/data/admuser/msadepth/compreps/seedrep_cand/protenix/9kkj_HL/d2220/seed1_r0/results/9kkj_hl/seed_0/predictions/9kkj_hl_sample_2.cif,9kkj_HL,seed1_r0,9kkj_hl_sample_2.cif,0.17809
/mnt/data/admuser/msadepth/compreps/seedrep_cand/protenix/9kkj_HL/d2220/seed1_r0/results/9kkj_hl/seed_0/predictions/9kkj_hl_sample_3.cif,9kkj_HL,seed1_r0,9kkj_hl_sample_3.cif,0.17889
/mnt/data/admuser/msadepth/compreps/seedrep_cand/protenix/9kkj_HL/d2220/seed1_r0/results/9kkj_hl/seed_0/predictions/9kkj_hl_sample_4.cif,9kkj_HL,seed1_r0,9kkj_hl_sample_4.cif,0.16978
/mnt/data/admuser/msadepth/compreps/seedrep_cand/protenix/9kkj_HL/d2220/seed1_r1/results/9kkj_hl/seed_0/predictions/9kkj_hl_sample_0.cif,9kkj_HL,seed1_r1,9kkj_hl_sample_0.cif,0.18514
/mnt/data/admuser/msadepth/compreps/seedrep_cand/protenix/9kkj_HL/d2220/seed1_r1/results/9kkj_hl/seed_0/predictions/9kkj_hl_sample_1.cif,9kkj_HL,seed1_r1,9kkj_hl_sample_1.cif,0.18225
/mnt/data/admuser/msadepth/compreps/seedrep_cand/protenix/9kkj_HL/d2220/seed1_r1/results/9kkj_hl/seed_0/predictions/9kkj_hl_sample_2.cif,9kkj_HL,seed1_r1,9kkj_hl_sample_2.cif,0.17368
/mnt/data/admuser/msadepth/compreps/seedrep_cand/protenix/9kkj_HL/d2220/seed1_r1/results/9kkj_hl/seed_0/predictions/9kkj_hl_sample_3.cif,9kkj_HL,seed1_r1,9kkj_hl_sample_3.cif,0.16841
/mnt/data/admuser/msadepth/compreps/seedrep_cand/protenix/9kkj_HL/d2220/seed1_r1/results/9kkj_hl/seed_0/predictions/9kkj_hl_sample_4.cif,9kkj_HL,seed1_r1,9kkj_hl_sample_4.cif,0.16775
/mnt/data/admuser/msadepth/compreps/seedrep_cand/protenix/9kkj_HL/d2220/seed1_r2/results/9kkj_hl/seed_0/predictions/9kkj_hl_sample_0.cif,9kkj_HL,seed1_r2,9kkj_hl_sample_0.cif,0.27706
/mnt/data/admuser/msadepth/compreps/seedrep_cand/protenix/9kkj_HL/d2220/seed1_r2/results/9kkj_hl/seed_0/predictions/9kkj_hl_sample_1.cif,9kkj_HL,seed1_r2,9kkj_hl_sample_1.cif,0.27399
/mnt/data/admuser/msadepth/compreps/seedrep_cand/protenix/9kkj_HL/d2220/seed1_r2/results/9kkj_hl/seed_0/predictions/9kkj_hl_sample_2.cif,9kkj_HL,seed1_r2,9kkj_hl_sample_2.cif,0.27268
/mnt/data/admuser/msadepth/compreps/seedrep_cand/protenix/9kkj_HL/d2220/seed1_r2/results/9kkj_hl/seed_0/predictions/9kkj_hl_sample_3.cif,9kkj_HL,seed1_r2,9kkj_hl_sample_3.cif,0.26712
/mnt/data/admuser/msadepth/compreps/seedrep_cand/protenix/9kkj_HL/d2220/seed1_r2/results/9kkj_hl/seed_0/predictions/9kkj_hl_sample_4.cif,9kkj_HL,seed1_r2,9kkj_hl_sample_4.cif,0.25968
/mnt/data/admuser/msadepth/compreps/seedrep_cand/protenix/9kkj_HL/d2220/seed1_r3/results/9kkj_hl/seed_0/predictions/9kkj_hl_sample_0.cif,9kkj_HL,seed1_r3,9kkj_hl_sample_0.cif,0.19958
/mnt/data/admuser/msadepth/compreps/seedrep_cand/protenix/9kkj_HL/d2220/seed1_r3/results/9kkj_hl/seed_0/predictions/9kkj_hl_sample_1.cif,9kkj_HL,seed1_r3,9kkj_hl_sample_1.cif,0.19726
/mnt/data/admuser/msadepth/compreps/seedrep_cand/protenix/9kkj_HL/d2220/seed1_r3/results/9kkj_hl/seed_0/predictions/9kkj_hl_sample_2.cif,9kkj_HL,seed1_r3,9kkj_hl_sample_2.cif,0.19491
/mnt/data/admuser/msadepth/compreps/seedrep_cand/protenix/9kkj_HL/d2220/seed1_r3/results/9kkj_hl/seed_0/predictions/9kkj_hl_sample_3.cif,9kkj_HL,seed1_r3,9kkj_hl_sample_3.cif,0.19292
/mnt/data/admuser/msadepth/compreps/seedrep_cand/protenix/9kkj_HL/d2220/seed1_r3/results/9kkj_hl/seed_0/predictions/9kkj_hl_sample_4.cif,9kkj_HL,seed1_r3,9kkj_hl_sample_4.cif,0.1881
/mnt/data/admuser/msadepth/compreps/seedrep_cand/protenix/9kkj_HL/d2220/seed2_r0/results/9kkj_hl/seed_0/predictions/9kkj_hl_sample_0.cif,9kkj_HL,seed2_r0,9kkj_hl_sample_0.cif,0.36615
/mnt/data/admuser/msadepth/compreps/seedrep_cand/protenix/9kkj_HL/d2220/seed2_r0/results/9kkj_hl/seed_0/predictions/9kkj_hl_sample_1.cif,9kkj_HL,seed2_r0,9kkj_hl_sample_1.cif,0.36611
/mnt/data/admuser/msadepth/compreps/seedrep_cand/protenix/9kkj_HL/d2220/seed2_r0/results/9kkj_hl/seed_0/predictions/9kkj_hl_sample_2.cif,9kkj_HL,seed2_r0,9kkj_hl_sample_2.cif,0.36468
/mnt/data/admuser/msadepth/compreps/seedrep_cand/protenix/9kkj_HL/d2220/seed2_r0/results/9kkj_hl/seed_0/predictions/9kkj_hl_sample_3.cif,9kkj_HL,seed2_r0,9kkj_hl_sample_3.cif,0.36401
/mnt/data/admuser/msadepth/compreps/seedrep_cand/protenix/9kkj_HL/d2220/seed2_r0/results/9kkj_hl/seed_0/predictions/9kkj_hl_sample_4.cif,9kkj_HL,seed2_r0,9kkj_hl_sample_4.cif,0.3629
/mnt/data/admuser/msadepth/compreps/seedrep_cand/protenix/9kkj_HL/d2220/seed2_r1/results/9kkj_hl/seed_0/predictions/9kkj_hl_sample_0.cif,9kkj_HL,seed2_r1,9kkj_hl_sample_0.cif,0.45722
/mnt/data/admuser/msadepth/compreps/seedrep_cand/protenix/9kkj_HL/d2220/seed2_r1/results/9kkj_hl/seed_0/predictions/9kkj_hl_sample_1.cif,9kkj_HL,seed2_r1,9kkj_hl_sample_1.cif,0.45631
/mnt/data/admuser/msadepth/compreps/seedrep_cand/protenix/9kkj_HL/d2220/seed2_r1/results/9kkj_hl/seed_0/predictions/9kkj_hl_sample_2.cif,9kkj_HL,seed2_r1,9kkj_hl_sample_2.cif,0.45554
/mnt/data/admuser/msadepth/compreps/seedrep_cand/protenix/9kkj_HL/d2220/seed2_r1/results/9kkj_hl/seed_0/predictions/9kkj_hl_sample_3.cif,9kkj_HL,seed2_r1,9kkj_hl_sample_3.cif,0.45452
/mnt/data/admuser/msadepth/compreps/seedrep_cand/protenix/9kkj_HL/d2220/seed2_r1/results/9kkj_hl/seed_0/predictions/9kkj_hl_sample_4.cif,9kkj_HL,seed2_r1,9kkj_hl_sample_4.cif,0.45431
/mnt/data/admuser/msadepth/compreps/seedrep_cand/protenix/9kkj_HL/d2220/seed2_r2/results/9kkj_hl/seed_0/predictions/9kkj_hl_sample_0.cif,9kkj_HL,seed2_r2,9kkj_hl_sample_0.cif,0.31405
/mnt/data/admuser/msadepth/compreps/seedrep_cand/protenix/9kkj_HL/d2220/seed2_r2/results/9kkj_hl/seed_0/predictions/9kkj_hl_sample_1.cif,9kkj_HL,seed2_r2,9kkj_hl_sample_1.cif,0.31089
/mnt/data/admuser/msadepth/compreps/seedrep_cand/protenix/9kkj_HL/d2220/seed2_r2/results/9kkj_hl/seed_0/predictions/9kkj_hl_sample_2.cif,9kkj_HL,seed2_r2,9kkj_hl_sample_2.cif,0.31034
/mnt/data/admuser/msadepth/compreps/seedrep_cand/protenix/9kkj_HL/d2220/seed2_r2/results/9kkj_hl/seed_0/predictions/9kkj_hl_sample_3.cif,9kkj_HL,seed2_r2,9kkj_hl_sample_3.cif,0.30414
/mnt/data/admuser/msadepth/compreps/seedrep_cand/protenix/9kkj_HL/d2220/seed2_r2/results/9kkj_hl/seed_0/predictions/9kkj_hl_sample_4.cif,9kkj_HL,seed2_r2,9kkj_hl_sample_4.cif,0.27783
/mnt/data/admuser/msadepth/compreps/seedrep_cand/protenix/9kkj_HL/d2220/seed2_r3/results/9kkj_hl/seed_0/predictions/9kkj_hl_sample_0.cif,9kkj_HL,seed2_r3,9kkj_hl_sample_0.cif,0.4428
/mnt/data/admuser/msadepth/compreps/seedrep_cand/protenix/9kkj_HL/d2220/seed2_r3/results/9kkj_hl/seed_0/predictions/9kkj_hl_sample_1.cif,9kkj_HL,seed2_r3,9kkj_hl_sample_1.cif,0.4395
/mnt/data/admuser/msadepth/compreps/seedrep_cand/protenix/9kkj_HL/d2220/seed2_r3/results/9kkj_hl/seed_0/predictions/9kkj_hl_sample_2.cif,9kkj_HL,seed2_r3,9kkj_hl_sample_2.cif,0.43849
/mnt/data/admuser/msadepth/compreps/seedrep_cand/protenix/9kkj_HL/d2220/seed2_r3/results/9kkj_hl/seed_0/predictions/9kkj_hl_sample_3.cif,9kkj_HL,seed2_r3,9kkj_hl_sample_3.cif,0.43761
/mnt/data/admuser/msadepth/compreps/seedrep_cand/protenix/9kkj_HL/d2220/seed2_r3/results/9kkj_hl/seed_0/predictions/9kkj_hl_sample_4.cif,9kkj_HL,seed2_r3,9kkj_hl_sample_4.cif,0.43491
/mnt/data/admuser/msadepth/compreps/seedrep_cand/protenix/9kkj_HL/d2220/seed3_r0/results/9kkj_hl/seed_0/predictions/9kkj_hl_sample_0.cif,9kkj_HL,seed3_r0,9kkj_hl_sample_0.cif,0.35705
/mnt/data/admuser/msadepth/compreps/seedrep_cand/protenix/9kkj_HL/d2220/seed3_r0/results/9kkj_hl/seed_0/predictions/9kkj_hl_sample_1.cif,9kkj_HL,seed3_r0,9kkj_hl_sample_1.cif,0.35464
/mnt/data/admuser/msadepth/compreps/seedrep_cand/protenix/9kkj_HL/d2220/seed3_r0/results/9kkj_hl/seed_0/predictions/9kkj_hl_sample_2.cif,9kkj_HL,seed3_r0,9kkj_hl_sample_2.cif,0.35776
/mnt/data/admuser/msadepth/compreps/seedrep_cand/protenix/9kkj_HL/d2220/seed3_r0/results/9kkj_hl/seed_0/predictions/9kkj_hl_sample_3.cif,9kkj_HL,seed3_r0,9kkj_hl_sample_3.cif,0.34894
/mnt/data/admuser/msadepth/compreps/seedrep_cand/protenix/9kkj_HL/d2220/seed3_r0/results/9kkj_hl/seed_0/predictions/9kkj_hl_sample_4.cif,9kkj_HL,seed3_r0,9kkj_hl_sample_4.cif,0.3447
/mnt/data/admuser/msadepth/compreps/seedrep_cand/protenix/9kkj_HL/d2220/seed3_r1/results/9kkj_hl/seed_0/predictions/9kkj_hl_sample_0.cif,9kkj_HL,seed3_r1,9kkj_hl_sample_0.cif,0.36621
/mnt/data/admuser/msadepth/compreps/seedrep_cand/protenix/9kkj_HL/d2220/seed3_r1/results/9kkj_hl/seed_0/predictions/9kkj_hl_sample_1.cif,9kkj_HL,seed3_r1,9kkj_hl_sample_1.cif,0.36684
/mnt/data/admuser/msadepth/compreps/seedrep_cand/protenix/9kkj_HL/d2220/seed3_r1/results/9kkj_hl/seed_0/predictions/9kkj_hl_sample_2.cif,9kkj_HL,seed3_r1,9kkj_hl_sample_2.cif,0.35856
/mnt/data/admuser/msadepth/compreps/seedrep_cand/protenix/9kkj_HL/d2220/seed3_r1/results/9kkj_hl/seed_0/predictions/9kkj_hl_sample_3.cif,9kkj_HL,seed3_r1,9kkj_hl_sample_3.cif,0.35781
/mnt/data/admuser/msadepth/compreps/seedrep_cand/protenix/9kkj_HL/d2220/seed3_r1/results/9kkj_hl/seed_0/predictions/9kkj_hl_sample_4.cif,9kkj_HL,seed3_r1,9kkj_hl_sample_4.cif,0.3477
/mnt/data/admuser/msadepth/compreps/seedrep_cand/protenix/9kkj_HL/d2220/seed3_r2/results/9kkj_hl/seed_0/predictions/9kkj_hl_sample_0.cif,9kkj_HL,seed3_r2,9kkj_hl_sample_0.cif,0.2002
/mnt/data/admuser/msadepth/compreps/seedrep_cand/protenix/9kkj_HL/d2220/seed3_r2/results/9kkj_hl/seed_0/predictions/9kkj_hl_sample_1.cif,9kkj_HL,seed3_r2,9kkj_hl_sample_1.cif,0.19955
/mnt/data/admuser/msadepth/compreps/seedrep_cand/protenix/9kkj_HL/d2220/seed3_r2/results/9kkj_hl/seed_0/predictions/9kkj_hl_sample_2.cif,9kkj_HL,seed3_r2,9kkj_hl_sample_2.cif,0.19587
/mnt/data/admuser/msadepth/compreps/seedrep_cand/protenix/9kkj_HL/d2220/seed3_r2/results/9kkj_hl/seed_0/predictions/9kkj_hl_sample_3.cif,9kkj_HL,seed3_r2,9kkj_hl_sample_3.cif,0.19365
/mnt/data/admuser/msadepth/compreps/seedrep_cand/protenix/9kkj_HL/d2220/seed3_r2/results/9kkj_hl/seed_0/predictions/9kkj_hl_sample_4.cif,9kkj_HL,seed3_r2,9kkj_hl_sample_4.cif,0.17511
/mnt/data/admuser/msadepth/compreps/seedrep_cand/protenix/9kkj_HL/d2220/seed3_r3/results/9kkj_hl/seed_0/predictions/9kkj_hl_sample_0.cif,9kkj_HL,seed3_r3,9kkj_hl_sample_0.cif,0.22711
/mnt/data/admuser/msadepth/compreps/seedrep_cand/protenix/9kkj_HL/d2220/seed3_r3/results/9kkj_hl/seed_0/predictions/9kkj_hl_sample_1.cif,9kkj_HL,seed3_r3,9kkj_hl_sample_1.cif,0.21999
/mnt/data/admuser/msadepth/compreps/seedrep_cand/protenix/9kkj_HL/d2220/seed3_r3/results/9kkj_hl/seed_0/predictions/9kkj_hl_sample_2.cif,9kkj_HL,seed3_r3,9kkj_hl_sample_2.cif,0.21436
/mnt/data/admuser/msadepth/compreps/seedrep_cand/protenix/9kkj_HL/d2220/seed3_r3/results/9kkj_hl/seed_0/predictions/9kkj_hl_sample_3.cif,9kkj_HL,seed3_r3,9kkj_hl_sample_3.cif,0.21372
/mnt/data/admuser/msadepth/compreps/seedrep_cand/protenix/9kkj_HL/d2220/seed3_r3/results/9kkj_hl/seed_0/predictions/9kkj_hl_sample_4.cif,9kkj_HL,seed3_r3,9kkj_hl_sample_4.cif,0.21367
/mnt/data/admuser/msadepth/compreps/seedrep_cand/protenix/9kkj_HL/d2220/seed4_r0/results/9kkj_hl/seed_0/predictions/9kkj_hl_sample_0.cif,9kkj_HL,seed4_r0,9kkj_hl_sample_0.cif,0.17859
/mnt/data/admuser/msadepth/compreps/seedrep_cand/protenix/9kkj_HL/d2220/seed4_r0/results/9kkj_hl/seed_0/predictions/9kkj_hl_sample_1.cif,9kkj_HL,seed4_r0,9kkj_hl_sample_1.cif,0.17703
/mnt/data/admuser/msadepth/compreps/seedrep_cand/protenix/9kkj_HL/d2220/seed4_r0/results/9kkj_hl/seed_0/predictions/9kkj_hl_sample_2.cif,9kkj_HL,seed4_r0,9kkj_hl_sample_2.cif,0.1767
/mnt/data/admuser/msadepth/compreps/seedrep_cand/protenix/9kkj_HL/d2220/seed4_r0/results/9kkj_hl/seed_0/predictions/9kkj_hl_sample_3.cif,9kkj_HL,seed4_r0,9kkj_hl_sample_3.cif,0.16326
/mnt/data/admuser/msadepth/compreps/seedrep_cand/protenix/9kkj_HL/d2220/seed4_r0/results/9kkj_hl/seed_0/predictions/9kkj_hl_sample_4.cif,9kkj_HL,seed4_r0,9kkj_hl_sample_4.cif,0.14169
/mnt/data/admuser/msadepth/compreps/seedrep_cand/protenix/9kkj_HL/d2220/seed4_r1/results/9kkj_hl/seed_0/predictions/9kkj_hl_sample_0.cif,9kkj_HL,seed4_r1,9kkj_hl_sample_0.cif,0.27265
/mnt/data/admuser/msadepth/compreps/seedrep_cand/protenix/9kkj_HL/d2220/seed4_r1/results/9kkj_hl/seed_0/predictions/9kkj_hl_sample_1.cif,9kkj_HL,seed4_r1,9kkj_hl_sample_1.cif,0.26708
/mnt/data/admuser/msadepth/compreps/seedrep_cand/protenix/9kkj_HL/d2220/seed4_r1/results/9kkj_hl/seed_0/predictions/9kkj_hl_sample_2.cif,9kkj_HL,seed4_r1,9kkj_hl_sample_2.cif,0.26734
/mnt/data/admuser/msadepth/compreps/seedrep_cand/protenix/9kkj_HL/d2220/seed4_r1/results/9kkj_hl/seed_0/predictions/9kkj_hl_sample_3.cif,9kkj_HL,seed4_r1,9kkj_hl_sample_3.cif,0.25365
/mnt/data/admuser/msadepth/compreps/seedrep_cand/protenix/9kkj_HL/d2220/seed4_r1/results/9kkj_hl/seed_0/predictions/9kkj_hl_sample_4.cif,9kkj_HL,seed4_r1,9kkj_hl_sample_4.cif,0.25423
/mnt/data/admuser/msadepth/compreps/seedrep_cand/protenix/9kkj_HL/d2220/seed4_r2/results/9kkj_hl/seed_0/predictions/9kkj_hl_sample_0.cif,9kkj_HL,seed4_r2,9kkj_hl_sample_0.cif,0.18279
/mnt/data/admuser/msadepth/compreps/seedrep_cand/protenix/9kkj_HL/d2220/seed4_r2/results/9kkj_hl/seed_0/predictions/9kkj_hl_sample_1.cif,9kkj_HL,seed4_r2,9kkj_hl_sample_1.cif,0.18218
/mnt/data/admuser/msadepth/compreps/seedrep_cand/protenix/9kkj_HL/d2220/seed4_r2/results/9kkj_hl/seed_0/predictions/9kkj_hl_sample_2.cif,9kkj_HL,seed4_r2,9kkj_hl_sample_2.cif,0.17627
/mnt/data/admuser/msadepth/compreps/seedrep_cand/protenix/9kkj_HL/d2220/seed4_r2/results/9kkj_hl/seed_0/predictions/9kkj_hl_sample_3.cif,9kkj_HL,seed4_r2,9kkj_hl_sample_3.cif,0.17351
/mnt/data/admuser/msadepth/compreps/seedrep_cand/protenix/9kkj_HL/d2220/seed4_r2/results/9kkj_hl/seed_0/predictions/9kkj_hl_sample_4.cif,9kkj_HL,seed4_r2,9kkj_hl_sample_4.cif,0.16557
/mnt/data/admuser/msadepth/compreps/seedrep_cand/protenix/9kkj_HL/d2220/seed4_r3/results/9kkj_hl/seed_0/predictions/9kkj_hl_sample_0.cif,9kkj_HL,seed4_r3,9kkj_hl_sample_0.cif,0.24927
/mnt/data/admuser/msadepth/compreps/seedrep_cand/protenix/9kkj_HL/d2220/seed4_r3/results/9kkj_hl/seed_0/predictions/9kkj_hl_sample_1.cif,9kkj_HL,seed4_r3,9kkj_hl_sample_1.cif,0.24912
/mnt/data/admuser/msadepth/compreps/seedrep_cand/protenix/9kkj_HL/d2220/seed4_r3/results/9kkj_hl/seed_0/predictions/9kkj_hl_sample_2.cif,9kkj_HL,seed4_r3,9kkj_hl_sample_2.cif,0.24869
/mnt/data/admuser/msadepth/compreps/seedrep_cand/protenix/9kkj_HL/d2220/seed4_r3/results/9kkj_hl/seed_0/predictions/9kkj_hl_sample_3.cif,9kkj_HL,seed4_r3,9kkj_hl_sample_3.cif,0.24813
/mnt/data/admuser/msadepth/compreps/seedrep_cand/protenix/9kkj_HL/d2220/seed4_r3/results/9kkj_hl/seed_0/predictions/9kkj_hl_sample_4.cif,9kkj_HL,seed4_r3,9kkj_hl_sample_4.cif,0.24667
/mnt/data/admuser/msadepth/compreps/seedrep_cand/protenix/9kkj_HL/d2220/seed5_r0/results/9kkj_hl/seed_0/predictions/9kkj_hl_sample_0.cif,9kkj_HL,seed5_r0,9kkj_hl_sample_0.cif,0.21365
/mnt/data/admuser/msadepth/compreps/seedrep_cand/protenix/9kkj_HL/d2220/seed5_r0/results/9kkj_hl/seed_0/predictions/9kkj_hl_sample_1.cif,9kkj_HL,seed5_r0,9kkj_hl_sample_1.cif,0.21381
/mnt/data/admuser/msadepth/compreps/seedrep_cand/protenix/9kkj_HL/d2220/seed5_r0/results/9kkj_hl/seed_0/predictions/9kkj_hl_sample_2.cif,9kkj_HL,seed5_r0,9kkj_hl_sample_2.cif,0.21141
/mnt/data/admuser/msadepth/compreps/seedrep_cand/protenix/9kkj_HL/d2220/seed5_r0/results/9kkj_hl/seed_0/predictions/9kkj_hl_sample_3.cif,9kkj_HL,seed5_r0,9kkj_hl_sample_3.cif,0.21089
/mnt/data/admuser/msadepth/compreps/seedrep_cand/protenix/9kkj_HL/d2220/seed5_r0/results/9kkj_hl/seed_0/predictions/9kkj_hl_sample_4.cif,9kkj_HL,seed5_r0,9kkj_hl_sample_4.cif,0.20346
/mnt/data/admuser/msadepth/compreps/seedrep_cand/protenix/9kkj_HL/d2220/seed5_r1/results/9kkj_hl/seed_0/predictions/9kkj_hl_sample_0.cif,9kkj_HL,seed5_r1,9kkj_hl_sample_0.cif,0.21612
/mnt/data/admuser/msadepth/compreps/seedrep_cand/protenix/9kkj_HL/d2220/seed5_r1/results/9kkj_hl/seed_0/predictions/9kkj_hl_sample_1.cif,9kkj_HL,seed5_r1,9kkj_hl_sample_1.cif,0.21495
/mnt/data/admuser/msadepth/compreps/seedrep_cand/protenix/9kkj_HL/d2220/seed5_r1/results/9kkj_hl/seed_0/predictions/9kkj_hl_sample_2.cif,9kkj_HL,seed5_r1,9kkj_hl_sample_2.cif,0.2066
/mnt/data/admuser/msadepth/compreps/seedrep_cand/protenix/9kkj_HL/d2220/seed5_r1/results/9kkj_hl/seed_0/predictions/9kkj_hl_sample_3.cif,9kkj_HL,seed5_r1,9kkj_hl_sample_3.cif,0.19753
/mnt/data/admuser/msadepth/compreps/seedrep_cand/protenix/9kkj_HL/d2220/seed5_r1/results/9kkj_hl/seed_0/predictions/9kkj_hl_sample_4.cif,9kkj_HL,seed5_r1,9kkj_hl_sample_4.cif,0.18955
/mnt/data/admuser/msadepth/compreps/seedrep_cand/protenix/9kkj_HL/d2220/seed5_r2/results/9kkj_hl/seed_0/predictions/9kkj_hl_sample_0.cif,9kkj_HL,seed5_r2,9kkj_hl_sample_0.cif,0.1887
/mnt/data/admuser/msadepth/compreps/seedrep_cand/protenix/9kkj_HL/d2220/seed5_r2/results/9kkj_hl/seed_0/predictions/9kkj_hl_sample_1.cif,9kkj_HL,seed5_r2,9kkj_hl_sample_1.cif,0.18499
/mnt/data/admuser/msadepth/compreps/seedrep_cand/protenix/9kkj_HL/d2220/seed5_r2/results/9kkj_hl/seed_0/predictions/9kkj_hl_sample_2.cif,9kkj_HL,seed5_r2,9kkj_hl_sample_2.cif,0.18319
/mnt/data/admuser/msadepth/compreps/seedrep_cand/protenix/9kkj_HL/d2220/seed5_r2/results/9kkj_hl/seed_0/predictions/9kkj_hl_sample_3.cif,9kkj_HL,seed5_r2,9kkj_hl_sample_3.cif,0.1813
/mnt/data/admuser/msadepth/compreps/seedrep_cand/protenix/9kkj_HL/d2220/seed5_r2/results/9kkj_hl/seed_0/predictions/9kkj_hl_sample_4.cif,9kkj_HL,seed5_r2,9kkj_hl_sample_4.cif,0.1767
/mnt/data/admuser/msadepth/compreps/seedrep_cand/protenix/9kkj_HL/d2220/seed5_r3/results/9kkj_hl/seed_0/predictions/9kkj_hl_sample_0.cif,9kkj_HL,seed5_r3,9kkj_hl_sample_0.cif,0.21664
/mnt/data/admuser/msadepth/compreps/seedrep_cand/protenix/9kkj_HL/d2220/seed5_r3/results/9kkj_hl/seed_0/predictions/9kkj_hl_sample_1.cif,9kkj_HL,seed5_r3,9kkj_hl_sample_1.cif,0.21581
/mnt/data/admuser/msadepth/compreps/seedrep_cand/protenix/9kkj_HL/d2220/seed5_r3/results/9kkj_hl/seed_0/predictions/9kkj_hl_sample_2.cif,9kkj_HL,seed5_r3,9kkj_hl_sample_2.cif,0.21467
/mnt/data/admuser/msadepth/compreps/seedrep_cand/protenix/9kkj_HL/d2220/seed5_r3/results/9kkj_hl/seed_0/predictions/9kkj_hl_sample_3.cif,9kkj_HL,seed5_r3,9kkj_hl_sample_3.cif,0.21332
/mnt/data/admuser/msadepth/compreps/seedrep_cand/protenix/9kkj_HL/d2220/seed5_r3/results/9kkj_hl/seed_0/predictions/9kkj_hl_sample_4.cif,9kkj_HL,seed5_r3,9kkj_hl_sample_4.cif,0.20285
/mnt/data/admuser/msadepth/compreps/seedrep_cand/protenix/9kkj_HL/d2220/seedfull_r0/results/9kkj_hl/seed_0/predictions/9kkj_hl_sample_0.cif,9kkj_HL,seedfull_r0,9kkj_hl_sample_0.cif,0.36769
/mnt/data/admuser/msadepth/compreps/seedrep_cand/protenix/9kkj_HL/d2220/seedfull_r0/results/9kkj_hl/seed_0/predictions/9kkj_hl_sample_1.cif,9kkj_HL,seedfull_r0,9kkj_hl_sample_1.cif,0.36266
/mnt/data/admuser/msadepth/compreps/seedrep_cand/protenix/9kkj_HL/d2220/seedfull_r0/results/9kkj_hl/seed_0/predictions/9kkj_hl_sample_2.cif,9kkj_HL,seedfull_r0,9kkj_hl_sample_2.cif,0.36062
/mnt/data/admuser/msadepth/compreps/seedrep_cand/protenix/9kkj_HL/d2220/seedfull_r0/results/9kkj_hl/seed_0/predictions/9kkj_hl_sample_3.cif,9kkj_HL,seedfull_r0,9kkj_hl_sample_3.cif,0.35763
/mnt/data/admuser/msadepth/compreps/seedrep_cand/protenix/9kkj_HL/d2220/seedfull_r0/results/9kkj_hl/seed_0/predictions/9kkj_hl_sample_4.cif,9kkj_HL,seedfull_r0,9kkj_hl_sample_4.cif,0.35739
/mnt/data/admuser/msadepth/compreps/seedrep_cand/protenix/9kkj_HL/d2220/seedfull_r1/results/9kkj_hl/seed_0/predictions/9kkj_hl_sample_0.cif,9kkj_HL,seedfull_r1,9kkj_hl_sample_0.cif,0.21176
/mnt/data/admuser/msadepth/compreps/seedrep_cand/protenix/9kkj_HL/d2220/seedfull_r1/results/9kkj_hl/seed_0/predictions/9kkj_hl_sample_1.cif,9kkj_HL,seedfull_r1,9kkj_hl_sample_1.cif,0.20958
/mnt/data/admuser/msadepth/compreps/seedrep_cand/protenix/9kkj_HL/d2220/seedfull_r1/results/9kkj_hl/seed_0/predictions/9kkj_hl_sample_2.cif,9kkj_HL,seedfull_r1,9kkj_hl_sample_2.cif,0.20691
/mnt/data/admuser/msadepth/compreps/seedrep_cand/protenix/9kkj_HL/d2220/seedfull_r1/results/9kkj_hl/seed_0/predictions/9kkj_hl_sample_3.cif,9kkj_HL,seedfull_r1,9kkj_hl_sample_3.cif,0.20371
/mnt/data/admuser/msadepth/compreps/seedrep_cand/protenix/9kkj_HL/d2220/seedfull_r1/results/9kkj_hl/seed_0/predictions/9kkj_hl_sample_4.cif,9kkj_HL,seedfull_r1,9kkj_hl_sample_4.cif,0.20137
/mnt/data/admuser/msadepth/compreps/seedrep_cand/protenix/9kkj_HL/d2220/seedfull_r2/results/9kkj_hl/seed_0/predictions/9kkj_hl_sample_0.cif,9kkj_HL,seedfull_r2,9kkj_hl_sample_0.cif,0.20353
/mnt/data/admuser/msadepth/compreps/seedrep_cand/protenix/9kkj_HL/d2220/seedfull_r2/results/9kkj_hl/seed_0/predictions/9kkj_hl_sample_1.cif,9kkj_HL,seedfull_r2,9kkj_hl_sample_1.cif,0.20108
/mnt/data/admuser/msadepth/compreps/seedrep_cand/protenix/9kkj_HL/d2220/seedfull_r2/results/9kkj_hl/seed_0/predictions/9kkj_hl_sample_2.cif,9kkj_HL,seedfull_r2,9kkj_hl_sample_2.cif,0.19753
/mnt/data/admuser/msadepth/compreps/seedrep_cand/protenix/9kkj_HL/d2220/seedfull_r2/results/9kkj_hl/seed_0/predictions/9kkj_hl_sample_3.cif,9kkj_HL,seedfull_r2,9kkj_hl_sample_3.cif,0.19052
/mnt/data/admuser/msadepth/compreps/seedrep_cand/protenix/9kkj_HL/d2220/seedfull_r2/results/9kkj_hl/seed_0/predictions/9kkj_hl_sample_4.cif,9kkj_HL,seedfull_r2,9kkj_hl_sample_4.cif,0.15985
/mnt/data/admuser/msadepth/compreps/seedrep_cand/protenix/9kkj_HL/d2220/seedfull_r3/results/9kkj_hl/seed_0/predictions/9kkj_hl_sample_0.cif,9kkj_HL,seedfull_r3,9kkj_hl_sample_0.cif,0.2197
/mnt/data/admuser/msadepth/compreps/seedrep_cand/protenix/9kkj_HL/d2220/seedfull_r3/results/9kkj_hl/seed_0/predictions/9kkj_hl_sample_1.cif,9kkj_HL,seedfull_r3,9kkj_hl_sample_1.cif,0.2175
/mnt/data/admuser/msadepth/compreps/seedrep_cand/protenix/9kkj_HL/d2220/seedfull_r3/results/9kkj_hl/seed_0/predictions/9kkj_hl_sample_2.cif,9kkj_HL,seedfull_r3,9kkj_hl_sample_2.cif,0.21655
/mnt/data/admuser/msadepth/compreps/seedrep_cand/protenix/9kkj_HL/d2220/seedfull_r3/results/9kkj_hl/seed_0/predictions/9kkj_hl_sample_3.cif,9kkj_HL,seedfull_r3,9kkj_hl_sample_3.cif,0.21246
/mnt/data/admuser/msadepth/compreps/seedrep_cand/protenix/9kkj_HL/d2220/seedfull_r3/results/9kkj_hl/seed_0/predictions/9kkj_hl_sample_4.cif,9kkj_HL,seedfull_r3,9kkj_hl_sample_4.cif,0.20023
/mnt/data/admuser/msadepth/compreps/seedrep_cand/protenix/9kkj_HL/d2220/seedfull_r4/results/9kkj_hl/seed_0/predictions/9kkj_hl_sample_0.cif,9kkj_HL,seedfull_r4,9kkj_hl_sample_0.cif,0.23988
/mnt/data/admuser/msadepth/compreps/seedrep_cand/protenix/9kkj_HL/d2220/seedfull_r4/results/9kkj_hl/seed_0/predictions/9kkj_hl_sample_1.cif,9kkj_HL,seedfull_r4,9kkj_hl_sample_1.cif,0.23764
/mnt/data/admuser/msadepth/compreps/seedrep_cand/protenix/9kkj_HL/d2220/seedfull_r4/results/9kkj_hl/seed_0/predictions/9kkj_hl_sample_2.cif,9kkj_HL,seedfull_r4,9kkj_hl_sample_2.cif,0.23762
/mnt/data/admuser/msadepth/compreps/seedrep_cand/protenix/9kkj_HL/d2220/seedfull_r4/results/9kkj_hl/seed_0/predictions/9kkj_hl_sample_3.cif,9kkj_HL,seedfull_r4,9kkj_hl_sample_3.cif,0.23687
/mnt/data/admuser/msadepth/compreps/seedrep_cand/protenix/9kkj_HL/d2220/seedfull_r4/results/9kkj_hl/seed_0/predictions/9kkj_hl_sample_4.cif,9kkj_HL,seedfull_r4,9kkj_hl_sample_4.cif,0.23554
/mnt/data/admuser/msadepth/compreps/seedrep_cand/protenix/9kkj_HL/d2220/seedfull_r5/results/9kkj_hl/seed_0/predictions/9kkj_hl_sample_0.cif,9kkj_HL,seedfull_r5,9kkj_hl_sample_0.cif,0.18403
/mnt/data/admuser/msadepth/compreps/seedrep_cand/protenix/9kkj_HL/d2220/seedfull_r5/results/9kkj_hl/seed_0/predictions/9kkj_hl_sample_1.cif,9kkj_HL,seedfull_r5,9kkj_hl_sample_1.cif,0.17968
/mnt/data/admuser/msadepth/compreps/seedrep_cand/protenix/9kkj_HL/d2220/seedfull_r5/results/9kkj_hl/seed_0/predictions/9kkj_hl_sample_2.cif,9kkj_HL,seedfull_r5,9kkj_hl_sample_2.cif,0.17779
/mnt/data/admuser/msadepth/compreps/seedrep_cand/protenix/9kkj_HL/d2220/seedfull_r5/results/9kkj_hl/seed_0/predictions/9kkj_hl_sample_3.cif,9kkj_HL,seedfull_r5,9kkj_hl_sample_3.cif,0.17719
/mnt/data/admuser/msadepth/compreps/seedrep_cand/protenix/9kkj_HL/d2220/seedfull_r5/results/9kkj_hl/seed_0/predictions/9kkj_hl_sample_4.cif,9kkj_HL,seedfull_r5,9kkj_hl_sample_4.cif,0.17621
/mnt/data/admuser/msadepth/compreps/seedrep_cand/protenix/9kkj_HL/d2220/seedfull_r6/results/9kkj_hl/seed_0/predictions/9kkj_hl_sample_0.cif,9kkj_HL,seedfull_r6,9kkj_hl_sample_0.cif,0.19983
/mnt/data/admuser/msadepth/compreps/seedrep_cand/protenix/9kkj_HL/d2220/seedfull_r6/results/9kkj_hl/seed_0/predictions/9kkj_hl_sample_1.cif,9kkj_HL,seedfull_r6,9kkj_hl_sample_1.cif,0.19927
/mnt/data/admuser/msadepth/compreps/seedrep_cand/protenix/9kkj_HL/d2220/seedfull_r6/results/9kkj_hl/seed_0/predictions/9kkj_hl_sample_2.cif,9kkj_HL,seedfull_r6,9kkj_hl_sample_2.cif,0.19777
/mnt/data/admuser/msadepth/compreps/seedrep_cand/protenix/9kkj_HL/d2220/seedfull_r6/results/9kkj_hl/seed_0/predictions/9kkj_hl_sample_3.cif,9kkj_HL,seedfull_r6,9kkj_hl_sample_3.cif,0.19759
/mnt/data/admuser/msadepth/compreps/seedrep_cand/protenix/9kkj_HL/d2220/seedfull_r6/results/9kkj_hl/seed_0/predictions/9kkj_hl_sample_4.cif,9kkj_HL,seedfull_r6,9kkj_hl_sample_4.cif,0.18972
/mnt/data/admuser/msadepth/compreps/seedrep_cand/protenix/9kkj_HL/d2220/seedfull_r7/results/9kkj_hl/seed_0/predictions/9kkj_hl_sample_0.cif,9kkj_HL,seedfull_r7,9kkj_hl_sample_0.cif,0.27083
/mnt/data/admuser/msadepth/compreps/seedrep_cand/protenix/9kkj_HL/d2220/seedfull_r7/results/9kkj_hl/seed_0/predictions/9kkj_hl_sample_1.cif,9kkj_HL,seedfull_r7,9kkj_hl_sample_1.cif,0.26712
/mnt/data/admuser/msadepth/compreps/seedrep_cand/protenix/9kkj_HL/d2220/seedfull_r7/results/9kkj_hl/seed_0/predictions/9kkj_hl_sample_2.cif,9kkj_HL,seedfull_r7,9kkj_hl_sample_2.cif,0.26344
/mnt/data/admuser/msadepth/compreps/seedrep_cand/protenix/9kkj_HL/d2220/seedfull_r7/results/9kkj_hl/seed_0/predictions/9kkj_hl_sample_3.cif,9kkj_HL,seedfull_r7,9kkj_hl_sample_3.cif,0.26226
/mnt/data/admuser/msadepth/compreps/seedrep_cand/protenix/9kkj_HL/d2220/seedfull_r7/results/9kkj_hl/seed_0/predictions/9kkj_hl_sample_4.cif,9kkj_HL,seedfull_r7,9kkj_hl_sample_4.cif,0.25909
/mnt/data/admuser/msadepth/compreps/seedrep_cand/protenix/9ml9_HL/d8769/seed0_r0/results/9ml9_hl/seed_0/predictions/9ml9_hl_sample_0.cif,9ml9_HL,seed0_r0,9ml9_hl_sample_0.cif,0.25714
/mnt/data/admuser/msadepth/compreps/seedrep_cand/protenix/9ml9_HL/d8769/seed0_r0/results/9ml9_hl/seed_0/predictions/9ml9_hl_sample_1.cif,9ml9_HL,seed0_r0,9ml9_hl_sample_1.cif,0.24665
/mnt/data/admuser/msadepth/compreps/seedrep_cand/protenix/9ml9_HL/d8769/seed0_r0/results/9ml9_hl/seed_0/predictions/9ml9_hl_sample_2.cif,9ml9_HL,seed0_r0,9ml9_hl_sample_2.cif,0.24652
/mnt/data/admuser/msadepth/compreps/seedrep_cand/protenix/9ml9_HL/d8769/seed0_r0/results/9ml9_hl/seed_0/predictions/9ml9_hl_sample_3.cif,9ml9_HL,seed0_r0,9ml9_hl_sample_3.cif,0.24247
/mnt/data/admuser/msadepth/compreps/seedrep_cand/protenix/9ml9_HL/d8769/seed0_r0/results/9ml9_hl/seed_0/predictions/9ml9_hl_sample_4.cif,9ml9_HL,seed0_r0,9ml9_hl_sample_4.cif,0.23644
/mnt/data/admuser/msadepth/compreps/seedrep_cand/protenix/9ml9_HL/d8769/seed0_r1/results/9ml9_hl/seed_0/predictions/9ml9_hl_sample_0.cif,9ml9_HL,seed0_r1,9ml9_hl_sample_0.cif,0.20649
/mnt/data/admuser/msadepth/compreps/seedrep_cand/protenix/9ml9_HL/d8769/seed0_r1/results/9ml9_hl/seed_0/predictions/9ml9_hl_sample_1.cif,9ml9_HL,seed0_r1,9ml9_hl_sample_1.cif,0.20597
/mnt/data/admuser/msadepth/compreps/seedrep_cand/protenix/9ml9_HL/d8769/seed0_r1/results/9ml9_hl/seed_0/predictions/9ml9_hl_sample_2.cif,9ml9_HL,seed0_r1,9ml9_hl_sample_2.cif,0.20185
/mnt/data/admuser/msadepth/compreps/seedrep_cand/protenix/9ml9_HL/d8769/seed0_r1/results/9ml9_hl/seed_0/predictions/9ml9_hl_sample_3.cif,9ml9_HL,seed0_r1,9ml9_hl_sample_3.cif,0.20282
/mnt/data/admuser/msadepth/compreps/seedrep_cand/protenix/9ml9_HL/d8769/seed0_r1/results/9ml9_hl/seed_0/predictions/9ml9_hl_sample_4.cif,9ml9_HL,seed0_r1,9ml9_hl_sample_4.cif,0.19793
/mnt/data/admuser/msadepth/compreps/seedrep_cand/protenix/9ml9_HL/d8769/seed0_r2/results/9ml9_hl/seed_0/predictions/9ml9_hl_sample_0.cif,9ml9_HL,seed0_r2,9ml9_hl_sample_0.cif,0.31595
/mnt/data/admuser/msadepth/compreps/seedrep_cand/protenix/9ml9_HL/d8769/seed0_r2/results/9ml9_hl/seed_0/predictions/9ml9_hl_sample_1.cif,9ml9_HL,seed0_r2,9ml9_hl_sample_1.cif,0.31445
/mnt/data/admuser/msadepth/compreps/seedrep_cand/protenix/9ml9_HL/d8769/seed0_r2/results/9ml9_hl/seed_0/predictions/9ml9_hl_sample_2.cif,9ml9_HL,seed0_r2,9ml9_hl_sample_2.cif,0.31371
/mnt/data/admuser/msadepth/compreps/seedrep_cand/protenix/9ml9_HL/d8769/seed0_r2/results/9ml9_hl/seed_0/predictions/9ml9_hl_sample_3.cif,9ml9_HL,seed0_r2,9ml9_hl_sample_3.cif,0.31208
/mnt/data/admuser/msadepth/compreps/seedrep_cand/protenix/9ml9_HL/d8769/seed0_r2/results/9ml9_hl/seed_0/predictions/9ml9_hl_sample_4.cif,9ml9_HL,seed0_r2,9ml9_hl_sample_4.cif,0.312
/mnt/data/admuser/msadepth/compreps/seedrep_cand/protenix/9ml9_HL/d8769/seed0_r3/results/9ml9_hl/seed_0/predictions/9ml9_hl_sample_0.cif,9ml9_HL,seed0_r3,9ml9_hl_sample_0.cif,0.33432
/mnt/data/admuser/msadepth/compreps/seedrep_cand/protenix/9ml9_HL/d8769/seed0_r3/results/9ml9_hl/seed_0/predictions/9ml9_hl_sample_1.cif,9ml9_HL,seed0_r3,9ml9_hl_sample_1.cif,0.33004
/mnt/data/admuser/msadepth/compreps/seedrep_cand/protenix/9ml9_HL/d8769/seed0_r3/results/9ml9_hl/seed_0/predictions/9ml9_hl_sample_2.cif,9ml9_HL,seed0_r3,9ml9_hl_sample_2.cif,0.32384
/mnt/data/admuser/msadepth/compreps/seedrep_cand/protenix/9ml9_HL/d8769/seed0_r3/results/9ml9_hl/seed_0/predictions/9ml9_hl_sample_3.cif,9ml9_HL,seed0_r3,9ml9_hl_sample_3.cif,0.32105
/mnt/data/admuser/msadepth/compreps/seedrep_cand/protenix/9ml9_HL/d8769/seed0_r3/results/9ml9_hl/seed_0/predictions/9ml9_hl_sample_4.cif,9ml9_HL,seed0_r3,9ml9_hl_sample_4.cif,0.24674
/mnt/data/admuser/msadepth/compreps/seedrep_cand/protenix/9ml9_HL/d8769/seed1_r0/results/9ml9_hl/seed_0/predictions/9ml9_hl_sample_0.cif,9ml9_HL,seed1_r0,9ml9_hl_sample_0.cif,0.287
/mnt/data/admuser/msadepth/compreps/seedrep_cand/protenix/9ml9_HL/d8769/seed1_r0/results/9ml9_hl/seed_0/predictions/9ml9_hl_sample_1.cif,9ml9_HL,seed1_r0,9ml9_hl_sample_1.cif,0.27682
/mnt/data/admuser/msadepth/compreps/seedrep_cand/protenix/9ml9_HL/d8769/seed1_r0/results/9ml9_hl/seed_0/predictions/9ml9_hl_sample_2.cif,9ml9_HL,seed1_r0,9ml9_hl_sample_2.cif,0.25601
/mnt/data/admuser/msadepth/compreps/seedrep_cand/protenix/9ml9_HL/d8769/seed1_r0/results/9ml9_hl/seed_0/predictions/9ml9_hl_sample_3.cif,9ml9_HL,seed1_r0,9ml9_hl_sample_3.cif,0.21056
/mnt/data/admuser/msadepth/compreps/seedrep_cand/protenix/9ml9_HL/d8769/seed1_r0/results/9ml9_hl/seed_0/predictions/9ml9_hl_sample_4.cif,9ml9_HL,seed1_r0,9ml9_hl_sample_4.cif,0.20926
/mnt/data/admuser/msadepth/compreps/seedrep_cand/protenix/9ml9_HL/d8769/seed1_r1/results/9ml9_hl/seed_0/predictions/9ml9_hl_sample_0.cif,9ml9_HL,seed1_r1,9ml9_hl_sample_0.cif,0.3131
/mnt/data/admuser/msadepth/compreps/seedrep_cand/protenix/9ml9_HL/d8769/seed1_r1/results/9ml9_hl/seed_0/predictions/9ml9_hl_sample_1.cif,9ml9_HL,seed1_r1,9ml9_hl_sample_1.cif,0.30997
/mnt/data/admuser/msadepth/compreps/seedrep_cand/protenix/9ml9_HL/d8769/seed1_r1/results/9ml9_hl/seed_0/predictions/9ml9_hl_sample_2.cif,9ml9_HL,seed1_r1,9ml9_hl_sample_2.cif,0.30871
/mnt/data/admuser/msadepth/compreps/seedrep_cand/protenix/9ml9_HL/d8769/seed1_r1/results/9ml9_hl/seed_0/predictions/9ml9_hl_sample_3.cif,9ml9_HL,seed1_r1,9ml9_hl_sample_3.cif,0.22755
/mnt/data/admuser/msadepth/compreps/seedrep_cand/protenix/9ml9_HL/d8769/seed1_r1/results/9ml9_hl/seed_0/predictions/9ml9_hl_sample_4.cif,9ml9_HL,seed1_r1,9ml9_hl_sample_4.cif,0.20437
/mnt/data/admuser/msadepth/compreps/seedrep_cand/protenix/9ml9_HL/d8769/seed1_r2/results/9ml9_hl/seed_0/predictions/9ml9_hl_sample_0.cif,9ml9_HL,seed1_r2,9ml9_hl_sample_0.cif,0.17156
/mnt/data/admuser/msadepth/compreps/seedrep_cand/protenix/9ml9_HL/d8769/seed1_r2/results/9ml9_hl/seed_0/predictions/9ml9_hl_sample_1.cif,9ml9_HL,seed1_r2,9ml9_hl_sample_1.cif,0.17015
/mnt/data/admuser/msadepth/compreps/seedrep_cand/protenix/9ml9_HL/d8769/seed1_r2/results/9ml9_hl/seed_0/predictions/9ml9_hl_sample_2.cif,9ml9_HL,seed1_r2,9ml9_hl_sample_2.cif,0.16915
/mnt/data/admuser/msadepth/compreps/seedrep_cand/protenix/9ml9_HL/d8769/seed1_r2/results/9ml9_hl/seed_0/predictions/9ml9_hl_sample_3.cif,9ml9_HL,seed1_r2,9ml9_hl_sample_3.cif,0.1695
/mnt/data/admuser/msadepth/compreps/seedrep_cand/protenix/9ml9_HL/d8769/seed1_r2/results/9ml9_hl/seed_0/predictions/9ml9_hl_sample_4.cif,9ml9_HL,seed1_r2,9ml9_hl_sample_4.cif,0.16637
/mnt/data/admuser/msadepth/compreps/seedrep_cand/protenix/9ml9_HL/d8769/seed1_r3/results/9ml9_hl/seed_0/predictions/9ml9_hl_sample_0.cif,9ml9_HL,seed1_r3,9ml9_hl_sample_0.cif,0.22386
/mnt/data/admuser/msadepth/compreps/seedrep_cand/protenix/9ml9_HL/d8769/seed1_r3/results/9ml9_hl/seed_0/predictions/9ml9_hl_sample_1.cif,9ml9_HL,seed1_r3,9ml9_hl_sample_1.cif,0.22475
/mnt/data/admuser/msadepth/compreps/seedrep_cand/protenix/9ml9_HL/d8769/seed1_r3/results/9ml9_hl/seed_0/predictions/9ml9_hl_sample_2.cif,9ml9_HL,seed1_r3,9ml9_hl_sample_2.cif,0.22095
/mnt/data/admuser/msadepth/compreps/seedrep_cand/protenix/9ml9_HL/d8769/seed1_r3/results/9ml9_hl/seed_0/predictions/9ml9_hl_sample_3.cif,9ml9_HL,seed1_r3,9ml9_hl_sample_3.cif,0.19425
/mnt/data/admuser/msadepth/compreps/seedrep_cand/protenix/9ml9_HL/d8769/seed1_r3/results/9ml9_hl/seed_0/predictions/9ml9_hl_sample_4.cif,9ml9_HL,seed1_r3,9ml9_hl_sample_4.cif,0.17005
/mnt/data/admuser/msadepth/compreps/seedrep_cand/protenix/9ml9_HL/d8769/seed2_r0/results/9ml9_hl/seed_0/predictions/9ml9_hl_sample_0.cif,9ml9_HL,seed2_r0,9ml9_hl_sample_0.cif,0.2221
/mnt/data/admuser/msadepth/compreps/seedrep_cand/protenix/9ml9_HL/d8769/seed2_r0/results/9ml9_hl/seed_0/predictions/9ml9_hl_sample_1.cif,9ml9_HL,seed2_r0,9ml9_hl_sample_1.cif,0.21161
/mnt/data/admuser/msadepth/compreps/seedrep_cand/protenix/9ml9_HL/d8769/seed2_r0/results/9ml9_hl/seed_0/predictions/9ml9_hl_sample_2.cif,9ml9_HL,seed2_r0,9ml9_hl_sample_2.cif,0.21165
/mnt/data/admuser/msadepth/compreps/seedrep_cand/protenix/9ml9_HL/d8769/seed2_r0/results/9ml9_hl/seed_0/predictions/9ml9_hl_sample_3.cif,9ml9_HL,seed2_r0,9ml9_hl_sample_3.cif,0.21142
/mnt/data/admuser/msadepth/compreps/seedrep_cand/protenix/9ml9_HL/d8769/seed2_r0/results/9ml9_hl/seed_0/predictions/9ml9_hl_sample_4.cif,9ml9_HL,seed2_r0,9ml9_hl_sample_4.cif,0.20267
/mnt/data/admuser/msadepth/compreps/seedrep_cand/protenix/9ml9_HL/d8769/seed2_r1/results/9ml9_hl/seed_0/predictions/9ml9_hl_sample_0.cif,9ml9_HL,seed2_r1,9ml9_hl_sample_0.cif,0.206
/mnt/data/admuser/msadepth/compreps/seedrep_cand/protenix/9ml9_HL/d8769/seed2_r1/results/9ml9_hl/seed_0/predictions/9ml9_hl_sample_1.cif,9ml9_HL,seed2_r1,9ml9_hl_sample_1.cif,0.2016
/mnt/data/admuser/msadepth/compreps/seedrep_cand/protenix/9ml9_HL/d8769/seed2_r1/results/9ml9_hl/seed_0/predictions/9ml9_hl_sample_2.cif,9ml9_HL,seed2_r1,9ml9_hl_sample_2.cif,0.18202
/mnt/data/admuser/msadepth/compreps/seedrep_cand/protenix/9ml9_HL/d8769/seed2_r1/results/9ml9_hl/seed_0/predictions/9ml9_hl_sample_3.cif,9ml9_HL,seed2_r1,9ml9_hl_sample_3.cif,0.17614
/mnt/data/admuser/msadepth/compreps/seedrep_cand/protenix/9ml9_HL/d8769/seed2_r1/results/9ml9_hl/seed_0/predictions/9ml9_hl_sample_4.cif,9ml9_HL,seed2_r1,9ml9_hl_sample_4.cif,0.17436
/mnt/data/admuser/msadepth/compreps/seedrep_cand/protenix/9ml9_HL/d8769/seed2_r2/results/9ml9_hl/seed_0/predictions/9ml9_hl_sample_0.cif,9ml9_HL,seed2_r2,9ml9_hl_sample_0.cif,0.34003
/mnt/data/admuser/msadepth/compreps/seedrep_cand/protenix/9ml9_HL/d8769/seed2_r2/results/9ml9_hl/seed_0/predictions/9ml9_hl_sample_1.cif,9ml9_HL,seed2_r2,9ml9_hl_sample_1.cif,0.33516
/mnt/data/admuser/msadepth/compreps/seedrep_cand/protenix/9ml9_HL/d8769/seed2_r2/results/9ml9_hl/seed_0/predictions/9ml9_hl_sample_2.cif,9ml9_HL,seed2_r2,9ml9_hl_sample_2.cif,0.32956
/mnt/data/admuser/msadepth/compreps/seedrep_cand/protenix/9ml9_HL/d8769/seed2_r2/results/9ml9_hl/seed_0/predictions/9ml9_hl_sample_3.cif,9ml9_HL,seed2_r2,9ml9_hl_sample_3.cif,0.32796
/mnt/data/admuser/msadepth/compreps/seedrep_cand/protenix/9ml9_HL/d8769/seed2_r2/results/9ml9_hl/seed_0/predictions/9ml9_hl_sample_4.cif,9ml9_HL,seed2_r2,9ml9_hl_sample_4.cif,0.27508
/mnt/data/admuser/msadepth/compreps/seedrep_cand/protenix/9ml9_HL/d8769/seed2_r3/results/9ml9_hl/seed_0/predictions/9ml9_hl_sample_0.cif,9ml9_HL,seed2_r3,9ml9_hl_sample_0.cif,0.21368
/mnt/data/admuser/msadepth/compreps/seedrep_cand/protenix/9ml9_HL/d8769/seed2_r3/results/9ml9_hl/seed_0/predictions/9ml9_hl_sample_1.cif,9ml9_HL,seed2_r3,9ml9_hl_sample_1.cif,0.19508
/mnt/data/admuser/msadepth/compreps/seedrep_cand/protenix/9ml9_HL/d8769/seed2_r3/results/9ml9_hl/seed_0/predictions/9ml9_hl_sample_2.cif,9ml9_HL,seed2_r3,9ml9_hl_sample_2.cif,0.19512
/mnt/data/admuser/msadepth/compreps/seedrep_cand/protenix/9ml9_HL/d8769/seed2_r3/results/9ml9_hl/seed_0/predictions/9ml9_hl_sample_3.cif,9ml9_HL,seed2_r3,9ml9_hl_sample_3.cif,0.17989
/mnt/data/admuser/msadepth/compreps/seedrep_cand/protenix/9ml9_HL/d8769/seed2_r3/results/9ml9_hl/seed_0/predictions/9ml9_hl_sample_4.cif,9ml9_HL,seed2_r3,9ml9_hl_sample_4.cif,0.17114
/mnt/data/admuser/msadepth/compreps/seedrep_cand/protenix/9ml9_HL/d8769/seed3_r0/results/9ml9_hl/seed_0/predictions/9ml9_hl_sample_0.cif,9ml9_HL,seed3_r0,9ml9_hl_sample_0.cif,0.20956
/mnt/data/admuser/msadepth/compreps/seedrep_cand/protenix/9ml9_HL/d8769/seed3_r0/results/9ml9_hl/seed_0/predictions/9ml9_hl_sample_1.cif,9ml9_HL,seed3_r0,9ml9_hl_sample_1.cif,0.20911
/mnt/data/admuser/msadepth/compreps/seedrep_cand/protenix/9ml9_HL/d8769/seed3_r0/results/9ml9_hl/seed_0/predictions/9ml9_hl_sample_2.cif,9ml9_HL,seed3_r0,9ml9_hl_sample_2.cif,0.20765
/mnt/data/admuser/msadepth/compreps/seedrep_cand/protenix/9ml9_HL/d8769/seed3_r0/results/9ml9_hl/seed_0/predictions/9ml9_hl_sample_3.cif,9ml9_HL,seed3_r0,9ml9_hl_sample_3.cif,0.20691
/mnt/data/admuser/msadepth/compreps/seedrep_cand/protenix/9ml9_HL/d8769/seed3_r0/results/9ml9_hl/seed_0/predictions/9ml9_hl_sample_4.cif,9ml9_HL,seed3_r0,9ml9_hl_sample_4.cif,0.19391
/mnt/data/admuser/msadepth/compreps/seedrep_cand/protenix/9ml9_HL/d8769/seed3_r1/results/9ml9_hl/seed_0/predictions/9ml9_hl_sample_0.cif,9ml9_HL,seed3_r1,9ml9_hl_sample_0.cif,0.19608
/mnt/data/admuser/msadepth/compreps/seedrep_cand/protenix/9ml9_HL/d8769/seed3_r1/results/9ml9_hl/seed_0/predictions/9ml9_hl_sample_1.cif,9ml9_HL,seed3_r1,9ml9_hl_sample_1.cif,0.19534
/mnt/data/admuser/msadepth/compreps/seedrep_cand/protenix/9ml9_HL/d8769/seed3_r1/results/9ml9_hl/seed_0/predictions/9ml9_hl_sample_2.cif,9ml9_HL,seed3_r1,9ml9_hl_sample_2.cif,0.19107
/mnt/data/admuser/msadepth/compreps/seedrep_cand/protenix/9ml9_HL/d8769/seed3_r1/results/9ml9_hl/seed_0/predictions/9ml9_hl_sample_3.cif,9ml9_HL,seed3_r1,9ml9_hl_sample_3.cif,0.18861
/mnt/data/admuser/msadepth/compreps/seedrep_cand/protenix/9ml9_HL/d8769/seed3_r1/results/9ml9_hl/seed_0/predictions/9ml9_hl_sample_4.cif,9ml9_HL,seed3_r1,9ml9_hl_sample_4.cif,0.16331
/mnt/data/admuser/msadepth/compreps/seedrep_cand/protenix/9ml9_HL/d8769/seed3_r2/results/9ml9_hl/seed_0/predictions/9ml9_hl_sample_0.cif,9ml9_HL,seed3_r2,9ml9_hl_sample_0.cif,0.23226
/mnt/data/admuser/msadepth/compreps/seedrep_cand/protenix/9ml9_HL/d8769/seed3_r2/results/9ml9_hl/seed_0/predictions/9ml9_hl_sample_1.cif,9ml9_HL,seed3_r2,9ml9_hl_sample_1.cif,0.22291
/mnt/data/admuser/msadepth/compreps/seedrep_cand/protenix/9ml9_HL/d8769/seed3_r2/results/9ml9_hl/seed_0/predictions/9ml9_hl_sample_2.cif,9ml9_HL,seed3_r2,9ml9_hl_sample_2.cif,0.21643
/mnt/data/admuser/msadepth/compreps/seedrep_cand/protenix/9ml9_HL/d8769/seed3_r2/results/9ml9_hl/seed_0/predictions/9ml9_hl_sample_3.cif,9ml9_HL,seed3_r2,9ml9_hl_sample_3.cif,0.2083
/mnt/data/admuser/msadepth/compreps/seedrep_cand/protenix/9ml9_HL/d8769/seed3_r2/results/9ml9_hl/seed_0/predictions/9ml9_hl_sample_4.cif,9ml9_HL,seed3_r2,9ml9_hl_sample_4.cif,0.20189
/mnt/data/admuser/msadepth/compreps/seedrep_cand/protenix/9ml9_HL/d8769/seed3_r3/results/9ml9_hl/seed_0/predictions/9ml9_hl_sample_0.cif,9ml9_HL,seed3_r3,9ml9_hl_sample_0.cif,0.23106
/mnt/data/admuser/msadepth/compreps/seedrep_cand/protenix/9ml9_HL/d8769/seed3_r3/results/9ml9_hl/seed_0/predictions/9ml9_hl_sample_1.cif,9ml9_HL,seed3_r3,9ml9_hl_sample_1.cif,0.23105
/mnt/data/admuser/msadepth/compreps/seedrep_cand/protenix/9ml9_HL/d8769/seed3_r3/results/9ml9_hl/seed_0/predictions/9ml9_hl_sample_2.cif,9ml9_HL,seed3_r3,9ml9_hl_sample_2.cif,0.22731
/mnt/data/admuser/msadepth/compreps/seedrep_cand/protenix/9ml9_HL/d8769/seed3_r3/results/9ml9_hl/seed_0/predictions/9ml9_hl_sample_3.cif,9ml9_HL,seed3_r3,9ml9_hl_sample_3.cif,0.21561
/mnt/data/admuser/msadepth/compreps/seedrep_cand/protenix/9ml9_HL/d8769/seed3_r3/results/9ml9_hl/seed_0/predictions/9ml9_hl_sample_4.cif,9ml9_HL,seed3_r3,9ml9_hl_sample_4.cif,0.20071
/mnt/data/admuser/msadepth/compreps/seedrep_cand/protenix/9ml9_HL/d8769/seed4_r0/results/9ml9_hl/seed_0/predictions/9ml9_hl_sample_0.cif,9ml9_HL,seed4_r0,9ml9_hl_sample_0.cif,0.17629
/mnt/data/admuser/msadepth/compreps/seedrep_cand/protenix/9ml9_HL/d8769/seed4_r0/results/9ml9_hl/seed_0/predictions/9ml9_hl_sample_1.cif,9ml9_HL,seed4_r0,9ml9_hl_sample_1.cif,0.17422
/mnt/data/admuser/msadepth/compreps/seedrep_cand/protenix/9ml9_HL/d8769/seed4_r0/results/9ml9_hl/seed_0/predictions/9ml9_hl_sample_2.cif,9ml9_HL,seed4_r0,9ml9_hl_sample_2.cif,0.17595
/mnt/data/admuser/msadepth/compreps/seedrep_cand/protenix/9ml9_HL/d8769/seed4_r0/results/9ml9_hl/seed_0/predictions/9ml9_hl_sample_3.cif,9ml9_HL,seed4_r0,9ml9_hl_sample_3.cif,0.16808
/mnt/data/admuser/msadepth/compreps/seedrep_cand/protenix/9ml9_HL/d8769/seed4_r0/results/9ml9_hl/seed_0/predictions/9ml9_hl_sample_4.cif,9ml9_HL,seed4_r0,9ml9_hl_sample_4.cif,0.1688
/mnt/data/admuser/msadepth/compreps/seedrep_cand/protenix/9ml9_HL/d8769/seed4_r1/results/9ml9_hl/seed_0/predictions/9ml9_hl_sample_0.cif,9ml9_HL,seed4_r1,9ml9_hl_sample_0.cif,0.20779
/mnt/data/admuser/msadepth/compreps/seedrep_cand/protenix/9ml9_HL/d8769/seed4_r1/results/9ml9_hl/seed_0/predictions/9ml9_hl_sample_1.cif,9ml9_HL,seed4_r1,9ml9_hl_sample_1.cif,0.207
/mnt/data/admuser/msadepth/compreps/seedrep_cand/protenix/9ml9_HL/d8769/seed4_r1/results/9ml9_hl/seed_0/predictions/9ml9_hl_sample_2.cif,9ml9_HL,seed4_r1,9ml9_hl_sample_2.cif,0.20587
/mnt/data/admuser/msadepth/compreps/seedrep_cand/protenix/9ml9_HL/d8769/seed4_r1/results/9ml9_hl/seed_0/predictions/9ml9_hl_sample_3.cif,9ml9_HL,seed4_r1,9ml9_hl_sample_3.cif,0.20497
/mnt/data/admuser/msadepth/compreps/seedrep_cand/protenix/9ml9_HL/d8769/seed4_r1/results/9ml9_hl/seed_0/predictions/9ml9_hl_sample_4.cif,9ml9_HL,seed4_r1,9ml9_hl_sample_4.cif,0.20298
/mnt/data/admuser/msadepth/compreps/seedrep_cand/protenix/9ml9_HL/d8769/seed4_r2/results/9ml9_hl/seed_0/predictions/9ml9_hl_sample_0.cif,9ml9_HL,seed4_r2,9ml9_hl_sample_0.cif,0.18199
/mnt/data/admuser/msadepth/compreps/seedrep_cand/protenix/9ml9_HL/d8769/seed4_r2/results/9ml9_hl/seed_0/predictions/9ml9_hl_sample_1.cif,9ml9_HL,seed4_r2,9ml9_hl_sample_1.cif,0.17962
/mnt/data/admuser/msadepth/compreps/seedrep_cand/protenix/9ml9_HL/d8769/seed4_r2/results/9ml9_hl/seed_0/predictions/9ml9_hl_sample_2.cif,9ml9_HL,seed4_r2,9ml9_hl_sample_2.cif,0.17728
/mnt/data/admuser/msadepth/compreps/seedrep_cand/protenix/9ml9_HL/d8769/seed4_r2/results/9ml9_hl/seed_0/predictions/9ml9_hl_sample_3.cif,9ml9_HL,seed4_r2,9ml9_hl_sample_3.cif,0.17882
/mnt/data/admuser/msadepth/compreps/seedrep_cand/protenix/9ml9_HL/d8769/seed4_r2/results/9ml9_hl/seed_0/predictions/9ml9_hl_sample_4.cif,9ml9_HL,seed4_r2,9ml9_hl_sample_4.cif,0.17422
/mnt/data/admuser/msadepth/compreps/seedrep_cand/protenix/9ml9_HL/d8769/seed4_r3/results/9ml9_hl/seed_0/predictions/9ml9_hl_sample_0.cif,9ml9_HL,seed4_r3,9ml9_hl_sample_0.cif,0.18174
/mnt/data/admuser/msadepth/compreps/seedrep_cand/protenix/9ml9_HL/d8769/seed4_r3/results/9ml9_hl/seed_0/predictions/9ml9_hl_sample_1.cif,9ml9_HL,seed4_r3,9ml9_hl_sample_1.cif,0.17977
/mnt/data/admuser/msadepth/compreps/seedrep_cand/protenix/9ml9_HL/d8769/seed4_r3/results/9ml9_hl/seed_0/predictions/9ml9_hl_sample_2.cif,9ml9_HL,seed4_r3,9ml9_hl_sample_2.cif,0.17947
/mnt/data/admuser/msadepth/compreps/seedrep_cand/protenix/9ml9_HL/d8769/seed4_r3/results/9ml9_hl/seed_0/predictions/9ml9_hl_sample_3.cif,9ml9_HL,seed4_r3,9ml9_hl_sample_3.cif,0.17559
/mnt/data/admuser/msadepth/compreps/seedrep_cand/protenix/9ml9_HL/d8769/seed4_r3/results/9ml9_hl/seed_0/predictions/9ml9_hl_sample_4.cif,9ml9_HL,seed4_r3,9ml9_hl_sample_4.cif,0.15997
/mnt/data/admuser/msadepth/compreps/seedrep_cand/protenix/9ml9_HL/d8769/seed5_r0/results/9ml9_hl/seed_0/predictions/9ml9_hl_sample_0.cif,9ml9_HL,seed5_r0,9ml9_hl_sample_0.cif,0.20212
/mnt/data/admuser/msadepth/compreps/seedrep_cand/protenix/9ml9_HL/d8769/seed5_r0/results/9ml9_hl/seed_0/predictions/9ml9_hl_sample_1.cif,9ml9_HL,seed5_r0,9ml9_hl_sample_1.cif,0.19809
/mnt/data/admuser/msadepth/compreps/seedrep_cand/protenix/9ml9_HL/d8769/seed5_r0/results/9ml9_hl/seed_0/predictions/9ml9_hl_sample_2.cif,9ml9_HL,seed5_r0,9ml9_hl_sample_2.cif,0.19766
/mnt/data/admuser/msadepth/compreps/seedrep_cand/protenix/9ml9_HL/d8769/seed5_r0/results/9ml9_hl/seed_0/predictions/9ml9_hl_sample_3.cif,9ml9_HL,seed5_r0,9ml9_hl_sample_3.cif,0.18934
/mnt/data/admuser/msadepth/compreps/seedrep_cand/protenix/9ml9_HL/d8769/seed5_r0/results/9ml9_hl/seed_0/predictions/9ml9_hl_sample_4.cif,9ml9_HL,seed5_r0,9ml9_hl_sample_4.cif,0.18789
/mnt/data/admuser/msadepth/compreps/seedrep_cand/protenix/9ml9_HL/d8769/seed5_r1/results/9ml9_hl/seed_0/predictions/9ml9_hl_sample_0.cif,9ml9_HL,seed5_r1,9ml9_hl_sample_0.cif,0.20465
/mnt/data/admuser/msadepth/compreps/seedrep_cand/protenix/9ml9_HL/d8769/seed5_r1/results/9ml9_hl/seed_0/predictions/9ml9_hl_sample_1.cif,9ml9_HL,seed5_r1,9ml9_hl_sample_1.cif,0.20134
/mnt/data/admuser/msadepth/compreps/seedrep_cand/protenix/9ml9_HL/d8769/seed5_r1/results/9ml9_hl/seed_0/predictions/9ml9_hl_sample_2.cif,9ml9_HL,seed5_r1,9ml9_hl_sample_2.cif,0.19956
/mnt/data/admuser/msadepth/compreps/seedrep_cand/protenix/9ml9_HL/d8769/seed5_r1/results/9ml9_hl/seed_0/predictions/9ml9_hl_sample_3.cif,9ml9_HL,seed5_r1,9ml9_hl_sample_3.cif,0.18881
/mnt/data/admuser/msadepth/compreps/seedrep_cand/protenix/9ml9_HL/d8769/seed5_r1/results/9ml9_hl/seed_0/predictions/9ml9_hl_sample_4.cif,9ml9_HL,seed5_r1,9ml9_hl_sample_4.cif,0.18352
/mnt/data/admuser/msadepth/compreps/seedrep_cand/protenix/9ml9_HL/d8769/seed5_r2/results/9ml9_hl/seed_0/predictions/9ml9_hl_sample_0.cif,9ml9_HL,seed5_r2,9ml9_hl_sample_0.cif,0.20318
/mnt/data/admuser/msadepth/compreps/seedrep_cand/protenix/9ml9_HL/d8769/seed5_r2/results/9ml9_hl/seed_0/predictions/9ml9_hl_sample_1.cif,9ml9_HL,seed5_r2,9ml9_hl_sample_1.cif,0.19848
/mnt/data/admuser/msadepth/compreps/seedrep_cand/protenix/9ml9_HL/d8769/seed5_r2/results/9ml9_hl/seed_0/predictions/9ml9_hl_sample_2.cif,9ml9_HL,seed5_r2,9ml9_hl_sample_2.cif,0.20083
/mnt/data/admuser/msadepth/compreps/seedrep_cand/protenix/9ml9_HL/d8769/seed5_r2/results/9ml9_hl/seed_0/predictions/9ml9_hl_sample_3.cif,9ml9_HL,seed5_r2,9ml9_hl_sample_3.cif,0.19551
/mnt/data/admuser/msadepth/compreps/seedrep_cand/protenix/9ml9_HL/d8769/seed5_r2/results/9ml9_hl/seed_0/predictions/9ml9_hl_sample_4.cif,9ml9_HL,seed5_r2,9ml9_hl_sample_4.cif,0.19706
/mnt/data/admuser/msadepth/compreps/seedrep_cand/protenix/9ml9_HL/d8769/seed5_r3/results/9ml9_hl/seed_0/predictions/9ml9_hl_sample_0.cif,9ml9_HL,seed5_r3,9ml9_hl_sample_0.cif,0.18511
/mnt/data/admuser/msadepth/compreps/seedrep_cand/protenix/9ml9_HL/d8769/seed5_r3/results/9ml9_hl/seed_0/predictions/9ml9_hl_sample_1.cif,9ml9_HL,seed5_r3,9ml9_hl_sample_1.cif,0.17939
/mnt/data/admuser/msadepth/compreps/seedrep_cand/protenix/9ml9_HL/d8769/seed5_r3/results/9ml9_hl/seed_0/predictions/9ml9_hl_sample_2.cif,9ml9_HL,seed5_r3,9ml9_hl_sample_2.cif,0.17843
/mnt/data/admuser/msadepth/compreps/seedrep_cand/protenix/9ml9_HL/d8769/seed5_r3/results/9ml9_hl/seed_0/predictions/9ml9_hl_sample_3.cif,9ml9_HL,seed5_r3,9ml9_hl_sample_3.cif,0.17925
/mnt/data/admuser/msadepth/compreps/seedrep_cand/protenix/9ml9_HL/d8769/seed5_r3/results/9ml9_hl/seed_0/predictions/9ml9_hl_sample_4.cif,9ml9_HL,seed5_r3,9ml9_hl_sample_4.cif,0.17421
/mnt/data/admuser/msadepth/compreps/seedrep_cand/protenix/9ml9_HL/d8769/seedfull_r0/results/9ml9_hl/seed_0/predictions/9ml9_hl_sample_0.cif,9ml9_HL,seedfull_r0,9ml9_hl_sample_0.cif,0.24684
/mnt/data/admuser/msadepth/compreps/seedrep_cand/protenix/9ml9_HL/d8769/seedfull_r0/results/9ml9_hl/seed_0/predictions/9ml9_hl_sample_1.cif,9ml9_HL,seedfull_r0,9ml9_hl_sample_1.cif,0.24566
/mnt/data/admuser/msadepth/compreps/seedrep_cand/protenix/9ml9_HL/d8769/seedfull_r0/results/9ml9_hl/seed_0/predictions/9ml9_hl_sample_2.cif,9ml9_HL,seedfull_r0,9ml9_hl_sample_2.cif,0.23733
/mnt/data/admuser/msadepth/compreps/seedrep_cand/protenix/9ml9_HL/d8769/seedfull_r0/results/9ml9_hl/seed_0/predictions/9ml9_hl_sample_3.cif,9ml9_HL,seedfull_r0,9ml9_hl_sample_3.cif,0.21878
/mnt/data/admuser/msadepth/compreps/seedrep_cand/protenix/9ml9_HL/d8769/seedfull_r0/results/9ml9_hl/seed_0/predictions/9ml9_hl_sample_4.cif,9ml9_HL,seedfull_r0,9ml9_hl_sample_4.cif,0.18748
/mnt/data/admuser/msadepth/compreps/seedrep_cand/protenix/9ml9_HL/d8769/seedfull_r1/results/9ml9_hl/seed_0/predictions/9ml9_hl_sample_0.cif,9ml9_HL,seedfull_r1,9ml9_hl_sample_0.cif,0.17819
/mnt/data/admuser/msadepth/compreps/seedrep_cand/protenix/9ml9_HL/d8769/seedfull_r1/results/9ml9_hl/seed_0/predictions/9ml9_hl_sample_1.cif,9ml9_HL,seedfull_r1,9ml9_hl_sample_1.cif,0.17561
/mnt/data/admuser/msadepth/compreps/seedrep_cand/protenix/9ml9_HL/d8769/seedfull_r1/results/9ml9_hl/seed_0/predictions/9ml9_hl_sample_2.cif,9ml9_HL,seedfull_r1,9ml9_hl_sample_2.cif,0.17671
/mnt/data/admuser/msadepth/compreps/seedrep_cand/protenix/9ml9_HL/d8769/seedfull_r1/results/9ml9_hl/seed_0/predictions/9ml9_hl_sample_3.cif,9ml9_HL,seedfull_r1,9ml9_hl_sample_3.cif,0.17372
/mnt/data/admuser/msadepth/compreps/seedrep_cand/protenix/9ml9_HL/d8769/seedfull_r1/results/9ml9_hl/seed_0/predictions/9ml9_hl_sample_4.cif,9ml9_HL,seedfull_r1,9ml9_hl_sample_4.cif,0.17302
/mnt/data/admuser/msadepth/compreps/seedrep_cand/protenix/9ml9_HL/d8769/seedfull_r2/results/9ml9_hl/seed_0/predictions/9ml9_hl_sample_0.cif,9ml9_HL,seedfull_r2,9ml9_hl_sample_0.cif,0.16683
/mnt/data/admuser/msadepth/compreps/seedrep_cand/protenix/9ml9_HL/d8769/seedfull_r2/results/9ml9_hl/seed_0/predictions/9ml9_hl_sample_1.cif,9ml9_HL,seedfull_r2,9ml9_hl_sample_1.cif,0.166
/mnt/data/admuser/msadepth/compreps/seedrep_cand/protenix/9ml9_HL/d8769/seedfull_r2/results/9ml9_hl/seed_0/predictions/9ml9_hl_sample_2.cif,9ml9_HL,seedfull_r2,9ml9_hl_sample_2.cif,0.15999
/mnt/data/admuser/msadepth/compreps/seedrep_cand/protenix/9ml9_HL/d8769/seedfull_r2/results/9ml9_hl/seed_0/predictions/9ml9_hl_sample_3.cif,9ml9_HL,seedfull_r2,9ml9_hl_sample_3.cif,0.15747
/mnt/data/admuser/msadepth/compreps/seedrep_cand/protenix/9ml9_HL/d8769/seedfull_r2/results/9ml9_hl/seed_0/predictions/9ml9_hl_sample_4.cif,9ml9_HL,seedfull_r2,9ml9_hl_sample_4.cif,0.15144
/mnt/data/admuser/msadepth/compreps/seedrep_cand/protenix/9ml9_HL/d8769/seedfull_r3/results/9ml9_hl/seed_0/predictions/9ml9_hl_sample_0.cif,9ml9_HL,seedfull_r3,9ml9_hl_sample_0.cif,0.26348
/mnt/data/admuser/msadepth/compreps/seedrep_cand/protenix/9ml9_HL/d8769/seedfull_r3/results/9ml9_hl/seed_0/predictions/9ml9_hl_sample_1.cif,9ml9_HL,seedfull_r3,9ml9_hl_sample_1.cif,0.25868
/mnt/data/admuser/msadepth/compreps/seedrep_cand/protenix/9ml9_HL/d8769/seedfull_r3/results/9ml9_hl/seed_0/predictions/9ml9_hl_sample_2.cif,9ml9_HL,seedfull_r3,9ml9_hl_sample_2.cif,0.25743
/mnt/data/admuser/msadepth/compreps/seedrep_cand/protenix/9ml9_HL/d8769/seedfull_r3/results/9ml9_hl/seed_0/predictions/9ml9_hl_sample_3.cif,9ml9_HL,seedfull_r3,9ml9_hl_sample_3.cif,0.20065
/mnt/data/admuser/msadepth/compreps/seedrep_cand/protenix/9ml9_HL/d8769/seedfull_r3/results/9ml9_hl/seed_0/predictions/9ml9_hl_sample_4.cif,9ml9_HL,seedfull_r3,9ml9_hl_sample_4.cif,0.17256
/mnt/data/admuser/msadepth/compreps/seedrep_cand/protenix/9ml9_HL/d8769/seedfull_r4/results/9ml9_hl/seed_0/predictions/9ml9_hl_sample_0.cif,9ml9_HL,seedfull_r4,9ml9_hl_sample_0.cif,0.17634
/mnt/data/admuser/msadepth/compreps/seedrep_cand/protenix/9ml9_HL/d8769/seedfull_r4/results/9ml9_hl/seed_0/predictions/9ml9_hl_sample_1.cif,9ml9_HL,seedfull_r4,9ml9_hl_sample_1.cif,0.17394
/mnt/data/admuser/msadepth/compreps/seedrep_cand/protenix/9ml9_HL/d8769/seedfull_r4/results/9ml9_hl/seed_0/predictions/9ml9_hl_sample_2.cif,9ml9_HL,seedfull_r4,9ml9_hl_sample_2.cif,0.1681
/mnt/data/admuser/msadepth/compreps/seedrep_cand/protenix/9ml9_HL/d8769/seedfull_r4/results/9ml9_hl/seed_0/predictions/9ml9_hl_sample_3.cif,9ml9_HL,seedfull_r4,9ml9_hl_sample_3.cif,0.16478
/mnt/data/admuser/msadepth/compreps/seedrep_cand/protenix/9ml9_HL/d8769/seedfull_r4/results/9ml9_hl/seed_0/predictions/9ml9_hl_sample_4.cif,9ml9_HL,seedfull_r4,9ml9_hl_sample_4.cif,0.16408
/mnt/data/admuser/msadepth/compreps/seedrep_cand/protenix/9ml9_HL/d8769/seedfull_r5/results/9ml9_hl/seed_0/predictions/9ml9_hl_sample_0.cif,9ml9_HL,seedfull_r5,9ml9_hl_sample_0.cif,0.1737
/mnt/data/admuser/msadepth/compreps/seedrep_cand/protenix/9ml9_HL/d8769/seedfull_r5/results/9ml9_hl/seed_0/predictions/9ml9_hl_sample_1.cif,9ml9_HL,seedfull_r5,9ml9_hl_sample_1.cif,0.17259
/mnt/data/admuser/msadepth/compreps/seedrep_cand/protenix/9ml9_HL/d8769/seedfull_r5/results/9ml9_hl/seed_0/predictions/9ml9_hl_sample_2.cif,9ml9_HL,seedfull_r5,9ml9_hl_sample_2.cif,0.16553
/mnt/data/admuser/msadepth/compreps/seedrep_cand/protenix/9ml9_HL/d8769/seedfull_r5/results/9ml9_hl/seed_0/predictions/9ml9_hl_sample_3.cif,9ml9_HL,seedfull_r5,9ml9_hl_sample_3.cif,0.16214
/mnt/data/admuser/msadepth/compreps/seedrep_cand/protenix/9ml9_HL/d8769/seedfull_r5/results/9ml9_hl/seed_0/predictions/9ml9_hl_sample_4.cif,9ml9_HL,seedfull_r5,9ml9_hl_sample_4.cif,0.15794
/mnt/data/admuser/msadepth/compreps/seedrep_cand/protenix/9ml9_HL/d8769/seedfull_r6/results/9ml9_hl/seed_0/predictions/9ml9_hl_sample_0.cif,9ml9_HL,seedfull_r6,9ml9_hl_sample_0.cif,0.16672
/mnt/data/admuser/msadepth/compreps/seedrep_cand/protenix/9ml9_HL/d8769/seedfull_r6/results/9ml9_hl/seed_0/predictions/9ml9_hl_sample_1.cif,9ml9_HL,seedfull_r6,9ml9_hl_sample_1.cif,0.16356
/mnt/data/admuser/msadepth/compreps/seedrep_cand/protenix/9ml9_HL/d8769/seedfull_r6/results/9ml9_hl/seed_0/predictions/9ml9_hl_sample_2.cif,9ml9_HL,seedfull_r6,9ml9_hl_sample_2.cif,0.16154
/mnt/data/admuser/msadepth/compreps/seedrep_cand/protenix/9ml9_HL/d8769/seedfull_r6/results/9ml9_hl/seed_0/predictions/9ml9_hl_sample_3.cif,9ml9_HL,seedfull_r6,9ml9_hl_sample_3.cif,0.1611
/mnt/data/admuser/msadepth/compreps/seedrep_cand/protenix/9ml9_HL/d8769/seedfull_r6/results/9ml9_hl/seed_0/predictions/9ml9_hl_sample_4.cif,9ml9_HL,seedfull_r6,9ml9_hl_sample_4.cif,0.15419
/mnt/data/admuser/msadepth/compreps/seedrep_cand/protenix/9ml9_HL/d8769/seedfull_r7/results/9ml9_hl/seed_0/predictions/9ml9_hl_sample_0.cif,9ml9_HL,seedfull_r7,9ml9_hl_sample_0.cif,0.19456
/mnt/data/admuser/msadepth/compreps/seedrep_cand/protenix/9ml9_HL/d8769/seedfull_r7/results/9ml9_hl/seed_0/predictions/9ml9_hl_sample_1.cif,9ml9_HL,seedfull_r7,9ml9_hl_sample_1.cif,0.18211
/mnt/data/admuser/msadepth/compreps/seedrep_cand/protenix/9ml9_HL/d8769/seedfull_r7/results/9ml9_hl/seed_0/predictions/9ml9_hl_sample_2.cif,9ml9_HL,seedfull_r7,9ml9_hl_sample_2.cif,0.18059
/mnt/data/admuser/msadepth/compreps/seedrep_cand/protenix/9ml9_HL/d8769/seedfull_r7/results/9ml9_hl/seed_0/predictions/9ml9_hl_sample_3.cif,9ml9_HL,seedfull_r7,9ml9_hl_sample_3.cif,0.17285
/mnt/data/admuser/msadepth/compreps/seedrep_cand/protenix/9ml9_HL/d8769/seedfull_r7/results/9ml9_hl/seed_0/predictions/9ml9_hl_sample_4.cif,9ml9_HL,seedfull_r7,9ml9_hl_sample_4.cif,0.16387
/mnt/data/admuser/msadepth/compreps/seedrep_cand/protenix/9mqr_DE/d3538/seed0_r0/results/9mqr_de/seed_0/predictions/9mqr_de_sample_0.cif,9mqr_DE,seed0_r0,9mqr_de_sample_0.cif,0.31684
/mnt/data/admuser/msadepth/compreps/seedrep_cand/protenix/9mqr_DE/d3538/seed0_r0/results/9mqr_de/seed_0/predictions/9mqr_de_sample_1.cif,9mqr_DE,seed0_r0,9mqr_de_sample_1.cif,0.31528
/mnt/data/admuser/msadepth/compreps/seedrep_cand/protenix/9mqr_DE/d3538/seed0_r0/results/9mqr_de/seed_0/predictions/9mqr_de_sample_2.cif,9mqr_DE,seed0_r0,9mqr_de_sample_2.cif,0.3147
/mnt/data/admuser/msadepth/compreps/seedrep_cand/protenix/9mqr_DE/d3538/seed0_r0/results/9mqr_de/seed_0/predictions/9mqr_de_sample_3.cif,9mqr_DE,seed0_r0,9mqr_de_sample_3.cif,0.30844
/mnt/data/admuser/msadepth/compreps/seedrep_cand/protenix/9mqr_DE/d3538/seed0_r0/results/9mqr_de/seed_0/predictions/9mqr_de_sample_4.cif,9mqr_DE,seed0_r0,9mqr_de_sample_4.cif,0.31331
/mnt/data/admuser/msadepth/compreps/seedrep_cand/protenix/9mqr_DE/d3538/seed0_r1/results/9mqr_de/seed_0/predictions/9mqr_de_sample_0.cif,9mqr_DE,seed0_r1,9mqr_de_sample_0.cif,0.29211
/mnt/data/admuser/msadepth/compreps/seedrep_cand/protenix/9mqr_DE/d3538/seed0_r1/results/9mqr_de/seed_0/predictions/9mqr_de_sample_1.cif,9mqr_DE,seed0_r1,9mqr_de_sample_1.cif,0.2871
/mnt/data/admuser/msadepth/compreps/seedrep_cand/protenix/9mqr_DE/d3538/seed0_r1/results/9mqr_de/seed_0/predictions/9mqr_de_sample_2.cif,9mqr_DE,seed0_r1,9mqr_de_sample_2.cif,0.28665
/mnt/data/admuser/msadepth/compreps/seedrep_cand/protenix/9mqr_DE/d3538/seed0_r1/results/9mqr_de/seed_0/predictions/9mqr_de_sample_3.cif,9mqr_DE,seed0_r1,9mqr_de_sample_3.cif,0.27672
/mnt/data/admuser/msadepth/compreps/seedrep_cand/protenix/9mqr_DE/d3538/seed0_r1/results/9mqr_de/seed_0/predictions/9mqr_de_sample_4.cif,9mqr_DE,seed0_r1,9mqr_de_sample_4.cif,0.26896
/mnt/data/admuser/msadepth/compreps/seedrep_cand/protenix/9mqr_DE/d3538/seed0_r2/results/9mqr_de/seed_0/predictions/9mqr_de_sample_0.cif,9mqr_DE,seed0_r2,9mqr_de_sample_0.cif,0.40816
/mnt/data/admuser/msadepth/compreps/seedrep_cand/protenix/9mqr_DE/d3538/seed0_r2/results/9mqr_de/seed_0/predictions/9mqr_de_sample_1.cif,9mqr_DE,seed0_r2,9mqr_de_sample_1.cif,0.40794
/mnt/data/admuser/msadepth/compreps/seedrep_cand/protenix/9mqr_DE/d3538/seed0_r2/results/9mqr_de/seed_0/predictions/9mqr_de_sample_2.cif,9mqr_DE,seed0_r2,9mqr_de_sample_2.cif,0.40678
/mnt/data/admuser/msadepth/compreps/seedrep_cand/protenix/9mqr_DE/d3538/seed0_r2/results/9mqr_de/seed_0/predictions/9mqr_de_sample_3.cif,9mqr_DE,seed0_r2,9mqr_de_sample_3.cif,0.40229
/mnt/data/admuser/msadepth/compreps/seedrep_cand/protenix/9mqr_DE/d3538/seed0_r2/results/9mqr_de/seed_0/predictions/9mqr_de_sample_4.cif,9mqr_DE,seed0_r2,9mqr_de_sample_4.cif,0.39685
/mnt/data/admuser/msadepth/compreps/seedrep_cand/protenix/9mqr_DE/d3538/seed0_r3/results/9mqr_de/seed_0/predictions/9mqr_de_sample_0.cif,9mqr_DE,seed0_r3,9mqr_de_sample_0.cif,0.37136
/mnt/data/admuser/msadepth/compreps/seedrep_cand/protenix/9mqr_DE/d3538/seed0_r3/results/9mqr_de/seed_0/predictions/9mqr_de_sample_1.cif,9mqr_DE,seed0_r3,9mqr_de_sample_1.cif,0.36659
/mnt/data/admuser/msadepth/compreps/seedrep_cand/protenix/9mqr_DE/d3538/seed0_r3/results/9mqr_de/seed_0/predictions/9mqr_de_sample_2.cif,9mqr_DE,seed0_r3,9mqr_de_sample_2.cif,0.36564
/mnt/data/admuser/msadepth/compreps/seedrep_cand/protenix/9mqr_DE/d3538/seed0_r3/results/9mqr_de/seed_0/predictions/9mqr_de_sample_3.cif,9mqr_DE,seed0_r3,9mqr_de_sample_3.cif,0.36283
/mnt/data/admuser/msadepth/compreps/seedrep_cand/protenix/9mqr_DE/d3538/seed0_r3/results/9mqr_de/seed_0/predictions/9mqr_de_sample_4.cif,9mqr_DE,seed0_r3,9mqr_de_sample_4.cif,0.35654
/mnt/data/admuser/msadepth/compreps/seedrep_cand/protenix/9mqr_DE/d3538/seed1_r0/results/9mqr_de/seed_0/predictions/9mqr_de_sample_0.cif,9mqr_DE,seed1_r0,9mqr_de_sample_0.cif,0.36743
/mnt/data/admuser/msadepth/compreps/seedrep_cand/protenix/9mqr_DE/d3538/seed1_r0/results/9mqr_de/seed_0/predictions/9mqr_de_sample_1.cif,9mqr_DE,seed1_r0,9mqr_de_sample_1.cif,0.36647
/mnt/data/admuser/msadepth/compreps/seedrep_cand/protenix/9mqr_DE/d3538/seed1_r0/results/9mqr_de/seed_0/predictions/9mqr_de_sample_2.cif,9mqr_DE,seed1_r0,9mqr_de_sample_2.cif,0.36568
/mnt/data/admuser/msadepth/compreps/seedrep_cand/protenix/9mqr_DE/d3538/seed1_r0/results/9mqr_de/seed_0/predictions/9mqr_de_sample_3.cif,9mqr_DE,seed1_r0,9mqr_de_sample_3.cif,0.36533
/mnt/data/admuser/msadepth/compreps/seedrep_cand/protenix/9mqr_DE/d3538/seed1_r0/results/9mqr_de/seed_0/predictions/9mqr_de_sample_4.cif,9mqr_DE,seed1_r0,9mqr_de_sample_4.cif,0.36464
/mnt/data/admuser/msadepth/compreps/seedrep_cand/protenix/9mqr_DE/d3538/seed1_r1/results/9mqr_de/seed_0/predictions/9mqr_de_sample_0.cif,9mqr_DE,seed1_r1,9mqr_de_sample_0.cif,0.37504
/mnt/data/admuser/msadepth/compreps/seedrep_cand/protenix/9mqr_DE/d3538/seed1_r1/results/9mqr_de/seed_0/predictions/9mqr_de_sample_1.cif,9mqr_DE,seed1_r1,9mqr_de_sample_1.cif,0.3747
/mnt/data/admuser/msadepth/compreps/seedrep_cand/protenix/9mqr_DE/d3538/seed1_r1/results/9mqr_de/seed_0/predictions/9mqr_de_sample_2.cif,9mqr_DE,seed1_r1,9mqr_de_sample_2.cif,0.3743
/mnt/data/admuser/msadepth/compreps/seedrep_cand/protenix/9mqr_DE/d3538/seed1_r1/results/9mqr_de/seed_0/predictions/9mqr_de_sample_3.cif,9mqr_DE,seed1_r1,9mqr_de_sample_3.cif,0.37425
/mnt/data/admuser/msadepth/compreps/seedrep_cand/protenix/9mqr_DE/d3538/seed1_r1/results/9mqr_de/seed_0/predictions/9mqr_de_sample_4.cif,9mqr_DE,seed1_r1,9mqr_de_sample_4.cif,0.37353
/mnt/data/admuser/msadepth/compreps/seedrep_cand/protenix/9mqr_DE/d3538/seed1_r2/results/9mqr_de/seed_0/predictions/9mqr_de_sample_0.cif,9mqr_DE,seed1_r2,9mqr_de_sample_0.cif,0.30087
/mnt/data/admuser/msadepth/compreps/seedrep_cand/protenix/9mqr_DE/d3538/seed1_r2/results/9mqr_de/seed_0/predictions/9mqr_de_sample_1.cif,9mqr_DE,seed1_r2,9mqr_de_sample_1.cif,0.29863
/mnt/data/admuser/msadepth/compreps/seedrep_cand/protenix/9mqr_DE/d3538/seed1_r2/results/9mqr_de/seed_0/predictions/9mqr_de_sample_2.cif,9mqr_DE,seed1_r2,9mqr_de_sample_2.cif,0.29737
/mnt/data/admuser/msadepth/compreps/seedrep_cand/protenix/9mqr_DE/d3538/seed1_r2/results/9mqr_de/seed_0/predictions/9mqr_de_sample_3.cif,9mqr_DE,seed1_r2,9mqr_de_sample_3.cif,0.29747
/mnt/data/admuser/msadepth/compreps/seedrep_cand/protenix/9mqr_DE/d3538/seed1_r2/results/9mqr_de/seed_0/predictions/9mqr_de_sample_4.cif,9mqr_DE,seed1_r2,9mqr_de_sample_4.cif,0.29366
/mnt/data/admuser/msadepth/compreps/seedrep_cand/protenix/9mqr_DE/d3538/seed1_r3/results/9mqr_de/seed_0/predictions/9mqr_de_sample_0.cif,9mqr_DE,seed1_r3,9mqr_de_sample_0.cif,0.36356
/mnt/data/admuser/msadepth/compreps/seedrep_cand/protenix/9mqr_DE/d3538/seed1_r3/results/9mqr_de/seed_0/predictions/9mqr_de_sample_1.cif,9mqr_DE,seed1_r3,9mqr_de_sample_1.cif,0.36336
/mnt/data/admuser/msadepth/compreps/seedrep_cand/protenix/9mqr_DE/d3538/seed1_r3/results/9mqr_de/seed_0/predictions/9mqr_de_sample_2.cif,9mqr_DE,seed1_r3,9mqr_de_sample_2.cif,0.36354
/mnt/data/admuser/msadepth/compreps/seedrep_cand/protenix/9mqr_DE/d3538/seed1_r3/results/9mqr_de/seed_0/predictions/9mqr_de_sample_3.cif,9mqr_DE,seed1_r3,9mqr_de_sample_3.cif,0.36306
/mnt/data/admuser/msadepth/compreps/seedrep_cand/protenix/9mqr_DE/d3538/seed1_r3/results/9mqr_de/seed_0/predictions/9mqr_de_sample_4.cif,9mqr_DE,seed1_r3,9mqr_de_sample_4.cif,0.36169
/mnt/data/admuser/msadepth/compreps/seedrep_cand/protenix/9mqr_DE/d3538/seed2_r0/results/9mqr_de/seed_0/predictions/9mqr_de_sample_0.cif,9mqr_DE,seed2_r0,9mqr_de_sample_0.cif,0.3116
/mnt/data/admuser/msadepth/compreps/seedrep_cand/protenix/9mqr_DE/d3538/seed2_r0/results/9mqr_de/seed_0/predictions/9mqr_de_sample_1.cif,9mqr_DE,seed2_r0,9mqr_de_sample_1.cif,0.30872
/mnt/data/admuser/msadepth/compreps/seedrep_cand/protenix/9mqr_DE/d3538/seed2_r0/results/9mqr_de/seed_0/predictions/9mqr_de_sample_2.cif,9mqr_DE,seed2_r0,9mqr_de_sample_2.cif,0.30651
/mnt/data/admuser/msadepth/compreps/seedrep_cand/protenix/9mqr_DE/d3538/seed2_r0/results/9mqr_de/seed_0/predictions/9mqr_de_sample_3.cif,9mqr_DE,seed2_r0,9mqr_de_sample_3.cif,0.30625
/mnt/data/admuser/msadepth/compreps/seedrep_cand/protenix/9mqr_DE/d3538/seed2_r0/results/9mqr_de/seed_0/predictions/9mqr_de_sample_4.cif,9mqr_DE,seed2_r0,9mqr_de_sample_4.cif,0.30538
/mnt/data/admuser/msadepth/compreps/seedrep_cand/protenix/9mqr_DE/d3538/seed2_r1/results/9mqr_de/seed_0/predictions/9mqr_de_sample_0.cif,9mqr_DE,seed2_r1,9mqr_de_sample_0.cif,0.41446
/mnt/data/admuser/msadepth/compreps/seedrep_cand/protenix/9mqr_DE/d3538/seed2_r1/results/9mqr_de/seed_0/predictions/9mqr_de_sample_1.cif,9mqr_DE,seed2_r1,9mqr_de_sample_1.cif,0.41324
/mnt/data/admuser/msadepth/compreps/seedrep_cand/protenix/9mqr_DE/d3538/seed2_r1/results/9mqr_de/seed_0/predictions/9mqr_de_sample_2.cif,9mqr_DE,seed2_r1,9mqr_de_sample_2.cif,0.40436
/mnt/data/admuser/msadepth/compreps/seedrep_cand/protenix/9mqr_DE/d3538/seed2_r1/results/9mqr_de/seed_0/predictions/9mqr_de_sample_3.cif,9mqr_DE,seed2_r1,9mqr_de_sample_3.cif,0.40327
/mnt/data/admuser/msadepth/compreps/seedrep_cand/protenix/9mqr_DE/d3538/seed2_r1/results/9mqr_de/seed_0/predictions/9mqr_de_sample_4.cif,9mqr_DE,seed2_r1,9mqr_de_sample_4.cif,0.4027
/mnt/data/admuser/msadepth/compreps/seedrep_cand/protenix/9mqr_DE/d3538/seed2_r2/results/9mqr_de/seed_0/predictions/9mqr_de_sample_0.cif,9mqr_DE,seed2_r2,9mqr_de_sample_0.cif,0.40561
/mnt/data/admuser/msadepth/compreps/seedrep_cand/protenix/9mqr_DE/d3538/seed2_r2/results/9mqr_de/seed_0/predictions/9mqr_de_sample_1.cif,9mqr_DE,seed2_r2,9mqr_de_sample_1.cif,0.40518
/mnt/data/admuser/msadepth/compreps/seedrep_cand/protenix/9mqr_DE/d3538/seed2_r2/results/9mqr_de/seed_0/predictions/9mqr_de_sample_2.cif,9mqr_DE,seed2_r2,9mqr_de_sample_2.cif,0.39881
/mnt/data/admuser/msadepth/compreps/seedrep_cand/protenix/9mqr_DE/d3538/seed2_r2/results/9mqr_de/seed_0/predictions/9mqr_de_sample_3.cif,9mqr_DE,seed2_r2,9mqr_de_sample_3.cif,0.39668
/mnt/data/admuser/msadepth/compreps/seedrep_cand/protenix/9mqr_DE/d3538/seed2_r2/results/9mqr_de/seed_0/predictions/9mqr_de_sample_4.cif,9mqr_DE,seed2_r2,9mqr_de_sample_4.cif,0.39646
/mnt/data/admuser/msadepth/compreps/seedrep_cand/protenix/9mqr_DE/d3538/seed2_r3/results/9mqr_de/seed_0/predictions/9mqr_de_sample_0.cif,9mqr_DE,seed2_r3,9mqr_de_sample_0.cif,0.41119
/mnt/data/admuser/msadepth/compreps/seedrep_cand/protenix/9mqr_DE/d3538/seed2_r3/results/9mqr_de/seed_0/predictions/9mqr_de_sample_1.cif,9mqr_DE,seed2_r3,9mqr_de_sample_1.cif,0.40931
/mnt/data/admuser/msadepth/compreps/seedrep_cand/protenix/9mqr_DE/d3538/seed2_r3/results/9mqr_de/seed_0/predictions/9mqr_de_sample_2.cif,9mqr_DE,seed2_r3,9mqr_de_sample_2.cif,0.40294
/mnt/data/admuser/msadepth/compreps/seedrep_cand/protenix/9mqr_DE/d3538/seed2_r3/results/9mqr_de/seed_0/predictions/9mqr_de_sample_3.cif,9mqr_DE,seed2_r3,9mqr_de_sample_3.cif,0.40049
/mnt/data/admuser/msadepth/compreps/seedrep_cand/protenix/9mqr_DE/d3538/seed2_r3/results/9mqr_de/seed_0/predictions/9mqr_de_sample_4.cif,9mqr_DE,seed2_r3,9mqr_de_sample_4.cif,0.39994
/mnt/data/admuser/msadepth/compreps/seedrep_cand/protenix/9mqr_DE/d3538/seed3_r0/results/9mqr_de/seed_0/predictions/9mqr_de_sample_0.cif,9mqr_DE,seed3_r0,9mqr_de_sample_0.cif,0.37133
/mnt/data/admuser/msadepth/compreps/seedrep_cand/protenix/9mqr_DE/d3538/seed3_r0/results/9mqr_de/seed_0/predictions/9mqr_de_sample_1.cif,9mqr_DE,seed3_r0,9mqr_de_sample_1.cif,0.37039
/mnt/data/admuser/msadepth/compreps/seedrep_cand/protenix/9mqr_DE/d3538/seed3_r0/results/9mqr_de/seed_0/predictions/9mqr_de_sample_2.cif,9mqr_DE,seed3_r0,9mqr_de_sample_2.cif,0.36919
/mnt/data/admuser/msadepth/compreps/seedrep_cand/protenix/9mqr_DE/d3538/seed3_r0/results/9mqr_de/seed_0/predictions/9mqr_de_sample_3.cif,9mqr_DE,seed3_r0,9mqr_de_sample_3.cif,0.36936
/mnt/data/admuser/msadepth/compreps/seedrep_cand/protenix/9mqr_DE/d3538/seed3_r0/results/9mqr_de/seed_0/predictions/9mqr_de_sample_4.cif,9mqr_DE,seed3_r0,9mqr_de_sample_4.cif,0.36688
/mnt/data/admuser/msadepth/compreps/seedrep_cand/protenix/9mqr_DE/d3538/seed3_r1/results/9mqr_de/seed_0/predictions/9mqr_de_sample_0.cif,9mqr_DE,seed3_r1,9mqr_de_sample_0.cif,0.36936
/mnt/data/admuser/msadepth/compreps/seedrep_cand/protenix/9mqr_DE/d3538/seed3_r1/results/9mqr_de/seed_0/predictions/9mqr_de_sample_1.cif,9mqr_DE,seed3_r1,9mqr_de_sample_1.cif,0.36879
/mnt/data/admuser/msadepth/compreps/seedrep_cand/protenix/9mqr_DE/d3538/seed3_r1/results/9mqr_de/seed_0/predictions/9mqr_de_sample_2.cif,9mqr_DE,seed3_r1,9mqr_de_sample_2.cif,0.36806
/mnt/data/admuser/msadepth/compreps/seedrep_cand/protenix/9mqr_DE/d3538/seed3_r1/results/9mqr_de/seed_0/predictions/9mqr_de_sample_3.cif,9mqr_DE,seed3_r1,9mqr_de_sample_3.cif,0.36732
/mnt/data/admuser/msadepth/compreps/seedrep_cand/protenix/9mqr_DE/d3538/seed3_r1/results/9mqr_de/seed_0/predictions/9mqr_de_sample_4.cif,9mqr_DE,seed3_r1,9mqr_de_sample_4.cif,0.366
/mnt/data/admuser/msadepth/compreps/seedrep_cand/protenix/9mqr_DE/d3538/seed3_r2/results/9mqr_de/seed_0/predictions/9mqr_de_sample_0.cif,9mqr_DE,seed3_r2,9mqr_de_sample_0.cif,0.37368
/mnt/data/admuser/msadepth/compreps/seedrep_cand/protenix/9mqr_DE/d3538/seed3_r2/results/9mqr_de/seed_0/predictions/9mqr_de_sample_1.cif,9mqr_DE,seed3_r2,9mqr_de_sample_1.cif,0.3723
/mnt/data/admuser/msadepth/compreps/seedrep_cand/protenix/9mqr_DE/d3538/seed3_r2/results/9mqr_de/seed_0/predictions/9mqr_de_sample_2.cif,9mqr_DE,seed3_r2,9mqr_de_sample_2.cif,0.37207
/mnt/data/admuser/msadepth/compreps/seedrep_cand/protenix/9mqr_DE/d3538/seed3_r2/results/9mqr_de/seed_0/predictions/9mqr_de_sample_3.cif,9mqr_DE,seed3_r2,9mqr_de_sample_3.cif,0.3708
/mnt/data/admuser/msadepth/compreps/seedrep_cand/protenix/9mqr_DE/d3538/seed3_r2/results/9mqr_de/seed_0/predictions/9mqr_de_sample_4.cif,9mqr_DE,seed3_r2,9mqr_de_sample_4.cif,0.36831
/mnt/data/admuser/msadepth/compreps/seedrep_cand/protenix/9mqr_DE/d3538/seed3_r3/results/9mqr_de/seed_0/predictions/9mqr_de_sample_0.cif,9mqr_DE,seed3_r3,9mqr_de_sample_0.cif,0.41392
/mnt/data/admuser/msadepth/compreps/seedrep_cand/protenix/9mqr_DE/d3538/seed3_r3/results/9mqr_de/seed_0/predictions/9mqr_de_sample_1.cif,9mqr_DE,seed3_r3,9mqr_de_sample_1.cif,0.40826
/mnt/data/admuser/msadepth/compreps/seedrep_cand/protenix/9mqr_DE/d3538/seed3_r3/results/9mqr_de/seed_0/predictions/9mqr_de_sample_2.cif,9mqr_DE,seed3_r3,9mqr_de_sample_2.cif,0.40814
/mnt/data/admuser/msadepth/compreps/seedrep_cand/protenix/9mqr_DE/d3538/seed3_r3/results/9mqr_de/seed_0/predictions/9mqr_de_sample_3.cif,9mqr_DE,seed3_r3,9mqr_de_sample_3.cif,0.40499
/mnt/data/admuser/msadepth/compreps/seedrep_cand/protenix/9mqr_DE/d3538/seed3_r3/results/9mqr_de/seed_0/predictions/9mqr_de_sample_4.cif,9mqr_DE,seed3_r3,9mqr_de_sample_4.cif,0.39706
/mnt/data/admuser/msadepth/compreps/seedrep_cand/protenix/9mqr_DE/d3538/seed4_r0/results/9mqr_de/seed_0/predictions/9mqr_de_sample_0.cif,9mqr_DE,seed4_r0,9mqr_de_sample_0.cif,0.40044
/mnt/data/admuser/msadepth/compreps/seedrep_cand/protenix/9mqr_DE/d3538/seed4_r0/results/9mqr_de/seed_0/predictions/9mqr_de_sample_1.cif,9mqr_DE,seed4_r0,9mqr_de_sample_1.cif,0.39978
/mnt/data/admuser/msadepth/compreps/seedrep_cand/protenix/9mqr_DE/d3538/seed4_r0/results/9mqr_de/seed_0/predictions/9mqr_de_sample_2.cif,9mqr_DE,seed4_r0,9mqr_de_sample_2.cif,0.39956
/mnt/data/admuser/msadepth/compreps/seedrep_cand/protenix/9mqr_DE/d3538/seed4_r0/results/9mqr_de/seed_0/predictions/9mqr_de_sample_3.cif,9mqr_DE,seed4_r0,9mqr_de_sample_3.cif,0.39868
/mnt/data/admuser/msadepth/compreps/seedrep_cand/protenix/9mqr_DE/d3538/seed4_r0/results/9mqr_de/seed_0/predictions/9mqr_de_sample_4.cif,9mqr_DE,seed4_r0,9mqr_de_sample_4.cif,0.39229
/mnt/data/admuser/msadepth/compreps/seedrep_cand/protenix/9mqr_DE/d3538/seed4_r1/results/9mqr_de/seed_0/predictions/9mqr_de_sample_0.cif,9mqr_DE,seed4_r1,9mqr_de_sample_0.cif,0.41445
/mnt/data/admuser/msadepth/compreps/seedrep_cand/protenix/9mqr_DE/d3538/seed4_r1/results/9mqr_de/seed_0/predictions/9mqr_de_sample_1.cif,9mqr_DE,seed4_r1,9mqr_de_sample_1.cif,0.41393
/mnt/data/admuser/msadepth/compreps/seedrep_cand/protenix/9mqr_DE/d3538/seed4_r1/results/9mqr_de/seed_0/predictions/9mqr_de_sample_2.cif,9mqr_DE,seed4_r1,9mqr_de_sample_2.cif,0.41367
/mnt/data/admuser/msadepth/compreps/seedrep_cand/protenix/9mqr_DE/d3538/seed4_r1/results/9mqr_de/seed_0/predictions/9mqr_de_sample_3.cif,9mqr_DE,seed4_r1,9mqr_de_sample_3.cif,0.41222
/mnt/data/admuser/msadepth/compreps/seedrep_cand/protenix/9mqr_DE/d3538/seed4_r1/results/9mqr_de/seed_0/predictions/9mqr_de_sample_4.cif,9mqr_DE,seed4_r1,9mqr_de_sample_4.cif,0.40452
/mnt/data/admuser/msadepth/compreps/seedrep_cand/protenix/9mqr_DE/d3538/seed4_r2/results/9mqr_de/seed_0/predictions/9mqr_de_sample_0.cif,9mqr_DE,seed4_r2,9mqr_de_sample_0.cif,0.39185
/mnt/data/admuser/msadepth/compreps/seedrep_cand/protenix/9mqr_DE/d3538/seed4_r2/results/9mqr_de/seed_0/predictions/9mqr_de_sample_1.cif,9mqr_DE,seed4_r2,9mqr_de_sample_1.cif,0.39038
/mnt/data/admuser/msadepth/compreps/seedrep_cand/protenix/9mqr_DE/d3538/seed4_r2/results/9mqr_de/seed_0/predictions/9mqr_de_sample_2.cif,9mqr_DE,seed4_r2,9mqr_de_sample_2.cif,0.39013
/mnt/data/admuser/msadepth/compreps/seedrep_cand/protenix/9mqr_DE/d3538/seed4_r2/results/9mqr_de/seed_0/predictions/9mqr_de_sample_3.cif,9mqr_DE,seed4_r2,9mqr_de_sample_3.cif,0.38884
/mnt/data/admuser/msadepth/compreps/seedrep_cand/protenix/9mqr_DE/d3538/seed4_r2/results/9mqr_de/seed_0/predictions/9mqr_de_sample_4.cif,9mqr_DE,seed4_r2,9mqr_de_sample_4.cif,0.38241
/mnt/data/admuser/msadepth/compreps/seedrep_cand/protenix/9mqr_DE/d3538/seed4_r3/results/9mqr_de/seed_0/predictions/9mqr_de_sample_0.cif,9mqr_DE,seed4_r3,9mqr_de_sample_0.cif,0.40728
/mnt/data/admuser/msadepth/compreps/seedrep_cand/protenix/9mqr_DE/d3538/seed4_r3/results/9mqr_de/seed_0/predictions/9mqr_de_sample_1.cif,9mqr_DE,seed4_r3,9mqr_de_sample_1.cif,0.4067
/mnt/data/admuser/msadepth/compreps/seedrep_cand/protenix/9mqr_DE/d3538/seed4_r3/results/9mqr_de/seed_0/predictions/9mqr_de_sample_2.cif,9mqr_DE,seed4_r3,9mqr_de_sample_2.cif,0.40595
/mnt/data/admuser/msadepth/compreps/seedrep_cand/protenix/9mqr_DE/d3538/seed4_r3/results/9mqr_de/seed_0/predictions/9mqr_de_sample_3.cif,9mqr_DE,seed4_r3,9mqr_de_sample_3.cif,0.40475
/mnt/data/admuser/msadepth/compreps/seedrep_cand/protenix/9mqr_DE/d3538/seed4_r3/results/9mqr_de/seed_0/predictions/9mqr_de_sample_4.cif,9mqr_DE,seed4_r3,9mqr_de_sample_4.cif,0.40071
/mnt/data/admuser/msadepth/compreps/seedrep_cand/protenix/9mqr_DE/d3538/seed5_r0/results/9mqr_de/seed_0/predictions/9mqr_de_sample_0.cif,9mqr_DE,seed5_r0,9mqr_de_sample_0.cif,0.38004
/mnt/data/admuser/msadepth/compreps/seedrep_cand/protenix/9mqr_DE/d3538/seed5_r0/results/9mqr_de/seed_0/predictions/9mqr_de_sample_1.cif,9mqr_DE,seed5_r0,9mqr_de_sample_1.cif,0.37945
/mnt/data/admuser/msadepth/compreps/seedrep_cand/protenix/9mqr_DE/d3538/seed5_r0/results/9mqr_de/seed_0/predictions/9mqr_de_sample_2.cif,9mqr_DE,seed5_r0,9mqr_de_sample_2.cif,0.37891
/mnt/data/admuser/msadepth/compreps/seedrep_cand/protenix/9mqr_DE/d3538/seed5_r0/results/9mqr_de/seed_0/predictions/9mqr_de_sample_3.cif,9mqr_DE,seed5_r0,9mqr_de_sample_3.cif,0.3772
/mnt/data/admuser/msadepth/compreps/seedrep_cand/protenix/9mqr_DE/d3538/seed5_r0/results/9mqr_de/seed_0/predictions/9mqr_de_sample_4.cif,9mqr_DE,seed5_r0,9mqr_de_sample_4.cif,0.36943
/mnt/data/admuser/msadepth/compreps/seedrep_cand/protenix/9mqr_DE/d3538/seed5_r1/results/9mqr_de/seed_0/predictions/9mqr_de_sample_0.cif,9mqr_DE,seed5_r1,9mqr_de_sample_0.cif,0.40606
/mnt/data/admuser/msadepth/compreps/seedrep_cand/protenix/9mqr_DE/d3538/seed5_r1/results/9mqr_de/seed_0/predictions/9mqr_de_sample_1.cif,9mqr_DE,seed5_r1,9mqr_de_sample_1.cif,0.40556
/mnt/data/admuser/msadepth/compreps/seedrep_cand/protenix/9mqr_DE/d3538/seed5_r1/results/9mqr_de/seed_0/predictions/9mqr_de_sample_2.cif,9mqr_DE,seed5_r1,9mqr_de_sample_2.cif,0.40502
/mnt/data/admuser/msadepth/compreps/seedrep_cand/protenix/9mqr_DE/d3538/seed5_r1/results/9mqr_de/seed_0/predictions/9mqr_de_sample_3.cif,9mqr_DE,seed5_r1,9mqr_de_sample_3.cif,0.40513
/mnt/data/admuser/msadepth/compreps/seedrep_cand/protenix/9mqr_DE/d3538/seed5_r1/results/9mqr_de/seed_0/predictions/9mqr_de_sample_4.cif,9mqr_DE,seed5_r1,9mqr_de_sample_4.cif,0.40333
/mnt/data/admuser/msadepth/compreps/seedrep_cand/protenix/9mqr_DE/d3538/seed5_r2/results/9mqr_de/seed_0/predictions/9mqr_de_sample_0.cif,9mqr_DE,seed5_r2,9mqr_de_sample_0.cif,0.40273
/mnt/data/admuser/msadepth/compreps/seedrep_cand/protenix/9mqr_DE/d3538/seed5_r2/results/9mqr_de/seed_0/predictions/9mqr_de_sample_1.cif,9mqr_DE,seed5_r2,9mqr_de_sample_1.cif,0.40242
/mnt/data/admuser/msadepth/compreps/seedrep_cand/protenix/9mqr_DE/d3538/seed5_r2/results/9mqr_de/seed_0/predictions/9mqr_de_sample_2.cif,9mqr_DE,seed5_r2,9mqr_de_sample_2.cif,0.40185
/mnt/data/admuser/msadepth/compreps/seedrep_cand/protenix/9mqr_DE/d3538/seed5_r2/results/9mqr_de/seed_0/predictions/9mqr_de_sample_3.cif,9mqr_DE,seed5_r2,9mqr_de_sample_3.cif,0.40042
/mnt/data/admuser/msadepth/compreps/seedrep_cand/protenix/9mqr_DE/d3538/seed5_r2/results/9mqr_de/seed_0/predictions/9mqr_de_sample_4.cif,9mqr_DE,seed5_r2,9mqr_de_sample_4.cif,0.39925
/mnt/data/admuser/msadepth/compreps/seedrep_cand/protenix/9mqr_DE/d3538/seed5_r3/results/9mqr_de/seed_0/predictions/9mqr_de_sample_0.cif,9mqr_DE,seed5_r3,9mqr_de_sample_0.cif,0.38132
/mnt/data/admuser/msadepth/compreps/seedrep_cand/protenix/9mqr_DE/d3538/seed5_r3/results/9mqr_de/seed_0/predictions/9mqr_de_sample_1.cif,9mqr_DE,seed5_r3,9mqr_de_sample_1.cif,0.38001
/mnt/data/admuser/msadepth/compreps/seedrep_cand/protenix/9mqr_DE/d3538/seed5_r3/results/9mqr_de/seed_0/predictions/9mqr_de_sample_2.cif,9mqr_DE,seed5_r3,9mqr_de_sample_2.cif,0.37894
/mnt/data/admuser/msadepth/compreps/seedrep_cand/protenix/9mqr_DE/d3538/seed5_r3/results/9mqr_de/seed_0/predictions/9mqr_de_sample_3.cif,9mqr_DE,seed5_r3,9mqr_de_sample_3.cif,0.37839
/mnt/data/admuser/msadepth/compreps/seedrep_cand/protenix/9mqr_DE/d3538/seed5_r3/results/9mqr_de/seed_0/predictions/9mqr_de_sample_4.cif,9mqr_DE,seed5_r3,9mqr_de_sample_4.cif,0.3697
/mnt/data/admuser/msadepth/compreps/seedrep_cand/protenix/9mqr_DE/d3538/seedfull_r0/results/9mqr_de/seed_0/predictions/9mqr_de_sample_0.cif,9mqr_DE,seedfull_r0,9mqr_de_sample_0.cif,0.37597
/mnt/data/admuser/msadepth/compreps/seedrep_cand/protenix/9mqr_DE/d3538/seedfull_r0/results/9mqr_de/seed_0/predictions/9mqr_de_sample_1.cif,9mqr_DE,seedfull_r0,9mqr_de_sample_1.cif,0.36755
/mnt/data/admuser/msadepth/compreps/seedrep_cand/protenix/9mqr_DE/d3538/seedfull_r0/results/9mqr_de/seed_0/predictions/9mqr_de_sample_2.cif,9mqr_DE,seedfull_r0,9mqr_de_sample_2.cif,0.36643
/mnt/data/admuser/msadepth/compreps/seedrep_cand/protenix/9mqr_DE/d3538/seedfull_r0/results/9mqr_de/seed_0/predictions/9mqr_de_sample_3.cif,9mqr_DE,seedfull_r0,9mqr_de_sample_3.cif,0.36562
/mnt/data/admuser/msadepth/compreps/seedrep_cand/protenix/9mqr_DE/d3538/seedfull_r0/results/9mqr_de/seed_0/predictions/9mqr_de_sample_4.cif,9mqr_DE,seedfull_r0,9mqr_de_sample_4.cif,0.36534
/mnt/data/admuser/msadepth/compreps/seedrep_cand/protenix/9mqr_DE/d3538/seedfull_r1/results/9mqr_de/seed_0/predictions/9mqr_de_sample_0.cif,9mqr_DE,seedfull_r1,9mqr_de_sample_0.cif,0.37469
/mnt/data/admuser/msadepth/compreps/seedrep_cand/protenix/9mqr_DE/d3538/seedfull_r1/results/9mqr_de/seed_0/predictions/9mqr_de_sample_1.cif,9mqr_DE,seedfull_r1,9mqr_de_sample_1.cif,0.36898
/mnt/data/admuser/msadepth/compreps/seedrep_cand/protenix/9mqr_DE/d3538/seedfull_r1/results/9mqr_de/seed_0/predictions/9mqr_de_sample_2.cif,9mqr_DE,seedfull_r1,9mqr_de_sample_2.cif,0.36268
/mnt/data/admuser/msadepth/compreps/seedrep_cand/protenix/9mqr_DE/d3538/seedfull_r1/results/9mqr_de/seed_0/predictions/9mqr_de_sample_3.cif,9mqr_DE,seedfull_r1,9mqr_de_sample_3.cif,0.36195
/mnt/data/admuser/msadepth/compreps/seedrep_cand/protenix/9mqr_DE/d3538/seedfull_r1/results/9mqr_de/seed_0/predictions/9mqr_de_sample_4.cif,9mqr_DE,seedfull_r1,9mqr_de_sample_4.cif,0.35756
/mnt/data/admuser/msadepth/compreps/seedrep_cand/protenix/9mqr_DE/d3538/seedfull_r2/results/9mqr_de/seed_0/predictions/9mqr_de_sample_0.cif,9mqr_DE,seedfull_r2,9mqr_de_sample_0.cif,0.30572
/mnt/data/admuser/msadepth/compreps/seedrep_cand/protenix/9mqr_DE/d3538/seedfull_r2/results/9mqr_de/seed_0/predictions/9mqr_de_sample_1.cif,9mqr_DE,seedfull_r2,9mqr_de_sample_1.cif,0.30484
/mnt/data/admuser/msadepth/compreps/seedrep_cand/protenix/9mqr_DE/d3538/seedfull_r2/results/9mqr_de/seed_0/predictions/9mqr_de_sample_2.cif,9mqr_DE,seedfull_r2,9mqr_de_sample_2.cif,0.30308
/mnt/data/admuser/msadepth/compreps/seedrep_cand/protenix/9mqr_DE/d3538/seedfull_r2/results/9mqr_de/seed_0/predictions/9mqr_de_sample_3.cif,9mqr_DE,seedfull_r2,9mqr_de_sample_3.cif,0.30037
/mnt/data/admuser/msadepth/compreps/seedrep_cand/protenix/9mqr_DE/d3538/seedfull_r2/results/9mqr_de/seed_0/predictions/9mqr_de_sample_4.cif,9mqr_DE,seedfull_r2,9mqr_de_sample_4.cif,0.30256
/mnt/data/admuser/msadepth/compreps/seedrep_cand/protenix/9mqr_DE/d3538/seedfull_r3/results/9mqr_de/seed_0/predictions/9mqr_de_sample_0.cif,9mqr_DE,seedfull_r3,9mqr_de_sample_0.cif,0.4013
/mnt/data/admuser/msadepth/compreps/seedrep_cand/protenix/9mqr_DE/d3538/seedfull_r3/results/9mqr_de/seed_0/predictions/9mqr_de_sample_1.cif,9mqr_DE,seedfull_r3,9mqr_de_sample_1.cif,0.39791
/mnt/data/admuser/msadepth/compreps/seedrep_cand/protenix/9mqr_DE/d3538/seedfull_r3/results/9mqr_de/seed_0/predictions/9mqr_de_sample_2.cif,9mqr_DE,seedfull_r3,9mqr_de_sample_2.cif,0.39232
/mnt/data/admuser/msadepth/compreps/seedrep_cand/protenix/9mqr_DE/d3538/seedfull_r3/results/9mqr_de/seed_0/predictions/9mqr_de_sample_3.cif,9mqr_DE,seedfull_r3,9mqr_de_sample_3.cif,0.39274
/mnt/data/admuser/msadepth/compreps/seedrep_cand/protenix/9mqr_DE/d3538/seedfull_r3/results/9mqr_de/seed_0/predictions/9mqr_de_sample_4.cif,9mqr_DE,seedfull_r3,9mqr_de_sample_4.cif,0.39253
/mnt/data/admuser/msadepth/compreps/seedrep_cand/protenix/9mqr_DE/d3538/seedfull_r4/results/9mqr_de/seed_0/predictions/9mqr_de_sample_0.cif,9mqr_DE,seedfull_r4,9mqr_de_sample_0.cif,0.41282
/mnt/data/admuser/msadepth/compreps/seedrep_cand/protenix/9mqr_DE/d3538/seedfull_r4/results/9mqr_de/seed_0/predictions/9mqr_de_sample_1.cif,9mqr_DE,seedfull_r4,9mqr_de_sample_1.cif,0.41197
/mnt/data/admuser/msadepth/compreps/seedrep_cand/protenix/9mqr_DE/d3538/seedfull_r4/results/9mqr_de/seed_0/predictions/9mqr_de_sample_2.cif,9mqr_DE,seedfull_r4,9mqr_de_sample_2.cif,0.40989
/mnt/data/admuser/msadepth/compreps/seedrep_cand/protenix/9mqr_DE/d3538/seedfull_r4/results/9mqr_de/seed_0/predictions/9mqr_de_sample_3.cif,9mqr_DE,seedfull_r4,9mqr_de_sample_3.cif,0.40683
/mnt/data/admuser/msadepth/compreps/seedrep_cand/protenix/9mqr_DE/d3538/seedfull_r4/results/9mqr_de/seed_0/predictions/9mqr_de_sample_4.cif,9mqr_DE,seedfull_r4,9mqr_de_sample_4.cif,0.39547
/mnt/data/admuser/msadepth/compreps/seedrep_cand/protenix/9mqr_DE/d3538/seedfull_r5/results/9mqr_de/seed_0/predictions/9mqr_de_sample_0.cif,9mqr_DE,seedfull_r5,9mqr_de_sample_0.cif,0.40688
/mnt/data/admuser/msadepth/compreps/seedrep_cand/protenix/9mqr_DE/d3538/seedfull_r5/results/9mqr_de/seed_0/predictions/9mqr_de_sample_1.cif,9mqr_DE,seedfull_r5,9mqr_de_sample_1.cif,0.40498
/mnt/data/admuser/msadepth/compreps/seedrep_cand/protenix/9mqr_DE/d3538/seedfull_r5/results/9mqr_de/seed_0/predictions/9mqr_de_sample_2.cif,9mqr_DE,seedfull_r5,9mqr_de_sample_2.cif,0.40163
/mnt/data/admuser/msadepth/compreps/seedrep_cand/protenix/9mqr_DE/d3538/seedfull_r5/results/9mqr_de/seed_0/predictions/9mqr_de_sample_3.cif,9mqr_DE,seedfull_r5,9mqr_de_sample_3.cif,0.39762
/mnt/data/admuser/msadepth/compreps/seedrep_cand/protenix/9mqr_DE/d3538/seedfull_r5/results/9mqr_de/seed_0/predictions/9mqr_de_sample_4.cif,9mqr_DE,seedfull_r5,9mqr_de_sample_4.cif,0.39786
/mnt/data/admuser/msadepth/compreps/seedrep_cand/protenix/9mqr_DE/d3538/seedfull_r6/results/9mqr_de/seed_0/predictions/9mqr_de_sample_0.cif,9mqr_DE,seedfull_r6,9mqr_de_sample_0.cif,0.40298
/mnt/data/admuser/msadepth/compreps/seedrep_cand/protenix/9mqr_DE/d3538/seedfull_r6/results/9mqr_de/seed_0/predictions/9mqr_de_sample_1.cif,9mqr_DE,seedfull_r6,9mqr_de_sample_1.cif,0.39808
/mnt/data/admuser/msadepth/compreps/seedrep_cand/protenix/9mqr_DE/d3538/seedfull_r6/results/9mqr_de/seed_0/predictions/9mqr_de_sample_2.cif,9mqr_DE,seedfull_r6,9mqr_de_sample_2.cif,0.39684
/mnt/data/admuser/msadepth/compreps/seedrep_cand/protenix/9mqr_DE/d3538/seedfull_r6/results/9mqr_de/seed_0/predictions/9mqr_de_sample_3.cif,9mqr_DE,seedfull_r6,9mqr_de_sample_3.cif,0.39433
/mnt/data/admuser/msadepth/compreps/seedrep_cand/protenix/9mqr_DE/d3538/seedfull_r6/results/9mqr_de/seed_0/predictions/9mqr_de_sample_4.cif,9mqr_DE,seedfull_r6,9mqr_de_sample_4.cif,0.39362
/mnt/data/admuser/msadepth/compreps/seedrep_cand/protenix/9mqr_DE/d3538/seedfull_r7/results/9mqr_de/seed_0/predictions/9mqr_de_sample_0.cif,9mqr_DE,seedfull_r7,9mqr_de_sample_0.cif,0.41477
/mnt/data/admuser/msadepth/compreps/seedrep_cand/protenix/9mqr_DE/d3538/seedfull_r7/results/9mqr_de/seed_0/predictions/9mqr_de_sample_1.cif,9mqr_DE,seedfull_r7,9mqr_de_sample_1.cif,0.40974
/mnt/data/admuser/msadepth/compreps/seedrep_cand/protenix/9mqr_DE/d3538/seedfull_r7/results/9mqr_de/seed_0/predictions/9mqr_de_sample_2.cif,9mqr_DE,seedfull_r7,9mqr_de_sample_2.cif,0.40635
/mnt/data/admuser/msadepth/compreps/seedrep_cand/protenix/9mqr_DE/d3538/seedfull_r7/results/9mqr_de/seed_0/predictions/9mqr_de_sample_3.cif,9mqr_DE,seedfull_r7,9mqr_de_sample_3.cif,0.40553
/mnt/data/admuser/msadepth/compreps/seedrep_cand/protenix/9mqr_DE/d3538/seedfull_r7/results/9mqr_de/seed_0/predictions/9mqr_de_sample_4.cif,9mqr_DE,seedfull_r7,9mqr_de_sample_4.cif,0.40579
/mnt/data/admuser/msadepth/compreps/seedrep_cand/protenix/9w43_AB/d51/seed0_r0/results/9w43_ab/seed_0/predictions/9w43_ab_sample_0.cif,9w43_AB,seed0_r0,9w43_ab_sample_0.cif,0.45158
/mnt/data/admuser/msadepth/compreps/seedrep_cand/protenix/9w43_AB/d51/seed0_r0/results/9w43_ab/seed_0/predictions/9w43_ab_sample_1.cif,9w43_AB,seed0_r0,9w43_ab_sample_1.cif,0.44991
/mnt/data/admuser/msadepth/compreps/seedrep_cand/protenix/9w43_AB/d51/seed0_r0/results/9w43_ab/seed_0/predictions/9w43_ab_sample_2.cif,9w43_AB,seed0_r0,9w43_ab_sample_2.cif,0.44899
/mnt/data/admuser/msadepth/compreps/seedrep_cand/protenix/9w43_AB/d51/seed0_r0/results/9w43_ab/seed_0/predictions/9w43_ab_sample_3.cif,9w43_AB,seed0_r0,9w43_ab_sample_3.cif,0.44608
/mnt/data/admuser/msadepth/compreps/seedrep_cand/protenix/9w43_AB/d51/seed0_r0/results/9w43_ab/seed_0/predictions/9w43_ab_sample_4.cif,9w43_AB,seed0_r0,9w43_ab_sample_4.cif,0.4448
/mnt/data/admuser/msadepth/compreps/seedrep_cand/protenix/9w43_AB/d51/seed0_r1/results/9w43_ab/seed_0/predictions/9w43_ab_sample_0.cif,9w43_AB,seed0_r1,9w43_ab_sample_0.cif,0.45996
/mnt/data/admuser/msadepth/compreps/seedrep_cand/protenix/9w43_AB/d51/seed0_r1/results/9w43_ab/seed_0/predictions/9w43_ab_sample_1.cif,9w43_AB,seed0_r1,9w43_ab_sample_1.cif,0.45861
/mnt/data/admuser/msadepth/compreps/seedrep_cand/protenix/9w43_AB/d51/seed0_r1/results/9w43_ab/seed_0/predictions/9w43_ab_sample_2.cif,9w43_AB,seed0_r1,9w43_ab_sample_2.cif,0.45515
/mnt/data/admuser/msadepth/compreps/seedrep_cand/protenix/9w43_AB/d51/seed0_r1/results/9w43_ab/seed_0/predictions/9w43_ab_sample_3.cif,9w43_AB,seed0_r1,9w43_ab_sample_3.cif,0.45358
/mnt/data/admuser/msadepth/compreps/seedrep_cand/protenix/9w43_AB/d51/seed0_r1/results/9w43_ab/seed_0/predictions/9w43_ab_sample_4.cif,9w43_AB,seed0_r1,9w43_ab_sample_4.cif,0.45354
/mnt/data/admuser/msadepth/compreps/seedrep_cand/protenix/9w43_AB/d51/seed0_r2/results/9w43_ab/seed_0/predictions/9w43_ab_sample_0.cif,9w43_AB,seed0_r2,9w43_ab_sample_0.cif,0.52979
/mnt/data/admuser/msadepth/compreps/seedrep_cand/protenix/9w43_AB/d51/seed0_r2/results/9w43_ab/seed_0/predictions/9w43_ab_sample_1.cif,9w43_AB,seed0_r2,9w43_ab_sample_1.cif,0.52748
/mnt/data/admuser/msadepth/compreps/seedrep_cand/protenix/9w43_AB/d51/seed0_r2/results/9w43_ab/seed_0/predictions/9w43_ab_sample_2.cif,9w43_AB,seed0_r2,9w43_ab_sample_2.cif,0.52282
/mnt/data/admuser/msadepth/compreps/seedrep_cand/protenix/9w43_AB/d51/seed0_r2/results/9w43_ab/seed_0/predictions/9w43_ab_sample_3.cif,9w43_AB,seed0_r2,9w43_ab_sample_3.cif,0.52274
/mnt/data/admuser/msadepth/compreps/seedrep_cand/protenix/9w43_AB/d51/seed0_r2/results/9w43_ab/seed_0/predictions/9w43_ab_sample_4.cif,9w43_AB,seed0_r2,9w43_ab_sample_4.cif,0.52182
/mnt/data/admuser/msadepth/compreps/seedrep_cand/protenix/9w43_AB/d51/seed0_r3/results/9w43_ab/seed_0/predictions/9w43_ab_sample_0.cif,9w43_AB,seed0_r3,9w43_ab_sample_0.cif,0.48538
/mnt/data/admuser/msadepth/compreps/seedrep_cand/protenix/9w43_AB/d51/seed0_r3/results/9w43_ab/seed_0/predictions/9w43_ab_sample_1.cif,9w43_AB,seed0_r3,9w43_ab_sample_1.cif,0.48207
/mnt/data/admuser/msadepth/compreps/seedrep_cand/protenix/9w43_AB/d51/seed0_r3/results/9w43_ab/seed_0/predictions/9w43_ab_sample_2.cif,9w43_AB,seed0_r3,9w43_ab_sample_2.cif,0.48148
/mnt/data/admuser/msadepth/compreps/seedrep_cand/protenix/9w43_AB/d51/seed0_r3/results/9w43_ab/seed_0/predictions/9w43_ab_sample_3.cif,9w43_AB,seed0_r3,9w43_ab_sample_3.cif,0.48116
/mnt/data/admuser/msadepth/compreps/seedrep_cand/protenix/9w43_AB/d51/seed0_r3/results/9w43_ab/seed_0/predictions/9w43_ab_sample_4.cif,9w43_AB,seed0_r3,9w43_ab_sample_4.cif,0.48127
/mnt/data/admuser/msadepth/compreps/seedrep_cand/protenix/9w43_AB/d51/seed1_r0/results/9w43_ab/seed_0/predictions/9w43_ab_sample_0.cif,9w43_AB,seed1_r0,9w43_ab_sample_0.cif,0.43357
/mnt/data/admuser/msadepth/compreps/seedrep_cand/protenix/9w43_AB/d51/seed1_r0/results/9w43_ab/seed_0/predictions/9w43_ab_sample_1.cif,9w43_AB,seed1_r0,9w43_ab_sample_1.cif,0.43022
/mnt/data/admuser/msadepth/compreps/seedrep_cand/protenix/9w43_AB/d51/seed1_r0/results/9w43_ab/seed_0/predictions/9w43_ab_sample_2.cif,9w43_AB,seed1_r0,9w43_ab_sample_2.cif,0.42895
/mnt/data/admuser/msadepth/compreps/seedrep_cand/protenix/9w43_AB/d51/seed1_r0/results/9w43_ab/seed_0/predictions/9w43_ab_sample_3.cif,9w43_AB,seed1_r0,9w43_ab_sample_3.cif,0.42784
/mnt/data/admuser/msadepth/compreps/seedrep_cand/protenix/9w43_AB/d51/seed1_r0/results/9w43_ab/seed_0/predictions/9w43_ab_sample_4.cif,9w43_AB,seed1_r0,9w43_ab_sample_4.cif,0.42087
/mnt/data/admuser/msadepth/compreps/seedrep_cand/protenix/9w43_AB/d51/seed1_r1/results/9w43_ab/seed_0/predictions/9w43_ab_sample_0.cif,9w43_AB,seed1_r1,9w43_ab_sample_0.cif,0.40751
/mnt/data/admuser/msadepth/compreps/seedrep_cand/protenix/9w43_AB/d51/seed1_r1/results/9w43_ab/seed_0/predictions/9w43_ab_sample_1.cif,9w43_AB,seed1_r1,9w43_ab_sample_1.cif,0.4049
/mnt/data/admuser/msadepth/compreps/seedrep_cand/protenix/9w43_AB/d51/seed1_r1/results/9w43_ab/seed_0/predictions/9w43_ab_sample_2.cif,9w43_AB,seed1_r1,9w43_ab_sample_2.cif,0.40332
/mnt/data/admuser/msadepth/compreps/seedrep_cand/protenix/9w43_AB/d51/seed1_r1/results/9w43_ab/seed_0/predictions/9w43_ab_sample_3.cif,9w43_AB,seed1_r1,9w43_ab_sample_3.cif,0.40181
/mnt/data/admuser/msadepth/compreps/seedrep_cand/protenix/9w43_AB/d51/seed1_r1/results/9w43_ab/seed_0/predictions/9w43_ab_sample_4.cif,9w43_AB,seed1_r1,9w43_ab_sample_4.cif,0.40048
/mnt/data/admuser/msadepth/compreps/seedrep_cand/protenix/9w43_AB/d51/seed1_r2/results/9w43_ab/seed_0/predictions/9w43_ab_sample_0.cif,9w43_AB,seed1_r2,9w43_ab_sample_0.cif,0.43003
/mnt/data/admuser/msadepth/compreps/seedrep_cand/protenix/9w43_AB/d51/seed1_r2/results/9w43_ab/seed_0/predictions/9w43_ab_sample_1.cif,9w43_AB,seed1_r2,9w43_ab_sample_1.cif,0.42523
/mnt/data/admuser/msadepth/compreps/seedrep_cand/protenix/9w43_AB/d51/seed1_r2/results/9w43_ab/seed_0/predictions/9w43_ab_sample_2.cif,9w43_AB,seed1_r2,9w43_ab_sample_2.cif,0.42399
/mnt/data/admuser/msadepth/compreps/seedrep_cand/protenix/9w43_AB/d51/seed1_r2/results/9w43_ab/seed_0/predictions/9w43_ab_sample_3.cif,9w43_AB,seed1_r2,9w43_ab_sample_3.cif,0.42385
/mnt/data/admuser/msadepth/compreps/seedrep_cand/protenix/9w43_AB/d51/seed1_r2/results/9w43_ab/seed_0/predictions/9w43_ab_sample_4.cif,9w43_AB,seed1_r2,9w43_ab_sample_4.cif,0.42216
/mnt/data/admuser/msadepth/compreps/seedrep_cand/protenix/9w43_AB/d51/seed1_r3/results/9w43_ab/seed_0/predictions/9w43_ab_sample_0.cif,9w43_AB,seed1_r3,9w43_ab_sample_0.cif,0.40332
/mnt/data/admuser/msadepth/compreps/seedrep_cand/protenix/9w43_AB/d51/seed1_r3/results/9w43_ab/seed_0/predictions/9w43_ab_sample_1.cif,9w43_AB,seed1_r3,9w43_ab_sample_1.cif,0.39546
/mnt/data/admuser/msadepth/compreps/seedrep_cand/protenix/9w43_AB/d51/seed1_r3/results/9w43_ab/seed_0/predictions/9w43_ab_sample_2.cif,9w43_AB,seed1_r3,9w43_ab_sample_2.cif,0.39024
/mnt/data/admuser/msadepth/compreps/seedrep_cand/protenix/9w43_AB/d51/seed1_r3/results/9w43_ab/seed_0/predictions/9w43_ab_sample_3.cif,9w43_AB,seed1_r3,9w43_ab_sample_3.cif,0.39089
/mnt/data/admuser/msadepth/compreps/seedrep_cand/protenix/9w43_AB/d51/seed1_r3/results/9w43_ab/seed_0/predictions/9w43_ab_sample_4.cif,9w43_AB,seed1_r3,9w43_ab_sample_4.cif,0.38697
/mnt/data/admuser/msadepth/compreps/seedrep_cand/protenix/9w43_AB/d51/seed2_r0/results/9w43_ab/seed_0/predictions/9w43_ab_sample_0.cif,9w43_AB,seed2_r0,9w43_ab_sample_0.cif,0.40794
/mnt/data/admuser/msadepth/compreps/seedrep_cand/protenix/9w43_AB/d51/seed2_r0/results/9w43_ab/seed_0/predictions/9w43_ab_sample_1.cif,9w43_AB,seed2_r0,9w43_ab_sample_1.cif,0.40811
/mnt/data/admuser/msadepth/compreps/seedrep_cand/protenix/9w43_AB/d51/seed2_r0/results/9w43_ab/seed_0/predictions/9w43_ab_sample_2.cif,9w43_AB,seed2_r0,9w43_ab_sample_2.cif,0.40599
/mnt/data/admuser/msadepth/compreps/seedrep_cand/protenix/9w43_AB/d51/seed2_r0/results/9w43_ab/seed_0/predictions/9w43_ab_sample_3.cif,9w43_AB,seed2_r0,9w43_ab_sample_3.cif,0.36096
/mnt/data/admuser/msadepth/compreps/seedrep_cand/protenix/9w43_AB/d51/seed2_r0/results/9w43_ab/seed_0/predictions/9w43_ab_sample_4.cif,9w43_AB,seed2_r0,9w43_ab_sample_4.cif,0.34303
/mnt/data/admuser/msadepth/compreps/seedrep_cand/protenix/9w43_AB/d51/seed2_r1/results/9w43_ab/seed_0/predictions/9w43_ab_sample_0.cif,9w43_AB,seed2_r1,9w43_ab_sample_0.cif,0.41882
/mnt/data/admuser/msadepth/compreps/seedrep_cand/protenix/9w43_AB/d51/seed2_r1/results/9w43_ab/seed_0/predictions/9w43_ab_sample_1.cif,9w43_AB,seed2_r1,9w43_ab_sample_1.cif,0.41868
/mnt/data/admuser/msadepth/compreps/seedrep_cand/protenix/9w43_AB/d51/seed2_r1/results/9w43_ab/seed_0/predictions/9w43_ab_sample_2.cif,9w43_AB,seed2_r1,9w43_ab_sample_2.cif,0.41454
/mnt/data/admuser/msadepth/compreps/seedrep_cand/protenix/9w43_AB/d51/seed2_r1/results/9w43_ab/seed_0/predictions/9w43_ab_sample_3.cif,9w43_AB,seed2_r1,9w43_ab_sample_3.cif,0.39772
/mnt/data/admuser/msadepth/compreps/seedrep_cand/protenix/9w43_AB/d51/seed2_r1/results/9w43_ab/seed_0/predictions/9w43_ab_sample_4.cif,9w43_AB,seed2_r1,9w43_ab_sample_4.cif,0.35811
/mnt/data/admuser/msadepth/compreps/seedrep_cand/protenix/9w43_AB/d51/seed2_r2/results/9w43_ab/seed_0/predictions/9w43_ab_sample_0.cif,9w43_AB,seed2_r2,9w43_ab_sample_0.cif,0.42996
/mnt/data/admuser/msadepth/compreps/seedrep_cand/protenix/9w43_AB/d51/seed2_r2/results/9w43_ab/seed_0/predictions/9w43_ab_sample_1.cif,9w43_AB,seed2_r2,9w43_ab_sample_1.cif,0.42761
/mnt/data/admuser/msadepth/compreps/seedrep_cand/protenix/9w43_AB/d51/seed2_r2/results/9w43_ab/seed_0/predictions/9w43_ab_sample_2.cif,9w43_AB,seed2_r2,9w43_ab_sample_2.cif,0.37689
/mnt/data/admuser/msadepth/compreps/seedrep_cand/protenix/9w43_AB/d51/seed2_r2/results/9w43_ab/seed_0/predictions/9w43_ab_sample_3.cif,9w43_AB,seed2_r2,9w43_ab_sample_3.cif,0.37575
/mnt/data/admuser/msadepth/compreps/seedrep_cand/protenix/9w43_AB/d51/seed2_r2/results/9w43_ab/seed_0/predictions/9w43_ab_sample_4.cif,9w43_AB,seed2_r2,9w43_ab_sample_4.cif,0.37136
/mnt/data/admuser/msadepth/compreps/seedrep_cand/protenix/9w43_AB/d51/seed2_r3/results/9w43_ab/seed_0/predictions/9w43_ab_sample_0.cif,9w43_AB,seed2_r3,9w43_ab_sample_0.cif,0.35275
/mnt/data/admuser/msadepth/compreps/seedrep_cand/protenix/9w43_AB/d51/seed2_r3/results/9w43_ab/seed_0/predictions/9w43_ab_sample_1.cif,9w43_AB,seed2_r3,9w43_ab_sample_1.cif,0.35191
/mnt/data/admuser/msadepth/compreps/seedrep_cand/protenix/9w43_AB/d51/seed2_r3/results/9w43_ab/seed_0/predictions/9w43_ab_sample_2.cif,9w43_AB,seed2_r3,9w43_ab_sample_2.cif,0.3469
/mnt/data/admuser/msadepth/compreps/seedrep_cand/protenix/9w43_AB/d51/seed2_r3/results/9w43_ab/seed_0/predictions/9w43_ab_sample_3.cif,9w43_AB,seed2_r3,9w43_ab_sample_3.cif,0.3436
/mnt/data/admuser/msadepth/compreps/seedrep_cand/protenix/9w43_AB/d51/seed2_r3/results/9w43_ab/seed_0/predictions/9w43_ab_sample_4.cif,9w43_AB,seed2_r3,9w43_ab_sample_4.cif,0.23194
/mnt/data/admuser/msadepth/compreps/seedrep_cand/protenix/9w43_AB/d51/seed3_r0/results/9w43_ab/seed_0/predictions/9w43_ab_sample_0.cif,9w43_AB,seed3_r0,9w43_ab_sample_0.cif,0.23358
/mnt/data/admuser/msadepth/compreps/seedrep_cand/protenix/9w43_AB/d51/seed3_r0/results/9w43_ab/seed_0/predictions/9w43_ab_sample_1.cif,9w43_AB,seed3_r0,9w43_ab_sample_1.cif,0.23143
/mnt/data/admuser/msadepth/compreps/seedrep_cand/protenix/9w43_AB/d51/seed3_r0/results/9w43_ab/seed_0/predictions/9w43_ab_sample_2.cif,9w43_AB,seed3_r0,9w43_ab_sample_2.cif,0.231
/mnt/data/admuser/msadepth/compreps/seedrep_cand/protenix/9w43_AB/d51/seed3_r0/results/9w43_ab/seed_0/predictions/9w43_ab_sample_3.cif,9w43_AB,seed3_r0,9w43_ab_sample_3.cif,0.22251
/mnt/data/admuser/msadepth/compreps/seedrep_cand/protenix/9w43_AB/d51/seed3_r0/results/9w43_ab/seed_0/predictions/9w43_ab_sample_4.cif,9w43_AB,seed3_r0,9w43_ab_sample_4.cif,0.19134
/mnt/data/admuser/msadepth/compreps/seedrep_cand/protenix/9w43_AB/d51/seed3_r1/results/9w43_ab/seed_0/predictions/9w43_ab_sample_0.cif,9w43_AB,seed3_r1,9w43_ab_sample_0.cif,0.51959
/mnt/data/admuser/msadepth/compreps/seedrep_cand/protenix/9w43_AB/d51/seed3_r1/results/9w43_ab/seed_0/predictions/9w43_ab_sample_1.cif,9w43_AB,seed3_r1,9w43_ab_sample_1.cif,0.51008
/mnt/data/admuser/msadepth/compreps/seedrep_cand/protenix/9w43_AB/d51/seed3_r1/results/9w43_ab/seed_0/predictions/9w43_ab_sample_2.cif,9w43_AB,seed3_r1,9w43_ab_sample_2.cif,0.50866
/mnt/data/admuser/msadepth/compreps/seedrep_cand/protenix/9w43_AB/d51/seed3_r1/results/9w43_ab/seed_0/predictions/9w43_ab_sample_3.cif,9w43_AB,seed3_r1,9w43_ab_sample_3.cif,0.50266
/mnt/data/admuser/msadepth/compreps/seedrep_cand/protenix/9w43_AB/d51/seed3_r1/results/9w43_ab/seed_0/predictions/9w43_ab_sample_4.cif,9w43_AB,seed3_r1,9w43_ab_sample_4.cif,0.48832
/mnt/data/admuser/msadepth/compreps/seedrep_cand/protenix/9w43_AB/d51/seed3_r2/results/9w43_ab/seed_0/predictions/9w43_ab_sample_0.cif,9w43_AB,seed3_r2,9w43_ab_sample_0.cif,0.2371
/mnt/data/admuser/msadepth/compreps/seedrep_cand/protenix/9w43_AB/d51/seed3_r2/results/9w43_ab/seed_0/predictions/9w43_ab_sample_1.cif,9w43_AB,seed3_r2,9w43_ab_sample_1.cif,0.23377
/mnt/data/admuser/msadepth/compreps/seedrep_cand/protenix/9w43_AB/d51/seed3_r2/results/9w43_ab/seed_0/predictions/9w43_ab_sample_2.cif,9w43_AB,seed3_r2,9w43_ab_sample_2.cif,0.22748
/mnt/data/admuser/msadepth/compreps/seedrep_cand/protenix/9w43_AB/d51/seed3_r2/results/9w43_ab/seed_0/predictions/9w43_ab_sample_3.cif,9w43_AB,seed3_r2,9w43_ab_sample_3.cif,0.22323
/mnt/data/admuser/msadepth/compreps/seedrep_cand/protenix/9w43_AB/d51/seed3_r2/results/9w43_ab/seed_0/predictions/9w43_ab_sample_4.cif,9w43_AB,seed3_r2,9w43_ab_sample_4.cif,0.20987
/mnt/data/admuser/msadepth/compreps/seedrep_cand/protenix/9w43_AB/d51/seed3_r3/results/9w43_ab/seed_0/predictions/9w43_ab_sample_0.cif,9w43_AB,seed3_r3,9w43_ab_sample_0.cif,0.26931
/mnt/data/admuser/msadepth/compreps/seedrep_cand/protenix/9w43_AB/d51/seed3_r3/results/9w43_ab/seed_0/predictions/9w43_ab_sample_1.cif,9w43_AB,seed3_r3,9w43_ab_sample_1.cif,0.25051
/mnt/data/admuser/msadepth/compreps/seedrep_cand/protenix/9w43_AB/d51/seed3_r3/results/9w43_ab/seed_0/predictions/9w43_ab_sample_2.cif,9w43_AB,seed3_r3,9w43_ab_sample_2.cif,0.24138
/mnt/data/admuser/msadepth/compreps/seedrep_cand/protenix/9w43_AB/d51/seed3_r3/results/9w43_ab/seed_0/predictions/9w43_ab_sample_3.cif,9w43_AB,seed3_r3,9w43_ab_sample_3.cif,0.24115
/mnt/data/admuser/msadepth/compreps/seedrep_cand/protenix/9w43_AB/d51/seed3_r3/results/9w43_ab/seed_0/predictions/9w43_ab_sample_4.cif,9w43_AB,seed3_r3,9w43_ab_sample_4.cif,0.23731
/mnt/data/admuser/msadepth/compreps/seedrep_cand/protenix/9w43_AB/d51/seed4_r0/results/9w43_ab/seed_0/predictions/9w43_ab_sample_0.cif,9w43_AB,seed4_r0,9w43_ab_sample_0.cif,0.39505
/mnt/data/admuser/msadepth/compreps/seedrep_cand/protenix/9w43_AB/d51/seed4_r0/results/9w43_ab/seed_0/predictions/9w43_ab_sample_1.cif,9w43_AB,seed4_r0,9w43_ab_sample_1.cif,0.39404
/mnt/data/admuser/msadepth/compreps/seedrep_cand/protenix/9w43_AB/d51/seed4_r0/results/9w43_ab/seed_0/predictions/9w43_ab_sample_2.cif,9w43_AB,seed4_r0,9w43_ab_sample_2.cif,0.39363
/mnt/data/admuser/msadepth/compreps/seedrep_cand/protenix/9w43_AB/d51/seed4_r0/results/9w43_ab/seed_0/predictions/9w43_ab_sample_3.cif,9w43_AB,seed4_r0,9w43_ab_sample_3.cif,0.39139
/mnt/data/admuser/msadepth/compreps/seedrep_cand/protenix/9w43_AB/d51/seed4_r0/results/9w43_ab/seed_0/predictions/9w43_ab_sample_4.cif,9w43_AB,seed4_r0,9w43_ab_sample_4.cif,0.38915
/mnt/data/admuser/msadepth/compreps/seedrep_cand/protenix/9w43_AB/d51/seed4_r1/results/9w43_ab/seed_0/predictions/9w43_ab_sample_0.cif,9w43_AB,seed4_r1,9w43_ab_sample_0.cif,0.62498
/mnt/data/admuser/msadepth/compreps/seedrep_cand/protenix/9w43_AB/d51/seed4_r1/results/9w43_ab/seed_0/predictions/9w43_ab_sample_1.cif,9w43_AB,seed4_r1,9w43_ab_sample_1.cif,0.62142
/mnt/data/admuser/msadepth/compreps/seedrep_cand/protenix/9w43_AB/d51/seed4_r1/results/9w43_ab/seed_0/predictions/9w43_ab_sample_2.cif,9w43_AB,seed4_r1,9w43_ab_sample_2.cif,0.617
/mnt/data/admuser/msadepth/compreps/seedrep_cand/protenix/9w43_AB/d51/seed4_r1/results/9w43_ab/seed_0/predictions/9w43_ab_sample_3.cif,9w43_AB,seed4_r1,9w43_ab_sample_3.cif,0.61045
/mnt/data/admuser/msadepth/compreps/seedrep_cand/protenix/9w43_AB/d51/seed4_r1/results/9w43_ab/seed_0/predictions/9w43_ab_sample_4.cif,9w43_AB,seed4_r1,9w43_ab_sample_4.cif,0.60395
/mnt/data/admuser/msadepth/compreps/seedrep_cand/protenix/9w43_AB/d51/seed4_r2/results/9w43_ab/seed_0/predictions/9w43_ab_sample_0.cif,9w43_AB,seed4_r2,9w43_ab_sample_0.cif,0.54645
/mnt/data/admuser/msadepth/compreps/seedrep_cand/protenix/9w43_AB/d51/seed4_r2/results/9w43_ab/seed_0/predictions/9w43_ab_sample_1.cif,9w43_AB,seed4_r2,9w43_ab_sample_1.cif,0.54501
/mnt/data/admuser/msadepth/compreps/seedrep_cand/protenix/9w43_AB/d51/seed4_r2/results/9w43_ab/seed_0/predictions/9w43_ab_sample_2.cif,9w43_AB,seed4_r2,9w43_ab_sample_2.cif,0.54428
/mnt/data/admuser/msadepth/compreps/seedrep_cand/protenix/9w43_AB/d51/seed4_r2/results/9w43_ab/seed_0/predictions/9w43_ab_sample_3.cif,9w43_AB,seed4_r2,9w43_ab_sample_3.cif,0.53955
/mnt/data/admuser/msadepth/compreps/seedrep_cand/protenix/9w43_AB/d51/seed4_r2/results/9w43_ab/seed_0/predictions/9w43_ab_sample_4.cif,9w43_AB,seed4_r2,9w43_ab_sample_4.cif,0.52666
/mnt/data/admuser/msadepth/compreps/seedrep_cand/protenix/9w43_AB/d51/seed4_r3/results/9w43_ab/seed_0/predictions/9w43_ab_sample_0.cif,9w43_AB,seed4_r3,9w43_ab_sample_0.cif,0.67496
/mnt/data/admuser/msadepth/compreps/seedrep_cand/protenix/9w43_AB/d51/seed4_r3/results/9w43_ab/seed_0/predictions/9w43_ab_sample_1.cif,9w43_AB,seed4_r3,9w43_ab_sample_1.cif,0.67406
/mnt/data/admuser/msadepth/compreps/seedrep_cand/protenix/9w43_AB/d51/seed4_r3/results/9w43_ab/seed_0/predictions/9w43_ab_sample_2.cif,9w43_AB,seed4_r3,9w43_ab_sample_2.cif,0.67204
/mnt/data/admuser/msadepth/compreps/seedrep_cand/protenix/9w43_AB/d51/seed4_r3/results/9w43_ab/seed_0/predictions/9w43_ab_sample_3.cif,9w43_AB,seed4_r3,9w43_ab_sample_3.cif,0.67167
/mnt/data/admuser/msadepth/compreps/seedrep_cand/protenix/9w43_AB/d51/seed4_r3/results/9w43_ab/seed_0/predictions/9w43_ab_sample_4.cif,9w43_AB,seed4_r3,9w43_ab_sample_4.cif,0.6683
/mnt/data/admuser/msadepth/compreps/seedrep_cand/protenix/9w43_AB/d51/seed5_r0/results/9w43_ab/seed_0/predictions/9w43_ab_sample_0.cif,9w43_AB,seed5_r0,9w43_ab_sample_0.cif,0.52303
/mnt/data/admuser/msadepth/compreps/seedrep_cand/protenix/9w43_AB/d51/seed5_r0/results/9w43_ab/seed_0/predictions/9w43_ab_sample_1.cif,9w43_AB,seed5_r0,9w43_ab_sample_1.cif,0.52178
/mnt/data/admuser/msadepth/compreps/seedrep_cand/protenix/9w43_AB/d51/seed5_r0/results/9w43_ab/seed_0/predictions/9w43_ab_sample_2.cif,9w43_AB,seed5_r0,9w43_ab_sample_2.cif,0.52168
/mnt/data/admuser/msadepth/compreps/seedrep_cand/protenix/9w43_AB/d51/seed5_r0/results/9w43_ab/seed_0/predictions/9w43_ab_sample_3.cif,9w43_AB,seed5_r0,9w43_ab_sample_3.cif,0.52141
/mnt/data/admuser/msadepth/compreps/seedrep_cand/protenix/9w43_AB/d51/seed5_r0/results/9w43_ab/seed_0/predictions/9w43_ab_sample_4.cif,9w43_AB,seed5_r0,9w43_ab_sample_4.cif,0.50915
/mnt/data/admuser/msadepth/compreps/seedrep_cand/protenix/9w43_AB/d51/seed5_r1/results/9w43_ab/seed_0/predictions/9w43_ab_sample_0.cif,9w43_AB,seed5_r1,9w43_ab_sample_0.cif,0.50139
/mnt/data/admuser/msadepth/compreps/seedrep_cand/protenix/9w43_AB/d51/seed5_r1/results/9w43_ab/seed_0/predictions/9w43_ab_sample_1.cif,9w43_AB,seed5_r1,9w43_ab_sample_1.cif,0.49823
/mnt/data/admuser/msadepth/compreps/seedrep_cand/protenix/9w43_AB/d51/seed5_r1/results/9w43_ab/seed_0/predictions/9w43_ab_sample_2.cif,9w43_AB,seed5_r1,9w43_ab_sample_2.cif,0.49507
/mnt/data/admuser/msadepth/compreps/seedrep_cand/protenix/9w43_AB/d51/seed5_r1/results/9w43_ab/seed_0/predictions/9w43_ab_sample_3.cif,9w43_AB,seed5_r1,9w43_ab_sample_3.cif,0.49075
/mnt/data/admuser/msadepth/compreps/seedrep_cand/protenix/9w43_AB/d51/seed5_r1/results/9w43_ab/seed_0/predictions/9w43_ab_sample_4.cif,9w43_AB,seed5_r1,9w43_ab_sample_4.cif,0.37952
/mnt/data/admuser/msadepth/compreps/seedrep_cand/protenix/9w43_AB/d51/seed5_r2/results/9w43_ab/seed_0/predictions/9w43_ab_sample_0.cif,9w43_AB,seed5_r2,9w43_ab_sample_0.cif,0.44226
/mnt/data/admuser/msadepth/compreps/seedrep_cand/protenix/9w43_AB/d51/seed5_r2/results/9w43_ab/seed_0/predictions/9w43_ab_sample_1.cif,9w43_AB,seed5_r2,9w43_ab_sample_1.cif,0.44055
/mnt/data/admuser/msadepth/compreps/seedrep_cand/protenix/9w43_AB/d51/seed5_r2/results/9w43_ab/seed_0/predictions/9w43_ab_sample_2.cif,9w43_AB,seed5_r2,9w43_ab_sample_2.cif,0.4404
/mnt/data/admuser/msadepth/compreps/seedrep_cand/protenix/9w43_AB/d51/seed5_r2/results/9w43_ab/seed_0/predictions/9w43_ab_sample_3.cif,9w43_AB,seed5_r2,9w43_ab_sample_3.cif,0.41237
/mnt/data/admuser/msadepth/compreps/seedrep_cand/protenix/9w43_AB/d51/seed5_r2/results/9w43_ab/seed_0/predictions/9w43_ab_sample_4.cif,9w43_AB,seed5_r2,9w43_ab_sample_4.cif,0.40609
/mnt/data/admuser/msadepth/compreps/seedrep_cand/protenix/9w43_AB/d51/seed5_r3/results/9w43_ab/seed_0/predictions/9w43_ab_sample_0.cif,9w43_AB,seed5_r3,9w43_ab_sample_0.cif,0.46178
/mnt/data/admuser/msadepth/compreps/seedrep_cand/protenix/9w43_AB/d51/seed5_r3/results/9w43_ab/seed_0/predictions/9w43_ab_sample_1.cif,9w43_AB,seed5_r3,9w43_ab_sample_1.cif,0.46117
/mnt/data/admuser/msadepth/compreps/seedrep_cand/protenix/9w43_AB/d51/seed5_r3/results/9w43_ab/seed_0/predictions/9w43_ab_sample_2.cif,9w43_AB,seed5_r3,9w43_ab_sample_2.cif,0.45858
/mnt/data/admuser/msadepth/compreps/seedrep_cand/protenix/9w43_AB/d51/seed5_r3/results/9w43_ab/seed_0/predictions/9w43_ab_sample_3.cif,9w43_AB,seed5_r3,9w43_ab_sample_3.cif,0.45601
/mnt/data/admuser/msadepth/compreps/seedrep_cand/protenix/9w43_AB/d51/seed5_r3/results/9w43_ab/seed_0/predictions/9w43_ab_sample_4.cif,9w43_AB,seed5_r3,9w43_ab_sample_4.cif,0.40383
/mnt/data/admuser/msadepth/compreps/seedrep_cand/protenix/9w43_AB/d51/seedfull_r0/results/9w43_ab/seed_0/predictions/9w43_ab_sample_0.cif,9w43_AB,seedfull_r0,9w43_ab_sample_0.cif,0.54415
/mnt/data/admuser/msadepth/compreps/seedrep_cand/protenix/9w43_AB/d51/seedfull_r0/results/9w43_ab/seed_0/predictions/9w43_ab_sample_1.cif,9w43_AB,seedfull_r0,9w43_ab_sample_1.cif,0.5355
/mnt/data/admuser/msadepth/compreps/seedrep_cand/protenix/9w43_AB/d51/seedfull_r0/results/9w43_ab/seed_0/predictions/9w43_ab_sample_2.cif,9w43_AB,seedfull_r0,9w43_ab_sample_2.cif,0.5324
/mnt/data/admuser/msadepth/compreps/seedrep_cand/protenix/9w43_AB/d51/seedfull_r0/results/9w43_ab/seed_0/predictions/9w43_ab_sample_3.cif,9w43_AB,seedfull_r0,9w43_ab_sample_3.cif,0.53224
/mnt/data/admuser/msadepth/compreps/seedrep_cand/protenix/9w43_AB/d51/seedfull_r0/results/9w43_ab/seed_0/predictions/9w43_ab_sample_4.cif,9w43_AB,seedfull_r0,9w43_ab_sample_4.cif,0.5312
/mnt/data/admuser/msadepth/compreps/seedrep_cand/protenix/9w43_AB/d51/seedfull_r1/results/9w43_ab/seed_0/predictions/9w43_ab_sample_0.cif,9w43_AB,seedfull_r1,9w43_ab_sample_0.cif,0.3976
/mnt/data/admuser/msadepth/compreps/seedrep_cand/protenix/9w43_AB/d51/seedfull_r1/results/9w43_ab/seed_0/predictions/9w43_ab_sample_1.cif,9w43_AB,seedfull_r1,9w43_ab_sample_1.cif,0.39417
/mnt/data/admuser/msadepth/compreps/seedrep_cand/protenix/9w43_AB/d51/seedfull_r1/results/9w43_ab/seed_0/predictions/9w43_ab_sample_2.cif,9w43_AB,seedfull_r1,9w43_ab_sample_2.cif,0.39361
/mnt/data/admuser/msadepth/compreps/seedrep_cand/protenix/9w43_AB/d51/seedfull_r1/results/9w43_ab/seed_0/predictions/9w43_ab_sample_3.cif,9w43_AB,seedfull_r1,9w43_ab_sample_3.cif,0.39293
/mnt/data/admuser/msadepth/compreps/seedrep_cand/protenix/9w43_AB/d51/seedfull_r1/results/9w43_ab/seed_0/predictions/9w43_ab_sample_4.cif,9w43_AB,seedfull_r1,9w43_ab_sample_4.cif,0.39235
/mnt/data/admuser/msadepth/compreps/seedrep_cand/protenix/9w43_AB/d51/seedfull_r2/results/9w43_ab/seed_0/predictions/9w43_ab_sample_0.cif,9w43_AB,seedfull_r2,9w43_ab_sample_0.cif,0.49
/mnt/data/admuser/msadepth/compreps/seedrep_cand/protenix/9w43_AB/d51/seedfull_r2/results/9w43_ab/seed_0/predictions/9w43_ab_sample_1.cif,9w43_AB,seedfull_r2,9w43_ab_sample_1.cif,0.48712
/mnt/data/admuser/msadepth/compreps/seedrep_cand/protenix/9w43_AB/d51/seedfull_r2/results/9w43_ab/seed_0/predictions/9w43_ab_sample_2.cif,9w43_AB,seedfull_r2,9w43_ab_sample_2.cif,0.48681
/mnt/data/admuser/msadepth/compreps/seedrep_cand/protenix/9w43_AB/d51/seedfull_r2/results/9w43_ab/seed_0/predictions/9w43_ab_sample_3.cif,9w43_AB,seedfull_r2,9w43_ab_sample_3.cif,0.48513
/mnt/data/admuser/msadepth/compreps/seedrep_cand/protenix/9w43_AB/d51/seedfull_r2/results/9w43_ab/seed_0/predictions/9w43_ab_sample_4.cif,9w43_AB,seedfull_r2,9w43_ab_sample_4.cif,0.48374
/mnt/data/admuser/msadepth/compreps/seedrep_cand/protenix/9w43_AB/d51/seedfull_r3/results/9w43_ab/seed_0/predictions/9w43_ab_sample_0.cif,9w43_AB,seedfull_r3,9w43_ab_sample_0.cif,0.31865
/mnt/data/admuser/msadepth/compreps/seedrep_cand/protenix/9w43_AB/d51/seedfull_r3/results/9w43_ab/seed_0/predictions/9w43_ab_sample_1.cif,9w43_AB,seedfull_r3,9w43_ab_sample_1.cif,0.31638
/mnt/data/admuser/msadepth/compreps/seedrep_cand/protenix/9w43_AB/d51/seedfull_r3/results/9w43_ab/seed_0/predictions/9w43_ab_sample_2.cif,9w43_AB,seedfull_r3,9w43_ab_sample_2.cif,0.31446
/mnt/data/admuser/msadepth/compreps/seedrep_cand/protenix/9w43_AB/d51/seedfull_r3/results/9w43_ab/seed_0/predictions/9w43_ab_sample_3.cif,9w43_AB,seedfull_r3,9w43_ab_sample_3.cif,0.30741
/mnt/data/admuser/msadepth/compreps/seedrep_cand/protenix/9w43_AB/d51/seedfull_r3/results/9w43_ab/seed_0/predictions/9w43_ab_sample_4.cif,9w43_AB,seedfull_r3,9w43_ab_sample_4.cif,0.29217
/mnt/data/admuser/msadepth/compreps/seedrep_cand/protenix/9w43_AB/d51/seedfull_r4/results/9w43_ab/seed_0/predictions/9w43_ab_sample_0.cif,9w43_AB,seedfull_r4,9w43_ab_sample_0.cif,0.3853
/mnt/data/admuser/msadepth/compreps/seedrep_cand/protenix/9w43_AB/d51/seedfull_r4/results/9w43_ab/seed_0/predictions/9w43_ab_sample_1.cif,9w43_AB,seedfull_r4,9w43_ab_sample_1.cif,0.3691
/mnt/data/admuser/msadepth/compreps/seedrep_cand/protenix/9w43_AB/d51/seedfull_r4/results/9w43_ab/seed_0/predictions/9w43_ab_sample_2.cif,9w43_AB,seedfull_r4,9w43_ab_sample_2.cif,0.36552
/mnt/data/admuser/msadepth/compreps/seedrep_cand/protenix/9w43_AB/d51/seedfull_r4/results/9w43_ab/seed_0/predictions/9w43_ab_sample_3.cif,9w43_AB,seedfull_r4,9w43_ab_sample_3.cif,0.36439
/mnt/data/admuser/msadepth/compreps/seedrep_cand/protenix/9w43_AB/d51/seedfull_r4/results/9w43_ab/seed_0/predictions/9w43_ab_sample_4.cif,9w43_AB,seedfull_r4,9w43_ab_sample_4.cif,0.36101
/mnt/data/admuser/msadepth/compreps/seedrep_cand/protenix/9w43_AB/d51/seedfull_r5/results/9w43_ab/seed_0/predictions/9w43_ab_sample_0.cif,9w43_AB,seedfull_r5,9w43_ab_sample_0.cif,0.52885
/mnt/data/admuser/msadepth/compreps/seedrep_cand/protenix/9w43_AB/d51/seedfull_r5/results/9w43_ab/seed_0/predictions/9w43_ab_sample_1.cif,9w43_AB,seedfull_r5,9w43_ab_sample_1.cif,0.52473
/mnt/data/admuser/msadepth/compreps/seedrep_cand/protenix/9w43_AB/d51/seedfull_r5/results/9w43_ab/seed_0/predictions/9w43_ab_sample_2.cif,9w43_AB,seedfull_r5,9w43_ab_sample_2.cif,0.52465
/mnt/data/admuser/msadepth/compreps/seedrep_cand/protenix/9w43_AB/d51/seedfull_r5/results/9w43_ab/seed_0/predictions/9w43_ab_sample_3.cif,9w43_AB,seedfull_r5,9w43_ab_sample_3.cif,0.52155
/mnt/data/admuser/msadepth/compreps/seedrep_cand/protenix/9w43_AB/d51/seedfull_r5/results/9w43_ab/seed_0/predictions/9w43_ab_sample_4.cif,9w43_AB,seedfull_r5,9w43_ab_sample_4.cif,0.5136
/mnt/data/admuser/msadepth/compreps/seedrep_cand/protenix/9w43_AB/d51/seedfull_r6/results/9w43_ab/seed_0/predictions/9w43_ab_sample_0.cif,9w43_AB,seedfull_r6,9w43_ab_sample_0.cif,0.49199
/mnt/data/admuser/msadepth/compreps/seedrep_cand/protenix/9w43_AB/d51/seedfull_r6/results/9w43_ab/seed_0/predictions/9w43_ab_sample_1.cif,9w43_AB,seedfull_r6,9w43_ab_sample_1.cif,0.48784
/mnt/data/admuser/msadepth/compreps/seedrep_cand/protenix/9w43_AB/d51/seedfull_r6/results/9w43_ab/seed_0/predictions/9w43_ab_sample_2.cif,9w43_AB,seedfull_r6,9w43_ab_sample_2.cif,0.48622
/mnt/data/admuser/msadepth/compreps/seedrep_cand/protenix/9w43_AB/d51/seedfull_r6/results/9w43_ab/seed_0/predictions/9w43_ab_sample_3.cif,9w43_AB,seedfull_r6,9w43_ab_sample_3.cif,0.48557
/mnt/data/admuser/msadepth/compreps/seedrep_cand/protenix/9w43_AB/d51/seedfull_r6/results/9w43_ab/seed_0/predictions/9w43_ab_sample_4.cif,9w43_AB,seedfull_r6,9w43_ab_sample_4.cif,0.48238
/mnt/data/admuser/msadepth/compreps/seedrep_cand/protenix/9w43_AB/d51/seedfull_r7/results/9w43_ab/seed_0/predictions/9w43_ab_sample_0.cif,9w43_AB,seedfull_r7,9w43_ab_sample_0.cif,0.51146
/mnt/data/admuser/msadepth/compreps/seedrep_cand/protenix/9w43_AB/d51/seedfull_r7/results/9w43_ab/seed_0/predictions/9w43_ab_sample_1.cif,9w43_AB,seedfull_r7,9w43_ab_sample_1.cif,0.51247
/mnt/data/admuser/msadepth/compreps/seedrep_cand/protenix/9w43_AB/d51/seedfull_r7/results/9w43_ab/seed_0/predictions/9w43_ab_sample_2.cif,9w43_AB,seedfull_r7,9w43_ab_sample_2.cif,0.50934
/mnt/data/admuser/msadepth/compreps/seedrep_cand/protenix/9w43_AB/d51/seedfull_r7/results/9w43_ab/seed_0/predictions/9w43_ab_sample_3.cif,9w43_AB,seedfull_r7,9w43_ab_sample_3.cif,0.50944
/mnt/data/admuser/msadepth/compreps/seedrep_cand/protenix/9w43_AB/d51/seedfull_r7/results/9w43_ab/seed_0/predictions/9w43_ab_sample_4.cif,9w43_AB,seedfull_r7,9w43_ab_sample_4.cif,0.50754
/mnt/data/admuser/msadepth/compreps/seedrep_cand/protenix/9y0a_AB/d289/seed0_r0/results/9y0a_ab/seed_0/predictions/9y0a_ab_sample_0.cif,9y0a_AB,seed0_r0,9y0a_ab_sample_0.cif,0.57572
/mnt/data/admuser/msadepth/compreps/seedrep_cand/protenix/9y0a_AB/d289/seed0_r0/results/9y0a_ab/seed_0/predictions/9y0a_ab_sample_1.cif,9y0a_AB,seed0_r0,9y0a_ab_sample_1.cif,0.57411
/mnt/data/admuser/msadepth/compreps/seedrep_cand/protenix/9y0a_AB/d289/seed0_r0/results/9y0a_ab/seed_0/predictions/9y0a_ab_sample_2.cif,9y0a_AB,seed0_r0,9y0a_ab_sample_2.cif,0.56406
/mnt/data/admuser/msadepth/compreps/seedrep_cand/protenix/9y0a_AB/d289/seed0_r0/results/9y0a_ab/seed_0/predictions/9y0a_ab_sample_3.cif,9y0a_AB,seed0_r0,9y0a_ab_sample_3.cif,0.55894
/mnt/data/admuser/msadepth/compreps/seedrep_cand/protenix/9y0a_AB/d289/seed0_r0/results/9y0a_ab/seed_0/predictions/9y0a_ab_sample_4.cif,9y0a_AB,seed0_r0,9y0a_ab_sample_4.cif,0.5584
/mnt/data/admuser/msadepth/compreps/seedrep_cand/protenix/9y0a_AB/d289/seed0_r1/results/9y0a_ab/seed_0/predictions/9y0a_ab_sample_0.cif,9y0a_AB,seed0_r1,9y0a_ab_sample_0.cif,0.54421
/mnt/data/admuser/msadepth/compreps/seedrep_cand/protenix/9y0a_AB/d289/seed0_r1/results/9y0a_ab/seed_0/predictions/9y0a_ab_sample_1.cif,9y0a_AB,seed0_r1,9y0a_ab_sample_1.cif,0.54316
/mnt/data/admuser/msadepth/compreps/seedrep_cand/protenix/9y0a_AB/d289/seed0_r1/results/9y0a_ab/seed_0/predictions/9y0a_ab_sample_2.cif,9y0a_AB,seed0_r1,9y0a_ab_sample_2.cif,0.5429
/mnt/data/admuser/msadepth/compreps/seedrep_cand/protenix/9y0a_AB/d289/seed0_r1/results/9y0a_ab/seed_0/predictions/9y0a_ab_sample_3.cif,9y0a_AB,seed0_r1,9y0a_ab_sample_3.cif,0.54221
/mnt/data/admuser/msadepth/compreps/seedrep_cand/protenix/9y0a_AB/d289/seed0_r1/results/9y0a_ab/seed_0/predictions/9y0a_ab_sample_4.cif,9y0a_AB,seed0_r1,9y0a_ab_sample_4.cif,0.54188
/mnt/data/admuser/msadepth/compreps/seedrep_cand/protenix/9y0a_AB/d289/seed0_r2/results/9y0a_ab/seed_0/predictions/9y0a_ab_sample_0.cif,9y0a_AB,seed0_r2,9y0a_ab_sample_0.cif,0.53374
/mnt/data/admuser/msadepth/compreps/seedrep_cand/protenix/9y0a_AB/d289/seed0_r2/results/9y0a_ab/seed_0/predictions/9y0a_ab_sample_1.cif,9y0a_AB,seed0_r2,9y0a_ab_sample_1.cif,0.53365
/mnt/data/admuser/msadepth/compreps/seedrep_cand/protenix/9y0a_AB/d289/seed0_r2/results/9y0a_ab/seed_0/predictions/9y0a_ab_sample_2.cif,9y0a_AB,seed0_r2,9y0a_ab_sample_2.cif,0.53239
/mnt/data/admuser/msadepth/compreps/seedrep_cand/protenix/9y0a_AB/d289/seed0_r2/results/9y0a_ab/seed_0/predictions/9y0a_ab_sample_3.cif,9y0a_AB,seed0_r2,9y0a_ab_sample_3.cif,0.53242
/mnt/data/admuser/msadepth/compreps/seedrep_cand/protenix/9y0a_AB/d289/seed0_r2/results/9y0a_ab/seed_0/predictions/9y0a_ab_sample_4.cif,9y0a_AB,seed0_r2,9y0a_ab_sample_4.cif,0.53206
/mnt/data/admuser/msadepth/compreps/seedrep_cand/protenix/9y0a_AB/d289/seed0_r3/results/9y0a_ab/seed_0/predictions/9y0a_ab_sample_0.cif,9y0a_AB,seed0_r3,9y0a_ab_sample_0.cif,0.5562
/mnt/data/admuser/msadepth/compreps/seedrep_cand/protenix/9y0a_AB/d289/seed0_r3/results/9y0a_ab/seed_0/predictions/9y0a_ab_sample_1.cif,9y0a_AB,seed0_r3,9y0a_ab_sample_1.cif,0.55454
/mnt/data/admuser/msadepth/compreps/seedrep_cand/protenix/9y0a_AB/d289/seed0_r3/results/9y0a_ab/seed_0/predictions/9y0a_ab_sample_2.cif,9y0a_AB,seed0_r3,9y0a_ab_sample_2.cif,0.54997
/mnt/data/admuser/msadepth/compreps/seedrep_cand/protenix/9y0a_AB/d289/seed0_r3/results/9y0a_ab/seed_0/predictions/9y0a_ab_sample_3.cif,9y0a_AB,seed0_r3,9y0a_ab_sample_3.cif,0.54886
/mnt/data/admuser/msadepth/compreps/seedrep_cand/protenix/9y0a_AB/d289/seed0_r3/results/9y0a_ab/seed_0/predictions/9y0a_ab_sample_4.cif,9y0a_AB,seed0_r3,9y0a_ab_sample_4.cif,0.5472
/mnt/data/admuser/msadepth/compreps/seedrep_cand/protenix/9y0a_AB/d289/seed1_r0/results/9y0a_ab/seed_0/predictions/9y0a_ab_sample_0.cif,9y0a_AB,seed1_r0,9y0a_ab_sample_0.cif,0.5477
/mnt/data/admuser/msadepth/compreps/seedrep_cand/protenix/9y0a_AB/d289/seed1_r0/results/9y0a_ab/seed_0/predictions/9y0a_ab_sample_1.cif,9y0a_AB,seed1_r0,9y0a_ab_sample_1.cif,0.54534
/mnt/data/admuser/msadepth/compreps/seedrep_cand/protenix/9y0a_AB/d289/seed1_r0/results/9y0a_ab/seed_0/predictions/9y0a_ab_sample_2.cif,9y0a_AB,seed1_r0,9y0a_ab_sample_2.cif,0.54528
/mnt/data/admuser/msadepth/compreps/seedrep_cand/protenix/9y0a_AB/d289/seed1_r0/results/9y0a_ab/seed_0/predictions/9y0a_ab_sample_3.cif,9y0a_AB,seed1_r0,9y0a_ab_sample_3.cif,0.54514
/mnt/data/admuser/msadepth/compreps/seedrep_cand/protenix/9y0a_AB/d289/seed1_r0/results/9y0a_ab/seed_0/predictions/9y0a_ab_sample_4.cif,9y0a_AB,seed1_r0,9y0a_ab_sample_4.cif,0.54339
/mnt/data/admuser/msadepth/compreps/seedrep_cand/protenix/9y0a_AB/d289/seed1_r1/results/9y0a_ab/seed_0/predictions/9y0a_ab_sample_0.cif,9y0a_AB,seed1_r1,9y0a_ab_sample_0.cif,0.56783
/mnt/data/admuser/msadepth/compreps/seedrep_cand/protenix/9y0a_AB/d289/seed1_r1/results/9y0a_ab/seed_0/predictions/9y0a_ab_sample_1.cif,9y0a_AB,seed1_r1,9y0a_ab_sample_1.cif,0.56604
/mnt/data/admuser/msadepth/compreps/seedrep_cand/protenix/9y0a_AB/d289/seed1_r1/results/9y0a_ab/seed_0/predictions/9y0a_ab_sample_2.cif,9y0a_AB,seed1_r1,9y0a_ab_sample_2.cif,0.56216
/mnt/data/admuser/msadepth/compreps/seedrep_cand/protenix/9y0a_AB/d289/seed1_r1/results/9y0a_ab/seed_0/predictions/9y0a_ab_sample_3.cif,9y0a_AB,seed1_r1,9y0a_ab_sample_3.cif,0.56116
/mnt/data/admuser/msadepth/compreps/seedrep_cand/protenix/9y0a_AB/d289/seed1_r1/results/9y0a_ab/seed_0/predictions/9y0a_ab_sample_4.cif,9y0a_AB,seed1_r1,9y0a_ab_sample_4.cif,0.55957
/mnt/data/admuser/msadepth/compreps/seedrep_cand/protenix/9y0a_AB/d289/seed1_r2/results/9y0a_ab/seed_0/predictions/9y0a_ab_sample_0.cif,9y0a_AB,seed1_r2,9y0a_ab_sample_0.cif,0.53841
/mnt/data/admuser/msadepth/compreps/seedrep_cand/protenix/9y0a_AB/d289/seed1_r2/results/9y0a_ab/seed_0/predictions/9y0a_ab_sample_1.cif,9y0a_AB,seed1_r2,9y0a_ab_sample_1.cif,0.53744
/mnt/data/admuser/msadepth/compreps/seedrep_cand/protenix/9y0a_AB/d289/seed1_r2/results/9y0a_ab/seed_0/predictions/9y0a_ab_sample_2.cif,9y0a_AB,seed1_r2,9y0a_ab_sample_2.cif,0.53656
/mnt/data/admuser/msadepth/compreps/seedrep_cand/protenix/9y0a_AB/d289/seed1_r2/results/9y0a_ab/seed_0/predictions/9y0a_ab_sample_3.cif,9y0a_AB,seed1_r2,9y0a_ab_sample_3.cif,0.53396
/mnt/data/admuser/msadepth/compreps/seedrep_cand/protenix/9y0a_AB/d289/seed1_r2/results/9y0a_ab/seed_0/predictions/9y0a_ab_sample_4.cif,9y0a_AB,seed1_r2,9y0a_ab_sample_4.cif,0.53332
/mnt/data/admuser/msadepth/compreps/seedrep_cand/protenix/9y0a_AB/d289/seed1_r3/results/9y0a_ab/seed_0/predictions/9y0a_ab_sample_0.cif,9y0a_AB,seed1_r3,9y0a_ab_sample_0.cif,0.55152
/mnt/data/admuser/msadepth/compreps/seedrep_cand/protenix/9y0a_AB/d289/seed1_r3/results/9y0a_ab/seed_0/predictions/9y0a_ab_sample_1.cif,9y0a_AB,seed1_r3,9y0a_ab_sample_1.cif,0.54996
/mnt/data/admuser/msadepth/compreps/seedrep_cand/protenix/9y0a_AB/d289/seed1_r3/results/9y0a_ab/seed_0/predictions/9y0a_ab_sample_2.cif,9y0a_AB,seed1_r3,9y0a_ab_sample_2.cif,0.54957
/mnt/data/admuser/msadepth/compreps/seedrep_cand/protenix/9y0a_AB/d289/seed1_r3/results/9y0a_ab/seed_0/predictions/9y0a_ab_sample_3.cif,9y0a_AB,seed1_r3,9y0a_ab_sample_3.cif,0.54846
/mnt/data/admuser/msadepth/compreps/seedrep_cand/protenix/9y0a_AB/d289/seed1_r3/results/9y0a_ab/seed_0/predictions/9y0a_ab_sample_4.cif,9y0a_AB,seed1_r3,9y0a_ab_sample_4.cif,0.54787
/mnt/data/admuser/msadepth/compreps/seedrep_cand/protenix/9y0a_AB/d289/seed2_r0/results/9y0a_ab/seed_0/predictions/9y0a_ab_sample_0.cif,9y0a_AB,seed2_r0,9y0a_ab_sample_0.cif,0.54927
/mnt/data/admuser/msadepth/compreps/seedrep_cand/protenix/9y0a_AB/d289/seed2_r0/results/9y0a_ab/seed_0/predictions/9y0a_ab_sample_1.cif,9y0a_AB,seed2_r0,9y0a_ab_sample_1.cif,0.54906
/mnt/data/admuser/msadepth/compreps/seedrep_cand/protenix/9y0a_AB/d289/seed2_r0/results/9y0a_ab/seed_0/predictions/9y0a_ab_sample_2.cif,9y0a_AB,seed2_r0,9y0a_ab_sample_2.cif,0.54748
/mnt/data/admuser/msadepth/compreps/seedrep_cand/protenix/9y0a_AB/d289/seed2_r0/results/9y0a_ab/seed_0/predictions/9y0a_ab_sample_3.cif,9y0a_AB,seed2_r0,9y0a_ab_sample_3.cif,0.54557
/mnt/data/admuser/msadepth/compreps/seedrep_cand/protenix/9y0a_AB/d289/seed2_r0/results/9y0a_ab/seed_0/predictions/9y0a_ab_sample_4.cif,9y0a_AB,seed2_r0,9y0a_ab_sample_4.cif,0.5424
/mnt/data/admuser/msadepth/compreps/seedrep_cand/protenix/9y0a_AB/d289/seed2_r1/results/9y0a_ab/seed_0/predictions/9y0a_ab_sample_0.cif,9y0a_AB,seed2_r1,9y0a_ab_sample_0.cif,0.56792
/mnt/data/admuser/msadepth/compreps/seedrep_cand/protenix/9y0a_AB/d289/seed2_r1/results/9y0a_ab/seed_0/predictions/9y0a_ab_sample_1.cif,9y0a_AB,seed2_r1,9y0a_ab_sample_1.cif,0.56811
/mnt/data/admuser/msadepth/compreps/seedrep_cand/protenix/9y0a_AB/d289/seed2_r1/results/9y0a_ab/seed_0/predictions/9y0a_ab_sample_2.cif,9y0a_AB,seed2_r1,9y0a_ab_sample_2.cif,0.56805
/mnt/data/admuser/msadepth/compreps/seedrep_cand/protenix/9y0a_AB/d289/seed2_r1/results/9y0a_ab/seed_0/predictions/9y0a_ab_sample_3.cif,9y0a_AB,seed2_r1,9y0a_ab_sample_3.cif,0.56738
/mnt/data/admuser/msadepth/compreps/seedrep_cand/protenix/9y0a_AB/d289/seed2_r1/results/9y0a_ab/seed_0/predictions/9y0a_ab_sample_4.cif,9y0a_AB,seed2_r1,9y0a_ab_sample_4.cif,0.56588
/mnt/data/admuser/msadepth/compreps/seedrep_cand/protenix/9y0a_AB/d289/seed2_r2/results/9y0a_ab/seed_0/predictions/9y0a_ab_sample_0.cif,9y0a_AB,seed2_r2,9y0a_ab_sample_0.cif,0.54186
/mnt/data/admuser/msadepth/compreps/seedrep_cand/protenix/9y0a_AB/d289/seed2_r2/results/9y0a_ab/seed_0/predictions/9y0a_ab_sample_1.cif,9y0a_AB,seed2_r2,9y0a_ab_sample_1.cif,0.5423
/mnt/data/admuser/msadepth/compreps/seedrep_cand/protenix/9y0a_AB/d289/seed2_r2/results/9y0a_ab/seed_0/predictions/9y0a_ab_sample_2.cif,9y0a_AB,seed2_r2,9y0a_ab_sample_2.cif,0.54094
/mnt/data/admuser/msadepth/compreps/seedrep_cand/protenix/9y0a_AB/d289/seed2_r2/results/9y0a_ab/seed_0/predictions/9y0a_ab_sample_3.cif,9y0a_AB,seed2_r2,9y0a_ab_sample_3.cif,0.54064
/mnt/data/admuser/msadepth/compreps/seedrep_cand/protenix/9y0a_AB/d289/seed2_r2/results/9y0a_ab/seed_0/predictions/9y0a_ab_sample_4.cif,9y0a_AB,seed2_r2,9y0a_ab_sample_4.cif,0.54019
/mnt/data/admuser/msadepth/compreps/seedrep_cand/protenix/9y0a_AB/d289/seed2_r3/results/9y0a_ab/seed_0/predictions/9y0a_ab_sample_0.cif,9y0a_AB,seed2_r3,9y0a_ab_sample_0.cif,0.51699
/mnt/data/admuser/msadepth/compreps/seedrep_cand/protenix/9y0a_AB/d289/seed2_r3/results/9y0a_ab/seed_0/predictions/9y0a_ab_sample_1.cif,9y0a_AB,seed2_r3,9y0a_ab_sample_1.cif,0.51664
/mnt/data/admuser/msadepth/compreps/seedrep_cand/protenix/9y0a_AB/d289/seed2_r3/results/9y0a_ab/seed_0/predictions/9y0a_ab_sample_2.cif,9y0a_AB,seed2_r3,9y0a_ab_sample_2.cif,0.5153
/mnt/data/admuser/msadepth/compreps/seedrep_cand/protenix/9y0a_AB/d289/seed2_r3/results/9y0a_ab/seed_0/predictions/9y0a_ab_sample_3.cif,9y0a_AB,seed2_r3,9y0a_ab_sample_3.cif,0.51445
/mnt/data/admuser/msadepth/compreps/seedrep_cand/protenix/9y0a_AB/d289/seed2_r3/results/9y0a_ab/seed_0/predictions/9y0a_ab_sample_4.cif,9y0a_AB,seed2_r3,9y0a_ab_sample_4.cif,0.51439
/mnt/data/admuser/msadepth/compreps/seedrep_cand/protenix/9y0a_AB/d289/seed3_r0/results/9y0a_ab/seed_0/predictions/9y0a_ab_sample_0.cif,9y0a_AB,seed3_r0,9y0a_ab_sample_0.cif,0.40776
/mnt/data/admuser/msadepth/compreps/seedrep_cand/protenix/9y0a_AB/d289/seed3_r0/results/9y0a_ab/seed_0/predictions/9y0a_ab_sample_1.cif,9y0a_AB,seed3_r0,9y0a_ab_sample_1.cif,0.40657
/mnt/data/admuser/msadepth/compreps/seedrep_cand/protenix/9y0a_AB/d289/seed3_r0/results/9y0a_ab/seed_0/predictions/9y0a_ab_sample_2.cif,9y0a_AB,seed3_r0,9y0a_ab_sample_2.cif,0.40585
/mnt/data/admuser/msadepth/compreps/seedrep_cand/protenix/9y0a_AB/d289/seed3_r0/results/9y0a_ab/seed_0/predictions/9y0a_ab_sample_3.cif,9y0a_AB,seed3_r0,9y0a_ab_sample_3.cif,0.4046
/mnt/data/admuser/msadepth/compreps/seedrep_cand/protenix/9y0a_AB/d289/seed3_r0/results/9y0a_ab/seed_0/predictions/9y0a_ab_sample_4.cif,9y0a_AB,seed3_r0,9y0a_ab_sample_4.cif,0.40485
/mnt/data/admuser/msadepth/compreps/seedrep_cand/protenix/9y0a_AB/d289/seed3_r1/results/9y0a_ab/seed_0/predictions/9y0a_ab_sample_0.cif,9y0a_AB,seed3_r1,9y0a_ab_sample_0.cif,0.56655
/mnt/data/admuser/msadepth/compreps/seedrep_cand/protenix/9y0a_AB/d289/seed3_r1/results/9y0a_ab/seed_0/predictions/9y0a_ab_sample_1.cif,9y0a_AB,seed3_r1,9y0a_ab_sample_1.cif,0.56604
/mnt/data/admuser/msadepth/compreps/seedrep_cand/protenix/9y0a_AB/d289/seed3_r1/results/9y0a_ab/seed_0/predictions/9y0a_ab_sample_2.cif,9y0a_AB,seed3_r1,9y0a_ab_sample_2.cif,0.56475
/mnt/data/admuser/msadepth/compreps/seedrep_cand/protenix/9y0a_AB/d289/seed3_r1/results/9y0a_ab/seed_0/predictions/9y0a_ab_sample_3.cif,9y0a_AB,seed3_r1,9y0a_ab_sample_3.cif,0.56353
/mnt/data/admuser/msadepth/compreps/seedrep_cand/protenix/9y0a_AB/d289/seed3_r1/results/9y0a_ab/seed_0/predictions/9y0a_ab_sample_4.cif,9y0a_AB,seed3_r1,9y0a_ab_sample_4.cif,0.56104
/mnt/data/admuser/msadepth/compreps/seedrep_cand/protenix/9y0a_AB/d289/seed3_r2/results/9y0a_ab/seed_0/predictions/9y0a_ab_sample_0.cif,9y0a_AB,seed3_r2,9y0a_ab_sample_0.cif,0.49072
/mnt/data/admuser/msadepth/compreps/seedrep_cand/protenix/9y0a_AB/d289/seed3_r2/results/9y0a_ab/seed_0/predictions/9y0a_ab_sample_1.cif,9y0a_AB,seed3_r2,9y0a_ab_sample_1.cif,0.49055
/mnt/data/admuser/msadepth/compreps/seedrep_cand/protenix/9y0a_AB/d289/seed3_r2/results/9y0a_ab/seed_0/predictions/9y0a_ab_sample_2.cif,9y0a_AB,seed3_r2,9y0a_ab_sample_2.cif,0.48946
/mnt/data/admuser/msadepth/compreps/seedrep_cand/protenix/9y0a_AB/d289/seed3_r2/results/9y0a_ab/seed_0/predictions/9y0a_ab_sample_3.cif,9y0a_AB,seed3_r2,9y0a_ab_sample_3.cif,0.48913
/mnt/data/admuser/msadepth/compreps/seedrep_cand/protenix/9y0a_AB/d289/seed3_r2/results/9y0a_ab/seed_0/predictions/9y0a_ab_sample_4.cif,9y0a_AB,seed3_r2,9y0a_ab_sample_4.cif,0.48619
/mnt/data/admuser/msadepth/compreps/seedrep_cand/protenix/9y0a_AB/d289/seed3_r3/results/9y0a_ab/seed_0/predictions/9y0a_ab_sample_0.cif,9y0a_AB,seed3_r3,9y0a_ab_sample_0.cif,0.3975
/mnt/data/admuser/msadepth/compreps/seedrep_cand/protenix/9y0a_AB/d289/seed3_r3/results/9y0a_ab/seed_0/predictions/9y0a_ab_sample_1.cif,9y0a_AB,seed3_r3,9y0a_ab_sample_1.cif,0.39534
/mnt/data/admuser/msadepth/compreps/seedrep_cand/protenix/9y0a_AB/d289/seed3_r3/results/9y0a_ab/seed_0/predictions/9y0a_ab_sample_2.cif,9y0a_AB,seed3_r3,9y0a_ab_sample_2.cif,0.39462
/mnt/data/admuser/msadepth/compreps/seedrep_cand/protenix/9y0a_AB/d289/seed3_r3/results/9y0a_ab/seed_0/predictions/9y0a_ab_sample_3.cif,9y0a_AB,seed3_r3,9y0a_ab_sample_3.cif,0.39433
/mnt/data/admuser/msadepth/compreps/seedrep_cand/protenix/9y0a_AB/d289/seed3_r3/results/9y0a_ab/seed_0/predictions/9y0a_ab_sample_4.cif,9y0a_AB,seed3_r3,9y0a_ab_sample_4.cif,0.39456
/mnt/data/admuser/msadepth/compreps/seedrep_cand/protenix/9y0a_AB/d289/seed4_r0/results/9y0a_ab/seed_0/predictions/9y0a_ab_sample_0.cif,9y0a_AB,seed4_r0,9y0a_ab_sample_0.cif,0.53268
/mnt/data/admuser/msadepth/compreps/seedrep_cand/protenix/9y0a_AB/d289/seed4_r0/results/9y0a_ab/seed_0/predictions/9y0a_ab_sample_1.cif,9y0a_AB,seed4_r0,9y0a_ab_sample_1.cif,0.53287
/mnt/data/admuser/msadepth/compreps/seedrep_cand/protenix/9y0a_AB/d289/seed4_r0/results/9y0a_ab/seed_0/predictions/9y0a_ab_sample_2.cif,9y0a_AB,seed4_r0,9y0a_ab_sample_2.cif,0.53178
/mnt/data/admuser/msadepth/compreps/seedrep_cand/protenix/9y0a_AB/d289/seed4_r0/results/9y0a_ab/seed_0/predictions/9y0a_ab_sample_3.cif,9y0a_AB,seed4_r0,9y0a_ab_sample_3.cif,0.53168
/mnt/data/admuser/msadepth/compreps/seedrep_cand/protenix/9y0a_AB/d289/seed4_r0/results/9y0a_ab/seed_0/predictions/9y0a_ab_sample_4.cif,9y0a_AB,seed4_r0,9y0a_ab_sample_4.cif,0.5315
/mnt/data/admuser/msadepth/compreps/seedrep_cand/protenix/9y0a_AB/d289/seed4_r1/results/9y0a_ab/seed_0/predictions/9y0a_ab_sample_0.cif,9y0a_AB,seed4_r1,9y0a_ab_sample_0.cif,0.52964
/mnt/data/admuser/msadepth/compreps/seedrep_cand/protenix/9y0a_AB/d289/seed4_r1/results/9y0a_ab/seed_0/predictions/9y0a_ab_sample_1.cif,9y0a_AB,seed4_r1,9y0a_ab_sample_1.cif,0.52917
/mnt/data/admuser/msadepth/compreps/seedrep_cand/protenix/9y0a_AB/d289/seed4_r1/results/9y0a_ab/seed_0/predictions/9y0a_ab_sample_2.cif,9y0a_AB,seed4_r1,9y0a_ab_sample_2.cif,0.52902
/mnt/data/admuser/msadepth/compreps/seedrep_cand/protenix/9y0a_AB/d289/seed4_r1/results/9y0a_ab/seed_0/predictions/9y0a_ab_sample_3.cif,9y0a_AB,seed4_r1,9y0a_ab_sample_3.cif,0.52872
/mnt/data/admuser/msadepth/compreps/seedrep_cand/protenix/9y0a_AB/d289/seed4_r1/results/9y0a_ab/seed_0/predictions/9y0a_ab_sample_4.cif,9y0a_AB,seed4_r1,9y0a_ab_sample_4.cif,0.5286
/mnt/data/admuser/msadepth/compreps/seedrep_cand/protenix/9y0a_AB/d289/seed4_r2/results/9y0a_ab/seed_0/predictions/9y0a_ab_sample_0.cif,9y0a_AB,seed4_r2,9y0a_ab_sample_0.cif,0.56532
/mnt/data/admuser/msadepth/compreps/seedrep_cand/protenix/9y0a_AB/d289/seed4_r2/results/9y0a_ab/seed_0/predictions/9y0a_ab_sample_1.cif,9y0a_AB,seed4_r2,9y0a_ab_sample_1.cif,0.56457
/mnt/data/admuser/msadepth/compreps/seedrep_cand/protenix/9y0a_AB/d289/seed4_r2/results/9y0a_ab/seed_0/predictions/9y0a_ab_sample_2.cif,9y0a_AB,seed4_r2,9y0a_ab_sample_2.cif,0.5643
/mnt/data/admuser/msadepth/compreps/seedrep_cand/protenix/9y0a_AB/d289/seed4_r2/results/9y0a_ab/seed_0/predictions/9y0a_ab_sample_3.cif,9y0a_AB,seed4_r2,9y0a_ab_sample_3.cif,0.56318
/mnt/data/admuser/msadepth/compreps/seedrep_cand/protenix/9y0a_AB/d289/seed4_r2/results/9y0a_ab/seed_0/predictions/9y0a_ab_sample_4.cif,9y0a_AB,seed4_r2,9y0a_ab_sample_4.cif,0.56288
/mnt/data/admuser/msadepth/compreps/seedrep_cand/protenix/9y0a_AB/d289/seed4_r3/results/9y0a_ab/seed_0/predictions/9y0a_ab_sample_0.cif,9y0a_AB,seed4_r3,9y0a_ab_sample_0.cif,0.48534
/mnt/data/admuser/msadepth/compreps/seedrep_cand/protenix/9y0a_AB/d289/seed4_r3/results/9y0a_ab/seed_0/predictions/9y0a_ab_sample_1.cif,9y0a_AB,seed4_r3,9y0a_ab_sample_1.cif,0.48454
/mnt/data/admuser/msadepth/compreps/seedrep_cand/protenix/9y0a_AB/d289/seed4_r3/results/9y0a_ab/seed_0/predictions/9y0a_ab_sample_2.cif,9y0a_AB,seed4_r3,9y0a_ab_sample_2.cif,0.48365
/mnt/data/admuser/msadepth/compreps/seedrep_cand/protenix/9y0a_AB/d289/seed4_r3/results/9y0a_ab/seed_0/predictions/9y0a_ab_sample_3.cif,9y0a_AB,seed4_r3,9y0a_ab_sample_3.cif,0.48371
/mnt/data/admuser/msadepth/compreps/seedrep_cand/protenix/9y0a_AB/d289/seed4_r3/results/9y0a_ab/seed_0/predictions/9y0a_ab_sample_4.cif,9y0a_AB,seed4_r3,9y0a_ab_sample_4.cif,0.48191
/mnt/data/admuser/msadepth/compreps/seedrep_cand/protenix/9y0a_AB/d289/seed5_r0/results/9y0a_ab/seed_0/predictions/9y0a_ab_sample_0.cif,9y0a_AB,seed5_r0,9y0a_ab_sample_0.cif,0.55911
/mnt/data/admuser/msadepth/compreps/seedrep_cand/protenix/9y0a_AB/d289/seed5_r0/results/9y0a_ab/seed_0/predictions/9y0a_ab_sample_1.cif,9y0a_AB,seed5_r0,9y0a_ab_sample_1.cif,0.55776
/mnt/data/admuser/msadepth/compreps/seedrep_cand/protenix/9y0a_AB/d289/seed5_r0/results/9y0a_ab/seed_0/predictions/9y0a_ab_sample_2.cif,9y0a_AB,seed5_r0,9y0a_ab_sample_2.cif,0.55739
/mnt/data/admuser/msadepth/compreps/seedrep_cand/protenix/9y0a_AB/d289/seed5_r0/results/9y0a_ab/seed_0/predictions/9y0a_ab_sample_3.cif,9y0a_AB,seed5_r0,9y0a_ab_sample_3.cif,0.55468
/mnt/data/admuser/msadepth/compreps/seedrep_cand/protenix/9y0a_AB/d289/seed5_r0/results/9y0a_ab/seed_0/predictions/9y0a_ab_sample_4.cif,9y0a_AB,seed5_r0,9y0a_ab_sample_4.cif,0.55361
/mnt/data/admuser/msadepth/compreps/seedrep_cand/protenix/9y0a_AB/d289/seed5_r1/results/9y0a_ab/seed_0/predictions/9y0a_ab_sample_0.cif,9y0a_AB,seed5_r1,9y0a_ab_sample_0.cif,0.5017
/mnt/data/admuser/msadepth/compreps/seedrep_cand/protenix/9y0a_AB/d289/seed5_r1/results/9y0a_ab/seed_0/predictions/9y0a_ab_sample_1.cif,9y0a_AB,seed5_r1,9y0a_ab_sample_1.cif,0.50123
/mnt/data/admuser/msadepth/compreps/seedrep_cand/protenix/9y0a_AB/d289/seed5_r1/results/9y0a_ab/seed_0/predictions/9y0a_ab_sample_2.cif,9y0a_AB,seed5_r1,9y0a_ab_sample_2.cif,0.49556
/mnt/data/admuser/msadepth/compreps/seedrep_cand/protenix/9y0a_AB/d289/seed5_r1/results/9y0a_ab/seed_0/predictions/9y0a_ab_sample_3.cif,9y0a_AB,seed5_r1,9y0a_ab_sample_3.cif,0.49169
/mnt/data/admuser/msadepth/compreps/seedrep_cand/protenix/9y0a_AB/d289/seed5_r1/results/9y0a_ab/seed_0/predictions/9y0a_ab_sample_4.cif,9y0a_AB,seed5_r1,9y0a_ab_sample_4.cif,0.48759
/mnt/data/admuser/msadepth/compreps/seedrep_cand/protenix/9y0a_AB/d289/seed5_r2/results/9y0a_ab/seed_0/predictions/9y0a_ab_sample_0.cif,9y0a_AB,seed5_r2,9y0a_ab_sample_0.cif,0.55653
/mnt/data/admuser/msadepth/compreps/seedrep_cand/protenix/9y0a_AB/d289/seed5_r2/results/9y0a_ab/seed_0/predictions/9y0a_ab_sample_1.cif,9y0a_AB,seed5_r2,9y0a_ab_sample_1.cif,0.5558
/mnt/data/admuser/msadepth/compreps/seedrep_cand/protenix/9y0a_AB/d289/seed5_r2/results/9y0a_ab/seed_0/predictions/9y0a_ab_sample_2.cif,9y0a_AB,seed5_r2,9y0a_ab_sample_2.cif,0.55579
/mnt/data/admuser/msadepth/compreps/seedrep_cand/protenix/9y0a_AB/d289/seed5_r2/results/9y0a_ab/seed_0/predictions/9y0a_ab_sample_3.cif,9y0a_AB,seed5_r2,9y0a_ab_sample_3.cif,0.55457
/mnt/data/admuser/msadepth/compreps/seedrep_cand/protenix/9y0a_AB/d289/seed5_r2/results/9y0a_ab/seed_0/predictions/9y0a_ab_sample_4.cif,9y0a_AB,seed5_r2,9y0a_ab_sample_4.cif,0.55395
/mnt/data/admuser/msadepth/compreps/seedrep_cand/protenix/9y0a_AB/d289/seed5_r3/results/9y0a_ab/seed_0/predictions/9y0a_ab_sample_0.cif,9y0a_AB,seed5_r3,9y0a_ab_sample_0.cif,0.53968
/mnt/data/admuser/msadepth/compreps/seedrep_cand/protenix/9y0a_AB/d289/seed5_r3/results/9y0a_ab/seed_0/predictions/9y0a_ab_sample_1.cif,9y0a_AB,seed5_r3,9y0a_ab_sample_1.cif,0.53863
/mnt/data/admuser/msadepth/compreps/seedrep_cand/protenix/9y0a_AB/d289/seed5_r3/results/9y0a_ab/seed_0/predictions/9y0a_ab_sample_2.cif,9y0a_AB,seed5_r3,9y0a_ab_sample_2.cif,0.53674
/mnt/data/admuser/msadepth/compreps/seedrep_cand/protenix/9y0a_AB/d289/seed5_r3/results/9y0a_ab/seed_0/predictions/9y0a_ab_sample_3.cif,9y0a_AB,seed5_r3,9y0a_ab_sample_3.cif,0.5365
/mnt/data/admuser/msadepth/compreps/seedrep_cand/protenix/9y0a_AB/d289/seed5_r3/results/9y0a_ab/seed_0/predictions/9y0a_ab_sample_4.cif,9y0a_AB,seed5_r3,9y0a_ab_sample_4.cif,0.53565
/mnt/data/admuser/msadepth/compreps/seedrep_cand/protenix/9y0a_AB/d289/seedfull_r0/results/9y0a_ab/seed_0/predictions/9y0a_ab_sample_0.cif,9y0a_AB,seedfull_r0,9y0a_ab_sample_0.cif,0.47001
/mnt/data/admuser/msadepth/compreps/seedrep_cand/protenix/9y0a_AB/d289/seedfull_r0/results/9y0a_ab/seed_0/predictions/9y0a_ab_sample_1.cif,9y0a_AB,seedfull_r0,9y0a_ab_sample_1.cif,0.46992
/mnt/data/admuser/msadepth/compreps/seedrep_cand/protenix/9y0a_AB/d289/seedfull_r0/results/9y0a_ab/seed_0/predictions/9y0a_ab_sample_2.cif,9y0a_AB,seedfull_r0,9y0a_ab_sample_2.cif,0.46855
/mnt/data/admuser/msadepth/compreps/seedrep_cand/protenix/9y0a_AB/d289/seedfull_r0/results/9y0a_ab/seed_0/predictions/9y0a_ab_sample_3.cif,9y0a_AB,seedfull_r0,9y0a_ab_sample_3.cif,0.46713
/mnt/data/admuser/msadepth/compreps/seedrep_cand/protenix/9y0a_AB/d289/seedfull_r0/results/9y0a_ab/seed_0/predictions/9y0a_ab_sample_4.cif,9y0a_AB,seedfull_r0,9y0a_ab_sample_4.cif,0.46589
/mnt/data/admuser/msadepth/compreps/seedrep_cand/protenix/9y0a_AB/d289/seedfull_r1/results/9y0a_ab/seed_0/predictions/9y0a_ab_sample_0.cif,9y0a_AB,seedfull_r1,9y0a_ab_sample_0.cif,0.56588
/mnt/data/admuser/msadepth/compreps/seedrep_cand/protenix/9y0a_AB/d289/seedfull_r1/results/9y0a_ab/seed_0/predictions/9y0a_ab_sample_1.cif,9y0a_AB,seedfull_r1,9y0a_ab_sample_1.cif,0.56279
/mnt/data/admuser/msadepth/compreps/seedrep_cand/protenix/9y0a_AB/d289/seedfull_r1/results/9y0a_ab/seed_0/predictions/9y0a_ab_sample_2.cif,9y0a_AB,seedfull_r1,9y0a_ab_sample_2.cif,0.56167
/mnt/data/admuser/msadepth/compreps/seedrep_cand/protenix/9y0a_AB/d289/seedfull_r1/results/9y0a_ab/seed_0/predictions/9y0a_ab_sample_3.cif,9y0a_AB,seedfull_r1,9y0a_ab_sample_3.cif,0.56139
/mnt/data/admuser/msadepth/compreps/seedrep_cand/protenix/9y0a_AB/d289/seedfull_r1/results/9y0a_ab/seed_0/predictions/9y0a_ab_sample_4.cif,9y0a_AB,seedfull_r1,9y0a_ab_sample_4.cif,0.55817
/mnt/data/admuser/msadepth/compreps/seedrep_cand/protenix/9y0a_AB/d289/seedfull_r2/results/9y0a_ab/seed_0/predictions/9y0a_ab_sample_0.cif,9y0a_AB,seedfull_r2,9y0a_ab_sample_0.cif,0.5703
/mnt/data/admuser/msadepth/compreps/seedrep_cand/protenix/9y0a_AB/d289/seedfull_r2/results/9y0a_ab/seed_0/predictions/9y0a_ab_sample_1.cif,9y0a_AB,seedfull_r2,9y0a_ab_sample_1.cif,0.5685
/mnt/data/admuser/msadepth/compreps/seedrep_cand/protenix/9y0a_AB/d289/seedfull_r2/results/9y0a_ab/seed_0/predictions/9y0a_ab_sample_2.cif,9y0a_AB,seedfull_r2,9y0a_ab_sample_2.cif,0.56255
/mnt/data/admuser/msadepth/compreps/seedrep_cand/protenix/9y0a_AB/d289/seedfull_r2/results/9y0a_ab/seed_0/predictions/9y0a_ab_sample_3.cif,9y0a_AB,seedfull_r2,9y0a_ab_sample_3.cif,0.56129
/mnt/data/admuser/msadepth/compreps/seedrep_cand/protenix/9y0a_AB/d289/seedfull_r2/results/9y0a_ab/seed_0/predictions/9y0a_ab_sample_4.cif,9y0a_AB,seedfull_r2,9y0a_ab_sample_4.cif,0.55757
/mnt/data/admuser/msadepth/compreps/seedrep_cand/protenix/9y0a_AB/d289/seedfull_r3/results/9y0a_ab/seed_0/predictions/9y0a_ab_sample_0.cif,9y0a_AB,seedfull_r3,9y0a_ab_sample_0.cif,0.56233
/mnt/data/admuser/msadepth/compreps/seedrep_cand/protenix/9y0a_AB/d289/seedfull_r3/results/9y0a_ab/seed_0/predictions/9y0a_ab_sample_1.cif,9y0a_AB,seedfull_r3,9y0a_ab_sample_1.cif,0.56235
/mnt/data/admuser/msadepth/compreps/seedrep_cand/protenix/9y0a_AB/d289/seedfull_r3/results/9y0a_ab/seed_0/predictions/9y0a_ab_sample_2.cif,9y0a_AB,seedfull_r3,9y0a_ab_sample_2.cif,0.56245
/mnt/data/admuser/msadepth/compreps/seedrep_cand/protenix/9y0a_AB/d289/seedfull_r3/results/9y0a_ab/seed_0/predictions/9y0a_ab_sample_3.cif,9y0a_AB,seedfull_r3,9y0a_ab_sample_3.cif,0.56142
/mnt/data/admuser/msadepth/compreps/seedrep_cand/protenix/9y0a_AB/d289/seedfull_r3/results/9y0a_ab/seed_0/predictions/9y0a_ab_sample_4.cif,9y0a_AB,seedfull_r3,9y0a_ab_sample_4.cif,0.56019
/mnt/data/admuser/msadepth/compreps/seedrep_cand/protenix/9y0a_AB/d289/seedfull_r4/results/9y0a_ab/seed_0/predictions/9y0a_ab_sample_0.cif,9y0a_AB,seedfull_r4,9y0a_ab_sample_0.cif,0.5698
/mnt/data/admuser/msadepth/compreps/seedrep_cand/protenix/9y0a_AB/d289/seedfull_r4/results/9y0a_ab/seed_0/predictions/9y0a_ab_sample_1.cif,9y0a_AB,seedfull_r4,9y0a_ab_sample_1.cif,0.56915
/mnt/data/admuser/msadepth/compreps/seedrep_cand/protenix/9y0a_AB/d289/seedfull_r4/results/9y0a_ab/seed_0/predictions/9y0a_ab_sample_2.cif,9y0a_AB,seedfull_r4,9y0a_ab_sample_2.cif,0.56786
/mnt/data/admuser/msadepth/compreps/seedrep_cand/protenix/9y0a_AB/d289/seedfull_r4/results/9y0a_ab/seed_0/predictions/9y0a_ab_sample_3.cif,9y0a_AB,seedfull_r4,9y0a_ab_sample_3.cif,0.56361
/mnt/data/admuser/msadepth/compreps/seedrep_cand/protenix/9y0a_AB/d289/seedfull_r4/results/9y0a_ab/seed_0/predictions/9y0a_ab_sample_4.cif,9y0a_AB,seedfull_r4,9y0a_ab_sample_4.cif,0.56075
/mnt/data/admuser/msadepth/compreps/seedrep_cand/protenix/9y0a_AB/d289/seedfull_r5/results/9y0a_ab/seed_0/predictions/9y0a_ab_sample_0.cif,9y0a_AB,seedfull_r5,9y0a_ab_sample_0.cif,0.54311
/mnt/data/admuser/msadepth/compreps/seedrep_cand/protenix/9y0a_AB/d289/seedfull_r5/results/9y0a_ab/seed_0/predictions/9y0a_ab_sample_1.cif,9y0a_AB,seedfull_r5,9y0a_ab_sample_1.cif,0.54313
/mnt/data/admuser/msadepth/compreps/seedrep_cand/protenix/9y0a_AB/d289/seedfull_r5/results/9y0a_ab/seed_0/predictions/9y0a_ab_sample_2.cif,9y0a_AB,seedfull_r5,9y0a_ab_sample_2.cif,0.5423
/mnt/data/admuser/msadepth/compreps/seedrep_cand/protenix/9y0a_AB/d289/seedfull_r5/results/9y0a_ab/seed_0/predictions/9y0a_ab_sample_3.cif,9y0a_AB,seedfull_r5,9y0a_ab_sample_3.cif,0.54199
/mnt/data/admuser/msadepth/compreps/seedrep_cand/protenix/9y0a_AB/d289/seedfull_r5/results/9y0a_ab/seed_0/predictions/9y0a_ab_sample_4.cif,9y0a_AB,seedfull_r5,9y0a_ab_sample_4.cif,0.54014
/mnt/data/admuser/msadepth/compreps/seedrep_cand/protenix/9y0a_AB/d289/seedfull_r6/results/9y0a_ab/seed_0/predictions/9y0a_ab_sample_0.cif,9y0a_AB,seedfull_r6,9y0a_ab_sample_0.cif,0.52983
/mnt/data/admuser/msadepth/compreps/seedrep_cand/protenix/9y0a_AB/d289/seedfull_r6/results/9y0a_ab/seed_0/predictions/9y0a_ab_sample_1.cif,9y0a_AB,seedfull_r6,9y0a_ab_sample_1.cif,0.52751
/mnt/data/admuser/msadepth/compreps/seedrep_cand/protenix/9y0a_AB/d289/seedfull_r6/results/9y0a_ab/seed_0/predictions/9y0a_ab_sample_2.cif,9y0a_AB,seedfull_r6,9y0a_ab_sample_2.cif,0.52395
/mnt/data/admuser/msadepth/compreps/seedrep_cand/protenix/9y0a_AB/d289/seedfull_r6/results/9y0a_ab/seed_0/predictions/9y0a_ab_sample_3.cif,9y0a_AB,seedfull_r6,9y0a_ab_sample_3.cif,0.52068
/mnt/data/admuser/msadepth/compreps/seedrep_cand/protenix/9y0a_AB/d289/seedfull_r6/results/9y0a_ab/seed_0/predictions/9y0a_ab_sample_4.cif,9y0a_AB,seedfull_r6,9y0a_ab_sample_4.cif,0.51966
/mnt/data/admuser/msadepth/compreps/seedrep_cand/protenix/9y0a_AB/d289/seedfull_r7/results/9y0a_ab/seed_0/predictions/9y0a_ab_sample_0.cif,9y0a_AB,seedfull_r7,9y0a_ab_sample_0.cif,0.56561
/mnt/data/admuser/msadepth/compreps/seedrep_cand/protenix/9y0a_AB/d289/seedfull_r7/results/9y0a_ab/seed_0/predictions/9y0a_ab_sample_1.cif,9y0a_AB,seedfull_r7,9y0a_ab_sample_1.cif,0.5638
/mnt/data/admuser/msadepth/compreps/seedrep_cand/protenix/9y0a_AB/d289/seedfull_r7/results/9y0a_ab/seed_0/predictions/9y0a_ab_sample_2.cif,9y0a_AB,seedfull_r7,9y0a_ab_sample_2.cif,0.56425
/mnt/data/admuser/msadepth/compreps/seedrep_cand/protenix/9y0a_AB/d289/seedfull_r7/results/9y0a_ab/seed_0/predictions/9y0a_ab_sample_3.cif,9y0a_AB,seedfull_r7,9y0a_ab_sample_3.cif,0.56376
/mnt/data/admuser/msadepth/compreps/seedrep_cand/protenix/9y0a_AB/d289/seedfull_r7/results/9y0a_ab/seed_0/predictions/9y0a_ab_sample_4.cif,9y0a_AB,seedfull_r7,9y0a_ab_sample_4.cif,0.56245
/mnt/data/admuser/msadepth/compreps/seedrep_cand/protenix/9yc6_HL/d611/seed0_r0/results/9yc6_hl/seed_0/predictions/9yc6_hl_sample_0.cif,9yc6_HL,seed0_r0,9yc6_hl_sample_0.cif,0.17047
/mnt/data/admuser/msadepth/compreps/seedrep_cand/protenix/9yc6_HL/d611/seed0_r0/results/9yc6_hl/seed_0/predictions/9yc6_hl_sample_1.cif,9yc6_HL,seed0_r0,9yc6_hl_sample_1.cif,0.16807
/mnt/data/admuser/msadepth/compreps/seedrep_cand/protenix/9yc6_HL/d611/seed0_r0/results/9yc6_hl/seed_0/predictions/9yc6_hl_sample_2.cif,9yc6_HL,seed0_r0,9yc6_hl_sample_2.cif,0.16421
/mnt/data/admuser/msadepth/compreps/seedrep_cand/protenix/9yc6_HL/d611/seed0_r0/results/9yc6_hl/seed_0/predictions/9yc6_hl_sample_3.cif,9yc6_HL,seed0_r0,9yc6_hl_sample_3.cif,0.16529
/mnt/data/admuser/msadepth/compreps/seedrep_cand/protenix/9yc6_HL/d611/seed0_r0/results/9yc6_hl/seed_0/predictions/9yc6_hl_sample_4.cif,9yc6_HL,seed0_r0,9yc6_hl_sample_4.cif,0.16319
/mnt/data/admuser/msadepth/compreps/seedrep_cand/protenix/9yc6_HL/d611/seed0_r1/results/9yc6_hl/seed_0/predictions/9yc6_hl_sample_0.cif,9yc6_HL,seed0_r1,9yc6_hl_sample_0.cif,0.18764
/mnt/data/admuser/msadepth/compreps/seedrep_cand/protenix/9yc6_HL/d611/seed0_r1/results/9yc6_hl/seed_0/predictions/9yc6_hl_sample_1.cif,9yc6_HL,seed0_r1,9yc6_hl_sample_1.cif,0.18547
/mnt/data/admuser/msadepth/compreps/seedrep_cand/protenix/9yc6_HL/d611/seed0_r1/results/9yc6_hl/seed_0/predictions/9yc6_hl_sample_2.cif,9yc6_HL,seed0_r1,9yc6_hl_sample_2.cif,0.17417
/mnt/data/admuser/msadepth/compreps/seedrep_cand/protenix/9yc6_HL/d611/seed0_r1/results/9yc6_hl/seed_0/predictions/9yc6_hl_sample_3.cif,9yc6_HL,seed0_r1,9yc6_hl_sample_3.cif,0.17063
/mnt/data/admuser/msadepth/compreps/seedrep_cand/protenix/9yc6_HL/d611/seed0_r1/results/9yc6_hl/seed_0/predictions/9yc6_hl_sample_4.cif,9yc6_HL,seed0_r1,9yc6_hl_sample_4.cif,0.1687
/mnt/data/admuser/msadepth/compreps/seedrep_cand/protenix/9yc6_HL/d611/seed0_r2/results/9yc6_hl/seed_0/predictions/9yc6_hl_sample_0.cif,9yc6_HL,seed0_r2,9yc6_hl_sample_0.cif,0.20096
/mnt/data/admuser/msadepth/compreps/seedrep_cand/protenix/9yc6_HL/d611/seed0_r2/results/9yc6_hl/seed_0/predictions/9yc6_hl_sample_1.cif,9yc6_HL,seed0_r2,9yc6_hl_sample_1.cif,0.19626
/mnt/data/admuser/msadepth/compreps/seedrep_cand/protenix/9yc6_HL/d611/seed0_r2/results/9yc6_hl/seed_0/predictions/9yc6_hl_sample_2.cif,9yc6_HL,seed0_r2,9yc6_hl_sample_2.cif,0.19202
/mnt/data/admuser/msadepth/compreps/seedrep_cand/protenix/9yc6_HL/d611/seed0_r2/results/9yc6_hl/seed_0/predictions/9yc6_hl_sample_3.cif,9yc6_HL,seed0_r2,9yc6_hl_sample_3.cif,0.17106
/mnt/data/admuser/msadepth/compreps/seedrep_cand/protenix/9yc6_HL/d611/seed0_r2/results/9yc6_hl/seed_0/predictions/9yc6_hl_sample_4.cif,9yc6_HL,seed0_r2,9yc6_hl_sample_4.cif,0.16856
/mnt/data/admuser/msadepth/compreps/seedrep_cand/protenix/9yc6_HL/d611/seed0_r3/results/9yc6_hl/seed_0/predictions/9yc6_hl_sample_0.cif,9yc6_HL,seed0_r3,9yc6_hl_sample_0.cif,0.20229
/mnt/data/admuser/msadepth/compreps/seedrep_cand/protenix/9yc6_HL/d611/seed0_r3/results/9yc6_hl/seed_0/predictions/9yc6_hl_sample_1.cif,9yc6_HL,seed0_r3,9yc6_hl_sample_1.cif,0.19027
/mnt/data/admuser/msadepth/compreps/seedrep_cand/protenix/9yc6_HL/d611/seed0_r3/results/9yc6_hl/seed_0/predictions/9yc6_hl_sample_2.cif,9yc6_HL,seed0_r3,9yc6_hl_sample_2.cif,0.18451
/mnt/data/admuser/msadepth/compreps/seedrep_cand/protenix/9yc6_HL/d611/seed0_r3/results/9yc6_hl/seed_0/predictions/9yc6_hl_sample_3.cif,9yc6_HL,seed0_r3,9yc6_hl_sample_3.cif,0.18352
/mnt/data/admuser/msadepth/compreps/seedrep_cand/protenix/9yc6_HL/d611/seed0_r3/results/9yc6_hl/seed_0/predictions/9yc6_hl_sample_4.cif,9yc6_HL,seed0_r3,9yc6_hl_sample_4.cif,0.18302
/mnt/data/admuser/msadepth/compreps/seedrep_cand/protenix/9yc6_HL/d611/seed1_r0/results/9yc6_hl/seed_0/predictions/9yc6_hl_sample_0.cif,9yc6_HL,seed1_r0,9yc6_hl_sample_0.cif,0.18671
/mnt/data/admuser/msadepth/compreps/seedrep_cand/protenix/9yc6_HL/d611/seed1_r0/results/9yc6_hl/seed_0/predictions/9yc6_hl_sample_1.cif,9yc6_HL,seed1_r0,9yc6_hl_sample_1.cif,0.17648
/mnt/data/admuser/msadepth/compreps/seedrep_cand/protenix/9yc6_HL/d611/seed1_r0/results/9yc6_hl/seed_0/predictions/9yc6_hl_sample_2.cif,9yc6_HL,seed1_r0,9yc6_hl_sample_2.cif,0.17417
/mnt/data/admuser/msadepth/compreps/seedrep_cand/protenix/9yc6_HL/d611/seed1_r0/results/9yc6_hl/seed_0/predictions/9yc6_hl_sample_3.cif,9yc6_HL,seed1_r0,9yc6_hl_sample_3.cif,0.16759
/mnt/data/admuser/msadepth/compreps/seedrep_cand/protenix/9yc6_HL/d611/seed1_r0/results/9yc6_hl/seed_0/predictions/9yc6_hl_sample_4.cif,9yc6_HL,seed1_r0,9yc6_hl_sample_4.cif,0.1665
/mnt/data/admuser/msadepth/compreps/seedrep_cand/protenix/9yc6_HL/d611/seed1_r1/results/9yc6_hl/seed_0/predictions/9yc6_hl_sample_0.cif,9yc6_HL,seed1_r1,9yc6_hl_sample_0.cif,0.18107
/mnt/data/admuser/msadepth/compreps/seedrep_cand/protenix/9yc6_HL/d611/seed1_r1/results/9yc6_hl/seed_0/predictions/9yc6_hl_sample_1.cif,9yc6_HL,seed1_r1,9yc6_hl_sample_1.cif,0.17777
/mnt/data/admuser/msadepth/compreps/seedrep_cand/protenix/9yc6_HL/d611/seed1_r1/results/9yc6_hl/seed_0/predictions/9yc6_hl_sample_2.cif,9yc6_HL,seed1_r1,9yc6_hl_sample_2.cif,0.17219
/mnt/data/admuser/msadepth/compreps/seedrep_cand/protenix/9yc6_HL/d611/seed1_r1/results/9yc6_hl/seed_0/predictions/9yc6_hl_sample_3.cif,9yc6_HL,seed1_r1,9yc6_hl_sample_3.cif,0.1733
/mnt/data/admuser/msadepth/compreps/seedrep_cand/protenix/9yc6_HL/d611/seed1_r1/results/9yc6_hl/seed_0/predictions/9yc6_hl_sample_4.cif,9yc6_HL,seed1_r1,9yc6_hl_sample_4.cif,0.163
/mnt/data/admuser/msadepth/compreps/seedrep_cand/protenix/9yc6_HL/d611/seed1_r2/results/9yc6_hl/seed_0/predictions/9yc6_hl_sample_0.cif,9yc6_HL,seed1_r2,9yc6_hl_sample_0.cif,0.19481
/mnt/data/admuser/msadepth/compreps/seedrep_cand/protenix/9yc6_HL/d611/seed1_r2/results/9yc6_hl/seed_0/predictions/9yc6_hl_sample_1.cif,9yc6_HL,seed1_r2,9yc6_hl_sample_1.cif,0.18803
/mnt/data/admuser/msadepth/compreps/seedrep_cand/protenix/9yc6_HL/d611/seed1_r2/results/9yc6_hl/seed_0/predictions/9yc6_hl_sample_2.cif,9yc6_HL,seed1_r2,9yc6_hl_sample_2.cif,0.18613
/mnt/data/admuser/msadepth/compreps/seedrep_cand/protenix/9yc6_HL/d611/seed1_r2/results/9yc6_hl/seed_0/predictions/9yc6_hl_sample_3.cif,9yc6_HL,seed1_r2,9yc6_hl_sample_3.cif,0.17754
/mnt/data/admuser/msadepth/compreps/seedrep_cand/protenix/9yc6_HL/d611/seed1_r2/results/9yc6_hl/seed_0/predictions/9yc6_hl_sample_4.cif,9yc6_HL,seed1_r2,9yc6_hl_sample_4.cif,0.16689
/mnt/data/admuser/msadepth/compreps/seedrep_cand/protenix/9yc6_HL/d611/seed1_r3/results/9yc6_hl/seed_0/predictions/9yc6_hl_sample_0.cif,9yc6_HL,seed1_r3,9yc6_hl_sample_0.cif,0.21335
/mnt/data/admuser/msadepth/compreps/seedrep_cand/protenix/9yc6_HL/d611/seed1_r3/results/9yc6_hl/seed_0/predictions/9yc6_hl_sample_1.cif,9yc6_HL,seed1_r3,9yc6_hl_sample_1.cif,0.20682
/mnt/data/admuser/msadepth/compreps/seedrep_cand/protenix/9yc6_HL/d611/seed1_r3/results/9yc6_hl/seed_0/predictions/9yc6_hl_sample_2.cif,9yc6_HL,seed1_r3,9yc6_hl_sample_2.cif,0.20676
/mnt/data/admuser/msadepth/compreps/seedrep_cand/protenix/9yc6_HL/d611/seed1_r3/results/9yc6_hl/seed_0/predictions/9yc6_hl_sample_3.cif,9yc6_HL,seed1_r3,9yc6_hl_sample_3.cif,0.2067
/mnt/data/admuser/msadepth/compreps/seedrep_cand/protenix/9yc6_HL/d611/seed1_r3/results/9yc6_hl/seed_0/predictions/9yc6_hl_sample_4.cif,9yc6_HL,seed1_r3,9yc6_hl_sample_4.cif,0.20722
/mnt/data/admuser/msadepth/compreps/seedrep_cand/protenix/9yc6_HL/d611/seed2_r0/results/9yc6_hl/seed_0/predictions/9yc6_hl_sample_0.cif,9yc6_HL,seed2_r0,9yc6_hl_sample_0.cif,0.1809
/mnt/data/admuser/msadepth/compreps/seedrep_cand/protenix/9yc6_HL/d611/seed2_r0/results/9yc6_hl/seed_0/predictions/9yc6_hl_sample_1.cif,9yc6_HL,seed2_r0,9yc6_hl_sample_1.cif,0.17315
/mnt/data/admuser/msadepth/compreps/seedrep_cand/protenix/9yc6_HL/d611/seed2_r0/results/9yc6_hl/seed_0/predictions/9yc6_hl_sample_2.cif,9yc6_HL,seed2_r0,9yc6_hl_sample_2.cif,0.17296
/mnt/data/admuser/msadepth/compreps/seedrep_cand/protenix/9yc6_HL/d611/seed2_r0/results/9yc6_hl/seed_0/predictions/9yc6_hl_sample_3.cif,9yc6_HL,seed2_r0,9yc6_hl_sample_3.cif,0.1732
/mnt/data/admuser/msadepth/compreps/seedrep_cand/protenix/9yc6_HL/d611/seed2_r0/results/9yc6_hl/seed_0/predictions/9yc6_hl_sample_4.cif,9yc6_HL,seed2_r0,9yc6_hl_sample_4.cif,0.16421
/mnt/data/admuser/msadepth/compreps/seedrep_cand/protenix/9yc6_HL/d611/seed2_r1/results/9yc6_hl/seed_0/predictions/9yc6_hl_sample_0.cif,9yc6_HL,seed2_r1,9yc6_hl_sample_0.cif,0.18927
/mnt/data/admuser/msadepth/compreps/seedrep_cand/protenix/9yc6_HL/d611/seed2_r1/results/9yc6_hl/seed_0/predictions/9yc6_hl_sample_1.cif,9yc6_HL,seed2_r1,9yc6_hl_sample_1.cif,0.18529
/mnt/data/admuser/msadepth/compreps/seedrep_cand/protenix/9yc6_HL/d611/seed2_r1/results/9yc6_hl/seed_0/predictions/9yc6_hl_sample_2.cif,9yc6_HL,seed2_r1,9yc6_hl_sample_2.cif,0.18328
/mnt/data/admuser/msadepth/compreps/seedrep_cand/protenix/9yc6_HL/d611/seed2_r1/results/9yc6_hl/seed_0/predictions/9yc6_hl_sample_3.cif,9yc6_HL,seed2_r1,9yc6_hl_sample_3.cif,0.17372
/mnt/data/admuser/msadepth/compreps/seedrep_cand/protenix/9yc6_HL/d611/seed2_r1/results/9yc6_hl/seed_0/predictions/9yc6_hl_sample_4.cif,9yc6_HL,seed2_r1,9yc6_hl_sample_4.cif,0.16988
/mnt/data/admuser/msadepth/compreps/seedrep_cand/protenix/9yc6_HL/d611/seed2_r2/results/9yc6_hl/seed_0/predictions/9yc6_hl_sample_0.cif,9yc6_HL,seed2_r2,9yc6_hl_sample_0.cif,0.18728
/mnt/data/admuser/msadepth/compreps/seedrep_cand/protenix/9yc6_HL/d611/seed2_r2/results/9yc6_hl/seed_0/predictions/9yc6_hl_sample_1.cif,9yc6_HL,seed2_r2,9yc6_hl_sample_1.cif,0.1871
/mnt/data/admuser/msadepth/compreps/seedrep_cand/protenix/9yc6_HL/d611/seed2_r2/results/9yc6_hl/seed_0/predictions/9yc6_hl_sample_2.cif,9yc6_HL,seed2_r2,9yc6_hl_sample_2.cif,0.18177
/mnt/data/admuser/msadepth/compreps/seedrep_cand/protenix/9yc6_HL/d611/seed2_r2/results/9yc6_hl/seed_0/predictions/9yc6_hl_sample_3.cif,9yc6_HL,seed2_r2,9yc6_hl_sample_3.cif,0.18068
/mnt/data/admuser/msadepth/compreps/seedrep_cand/protenix/9yc6_HL/d611/seed2_r2/results/9yc6_hl/seed_0/predictions/9yc6_hl_sample_4.cif,9yc6_HL,seed2_r2,9yc6_hl_sample_4.cif,0.16107
/mnt/data/admuser/msadepth/compreps/seedrep_cand/protenix/9yc6_HL/d611/seed2_r3/results/9yc6_hl/seed_0/predictions/9yc6_hl_sample_0.cif,9yc6_HL,seed2_r3,9yc6_hl_sample_0.cif,0.20334
/mnt/data/admuser/msadepth/compreps/seedrep_cand/protenix/9yc6_HL/d611/seed2_r3/results/9yc6_hl/seed_0/predictions/9yc6_hl_sample_1.cif,9yc6_HL,seed2_r3,9yc6_hl_sample_1.cif,0.20058
/mnt/data/admuser/msadepth/compreps/seedrep_cand/protenix/9yc6_HL/d611/seed2_r3/results/9yc6_hl/seed_0/predictions/9yc6_hl_sample_2.cif,9yc6_HL,seed2_r3,9yc6_hl_sample_2.cif,0.20171
/mnt/data/admuser/msadepth/compreps/seedrep_cand/protenix/9yc6_HL/d611/seed2_r3/results/9yc6_hl/seed_0/predictions/9yc6_hl_sample_3.cif,9yc6_HL,seed2_r3,9yc6_hl_sample_3.cif,0.19532
/mnt/data/admuser/msadepth/compreps/seedrep_cand/protenix/9yc6_HL/d611/seed2_r3/results/9yc6_hl/seed_0/predictions/9yc6_hl_sample_4.cif,9yc6_HL,seed2_r3,9yc6_hl_sample_4.cif,0.18382
/mnt/data/admuser/msadepth/compreps/seedrep_cand/protenix/9yc6_HL/d611/seed3_r0/results/9yc6_hl/seed_0/predictions/9yc6_hl_sample_0.cif,9yc6_HL,seed3_r0,9yc6_hl_sample_0.cif,0.17913
/mnt/data/admuser/msadepth/compreps/seedrep_cand/protenix/9yc6_HL/d611/seed3_r0/results/9yc6_hl/seed_0/predictions/9yc6_hl_sample_1.cif,9yc6_HL,seed3_r0,9yc6_hl_sample_1.cif,0.17848
/mnt/data/admuser/msadepth/compreps/seedrep_cand/protenix/9yc6_HL/d611/seed3_r0/results/9yc6_hl/seed_0/predictions/9yc6_hl_sample_2.cif,9yc6_HL,seed3_r0,9yc6_hl_sample_2.cif,0.1778
/mnt/data/admuser/msadepth/compreps/seedrep_cand/protenix/9yc6_HL/d611/seed3_r0/results/9yc6_hl/seed_0/predictions/9yc6_hl_sample_3.cif,9yc6_HL,seed3_r0,9yc6_hl_sample_3.cif,0.17661
/mnt/data/admuser/msadepth/compreps/seedrep_cand/protenix/9yc6_HL/d611/seed3_r0/results/9yc6_hl/seed_0/predictions/9yc6_hl_sample_4.cif,9yc6_HL,seed3_r0,9yc6_hl_sample_4.cif,0.16665
/mnt/data/admuser/msadepth/compreps/seedrep_cand/protenix/9yc6_HL/d611/seed3_r1/results/9yc6_hl/seed_0/predictions/9yc6_hl_sample_0.cif,9yc6_HL,seed3_r1,9yc6_hl_sample_0.cif,0.17529
/mnt/data/admuser/msadepth/compreps/seedrep_cand/protenix/9yc6_HL/d611/seed3_r1/results/9yc6_hl/seed_0/predictions/9yc6_hl_sample_1.cif,9yc6_HL,seed3_r1,9yc6_hl_sample_1.cif,0.17373
/mnt/data/admuser/msadepth/compreps/seedrep_cand/protenix/9yc6_HL/d611/seed3_r1/results/9yc6_hl/seed_0/predictions/9yc6_hl_sample_2.cif,9yc6_HL,seed3_r1,9yc6_hl_sample_2.cif,0.16874
/mnt/data/admuser/msadepth/compreps/seedrep_cand/protenix/9yc6_HL/d611/seed3_r1/results/9yc6_hl/seed_0/predictions/9yc6_hl_sample_3.cif,9yc6_HL,seed3_r1,9yc6_hl_sample_3.cif,0.16529
/mnt/data/admuser/msadepth/compreps/seedrep_cand/protenix/9yc6_HL/d611/seed3_r1/results/9yc6_hl/seed_0/predictions/9yc6_hl_sample_4.cif,9yc6_HL,seed3_r1,9yc6_hl_sample_4.cif,0.15358
/mnt/data/admuser/msadepth/compreps/seedrep_cand/protenix/9yc6_HL/d611/seed3_r2/results/9yc6_hl/seed_0/predictions/9yc6_hl_sample_0.cif,9yc6_HL,seed3_r2,9yc6_hl_sample_0.cif,0.22058
/mnt/data/admuser/msadepth/compreps/seedrep_cand/protenix/9yc6_HL/d611/seed3_r2/results/9yc6_hl/seed_0/predictions/9yc6_hl_sample_1.cif,9yc6_HL,seed3_r2,9yc6_hl_sample_1.cif,0.21872
/mnt/data/admuser/msadepth/compreps/seedrep_cand/protenix/9yc6_HL/d611/seed3_r2/results/9yc6_hl/seed_0/predictions/9yc6_hl_sample_2.cif,9yc6_HL,seed3_r2,9yc6_hl_sample_2.cif,0.217
/mnt/data/admuser/msadepth/compreps/seedrep_cand/protenix/9yc6_HL/d611/seed3_r2/results/9yc6_hl/seed_0/predictions/9yc6_hl_sample_3.cif,9yc6_HL,seed3_r2,9yc6_hl_sample_3.cif,0.21622
/mnt/data/admuser/msadepth/compreps/seedrep_cand/protenix/9yc6_HL/d611/seed3_r2/results/9yc6_hl/seed_0/predictions/9yc6_hl_sample_4.cif,9yc6_HL,seed3_r2,9yc6_hl_sample_4.cif,0.21688
/mnt/data/admuser/msadepth/compreps/seedrep_cand/protenix/9yc6_HL/d611/seed3_r3/results/9yc6_hl/seed_0/predictions/9yc6_hl_sample_0.cif,9yc6_HL,seed3_r3,9yc6_hl_sample_0.cif,0.17516
/mnt/data/admuser/msadepth/compreps/seedrep_cand/protenix/9yc6_HL/d611/seed3_r3/results/9yc6_hl/seed_0/predictions/9yc6_hl_sample_1.cif,9yc6_HL,seed3_r3,9yc6_hl_sample_1.cif,0.17294
/mnt/data/admuser/msadepth/compreps/seedrep_cand/protenix/9yc6_HL/d611/seed3_r3/results/9yc6_hl/seed_0/predictions/9yc6_hl_sample_2.cif,9yc6_HL,seed3_r3,9yc6_hl_sample_2.cif,0.17232
/mnt/data/admuser/msadepth/compreps/seedrep_cand/protenix/9yc6_HL/d611/seed3_r3/results/9yc6_hl/seed_0/predictions/9yc6_hl_sample_3.cif,9yc6_HL,seed3_r3,9yc6_hl_sample_3.cif,0.16832
/mnt/data/admuser/msadepth/compreps/seedrep_cand/protenix/9yc6_HL/d611/seed3_r3/results/9yc6_hl/seed_0/predictions/9yc6_hl_sample_4.cif,9yc6_HL,seed3_r3,9yc6_hl_sample_4.cif,0.16741
/mnt/data/admuser/msadepth/compreps/seedrep_cand/protenix/9yc6_HL/d611/seed4_r0/results/9yc6_hl/seed_0/predictions/9yc6_hl_sample_0.cif,9yc6_HL,seed4_r0,9yc6_hl_sample_0.cif,0.18789
/mnt/data/admuser/msadepth/compreps/seedrep_cand/protenix/9yc6_HL/d611/seed4_r0/results/9yc6_hl/seed_0/predictions/9yc6_hl_sample_1.cif,9yc6_HL,seed4_r0,9yc6_hl_sample_1.cif,0.18588
/mnt/data/admuser/msadepth/compreps/seedrep_cand/protenix/9yc6_HL/d611/seed4_r0/results/9yc6_hl/seed_0/predictions/9yc6_hl_sample_2.cif,9yc6_HL,seed4_r0,9yc6_hl_sample_2.cif,0.18159
/mnt/data/admuser/msadepth/compreps/seedrep_cand/protenix/9yc6_HL/d611/seed4_r0/results/9yc6_hl/seed_0/predictions/9yc6_hl_sample_3.cif,9yc6_HL,seed4_r0,9yc6_hl_sample_3.cif,0.1685
/mnt/data/admuser/msadepth/compreps/seedrep_cand/protenix/9yc6_HL/d611/seed4_r0/results/9yc6_hl/seed_0/predictions/9yc6_hl_sample_4.cif,9yc6_HL,seed4_r0,9yc6_hl_sample_4.cif,0.16371
/mnt/data/admuser/msadepth/compreps/seedrep_cand/protenix/9yc6_HL/d611/seed4_r1/results/9yc6_hl/seed_0/predictions/9yc6_hl_sample_0.cif,9yc6_HL,seed4_r1,9yc6_hl_sample_0.cif,0.17846
/mnt/data/admuser/msadepth/compreps/seedrep_cand/protenix/9yc6_HL/d611/seed4_r1/results/9yc6_hl/seed_0/predictions/9yc6_hl_sample_1.cif,9yc6_HL,seed4_r1,9yc6_hl_sample_1.cif,0.17297
/mnt/data/admuser/msadepth/compreps/seedrep_cand/protenix/9yc6_HL/d611/seed4_r1/results/9yc6_hl/seed_0/predictions/9yc6_hl_sample_2.cif,9yc6_HL,seed4_r1,9yc6_hl_sample_2.cif,0.16882
/mnt/data/admuser/msadepth/compreps/seedrep_cand/protenix/9yc6_HL/d611/seed4_r1/results/9yc6_hl/seed_0/predictions/9yc6_hl_sample_3.cif,9yc6_HL,seed4_r1,9yc6_hl_sample_3.cif,0.16177
/mnt/data/admuser/msadepth/compreps/seedrep_cand/protenix/9yc6_HL/d611/seed4_r1/results/9yc6_hl/seed_0/predictions/9yc6_hl_sample_4.cif,9yc6_HL,seed4_r1,9yc6_hl_sample_4.cif,0.16111
/mnt/data/admuser/msadepth/compreps/seedrep_cand/protenix/9yc6_HL/d611/seed4_r2/results/9yc6_hl/seed_0/predictions/9yc6_hl_sample_0.cif,9yc6_HL,seed4_r2,9yc6_hl_sample_0.cif,0.17312
/mnt/data/admuser/msadepth/compreps/seedrep_cand/protenix/9yc6_HL/d611/seed4_r2/results/9yc6_hl/seed_0/predictions/9yc6_hl_sample_1.cif,9yc6_HL,seed4_r2,9yc6_hl_sample_1.cif,0.16343
/mnt/data/admuser/msadepth/compreps/seedrep_cand/protenix/9yc6_HL/d611/seed4_r2/results/9yc6_hl/seed_0/predictions/9yc6_hl_sample_2.cif,9yc6_HL,seed4_r2,9yc6_hl_sample_2.cif,0.16282
/mnt/data/admuser/msadepth/compreps/seedrep_cand/protenix/9yc6_HL/d611/seed4_r2/results/9yc6_hl/seed_0/predictions/9yc6_hl_sample_3.cif,9yc6_HL,seed4_r2,9yc6_hl_sample_3.cif,0.15986
/mnt/data/admuser/msadepth/compreps/seedrep_cand/protenix/9yc6_HL/d611/seed4_r2/results/9yc6_hl/seed_0/predictions/9yc6_hl_sample_4.cif,9yc6_HL,seed4_r2,9yc6_hl_sample_4.cif,0.16013
/mnt/data/admuser/msadepth/compreps/seedrep_cand/protenix/9yc6_HL/d611/seed4_r3/results/9yc6_hl/seed_0/predictions/9yc6_hl_sample_0.cif,9yc6_HL,seed4_r3,9yc6_hl_sample_0.cif,0.17329
/mnt/data/admuser/msadepth/compreps/seedrep_cand/protenix/9yc6_HL/d611/seed4_r3/results/9yc6_hl/seed_0/predictions/9yc6_hl_sample_1.cif,9yc6_HL,seed4_r3,9yc6_hl_sample_1.cif,0.17241
/mnt/data/admuser/msadepth/compreps/seedrep_cand/protenix/9yc6_HL/d611/seed4_r3/results/9yc6_hl/seed_0/predictions/9yc6_hl_sample_2.cif,9yc6_HL,seed4_r3,9yc6_hl_sample_2.cif,0.172
/mnt/data/admuser/msadepth/compreps/seedrep_cand/protenix/9yc6_HL/d611/seed4_r3/results/9yc6_hl/seed_0/predictions/9yc6_hl_sample_3.cif,9yc6_HL,seed4_r3,9yc6_hl_sample_3.cif,0.17142
/mnt/data/admuser/msadepth/compreps/seedrep_cand/protenix/9yc6_HL/d611/seed4_r3/results/9yc6_hl/seed_0/predictions/9yc6_hl_sample_4.cif,9yc6_HL,seed4_r3,9yc6_hl_sample_4.cif,0.16357
/mnt/data/admuser/msadepth/compreps/seedrep_cand/protenix/9yc6_HL/d611/seed5_r0/results/9yc6_hl/seed_0/predictions/9yc6_hl_sample_0.cif,9yc6_HL,seed5_r0,9yc6_hl_sample_0.cif,0.17857
/mnt/data/admuser/msadepth/compreps/seedrep_cand/protenix/9yc6_HL/d611/seed5_r0/results/9yc6_hl/seed_0/predictions/9yc6_hl_sample_1.cif,9yc6_HL,seed5_r0,9yc6_hl_sample_1.cif,0.17595
/mnt/data/admuser/msadepth/compreps/seedrep_cand/protenix/9yc6_HL/d611/seed5_r0/results/9yc6_hl/seed_0/predictions/9yc6_hl_sample_2.cif,9yc6_HL,seed5_r0,9yc6_hl_sample_2.cif,0.17637
/mnt/data/admuser/msadepth/compreps/seedrep_cand/protenix/9yc6_HL/d611/seed5_r0/results/9yc6_hl/seed_0/predictions/9yc6_hl_sample_3.cif,9yc6_HL,seed5_r0,9yc6_hl_sample_3.cif,0.175
/mnt/data/admuser/msadepth/compreps/seedrep_cand/protenix/9yc6_HL/d611/seed5_r0/results/9yc6_hl/seed_0/predictions/9yc6_hl_sample_4.cif,9yc6_HL,seed5_r0,9yc6_hl_sample_4.cif,0.17078
/mnt/data/admuser/msadepth/compreps/seedrep_cand/protenix/9yc6_HL/d611/seed5_r1/results/9yc6_hl/seed_0/predictions/9yc6_hl_sample_0.cif,9yc6_HL,seed5_r1,9yc6_hl_sample_0.cif,0.2134
/mnt/data/admuser/msadepth/compreps/seedrep_cand/protenix/9yc6_HL/d611/seed5_r1/results/9yc6_hl/seed_0/predictions/9yc6_hl_sample_1.cif,9yc6_HL,seed5_r1,9yc6_hl_sample_1.cif,0.20158
/mnt/data/admuser/msadepth/compreps/seedrep_cand/protenix/9yc6_HL/d611/seed5_r1/results/9yc6_hl/seed_0/predictions/9yc6_hl_sample_2.cif,9yc6_HL,seed5_r1,9yc6_hl_sample_2.cif,0.20199
/mnt/data/admuser/msadepth/compreps/seedrep_cand/protenix/9yc6_HL/d611/seed5_r1/results/9yc6_hl/seed_0/predictions/9yc6_hl_sample_3.cif,9yc6_HL,seed5_r1,9yc6_hl_sample_3.cif,0.20136
/mnt/data/admuser/msadepth/compreps/seedrep_cand/protenix/9yc6_HL/d611/seed5_r1/results/9yc6_hl/seed_0/predictions/9yc6_hl_sample_4.cif,9yc6_HL,seed5_r1,9yc6_hl_sample_4.cif,0.17443
/mnt/data/admuser/msadepth/compreps/seedrep_cand/protenix/9yc6_HL/d611/seed5_r2/results/9yc6_hl/seed_0/predictions/9yc6_hl_sample_0.cif,9yc6_HL,seed5_r2,9yc6_hl_sample_0.cif,0.18187
/mnt/data/admuser/msadepth/compreps/seedrep_cand/protenix/9yc6_HL/d611/seed5_r2/results/9yc6_hl/seed_0/predictions/9yc6_hl_sample_1.cif,9yc6_HL,seed5_r2,9yc6_hl_sample_1.cif,0.17786
/mnt/data/admuser/msadepth/compreps/seedrep_cand/protenix/9yc6_HL/d611/seed5_r2/results/9yc6_hl/seed_0/predictions/9yc6_hl_sample_2.cif,9yc6_HL,seed5_r2,9yc6_hl_sample_2.cif,0.17966
/mnt/data/admuser/msadepth/compreps/seedrep_cand/protenix/9yc6_HL/d611/seed5_r2/results/9yc6_hl/seed_0/predictions/9yc6_hl_sample_3.cif,9yc6_HL,seed5_r2,9yc6_hl_sample_3.cif,0.17469
/mnt/data/admuser/msadepth/compreps/seedrep_cand/protenix/9yc6_HL/d611/seed5_r2/results/9yc6_hl/seed_0/predictions/9yc6_hl_sample_4.cif,9yc6_HL,seed5_r2,9yc6_hl_sample_4.cif,0.16647
/mnt/data/admuser/msadepth/compreps/seedrep_cand/protenix/9yc6_HL/d611/seed5_r3/results/9yc6_hl/seed_0/predictions/9yc6_hl_sample_0.cif,9yc6_HL,seed5_r3,9yc6_hl_sample_0.cif,0.17174
/mnt/data/admuser/msadepth/compreps/seedrep_cand/protenix/9yc6_HL/d611/seed5_r3/results/9yc6_hl/seed_0/predictions/9yc6_hl_sample_1.cif,9yc6_HL,seed5_r3,9yc6_hl_sample_1.cif,0.16595
/mnt/data/admuser/msadepth/compreps/seedrep_cand/protenix/9yc6_HL/d611/seed5_r3/results/9yc6_hl/seed_0/predictions/9yc6_hl_sample_2.cif,9yc6_HL,seed5_r3,9yc6_hl_sample_2.cif,0.16146
/mnt/data/admuser/msadepth/compreps/seedrep_cand/protenix/9yc6_HL/d611/seed5_r3/results/9yc6_hl/seed_0/predictions/9yc6_hl_sample_3.cif,9yc6_HL,seed5_r3,9yc6_hl_sample_3.cif,0.15873
/mnt/data/admuser/msadepth/compreps/seedrep_cand/protenix/9yc6_HL/d611/seed5_r3/results/9yc6_hl/seed_0/predictions/9yc6_hl_sample_4.cif,9yc6_HL,seed5_r3,9yc6_hl_sample_4.cif,0.15774
/mnt/data/admuser/msadepth/compreps/seedrep_cand/protenix/9yc6_HL/d611/seedfull_r0/results/9yc6_hl/seed_0/predictions/9yc6_hl_sample_0.cif,9yc6_HL,seedfull_r0,9yc6_hl_sample_0.cif,0.18734
/mnt/data/admuser/msadepth/compreps/seedrep_cand/protenix/9yc6_HL/d611/seedfull_r0/results/9yc6_hl/seed_0/predictions/9yc6_hl_sample_1.cif,9yc6_HL,seedfull_r0,9yc6_hl_sample_1.cif,0.18281
/mnt/data/admuser/msadepth/compreps/seedrep_cand/protenix/9yc6_HL/d611/seedfull_r0/results/9yc6_hl/seed_0/predictions/9yc6_hl_sample_2.cif,9yc6_HL,seedfull_r0,9yc6_hl_sample_2.cif,0.18178
/mnt/data/admuser/msadepth/compreps/seedrep_cand/protenix/9yc6_HL/d611/seedfull_r0/results/9yc6_hl/seed_0/predictions/9yc6_hl_sample_3.cif,9yc6_HL,seedfull_r0,9yc6_hl_sample_3.cif,0.1799
/mnt/data/admuser/msadepth/compreps/seedrep_cand/protenix/9yc6_HL/d611/seedfull_r0/results/9yc6_hl/seed_0/predictions/9yc6_hl_sample_4.cif,9yc6_HL,seedfull_r0,9yc6_hl_sample_4.cif,0.17408
/mnt/data/admuser/msadepth/compreps/seedrep_cand/protenix/9yc6_HL/d611/seedfull_r1/results/9yc6_hl/seed_0/predictions/9yc6_hl_sample_0.cif,9yc6_HL,seedfull_r1,9yc6_hl_sample_0.cif,0.19492
/mnt/data/admuser/msadepth/compreps/seedrep_cand/protenix/9yc6_HL/d611/seedfull_r1/results/9yc6_hl/seed_0/predictions/9yc6_hl_sample_1.cif,9yc6_HL,seedfull_r1,9yc6_hl_sample_1.cif,0.19418
/mnt/data/admuser/msadepth/compreps/seedrep_cand/protenix/9yc6_HL/d611/seedfull_r1/results/9yc6_hl/seed_0/predictions/9yc6_hl_sample_2.cif,9yc6_HL,seedfull_r1,9yc6_hl_sample_2.cif,0.19218
/mnt/data/admuser/msadepth/compreps/seedrep_cand/protenix/9yc6_HL/d611/seedfull_r1/results/9yc6_hl/seed_0/predictions/9yc6_hl_sample_3.cif,9yc6_HL,seedfull_r1,9yc6_hl_sample_3.cif,0.18627
/mnt/data/admuser/msadepth/compreps/seedrep_cand/protenix/9yc6_HL/d611/seedfull_r1/results/9yc6_hl/seed_0/predictions/9yc6_hl_sample_4.cif,9yc6_HL,seedfull_r1,9yc6_hl_sample_4.cif,0.18232
/mnt/data/admuser/msadepth/compreps/seedrep_cand/protenix/9yc6_HL/d611/seedfull_r2/results/9yc6_hl/seed_0/predictions/9yc6_hl_sample_0.cif,9yc6_HL,seedfull_r2,9yc6_hl_sample_0.cif,0.19876
/mnt/data/admuser/msadepth/compreps/seedrep_cand/protenix/9yc6_HL/d611/seedfull_r2/results/9yc6_hl/seed_0/predictions/9yc6_hl_sample_1.cif,9yc6_HL,seedfull_r2,9yc6_hl_sample_1.cif,0.19704
/mnt/data/admuser/msadepth/compreps/seedrep_cand/protenix/9yc6_HL/d611/seedfull_r2/results/9yc6_hl/seed_0/predictions/9yc6_hl_sample_2.cif,9yc6_HL,seedfull_r2,9yc6_hl_sample_2.cif,0.18944
/mnt/data/admuser/msadepth/compreps/seedrep_cand/protenix/9yc6_HL/d611/seedfull_r2/results/9yc6_hl/seed_0/predictions/9yc6_hl_sample_3.cif,9yc6_HL,seedfull_r2,9yc6_hl_sample_3.cif,0.1884
/mnt/data/admuser/msadepth/compreps/seedrep_cand/protenix/9yc6_HL/d611/seedfull_r2/results/9yc6_hl/seed_0/predictions/9yc6_hl_sample_4.cif,9yc6_HL,seedfull_r2,9yc6_hl_sample_4.cif,0.18564
/mnt/data/admuser/msadepth/compreps/seedrep_cand/protenix/9yc6_HL/d611/seedfull_r3/results/9yc6_hl/seed_0/predictions/9yc6_hl_sample_0.cif,9yc6_HL,seedfull_r3,9yc6_hl_sample_0.cif,0.22523
/mnt/data/admuser/msadepth/compreps/seedrep_cand/protenix/9yc6_HL/d611/seedfull_r3/results/9yc6_hl/seed_0/predictions/9yc6_hl_sample_1.cif,9yc6_HL,seedfull_r3,9yc6_hl_sample_1.cif,0.22468
/mnt/data/admuser/msadepth/compreps/seedrep_cand/protenix/9yc6_HL/d611/seedfull_r3/results/9yc6_hl/seed_0/predictions/9yc6_hl_sample_2.cif,9yc6_HL,seedfull_r3,9yc6_hl_sample_2.cif,0.22332
/mnt/data/admuser/msadepth/compreps/seedrep_cand/protenix/9yc6_HL/d611/seedfull_r3/results/9yc6_hl/seed_0/predictions/9yc6_hl_sample_3.cif,9yc6_HL,seedfull_r3,9yc6_hl_sample_3.cif,0.2185
/mnt/data/admuser/msadepth/compreps/seedrep_cand/protenix/9yc6_HL/d611/seedfull_r3/results/9yc6_hl/seed_0/predictions/9yc6_hl_sample_4.cif,9yc6_HL,seedfull_r3,9yc6_hl_sample_4.cif,0.21084
/mnt/data/admuser/msadepth/compreps/seedrep_cand/protenix/9yc6_HL/d611/seedfull_r4/results/9yc6_hl/seed_0/predictions/9yc6_hl_sample_0.cif,9yc6_HL,seedfull_r4,9yc6_hl_sample_0.cif,0.18362
/mnt/data/admuser/msadepth/compreps/seedrep_cand/protenix/9yc6_HL/d611/seedfull_r4/results/9yc6_hl/seed_0/predictions/9yc6_hl_sample_1.cif,9yc6_HL,seedfull_r4,9yc6_hl_sample_1.cif,0.18221
/mnt/data/admuser/msadepth/compreps/seedrep_cand/protenix/9yc6_HL/d611/seedfull_r4/results/9yc6_hl/seed_0/predictions/9yc6_hl_sample_2.cif,9yc6_HL,seedfull_r4,9yc6_hl_sample_2.cif,0.18131
/mnt/data/admuser/msadepth/compreps/seedrep_cand/protenix/9yc6_HL/d611/seedfull_r4/results/9yc6_hl/seed_0/predictions/9yc6_hl_sample_3.cif,9yc6_HL,seedfull_r4,9yc6_hl_sample_3.cif,0.17773
/mnt/data/admuser/msadepth/compreps/seedrep_cand/protenix/9yc6_HL/d611/seedfull_r4/results/9yc6_hl/seed_0/predictions/9yc6_hl_sample_4.cif,9yc6_HL,seedfull_r4,9yc6_hl_sample_4.cif,0.17644
/mnt/data/admuser/msadepth/compreps/seedrep_cand/protenix/9yc6_HL/d611/seedfull_r5/results/9yc6_hl/seed_0/predictions/9yc6_hl_sample_0.cif,9yc6_HL,seedfull_r5,9yc6_hl_sample_0.cif,0.19353
/mnt/data/admuser/msadepth/compreps/seedrep_cand/protenix/9yc6_HL/d611/seedfull_r5/results/9yc6_hl/seed_0/predictions/9yc6_hl_sample_1.cif,9yc6_HL,seedfull_r5,9yc6_hl_sample_1.cif,0.18949
/mnt/data/admuser/msadepth/compreps/seedrep_cand/protenix/9yc6_HL/d611/seedfull_r5/results/9yc6_hl/seed_0/predictions/9yc6_hl_sample_2.cif,9yc6_HL,seedfull_r5,9yc6_hl_sample_2.cif,0.18547
/mnt/data/admuser/msadepth/compreps/seedrep_cand/protenix/9yc6_HL/d611/seedfull_r5/results/9yc6_hl/seed_0/predictions/9yc6_hl_sample_3.cif,9yc6_HL,seedfull_r5,9yc6_hl_sample_3.cif,0.18536
/mnt/data/admuser/msadepth/compreps/seedrep_cand/protenix/9yc6_HL/d611/seedfull_r5/results/9yc6_hl/seed_0/predictions/9yc6_hl_sample_4.cif,9yc6_HL,seedfull_r5,9yc6_hl_sample_4.cif,0.1839
/mnt/data/admuser/msadepth/compreps/seedrep_cand/protenix/9yc6_HL/d611/seedfull_r6/results/9yc6_hl/seed_0/predictions/9yc6_hl_sample_0.cif,9yc6_HL,seedfull_r6,9yc6_hl_sample_0.cif,0.19715
/mnt/data/admuser/msadepth/compreps/seedrep_cand/protenix/9yc6_HL/d611/seedfull_r6/results/9yc6_hl/seed_0/predictions/9yc6_hl_sample_1.cif,9yc6_HL,seedfull_r6,9yc6_hl_sample_1.cif,0.19291
/mnt/data/admuser/msadepth/compreps/seedrep_cand/protenix/9yc6_HL/d611/seedfull_r6/results/9yc6_hl/seed_0/predictions/9yc6_hl_sample_2.cif,9yc6_HL,seedfull_r6,9yc6_hl_sample_2.cif,0.19231
/mnt/data/admuser/msadepth/compreps/seedrep_cand/protenix/9yc6_HL/d611/seedfull_r6/results/9yc6_hl/seed_0/predictions/9yc6_hl_sample_3.cif,9yc6_HL,seedfull_r6,9yc6_hl_sample_3.cif,0.18315
/mnt/data/admuser/msadepth/compreps/seedrep_cand/protenix/9yc6_HL/d611/seedfull_r6/results/9yc6_hl/seed_0/predictions/9yc6_hl_sample_4.cif,9yc6_HL,seedfull_r6,9yc6_hl_sample_4.cif,0.18199
/mnt/data/admuser/msadepth/compreps/seedrep_cand/protenix/9yc6_HL/d611/seedfull_r7/results/9yc6_hl/seed_0/predictions/9yc6_hl_sample_0.cif,9yc6_HL,seedfull_r7,9yc6_hl_sample_0.cif,0.17954
/mnt/data/admuser/msadepth/compreps/seedrep_cand/protenix/9yc6_HL/d611/seedfull_r7/results/9yc6_hl/seed_0/predictions/9yc6_hl_sample_1.cif,9yc6_HL,seedfull_r7,9yc6_hl_sample_1.cif,0.17764
/mnt/data/admuser/msadepth/compreps/seedrep_cand/protenix/9yc6_HL/d611/seedfull_r7/results/9yc6_hl/seed_0/predictions/9yc6_hl_sample_2.cif,9yc6_HL,seedfull_r7,9yc6_hl_sample_2.cif,0.17639
/mnt/data/admuser/msadepth/compreps/seedrep_cand/protenix/9yc6_HL/d611/seedfull_r7/results/9yc6_hl/seed_0/predictions/9yc6_hl_sample_3.cif,9yc6_HL,seedfull_r7,9yc6_hl_sample_3.cif,0.1749
/mnt/data/admuser/msadepth/compreps/seedrep_cand/protenix/9yc6_HL/d611/seedfull_r7/results/9yc6_hl/seed_0/predictions/9yc6_hl_sample_4.cif,9yc6_HL,seedfull_r7,9yc6_hl_sample_4.cif,0.17492
/mnt/data/admuser/msadepth/compreps/seedrep_cand/protenix/9zdu_HL/d11017/seed0_r0/results/9zdu_hl/seed_0/predictions/9zdu_hl_sample_0.cif,9zdu_HL,seed0_r0,9zdu_hl_sample_0.cif,0.51984
/mnt/data/admuser/msadepth/compreps/seedrep_cand/protenix/9zdu_HL/d11017/seed0_r0/results/9zdu_hl/seed_0/predictions/9zdu_hl_sample_1.cif,9zdu_HL,seed0_r0,9zdu_hl_sample_1.cif,0.51833
/mnt/data/admuser/msadepth/compreps/seedrep_cand/protenix/9zdu_HL/d11017/seed0_r0/results/9zdu_hl/seed_0/predictions/9zdu_hl_sample_2.cif,9zdu_HL,seed0_r0,9zdu_hl_sample_2.cif,0.51765
/mnt/data/admuser/msadepth/compreps/seedrep_cand/protenix/9zdu_HL/d11017/seed0_r0/results/9zdu_hl/seed_0/predictions/9zdu_hl_sample_3.cif,9zdu_HL,seed0_r0,9zdu_hl_sample_3.cif,0.517
/mnt/data/admuser/msadepth/compreps/seedrep_cand/protenix/9zdu_HL/d11017/seed0_r0/results/9zdu_hl/seed_0/predictions/9zdu_hl_sample_4.cif,9zdu_HL,seed0_r0,9zdu_hl_sample_4.cif,0.51081
/mnt/data/admuser/msadepth/compreps/seedrep_cand/protenix/9zdu_HL/d11017/seed0_r1/results/9zdu_hl/seed_0/predictions/9zdu_hl_sample_0.cif,9zdu_HL,seed0_r1,9zdu_hl_sample_0.cif,0.48762
/mnt/data/admuser/msadepth/compreps/seedrep_cand/protenix/9zdu_HL/d11017/seed0_r1/results/9zdu_hl/seed_0/predictions/9zdu_hl_sample_1.cif,9zdu_HL,seed0_r1,9zdu_hl_sample_1.cif,0.48726
/mnt/data/admuser/msadepth/compreps/seedrep_cand/protenix/9zdu_HL/d11017/seed0_r1/results/9zdu_hl/seed_0/predictions/9zdu_hl_sample_2.cif,9zdu_HL,seed0_r1,9zdu_hl_sample_2.cif,0.48671
/mnt/data/admuser/msadepth/compreps/seedrep_cand/protenix/9zdu_HL/d11017/seed0_r1/results/9zdu_hl/seed_0/predictions/9zdu_hl_sample_3.cif,9zdu_HL,seed0_r1,9zdu_hl_sample_3.cif,0.48536
/mnt/data/admuser/msadepth/compreps/seedrep_cand/protenix/9zdu_HL/d11017/seed0_r1/results/9zdu_hl/seed_0/predictions/9zdu_hl_sample_4.cif,9zdu_HL,seed0_r1,9zdu_hl_sample_4.cif,0.47432
/mnt/data/admuser/msadepth/compreps/seedrep_cand/protenix/9zdu_HL/d11017/seed0_r2/results/9zdu_hl/seed_0/predictions/9zdu_hl_sample_0.cif,9zdu_HL,seed0_r2,9zdu_hl_sample_0.cif,0.50122
/mnt/data/admuser/msadepth/compreps/seedrep_cand/protenix/9zdu_HL/d11017/seed0_r2/results/9zdu_hl/seed_0/predictions/9zdu_hl_sample_1.cif,9zdu_HL,seed0_r2,9zdu_hl_sample_1.cif,0.50135
/mnt/data/admuser/msadepth/compreps/seedrep_cand/protenix/9zdu_HL/d11017/seed0_r2/results/9zdu_hl/seed_0/predictions/9zdu_hl_sample_2.cif,9zdu_HL,seed0_r2,9zdu_hl_sample_2.cif,0.49318
/mnt/data/admuser/msadepth/compreps/seedrep_cand/protenix/9zdu_HL/d11017/seed0_r2/results/9zdu_hl/seed_0/predictions/9zdu_hl_sample_3.cif,9zdu_HL,seed0_r2,9zdu_hl_sample_3.cif,0.49136
/mnt/data/admuser/msadepth/compreps/seedrep_cand/protenix/9zdu_HL/d11017/seed0_r2/results/9zdu_hl/seed_0/predictions/9zdu_hl_sample_4.cif,9zdu_HL,seed0_r2,9zdu_hl_sample_4.cif,0.49111
/mnt/data/admuser/msadepth/compreps/seedrep_cand/protenix/9zdu_HL/d11017/seed0_r3/results/9zdu_hl/seed_0/predictions/9zdu_hl_sample_0.cif,9zdu_HL,seed0_r3,9zdu_hl_sample_0.cif,0.4725
/mnt/data/admuser/msadepth/compreps/seedrep_cand/protenix/9zdu_HL/d11017/seed0_r3/results/9zdu_hl/seed_0/predictions/9zdu_hl_sample_1.cif,9zdu_HL,seed0_r3,9zdu_hl_sample_1.cif,0.47209
/mnt/data/admuser/msadepth/compreps/seedrep_cand/protenix/9zdu_HL/d11017/seed0_r3/results/9zdu_hl/seed_0/predictions/9zdu_hl_sample_2.cif,9zdu_HL,seed0_r3,9zdu_hl_sample_2.cif,0.46941
/mnt/data/admuser/msadepth/compreps/seedrep_cand/protenix/9zdu_HL/d11017/seed0_r3/results/9zdu_hl/seed_0/predictions/9zdu_hl_sample_3.cif,9zdu_HL,seed0_r3,9zdu_hl_sample_3.cif,0.46267
/mnt/data/admuser/msadepth/compreps/seedrep_cand/protenix/9zdu_HL/d11017/seed0_r3/results/9zdu_hl/seed_0/predictions/9zdu_hl_sample_4.cif,9zdu_HL,seed0_r3,9zdu_hl_sample_4.cif,0.45201
/mnt/data/admuser/msadepth/compreps/seedrep_cand/protenix/9zdu_HL/d11017/seed1_r0/results/9zdu_hl/seed_0/predictions/9zdu_hl_sample_0.cif,9zdu_HL,seed1_r0,9zdu_hl_sample_0.cif,0.16759
/mnt/data/admuser/msadepth/compreps/seedrep_cand/protenix/9zdu_HL/d11017/seed1_r0/results/9zdu_hl/seed_0/predictions/9zdu_hl_sample_1.cif,9zdu_HL,seed1_r0,9zdu_hl_sample_1.cif,0.16655
/mnt/data/admuser/msadepth/compreps/seedrep_cand/protenix/9zdu_HL/d11017/seed1_r0/results/9zdu_hl/seed_0/predictions/9zdu_hl_sample_2.cif,9zdu_HL,seed1_r0,9zdu_hl_sample_2.cif,0.16625
/mnt/data/admuser/msadepth/compreps/seedrep_cand/protenix/9zdu_HL/d11017/seed1_r0/results/9zdu_hl/seed_0/predictions/9zdu_hl_sample_3.cif,9zdu_HL,seed1_r0,9zdu_hl_sample_3.cif,0.166
/mnt/data/admuser/msadepth/compreps/seedrep_cand/protenix/9zdu_HL/d11017/seed1_r0/results/9zdu_hl/seed_0/predictions/9zdu_hl_sample_4.cif,9zdu_HL,seed1_r0,9zdu_hl_sample_4.cif,0.16113
/mnt/data/admuser/msadepth/compreps/seedrep_cand/protenix/9zdu_HL/d11017/seed1_r1/results/9zdu_hl/seed_0/predictions/9zdu_hl_sample_0.cif,9zdu_HL,seed1_r1,9zdu_hl_sample_0.cif,0.1742
/mnt/data/admuser/msadepth/compreps/seedrep_cand/protenix/9zdu_HL/d11017/seed1_r1/results/9zdu_hl/seed_0/predictions/9zdu_hl_sample_1.cif,9zdu_HL,seed1_r1,9zdu_hl_sample_1.cif,0.17309
/mnt/data/admuser/msadepth/compreps/seedrep_cand/protenix/9zdu_HL/d11017/seed1_r1/results/9zdu_hl/seed_0/predictions/9zdu_hl_sample_2.cif,9zdu_HL,seed1_r1,9zdu_hl_sample_2.cif,0.17089
/mnt/data/admuser/msadepth/compreps/seedrep_cand/protenix/9zdu_HL/d11017/seed1_r1/results/9zdu_hl/seed_0/predictions/9zdu_hl_sample_3.cif,9zdu_HL,seed1_r1,9zdu_hl_sample_3.cif,0.16878
/mnt/data/admuser/msadepth/compreps/seedrep_cand/protenix/9zdu_HL/d11017/seed1_r1/results/9zdu_hl/seed_0/predictions/9zdu_hl_sample_4.cif,9zdu_HL,seed1_r1,9zdu_hl_sample_4.cif,0.1645
/mnt/data/admuser/msadepth/compreps/seedrep_cand/protenix/9zdu_HL/d11017/seed1_r2/results/9zdu_hl/seed_0/predictions/9zdu_hl_sample_0.cif,9zdu_HL,seed1_r2,9zdu_hl_sample_0.cif,0.1626
/mnt/data/admuser/msadepth/compreps/seedrep_cand/protenix/9zdu_HL/d11017/seed1_r2/results/9zdu_hl/seed_0/predictions/9zdu_hl_sample_1.cif,9zdu_HL,seed1_r2,9zdu_hl_sample_1.cif,0.15948
/mnt/data/admuser/msadepth/compreps/seedrep_cand/protenix/9zdu_HL/d11017/seed1_r2/results/9zdu_hl/seed_0/predictions/9zdu_hl_sample_2.cif,9zdu_HL,seed1_r2,9zdu_hl_sample_2.cif,0.15755
/mnt/data/admuser/msadepth/compreps/seedrep_cand/protenix/9zdu_HL/d11017/seed1_r2/results/9zdu_hl/seed_0/predictions/9zdu_hl_sample_3.cif,9zdu_HL,seed1_r2,9zdu_hl_sample_3.cif,0.15563
/mnt/data/admuser/msadepth/compreps/seedrep_cand/protenix/9zdu_HL/d11017/seed1_r2/results/9zdu_hl/seed_0/predictions/9zdu_hl_sample_4.cif,9zdu_HL,seed1_r2,9zdu_hl_sample_4.cif,0.15503
/mnt/data/admuser/msadepth/compreps/seedrep_cand/protenix/9zdu_HL/d11017/seed1_r3/results/9zdu_hl/seed_0/predictions/9zdu_hl_sample_0.cif,9zdu_HL,seed1_r3,9zdu_hl_sample_0.cif,0.18576
/mnt/data/admuser/msadepth/compreps/seedrep_cand/protenix/9zdu_HL/d11017/seed1_r3/results/9zdu_hl/seed_0/predictions/9zdu_hl_sample_1.cif,9zdu_HL,seed1_r3,9zdu_hl_sample_1.cif,0.18149
/mnt/data/admuser/msadepth/compreps/seedrep_cand/protenix/9zdu_HL/d11017/seed1_r3/results/9zdu_hl/seed_0/predictions/9zdu_hl_sample_2.cif,9zdu_HL,seed1_r3,9zdu_hl_sample_2.cif,0.16608
/mnt/data/admuser/msadepth/compreps/seedrep_cand/protenix/9zdu_HL/d11017/seed1_r3/results/9zdu_hl/seed_0/predictions/9zdu_hl_sample_3.cif,9zdu_HL,seed1_r3,9zdu_hl_sample_3.cif,0.16582
/mnt/data/admuser/msadepth/compreps/seedrep_cand/protenix/9zdu_HL/d11017/seed1_r3/results/9zdu_hl/seed_0/predictions/9zdu_hl_sample_4.cif,9zdu_HL,seed1_r3,9zdu_hl_sample_4.cif,0.15893
/mnt/data/admuser/msadepth/compreps/seedrep_cand/protenix/9zdu_HL/d11017/seed2_r0/results/9zdu_hl/seed_0/predictions/9zdu_hl_sample_0.cif,9zdu_HL,seed2_r0,9zdu_hl_sample_0.cif,0.17281
/mnt/data/admuser/msadepth/compreps/seedrep_cand/protenix/9zdu_HL/d11017/seed2_r0/results/9zdu_hl/seed_0/predictions/9zdu_hl_sample_1.cif,9zdu_HL,seed2_r0,9zdu_hl_sample_1.cif,0.172
/mnt/data/admuser/msadepth/compreps/seedrep_cand/protenix/9zdu_HL/d11017/seed2_r0/results/9zdu_hl/seed_0/predictions/9zdu_hl_sample_2.cif,9zdu_HL,seed2_r0,9zdu_hl_sample_2.cif,0.17162
/mnt/data/admuser/msadepth/compreps/seedrep_cand/protenix/9zdu_HL/d11017/seed2_r0/results/9zdu_hl/seed_0/predictions/9zdu_hl_sample_3.cif,9zdu_HL,seed2_r0,9zdu_hl_sample_3.cif,0.16919
/mnt/data/admuser/msadepth/compreps/seedrep_cand/protenix/9zdu_HL/d11017/seed2_r0/results/9zdu_hl/seed_0/predictions/9zdu_hl_sample_4.cif,9zdu_HL,seed2_r0,9zdu_hl_sample_4.cif,0.16754
/mnt/data/admuser/msadepth/compreps/seedrep_cand/protenix/9zdu_HL/d11017/seed2_r1/results/9zdu_hl/seed_0/predictions/9zdu_hl_sample_0.cif,9zdu_HL,seed2_r1,9zdu_hl_sample_0.cif,0.48711
/mnt/data/admuser/msadepth/compreps/seedrep_cand/protenix/9zdu_HL/d11017/seed2_r1/results/9zdu_hl/seed_0/predictions/9zdu_hl_sample_1.cif,9zdu_HL,seed2_r1,9zdu_hl_sample_1.cif,0.48548
/mnt/data/admuser/msadepth/compreps/seedrep_cand/protenix/9zdu_HL/d11017/seed2_r1/results/9zdu_hl/seed_0/predictions/9zdu_hl_sample_2.cif,9zdu_HL,seed2_r1,9zdu_hl_sample_2.cif,0.48518
/mnt/data/admuser/msadepth/compreps/seedrep_cand/protenix/9zdu_HL/d11017/seed2_r1/results/9zdu_hl/seed_0/predictions/9zdu_hl_sample_3.cif,9zdu_HL,seed2_r1,9zdu_hl_sample_3.cif,0.48059
/mnt/data/admuser/msadepth/compreps/seedrep_cand/protenix/9zdu_HL/d11017/seed2_r1/results/9zdu_hl/seed_0/predictions/9zdu_hl_sample_4.cif,9zdu_HL,seed2_r1,9zdu_hl_sample_4.cif,0.48087
/mnt/data/admuser/msadepth/compreps/seedrep_cand/protenix/9zdu_HL/d11017/seed2_r2/results/9zdu_hl/seed_0/predictions/9zdu_hl_sample_0.cif,9zdu_HL,seed2_r2,9zdu_hl_sample_0.cif,0.15775
/mnt/data/admuser/msadepth/compreps/seedrep_cand/protenix/9zdu_HL/d11017/seed2_r2/results/9zdu_hl/seed_0/predictions/9zdu_hl_sample_1.cif,9zdu_HL,seed2_r2,9zdu_hl_sample_1.cif,0.15363
/mnt/data/admuser/msadepth/compreps/seedrep_cand/protenix/9zdu_HL/d11017/seed2_r2/results/9zdu_hl/seed_0/predictions/9zdu_hl_sample_2.cif,9zdu_HL,seed2_r2,9zdu_hl_sample_2.cif,0.15206
/mnt/data/admuser/msadepth/compreps/seedrep_cand/protenix/9zdu_HL/d11017/seed2_r2/results/9zdu_hl/seed_0/predictions/9zdu_hl_sample_3.cif,9zdu_HL,seed2_r2,9zdu_hl_sample_3.cif,0.15211
/mnt/data/admuser/msadepth/compreps/seedrep_cand/protenix/9zdu_HL/d11017/seed2_r2/results/9zdu_hl/seed_0/predictions/9zdu_hl_sample_4.cif,9zdu_HL,seed2_r2,9zdu_hl_sample_4.cif,0.15104
/mnt/data/admuser/msadepth/compreps/seedrep_cand/protenix/9zdu_HL/d11017/seed2_r3/results/9zdu_hl/seed_0/predictions/9zdu_hl_sample_0.cif,9zdu_HL,seed2_r3,9zdu_hl_sample_0.cif,0.49415
/mnt/data/admuser/msadepth/compreps/seedrep_cand/protenix/9zdu_HL/d11017/seed2_r3/results/9zdu_hl/seed_0/predictions/9zdu_hl_sample_1.cif,9zdu_HL,seed2_r3,9zdu_hl_sample_1.cif,0.49392
/mnt/data/admuser/msadepth/compreps/seedrep_cand/protenix/9zdu_HL/d11017/seed2_r3/results/9zdu_hl/seed_0/predictions/9zdu_hl_sample_2.cif,9zdu_HL,seed2_r3,9zdu_hl_sample_2.cif,0.48981
/mnt/data/admuser/msadepth/compreps/seedrep_cand/protenix/9zdu_HL/d11017/seed2_r3/results/9zdu_hl/seed_0/predictions/9zdu_hl_sample_3.cif,9zdu_HL,seed2_r3,9zdu_hl_sample_3.cif,0.48589
/mnt/data/admuser/msadepth/compreps/seedrep_cand/protenix/9zdu_HL/d11017/seed2_r3/results/9zdu_hl/seed_0/predictions/9zdu_hl_sample_4.cif,9zdu_HL,seed2_r3,9zdu_hl_sample_4.cif,0.48407
/mnt/data/admuser/msadepth/compreps/seedrep_cand/protenix/9zdu_HL/d11017/seed3_r0/results/9zdu_hl/seed_0/predictions/9zdu_hl_sample_0.cif,9zdu_HL,seed3_r0,9zdu_hl_sample_0.cif,0.17076
/mnt/data/admuser/msadepth/compreps/seedrep_cand/protenix/9zdu_HL/d11017/seed3_r0/results/9zdu_hl/seed_0/predictions/9zdu_hl_sample_1.cif,9zdu_HL,seed3_r0,9zdu_hl_sample_1.cif,0.16676
/mnt/data/admuser/msadepth/compreps/seedrep_cand/protenix/9zdu_HL/d11017/seed3_r0/results/9zdu_hl/seed_0/predictions/9zdu_hl_sample_2.cif,9zdu_HL,seed3_r0,9zdu_hl_sample_2.cif,0.16307
/mnt/data/admuser/msadepth/compreps/seedrep_cand/protenix/9zdu_HL/d11017/seed3_r0/results/9zdu_hl/seed_0/predictions/9zdu_hl_sample_3.cif,9zdu_HL,seed3_r0,9zdu_hl_sample_3.cif,0.16232
/mnt/data/admuser/msadepth/compreps/seedrep_cand/protenix/9zdu_HL/d11017/seed3_r0/results/9zdu_hl/seed_0/predictions/9zdu_hl_sample_4.cif,9zdu_HL,seed3_r0,9zdu_hl_sample_4.cif,0.15799
/mnt/data/admuser/msadepth/compreps/seedrep_cand/protenix/9zdu_HL/d11017/seed3_r1/results/9zdu_hl/seed_0/predictions/9zdu_hl_sample_0.cif,9zdu_HL,seed3_r1,9zdu_hl_sample_0.cif,0.17373
/mnt/data/admuser/msadepth/compreps/seedrep_cand/protenix/9zdu_HL/d11017/seed3_r1/results/9zdu_hl/seed_0/predictions/9zdu_hl_sample_1.cif,9zdu_HL,seed3_r1,9zdu_hl_sample_1.cif,0.17354
/mnt/data/admuser/msadepth/compreps/seedrep_cand/protenix/9zdu_HL/d11017/seed3_r1/results/9zdu_hl/seed_0/predictions/9zdu_hl_sample_2.cif,9zdu_HL,seed3_r1,9zdu_hl_sample_2.cif,0.17147
/mnt/data/admuser/msadepth/compreps/seedrep_cand/protenix/9zdu_HL/d11017/seed3_r1/results/9zdu_hl/seed_0/predictions/9zdu_hl_sample_3.cif,9zdu_HL,seed3_r1,9zdu_hl_sample_3.cif,0.16584
/mnt/data/admuser/msadepth/compreps/seedrep_cand/protenix/9zdu_HL/d11017/seed3_r1/results/9zdu_hl/seed_0/predictions/9zdu_hl_sample_4.cif,9zdu_HL,seed3_r1,9zdu_hl_sample_4.cif,0.159
/mnt/data/admuser/msadepth/compreps/seedrep_cand/protenix/9zdu_HL/d11017/seed3_r2/results/9zdu_hl/seed_0/predictions/9zdu_hl_sample_0.cif,9zdu_HL,seed3_r2,9zdu_hl_sample_0.cif,0.17525
/mnt/data/admuser/msadepth/compreps/seedrep_cand/protenix/9zdu_HL/d11017/seed3_r2/results/9zdu_hl/seed_0/predictions/9zdu_hl_sample_1.cif,9zdu_HL,seed3_r2,9zdu_hl_sample_1.cif,0.16345
/mnt/data/admuser/msadepth/compreps/seedrep_cand/protenix/9zdu_HL/d11017/seed3_r2/results/9zdu_hl/seed_0/predictions/9zdu_hl_sample_2.cif,9zdu_HL,seed3_r2,9zdu_hl_sample_2.cif,0.16109
/mnt/data/admuser/msadepth/compreps/seedrep_cand/protenix/9zdu_HL/d11017/seed3_r2/results/9zdu_hl/seed_0/predictions/9zdu_hl_sample_3.cif,9zdu_HL,seed3_r2,9zdu_hl_sample_3.cif,0.1592
/mnt/data/admuser/msadepth/compreps/seedrep_cand/protenix/9zdu_HL/d11017/seed3_r2/results/9zdu_hl/seed_0/predictions/9zdu_hl_sample_4.cif,9zdu_HL,seed3_r2,9zdu_hl_sample_4.cif,0.15687
/mnt/data/admuser/msadepth/compreps/seedrep_cand/protenix/9zdu_HL/d11017/seed3_r3/results/9zdu_hl/seed_0/predictions/9zdu_hl_sample_0.cif,9zdu_HL,seed3_r3,9zdu_hl_sample_0.cif,0.18227
/mnt/data/admuser/msadepth/compreps/seedrep_cand/protenix/9zdu_HL/d11017/seed3_r3/results/9zdu_hl/seed_0/predictions/9zdu_hl_sample_1.cif,9zdu_HL,seed3_r3,9zdu_hl_sample_1.cif,0.18118
/mnt/data/admuser/msadepth/compreps/seedrep_cand/protenix/9zdu_HL/d11017/seed3_r3/results/9zdu_hl/seed_0/predictions/9zdu_hl_sample_2.cif,9zdu_HL,seed3_r3,9zdu_hl_sample_2.cif,0.17884
/mnt/data/admuser/msadepth/compreps/seedrep_cand/protenix/9zdu_HL/d11017/seed3_r3/results/9zdu_hl/seed_0/predictions/9zdu_hl_sample_3.cif,9zdu_HL,seed3_r3,9zdu_hl_sample_3.cif,0.17327
/mnt/data/admuser/msadepth/compreps/seedrep_cand/protenix/9zdu_HL/d11017/seed3_r3/results/9zdu_hl/seed_0/predictions/9zdu_hl_sample_4.cif,9zdu_HL,seed3_r3,9zdu_hl_sample_4.cif,0.17325
/mnt/data/admuser/msadepth/compreps/seedrep_cand/protenix/9zdu_HL/d11017/seed4_r0/results/9zdu_hl/seed_0/predictions/9zdu_hl_sample_0.cif,9zdu_HL,seed4_r0,9zdu_hl_sample_0.cif,0.48814
/mnt/data/admuser/msadepth/compreps/seedrep_cand/protenix/9zdu_HL/d11017/seed4_r0/results/9zdu_hl/seed_0/predictions/9zdu_hl_sample_1.cif,9zdu_HL,seed4_r0,9zdu_hl_sample_1.cif,0.48675
/mnt/data/admuser/msadepth/compreps/seedrep_cand/protenix/9zdu_HL/d11017/seed4_r0/results/9zdu_hl/seed_0/predictions/9zdu_hl_sample_2.cif,9zdu_HL,seed4_r0,9zdu_hl_sample_2.cif,0.48488
/mnt/data/admuser/msadepth/compreps/seedrep_cand/protenix/9zdu_HL/d11017/seed4_r0/results/9zdu_hl/seed_0/predictions/9zdu_hl_sample_3.cif,9zdu_HL,seed4_r0,9zdu_hl_sample_3.cif,0.48315
/mnt/data/admuser/msadepth/compreps/seedrep_cand/protenix/9zdu_HL/d11017/seed4_r0/results/9zdu_hl/seed_0/predictions/9zdu_hl_sample_4.cif,9zdu_HL,seed4_r0,9zdu_hl_sample_4.cif,0.46524
/mnt/data/admuser/msadepth/compreps/seedrep_cand/protenix/9zdu_HL/d11017/seed4_r1/results/9zdu_hl/seed_0/predictions/9zdu_hl_sample_0.cif,9zdu_HL,seed4_r1,9zdu_hl_sample_0.cif,0.48901
/mnt/data/admuser/msadepth/compreps/seedrep_cand/protenix/9zdu_HL/d11017/seed4_r1/results/9zdu_hl/seed_0/predictions/9zdu_hl_sample_1.cif,9zdu_HL,seed4_r1,9zdu_hl_sample_1.cif,0.48858
/mnt/data/admuser/msadepth/compreps/seedrep_cand/protenix/9zdu_HL/d11017/seed4_r1/results/9zdu_hl/seed_0/predictions/9zdu_hl_sample_2.cif,9zdu_HL,seed4_r1,9zdu_hl_sample_2.cif,0.48866
/mnt/data/admuser/msadepth/compreps/seedrep_cand/protenix/9zdu_HL/d11017/seed4_r1/results/9zdu_hl/seed_0/predictions/9zdu_hl_sample_3.cif,9zdu_HL,seed4_r1,9zdu_hl_sample_3.cif,0.48459
/mnt/data/admuser/msadepth/compreps/seedrep_cand/protenix/9zdu_HL/d11017/seed4_r1/results/9zdu_hl/seed_0/predictions/9zdu_hl_sample_4.cif,9zdu_HL,seed4_r1,9zdu_hl_sample_4.cif,0.4799
/mnt/data/admuser/msadepth/compreps/seedrep_cand/protenix/9zdu_HL/d11017/seed4_r2/results/9zdu_hl/seed_0/predictions/9zdu_hl_sample_0.cif,9zdu_HL,seed4_r2,9zdu_hl_sample_0.cif,0.49967
/mnt/data/admuser/msadepth/compreps/seedrep_cand/protenix/9zdu_HL/d11017/seed4_r2/results/9zdu_hl/seed_0/predictions/9zdu_hl_sample_1.cif,9zdu_HL,seed4_r2,9zdu_hl_sample_1.cif,0.49887
/mnt/data/admuser/msadepth/compreps/seedrep_cand/protenix/9zdu_HL/d11017/seed4_r2/results/9zdu_hl/seed_0/predictions/9zdu_hl_sample_2.cif,9zdu_HL,seed4_r2,9zdu_hl_sample_2.cif,0.49713
/mnt/data/admuser/msadepth/compreps/seedrep_cand/protenix/9zdu_HL/d11017/seed4_r2/results/9zdu_hl/seed_0/predictions/9zdu_hl_sample_3.cif,9zdu_HL,seed4_r2,9zdu_hl_sample_3.cif,0.49726
/mnt/data/admuser/msadepth/compreps/seedrep_cand/protenix/9zdu_HL/d11017/seed4_r2/results/9zdu_hl/seed_0/predictions/9zdu_hl_sample_4.cif,9zdu_HL,seed4_r2,9zdu_hl_sample_4.cif,0.49538
/mnt/data/admuser/msadepth/compreps/seedrep_cand/protenix/9zdu_HL/d11017/seed4_r3/results/9zdu_hl/seed_0/predictions/9zdu_hl_sample_0.cif,9zdu_HL,seed4_r3,9zdu_hl_sample_0.cif,0.48897
/mnt/data/admuser/msadepth/compreps/seedrep_cand/protenix/9zdu_HL/d11017/seed4_r3/results/9zdu_hl/seed_0/predictions/9zdu_hl_sample_1.cif,9zdu_HL,seed4_r3,9zdu_hl_sample_1.cif,0.49038
/mnt/data/admuser/msadepth/compreps/seedrep_cand/protenix/9zdu_HL/d11017/seed4_r3/results/9zdu_hl/seed_0/predictions/9zdu_hl_sample_2.cif,9zdu_HL,seed4_r3,9zdu_hl_sample_2.cif,0.48753
/mnt/data/admuser/msadepth/compreps/seedrep_cand/protenix/9zdu_HL/d11017/seed4_r3/results/9zdu_hl/seed_0/predictions/9zdu_hl_sample_3.cif,9zdu_HL,seed4_r3,9zdu_hl_sample_3.cif,0.48695
/mnt/data/admuser/msadepth/compreps/seedrep_cand/protenix/9zdu_HL/d11017/seed4_r3/results/9zdu_hl/seed_0/predictions/9zdu_hl_sample_4.cif,9zdu_HL,seed4_r3,9zdu_hl_sample_4.cif,0.4646
/mnt/data/admuser/msadepth/compreps/seedrep_cand/protenix/9zdu_HL/d11017/seed5_r0/results/9zdu_hl/seed_0/predictions/9zdu_hl_sample_0.cif,9zdu_HL,seed5_r0,9zdu_hl_sample_0.cif,0.51114
/mnt/data/admuser/msadepth/compreps/seedrep_cand/protenix/9zdu_HL/d11017/seed5_r0/results/9zdu_hl/seed_0/predictions/9zdu_hl_sample_1.cif,9zdu_HL,seed5_r0,9zdu_hl_sample_1.cif,0.51119
/mnt/data/admuser/msadepth/compreps/seedrep_cand/protenix/9zdu_HL/d11017/seed5_r0/results/9zdu_hl/seed_0/predictions/9zdu_hl_sample_2.cif,9zdu_HL,seed5_r0,9zdu_hl_sample_2.cif,0.50486
/mnt/data/admuser/msadepth/compreps/seedrep_cand/protenix/9zdu_HL/d11017/seed5_r0/results/9zdu_hl/seed_0/predictions/9zdu_hl_sample_3.cif,9zdu_HL,seed5_r0,9zdu_hl_sample_3.cif,0.50137
/mnt/data/admuser/msadepth/compreps/seedrep_cand/protenix/9zdu_HL/d11017/seed5_r0/results/9zdu_hl/seed_0/predictions/9zdu_hl_sample_4.cif,9zdu_HL,seed5_r0,9zdu_hl_sample_4.cif,0.48603
/mnt/data/admuser/msadepth/compreps/seedrep_cand/protenix/9zdu_HL/d11017/seed5_r1/results/9zdu_hl/seed_0/predictions/9zdu_hl_sample_0.cif,9zdu_HL,seed5_r1,9zdu_hl_sample_0.cif,0.48822
/mnt/data/admuser/msadepth/compreps/seedrep_cand/protenix/9zdu_HL/d11017/seed5_r1/results/9zdu_hl/seed_0/predictions/9zdu_hl_sample_1.cif,9zdu_HL,seed5_r1,9zdu_hl_sample_1.cif,0.48915
/mnt/data/admuser/msadepth/compreps/seedrep_cand/protenix/9zdu_HL/d11017/seed5_r1/results/9zdu_hl/seed_0/predictions/9zdu_hl_sample_2.cif,9zdu_HL,seed5_r1,9zdu_hl_sample_2.cif,0.48776
/mnt/data/admuser/msadepth/compreps/seedrep_cand/protenix/9zdu_HL/d11017/seed5_r1/results/9zdu_hl/seed_0/predictions/9zdu_hl_sample_3.cif,9zdu_HL,seed5_r1,9zdu_hl_sample_3.cif,0.48745
/mnt/data/admuser/msadepth/compreps/seedrep_cand/protenix/9zdu_HL/d11017/seed5_r1/results/9zdu_hl/seed_0/predictions/9zdu_hl_sample_4.cif,9zdu_HL,seed5_r1,9zdu_hl_sample_4.cif,0.47896
/mnt/data/admuser/msadepth/compreps/seedrep_cand/protenix/9zdu_HL/d11017/seed5_r2/results/9zdu_hl/seed_0/predictions/9zdu_hl_sample_0.cif,9zdu_HL,seed5_r2,9zdu_hl_sample_0.cif,0.48815
/mnt/data/admuser/msadepth/compreps/seedrep_cand/protenix/9zdu_HL/d11017/seed5_r2/results/9zdu_hl/seed_0/predictions/9zdu_hl_sample_1.cif,9zdu_HL,seed5_r2,9zdu_hl_sample_1.cif,0.4868
/mnt/data/admuser/msadepth/compreps/seedrep_cand/protenix/9zdu_HL/d11017/seed5_r2/results/9zdu_hl/seed_0/predictions/9zdu_hl_sample_2.cif,9zdu_HL,seed5_r2,9zdu_hl_sample_2.cif,0.48364
/mnt/data/admuser/msadepth/compreps/seedrep_cand/protenix/9zdu_HL/d11017/seed5_r2/results/9zdu_hl/seed_0/predictions/9zdu_hl_sample_3.cif,9zdu_HL,seed5_r2,9zdu_hl_sample_3.cif,0.48329
/mnt/data/admuser/msadepth/compreps/seedrep_cand/protenix/9zdu_HL/d11017/seed5_r2/results/9zdu_hl/seed_0/predictions/9zdu_hl_sample_4.cif,9zdu_HL,seed5_r2,9zdu_hl_sample_4.cif,0.48331
/mnt/data/admuser/msadepth/compreps/seedrep_cand/protenix/9zdu_HL/d11017/seed5_r3/results/9zdu_hl/seed_0/predictions/9zdu_hl_sample_0.cif,9zdu_HL,seed5_r3,9zdu_hl_sample_0.cif,0.50132
/mnt/data/admuser/msadepth/compreps/seedrep_cand/protenix/9zdu_HL/d11017/seed5_r3/results/9zdu_hl/seed_0/predictions/9zdu_hl_sample_1.cif,9zdu_HL,seed5_r3,9zdu_hl_sample_1.cif,0.49809
/mnt/data/admuser/msadepth/compreps/seedrep_cand/protenix/9zdu_HL/d11017/seed5_r3/results/9zdu_hl/seed_0/predictions/9zdu_hl_sample_2.cif,9zdu_HL,seed5_r3,9zdu_hl_sample_2.cif,0.49507
/mnt/data/admuser/msadepth/compreps/seedrep_cand/protenix/9zdu_HL/d11017/seed5_r3/results/9zdu_hl/seed_0/predictions/9zdu_hl_sample_3.cif,9zdu_HL,seed5_r3,9zdu_hl_sample_3.cif,0.49566
/mnt/data/admuser/msadepth/compreps/seedrep_cand/protenix/9zdu_HL/d11017/seed5_r3/results/9zdu_hl/seed_0/predictions/9zdu_hl_sample_4.cif,9zdu_HL,seed5_r3,9zdu_hl_sample_4.cif,0.48891
/mnt/data/admuser/msadepth/compreps/seedrep_cand/protenix/9zdu_HL/d11017/seedfull_r0/results/9zdu_hl/seed_0/predictions/9zdu_hl_sample_0.cif,9zdu_HL,seedfull_r0,9zdu_hl_sample_0.cif,0.48122
/mnt/data/admuser/msadepth/compreps/seedrep_cand/protenix/9zdu_HL/d11017/seedfull_r0/results/9zdu_hl/seed_0/predictions/9zdu_hl_sample_1.cif,9zdu_HL,seedfull_r0,9zdu_hl_sample_1.cif,0.48098
/mnt/data/admuser/msadepth/compreps/seedrep_cand/protenix/9zdu_HL/d11017/seedfull_r0/results/9zdu_hl/seed_0/predictions/9zdu_hl_sample_2.cif,9zdu_HL,seedfull_r0,9zdu_hl_sample_2.cif,0.47956
/mnt/data/admuser/msadepth/compreps/seedrep_cand/protenix/9zdu_HL/d11017/seedfull_r0/results/9zdu_hl/seed_0/predictions/9zdu_hl_sample_3.cif,9zdu_HL,seedfull_r0,9zdu_hl_sample_3.cif,0.47673
/mnt/data/admuser/msadepth/compreps/seedrep_cand/protenix/9zdu_HL/d11017/seedfull_r0/results/9zdu_hl/seed_0/predictions/9zdu_hl_sample_4.cif,9zdu_HL,seedfull_r0,9zdu_hl_sample_4.cif,0.46641
/mnt/data/admuser/msadepth/compreps/seedrep_cand/protenix/9zdu_HL/d11017/seedfull_r1/results/9zdu_hl/seed_0/predictions/9zdu_hl_sample_0.cif,9zdu_HL,seedfull_r1,9zdu_hl_sample_0.cif,0.48874
/mnt/data/admuser/msadepth/compreps/seedrep_cand/protenix/9zdu_HL/d11017/seedfull_r1/results/9zdu_hl/seed_0/predictions/9zdu_hl_sample_1.cif,9zdu_HL,seedfull_r1,9zdu_hl_sample_1.cif,0.48784
/mnt/data/admuser/msadepth/compreps/seedrep_cand/protenix/9zdu_HL/d11017/seedfull_r1/results/9zdu_hl/seed_0/predictions/9zdu_hl_sample_2.cif,9zdu_HL,seedfull_r1,9zdu_hl_sample_2.cif,0.48287
/mnt/data/admuser/msadepth/compreps/seedrep_cand/protenix/9zdu_HL/d11017/seedfull_r1/results/9zdu_hl/seed_0/predictions/9zdu_hl_sample_3.cif,9zdu_HL,seedfull_r1,9zdu_hl_sample_3.cif,0.48278
/mnt/data/admuser/msadepth/compreps/seedrep_cand/protenix/9zdu_HL/d11017/seedfull_r1/results/9zdu_hl/seed_0/predictions/9zdu_hl_sample_4.cif,9zdu_HL,seedfull_r1,9zdu_hl_sample_4.cif,0.47435
/mnt/data/admuser/msadepth/compreps/seedrep_cand/protenix/9zdu_HL/d11017/seedfull_r2/results/9zdu_hl/seed_0/predictions/9zdu_hl_sample_0.cif,9zdu_HL,seedfull_r2,9zdu_hl_sample_0.cif,0.48734
/mnt/data/admuser/msadepth/compreps/seedrep_cand/protenix/9zdu_HL/d11017/seedfull_r2/results/9zdu_hl/seed_0/predictions/9zdu_hl_sample_1.cif,9zdu_HL,seedfull_r2,9zdu_hl_sample_1.cif,0.48642
/mnt/data/admuser/msadepth/compreps/seedrep_cand/protenix/9zdu_HL/d11017/seedfull_r2/results/9zdu_hl/seed_0/predictions/9zdu_hl_sample_2.cif,9zdu_HL,seedfull_r2,9zdu_hl_sample_2.cif,0.4849
/mnt/data/admuser/msadepth/compreps/seedrep_cand/protenix/9zdu_HL/d11017/seedfull_r2/results/9zdu_hl/seed_0/predictions/9zdu_hl_sample_3.cif,9zdu_HL,seedfull_r2,9zdu_hl_sample_3.cif,0.48317
/mnt/data/admuser/msadepth/compreps/seedrep_cand/protenix/9zdu_HL/d11017/seedfull_r2/results/9zdu_hl/seed_0/predictions/9zdu_hl_sample_4.cif,9zdu_HL,seedfull_r2,9zdu_hl_sample_4.cif,0.46544
/mnt/data/admuser/msadepth/compreps/seedrep_cand/protenix/9zdu_HL/d11017/seedfull_r3/results/9zdu_hl/seed_0/predictions/9zdu_hl_sample_0.cif,9zdu_HL,seedfull_r3,9zdu_hl_sample_0.cif,0.48871
/mnt/data/admuser/msadepth/compreps/seedrep_cand/protenix/9zdu_HL/d11017/seedfull_r3/results/9zdu_hl/seed_0/predictions/9zdu_hl_sample_1.cif,9zdu_HL,seedfull_r3,9zdu_hl_sample_1.cif,0.48336
/mnt/data/admuser/msadepth/compreps/seedrep_cand/protenix/9zdu_HL/d11017/seedfull_r3/results/9zdu_hl/seed_0/predictions/9zdu_hl_sample_2.cif,9zdu_HL,seedfull_r3,9zdu_hl_sample_2.cif,0.48234
/mnt/data/admuser/msadepth/compreps/seedrep_cand/protenix/9zdu_HL/d11017/seedfull_r3/results/9zdu_hl/seed_0/predictions/9zdu_hl_sample_3.cif,9zdu_HL,seedfull_r3,9zdu_hl_sample_3.cif,0.48008
/mnt/data/admuser/msadepth/compreps/seedrep_cand/protenix/9zdu_HL/d11017/seedfull_r3/results/9zdu_hl/seed_0/predictions/9zdu_hl_sample_4.cif,9zdu_HL,seedfull_r3,9zdu_hl_sample_4.cif,0.46186
/mnt/data/admuser/msadepth/compreps/seedrep_cand/protenix/9zdu_HL/d11017/seedfull_r4/results/9zdu_hl/seed_0/predictions/9zdu_hl_sample_0.cif,9zdu_HL,seedfull_r4,9zdu_hl_sample_0.cif,0.49518
/mnt/data/admuser/msadepth/compreps/seedrep_cand/protenix/9zdu_HL/d11017/seedfull_r4/results/9zdu_hl/seed_0/predictions/9zdu_hl_sample_1.cif,9zdu_HL,seedfull_r4,9zdu_hl_sample_1.cif,0.4936
/mnt/data/admuser/msadepth/compreps/seedrep_cand/protenix/9zdu_HL/d11017/seedfull_r4/results/9zdu_hl/seed_0/predictions/9zdu_hl_sample_2.cif,9zdu_HL,seedfull_r4,9zdu_hl_sample_2.cif,0.4895
/mnt/data/admuser/msadepth/compreps/seedrep_cand/protenix/9zdu_HL/d11017/seedfull_r4/results/9zdu_hl/seed_0/predictions/9zdu_hl_sample_3.cif,9zdu_HL,seedfull_r4,9zdu_hl_sample_3.cif,0.48787
/mnt/data/admuser/msadepth/compreps/seedrep_cand/protenix/9zdu_HL/d11017/seedfull_r4/results/9zdu_hl/seed_0/predictions/9zdu_hl_sample_4.cif,9zdu_HL,seedfull_r4,9zdu_hl_sample_4.cif,0.475
/mnt/data/admuser/msadepth/compreps/seedrep_cand/protenix/9zdu_HL/d11017/seedfull_r5/results/9zdu_hl/seed_0/predictions/9zdu_hl_sample_0.cif,9zdu_HL,seedfull_r5,9zdu_hl_sample_0.cif,0.48845
/mnt/data/admuser/msadepth/compreps/seedrep_cand/protenix/9zdu_HL/d11017/seedfull_r5/results/9zdu_hl/seed_0/predictions/9zdu_hl_sample_1.cif,9zdu_HL,seedfull_r5,9zdu_hl_sample_1.cif,0.48819
/mnt/data/admuser/msadepth/compreps/seedrep_cand/protenix/9zdu_HL/d11017/seedfull_r5/results/9zdu_hl/seed_0/predictions/9zdu_hl_sample_2.cif,9zdu_HL,seedfull_r5,9zdu_hl_sample_2.cif,0.48739
/mnt/data/admuser/msadepth/compreps/seedrep_cand/protenix/9zdu_HL/d11017/seedfull_r5/results/9zdu_hl/seed_0/predictions/9zdu_hl_sample_3.cif,9zdu_HL,seedfull_r5,9zdu_hl_sample_3.cif,0.47806
/mnt/data/admuser/msadepth/compreps/seedrep_cand/protenix/9zdu_HL/d11017/seedfull_r5/results/9zdu_hl/seed_0/predictions/9zdu_hl_sample_4.cif,9zdu_HL,seedfull_r5,9zdu_hl_sample_4.cif,0.47807
/mnt/data/admuser/msadepth/compreps/seedrep_cand/protenix/9zdu_HL/d11017/seedfull_r6/results/9zdu_hl/seed_0/predictions/9zdu_hl_sample_0.cif,9zdu_HL,seedfull_r6,9zdu_hl_sample_0.cif,0.48176
/mnt/data/admuser/msadepth/compreps/seedrep_cand/protenix/9zdu_HL/d11017/seedfull_r6/results/9zdu_hl/seed_0/predictions/9zdu_hl_sample_1.cif,9zdu_HL,seedfull_r6,9zdu_hl_sample_1.cif,0.47991
/mnt/data/admuser/msadepth/compreps/seedrep_cand/protenix/9zdu_HL/d11017/seedfull_r6/results/9zdu_hl/seed_0/predictions/9zdu_hl_sample_2.cif,9zdu_HL,seedfull_r6,9zdu_hl_sample_2.cif,0.47865
/mnt/data/admuser/msadepth/compreps/seedrep_cand/protenix/9zdu_HL/d11017/seedfull_r6/results/9zdu_hl/seed_0/predictions/9zdu_hl_sample_3.cif,9zdu_HL,seedfull_r6,9zdu_hl_sample_3.cif,0.47621
/mnt/data/admuser/msadepth/compreps/seedrep_cand/protenix/9zdu_HL/d11017/seedfull_r6/results/9zdu_hl/seed_0/predictions/9zdu_hl_sample_4.cif,9zdu_HL,seedfull_r6,9zdu_hl_sample_4.cif,0.47636
/mnt/data/admuser/msadepth/compreps/seedrep_cand/protenix/9zdu_HL/d11017/seedfull_r7/results/9zdu_hl/seed_0/predictions/9zdu_hl_sample_0.cif,9zdu_HL,seedfull_r7,9zdu_hl_sample_0.cif,0.48807
/mnt/data/admuser/msadepth/compreps/seedrep_cand/protenix/9zdu_HL/d11017/seedfull_r7/results/9zdu_hl/seed_0/predictions/9zdu_hl_sample_1.cif,9zdu_HL,seedfull_r7,9zdu_hl_sample_1.cif,0.48603
/mnt/data/admuser/msadepth/compreps/seedrep_cand/protenix/9zdu_HL/d11017/seedfull_r7/results/9zdu_hl/seed_0/predictions/9zdu_hl_sample_2.cif,9zdu_HL,seedfull_r7,9zdu_hl_sample_2.cif,0.48324
/mnt/data/admuser/msadepth/compreps/seedrep_cand/protenix/9zdu_HL/d11017/seedfull_r7/results/9zdu_hl/seed_0/predictions/9zdu_hl_sample_3.cif,9zdu_HL,seedfull_r7,9zdu_hl_sample_3.cif,0.48274
/mnt/data/admuser/msadepth/compreps/seedrep_cand/protenix/9zdu_HL/d11017/seedfull_r7/results/9zdu_hl/seed_0/predictions/9zdu_hl_sample_4.cif,9zdu_HL,seedfull_r7,9zdu_hl_sample_4.cif,0.47584
