pdb,antigen,Hchain,Lchain,antigen_chain,nb,date,res,antigen_name
6W41,RBD,H,L,C,False,2020/03/09,3.084,Spike protein S1
6YLA,RBD,H,L,AD|AE|E|F|K,False,2020/04/06,2.42,DIMETHYL SULFOXIDE|Spike glycoprotein|MALONATE ION
6YLA,RBD,B,C,A|AA|AH|P|Q|Y,False,2020/04/06,2.42,Spike glycoprotein|MALONATE ION|DIMETHYL SULFOXIDE
7BWJ,RBD,H,L,E,False,2020/04/14,2.85,Spike protein S1
6YOR,RBD,B,C,A,False,2020/04/15,3.3,Spike glycoprotein
6YOR,RBD,H,L,E,False,2020/04/15,3.3,Spike glycoprotein
7BZ5,RBD,H,L,A,False,2020/04/26,1.84,Spike protein S1
6WPS,RBD,H,L,A|N,False,2020/04/27,3.1,spike glycoprotein|alpha-D-mannopyranose-(1-3)-[alpha-D-mannopyranose-(1-6)]beta-D-mannopyranose-(1-4)-2-acetamido-2-deoxy-beta-D-glucopyranose-(1-4)-[alpha-L-fucopyranose-(1-6)]2-acetamido-2-deoxy-beta-D-glucopyranose
6WPS,RBD,F,G,E|X,False,2020/04/27,3.1,spike glycoprotein|alpha-D-mannopyranose-(1-3)-[alpha-D-mannopyranose-(1-6)]beta-D-mannopyranose-(1-4)-2-acetamido-2-deoxy-beta-D-glucopyranose-(1-4)-[alpha-L-fucopyranose-(1-6)]2-acetamido-2-deoxy-beta-D-glucopyranose
6WPS,RBD,C,D,B|S,False,2020/04/27,3.1,spike glycoprotein|alpha-D-mannopyranose-(1-3)-[alpha-D-mannopyranose-(1-6)]beta-D-mannopyranose-(1-4)-2-acetamido-2-deoxy-beta-D-glucopyranose-(1-4)-[alpha-L-fucopyranose-(1-6)]2-acetamido-2-deoxy-beta-D-glucopyranose
7C01,RBD,H,L,A,False,2020/04/29,2.88,Spike protein S1
7C01,RBD,C,D,B,False,2020/04/29,2.88,Spike protein S1
6YZ5,RBD,F,nan,E|H|Q|S,True,2020/05/06,1.8,"Spike glycoprotein|1,2-ETHANEDIOL|ACETATE ION"
6YZ7,RBD,HHH,LLL,EEE,False,2020/05/06,3.3,Spike glycoprotein
6YZ7,RBD,FFF,nan,EEE,True,2020/05/06,3.3,Spike glycoprotein
6YZ7,RBD,DDD,nan,AAA,True,2020/05/06,3.3,Spike glycoprotein
6YZ7,RBD,BBB,CCC,AAA,False,2020/05/06,3.3,Spike glycoprotein
7C2L,RBD,H,L,A,False,2020/05/08,3.1,Spike glycoprotein
7C2L,RBD,J,N,C,False,2020/05/08,3.1,Spike glycoprotein
7C2L,RBD,I,M,B,False,2020/05/08,3.1,Spike glycoprotein
6Z2M,RBD,D,nan,A,True,2020/05/17,2.71,Spike glycoprotein
6Z2M,RBD,F,nan,E,True,2020/05/17,2.71,Spike glycoprotein
6Z2M,RBD,H,L,E,False,2020/05/17,2.71,Spike glycoprotein
6Z2M,RBD,B,C,A,False,2020/05/17,2.71,Spike glycoprotein
6Z43,RBD,X,nan,A,True,2020/05/22,3.3,Spike glycoprotein
6Z43,RBD,Z,nan,C,True,2020/05/22,3.3,Spike glycoprotein
6Z43,RBD,Y,nan,A|B,True,2020/05/22,3.3,Spike glycoprotein
7C8W,RBD,A,nan,B,True,2020/06/03,2.77,Spike protein S1
7C8V,RBD,A,nan,B|C|D,True,2020/06/03,2.15,Spike protein S1|GLYCEROL
6ZBP,RBD,FFF,nan,B|EEE,True,2020/06/08,1.85,SULFATE ION|Spike glycoprotein
6XC2,RBD,H,L,A,False,2020/06/08,3.112,Spike protein S1
6XC2,RBD,X,Y,Z,False,2020/06/08,3.112,Spike protein S1
6XCM,RBD,H,L,C,False,2020/06/08,3.42,Spike glycoprotein
6XCM,RBD,N,S,B,False,2020/06/08,3.42,Spike glycoprotein
6XC3,RBD,H,L,C,False,2020/06/08,2.698,Spike protein S1
6XC4,RBD,H,L,A,False,2020/06/08,2.341,Spike protein S1
6XC4,RBD,X,Y,Z,False,2020/06/08,2.341,Spike protein S1
6XC7,RBD,C,D,A,False,2020/06/08,2.883,Spike protein S1
6XC7,RBD,H,L,A,False,2020/06/08,2.883,Spike protein S1
7CAI,RBD,E,D,A,False,2020/06/08,3.49,Spike glycoprotein
7CAI,RBD,G,F,B|C,False,2020/06/08,3.49,Spike glycoprotein
6XC3,RBD,B,A,C,False,2020/06/08,2.698,Spike protein S1
7CAN,RBD,A,nan,B,True,2020/06/09,2.94,Spike protein S1
6XE1,RBD,H,L,E,False,2020/06/11,2.75,Spike protein S1
6ZCZ,RBD,F,nan,E,True,2020/06/12,2.65,Spike protein S1
6ZCZ,RBD,H,L,D|E|G,False,2020/06/12,2.65,CHLORIDE ION|Spike protein S1
6XEY,RBD,F,G,B|P|S,False,2020/06/14,3.25,Spike glycoprotein|beta-D-mannopyranose-(1-4)-2-acetamido-2-deoxy-beta-D-glucopyranose-(1-4)-2-acetamido-2-deoxy-beta-D-glucopyranose|2-acetamido-2-deoxy-beta-D-glucopyranose-(1-4)-2-acetamido-2-deoxy-beta-D-glucopyranose
6XEY,RBD,H,L,A|O|T,False,2020/06/14,3.25,Spike glycoprotein|beta-D-mannopyranose-(1-4)-2-acetamido-2-deoxy-beta-D-glucopyranose-(1-4)-2-acetamido-2-deoxy-beta-D-glucopyranose|2-acetamido-2-deoxy-beta-D-glucopyranose-(1-4)-2-acetamido-2-deoxy-beta-D-glucopyranose
6XEY,RBD,J,K,C|U,False,2020/06/14,3.25,Spike glycoprotein|2-acetamido-2-deoxy-beta-D-glucopyranose-(1-4)-2-acetamido-2-deoxy-beta-D-glucopyranose
7CDJ,RBD,H,L,E,False,2020/06/19,3.396,Spike protein S1
7CDI,RBD,H,L,E,False,2020/06/19,2.96,Spike protein S1
6ZH9,RBD,FFF,nan,EEE,True,2020/06/21,3.31,Spike glycoprotein
6ZH9,RBD,HHH,LLL,EEE,False,2020/06/21,3.31,Spike glycoprotein
6XKP,RBD,H,L,A|E|G|K|O,False,2020/06/26,2.72,Spike protein S1|SULFATE ION
6XKQ,RBD,H,L,A|C,False,2020/06/26,2.55,Spike protein S1|2-acetamido-2-deoxy-beta-D-glucopyranose
6XKP,RBD,M,N,B|I|J,False,2020/06/26,2.72,Spike protein S1|SULFATE ION
6ZLR,RBD,FFF,GGG,DDD,False,2020/07/01,3.1,Spike glycoprotein
6ZLR,RBD,BBB,CCC,AAA,False,2020/07/01,3.1,Spike glycoprotein
6ZLR,RBD,HHH,LLL,EEE,False,2020/07/01,3.1,Spike glycoprotein
7CHE,RBD,H,L,R,False,2020/07/05,3.416,Spike protein S1
7CH5,RBD,H,L,R,False,2020/07/05,2.7,Spike protein S1
7CHB,RBD,H,L,R,False,2020/07/05,2.4,Spike protein S1
7CHC,RBD,A,B,R,False,2020/07/05,2.71,Spike protein S1
7CHC,RBD,H,L,A|R,False,2020/07/05,2.71,BD-368-2 Fab H|Spike protein S1
7CHE,RBD,A,B,R,False,2020/07/05,3.416,Spike protein S1
7CH4,RBD,H,L,R,False,2020/07/05,3.15,Spike protein S1
7CHF,RBD,A,B,R,False,2020/07/05,2.674,Spike protein S1
7CHH,RBD,D,E,A,False,2020/07/05,3.49,Spike glycoprotein
7CHH,RBD,G,H,B,False,2020/07/05,3.49,Spike glycoprotein
7CHF,RBD,H,L,R,False,2020/07/05,2.674,Spike protein S1
7CHH,RBD,J,K,C|W,False,2020/07/05,3.49,Spike glycoprotein|2-acetamido-2-deoxy-beta-D-glucopyranose
7CHO,RBD,B,C,A,False,2020/07/06,2.561,Spike protein S1
7CHO,RBD,H,L,E,False,2020/07/06,2.561,Spike protein S1
7CHP,RBD,H,L,E,False,2020/07/06,2.357,Spike protein S1
7CHS,RBD,H,L,E,False,2020/07/06,2.401,Spike protein S1
7CJF,RBD,A,B,C,False,2020/07/10,2.108,Spike protein S1
7CM4,RBD,H,L,A|C|E,False,2020/07/24,2.71,"Spike glycoprotein|NICKEL (II) ION|1,2-ETHANEDIOL"
6ZXN,RBD,F,nan,C,True,2020/07/30,2.93,Spike glycoprotein
6ZXN,RBD,E,nan,B,True,2020/07/30,2.93,Spike glycoprotein
6ZXN,RBD,D,nan,A,True,2020/07/30,2.93,Spike glycoprotein
7JMO,RBD,H,L,A,False,2020/08/02,2.359,Spike protein S1
7JMP,RBD,H,L,A,False,2020/08/02,1.712,Spike protein S1
7JMW,RBD,H,L,A,False,2020/08/03,2.89,Spike protein S1
7A25,RBD,E,nan,B,True,2020/08/16,3.06,Spike glycoprotein
7A25,RBD,D,nan,A,True,2020/08/16,3.06,Spike glycoprotein
7A25,RBD,F,nan,C|W,True,2020/08/16,3.06,Spike glycoprotein|2-acetamido-2-deoxy-beta-D-glucopyranose
7A29,RBD,D,nan,A,True,2020/08/16,2.94,Spike glycoprotein
7A29,RBD,E,nan,B,True,2020/08/16,2.94,Spike glycoprotein
7A29,RBD,F,nan,C,True,2020/08/16,2.94,Spike glycoprotein
7JV4,RBD,D,E,B,False,2020/08/20,3.4,Spike glycoprotein
7JV4,RBD,F,G,C,False,2020/08/20,3.4,Spike glycoprotein
7JV4,RBD,H,L,A|B,False,2020/08/20,3.4,Spike glycoprotein
7JV6,RBD,C,D,B,False,2020/08/20,3.0,Spike glycoprotein
7JV2,RBD,H,L,A,False,2020/08/20,3.5,Spike glycoprotein
7JV6,RBD,H,L,A,False,2020/08/20,3.0,Spike glycoprotein
7JVB,RBD,C,nan,A|G,True,2020/08/20,3.287,Spike protein S1|CACODYLATE ION
7JVB,RBD,D,nan,B|H,True,2020/08/20,3.287,Spike protein S1|CACODYLATE ION
7JVC,RBD,C,D,B|Q,False,2020/08/20,3.3,Spike glycoprotein|beta-D-mannopyranose-(1-4)-2-acetamido-2-deoxy-beta-D-glucopyranose-(1-4)-2-acetamido-2-deoxy-beta-D-glucopyranose
7JV6,RBD,F,G,E,False,2020/08/20,3.0,Spike glycoprotein
7JVC,RBD,F,G,E|V,False,2020/08/20,3.3,Spike glycoprotein|beta-D-mannopyranose-(1-4)-2-acetamido-2-deoxy-beta-D-glucopyranose-(1-4)-2-acetamido-2-deoxy-beta-D-glucopyranose
7JVC,RBD,H,L,A|K,False,2020/08/20,3.3,Spike glycoprotein|beta-D-mannopyranose-(1-4)-2-acetamido-2-deoxy-beta-D-glucopyranose-(1-4)-2-acetamido-2-deoxy-beta-D-glucopyranose
7JX3,RBD,H,L,R,False,2020/08/26,2.65,Spike protein S1
7JX3,RBD,C,D,R,False,2020/08/26,2.65,Spike protein S1
7JX3,RBD,A,B,E|R,False,2020/08/26,2.65,2-acetamido-2-deoxy-beta-D-glucopyranose|Spike protein S1
7CWN,RBD,L,J,C,False,2020/08/29,3.2,Spike glycoprotein
7CWN,RBD,K,I,B,False,2020/08/29,3.2,Spike glycoprotein
7CWN,RBD,O,M,A,False,2020/08/29,3.2,Spike glycoprotein
7CWN,RBD,H,N,C,False,2020/08/29,3.2,Spike glycoprotein
7CWN,RBD,G,F,A,False,2020/08/29,3.2,Spike glycoprotein
7CWN,RBD,E,D,B,False,2020/08/29,3.2,Spike glycoprotein
7CWU,RBD,P,I,C,False,2020/08/31,3.5,Spike glycoprotein
7CWU,RBD,J,F,A,False,2020/08/31,3.5,Spike glycoprotein
7CWS,RBD,N,K,O,False,2020/08/31,3.4,Spike glycoprotein
7CWU,RBD,N,G,B,False,2020/08/31,3.5,Spike glycoprotein
7CWU,RBD,M,R,C,False,2020/08/31,3.5,Spike glycoprotein
7CWU,RBD,H,L,B,False,2020/08/31,3.5,Spike glycoprotein
7CWS,RBD,P,M,R,False,2020/08/31,3.4,Spike glycoprotein
7CWS,RBD,L,C,Q,False,2020/08/31,3.4,Spike glycoprotein
7CWU,RBD,O,S,A,False,2020/08/31,3.5,Spike glycoprotein
7CWS,RBD,I,H,O,False,2020/08/31,3.4,Spike glycoprotein
7CWS,RBD,G,F,R,False,2020/08/31,3.4,Spike glycoprotein
7CWS,RBD,E,D,Q,False,2020/08/31,3.4,Spike glycoprotein
7CYV,RBD,H1,H2,B,False,2020/09/04,3.13,Spike protein S1
7CYP,RBD,I,H,C,False,2020/09/04,3.5,SARS-CoV-2 Spike glycoprotein
7CYP,RBD,E,D,A,False,2020/09/04,3.5,SARS-CoV-2 Spike glycoprotein
7CYP,RBD,G,F,B,False,2020/09/04,3.5,SARS-CoV-2 Spike glycoprotein
7CZZ,RBD,J,N,C,False,2020/09/09,3.2,Spike glycoprotein
7CZV,RBD,I,M,B,False,2020/09/09,3.3,Spike glycoprotein
7CZV,RBD,J,N,C,False,2020/09/09,3.3,Spike glycoprotein
7CZW,RBD,H,L,A,False,2020/09/09,2.8,Spike glycoprotein
7CZW,RBD,J,N,C,False,2020/09/09,2.8,Spike glycoprotein
7CZX,RBD,H,K,A,False,2020/09/09,2.8,Spike glycoprotein
7CZX,RBD,I,M,B|BG|C,False,2020/09/09,2.8,Spike glycoprotein|2-acetamido-2-deoxy-beta-D-glucopyranose
7CZZ,RBD,I,M,B,False,2020/09/09,3.2,Spike glycoprotein
7CZX,RBD,J,N,A|C,False,2020/09/09,2.8,Spike glycoprotein
7CZY,RBD,J,N,C,False,2020/09/09,3.3,Spike glycoprotein
7CZY,RBD,H,K,A,False,2020/09/09,3.3,Spike glycoprotein
7CZZ,RBD,H,K,A,False,2020/09/09,3.2,Spike glycoprotein
7D03,RBD,H,L,A,False,2020/09/09,3.2,Spike glycoprotein
7D00,RBD,J,N,C,False,2020/09/09,3.0,Spike glycoprotein
7D00,RBD,H,K,A,False,2020/09/09,3.0,Spike glycoprotein
7CZV,RBD,H,K,A,False,2020/09/09,3.3,Spike glycoprotein
7CZU,RBD,J,N,C,False,2020/09/09,3.4,Spike glycoprotein
7D0C,RBD,H,L,A,False,2020/09/09,3.4,Spike glycoprotein
7CZT,RBD,I,M,C,False,2020/09/09,2.7,Spike glycoprotein
7CZU,RBD,H,K,A,False,2020/09/09,3.4,Spike glycoprotein
7CZP,RBD,H,L,A|c,False,2020/09/09,3.0,Spike glycoprotein|2-acetamido-2-deoxy-beta-D-glucopyranose-(1-4)-2-acetamido-2-deoxy-beta-D-glucopyranose
7CZP,RBD,J,N,C|d,False,2020/09/09,3.0,Spike glycoprotein|2-acetamido-2-deoxy-beta-D-glucopyranose-(1-4)-2-acetamido-2-deoxy-beta-D-glucopyranose
7CZQ,RBD,H,K,A,False,2020/09/09,2.8,Spike glycoprotein
7D0C,RBD,G,F,C,False,2020/09/09,3.4,Spike glycoprotein
7CZR,RBD,H,K,A,False,2020/09/09,3.5,Spike glycoprotein
7CZR,RBD,J,N,C,False,2020/09/09,3.5,Spike glycoprotein
7CZT,RBD,H,L,A,False,2020/09/09,2.7,Spike glycoprotein
7CZQ,RBD,J,N,C,False,2020/09/09,2.8,Spike glycoprotein
7K43,RBD,C,D,B|E|Z,False,2020/09/14,2.6,Spike glycoprotein|beta-D-mannopyranose-(1-4)-2-acetamido-2-deoxy-beta-D-glucopyranose-(1-4)-[alpha-L-fucopyranose-(1-6)]2-acetamido-2-deoxy-beta-D-glucopyranose
7K43,RBD,F,G,A|E|K,False,2020/09/14,2.6,Spike glycoprotein|beta-D-mannopyranose-(1-4)-2-acetamido-2-deoxy-beta-D-glucopyranose-(1-4)-[alpha-L-fucopyranose-(1-6)]2-acetamido-2-deoxy-beta-D-glucopyranose
7K43,RBD,H,L,A|B|S,False,2020/09/14,2.6,Spike glycoprotein|beta-D-mannopyranose-(1-4)-2-acetamido-2-deoxy-beta-D-glucopyranose-(1-4)-[alpha-L-fucopyranose-(1-6)]2-acetamido-2-deoxy-beta-D-glucopyranose
7K4N,RBD,H,L,A,False,2020/09/15,3.3,Spike glycoprotein
7K4N,RBD,F,G,E,False,2020/09/15,3.3,Spike glycoprotein
7K4N,RBD,C,D,B,False,2020/09/15,3.3,Spike glycoprotein
7D30,RBD,A1,nan,AD|AH|AI|AK|AO|AS|AU|AY|AZ|B|BA|BS,True,2020/09/17,2.1,"GLYCEROL|ACETATE ION|1,3-BUTANEDIOL|CADMIUM ION|Spike protein S1"
7D2Z,RBD,A,nan,B|F|G,True,2020/09/17,1.97,Spike protein S1|FORMIC ACID|GLYCEROL
7D30,RBD,A2,nan,AJ|AM|AN|AR|B,True,2020/09/17,2.1,"ACETATE ION|1,3-BUTANEDIOL|CADMIUM ION|Spike protein S1"
7K90,RBD,O,P,A|C,False,2020/09/27,3.24,Spike glycoprotein
7K90,RBD,M,N,A|B,False,2020/09/27,3.24,Spike glycoprotein
7K90,RBD,H,L,B|C,False,2020/09/27,3.24,Spike glycoprotein
7K8Z,RBD,M,N,C|H,False,2020/09/27,3.5,Spike glycoprotein|C135 Fab Heavy Chain
7K8T,RBD,O,P,A|AV|C,False,2020/09/27,3.4,Spike glycoprotein|2-acetamido-2-deoxy-beta-D-glucopyranose
7K8Z,RBD,H,L,A|AR|C|K,False,2020/09/27,3.5,Spike glycoprotein|2-acetamido-2-deoxy-beta-D-glucopyranose|alpha-D-mannopyranose-(1-3)-[alpha-D-mannopyranose-(1-6)]beta-D-mannopyranose-(1-4)-2-acetamido-2-deoxy-beta-D-glucopyranose-(1-4)-[alpha-L-fucopyranose-(1-6)]2-acetamido-2-deoxy-beta-D-glucopyranose
7K8T,RBD,H,L,AL|B|C,False,2020/09/27,3.4,2-acetamido-2-deoxy-beta-D-glucopyranose|Spike glycoprotein
7K8S,RBD,O,P,B,False,2020/09/27,3.4,Spike glycoprotein
7K8S,RBD,M,N,B|C,False,2020/09/27,3.4,Spike glycoprotein
7K8S,RBD,H,L,A|C,False,2020/09/27,3.4,Spike glycoprotein
7K8M,RBD,A,B,E,False,2020/09/27,3.2,Spike glycoprotein
7K8T,RBD,M,N,B,False,2020/09/27,3.4,Spike glycoprotein
7K9K,RBD,H,L,A|B,False,2020/09/29,3.14,Spike protein S1|beta-D-mannopyranose-(1-4)-2-acetamido-2-deoxy-beta-D-glucopyranose-(1-4)-[alpha-L-fucopyranose-(1-6)]2-acetamido-2-deoxy-beta-D-glucopyranose
7K9Z,RBD,H,L,B|E,False,2020/09/29,2.95,298 Fab Heavy Chain|Spike protein S1
7K9Z,RBD,B,A,E|H,False,2020/09/29,2.95,Spike protein S1|52 Fab Heavy Chain
7K9J,RBD,J,N,C|p,False,2020/09/29,3.0,Spike glycoprotein|beta-D-mannopyranose-(1-4)-2-acetamido-2-deoxy-beta-D-glucopyranose-(1-4)-[alpha-L-fucopyranose-(1-6)]2-acetamido-2-deoxy-beta-D-glucopyranose
7K9J,RBD,I,M,B|b,False,2020/09/29,3.0,Spike glycoprotein|beta-D-mannopyranose-(1-4)-2-acetamido-2-deoxy-beta-D-glucopyranose-(1-4)-[alpha-L-fucopyranose-(1-6)]2-acetamido-2-deoxy-beta-D-glucopyranose
7K9J,RBD,H,L,A|K,False,2020/09/29,3.0,Spike glycoprotein|beta-D-mannopyranose-(1-4)-2-acetamido-2-deoxy-beta-D-glucopyranose-(1-4)-[alpha-L-fucopyranose-(1-6)]2-acetamido-2-deoxy-beta-D-glucopyranose
7K9H,RBD,I,M,C,False,2020/09/29,3.2,Spike glycoprotein
7K9H,RBD,H,L,A|B,False,2020/09/29,3.2,Spike glycoprotein
7K9I,RBD,H,L,A,False,2020/09/29,3.3,Spike protein S1
7D6I,RBD,B,C,A,False,2020/09/30,3.41,Spike protein S1
7KFV,RBD,C,D,B,False,2020/10/15,2.102,Spike glycoprotein
7KFV,RBD,H,L,A,False,2020/10/15,2.102,Spike glycoprotein
7KFW,RBD,C,D,B,False,2020/10/15,2.792,Spike glycoprotein
7KFW,RBD,F,G,E,False,2020/10/15,2.792,Spike glycoprotein
7KFW,RBD,H,L,A,False,2020/10/15,2.792,Spike glycoprotein
7KFX,RBD,H,L,A,False,2020/10/15,2.226,Spike glycoprotein
7KFY,RBD,H,L,A,False,2020/10/15,2.157,Spike glycoprotein
7KFV,RBD,F,G,E,False,2020/10/15,2.102,Spike glycoprotein
7KGJ,RBD,B,nan,A,True,2020/10/16,2.3,Spike glycoprotein
7KGK,RBD,B,nan,A,True,2020/10/16,2.6,Spike protein S1
7KKK,RBD,D,nan,C|E,True,2020/10/27,3.03,Spike glycoprotein
7KKL,RBD,B,nan,A|C,True,2020/10/27,2.85,Spike glycoprotein
7KKL,RBD,E,nan,C|D,True,2020/10/27,2.85,Spike glycoprotein
7KKL,RBD,F,nan,A|D,True,2020/10/27,2.85,Spike glycoprotein
7KKK,RBD,B,nan,A|C,True,2020/10/27,3.03,Spike glycoprotein
7KKK,RBD,F,nan,A|E,True,2020/10/27,3.03,Spike glycoprotein
7KLG,RBD,H,L,A,False,2020/10/30,3.2,Spike glycoprotein
7KLG,RBD,I,M,B,False,2020/10/30,3.2,Spike glycoprotein
7KLH,RBD,H,L,A,False,2020/10/30,3.0,Spike glycoprotein
7KLH,RBD,I,M,B,False,2020/10/30,3.0,Spike glycoprotein
7KLW,RBD,C,nan,A,True,2020/11/01,2.6,Spike protein S1
7KLW,RBD,B,nan,A,True,2020/11/01,2.6,Spike protein S1
7KMG,RBD,A,B,C,False,2020/11/02,2.16,Spike protein S1
7KMG,RBD,D,E,F,False,2020/11/02,2.16,Spike protein S1
7KMH,RBD,A,B,C,False,2020/11/02,1.72,Spike protein S1
7KMI,RBD,A,B,C|D,False,2020/11/02,1.73,Spike protein S1|GLYCEROL
7KM5,RBD,D,nan,A,True,2020/11/02,3.19,Spike protein S1
7KM5,RBD,C,nan,B,True,2020/11/02,3.19,Spike protein S1
7DEO,RBD,A1,A2,B|F,False,2020/11/04,2.5,Spike protein S1|CALCIUM ION
7KN7,RBD,H,L,A|B,False,2020/11/04,2.73,Spike protein S1|VHH W
7KN4,RBD,H,L,A,False,2020/11/04,2.7,Spike protein S1
7DEO,RBD,C1,C2,D|H,False,2020/11/04,2.5,Spike protein S1|CALCIUM ION
7KN4,RBD,M,N,B,False,2020/11/04,2.7,Spike protein S1
7KN7,RBD,B,nan,A,True,2020/11/04,2.73,Spike protein S1
7KN6,RBD,H,L,A|C,False,2020/11/04,2.55,Spike protein S1|VHH V
7KN5,RBD,E,nan,A|M,True,2020/11/04,1.87,"Spike protein S1|1,2-ETHANEDIOL"
7KN5,RBD,F,nan,B,True,2020/11/04,1.87,Spike protein S1
7KN3,RBD,M,N,B,False,2020/11/04,2.251,Spike protein S1
7KN3,RBD,H,L,A|G|J,False,2020/11/04,2.251,"Spike protein S1|1,2-ETHANEDIOL|SULFATE ION"
7KN6,RBD,C,nan,A,True,2020/11/04,2.55,Spike protein S1
7KN5,RBD,C,nan,A|H|L,True,2020/11/04,1.87,"Spike protein S1|1,2-ETHANEDIOL"
7KN5,RBD,D,nan,B,True,2020/11/04,1.87,Spike protein S1
7DET,RBD,B1,B2,A,False,2020/11/05,2.2,Spike protein S1
7DEU,RBD,B1,B2,A,False,2020/11/05,2.1,Spike protein S1
7DET,RBD,D1,D2,C,False,2020/11/05,2.2,Spike protein S1
7KQB,RBD,K,J,A|C,False,2020/11/14,2.42,Spike glycoprotein
7KQB,RBD,H,L,A,False,2020/11/14,2.42,Spike glycoprotein
7KQE,RBD,H,L,A,False,2020/11/15,2.88,Spike glycoprotein
7KQE,RBD,J,M,C,False,2020/11/15,2.88,Spike glycoprotein
7KQE,RBD,I,N,B,False,2020/11/15,2.88,Spike glycoprotein
7DJZ,RBD,A,B,C,False,2020/11/22,2.397,Spike protein S1
7DK2,RBD,G,H,A|I,False,2020/11/22,3.0,MW07 heavy chain|Spike protein S1
7DK0,RBD,A,B,C,False,2020/11/22,3.199,Spike protein S1
7DK2,RBD,A,B,C|G,False,2020/11/22,3.0,Spike protein S1|MW07 heavy chain
7DK2,RBD,D,E,F,False,2020/11/22,3.0,Spike protein S1
7DK2,RBD,J,K,L,False,2020/11/22,3.0,Spike protein S1
7KSG,RBD,F,nan,C,True,2020/11/22,3.33,Spike glycoprotein
7KSG,RBD,D,nan,A,True,2020/11/22,3.33,Spike glycoprotein
7KSG,RBD,E,nan,B,True,2020/11/22,3.33,Spike glycoprotein
7B18,RBD,F,nan,B,True,2020/11/24,2.62,Spike glycoprotein
7B18,RBD,H,nan,C,True,2020/11/24,2.62,Spike glycoprotein
7B18,RBD,G,nan,B,True,2020/11/24,2.62,Spike glycoprotein
7B18,RBD,E,nan,A,True,2020/11/24,2.62,Spike glycoprotein
7B18,RBD,I,nan,C,True,2020/11/24,2.62,Spike glycoprotein
7B18,RBD,D,nan,A,True,2020/11/24,2.62,Spike glycoprotein
7B3O,RBD,H,L,E,False,2020/12/01,2.0,Spike protein S1
7KZB,RBD,H,L,C,False,2020/12/10,2.83,Spike glycoprotein
7L02,RBD,M,K,A|E|F|H,False,2020/12/10,3.2,Spike glycoprotein|alpha-D-mannopyranose-(1-3)-[alpha-D-mannopyranose-(1-6)]beta-D-mannopyranose-(1-4)-2-acetamido-2-deoxy-beta-D-glucopyranose-(1-4)-2-acetamido-2-deoxy-beta-D-glucopyranose|alpha-D-mannopyranose-(1-2)-alpha-D-mannopyranose-(1-6)-[beta-D-mannopyranose-(1-3)]alpha-D-mannopyranose-(1-6)-[beta-D-mannopyranose-(1-3)]beta-D-mannopyranose-(1-4)-2-acetamido-2-deoxy-beta-D-glucopyranose-(1-4)-2-acetamido-2-deoxy-beta-D-glucopyranose|2G12 heavy chain
7KZB,RBD,A,B,C,False,2020/12/10,2.83,Spike glycoprotein
7L0N,RBD,H,L,AB|AD|R|Z,False,2020/12/11,2.78,SODIUM ION|Spike protein S1|CHLORIDE ION
7L0N,RBD,C,D,I|P|S,False,2020/12/11,2.78,alpha-D-mannopyranose-(1-6)-beta-D-mannopyranose-(1-4)-2-acetamido-2-deoxy-beta-D-glucopyranose-(1-4)-[alpha-L-fucopyranose-(1-6)]2-acetamido-2-deoxy-beta-D-glucopyranose|CHLORIDE ION|Spike protein S1
7L0N,RBD,M,N,AF|AI|AJ|BJ|S,False,2020/12/11,2.78,CHLORIDE ION|Spike protein S1
7L0N,RBD,A,B,G|R,False,2020/12/11,2.78,alpha-D-mannopyranose-(1-6)-alpha-D-mannopyranose-(1-6)-beta-D-mannopyranose-(1-4)-2-acetamido-2-deoxy-beta-D-glucopyranose-(1-4)-[alpha-L-fucopyranose-(1-6)]2-acetamido-2-deoxy-beta-D-glucopyranose|Spike protein S1
7L06,RBD,G,E,B|D|W|X,False,2020/12/11,3.3,Spike glycoprotein|2G12 heavy chain|alpha-D-mannopyranose-(1-3)-[alpha-D-mannopyranose-(1-6)]beta-D-mannopyranose-(1-4)-2-acetamido-2-deoxy-beta-D-glucopyranose-(1-4)-2-acetamido-2-deoxy-beta-D-glucopyranose|alpha-D-mannopyranose-(1-2)-alpha-D-mannopyranose-(1-6)-[beta-D-mannopyranose-(1-3)]alpha-D-mannopyranose-(1-6)-[beta-D-mannopyranose-(1-3)]beta-D-mannopyranose-(1-4)-2-acetamido-2-deoxy-beta-D-glucopyranose-(1-4)-2-acetamido-2-deoxy-beta-D-glucopyranose
7L06,RBD,M,K,A|H|J|N,False,2020/12/11,3.3,Spike glycoprotein|2G12 heavy chain|alpha-D-mannopyranose-(1-3)-[alpha-D-mannopyranose-(1-6)]beta-D-mannopyranose-(1-4)-2-acetamido-2-deoxy-beta-D-glucopyranose-(1-4)-2-acetamido-2-deoxy-beta-D-glucopyranose|alpha-D-mannopyranose-(1-2)-alpha-D-mannopyranose-(1-6)-[beta-D-mannopyranose-(1-3)]alpha-D-mannopyranose-(1-6)-[beta-D-mannopyranose-(1-3)]beta-D-mannopyranose-(1-4)-2-acetamido-2-deoxy-beta-D-glucopyranose-(1-4)-2-acetamido-2-deoxy-beta-D-glucopyranose
7L09,RBD,M,K,A|E|F|H,False,2020/12/11,3.1,Spike glycoprotein|alpha-D-mannopyranose-(1-3)-[alpha-D-mannopyranose-(1-6)]beta-D-mannopyranose-(1-4)-2-acetamido-2-deoxy-beta-D-glucopyranose-(1-4)-2-acetamido-2-deoxy-beta-D-glucopyranose|alpha-D-mannopyranose-(1-2)-alpha-D-mannopyranose-(1-6)-[beta-D-mannopyranose-(1-3)]alpha-D-mannopyranose-(1-6)-[beta-D-mannopyranose-(1-3)]beta-D-mannopyranose-(1-4)-2-acetamido-2-deoxy-beta-D-glucopyranose-(1-4)-2-acetamido-2-deoxy-beta-D-glucopyranose|2G12 heavy chain
7L2E,RBD,G,J,B|X,False,2020/12/16,2.97,Spike glycoprotein|2-acetamido-2-deoxy-beta-D-glucopyranose-(1-4)-2-acetamido-2-deoxy-beta-D-glucopyranose
7L2E,RBD,I,K,C|f,False,2020/12/16,2.97,Spike glycoprotein|2-acetamido-2-deoxy-beta-D-glucopyranose-(1-4)-2-acetamido-2-deoxy-beta-D-glucopyranose
7L2E,RBD,H,L,A|P,False,2020/12/16,2.97,Spike glycoprotein|2-acetamido-2-deoxy-beta-D-glucopyranose-(1-4)-2-acetamido-2-deoxy-beta-D-glucopyranose
7L3N,RBD,D,E,B|C,False,2020/12/18,3.27,Spike glycoprotein
7DPM,RBD,D,E,F,False,2020/12/20,3.304,Spike protein S1
7DPM,RBD,A,B,C,False,2020/12/20,3.304,Spike protein S1
7DPM,RBD,J,K,L,False,2020/12/20,3.304,Spike protein S1
7DPM,RBD,G,H,I,False,2020/12/20,3.304,Spike protein S1
7L5B,RBD,H,L,A,False,2020/12/21,3.18,Spike protein S1
7BEL,RBD,E,F,I|X,False,2020/12/23,2.53,alpha-D-mannopyranose-(1-3)-alpha-D-mannopyranose-(1-6)-[alpha-D-mannopyranose-(1-3)]beta-D-mannopyranose-(1-4)-2-acetamido-2-deoxy-beta-D-glucopyranose-(1-4)-2-acetamido-2-deoxy-beta-D-glucopyranose|Spike glycoprotein
7BEL,RBD,C,D,N|X,False,2020/12/23,2.53,ACETATE ION|Spike glycoprotein
7BEL,RBD,A,B,J|R,False,2020/12/23,2.53,ACETATE ION|Spike glycoprotein
7BEK,RBD,H,L,B|D|E|I|S,False,2020/12/23,2.04,"DI(HYDROXYETHYL)ETHER|SULFATE ION|Spike glycoprotein|CHLORIDE ION|2-AMINO-2-HYDROXYMETHYL-PROPANE-1,3-DIOL"
7BEI,RBD,H,L,B|D|E|I|K,False,2020/12/23,2.3,NITRATE ION|CHLORIDE ION|Spike glycoprotein
7BEH,RBD,H,L,B|E,False,2020/12/23,2.3,2-acetamido-2-deoxy-beta-D-glucopyranose-(1-4)-[alpha-L-fucopyranose-(1-6)]2-acetamido-2-deoxy-beta-D-glucopyranose|Spike glycoprotein
7BEL,RBD,H,L,G|R,False,2020/12/23,2.53,alpha-D-mannopyranose-(1-3)-alpha-D-mannopyranose-(1-6)-[alpha-D-mannopyranose-(1-3)]beta-D-mannopyranose-(1-4)-2-acetamido-2-deoxy-beta-D-glucopyranose-(1-4)-2-acetamido-2-deoxy-beta-D-glucopyranose|Spike glycoprotein
7BEJ,RBD,H,L,E|G,False,2020/12/23,2.42,Spike glycoprotein|FORMIC ACID
7BEP,RBD,D,F,AA|AB|C|T|U|V,False,2020/12/24,2.61,CHLORIDE ION|GLYCINE|Spike glycoprotein|GLUTAMIC ACID
7BEO,RBD,E,F,C|O|X|Y|Z,False,2020/12/24,3.19,COVOX-253H55L heavy chain|ACETATE ION|Spike glycoprotein
7BEM,RBD,H,L,B|E|F|M,False,2020/12/24,2.52,GLYCEROL|Spike glycoprotein|PHOSPHATE ION|PROLINE
7BEN,RBD,A,B,AG|AH|AK|E|H|P|W|X,False,2020/12/24,2.5,IMIDAZOLE|GLYCEROL|BROMIDE ION|Spike glycoprotein|COVOX-253 heavy chain
7BEN,RBD,D,F,AC|C|G|K|R|U,False,2020/12/24,2.5,BROMIDE ION|Spike glycoprotein|COVOX-75 heavy chain|2-acetamido-2-deoxy-beta-D-glucopyranose-(1-4)-[alpha-L-fucopyranose-(1-6)]2-acetamido-2-deoxy-beta-D-glucopyranose|GLYCEROL
7BEN,RBD,G,I,AC|AM|C|D|Y|Z,False,2020/12/24,2.5,BROMIDE ION|Spike glycoprotein|COVOX-253 heavy chain
7BEN,RBD,H,L,A|E|J|O|P|Q,False,2020/12/24,2.5,COVOX-75 heavy chain|Spike glycoprotein|2-acetamido-2-deoxy-beta-D-glucopyranose-(1-4)-[alpha-L-fucopyranose-(1-6)]2-acetamido-2-deoxy-beta-D-glucopyranose|GLYCEROL|BROMIDE ION
7BEO,RBD,A,B,H|N|R|V,False,2020/12/24,3.19,COVOX-253H55L heavy chain|GLYCEROL|Spike glycoprotein|ACETATE ION
7BEO,RBD,C,D,E|J|O|P|S|T|X,False,2020/12/24,3.19,COVOX-75 heavy chain|2-acetamido-2-deoxy-beta-D-glucopyranose-(1-4)-[alpha-L-fucopyranose-(1-6)]2-acetamido-2-deoxy-beta-D-glucopyranose|ACETATE ION|CHLORIDE ION|Spike glycoprotein
7BEP,RBD,A,B,E|P|Q|R|S|X|Y,False,2020/12/24,2.61,Spike glycoprotein|CHLORIDE ION|GLUTAMIC ACID|GLYCINE
7BEO,RBD,H,L,A|G|N|Q|R,False,2020/12/24,3.19,COVOX-75 heavy chain|2-acetamido-2-deoxy-beta-D-glucopyranose-(1-4)-[alpha-L-fucopyranose-(1-6)]2-acetamido-2-deoxy-beta-D-glucopyranose|GLYCEROL|ACETATE ION|Spike glycoprotein
7BEP,RBD,H,L,AD|AE|AH|AN|E|J|M,False,2020/12/24,2.61,IMIDAZOLE|GLYCEROL|GLYCINE|Spike glycoprotein|alpha-D-mannopyranose-(1-3)-[alpha-D-mannopyranose-(1-6)]beta-D-mannopyranose-(1-4)-2-acetamido-2-deoxy-beta-D-glucopyranose-(1-4)-[alpha-L-fucopyranose-(1-6)]2-acetamido-2-deoxy-beta-D-glucopyranose
7BEP,RBD,G,I,AI|AK|AL|AM|AP|C|K|N,False,2020/12/24,2.61,IMIDAZOLE|GLYCINE|GLYCEROL|CHLORIDE ION|Spike glycoprotein|alpha-D-mannopyranose-(1-3)-[alpha-D-mannopyranose-(1-6)]beta-D-mannopyranose-(1-4)-2-acetamido-2-deoxy-beta-D-glucopyranose-(1-4)-[alpha-L-fucopyranose-(1-6)]2-acetamido-2-deoxy-beta-D-glucopyranose
7L7E,RBD,C,D,T|b,False,2020/12/28,3.0,heavy chain of human monoclonal antibody AZD8895|Spike protein S1
7L7E,RBD,E,F,A|G,False,2020/12/28,3.0,heavy chain of human monoclonal antibody AZD8895|Spike protein S1
7L7D,RBD,H,L,B|E,False,2020/12/28,2.5,GLYCEROL|Spike protein S1
7L7E,RBD,H,L,N|R|S|Z,False,2020/12/28,3.0,light chain of human monoclonal antibody Fab AZD1061|PHOSPHATE ION|Spike protein S1
7L7E,RBD,A,B,F|G|Q|X,False,2020/12/28,3.0,light chain of human monoclonal antibody Fab AZD1061|Spike protein S1|PHOSPHATE ION
7L7E,RBD,I,J,K|P|V|Y,False,2020/12/28,3.0,Spike protein S1|light chain of human monoclonal antibody Fab AZD1061|PHOSPHATE ION
7L7E,RBD,M,N,H|S,False,2020/12/28,3.0,heavy chain of human monoclonal antibody AZD8895|Spike protein S1
7L7E,RBD,T,U,AA|D|W|b,False,2020/12/28,3.0,PHOSPHATE ION|light chain of human monoclonal antibody Fab AZD1061|Spike protein S1
7L7E,RBD,O,P,I|K,False,2020/12/28,3.0,heavy chain of human monoclonal antibody AZD8895|Spike protein S1
7LAA,RBD,H,L,A,False,2021/01/06,3.42,Spike glycoprotein
7LAB,RBD,H,L,AR|C,False,2021/01/06,2.97,2-acetamido-2-deoxy-beta-D-glucopyranose|Spike glycoprotein
7LAB,RBD,T,S,A|V,False,2021/01/06,2.97,Spike glycoprotein|2-acetamido-2-deoxy-beta-D-glucopyranose
7LAB,RBD,Y,X,AQ|B,False,2021/01/06,2.97,2-acetamido-2-deoxy-beta-D-glucopyranose|Spike glycoprotein
7LCN,RBD,M,S,K,False,2021/01/11,3.35,Spike glycoprotein
7LCN,RBD,B,D,A,False,2021/01/11,3.35,Spike glycoprotein
7LCN,RBD,H,L,C,False,2021/01/11,3.35,Spike glycoprotein
7LD1,RBD,P,O,A,False,2021/01/12,3.4,Spike glycoprotein
7LD1,RBD,M,N,C,False,2021/01/12,3.4,Spike glycoprotein
7LD1,RBD,H,L,B,False,2021/01/12,3.4,Spike glycoprotein
7LDJ,RBD,H,nan,D,True,2021/01/13,2.36,Spike glycoprotein
7LDJ,RBD,E,nan,B,True,2021/01/13,2.36,Spike glycoprotein
7LDJ,RBD,F,nan,A,True,2021/01/13,2.36,Spike glycoprotein
7LDJ,RBD,G,nan,C,True,2021/01/13,2.36,Spike glycoprotein
7NDA,RBD,H,L,A|C|T,False,2021/01/30,3.3,Spike glycoprotein|2-acetamido-2-deoxy-beta-D-glucopyranose-(1-4)-[alpha-L-fucopyranose-(1-6)]2-acetamido-2-deoxy-beta-D-glucopyranose
7ND9,RBD,H,L,B|P,False,2021/01/30,2.8,Spike glycoprotein|2-acetamido-2-deoxy-beta-D-glucopyranose-(1-4)-[alpha-L-fucopyranose-(1-6)]2-acetamido-2-deoxy-beta-D-glucopyranose
7ND8,RBD,H,L,B,False,2021/01/30,3.5,Spike glycoprotein
7ND5,RBD,H,L,B,False,2021/01/30,3.4,Spike glycoprotein
7NEH,RBD,H,L,B|C|D|E|F|G|J|Y,False,2021/02/04,1.77,"1,2-ETHANEDIOL|Spike glycoprotein|NITRATE ION"
7E23,RBD,B,C,A,False,2021/02/04,3.3,Spike protein S1
7LM8,RBD,M,N,A|B|F|G|P|Q|R,False,2021/02/05,1.936,"Spike protein S1|beta-D-mannopyranose-(1-4)-2-acetamido-2-deoxy-beta-D-glucopyranose-(1-4)-[alpha-L-fucopyranose-(1-6)]2-acetamido-2-deoxy-beta-D-glucopyranose|1,2-ETHANEDIOL"
7LM8,RBD,H,L,A|C|E|J,False,2021/02/05,1.936,"Spike protein S1|1,2-ETHANEDIOL"
7E3O,RBD,H,L,R,False,2021/02/09,2.51,Spike protein S1
7LOP,RBD,B,C,A,False,2021/02/10,2.246,Spike protein S1
7LOP,RBD,H,L,A,False,2021/02/10,2.246,Spike protein S1
7LOP,RBD,X,Y,Z,False,2021/02/10,2.246,Spike protein S1
7LOP,RBD,W,V,Z,False,2021/02/10,2.246,Spike protein S1
7LQ7,RBD,F,G,E,False,2021/02/13,3.4,Spike protein S1
7LQ7,RBD,H,L,A|Q,False,2021/02/13,3.4,Spike protein S1|COVA1-16 light chain
7LQ7,RBD,P,Q,A,False,2021/02/13,3.4,Spike protein S1
7LQ7,RBD,T,U,B|H,False,2021/02/13,3.4,Spike protein S1|CV503 heavy chain
7LQ7,RBD,y,z,E,False,2021/02/13,3.4,Spike protein S1
7LQ7,RBD,C,D,B,False,2021/02/13,3.4,Spike protein S1
7LQV,RBD,H,L,A|E,False,2021/02/15,3.25,Spike glycoprotein|2-acetamido-2-deoxy-beta-D-glucopyranose
7LQV,RBD,W,X,B,False,2021/02/15,3.25,Spike glycoprotein
7LQV,RBD,Y,Z,C,False,2021/02/15,3.25,Spike glycoprotein
7LS9,RBD,D,F,B|L|P,False,2021/02/17,3.42,Spike glycoprotein|1-57 Fab light chain|beta-D-mannopyranose-(1-4)-2-acetamido-2-deoxy-beta-D-glucopyranose-(1-4)-2-acetamido-2-deoxy-beta-D-glucopyranose
7LS9,RBD,E,G,C|F|I,False,2021/02/17,3.42,Spike glycoprotein|1-57 Fab light chain|beta-D-mannopyranose-(1-4)-2-acetamido-2-deoxy-beta-D-glucopyranose-(1-4)-2-acetamido-2-deoxy-beta-D-glucopyranose
7LS9,RBD,H,L,A|G|K,False,2021/02/17,3.42,Spike glycoprotein|1-57 Fab light chain|beta-D-mannopyranose-(1-4)-2-acetamido-2-deoxy-beta-D-glucopyranose-(1-4)-2-acetamido-2-deoxy-beta-D-glucopyranose
7NKT,RBD,BBB,nan,AAA|C|D|E,True,2021/02/18,2.3,Spike protein S1|DI(HYDROXYETHYL)ETHER
7E5O,RBD,H,L,A,False,2021/02/19,2.8,Spike protein S1
7NLL,RBD,C,nan,B,True,2021/02/22,2.89,Spike protein S1
7NLL,RBD,A,nan,D,True,2021/02/22,2.89,Spike protein S1
7NP1,RBD,K,O,D,False,2021/02/26,2.8,Spike protein S1
7NP1,RBD,H,L,A,False,2021/02/26,2.8,Spike protein S1
7NP1,RBD,I,M,B,False,2021/02/26,2.8,Spike protein S1
7NP1,RBD,J,N,C,False,2021/02/26,2.8,Spike protein S1
7E7X,RBD,H,L,A,False,2021/02/28,2.78,Spike protein S1
7E7Y,RBD,A,B,R,False,2021/02/28,2.41,Spike protein S1
7E7Y,RBD,C,D,E,False,2021/02/28,2.41,Spike protein S1
7E7X,RBD,M,N,B,False,2021/02/28,2.78,Spike protein S1
7E88,RBD,G,H,I,False,2021/03/01,3.14,Spike protein S1
7E8F,RBD,H,L,A,False,2021/03/01,3.18,Spike protein S1
7E8F,RBD,D,E,R,False,2021/03/01,3.18,Spike protein S1
7E8F,RBD,C,B,H|R,False,2021/03/01,3.18,N9 H|Spike protein S1
7E8C,RBD,T,V,B,False,2021/03/01,3.16,Spike glycoprotein
7E8C,RBD,S,U,C,False,2021/03/01,3.16,Spike glycoprotein
7E8C,RBD,O,Q,A,False,2021/03/01,3.16,Spike glycoprotein
7E88,RBD,J,K,L,False,2021/03/01,3.14,Spike protein S1
7E8C,RBD,N,P,B,False,2021/03/01,3.16,Spike glycoprotein
7E8C,RBD,K,I,B|S,False,2021/03/01,3.16,Spike glycoprotein|N9 H
7E8C,RBD,H,L,A,False,2021/03/01,3.16,Spike glycoprotein
7E8C,RBD,D,E,C,False,2021/03/01,3.16,Spike glycoprotein
7E86,RBD,A,B,C,False,2021/03/01,2.9,Spike protein S1
7E88,RBD,A,B,C,False,2021/03/01,3.14,Spike protein S1
7E88,RBD,D,E,F,False,2021/03/01,3.14,Spike protein S1
7E8C,RBD,M,J,A|T,False,2021/03/01,3.16,Spike glycoprotein|N9 H
7E8C,RBD,a,Z,C|H,False,2021/03/01,3.16,Spike glycoprotein|N9 H
7E8M,RBD,H,L,E,False,2021/03/02,2.09,Spike protein S1
7LX5,RBD,A,nan,B,True,2021/03/03,3.44,Spike glycoprotein
7LX5,RBD,C,nan,B,True,2021/03/03,3.44,Spike glycoprotein
7E9O,RBD,Y,X,C,False,2021/03/04,3.41,Spike glycoprotein
7E9O,RBD,P,O,B,False,2021/03/04,3.41,Spike glycoprotein
7E9O,RBD,H,L,A,False,2021/03/04,3.41,Spike glycoprotein
7LY2,RBD,G,I,AN|B,False,2021/03/05,2.5,2-acetamido-2-deoxy-beta-D-glucopyranose|Spike glycoprotein
7LY2,RBD,F,C,A|B|P,False,2021/03/05,2.5,Spike glycoprotein|beta-D-mannopyranose-(1-4)-2-acetamido-2-deoxy-beta-D-glucopyranose-(1-4)-[alpha-L-fucopyranose-(1-6)]2-acetamido-2-deoxy-beta-D-glucopyranose
7LY2,RBD,E,D,A|J|V,False,2021/03/05,2.5,Spike glycoprotein|beta-D-mannopyranose-(1-4)-2-acetamido-2-deoxy-beta-D-glucopyranose-(1-4)-[alpha-L-fucopyranose-(1-6)]2-acetamido-2-deoxy-beta-D-glucopyranose
7LY0,RBD,H,L,A|B,False,2021/03/05,2.6,Spike glycoprotein|alpha-D-mannopyranose-(1-4)-2-acetamido-2-deoxy-beta-D-glucopyranose-(1-4)-[alpha-L-fucopyranose-(1-6)]2-acetamido-2-deoxy-beta-D-glucopyranose
7LXZ,RBD,N,O,K|c|d,False,2021/03/05,2.6,Spike glycoprotein|2-acetamido-2-deoxy-beta-D-glucopyranose-(1-4)-2-acetamido-2-deoxy-beta-D-glucopyranose|2-acetamido-2-deoxy-beta-D-glucopyranose-(1-4)-[alpha-L-fucopyranose-(1-6)]2-acetamido-2-deoxy-beta-D-glucopyranose
7LXZ,RBD,M,L,B|K|U,False,2021/03/05,2.6,Spike glycoprotein|beta-D-mannopyranose-(1-4)-2-acetamido-2-deoxy-beta-D-glucopyranose-(1-4)-[alpha-L-fucopyranose-(1-6)]2-acetamido-2-deoxy-beta-D-glucopyranose
7LXZ,RBD,H,J,A|S|T,False,2021/03/05,2.6,Spike glycoprotein|2-acetamido-2-deoxy-beta-D-glucopyranose-(1-4)-2-acetamido-2-deoxy-beta-D-glucopyranose|2-acetamido-2-deoxy-beta-D-glucopyranose-(1-4)-[alpha-L-fucopyranose-(1-6)]2-acetamido-2-deoxy-beta-D-glucopyranose
7LXZ,RBD,G,I,B|X|Y,False,2021/03/05,2.6,Spike glycoprotein|2-acetamido-2-deoxy-beta-D-glucopyranose-(1-4)-2-acetamido-2-deoxy-beta-D-glucopyranose|2-acetamido-2-deoxy-beta-D-glucopyranose-(1-4)-[alpha-L-fucopyranose-(1-6)]2-acetamido-2-deoxy-beta-D-glucopyranose
7LXZ,RBD,F,C,A|B|P,False,2021/03/05,2.6,Spike glycoprotein|beta-D-mannopyranose-(1-4)-2-acetamido-2-deoxy-beta-D-glucopyranose-(1-4)-[alpha-L-fucopyranose-(1-6)]2-acetamido-2-deoxy-beta-D-glucopyranose
7LXY,RBD,N,O,BC|J,False,2021/03/05,2.2,2-acetamido-2-deoxy-beta-D-glucopyranose|Spike glycoprotein
7LXY,RBD,M,K,B|J|S,False,2021/03/05,2.2,Spike glycoprotein|beta-D-mannopyranose-(1-4)-2-acetamido-2-deoxy-beta-D-glucopyranose-(1-4)-[alpha-L-fucopyranose-(1-6)]2-acetamido-2-deoxy-beta-D-glucopyranose
7LXY,RBD,E,D,A|J|V,False,2021/03/05,2.2,Spike glycoprotein|beta-D-mannopyranose-(1-4)-2-acetamido-2-deoxy-beta-D-glucopyranose-(1-4)-[alpha-L-fucopyranose-(1-6)]2-acetamido-2-deoxy-beta-D-glucopyranose
7LXW,RBD,H,L,A|B,False,2021/03/05,2.8,Spike glycoprotein|2-acetamido-2-deoxy-beta-D-glucopyranose-(1-4)-[alpha-L-fucopyranose-(1-6)]2-acetamido-2-deoxy-beta-D-glucopyranose
7LXY,RBD,F,C,A|B|P,False,2021/03/05,2.2,Spike glycoprotein|beta-D-mannopyranose-(1-4)-2-acetamido-2-deoxy-beta-D-glucopyranose-(1-4)-[alpha-L-fucopyranose-(1-6)]2-acetamido-2-deoxy-beta-D-glucopyranose
7LXY,RBD,G,I,AN|B,False,2021/03/05,2.2,2-acetamido-2-deoxy-beta-D-glucopyranose|Spike glycoprotein
7LXY,RBD,H,L,A|Y,False,2021/03/05,2.2,Spike glycoprotein|2-acetamido-2-deoxy-beta-D-glucopyranose
7LXZ,RBD,E,D,A|K|Z,False,2021/03/05,2.6,Spike glycoprotein|beta-D-mannopyranose-(1-4)-2-acetamido-2-deoxy-beta-D-glucopyranose-(1-4)-[alpha-L-fucopyranose-(1-6)]2-acetamido-2-deoxy-beta-D-glucopyranose
7LXX,RBD,H,L,A|B,False,2021/03/05,3.0,Spike glycoprotein|2-acetamido-2-deoxy-beta-D-glucopyranose-(1-4)-[alpha-L-fucopyranose-(1-6)]2-acetamido-2-deoxy-beta-D-glucopyranose
7LY2,RBD,M,K,B|J|S,False,2021/03/05,2.5,Spike glycoprotein|beta-D-mannopyranose-(1-4)-2-acetamido-2-deoxy-beta-D-glucopyranose-(1-4)-[alpha-L-fucopyranose-(1-6)]2-acetamido-2-deoxy-beta-D-glucopyranose
7LY2,RBD,N,O,BC|J,False,2021/03/05,2.5,2-acetamido-2-deoxy-beta-D-glucopyranose|Spike glycoprotein
7LY3,RBD,F,E,B|L|N|Z,False,2021/03/05,3.0,Spike protein S1|alpha-D-mannopyranose-(1-6)-beta-D-mannopyranose-(1-4)-2-acetamido-2-deoxy-beta-D-glucopyranose-(1-4)-[alpha-L-fucopyranose-(1-6)]2-acetamido-2-deoxy-beta-D-glucopyranose|alpha-L-fucopyranose-(1-6)-2-acetamido-2-deoxy-beta-D-glucopyranose|SULFATE ION
7LY3,RBD,D,C,A|G|Q|Y,False,2021/03/05,3.0,Spike protein S1|beta-D-mannopyranose-(1-4)-2-acetamido-2-deoxy-beta-D-glucopyranose-(1-4)-[alpha-L-fucopyranose-(1-6)]2-acetamido-2-deoxy-beta-D-glucopyranose|2-acetamido-2-deoxy-beta-D-glucopyranose|SULFATE ION
7LY2,RBD,H,L,A|Y,False,2021/03/05,2.5,Spike glycoprotein|2-acetamido-2-deoxy-beta-D-glucopyranose
7EAN,RBD,H,L,A,False,2021/03/07,1.91,Spike protein S1
7EAM,RBD,H,L,A,False,2021/03/07,1.4,Spike protein S1
7EAM,RBD,C,D,B,False,2021/03/07,1.4,Spike protein S1
7NX6,RBD,H,L,C|D|E,False,2021/03/17,2.25,CHLORIDE ION|Spike protein S1
7NX7,RBD,A,B,E|J|K|X,False,2021/03/17,2.3,Spike protein S1|GLYCEROL|SULFATE ION|CITRIC ACID
7NX7,RBD,H,L,E,False,2021/03/17,2.3,Spike protein S1
7NX8,RBD,A,B,AD|AF|E|J|K|P|V,False,2021/03/17,1.95,CHLORIDE ION|Spike protein S1|GLYCEROL|SULFATE ION
7NXB,RBD,A,B,D|E|G|N,False,2021/03/17,2.67,SULFATE ION|Spike protein S1|GLYCEROL
7NX8,RBD,H,L,E,False,2021/03/17,1.95,Spike protein S1
7NX9,RBD,A,B,E|F|K|M,False,2021/03/17,2.4,Spike protein S1|SULFATE ION|GLYCEROL
7NX9,RBD,H,L,C|D|E,False,2021/03/17,2.4,SULFATE ION|Spike protein S1
7NXA,RBD,A,B,E|J|R|U|W,False,2021/03/17,2.5,Spike protein S1|SULFATE ION|DI(HYDROXYETHYL)ETHER
7NXA,RBD,H,L,D|E,False,2021/03/17,2.5,SULFATE ION|Spike protein S1
7NX6,RBD,A,B,E|I|J|N|S|Y,False,2021/03/17,2.25,Spike protein S1|CHLORIDE ION|SULFATE ION|GLYCEROL
7NXB,RBD,H,L,C|E,False,2021/03/17,2.67,SULFATE ION|Spike protein S1
7M3I,RBD,H,L,R,False,2021/03/18,2.8,Spike protein S1
7M3I,RBD,A,B,C,False,2021/03/18,2.8,Spike protein S1
7M42,RBD,D,C,E,False,2021/03/19,3.3,Spike protein S1
7M42,RBD,B,A,E,False,2021/03/19,3.3,Spike protein S1
7M6E,RBD,H,L,A|E|U,False,2021/03/25,3.3,Spike glycoprotein|2-acetamido-2-deoxy-beta-D-glucopyranose
7M6E,RBD,D,C,AP|B|E,False,2021/03/25,3.3,2-acetamido-2-deoxy-beta-D-glucopyranose|Spike glycoprotein
7M6D,RBD,H,L,C,False,2021/03/25,3.1,Spike protein S1
7M6D,RBD,A,B,C,False,2021/03/25,3.1,Spike protein S1
7M6E,RBD,F,G,A|B|I,False,2021/03/25,3.3,Spike glycoprotein|2-acetamido-2-deoxy-beta-D-glucopyranose-(1-4)-[alpha-L-fucopyranose-(1-6)]2-acetamido-2-deoxy-beta-D-glucopyranose
7M71,RBD,H,L,A|B,False,2021/03/26,2.66,Spike glycoprotein
7M7B,RBD,H,L,A,False,2021/03/27,2.95,Spike glycoprotein
7M7W,RBD,A,B,S,False,2021/03/29,2.65,Spike protein S1
7M7W,RBD,C,D,S,False,2021/03/29,2.65,Spike protein S1
7M8J,RBD,H,L,A,False,2021/03/29,3.48,Spike protein S1
7M7W,RBD,H,L,R,False,2021/03/29,2.65,Spike protein S1
7M7W,RBD,E,F,R,False,2021/03/29,2.65,Spike protein S1
7EJ5,RBD,I,M,B,False,2021/04/01,3.5,Spike glycoprotein
7EJ5,RBD,J,N,C,False,2021/04/01,3.5,Spike glycoprotein
7EJ5,RBD,H,L,A,False,2021/04/01,3.5,Spike glycoprotein
7EJY,RBD,H,L,R,False,2021/04/03,3.04,Spike protein S1
7EK0,RBD,H,L,R,False,2021/04/03,2.7,Spike protein S1
7MF1,RBD,H,L,A|B,False,2021/04/08,2.092,Spike protein S1|2-acetamido-2-deoxy-beta-D-glucopyranose-(1-4)-[alpha-L-fucopyranose-(1-6)]2-acetamido-2-deoxy-beta-D-glucopyranose
7MFU,RBD,C,nan,A|B|L|M,True,2021/04/11,1.7,"Spike protein S1|Synthetic Nanobody #14 (Sb14)|1,2-ETHANEDIOL|GLYCEROL"
7MFU,RBD,B,nan,A|C|J,True,2021/04/11,1.7,"Spike protein S1|Synthetic nanobody #68 (Sb68)|1,2-ETHANEDIOL"
7MFU,RBD,E,nan,D|F|I,True,2021/04/11,1.7,"Spike protein S1|Synthetic nanobody #68 (Sb68)|1,2-ETHANEDIOL"
7MFU,RBD,F,nan,D|E|H|N|O,True,2021/04/11,1.7,"Spike protein S1|Synthetic Nanobody #14 (Sb14)|1,2-ETHANEDIOL"
7ENF,RBD,P,O,B|R,False,2021/04/16,2.76,Spike glycoprotein|2-acetamido-2-deoxy-beta-D-glucopyranose-(1-4)-2-acetamido-2-deoxy-beta-D-glucopyranose
7OAN,RBD,G,nan,A|B,True,2021/04/19,3.0,Spike glycoprotein
7OAN,RBD,H,nan,B|C,True,2021/04/19,3.0,Spike glycoprotein
7OAO,RBD,FFF,nan,EEE,True,2021/04/19,1.5,Spike protein S1
7OAP,RBD,AAA,nan,EEE,True,2021/04/19,1.901,Spike protein S1
7OAP,RBD,FFF,nan,C|EEE,True,2021/04/19,1.901,CHLORIDE ION|Spike protein S1
7OAN,RBD,F,nan,A|C,True,2021/04/19,3.0,Spike glycoprotein
7OAQ,RBD,FFF,nan,C|EEE,True,2021/04/20,1.55,CHLORIDE ION|Spike protein S1
7OAY,RBD,HHH,nan,GGG,True,2021/04/20,2.34,Spike protein S1
7OAY,RBD,FFF,nan,EEE,True,2021/04/20,2.34,Spike protein S1
7MJH,RBD,D,nan,A,True,2021/04/20,2.66,Spike glycoprotein
7MJH,RBD,E,nan,AU|B|C,True,2021/04/20,2.66,2-acetamido-2-deoxy-beta-D-glucopyranose|Spike glycoprotein
7MJH,RBD,F,nan,A|C,True,2021/04/20,2.66,Spike glycoprotein
7MJI,RBD,E,nan,B,True,2021/04/20,2.81,Spike glycoprotein
7MJJ,RBD,D,E,A,False,2021/04/20,3.32,Spike glycoprotein
7OAQ,RBD,AAA,nan,EEE,True,2021/04/20,1.55,Spike protein S1
7MJJ,RBD,F,G,B,False,2021/04/20,3.32,Spike glycoprotein
7MJK,RBD,F,G,B,False,2021/04/20,2.73,Spike glycoprotein
7MJK,RBD,H,I,C,False,2021/04/20,2.73,Spike glycoprotein
7MJL,RBD,H,L,A,False,2021/04/20,2.95,Spike glycoprotein
7OAY,RBD,DDD,nan,CCC,True,2021/04/20,2.34,Spike protein S1
7OAY,RBD,BBB,nan,AAA,True,2021/04/20,2.34,Spike protein S1
7OAU,RBD,FFF,nan,EEE,True,2021/04/20,1.65,Spike protein S1
7OAU,RBD,BBB,nan,AAA|C,True,2021/04/20,1.65,Spike protein S1|GLYCEROL
7MJK,RBD,D,E,A,False,2021/04/20,2.73,Spike glycoprotein
7OAY,RBD,JJJ,nan,III,True,2021/04/20,2.34,Spike protein S1
7OAY,RBD,LLL,nan,KKK,True,2021/04/20,2.34,Spike protein S1
7MKM,RBD,H,L,A,False,2021/04/24,3.16,Spike protein S1
7MKL,RBD,H,L,A,False,2021/04/24,3.2,Spike glycoprotein
7EPX,RBD,I,M,B,False,2021/04/28,3.0,Spike glycoprotein
7EPX,RBD,H,L,A,False,2021/04/28,3.0,Spike glycoprotein
7MM0,RBD,H,L,A,False,2021/04/29,3.15,Spike glycoprotein
7MMO,RBD,D,E,F,False,2021/04/30,2.427,Spike protein S1
7MMO,RBD,A,B,C,False,2021/04/30,2.427,Spike protein S1
7MSQ,RBD,H,L,A|N,False,2021/05/12,2.29,Spike protein S1|CHLORIDE ION
7MSQ,RBD,D,E,B|J|P,False,2021/05/12,2.29,Spike protein S1|CHLORIDE ION
7MW6,RBD,H,L,C,False,2021/05/15,3.22,Spike glycoprotein
7MW3,RBD,F,G,A|B|d,False,2021/05/15,3.15,Spike glycoprotein|2-acetamido-2-deoxy-beta-D-glucopyranose-(1-4)-2-acetamido-2-deoxy-beta-D-glucopyranose
7MW3,RBD,H,L,C|E,False,2021/05/15,3.15,"Spike glycoprotein|Fab of antibody clone 6, light chain"
7MW4,RBD,D,E,A|B,False,2021/05/15,3.42,Spike glycoprotein
7MW4,RBD,F,G,B|E,False,2021/05/15,3.42,"Spike glycoprotein|Fab of antibody clone 6, light chain"
7MW4,RBD,H,L,C,False,2021/05/15,3.42,Spike glycoprotein
7MW5,RBD,F,G,B,False,2021/05/15,3.42,Spike glycoprotein
7MW5,RBD,H,L,C,False,2021/05/15,3.42,Spike glycoprotein
7MW6,RBD,D,E,A,False,2021/05/15,3.22,Spike glycoprotein
7MW6,RBD,F,G,B,False,2021/05/15,3.22,Spike glycoprotein
7MW3,RBD,D,E,A|C,False,2021/05/15,3.15,Spike glycoprotein
7MW2,RBD,H,L,B|C|d,False,2021/05/15,2.97,Spike glycoprotein|2-acetamido-2-deoxy-beta-D-glucopyranose-(1-4)-2-acetamido-2-deoxy-beta-D-glucopyranose
7MW5,RBD,D,E,A,False,2021/05/15,3.42,Spike glycoprotein
7MW2,RBD,D,E,A|C|W,False,2021/05/15,2.97,Spike glycoprotein|2-acetamido-2-deoxy-beta-D-glucopyranose-(1-4)-2-acetamido-2-deoxy-beta-D-glucopyranose
7MW2,RBD,F,G,A|B|P,False,2021/05/15,2.97,Spike glycoprotein|2-acetamido-2-deoxy-beta-D-glucopyranose-(1-4)-2-acetamido-2-deoxy-beta-D-glucopyranose
7MY3,RBD,H,nan,C,True,2021/05/20,2.9,Spike glycoprotein
7MY3,RBD,E,nan,A,True,2021/05/20,2.9,Spike glycoprotein
7MY3,RBD,D,nan,A|B,True,2021/05/20,2.9,Spike glycoprotein
7MY2,RBD,D,nan,C,True,2021/05/20,2.65,Spike glycoprotein
7MY2,RBD,A,nan,B,True,2021/05/20,2.65,Spike glycoprotein
7MY2,RBD,H,nan,E,True,2021/05/20,2.65,Spike glycoprotein
7OLZ,RBD,B,nan,A,True,2021/05/20,1.75,Spike protein S1
7OLZ,RBD,C,nan,A|D,True,2021/05/20,1.75,Spike protein S1|3-[BENZYL(DIMETHYL)AMMONIO]PROPANE-1-SULFONATE
7MZI,RBD,H,L,A|G|I|K|O|P,False,2021/05/24,1.85,Spike protein S1|GLYCEROL
7MZH,RBD,H,L,E,False,2021/05/24,2.1,Spike protein S1
7MZJ,RBD,H,L,A|F,False,2021/05/24,2.4,Spike protein S1|WCSL 129 heavy chain
7MZG,RBD,H,L,A|C|G,False,2021/05/24,2.0,Spike protein S1|GLYCEROL
7MZF,RBD,H,L,A|D,False,2021/05/24,2.493,Spike protein S1|CHLORIDE ION
7MZJ,RBD,N,M,B|C,False,2021/05/24,2.4,Spike protein S1|WCSL 129 heavy chain
7MZH,RBD,B,C,A,False,2021/05/24,2.1,Spike protein S1
7MZK,RBD,C,D,B,False,2021/05/24,2.25,Spike protein S1
7MZK,RBD,F,E,A,False,2021/05/24,2.25,Spike protein S1
7MZN,RBD,H,L,A,False,2021/05/24,3.1,Spike protein S1
7MZK,RBD,H,L,A|I,False,2021/05/24,2.25,Spike protein S1|2-acetamido-2-deoxy-beta-D-glucopyranose-(1-4)-[alpha-L-fucopyranose-(1-6)]2-acetamido-2-deoxy-beta-D-glucopyranose
7MZK,RBD,N,M,B|G|Q,False,2021/05/24,2.25,Spike protein S1|2-acetamido-2-deoxy-beta-D-glucopyranose-(1-4)-[alpha-L-fucopyranose-(1-6)]2-acetamido-2-deoxy-beta-D-glucopyranose|GLYCEROL
7MZM,RBD,H,L,A,False,2021/05/24,2.3,Spike protein S1
7MZJ,RBD,C,D,B|J|N,False,2021/05/24,2.4,Spike protein S1|GLYCEROL|PDI 93 heavy chain
7MZJ,RBD,F,E,A|H,False,2021/05/24,2.4,Spike protein S1|PDI 93 heavy chain
7N0G,RBD,X,nan,A,True,2021/05/25,3.02,Spike glycoprotein
7N0G,RBD,Z,nan,A|C,True,2021/05/25,3.02,Spike glycoprotein
7N0H,RBD,X,nan,A,True,2021/05/25,3.34,Spike glycoprotein
7N0H,RBD,Z,nan,A|C,True,2021/05/25,3.34,Spike glycoprotein
7N0G,RBD,Y,nan,B|C,True,2021/05/25,3.02,Spike glycoprotein
7EY0,RBD,A,B,R,False,2021/05/29,3.2,Spike glycoprotein
7EY0,RBD,H,L,R,False,2021/05/29,3.2,Spike glycoprotein
7EY5,RBD,B,C,A|H,False,2021/05/29,3.4,Spike glycoprotein|BD-771H
7EY5,RBD,H,L,A,False,2021/05/29,3.4,Spike glycoprotein
7N3I,RBD,H,L,C,False,2021/06/01,2.03,Spike protein S1
7EZV,RBD,H,L,A,False,2021/06/02,3.3,Spike glycoprotein
7EZV,RBD,M,N,A,False,2021/06/02,3.3,Spike glycoprotein
7ORB,RBD,E,F,AI|AJ|AM|AN|AR|C|Q|X,False,2021/06/04,2.5,GLYCEROL|DI(HYDROXYETHYL)ETHER|PHOSPHATE ION|COVOX-253 Fab heavy chain|Spike protein S1
7OR9,RBD,A,B,E|G|M,False,2021/06/04,2.34,Spike protein S1|CHLORIDE ION|TETRAETHYLENE GLYCOL
7OR9,RBD,H,L,E|M,False,2021/06/04,2.34,Spike protein S1|TETRAETHYLENE GLYCOL
7ORA,RBD,A,B,O|R|S|T,False,2021/06/04,2.6,GLYCEROL|Spike protein S1|CHLORIDE ION
7ORA,RBD,D,E,C|Q,False,2021/06/04,2.6,Spike protein S1|GLYCEROL
7ORA,RBD,F,G,J|R|W,False,2021/06/04,2.6,2-acetamido-2-deoxy-beta-D-glucopyranose-(1-4)-[alpha-L-fucopyranose-(1-6)]2-acetamido-2-deoxy-beta-D-glucopyranose|Spike protein S1|CHLORIDE ION
7ORA,RBD,H,L,C|M|Y,False,2021/06/04,2.6,Spike protein S1|2-acetamido-2-deoxy-beta-D-glucopyranose-(1-4)-[alpha-L-fucopyranose-(1-6)]2-acetamido-2-deoxy-beta-D-glucopyranose|CHLORIDE ION
7ORB,RBD,H,L,A|AA|AG|I|R|T|W,False,2021/06/04,2.5,"COVOX-75 Fab heavy chain|2-AMINO-2-HYDROXYMETHYL-PROPANE-1,3-DIOL|PHOSPHATE ION|2-acetamido-2-deoxy-beta-D-glucopyranose-(1-4)-[alpha-L-fucopyranose-(1-6)]2-acetamido-2-deoxy-beta-D-glucopyranose|Spike protein S1|GLYCEROL|CHLORIDE ION"
7ORB,RBD,C,D,AC|AN|E|K|S|X|Z,False,2021/06/04,2.5,"2-AMINO-2-HYDROXYMETHYL-PROPANE-1,3-DIOL|PHOSPHATE ION|COVOX-75 Fab heavy chain|beta-D-mannopyranose-(1-4)-2-acetamido-2-deoxy-beta-D-glucopyranose-(1-4)-[alpha-L-fucopyranose-(1-6)]2-acetamido-2-deoxy-beta-D-glucopyranose|DI(HYDROXYETHYL)ETHER|Spike protein S1|CHLORIDE ION"
7N4I,RBD,H,L,C|D,False,2021/06/04,2.284,Spike protein S1|GLYCEROL
7N4J,RBD,H,L,A,False,2021/06/04,2.207,Spike protein S1
7ORB,RBD,A,B,AD|AE|AG|AP|H|R,False,2021/06/04,2.5,GLYCEROL|PHOSPHATE ION|COVOX-253 Fab heavy chain|Spike protein S1
7N5H,RBD,J,K,C,False,2021/06/05,3.24,Spike glycoprotein
7N5H,RBD,H,L,A,False,2021/06/05,3.24,Spike glycoprotein
7N5H,RBD,E,F,B,False,2021/06/05,3.24,Spike glycoprotein
7F15,RBD,B1,B2,A,False,2021/06/07,2.65,Spike protein S1
7F12,RBD,B1,B2,A,False,2021/06/07,3.15,Spike protein S1
7F0X,RBD,B1,B2,A,False,2021/06/07,2.8,Spike protein S1
7N8H,RBD,C,B,A|AA|K,False,2021/06/14,2.3,Spike glycoprotein|2-acetamido-2-deoxy-beta-D-glucopyranose
7N8H,RBD,H,G,F|K|V,False,2021/06/14,2.3,Spike glycoprotein|2-acetamido-2-deoxy-beta-D-glucopyranose-(1-4)-[alpha-L-fucopyranose-(1-6)]2-acetamido-2-deoxy-beta-D-glucopyranose
7N8I,RBD,H,L,A|C|D,False,2021/06/14,3.0,Spike glycoprotein|2-acetamido-2-deoxy-beta-D-glucopyranose
7N8H,RBD,J,I,A|AN|F,False,2021/06/14,2.3,Spike glycoprotein|2-acetamido-2-deoxy-beta-D-glucopyranose
7N8H,RBD,M,L,A|K|P,False,2021/06/14,2.3,Spike glycoprotein|2-acetamido-2-deoxy-beta-D-glucopyranose-(1-4)-[alpha-L-fucopyranose-(1-6)]2-acetamido-2-deoxy-beta-D-glucopyranose
7N8H,RBD,O,N,BA|F|K,False,2021/06/14,2.3,2-acetamido-2-deoxy-beta-D-glucopyranose|Spike glycoprotein
7N8H,RBD,E,D,A|F|S,False,2021/06/14,2.3,Spike glycoprotein|2-acetamido-2-deoxy-beta-D-glucopyranose-(1-4)-[alpha-L-fucopyranose-(1-6)]2-acetamido-2-deoxy-beta-D-glucopyranose
7F3Q,RBD,C,B,A,False,2021/06/16,3.3,Spike glycoprotein
7F3Q,RBD,H,L,A,False,2021/06/16,3.3,Spike glycoprotein
7N9A,RBD,A,nan,E,True,2021/06/17,3.5,Spike protein S1
7N9T,RBD,D,nan,C,True,2021/06/18,3.18,Spike glycoprotein
7N9T,RBD,F,nan,B,True,2021/06/18,3.18,Spike glycoprotein
7N9T,RBD,E,nan,A,True,2021/06/18,3.18,Spike glycoprotein
7F5G,RBD,B,nan,A|M|O|Z,True,2021/06/22,1.75,Spike glycoprotein|GLYCEROL|ACETATE ION
7F5G,RBD,D,nan,AD|AE|C,True,2021/06/22,1.75,GLYCEROL|ACETATE ION|Spike glycoprotein
7F5H,RBD,C,nan,A|G,True,2021/06/22,3.0,SARS-CoV-2 Spike Receptor-Binding Domain (RBD)|GLYCEROL
7F5H,RBD,D,nan,B|H,True,2021/06/22,3.0,SARS-CoV-2 Spike Receptor-Binding Domain (RBD)|GLYCEROL
7R6X,RBD,H,L,F|R,False,2021/06/23,2.95,CHLORIDE ION|Spike protein S1
7R6X,RBD,C,D,R,False,2021/06/23,2.95,Spike protein S1
7R6X,RBD,A,B,E|G|R,False,2021/06/23,2.95,2-acetamido-2-deoxy-beta-D-glucopyranose|CHLORIDE ION|Spike protein S1
7R6W,RBD,A,B,C|K|N|R|S|T|U,False,2021/06/23,1.83,2-acetamido-2-deoxy-beta-D-glucopyranose-(1-4)-2-acetamido-2-deoxy-beta-D-glucopyranose|GLYCEROL|SULFATE ION|Spike protein S1|CHLORIDE ION
7R6W,RBD,H,L,AC|AD|AI|AJ|AK|R|W|X|Z,False,2021/06/23,1.83,SULFATE ION|CHLORIDE ION|N-PROPANOL|Spike protein S1
7F6Y,RBD,H,L,R,False,2021/06/26,3.0,Spike protein S1
7R8L,RBD,C,D,E,False,2021/06/26,2.6,Spike protein S1
7R8L,RBD,H,L,E,False,2021/06/26,2.6,Spike protein S1
7R8M,RBD,D,E,AD|B|C,False,2021/06/26,3.4,2-acetamido-2-deoxy-beta-D-glucopyranose|Spike glycoprotein
7R8M,RBD,H,L,B|D|G,False,2021/06/26,3.4,Spike glycoprotein|C032 Fab Heavy Chain|2-acetamido-2-deoxy-beta-D-glucopyranose-(1-4)-[alpha-L-fucopyranose-(1-6)]2-acetamido-2-deoxy-beta-D-glucopyranose
7R8O,RBD,H,L,B|E|Q,False,2021/06/26,3.5,Spike glycoprotein|alpha-D-mannopyranose-(1-6)-beta-D-mannopyranose-(1-4)-2-acetamido-2-deoxy-beta-D-glucopyranose-(1-4)-[alpha-L-fucopyranose-(1-6)]2-acetamido-2-deoxy-beta-D-glucopyranose
7R8O,RBD,M,N,A|D|E,False,2021/06/26,3.5,Spike glycoprotein|2-acetamido-2-deoxy-beta-D-glucopyranose-(1-4)-[alpha-L-fucopyranose-(1-6)]2-acetamido-2-deoxy-beta-D-glucopyranose
7R8O,RBD,O,P,A|B|I,False,2021/06/26,3.5,Spike glycoprotein|beta-D-mannopyranose-(1-4)-2-acetamido-2-deoxy-beta-D-glucopyranose-(1-4)-[alpha-L-fucopyranose-(1-6)]2-acetamido-2-deoxy-beta-D-glucopyranose
7F6Z,RBD,H,L,R,False,2021/06/26,3.0,Spike protein S1
7F7E,RBD,C,L,A|E,False,2021/06/29,2.49,2-acetamido-2-deoxy-beta-D-glucopyranose|Spike protein S1
7F7H,RBD,A,B,E,False,2021/06/29,3.19,Spike glycoprotein S1
7F7H,RBD,C,D,F,False,2021/06/29,3.19,Spike glycoprotein S1
7RA8,RBD,F,G,E,False,2021/06/30,3.1,Spike glycoprotein
7RA8,RBD,H,L,A,False,2021/06/30,3.1,Spike glycoprotein
7RA8,RBD,C,D,B,False,2021/06/30,3.1,Spike glycoprotein
7RBY,RBD,D,nan,C,True,2021/07/06,2.82,Spike protein S1
7RBY,RBD,B,nan,A,True,2021/07/06,2.82,Spike protein S1
7FAU,RBD,B,nan,A|G,True,2021/07/07,2.08,Spike protein S1|ZINC ION
7FAU,RBD,D,nan,C,True,2021/07/07,2.08,Spike protein S1
7FAT,RBD,B,nan,A,True,2021/07/07,1.99,Spike protein S1
7P40,RBD,I,H,G,False,2021/07/09,3.5,Spike glycoprotein
7P40,RBD,C,D,E,False,2021/07/09,3.5,Spike glycoprotein
7P40,RBD,F,B,A,False,2021/07/09,3.5,Spike glycoprotein
7FBK,RBD,C,nan,A,True,2021/07/11,1.9,Spike protein S1
7FBJ,RBD,B,nan,A,True,2021/07/11,2.85,Spike protein S1
7FBJ,RBD,D,nan,C,True,2021/07/11,2.85,Spike protein S1
7FBJ,RBD,F,nan,E,True,2021/07/11,2.85,Spike protein S1
7FBJ,RBD,H,nan,G,True,2021/07/11,2.85,Spike protein S1
7FBK,RBD,D,nan,B,True,2021/07/11,1.9,Spike protein S1
7FBJ,RBD,P,nan,O,True,2021/07/11,2.85,Spike protein S1
7FBJ,RBD,N,nan,M,True,2021/07/11,2.85,Spike protein S1
7FBJ,RBD,L,nan,K,True,2021/07/11,2.85,Spike protein S1
7FBJ,RBD,J,nan,I,True,2021/07/11,2.85,Spike protein S1
7FCQ,RBD,H,L,A|C,False,2021/07/15,1.89,Spike protein S1|GLYCEROL
7FCP,RBD,H,L,A,False,2021/07/15,2.4,Spike protein S1
7FCP,RBD,B,D,A,False,2021/07/15,2.4,Spike protein S1
7P78,RBD,Y,nan,E,True,2021/07/19,3.32,Spike glycoprotein
7P78,RBD,B,nan,A|C,True,2021/07/19,3.32,Spike glycoprotein
7P78,RBD,H,nan,E,True,2021/07/19,3.32,Spike glycoprotein
7P77,RBD,A,nan,B,True,2021/07/19,2.98,Spike glycoprotein
7P77,RBD,D,nan,C,True,2021/07/19,2.98,Spike glycoprotein
7P78,RBD,W,nan,C,True,2021/07/19,3.32,Spike glycoprotein
7P77,RBD,W,nan,B,True,2021/07/19,2.98,Spike glycoprotein
7P77,RBD,X,nan,E,True,2021/07/19,2.98,Spike glycoprotein
7P77,RBD,Y,nan,C,True,2021/07/19,2.98,Spike glycoprotein
7P78,RBD,D,nan,C,True,2021/07/19,3.32,Spike glycoprotein
7P77,RBD,H,nan,E,True,2021/07/19,2.98,Spike glycoprotein
7RKS,RBD,I,M,S,False,2021/07/22,2.7,Spike protein S1
7RKU,RBD,G,I,A,False,2021/07/22,3.2,Spike protein S1
7RKV,RBD,G,L,C,False,2021/07/22,3.45,Spike glycoprotein
7RKV,RBD,E,F,A,False,2021/07/22,3.45,Spike glycoprotein
7RKV,RBD,D,H,B,False,2021/07/22,3.45,Spike glycoprotein
7RKU,RBD,J,K,B,False,2021/07/22,3.2,Spike protein S1
7RKS,RBD,H,L,R,False,2021/07/22,2.7,Spike protein S1
7FH0,RBD,C2,nan,A|J|M,True,2021/07/28,3.2,"Spike protein S1,Spike protein S1|DI(HYDROXYETHYL)ETHER|GLYCEROL"
7FH0,RBD,C1,nan,A,True,2021/07/28,3.2,"Spike protein S1,Spike protein S1"
7FH0,RBD,B1,nan,A|F|J,True,2021/07/28,3.2,"Spike protein S1,Spike protein S1|DI(HYDROXYETHYL)ETHER"
7FH0,RBD,B2,nan,A|G|K,True,2021/07/28,3.2,"Spike protein S1,Spike protein S1|DI(HYDROXYETHYL)ETHER|GLYCEROL"
7FJC,RBD,H,L,E,False,2021/08/03,2.96,Spike protein S1
7FJS,RBD,H,L,E,False,2021/08/04,2.9,Spike protein S1
7FJS,RBD,C,A,B|H|L,False,2021/08/04,2.9,Spike protein S1|T6 heavy chain|T6 light chain
7FJO,RBD,J,K,B,False,2021/08/04,3.34,Spike glycoprotein
7FJO,RBD,F,G,C,False,2021/08/04,3.34,Spike glycoprotein
7FJO,RBD,H,L,A,False,2021/08/04,3.34,Spike glycoprotein
7V2A,RBD,G,F,A|B|X,False,2021/08/07,3.4,Spike glycoprotein|2-acetamido-2-deoxy-beta-D-glucopyranose
7V2A,RBD,I,H,AF|B|C,False,2021/08/07,3.4,2-acetamido-2-deoxy-beta-D-glucopyranose|Spike glycoprotein
7V23,RBD,O,P,A,False,2021/08/07,2.96,Spike glycoprotein
7V23,RBD,Q,R,B,False,2021/08/07,2.96,Spike glycoprotein
7V2A,RBD,E,D,A|C|P,False,2021/08/07,3.4,Spike glycoprotein|2-acetamido-2-deoxy-beta-D-glucopyranose
7V23,RBD,S,T,C,False,2021/08/07,2.96,Spike glycoprotein
7V24,RBD,H,L,A,False,2021/08/07,3.29,Spike glycoprotein
7RR0,RBD,B,C,A,False,2021/08/08,3.12,Spike protein S1
7V3L,RBD,F,G,B,False,2021/08/10,3.47,Spike glycoprotein
7V3L,RBD,D,E,A,False,2021/08/10,3.47,Spike glycoprotein
7V3L,RBD,H,I,C,False,2021/08/10,3.47,Spike glycoprotein
7RU4,RBD,H,L,A|B,False,2021/08/16,3.3,Spike glycoprotein|2-acetamido-2-deoxy-beta-D-glucopyranose-(1-4)-[alpha-L-fucopyranose-(1-6)]2-acetamido-2-deoxy-beta-D-glucopyranose
7RU3,RBD,E,F,B|I,False,2021/08/16,3.3,Spike glycoprotein|2-acetamido-2-deoxy-beta-D-glucopyranose-(1-4)-[alpha-L-fucopyranose-(1-6)]2-acetamido-2-deoxy-beta-D-glucopyranose
7RU3,RBD,H,L,A|D,False,2021/08/16,3.3,Spike glycoprotein|2-acetamido-2-deoxy-beta-D-glucopyranose-(1-4)-2-acetamido-2-deoxy-beta-D-glucopyranose
7V5J,RBD,G,F,C,False,2021/08/17,2.8,Spike glycoprotein
7V5J,RBD,E,D,A,False,2021/08/17,2.8,Spike glycoprotein
7V5J,RBD,I,H,B,False,2021/08/17,2.8,Spike glycoprotein
7V5K,RBD,E,D,A,False,2021/08/17,2.8,Spike glycoprotein
7V5K,RBD,G,F,C,False,2021/08/17,2.8,Spike glycoprotein
7V5K,RBD,I,H,B,False,2021/08/17,2.8,Spike glycoprotein
7RW2,RBD,H,L,A|AU|E,False,2021/08/19,3.5,Spike glycoprotein|2-acetamido-2-deoxy-beta-D-glucopyranose|2-acetamido-2-deoxy-beta-D-glucopyranose-(1-4)-2-acetamido-2-deoxy-beta-D-glucopyranose
7RW2,RBD,I,K,C|O,False,2021/08/19,3.5,Spike glycoprotein|2-acetamido-2-deoxy-beta-D-glucopyranose-(1-4)-2-acetamido-2-deoxy-beta-D-glucopyranose
7RW2,RBD,G,J,B|M,False,2021/08/19,3.5,Spike glycoprotein|2-acetamido-2-deoxy-beta-D-glucopyranose-(1-4)-2-acetamido-2-deoxy-beta-D-glucopyranose
7S0D,RBD,O,P,B,False,2021/08/30,3.5,Spike glycoprotein
7S0D,RBD,M,N,A,False,2021/08/30,3.5,Spike glycoprotein
7S0D,RBD,H,L,C,False,2021/08/30,3.5,Spike glycoprotein
7S0C,RBD,M,N,B,False,2021/08/30,3.25,Spike glycoprotein
7S0C,RBD,H,L,A,False,2021/08/30,3.25,Spike glycoprotein
7S0B,RBD,C,D,E,False,2021/08/30,2.9,Spike protein S1
7S0B,RBD,A,B,F,False,2021/08/30,2.9,Spike protein S1
7S4S,RBD,H,L,A|F,False,2021/09/09,2.05,Spike protein S1|ACETATE ION
7S5P,RBD,H,L,A|D|E|G|R,False,2021/09/11,2.86,Spike protein S1|SULFATE ION
7S5Q,RBD,H,L,A|E|P|Q|R|S,False,2021/09/11,2.88,"Spike protein S1|1,2-ETHANEDIOL|SULFATE ION"
7S5R,RBD,B,C,A|W|X,False,2021/09/11,2.45,"Spike protein S1|1,2-ETHANEDIOL|SULFATE ION"
7S5R,RBD,H,L,A|M|N|P|Q|R|T,False,2021/09/11,2.45,"Spike protein S1|1,2-ETHANEDIOL|SULFATE ION"
7S5Q,RBD,B,C,A|O,False,2021/09/11,2.88,Spike protein S1|SULFATE ION
7S6J,RBD,C,D,B,False,2021/09/14,3.4,Spike glycoprotein
7S6J,RBD,F,G,E,False,2021/09/14,3.4,Spike glycoprotein
7S6J,RBD,H,L,A,False,2021/09/14,3.4,Spike glycoprotein
7S6K,RBD,C,D,A|B,False,2021/09/14,3.4,Spike glycoprotein
7S6K,RBD,F,G,B|E,False,2021/09/14,3.4,Spike glycoprotein
7S6K,RBD,H,L,A|E,False,2021/09/14,3.4,Spike glycoprotein
7S83,RBD,B,nan,C,True,2021/09/17,2.52,Spike protein S1
7S83,RBD,A,nan,C,True,2021/09/17,2.52,Spike protein S1
7PR0,RBD,G,F,D|W,False,2021/09/20,2.92,Spike protein S1|CHLORIDE ION
7PQY,RBD,B,C,A,False,2021/09/20,3.0,Spike protein S1
7PQY,RBD,H,L,E,False,2021/09/20,3.0,Spike protein S1
7PQZ,RBD,A,B,E,False,2021/09/20,3.2,Spike protein S1
7PQZ,RBD,H,L,D|E|F,False,2021/09/20,3.2,PHOSPHATE ION|Spike protein S1
7PR0,RBD,C,B,A|V,False,2021/09/20,2.92,Spike protein S1|NITRATE ION
7PR0,RBD,H,L,E|O|P|T|U,False,2021/09/20,2.92,Spike protein S1|NITRATE ION|CHLORIDE ION
7PS6,RBD,C,D,E|J|K,False,2021/09/22,2.26,Spike protein S1|CHLORIDE ION|GLYCEROL
7PS5,RBD,H,L,A|E,False,2021/09/22,3.14,alpha-D-mannopyranose-(1-3)-[alpha-D-mannopyranose-(1-6)]beta-D-mannopyranose-(1-4)-2-acetamido-2-deoxy-beta-D-glucopyranose-(1-4)-[alpha-L-fucopyranose-(1-6)]2-acetamido-2-deoxy-beta-D-glucopyranose|Spike protein S1
7PS4,RBD,H,L,E|G,False,2021/09/22,1.94,Spike protein S1|CHLORIDE ION
7PS4,RBD,B,C,A|I,False,2021/09/22,1.94,Spike protein S1|CHLORIDE ION
7PS2,RBD,H,L,E|G|P|V|W,False,2021/09/22,2.99,beta-D-mannopyranose-(1-4)-2-acetamido-2-deoxy-beta-D-glucopyranose-(1-4)-[alpha-L-fucopyranose-(1-6)]2-acetamido-2-deoxy-beta-D-glucopyranose|Spike protein S1|DI(HYDROXYETHYL)ETHER|SULFATE ION
7PS2,RBD,A,B,C|G|J|K|Q|T,False,2021/09/22,2.99,GLYCEROL|Spike protein S1|SULFATE ION
7PS0,RBD,H,L,E|G,False,2021/09/22,2.92,Spike protein S1|SULFATE ION
7PS1,RBD,A,B,E|I|L|R,False,2021/09/22,2.4,Spike protein S1|GLYCEROL|IODIDE ION|DI(HYDROXYETHYL)ETHER
7PRZ,RBD,H,L,B|E|N|P,False,2021/09/22,3.2,alpha-L-fucopyranose-(1-6)-2-acetamido-2-deoxy-beta-D-glucopyranose|Spike protein S1|SULFATE ION
7PRY,RBD,H,L,E,False,2021/09/22,3.1,Spike protein S1
7PRY,RBD,F,G,E,False,2021/09/22,3.1,Spike protein S1
7PRY,RBD,C,D,I,False,2021/09/22,3.1,Spike protein S1
7PRY,RBD,A,B,I,False,2021/09/22,3.1,Spike protein S1
7PS6,RBD,H,L,B|C|E,False,2021/09/22,2.26,2-(2-METHOXYETHOXY)ETHANOL|Beta-44 Fab heavy chain|Spike protein S1
7PS0,RBD,B,C,A|I,False,2021/09/22,2.92,Spike protein S1|SULFATE ION
7SBU,RBD,H,L,A,False,2021/09/25,2.53,Spike protein S1
7SC1,RBD,P,Q,C,False,2021/09/26,3.2,Spike glycoprotein
7SC1,RBD,M,N,B,False,2021/09/26,3.2,Spike glycoprotein
7SC1,RBD,H,L,A,False,2021/09/26,3.2,Spike glycoprotein
7SD5,RBD,H,L,A,False,2021/09/29,1.53,Spike protein S1
7SG4,RBD,H,L,A|P,False,2021/10/04,3.43,Spike glycoprotein|2-acetamido-2-deoxy-beta-D-glucopyranose
7VMU,RBD,A1,A2,B,False,2021/10/09,2.89,Spike protein S1
7VNB,RBD,A,nan,B,True,2021/10/10,2.27,Spike protein S1
7VNE,RBD,U,nan,A,True,2021/10/10,3.5,Spike glycoprotein
7VNE,RBD,V,nan,B|C,True,2021/10/10,3.5,Spike glycoprotein
7VNE,RBD,W,nan,C,True,2021/10/10,3.5,Spike glycoprotein
7SI2,RBD,G,F,C,False,2021/10/12,3.2,Spike protein S1
7SI2,RBD,H,L,A,False,2021/10/12,3.2,Spike protein S1
7SI2,RBD,E,D,B,False,2021/10/12,3.2,Spike protein S1
7VOA,RBD,A,nan,B,True,2021/10/13,1.8,Spike glycoprotein
7Q0G,RBD,A,B,AL|AM|AN|AR|C|E|F,False,2021/10/14,1.82,CHLORIDE ION|alpha-D-mannopyranose-(1-3)-beta-D-mannopyranose-(1-4)-2-acetamido-2-deoxy-beta-D-glucopyranose-(1-4)-[alpha-L-fucopyranose-(1-6)]2-acetamido-2-deoxy-beta-D-glucopyranose|Spike protein S1|GLYCEROL
7Q0I,RBD,H,L,AB|C|I|K|S,False,2021/10/14,2.39,2-acetamido-2-deoxy-beta-D-glucopyranose|Spike protein S1|2-acetamido-2-deoxy-beta-D-glucopyranose-(1-4)-2-acetamido-2-deoxy-beta-D-glucopyranose|CHLORIDE ION|DI(HYDROXYETHYL)ETHER
7Q0I,RBD,A,B,D|E|O|P|Z,False,2021/10/14,2.39,Spike protein S1|alpha-L-fucopyranose-(1-6)-2-acetamido-2-deoxy-beta-D-glucopyranose|CHLORIDE ION|2-acetamido-2-deoxy-beta-D-glucopyranose
7Q0G,RBD,H,L,AC|AG|E|J|P|S|T|V|W,False,2021/10/14,1.82,CHLORIDE ION|POTASSIUM ION|Spike protein S1|GLYCEROL
7SJ0,RBD,B,L,A,False,2021/10/15,3.36,Spike glycoprotein
7VQ0,RBD,D,nan,A|AM|B,True,2021/10/18,3.03,Spike glycoprotein|2-acetamido-2-deoxy-beta-D-glucopyranose
7VQ0,RBD,E,nan,B|C,True,2021/10/18,3.03,Spike glycoprotein
7VQ0,RBD,F,nan,C|I,True,2021/10/18,3.03,Spike glycoprotein|2-acetamido-2-deoxy-beta-D-glucopyranose-(1-4)-2-acetamido-2-deoxy-beta-D-glucopyranose
7SN3,RBD,D,E,A|I,False,2021/10/27,3.1,Spike glycoprotein|beta-D-mannopyranose-(1-4)-2-acetamido-2-deoxy-beta-D-glucopyranose-(1-4)-2-acetamido-2-deoxy-beta-D-glucopyranose
7SN3,RBD,F,G,B|J,False,2021/10/27,3.1,Spike glycoprotein|beta-D-mannopyranose-(1-4)-2-acetamido-2-deoxy-beta-D-glucopyranose-(1-4)-2-acetamido-2-deoxy-beta-D-glucopyranose
7SN3,RBD,H,L,C|K,False,2021/10/27,3.1,Spike glycoprotein|beta-D-mannopyranose-(1-4)-2-acetamido-2-deoxy-beta-D-glucopyranose-(1-4)-2-acetamido-2-deoxy-beta-D-glucopyranose
7Q3Q,RBD,B,nan,A|D,True,2021/10/28,2.3,Spike glycoprotein|CHLORIDE ION
7Q3R,RBD,G,nan,A,True,2021/10/28,1.92,Spike glycoprotein
7Q3R,RBD,F,nan,A|I,True,2021/10/28,1.92,Spike glycoprotein|CHLORIDE ION
7SOD,RBD,H,L,A|C|D,False,2021/10/29,3.2,Spike glycoprotein|2-acetamido-2-deoxy-beta-D-glucopyranose
7SOE,RBD,B,L,A|AA|I,False,2021/10/29,2.8,Spike glycoprotein|2-acetamido-2-deoxy-beta-D-glucopyranose|2-acetamido-2-deoxy-beta-D-glucopyranose-(1-4)-2-acetamido-2-deoxy-beta-D-glucopyranose
7SOC,RBD,H,L,A|B,False,2021/10/29,3.3,Spike glycoprotein|alpha-D-mannopyranose-(1-3)-[alpha-D-mannopyranose-(1-6)]beta-D-mannopyranose-(1-4)-2-acetamido-2-deoxy-beta-D-glucopyranose-(1-4)-[alpha-L-fucopyranose-(1-6)]2-acetamido-2-deoxy-beta-D-glucopyranose
7SOE,RBD,H,G,BI|F|K,False,2021/10/29,2.8,2-acetamido-2-deoxy-beta-D-glucopyranose|Spike glycoprotein|2-acetamido-2-deoxy-beta-D-glucopyranose-(1-4)-2-acetamido-2-deoxy-beta-D-glucopyranose
7SOE,RBD,E,D,AR|C|J,False,2021/10/29,2.8,2-acetamido-2-deoxy-beta-D-glucopyranose|Spike glycoprotein|2-acetamido-2-deoxy-beta-D-glucopyranose-(1-4)-2-acetamido-2-deoxy-beta-D-glucopyranose
7SOB,RBD,N,O,BN|K,False,2021/10/29,2.4,2-acetamido-2-deoxy-beta-D-glucopyranose|Spike glycoprotein
7SO9,RBD,O,N,A|AW|BK|K,False,2021/10/29,2.4,Spike glycoprotein|2-acetamido-2-deoxy-beta-D-glucopyranose
7SOB,RBD,H,J,AW|D,False,2021/10/29,2.4,2-acetamido-2-deoxy-beta-D-glucopyranose|Spike glycoprotein
7SOB,RBD,G,I,A|AF,False,2021/10/29,2.4,Spike glycoprotein|2-acetamido-2-deoxy-beta-D-glucopyranose
7SOB,RBD,F,E,AR|AT|D|K,False,2021/10/29,2.4,2-acetamido-2-deoxy-beta-D-glucopyranose|Spike glycoprotein
7SOB,RBD,C,B,A|AA|AC|D,False,2021/10/29,2.4,Spike glycoprotein|2-acetamido-2-deoxy-beta-D-glucopyranose
7SOA,RBD,H,L,A|C|F,False,2021/10/29,3.1,Spike glycoprotein|2-acetamido-2-deoxy-beta-D-glucopyranose
7SOB,RBD,M,L,A|BI|BK|K,False,2021/10/29,2.4,Spike glycoprotein|2-acetamido-2-deoxy-beta-D-glucopyranose
7SO9,RBD,M,L,F|K|Q,False,2021/10/29,2.4,Spike glycoprotein|alpha-L-fucopyranose-(1-6)-2-acetamido-2-deoxy-beta-D-glucopyranose
7SO9,RBD,J,I,AH|AV|F|K,False,2021/10/29,2.4,2-acetamido-2-deoxy-beta-D-glucopyranose|Spike glycoprotein
7SO9,RBD,C,B,A|AG|F|S,False,2021/10/29,2.4,Spike glycoprotein|2-acetamido-2-deoxy-beta-D-glucopyranose
7SO9,RBD,E,D,A|K|R,False,2021/10/29,2.4,Spike glycoprotein|alpha-L-fucopyranose-(1-6)-2-acetamido-2-deoxy-beta-D-glucopyranose
7SO9,RBD,H,G,A|F|P,False,2021/10/29,2.4,Spike glycoprotein|alpha-L-fucopyranose-(1-6)-2-acetamido-2-deoxy-beta-D-glucopyranose
7SPO,RBD,C,nan,A,True,2021/11/02,1.92,Spike protein S1
7SPO,RBD,D,nan,B,True,2021/11/02,1.92,Spike protein S1
7SPP,RBD,C,nan,A,True,2021/11/02,1.96,Spike protein S1
7Q6E,RBD,H,L,A|AI|D,False,2021/11/07,2.7,Spike glycoprotein|2-acetamido-2-deoxy-beta-D-glucopyranose|alpha-D-mannopyranose-(1-2)-alpha-D-mannopyranose-(1-3)-[alpha-D-mannopyranose-(1-6)]beta-D-mannopyranose-(1-4)-2-acetamido-2-deoxy-beta-D-glucopyranose-(1-4)-[alpha-L-fucopyranose-(1-6)]2-acetamido-2-deoxy-beta-D-glucopyranose
7Q6E,RBD,E,F,AL|B|P,False,2021/11/07,2.7,2-acetamido-2-deoxy-beta-D-glucopyranose|Spike glycoprotein|alpha-D-mannopyranose-(1-2)-alpha-D-mannopyranose-(1-3)-beta-D-mannopyranose-(1-4)-2-acetamido-2-deoxy-beta-D-glucopyranose-(1-4)-[alpha-L-fucopyranose-(1-6)]2-acetamido-2-deoxy-beta-D-glucopyranose
7Q6E,RBD,J,K,AZ|C|V,False,2021/11/07,2.7,2-acetamido-2-deoxy-beta-D-glucopyranose|Spike glycoprotein|alpha-D-mannopyranose-(1-2)-alpha-D-mannopyranose-(1-3)-[alpha-D-mannopyranose-(1-6)]beta-D-mannopyranose-(1-4)-2-acetamido-2-deoxy-beta-D-glucopyranose-(1-4)-[alpha-L-fucopyranose-(1-6)]2-acetamido-2-deoxy-beta-D-glucopyranose
7Q9G,RBD,H,L,A,False,2021/11/12,3.3,Spike glycoprotein
7Q9G,RBD,E,F,B,False,2021/11/12,3.3,Spike glycoprotein
7VYR,RBD,A,B,C,False,2021/11/15,2.2,Spike protein S1
7VYR,RBD,H,L,R,False,2021/11/15,2.2,Spike protein S1
7VZT,RBD,B,C,A|D,False,2021/11/16,3.41,Spike protein S1|2-acetamido-2-deoxy-beta-D-glucopyranose-(1-4)-2-acetamido-2-deoxy-beta-D-glucopyranose
7W1S,RBD,B,nan,A,True,2021/11/20,1.997,Spike protein S1
7SWW,RBD,H,L,A|G,False,2021/11/21,3.13,Spike protein S1|2-acetamido-2-deoxy-beta-D-glucopyranose
7SWX,RBD,H,L,A|AD,False,2021/11/21,3.13,Spike glycoprotein|2-acetamido-2-deoxy-beta-D-glucopyranose
7T01,RBD,H,L,A,False,2021/11/29,2.69,Spike protein S1
7QF1,RBD,E,D,F,False,2021/12/03,2.8,Spike protein S1
7QEZ,RBD,H,L,A|C,False,2021/12/03,2.89,Spike protein S1|SULFATE ION
7QF0,RBD,H,L,A|D|E,False,2021/12/03,2.3,Spike protein S1|CHLORIDE ION
7QEZ,RBD,E,F,A,False,2021/12/03,2.89,Spike protein S1
7QF1,RBD,C,B,A,False,2021/12/03,2.8,Spike protein S1
7T3M,RBD,D1,D2,A,False,2021/12/08,3.0,Spike glycoprotein
7T3M,RBD,H1,H2,G,False,2021/12/08,3.0,Spike glycoprotein
7T3M,RBD,I1,I2,C,False,2021/12/08,3.0,Spike glycoprotein
7W9E,RBD,D,E,C,False,2021/12/09,3.1,Spike glycoprotein
7T5O,RBD,H,L,C,False,2021/12/12,3.39,Spike glycoprotein
7T72,RBD,H,L,A,False,2021/12/14,3.177,Spike protein S1
7T7B,RBD,H,L,A,False,2021/12/14,2.59,Spike protein S1
7WBZ,RBD,H,L,A,False,2021/12/17,2.42,Spike protein S1
7WCD,RBD,E,F,H|J,False,2021/12/19,3.3,Spike glycoprotein
7WCD,RBD,G,I,C|J,False,2021/12/19,3.3,Spike glycoprotein
7WCD,RBD,A,B,C|H,False,2021/12/19,3.3,Spike glycoprotein
7WD2,RBD,D,nan,B|E,True,2021/12/20,2.69,Spike protein S1|alpha-L-fucopyranose-(1-6)-2-acetamido-2-deoxy-beta-D-glucopyranose
7WD2,RBD,C,nan,A|G,True,2021/12/20,2.69,Spike protein S1|2-acetamido-2-deoxy-beta-D-glucopyranose
7WCR,RBD,a,b,A,False,2021/12/20,3.5,Spike glycoprotein
7WD1,RBD,C,nan,B,True,2021/12/20,2.5,Spike protein S1
7WD0,RBD,c,d,B,False,2021/12/20,3.3,Spike glycoprotein
7WD0,RBD,a,b,A,False,2021/12/20,3.3,Spike glycoprotein
7WCZ,RBD,a,b,A,False,2021/12/20,3.5,Spike glycoprotein
7WD1,RBD,D,nan,A,True,2021/12/20,2.5,Spike protein S1
7TB8,RBD,J,K,C,False,2021/12/21,2.83,Spike glycoprotein
7WD7,RBD,a,b,A,False,2021/12/21,3.5,Spike glycoprotein
7WD7,RBD,c,d,B,False,2021/12/21,3.5,Spike glycoprotein
7WD7,RBD,e,f,C,False,2021/12/21,3.5,Spike glycoprotein
7TAS,RBD,H,L,E,False,2021/12/21,3.2,Spike glycoprotein
7TAT,RBD,D,E,B,False,2021/12/21,3.2,Spike glycoprotein
7TAT,RBD,F,G,C,False,2021/12/21,3.2,Spike glycoprotein
7TAT,RBD,H,L,A,False,2021/12/21,3.2,Spike glycoprotein
7TB8,RBD,D,E,A|H,False,2021/12/21,2.83,Spike glycoprotein|The heavy chain of SARS-CoV-2 antiboddy antibody B1-182.1
7TBF,RBD,H,L,A|D,False,2021/12/21,3.1,Spike glycoprotein|Heavy chain of SARS-CoV-2 antibody A19-61.1
7TBF,RBD,D,E,A|H,False,2021/12/21,3.1,Spike glycoprotein|Heavy chain of SARS-CoV-2 antibody B1-182.1
7TB8,RBD,F,G,B|C,False,2021/12/21,2.83,Spike glycoprotein
7TB8,RBD,H,L,A|D,False,2021/12/21,2.83,Spike glycoprotein|The heavy chain of SARS-CoV-2 antibody A19-61.1
7WEA,RBD,H,L,A|C,False,2021/12/23,3.3,Spike glycoprotein
7WE8,RBD,H,L,A,False,2021/12/23,3.5,Spike glycoprotein
7WEC,RBD,I,K,C,False,2021/12/23,3.3,Spike glycoprotein
7WEC,RBD,H,L,A|C,False,2021/12/23,3.3,Spike glycoprotein
7WED,RBD,H,L,E,False,2021/12/23,3.5,Spike protein S1
7WEA,RBD,G,I,B,False,2021/12/23,3.3,Spike glycoprotein
7WEC,RBD,G,J,A|B,False,2021/12/23,3.3,Spike glycoprotein
7WHK,RBD,G,nan,A,True,2021/12/30,3.01,Spike glycoprotein
7WHK,RBD,F,nan,C,True,2021/12/30,3.01,Spike glycoprotein
7WHK,RBD,E,nan,B|I,True,2021/12/30,3.01,Spike glycoprotein|2-acetamido-2-deoxy-beta-D-glucopyranose
7WHK,RBD,D,nan,C|H,True,2021/12/30,3.01,Spike glycoprotein|Bn03_nano2
7WHJ,RBD,F,nan,B|C,True,2021/12/30,3.27,Spike glycoprotein
7WHJ,RBD,E,nan,B,True,2021/12/30,3.27,Spike glycoprotein
7WHB,RBD,J,K,B,False,2021/12/30,2.67,Spike glycoprotein
7WHB,RBD,G,H,C,False,2021/12/30,2.67,Spike glycoprotein
7WHB,RBD,D,E,A,False,2021/12/30,2.67,Spike glycoprotein
7WHD,RBD,J,K,B|C,False,2021/12/30,2.65,Spike glycoprotein
7WHJ,RBD,D,nan,A|C|H,True,2021/12/30,3.27,Spike glycoprotein|2-acetamido-2-deoxy-beta-D-glucopyranose
7WHI,RBD,G,nan,A|B,True,2021/12/30,2.93,Spike glycoprotein
7WHI,RBD,F,nan,A,True,2021/12/30,2.93,Spike glycoprotein
7WHI,RBD,E,nan,C,True,2021/12/30,2.93,Spike glycoprotein
7WHI,RBD,D,nan,A|B,True,2021/12/30,2.93,Spike glycoprotein
7WH8,RBD,B,A,C,False,2021/12/30,3.11,Spike glycoprotein
7WHK,RBD,H,nan,A|B,True,2021/12/30,3.01,Spike glycoprotein
7WHD,RBD,G,H,A,False,2021/12/30,2.65,Spike glycoprotein
7WHD,RBD,D,E,C|K,False,2021/12/30,2.65,Spike glycoprotein|antibody ZB8 light chain
7WHZ,RBD,B,D,A|C|L,False,2022/01/01,3.42,Spike protein S1|XMA01 heavy chain variable domain|IG c1437_light_IGLV1-40_IGLJ1
7WHZ,RBD,C,E,A|B,False,2022/01/01,3.42,Spike protein S1|XMA04 heavy chain variable domain
7WHZ,RBD,H,L,A|B|D,False,2022/01/01,3.42,Spike protein S1|XMA04 heavy chain variable domain|IGL c4029_light_IGKV1-39_IGKJ2
7WJZ,RBD,D,N,B|I,False,2022/01/08,3.34,Spike glycoprotein
7WJZ,RBD,G,Q,BA|K|L,False,2022/01/08,3.34,2-acetamido-2-deoxy-beta-D-glucopyranose|Spike glycoprotein
7WJZ,RBD,H,R,BJ|L|M,False,2022/01/08,3.34,2-acetamido-2-deoxy-beta-D-glucopyranose|Spike glycoprotein
7WK0,RBD,A,B,C,False,2022/01/08,3.32,Spike protein S1
7WK0,RBD,D,E,F,False,2022/01/08,3.32,Spike protein S1
7WK9,RBD,a,b,B,False,2022/01/08,3.48,Spike glycoprotein
7WK9,RBD,c,d,C,False,2022/01/08,3.48,Spike glycoprotein
7WJZ,RBD,A,C,B|J|V,False,2022/01/08,3.34,Spike glycoprotein|2-acetamido-2-deoxy-beta-D-glucopyranose
7WJY,RBD,B,C,A|G,False,2022/01/08,3.24,Spike glycoprotein
7WJZ,RBD,F,P,AS|K|M,False,2022/01/08,3.34,2-acetamido-2-deoxy-beta-D-glucopyranose|Spike glycoprotein
7WJY,RBD,E,F,A|D,False,2022/01/08,3.24,Spike glycoprotein
7WJZ,RBD,E,O,I|J,False,2022/01/08,3.34,Spike glycoprotein
7THT,RBD,d,b,V,False,2022/01/12,3.42,Spike glycoprotein
7THT,RBD,a,c,S|V,False,2022/01/12,3.42,Spike glycoprotein
7THT,RBD,H,L,C,False,2022/01/12,3.42,Spike glycoprotein
7QTI,RBD,G,H,K,False,2022/01/14,3.04,"Spike glycoprotein,Envelope glycoprotein"
7QTI,RBD,B,C,A,False,2022/01/14,3.04,"Spike glycoprotein,Envelope glycoprotein"
7QTI,RBD,F,E,A,False,2022/01/14,3.04,"Spike glycoprotein,Envelope glycoprotein"
7QTI,RBD,I,J,D|F,False,2022/01/14,3.04,"Spike glycoprotein,Envelope glycoprotein|P5C3 Heavy Chain"
7WLY,RBD,Y,X,B|C,False,2022/01/14,3.4,Spike glycoprotein
7WLZ,RBD,P,O,B,False,2022/01/14,2.98,Spike glycoprotein
7WM0,RBD,H,L,B,False,2022/01/14,3.35,Spike glycoprotein
7WLY,RBD,P,O,B,False,2022/01/14,3.4,Spike glycoprotein
7WN2,RBD,B,C,A|K|N,False,2022/01/17,2.35,Spike protein S1|SULFATE ION
7WN2,RBD,H,L,J|R,False,2022/01/17,2.35,SULFATE ION|Spike protein S1
7WNB,RBD,H,L,R,False,2022/01/18,2.18,Spike protein S1
7TM0,RBD,N,O,A|Q,False,2022/01/19,3.1,Spike glycoprotein|2-acetamido-2-deoxy-beta-D-glucopyranose
7TM0,RBD,L,M,AX|C,False,2022/01/19,3.1,2-acetamido-2-deoxy-beta-D-glucopyranose|Spike glycoprotein
7TM0,RBD,J,K,AH|AW|B,False,2022/01/19,3.1,2-acetamido-2-deoxy-beta-D-glucopyranose|Spike glycoprotein
7TM0,RBD,I,H,A|U,False,2022/01/19,3.1,Spike glycoprotein|2-acetamido-2-deoxy-beta-D-glucopyranose
7TM0,RBD,G,F,AL|B|C,False,2022/01/19,3.1,2-acetamido-2-deoxy-beta-D-glucopyranose|Spike glycoprotein
7TM0,RBD,E,D,A|BB|C,False,2022/01/19,3.1,Spike glycoprotein|2-acetamido-2-deoxy-beta-D-glucopyranose
7TLY,RBD,A,B,C|I,False,2022/01/19,3.0,beta-D-mannopyranose-(1-4)-2-acetamido-2-deoxy-beta-D-glucopyranose-(1-4)-[alpha-L-fucopyranose-(1-6)]2-acetamido-2-deoxy-beta-D-glucopyranose|Spike glycoprotein
7TN0,RBD,B,A,AY|I|O|P|R|T|U,False,2022/01/20,2.85,"2-acetamido-2-deoxy-beta-D-glucopyranose|Spike protein S1|CHLORIDE ION|1,2-ETHANEDIOL"
7TN0,RBD,C,D,BE|S|W|Y,False,2022/01/20,2.85,2-acetamido-2-deoxy-beta-D-glucopyranose|Spike protein S1|CHLORIDE ION
7TN0,RBD,H,G,I,False,2022/01/20,2.85,Spike protein S1
7TN0,RBD,M,N,AV|AW|BA|S,False,2022/01/20,2.85,"1,2-ETHANEDIOL|Spike protein S1"
7WO5,RBD,F,G,A,False,2022/01/20,3.45,Spike glycoprotein
7WO5,RBD,H,I,C,False,2022/01/20,3.45,Spike glycoprotein
7WO5,RBD,D,E,B,False,2022/01/20,3.45,Spike glycoprotein
7WOB,RBD,H,I,E,False,2022/01/21,3.25,Spike glycoprotein
7WOB,RBD,F,G,C,False,2022/01/21,3.25,Spike glycoprotein
7WOB,RBD,D,B,A,False,2022/01/21,3.25,Spike glycoprotein
7WOA,RBD,F,G,C,False,2022/01/21,3.25,Spike glycoprotein
7WOA,RBD,D,B,A,False,2022/01/21,3.25,Spike glycoprotein
7WOC,RBD,A,B,C,False,2022/01/21,3.35,Spike protein S1
7WOU,RBD,E2,E1,B|D1,False,2022/01/22,3.47,Spike glycoprotein|16L9 Fv
7WOQ,RBD,D2,D1,B,False,2022/01/22,3.47,Spike glycoprotein
7WOU,RBD,D2,D1,B|E2,False,2022/01/22,3.47,Spike glycoprotein|GW01 Fv
7WOU,RBD,F2,F1,C|G2,False,2022/01/22,3.47,Spike glycoprotein|GW01 Fv
7WOU,RBD,G2,G1,C|F1,False,2022/01/22,3.47,Spike glycoprotein|16L9 Fv
7WPF,RBD,X,Y,A,False,2022/01/23,2.92,Spike glycoprotein
7WPF,RBD,U,V,C,False,2022/01/23,2.92,Spike glycoprotein
7WPF,RBD,R,S,B,False,2022/01/23,2.92,Spike glycoprotein
7WPE,RBD,X,Y,B,False,2022/01/23,2.69,Spike glycoprotein
7WPD,RBD,X,Y,A,False,2022/01/23,3.18,Spike glycoprotein
7WPH,RBD,E,D,A,False,2022/01/23,2.89,Spike protein S1
7WPH,RBD,H,L,B,False,2022/01/23,2.89,Spike protein S1
7WPE,RBD,U,V,A|B,False,2022/01/23,2.69,Spike glycoprotein
7TP3,RBD,H,L,Z,False,2022/01/24,2.33,Spike protein S1
7TP4,RBD,H,L,B|Z,False,2022/01/24,1.95,"1,2-ETHANEDIOL|Spike protein S1"
7TPR,RBD,G,nan,C|E,True,2022/01/25,2.39,Spike glycoprotein|Nanobody 8A2
7TPR,RBD,D,nan,B|H,True,2022/01/25,2.39,Spike glycoprotein|Nanobody 7A3
7TPR,RBD,E,nan,C|G,True,2022/01/25,2.39,Spike glycoprotein|Nanobody 7A3
7TPR,RBD,F,nan,A|B,True,2022/01/25,2.39,Spike glycoprotein
7TPR,RBD,H,nan,A|B|D,True,2022/01/25,2.39,Spike glycoprotein|Nanobody 8A2
7WQV,RBD,F1,F2,E,False,2022/01/26,2.8,Spike protein S1
7WQV,RBD,B1,B2,A|AG,False,2022/01/26,2.8,Spike protein S1|CHLORIDE ION
7WQV,RBD,H1,H2,AO|G,False,2022/01/26,2.8,"(4S)-2-METHYL-2,4-PENTANEDIOL|Spike protein S1"
7WQV,RBD,J1,J2,AR|AS|I,False,2022/01/26,2.8,"(4S)-2-METHYL-2,4-PENTANEDIOL|Spike protein S1"
7WQV,RBD,L1,L2,K,False,2022/01/26,2.8,Spike protein S1
7WQV,RBD,N1,N2,M,False,2022/01/26,2.8,Spike protein S1
7WQV,RBD,P1,P2,O,False,2022/01/26,2.8,Spike protein S1
7WR8,RBD,A,B,C|R,False,2022/01/26,3.5,2-acetamido-2-deoxy-beta-D-glucopyranose-(1-4)-[alpha-L-fucopyranose-(1-6)]2-acetamido-2-deoxy-beta-D-glucopyranose|Spike protein S1
7WR9,RBD,A,B,C|F,False,2022/01/26,3.24,beta-D-mannopyranose-(1-4)-2-acetamido-2-deoxy-beta-D-glucopyranose-(1-4)-[alpha-L-fucopyranose-(1-6)]2-acetamido-2-deoxy-beta-D-glucopyranose|Spike protein S1
7WQV,RBD,D1,D2,AK|C,False,2022/01/26,2.8,CALCIUM ION|Spike protein S1
7WRV,RBD,U,V,C,False,2022/01/27,2.47,Spike glycoprotein
7WRO,RBD,H,L,R,False,2022/01/27,3.4,Spike protein S1
7WS0,RBD,G,F,B|H,False,2022/01/28,3.2,Spike glycoprotein|510A5 light chain
7WS0,RBD,I,H,C|D,False,2022/01/28,3.2,Spike glycoprotein|510A5 light chain
7WS1,RBD,E,D,A|C,False,2022/01/28,3.4,Spike glycoprotein
7WS1,RBD,G,F,B|J,False,2022/01/28,3.4,Spike glycoprotein|510A5 light chain
7WS1,RBD,I,H,C|D,False,2022/01/28,3.4,Spike glycoprotein|510A5 light chain
7WS2,RBD,E,D,A,False,2022/01/28,3.3,Spike protein S1
7WS7,RBD,G,F,B|J,False,2022/01/28,3.4,Spike protein S1|510A5 light chain
7WS0,RBD,E,D,A|F|H,False,2022/01/28,3.2,Spike glycoprotein|510A5 light chain
7WT7,RBD,H,D,C,False,2022/02/04,3.4,Spike glycoprotein
7WTF,RBD,I,K,D,False,2022/02/04,3.0,Spike glycoprotein
7WTF,RBD,G,J,C,False,2022/02/04,3.0,Spike glycoprotein
7WTF,RBD,H,L,B,False,2022/02/04,3.0,Spike glycoprotein
7WUE,RBD,E,F,B|J,False,2022/02/08,3.2,Spike protein S1|beta-D-mannopyranose-(1-4)-2-acetamido-2-deoxy-beta-D-glucopyranose-(1-4)-[alpha-L-fucopyranose-(1-6)]2-acetamido-2-deoxy-beta-D-glucopyranose
7R40,RBD,D,F,B,False,2022/02/08,2.9,Spike glycoprotein
7R4I,RBD,E,nan,B,True,2022/02/08,3.2,Spike glycoprotein
7R4I,RBD,D,nan,A,True,2022/02/08,3.2,Spike glycoprotein
7WUE,RBD,C,D,A|H,False,2022/02/08,3.2,Spike protein S1|beta-D-mannopyranose-(1-4)-2-acetamido-2-deoxy-beta-D-glucopyranose-(1-4)-[alpha-L-fucopyranose-(1-6)]2-acetamido-2-deoxy-beta-D-glucopyranose
7R40,RBD,E,G,C,False,2022/02/08,2.9,Spike glycoprotein
7R40,RBD,H,L,A,False,2022/02/08,2.9,Spike glycoprotein
7WVL,RBD,H,L,F,False,2022/02/10,3.0,Spike protein S1
7WWM,RBD,J,N,B|C|Y,False,2022/02/13,2.8,Spike glycoprotein|2-acetamido-2-deoxy-beta-D-glucopyranose-(1-4)-2-acetamido-2-deoxy-beta-D-glucopyranose
7WWM,RBD,I,M,B|R,False,2022/02/13,2.8,Spike glycoprotein|2-acetamido-2-deoxy-beta-D-glucopyranose-(1-4)-2-acetamido-2-deoxy-beta-D-glucopyranose
7WWM,RBD,H,L,A|E,False,2022/02/13,2.8,Spike glycoprotein|2-acetamido-2-deoxy-beta-D-glucopyranose-(1-4)-2-acetamido-2-deoxy-beta-D-glucopyranose
7WWL,RBD,J,N,A|E|M,False,2022/02/13,3.0,Spike glycoprotein|2-acetamido-2-deoxy-beta-D-glucopyranose-(1-4)-2-acetamido-2-deoxy-beta-D-glucopyranose|light chain of ZWD12
7WWL,RBD,H,L,C|Y,False,2022/02/13,3.0,Spike glycoprotein|2-acetamido-2-deoxy-beta-D-glucopyranose-(1-4)-2-acetamido-2-deoxy-beta-D-glucopyranose
7WWL,RBD,I,M,B|R,False,2022/02/13,3.0,Spike glycoprotein|2-acetamido-2-deoxy-beta-D-glucopyranose-(1-4)-2-acetamido-2-deoxy-beta-D-glucopyranose
7WWK,RBD,G,F,B,False,2022/02/13,3.4,Spike glycoprotein
7WWJ,RBD,I,H,B|C,False,2022/02/13,3.5,Spike glycoprotein
7WWJ,RBD,G,F,B,False,2022/02/13,3.5,Spike glycoprotein
7WWI,RBD,I,H,B|C,False,2022/02/13,3.5,Spike glycoprotein
7WWI,RBD,G,F,B,False,2022/02/13,3.5,Spike glycoprotein
7WWI,RBD,E,D,A,False,2022/02/13,3.5,Spike glycoprotein
7WWK,RBD,I,H,B|C,False,2022/02/13,3.4,Spike glycoprotein
7X08,RBD,H,L,A|AS|B,False,2022/02/21,2.7,Spike glycoprotein|2-acetamido-2-deoxy-beta-D-glucopyranose
7X08,RBD,I,M,B|BD|C,False,2022/02/21,2.7,Spike glycoprotein|2-acetamido-2-deoxy-beta-D-glucopyranose
7X08,RBD,J,N,A|AG|C,False,2022/02/21,2.7,Spike glycoprotein|2-acetamido-2-deoxy-beta-D-glucopyranose
7U2E,RBD,H,L,A|C|D|E|J,False,2022/02/23,2.85,Spike protein S1|SULFATE ION
7U2D,RBD,H,L,A|C|D|E,False,2022/02/23,2.76,Spike protein S1|SULFATE ION
7Z0Y,RBD,H,L,R,False,2022/02/23,2.95,Spike protein S1
7Z0X,RBD,H,L,B|R,False,2022/02/23,1.8,4-(2-HYDROXYETHYL)-1-PIPERAZINE ETHANESULFONIC ACID|Spike protein S1
7Z1D,RBD,FFF,nan,EEE,True,2022/02/24,1.55,Spike protein S1
7Z1C,RBD,E,nan,C,True,2022/02/24,1.9,Spike protein S1
7Z1C,RBD,F,nan,A,True,2022/02/24,1.9,Spike protein S1
7X1M,RBD,A,B,E|M,False,2022/02/24,2.74,2-acetamido-2-deoxy-beta-D-glucopyranose-(1-4)-[alpha-L-fucopyranose-(1-6)]2-acetamido-2-deoxy-beta-D-glucopyranose|Spike protein S1
7X1M,RBD,C,D,M,False,2022/02/24,2.74,Spike protein S1
7X1M,RBD,H,L,M,False,2022/02/24,2.74,Spike protein S1
7Z1B,RBD,F,nan,A,True,2022/02/24,2.3,Spike protein S1
7Z1E,RBD,FFF,nan,EEE,True,2022/02/24,1.59,Spike protein S1
7Z1B,RBD,E,nan,C,True,2022/02/24,2.3,Spike protein S1
7Z1B,RBD,D,nan,C,True,2022/02/24,2.3,Spike protein S1
7Z1B,RBD,B,nan,A,True,2022/02/24,2.3,Spike protein S1
7Z1A,RBD,F,nan,A,True,2022/02/24,2.59,Spike protein S1
7Z1A,RBD,E,nan,C,True,2022/02/24,2.59,Spike protein S1
7Z1A,RBD,D,nan,C,True,2022/02/24,2.59,Spike protein S1
7Z1A,RBD,B,nan,A,True,2022/02/24,2.59,Spike protein S1
7Z1C,RBD,D,nan,C|L|N,True,2022/02/24,1.9,Spike protein S1|DI(HYDROXYETHYL)ETHER
7Z1C,RBD,B,nan,A|H|O|P,True,2022/02/24,1.9,Spike protein S1|DI(HYDROXYETHYL)ETHER
7X2H,RBD,C,D,F|H,False,2022/02/25,2.1,Spike protein S1|2-acetamido-2-deoxy-beta-D-glucopyranose
7X29,RBD,H,K,B,False,2022/02/25,2.49,Spike glycoprotein
7X2A,RBD,H,K,A,False,2022/02/25,2.49,MERS-CoV Spike glycoprotein
7X2M,RBD,B,nan,E,True,2022/02/25,1.8,Spike protein S1
7X2L,RBD,B,nan,A|E,True,2022/02/25,2.4,beta-D-mannopyranose-(1-4)-2-acetamido-2-deoxy-beta-D-glucopyranose-(1-4)-[alpha-L-fucopyranose-(1-6)]2-acetamido-2-deoxy-beta-D-glucopyranose|Spike protein S1
7X2K,RBD,H,L,E,False,2022/02/25,2.4,Spike protein S1
7X2K,RBD,B,nan,E,True,2022/02/25,2.4,Spike protein S1
7X2J,RBD,B,nan,S,True,2022/02/25,2.4,Spike protein S1
7X29,RBD,F,G,C,False,2022/02/25,2.49,Spike glycoprotein
7X2H,RBD,A,B,E|G,False,2022/02/25,2.1,Spike protein S1|2-acetamido-2-deoxy-beta-D-glucopyranose
7X4I,RBD,G,nan,B|C,True,2022/03/02,3.38,Spike glycoprotein
7X4I,RBD,E,nan,A|D,True,2022/03/02,3.38,Spike glycoprotein
7X4I,RBD,F,nan,B|C,True,2022/03/02,3.38,Spike glycoprotein
7X4I,RBD,H,nan,A|D,True,2022/03/02,3.38,Spike glycoprotein
7X63,RBD,H,L,R,False,2022/03/06,2.24,Spike protein S1
7X66,RBD,H,L,R,False,2022/03/06,2.4,Spike protein S1
7X6A,RBD,G,J,D,False,2022/03/07,3.5,Spike glycoprotein
7X6A,RBD,H,L,A|B,False,2022/03/07,3.5,Spike glycoprotein
7X6A,RBD,I,K,A,False,2022/03/07,3.5,Spike glycoprotein
7U8E,RBD,H,L,A|E|G,False,2022/03/08,2.29,Spike protein S1|GLYCEROL|CHLORIDE ION
7X7D,RBD,B,nan,A,True,2022/03/09,2.92,Spike protein S1
7X7D,RBD,C,nan,D,True,2022/03/09,2.92,Spike protein S1
7X7D,RBD,F,nan,E,True,2022/03/09,2.92,Spike protein S1
7X7E,RBD,A,nan,D,True,2022/03/09,2.67,Spike protein S1
7X7E,RBD,B,nan,C,True,2022/03/09,2.67,Spike protein S1
7X7E,RBD,E,nan,F,True,2022/03/09,2.67,Spike protein S1
7X7T,RBD,H,L,G,False,2022/03/10,3.48,Spike protein S1
7X7T,RBD,C,D,G,False,2022/03/10,3.48,Spike protein S1
7X7T,RBD,A,B,G,False,2022/03/10,3.48,Spike protein S1
7U9O,RBD,H,L,A,False,2022/03/11,3.4,Spike glycoprotein
7U9P,RBD,H,L,A,False,2022/03/11,3.5,Spike glycoprotein
7UAP,RBD,M,N,B|I,False,2022/03/13,2.8,Spike glycoprotein|2-acetamido-2-deoxy-beta-D-glucopyranose-(1-4)-2-acetamido-2-deoxy-beta-D-glucopyranose
7UAR,RBD,H,L,AA|B|K,False,2022/03/13,3.5,2-acetamido-2-deoxy-beta-D-glucopyranose|Spike glycoprotein|beta-D-mannopyranose-(1-4)-2-acetamido-2-deoxy-beta-D-glucopyranose-(1-4)-[alpha-L-fucopyranose-(1-6)]2-acetamido-2-deoxy-beta-D-glucopyranose
7UAR,RBD,F,G,C,False,2022/03/13,3.5,Spike glycoprotein
7UAR,RBD,D,E,A|Q|T,False,2022/03/13,3.5,Spike glycoprotein|2-acetamido-2-deoxy-beta-D-glucopyranose
7UAQ,RBD,H,L,A|B,False,2022/03/13,3.1,Spike glycoprotein|2-acetamido-2-deoxy-beta-D-glucopyranose-(1-4)-2-acetamido-2-deoxy-beta-D-glucopyranose
7UAP,RBD,O,P,BD|C|R,False,2022/03/13,2.8,2-acetamido-2-deoxy-beta-D-glucopyranose|Spike glycoprotein|2-acetamido-2-deoxy-beta-D-glucopyranose-(1-4)-2-acetamido-2-deoxy-beta-D-glucopyranose
7UAP,RBD,H,L,A|D,False,2022/03/13,2.8,Spike glycoprotein|2-acetamido-2-deoxy-beta-D-glucopyranose-(1-4)-2-acetamido-2-deoxy-beta-D-glucopyranose
7X8W,RBD,H,L,A|C,False,2022/03/15,3.1,Spike glycoprotein|alpha-D-mannopyranose-(1-3)-[alpha-D-mannopyranose-(1-6)]beta-D-mannopyranose-(1-4)-2-acetamido-2-deoxy-beta-D-glucopyranose-(1-4)-[alpha-L-fucopyranose-(1-6)]2-acetamido-2-deoxy-beta-D-glucopyranose
7X93,RBD,E,F,D|G,False,2022/03/15,3.3,Spike glycoprotein
7X96,RBD,H,L,A|G,False,2022/03/15,3.4,alpha-D-mannopyranose-(1-3)-[alpha-D-mannopyranose-(1-6)]beta-D-mannopyranose-(1-4)-2-acetamido-2-deoxy-beta-D-glucopyranose-(1-4)-[alpha-L-fucopyranose-(1-6)]2-acetamido-2-deoxy-beta-D-glucopyranose|Spike glycoprotein
7XCK,RBD,A,B,C|M,False,2022/03/24,2.5,2-acetamido-2-deoxy-beta-D-glucopyranose-(1-4)-[alpha-L-fucopyranose-(1-6)]2-acetamido-2-deoxy-beta-D-glucopyranose|Spike protein S1
7XCO,RBD,O,P,C|b,False,2022/03/24,2.5,Spike glycoprotein|2-acetamido-2-deoxy-beta-D-glucopyranose-(1-4)-2-acetamido-2-deoxy-beta-D-glucopyranose
2VIT,HA,B,A,C,False,1997/12/22,3.25,HEMAGGLUTININ
2VIS,HA,B,A,C,False,1997/12/22,3.25,HEMAGGLUTININ
2VIR,HA,B,A,C,False,1997/12/22,3.25,HEMAGGLUTININ
1QFU,HA,H,L,A,False,1999/04/14,2.8,PROTEIN (HEMAGGLUTININ (HA1 CHAIN))
1EO8,HA,H,L,A,False,2000/03/22,2.8,HEMAGGLUTININ (HA1 CHAIN)
1KEN,HA,H,L,A|C|I,False,2001/11/16,3.5,hemagglutinin HA1|alpha-D-mannopyranose-(1-4)-2-acetamido-2-deoxy-beta-D-glucopyranose-(1-4)-2-acetamido-2-deoxy-beta-D-glucopyranose
1KEN,HA,T,U,C|E|J,False,2001/11/16,3.5,hemagglutinin HA1|alpha-D-mannopyranose-(1-4)-2-acetamido-2-deoxy-beta-D-glucopyranose-(1-4)-2-acetamido-2-deoxy-beta-D-glucopyranose
3FKU,HA,X1,X2,E|F,False,2008/12/17,3.2,Hemagglutinin|Hemagglutinin HA2 chain
3FKU,HA,Z1,Z2,C|D,False,2008/12/17,3.2,Hemagglutinin|Hemagglutinin HA2 chain
3FKU,HA,Y1,Y2,A|B,False,2008/12/17,3.2,Hemagglutinin|Hemagglutinin HA2 chain
3FKU,HA,U1,U2,G|H,False,2008/12/17,3.2,Hemagglutinin|Hemagglutinin HA2 chain
3FKU,HA,S1,S2,I|J,False,2008/12/17,3.2,Hemagglutinin|Hemagglutinin HA2 chain
3FKU,HA,T1,T2,K|L,False,2008/12/17,3.2,Hemagglutinin|Hemagglutinin HA2 chain
3GBM,HA,H,L,A|B,False,2009/02/20,2.7,Hemagglutinin
3GBM,HA,I,M,C|D,False,2009/02/20,2.7,Hemagglutinin
3GBN,HA,H,L,A|B|Q,False,2009/02/20,2.2,"Hemagglutinin|1,2-ETHANEDIOL"
3LZF,HA,H,L,A,False,2010/03/01,2.8,"Hemagglutinin, HA1 Subunit"
3SDY,HA,H,L,A|B|G|N|P,False,2011/06/09,2.85,Hemagglutinin HA1 chain|Hemagglutinin HA2 chain|beta-D-mannopyranose-(1-4)-2-acetamido-2-deoxy-beta-D-glucopyranose-(1-4)-[alpha-L-fucopyranose-(1-6)]2-acetamido-2-deoxy-beta-D-glucopyranose|SULFATE ION
3ZTJ,HA,G,H,A|B|E|F|M,False,2011/07/08,3.41,HEMAGGLUTININ HA1 CHAIN|HEMAGGLUTININ HA2 CHAIN|beta-D-mannopyranose-(1-4)-2-acetamido-2-deoxy-beta-D-glucopyranose-(1-4)-2-acetamido-2-deoxy-beta-D-glucopyranose
3ZTJ,HA,I,J,A|AA|B|C|D|R,False,2011/07/08,3.41,HEMAGGLUTININ HA1 CHAIN|2-acetamido-2-deoxy-beta-D-glucopyranose|HEMAGGLUTININ HA2 CHAIN|2-acetamido-2-deoxy-beta-D-glucopyranose-(1-4)-2-acetamido-2-deoxy-beta-D-glucopyranose
3ZTJ,HA,K,L,C|D|E|F|V,False,2011/07/08,3.41,HEMAGGLUTININ HA1 CHAIN|HEMAGGLUTININ HA2 CHAIN|2-acetamido-2-deoxy-beta-D-glucopyranose-(1-4)-2-acetamido-2-deoxy-beta-D-glucopyranose
3ZTN,HA,H,L,A|B|D|K|N|O,False,2011/07/12,3.001,HAEMAGGLUTININ|beta-D-mannopyranose-(1-4)-2-acetamido-2-deoxy-beta-D-glucopyranose-(1-4)-2-acetamido-2-deoxy-beta-D-glucopyranose|SULFATE ION|GLYCEROL
4F15,HA,B,C,A,False,2012/05/06,2.81,Hemagglutinin
4F15,HA,E,F,D,False,2012/05/06,2.81,Hemagglutinin
4F15,HA,H,I,G,False,2012/05/06,2.81,Hemagglutinin
4F15,HA,K,L,J,False,2012/05/06,2.81,Hemagglutinin
4FP8,HA,J,N,C|Q|U,False,2012/06/21,2.947,Hemagglutinin HA1 chain|ZINC ION
4FP8,HA,K,O,D|W,False,2012/06/21,2.947,Hemagglutinin HA1 chain|ZINC ION
4FP8,HA,H,L,A|P,False,2012/06/21,2.947,Hemagglutinin HA1 chain|ZINC ION
4FP8,HA,I,M,B,False,2012/06/21,2.947,Hemagglutinin HA1 chain
4FQI,HA,H,L,A|B|O|P|T,False,2012/06/25,1.71,"Hemagglutinin HA1|Hemagglutinin HA2|1,2-ETHANEDIOL"
4FQJ,HA,H,L,A,False,2012/06/25,2.5,Hemagglutinin
4GMS,HA,H,L,A|AB|AX,False,2012/08/16,2.95,Hemagglutinin HA1 chain|SULFATE ION
4GMS,HA,I,M,AI|AZ|C,False,2012/08/16,2.95,SULFATE ION|Hemagglutinin HA1 chain
4GMS,HA,J,N,AK|BB|E,False,2012/08/16,2.95,SULFATE ION|Hemagglutinin HA1 chain
4GXU,HA,U,V,I|K,False,2012/09/04,3.294,Hemagglutinin HA1 chain
4GXU,HA,W,X,K,False,2012/09/04,3.294,Hemagglutinin HA1 chain
4GXU,HA,S,T,G|I,False,2012/09/04,3.294,Hemagglutinin HA1 chain
4GXU,HA,O,P,A|C,False,2012/09/04,3.294,Hemagglutinin HA1 chain
4GXU,HA,M,N,A|E,False,2012/09/04,3.294,Hemagglutinin HA1 chain
4GXU,HA,Q,R,C|E,False,2012/09/04,3.294,Hemagglutinin HA1 chain
4HF5,HA,H,L,A,False,2012/10/04,3.004,Hemagglutinin HA1
4HFU,HA,H,L,A,False,2012/10/05,3.106,Hemagglutinin HA1
4HG4,HA,X,Y,H,False,2012/10/06,3.2,Hemagglutinin HA1
4HG4,HA,J,K,A,False,2012/10/06,3.2,Hemagglutinin HA1
4HG4,HA,L,M,B,False,2012/10/06,3.2,Hemagglutinin HA1
4HG4,HA,N,O,C,False,2012/10/06,3.2,Hemagglutinin HA1
4HG4,HA,P,Q,D,False,2012/10/06,3.2,Hemagglutinin HA1
4HG4,HA,R,S,E,False,2012/10/06,3.2,Hemagglutinin HA1
4HG4,HA,T,U,F,False,2012/10/06,3.2,Hemagglutinin HA1
4HG4,HA,V,W,G,False,2012/10/06,3.2,Hemagglutinin HA1
4HG4,HA,Z,z,I,False,2012/10/06,3.2,Hemagglutinin HA1
4HKX,HA,A,B,E,False,2012/10/15,2.5,Hemagglutinin HA1
4HLZ,HA,G,H,A|AA|B|S|V|W,False,2012/10/17,2.9,Hemagglutinin HA1|SULFATE ION|Hemagglutinin HA2|2-acetamido-2-deoxy-beta-D-glucopyranose
4HLZ,HA,I,J,AB|C|D|X,False,2012/10/17,2.9,SULFATE ION|Hemagglutinin HA1|Hemagglutinin HA2
4HLZ,HA,K,L,AD|E|F|Q|Y|Z,False,2012/10/17,2.9,SULFATE ION|Hemagglutinin HA1|Hemagglutinin HA2|2-acetamido-2-deoxy-beta-D-glucopyranose-(1-4)-2-acetamido-2-deoxy-beta-D-glucopyranose|2-acetamido-2-deoxy-beta-D-glucopyranose
4KVN,HA,H,L,A|B|K,False,2013/05/22,3.1,Hemagglutinin|beta-D-mannopyranose-(1-4)-2-acetamido-2-deoxy-beta-D-glucopyranose-(1-4)-2-acetamido-2-deoxy-beta-D-glucopyranose|PHOSPHATE ION
4LVH,HA,E,F,D,False,2013/07/26,2.8,Hemagglutinin
4LVH,HA,H,I,G,False,2013/07/26,2.8,Hemagglutinin
4LVH,HA,B,C,A,False,2013/07/26,2.8,Hemagglutinin
4LVH,HA,K,L,J,False,2013/07/26,2.8,Hemagglutinin
4M5Z,HA,H,L,A,False,2013/08/08,2.25,Hemagglutinin HA1 chain
4O58,HA,H,L,A|S|T|V|W|X|Y,False,2013/12/19,2.7501,Hemagglutinin HA1 chain|SULFATE ION|DI(HYDROXYETHYL)ETHER
4PY8,HA,I,J,A|B|F|G,False,2014/03/26,2.91,Hemagglutinin HA1 chain|Hemagglutinin HA2 chain|MALONATE ION
4UBD,HA,Y,X,M|U|V,False,2014/08/12,3.5,Hemagglutinin HA1 chain|Hemagglutinin HA2 chain
4UBD,HA,S,T,Q|R|U|f,False,2014/08/12,3.5,Hemagglutinin HA1 chain|Hemagglutinin HA2 chain|2-acetamido-2-deoxy-beta-D-glucopyranose-(1-4)-2-acetamido-2-deoxy-beta-D-glucopyranose
4UBD,HA,O,P,M|N|Q,False,2014/08/12,3.5,Hemagglutinin HA1 chain|Hemagglutinin HA2 chain
4UBD,HA,K,L,AC|E|I|J,False,2014/08/12,3.5,2-acetamido-2-deoxy-beta-D-glucopyranose|Hemagglutinin HA1 chain|Hemagglutinin HA2 chain
4UBD,HA,G,H,A|E|F,False,2014/08/12,3.5,Hemagglutinin HA1 chain|Hemagglutinin HA2 chain
4UBD,HA,C,D,A|B|I|Z,False,2014/08/12,3.5,Hemagglutinin HA1 chain|Hemagglutinin HA2 chain|2-acetamido-2-deoxy-beta-D-glucopyranose-(1-4)-2-acetamido-2-deoxy-beta-D-glucopyranose
4R8W,HA,H,L,A|B|C,False,2014/09/03,2.795,Hemagglutinin|2-acetamido-2-deoxy-beta-D-glucopyranose
4XNM,HA,H,L,C,False,2015/01/15,2.51,Hemagglutinin
4XNM,HA,B,A,C|D,False,2015/01/15,2.51,Hemagglutinin
4XRC,HA,B,A,D,False,2015/01/20,2.74,Hemagglutinin
4XRC,HA,H,L,C,False,2015/01/20,2.74,Hemagglutinin
4YJZ,HA,L2,L1,B|E,False,2015/03/03,2.72,2-acetamido-2-deoxy-beta-D-glucopyranose|Hemagglutinin
4YK4,HA,C,B,A,False,2015/03/03,2.8,Hemagglutinin
4YK4,HA,Z,Y,E,False,2015/03/03,2.8,Hemagglutinin
5A3I,HA,G,H,E,False,2015/06/01,2.89,HEMAGGLUTININ
5A3I,HA,C,D,A,False,2015/06/01,2.89,HEMAGGLUTININ
5C0R,HA,H,L,A|B,False,2015/06/12,3.188,"Hemagglutinin, Envelope glycoprotein, Fibritin fusion protein|2-acetamido-2-deoxy-beta-D-glucopyranose-(1-4)-2-acetamido-2-deoxy-beta-D-glucopyranose"
5DUM,HA,H,L,A|C,False,2015/09/19,3.003,Hemagglutinin|2-acetamido-2-deoxy-beta-D-glucopyranose
5DUP,HA,H,L,A,False,2015/09/20,3.052,Hemagglutinin
5DUR,HA,B,D,A,False,2015/09/20,2.82,Hemagglutinin
5DUR,HA,H,L,C,False,2015/09/20,2.82,Hemagglutinin
5IBL,HA,C,D,F,False,2016/02/22,3.39,Hemagglutinin
5IBL,HA,H,L,B,False,2016/02/22,3.39,Hemagglutinin
5K9K,HA,A,B,C|I|J,False,2016/05/31,2.97,alpha-D-mannopyranose-(1-3)-[alpha-D-mannopyranose-(1-6)]beta-D-mannopyranose-(1-4)-2-acetamido-2-deoxy-beta-D-glucopyranose-(1-4)-2-acetamido-2-deoxy-beta-D-glucopyranose|Hemagglutinin
5K9K,HA,H,L,F|M|O,False,2016/05/31,2.97,Hemagglutinin|alpha-D-mannopyranose-(1-4)-alpha-D-mannopyranose-(1-6)-[alpha-D-mannopyranose-(1-3)]beta-D-mannopyranose-(1-4)-2-acetamido-2-deoxy-beta-D-glucopyranose-(1-4)-2-acetamido-2-deoxy-beta-D-glucopyranose|alpha-D-mannopyranose-(1-6)-alpha-D-mannopyranose-(1-6)-beta-D-mannopyranose-(1-4)-2-acetamido-2-deoxy-beta-D-glucopyranose-(1-4)-2-acetamido-2-deoxy-beta-D-glucopyranose
5KAN,HA,J,K,A|E|F|W,False,2016/06/01,2.785,Hemagglutinin HA1|Hemagglutinin HA2|2-acetamido-2-deoxy-beta-D-glucopyranose
5KAN,HA,H,L,A|B|C|N,False,2016/06/01,2.785,Hemagglutinin HA1|Hemagglutinin HA2|2-acetamido-2-deoxy-beta-D-glucopyranose
5K9Q,HA,U,V,AT|O|P|Q,False,2016/06/01,2.503,2-acetamido-2-deoxy-beta-D-glucopyranose|Hemagglutinin HA1|Hemagglutinin HA2
5KAN,HA,G,I,C|D|E|R,False,2016/06/01,2.785,Hemagglutinin HA1|Hemagglutinin HA2|2-acetamido-2-deoxy-beta-D-glucopyranose
5K9Q,HA,X,Y,AY|M|Q|R,False,2016/06/01,2.503,2-acetamido-2-deoxy-beta-D-glucopyranose|Hemagglutinin HA1|Hemagglutinin HA2
5K9Q,HA,S,T,AO|M|N|O,False,2016/06/01,2.503,2-acetamido-2-deoxy-beta-D-glucopyranose|Hemagglutinin HA1|Hemagglutinin HA2
5K9O,HA,A,B,F,False,2016/06/01,3.387,Hemagglutinin
5K9Q,HA,H,L,A|B|C|Z,False,2016/06/01,2.503,Hemagglutinin HA1|Hemagglutinin HA2|2-acetamido-2-deoxy-beta-D-glucopyranose
5K9Q,HA,G,I,AE|C|D|E,False,2016/06/01,2.503,2-acetamido-2-deoxy-beta-D-glucopyranose|Hemagglutinin HA1|Hemagglutinin HA2
5K9O,HA,H,L,I,False,2016/06/01,3.387,Hemagglutinin
5K9Q,HA,J,K,A|AJ|E|F,False,2016/06/01,2.503,Hemagglutinin HA1|2-acetamido-2-deoxy-beta-D-glucopyranose|Hemagglutinin HA2
5GJT,HA,H,L,A|B,False,2016/07/01,3.1,Hemagglutinin
5GJS,HA,H,L,A|B,False,2016/07/01,2.9,Hemagglutinin
5UG0,HA,D,C,A,False,2017/01/06,3.4,Hemagglutinin HA1
5UGY,HA,I,M,C,False,2017/01/10,2.801,Hemagglutinin HA1
5UGY,HA,H,L,A,False,2017/01/10,2.801,Hemagglutinin HA1
5UGY,HA,J,N,E,False,2017/01/10,2.801,Hemagglutinin HA1
5UMN,HA,C,D,B|M|O|Q,False,2017/01/27,1.97,Hemagglutinin|PENTAETHYLENE GLYCOL|SODIUM ION|CITRATE ANION
5UMN,HA,E,F,A|I,False,2017/01/27,1.97,Hemagglutinin|PENTAETHYLENE GLYCOL
5VAG,HA,C,B,A|F,False,2017/03/26,1.9,"Hemagglutinin|1,2-ETHANEDIOL"
5XHV,HA,P,Q,A,False,2017/04/24,3.35,Hemagglutinin
5XHV,HA,H,L,E,False,2017/04/24,3.35,Hemagglutinin
5W0D,HA,B,C,A|H,False,2017/05/30,1.899,Hemagglutinin HA1|2-(N-MORPHOLINO)-ETHANESULFONIC ACID
5W08,HA,O,P,AK|AL|E,False,2017/05/30,2.6,2-acetamido-2-deoxy-beta-D-glucopyranose|Hemagglutinin HA1
5W08,HA,Q,R,D,False,2017/05/30,2.6,Hemagglutinin HA1
5W08,HA,K,L,AF|AG|C,False,2017/05/30,2.6,2-acetamido-2-deoxy-beta-D-glucopyranose|Hemagglutinin HA1
5W08,HA,I,J,B|V,False,2017/05/30,2.6,Hemagglutinin HA1|2-acetamido-2-deoxy-beta-D-glucopyranose-(1-4)-2-acetamido-2-deoxy-beta-D-glucopyranose
5W08,HA,G,H,A|AC,False,2017/05/30,2.6,Hemagglutinin HA1|2-acetamido-2-deoxy-beta-D-glucopyranose
5W08,HA,M,N,AN|F,False,2017/05/30,2.6,2-acetamido-2-deoxy-beta-D-glucopyranose|Hemagglutinin HA1
5W6G,HA,H,L,A|E|N,False,2017/06/16,2.79,Hemagglutinin HA1|2-acetamido-2-deoxy-beta-D-glucopyranose|SULFATE ION
5WKO,HA,I,J,O|R,False,2017/07/25,3.492,Hemagglutinin
5WKO,HA,K,L,T|W,False,2017/07/25,3.492,Hemagglutinin
5WKO,HA,E,F,M|P,False,2017/07/25,3.492,Hemagglutinin
5WKO,HA,G,H,S|V,False,2017/07/25,3.492,Hemagglutinin
5WKO,HA,C,D,U|X,False,2017/07/25,3.492,Hemagglutinin
5WKO,HA,A,B,N|Q,False,2017/07/25,3.492,Hemagglutinin
5Y2L,HA,I,J,A|B|C,False,2017/07/26,2.902,Hemagglutinin|2-acetamido-2-deoxy-beta-D-glucopyranose-(1-4)-2-acetamido-2-deoxy-beta-D-glucopyranose
6FYU,HA,F,nan,D|E|W,True,2018/03/12,2.643,Hemagglutinin|SODIUM ION
6FYU,HA,C,nan,A|B|K,True,2018/03/12,2.643,Hemagglutinin|2-acetamido-2-deoxy-beta-D-glucopyranose-(1-4)-2-acetamido-2-deoxy-beta-D-glucopyranose
6FYT,HA,I,nan,A|B|G,True,2018/03/12,2.8,Hemagglutinin|alpha-L-fucopyranose-(1-3)-[2-acetamido-2-deoxy-beta-D-glucopyranose-(1-4)][alpha-L-fucopyranose-(1-6)]2-acetamido-2-deoxy-beta-D-glucopyranose
6FYU,HA,I,nan,G|H|O,True,2018/03/12,2.643,Hemagglutinin|2-acetamido-2-deoxy-beta-D-glucopyranose
6FYW,HA,C,nan,A|B|E|H,True,2018/03/12,2.2,Hemagglutinin|alpha-D-mannopyranose-(1-3)-[alpha-D-mannopyranose-(1-6)]alpha-D-mannopyranose-(1-6)-[alpha-D-mannopyranose-(1-3)]beta-D-mannopyranose-(1-4)-2-acetamido-2-deoxy-beta-D-glucopyranose-(1-4)-2-acetamido-2-deoxy-beta-D-glucopyranose|alpha-D-mannopyranose-(1-2)-alpha-D-mannopyranose-(1-3)-beta-D-mannopyranose-(1-4)-2-acetamido-2-deoxy-beta-D-glucopyranose-(1-4)-2-acetamido-2-deoxy-beta-D-glucopyranose
6D0U,HA,C,D,B,False,2018/04/11,3.25,Hemagglutinin
6D0U,HA,E,F,A,False,2018/04/11,3.25,Hemagglutinin
6D0U,HA,H,I,G,False,2018/04/11,3.25,Hemagglutinin
6D0U,HA,K,L,J,False,2018/04/11,3.25,Hemagglutinin
6A0Z,HA,H,L,A|B,False,2018/06/06,2.329,"Hemagglutinin,Envelope glycoprotein|2-acetamido-2-deoxy-beta-D-glucopyranose"
6A4K,HA,H,L,A,False,2018/06/20,3.15,Hemagglutinin
6A4K,HA,I,M,B,False,2018/06/20,3.15,Hemagglutinin
6A4K,HA,K,O,D,False,2018/06/20,3.15,Hemagglutinin
6A4K,HA,J,N,C,False,2018/06/20,3.15,Hemagglutinin
6A67,HA,C,D,B|E,False,2018/06/26,2.33,Hemagglutinin|2-acetamido-2-deoxy-beta-D-glucopyranose
6A67,HA,H,L,A|G,False,2018/06/26,2.33,Hemagglutinin|2-acetamido-2-deoxy-beta-D-glucopyranose
6E3H,HA,H,L,A|B|C,False,2018/07/14,2.9,Hemagglutinin HA1|Hemagglutinin HA2|2-acetamido-2-deoxy-beta-D-glucopyranose-(1-4)-2-acetamido-2-deoxy-beta-D-glucopyranose
6E4X,HA,Z,Y,A|B,False,2018/07/18,2.25,alpha-D-mannopyranose-(1-3)-beta-D-mannopyranose-(1-4)-2-acetamido-2-deoxy-beta-D-glucopyranose-(1-4)-[alpha-L-fucopyranose-(1-6)]2-acetamido-2-deoxy-beta-D-glucopyranose|Hemagglutinin
6E56,HA,G,I,D|E,False,2018/07/19,2.0,Hemagglutinin|ACETATE ION
6E56,HA,H,J,A|K,False,2018/07/19,2.0,Hemagglutinin|ACETATE ION
6HJP,HA,G,H,A|B|D,False,2018/09/04,3.3,Hemagglutinin
6HJP,HA,I,J,C|D|F,False,2018/09/04,3.3,Hemagglutinin
6HJP,HA,K,L,B|E|F,False,2018/09/04,3.3,Hemagglutinin
6MLM,HA,F,G,A|B,False,2018/09/27,3.5,Hemagglutinin HA1 chain
6MLM,HA,E,I,A|H,False,2018/09/27,3.5,Hemagglutinin HA1 chain
6ML8,HA,H,L,A,False,2018/09/27,2.92,Hemagglutinin
6MLM,HA,K,L,B|H,False,2018/09/27,3.5,Hemagglutinin HA1 chain
6II8,HA,G,I,A,False,2018/10/03,3.32,Hemagglutinin
6II9,HA,P,Q,E,False,2018/10/03,3.5,Hemagglutinin
6II9,HA,M,N,C,False,2018/10/03,3.5,Hemagglutinin
6II9,HA,H,L,A,False,2018/10/03,3.5,Hemagglutinin
6II8,HA,J,K,E,False,2018/10/03,3.32,Hemagglutinin
6II8,HA,H,L,C,False,2018/10/03,3.32,Hemagglutinin
6II4,HA,H,L,A,False,2018/10/03,3.3,Hemagglutinin
6II4,HA,E,F,C,False,2018/10/03,3.3,Hemagglutinin
6N5D,HA,E,F,B,False,2018/11/21,3.0,Hemagglutinin
6N5E,HA,G,F,B,False,2018/11/21,3.0,Hemagglutinin
6N5E,HA,H,I,C,False,2018/11/21,3.0,Hemagglutinin
6N5B,HA,H,L,B,False,2018/11/21,3.5,Hemagglutinin
6N5D,HA,C,D,A,False,2018/11/21,3.0,Hemagglutinin
6N5E,HA,E,D,A,False,2018/11/21,3.0,Hemagglutinin
6N5D,HA,L,N,K,False,2018/11/21,3.0,Hemagglutinin
6IUV,HA,H,L,A|E,False,2018/11/30,2.332,Hemagglutinin|2-acetamido-2-deoxy-beta-D-glucopyranose-(1-4)-[alpha-L-fucopyranose-(1-6)]2-acetamido-2-deoxy-beta-D-glucopyranose
6IUT,HA,H,L,A|B,False,2018/11/30,2.3,Hemagglutinin|2-acetamido-2-deoxy-beta-D-glucopyranose-(1-4)-[alpha-L-fucopyranose-(1-6)]2-acetamido-2-deoxy-beta-D-glucopyranose
6IUV,HA,C,D,B|F,False,2018/11/30,2.332,Hemagglutinin|2-acetamido-2-deoxy-beta-D-glucopyranose-(1-4)-[alpha-L-fucopyranose-(1-6)]2-acetamido-2-deoxy-beta-D-glucopyranose
6NZ7,HA,G,I,E|F|M,False,2019/02/13,2.95,Hemagglutinin HA1 chain|Hemagglutinin HA2 chain|2-acetamido-2-deoxy-beta-D-glucopyranose
6NZ7,HA,H,L,A|B|C,False,2019/02/13,2.95,Hemagglutinin HA1 chain|Hemagglutinin HA2 chain|2-acetamido-2-deoxy-beta-D-glucopyranose
6OC3,HA,A,B,F,False,2019/03/21,2.85,Hemagglutinin
6OC3,HA,C,D,E,False,2019/03/21,2.85,Hemagglutinin
6OCB,HA,H,L,A,False,2019/03/22,2.1,Hemagglutinin
6P3R,HA,A,B,J|L|N,False,2019/05/24,3.0,PHOSPHATE ION|Hemagglutinin
6P3R,HA,C,D,E,False,2019/05/24,3.0,Hemagglutinin
6Q0L,HA,H,L,A|G,False,2019/08/01,2.5,Hemagglutinin|GLYCEROL
6Q0I,HA,H,L,A|C,False,2019/08/01,2.702,Hemagglutinin|GLYCEROL
6Q0E,HA,H,L,A|B,False,2019/08/01,2.15,Hemagglutinin|GLYCEROL
6Q0H,HA,H,L,A|C,False,2019/08/01,2.75,Hemagglutinin|TETRAETHYLENE GLYCOL
6Q0O,HA,Z,B,A|L,False,2019/08/02,3.0,"Hemagglutinin head domain|2-AMINO-2-HYDROXYMETHYL-PROPANE-1,3-DIOL"
6Q18,HA,H,L,A,False,2019/08/03,2.55,Hemagglutinin
6UIG,HA,H,L,G,False,2019/09/30,3.2,Hemagglutinin
6UIG,HA,B,C,A,False,2019/09/30,3.2,Hemagglutinin
6URM,HA,D,E,B|C|F|M,False,2019/10/23,2.65,alpha-D-mannopyranose-(1-4)-2-acetamido-2-deoxy-beta-D-glucopyranose-(1-4)-2-acetamido-2-deoxy-beta-D-glucopyranose|Hemagglutinin|GLYCEROL
6URM,HA,H,L,A|C|F|I|J,False,2019/10/23,2.65,2-acetamido-2-deoxy-beta-D-glucopyranose-(1-4)-2-acetamido-2-deoxy-beta-D-glucopyranose|Hemagglutinin|SULFATE ION|GLYCEROL
6UYN,HA,H,L,A|B,False,2019/11/13,2.85,Hemagglutinin HA1 chain
6WEX,HA,H,L,E|F,False,2020/04/03,3.49,Hemagglutinin|Hemagglutinin HA2 chain
6WEZ,HA,H,L,A|B|D,False,2020/04/03,3.21,Hemagglutinin|2-acetamido-2-deoxy-beta-D-glucopyranose-(1-4)-2-acetamido-2-deoxy-beta-D-glucopyranose
6WF0,HA,H,L,A|B|D,False,2020/04/03,3.46,Hemagglutinin|2-acetamido-2-deoxy-beta-D-glucopyranose-(1-4)-2-acetamido-2-deoxy-beta-D-glucopyranose
6WHK,HA,C,B,A|E,False,2020/04/08,2.6,Hemagglutinin HA1 chain|2-{2-[2-(2-{2-[2-(2-ETHOXY-ETHOXY)-ETHOXY]-ETHOXY}-ETHOXY)-ETHOXY]-ETHOXY}-ETHANOL
6WXL,HA,K,J,A|G|I|O|U,False,2020/05/11,2.76,Hemagglutinin HA1 chain|Hemagglutinin HA2 chain|2-acetamido-2-deoxy-beta-D-glucopyranose
6WXL,HA,H,L,A|B|C|M|Q,False,2020/05/11,2.76,Hemagglutinin HA1 chain|Hemagglutinin HA2 chain|2-acetamido-2-deoxy-beta-D-glucopyranose
6WXL,HA,F,E,C|D|G|N|S,False,2020/05/11,2.76,Hemagglutinin HA1 chain|Hemagglutinin HA2 chain|2-acetamido-2-deoxy-beta-D-glucopyranose
6XPX,HA,B,C,A|K|L|M|O,False,2020/07/09,2.598,Hemagglutinin|GLYCEROL|PENTAETHYLENE GLYCOL
6XPZ,HA,B,C,A,False,2020/07/09,3.45,Hemagglutinin
6XPZ,HA,E,F,D,False,2020/07/09,3.45,Hemagglutinin
6XQ0,HA,B,C,A,False,2020/07/09,2.3,Hemagglutinin
6XQ4,HA,C,B,A,False,2020/07/09,3.347,Hemagglutinin
6XQ4,HA,E,F,D,False,2020/07/09,3.347,Hemagglutinin
6XQ2,HA,F,E,D,False,2020/07/09,3.002,Hemagglutinin
6XQ0,HA,E,F,D,False,2020/07/09,2.3,Hemagglutinin
6XQ2,HA,C,B,A,False,2020/07/09,3.002,Hemagglutinin
7K3B,HA,H,G,A|O,False,2020/09/10,3.4,Hemagglutinin|alpha-D-mannopyranose-(1-2)-alpha-D-mannopyranose-(1-6)-[alpha-D-mannopyranose-(1-3)]alpha-D-mannopyranose-(1-6)-[alpha-D-mannopyranose-(1-3)]beta-D-mannopyranose-(1-4)-2-acetamido-2-deoxy-beta-D-glucopyranose-(1-4)-2-acetamido-2-deoxy-beta-D-glucopyranose
7K37,HA,H,G,A|O,False,2020/09/10,2.8,Hemagglutinin|alpha-D-mannopyranose-(1-2)-alpha-D-mannopyranose-(1-6)-[alpha-D-mannopyranose-(1-3)]alpha-D-mannopyranose-(1-6)-[alpha-D-mannopyranose-(1-3)]beta-D-mannopyranose-(1-4)-2-acetamido-2-deoxy-beta-D-glucopyranose-(1-4)-2-acetamido-2-deoxy-beta-D-glucopyranose
7K37,HA,J,I,C|R,False,2020/09/10,2.8,Hemagglutinin|alpha-D-mannopyranose-(1-2)-alpha-D-mannopyranose-(1-6)-[alpha-D-mannopyranose-(1-3)]alpha-D-mannopyranose-(1-6)-[alpha-D-mannopyranose-(1-3)]beta-D-mannopyranose-(1-4)-2-acetamido-2-deoxy-beta-D-glucopyranose-(1-4)-2-acetamido-2-deoxy-beta-D-glucopyranose
7K3B,HA,L,K,E|U,False,2020/09/10,3.4,Hemagglutinin|alpha-D-mannopyranose-(1-2)-alpha-D-mannopyranose-(1-6)-[alpha-D-mannopyranose-(1-3)]alpha-D-mannopyranose-(1-6)-[alpha-D-mannopyranose-(1-3)]beta-D-mannopyranose-(1-4)-2-acetamido-2-deoxy-beta-D-glucopyranose-(1-4)-2-acetamido-2-deoxy-beta-D-glucopyranose
7K39,HA,H,G,A|O,False,2020/09/10,3.0,Hemagglutinin|alpha-D-mannopyranose-(1-2)-alpha-D-mannopyranose-(1-6)-[alpha-D-mannopyranose-(1-3)]alpha-D-mannopyranose-(1-6)-[alpha-D-mannopyranose-(1-3)]beta-D-mannopyranose-(1-4)-2-acetamido-2-deoxy-beta-D-glucopyranose-(1-4)-2-acetamido-2-deoxy-beta-D-glucopyranose
7K39,HA,J,I,C|R,False,2020/09/10,3.0,Hemagglutinin|alpha-D-mannopyranose-(1-2)-alpha-D-mannopyranose-(1-6)-[alpha-D-mannopyranose-(1-3)]alpha-D-mannopyranose-(1-6)-[alpha-D-mannopyranose-(1-3)]beta-D-mannopyranose-(1-4)-2-acetamido-2-deoxy-beta-D-glucopyranose-(1-4)-2-acetamido-2-deoxy-beta-D-glucopyranose
7K39,HA,L,K,E|U,False,2020/09/10,3.0,Hemagglutinin|alpha-D-mannopyranose-(1-2)-alpha-D-mannopyranose-(1-6)-[alpha-D-mannopyranose-(1-3)]alpha-D-mannopyranose-(1-6)-[alpha-D-mannopyranose-(1-3)]beta-D-mannopyranose-(1-4)-2-acetamido-2-deoxy-beta-D-glucopyranose-(1-4)-2-acetamido-2-deoxy-beta-D-glucopyranose
7K37,HA,L,K,E|U,False,2020/09/10,2.8,Hemagglutinin|alpha-D-mannopyranose-(1-2)-alpha-D-mannopyranose-(1-6)-[alpha-D-mannopyranose-(1-3)]alpha-D-mannopyranose-(1-6)-[alpha-D-mannopyranose-(1-3)]beta-D-mannopyranose-(1-4)-2-acetamido-2-deoxy-beta-D-glucopyranose-(1-4)-2-acetamido-2-deoxy-beta-D-glucopyranose
7K3B,HA,J,I,C|R,False,2020/09/10,3.4,Hemagglutinin|alpha-D-mannopyranose-(1-2)-alpha-D-mannopyranose-(1-6)-[alpha-D-mannopyranose-(1-3)]alpha-D-mannopyranose-(1-6)-[alpha-D-mannopyranose-(1-3)]beta-D-mannopyranose-(1-4)-2-acetamido-2-deoxy-beta-D-glucopyranose-(1-4)-2-acetamido-2-deoxy-beta-D-glucopyranose
7KC1,HA,E,F,C|D|Q,False,2020/10/04,3.41,Hemagglutinin|Fusion protein of Hemagglutinin and Envelope glycoprotein|alpha-D-mannopyranose-(1-3)-[alpha-D-mannopyranose-(1-6)]beta-D-mannopyranose-(1-4)-2-acetamido-2-deoxy-beta-D-glucopyranose-(1-4)-2-acetamido-2-deoxy-beta-D-glucopyranose
7KC1,HA,H,L,A|B|M,False,2020/10/04,3.41,Hemagglutinin|Fusion protein of Hemagglutinin and Envelope glycoprotein|alpha-D-mannopyranose-(1-3)-[alpha-D-mannopyranose-(1-6)]beta-D-mannopyranose-(1-4)-2-acetamido-2-deoxy-beta-D-glucopyranose-(1-4)-2-acetamido-2-deoxy-beta-D-glucopyranose
7KC1,HA,J,K,G|I|U,False,2020/10/04,3.41,Hemagglutinin|Fusion protein of Hemagglutinin and Envelope glycoprotein|alpha-D-mannopyranose-(1-3)-[alpha-D-mannopyranose-(1-6)]beta-D-mannopyranose-(1-4)-2-acetamido-2-deoxy-beta-D-glucopyranose-(1-4)-2-acetamido-2-deoxy-beta-D-glucopyranose
7KQH,HA,C,D,A,False,2020/11/16,3.5,Hemagglutinin
7KQG,HA,B,C,A|D,False,2020/11/16,2.6,Hemagglutinin|alpha-D-mannopyranose-(1-3)-beta-D-mannopyranose-(1-4)-2-acetamido-2-deoxy-beta-D-glucopyranose-(1-4)-2-acetamido-2-deoxy-beta-D-glucopyranose
7KQH,HA,H,L,B|F,False,2020/11/16,3.5,Hemagglutinin|alpha-D-mannopyranose-(1-6)-beta-D-mannopyranose-(1-4)-2-acetamido-2-deoxy-beta-D-glucopyranose-(1-4)-2-acetamido-2-deoxy-beta-D-glucopyranose
7L0L,HA,G,J,C|E,False,2020/12/11,2.85,Hemagglutinin HA1 chain|Hemagglutinin HA2 chain
7L0L,HA,I,K,D|F,False,2020/12/11,2.85,Hemagglutinin HA1 chain|Hemagglutinin HA2 chain
7L0L,HA,H,L,A|B,False,2020/12/11,2.85,Hemagglutinin HA1 chain|Hemagglutinin HA2 chain
7MEM,HA,G,J,C,False,2021/04/06,3.2,Hemagglutinin HA1 chain
7MEM,HA,H,L,E,False,2021/04/06,3.2,Hemagglutinin HA1 chain
7MEM,HA,I,K,F,False,2021/04/06,3.2,Hemagglutinin HA1 chain
7FAH,HA,C,D,B|I,False,2021/07/06,3.151,Hemagglutinin|2-(N-MORPHOLINO)-ETHANESULFONIC ACID
7FAH,HA,H,L,A|G,False,2021/07/06,3.151,Hemagglutinin|2-(N-MORPHOLINO)-ETHANESULFONIC ACID
7SCN,HA,E,F,C|D,False,2021/09/28,3.02,Hemagglutinin HA1 chain|Hemagglutinin HA2 chain
7SCN,HA,H,L,A|B,False,2021/09/28,3.02,Hemagglutinin HA1 chain|Hemagglutinin HA2 chain
7SCN,HA,J,K,G|I,False,2021/09/28,3.02,Hemagglutinin HA1 chain|Hemagglutinin HA2 chain
7SCO,HA,E,F,C|D,False,2021/09/28,3.37,Hemagglutinin HA1 chain|Hemagglutinin HA2 chain
7SCO,HA,H,L,A|B,False,2021/09/28,3.37,Hemagglutinin HA1 chain|Hemagglutinin HA2 chain
7SCO,HA,J,K,G|I,False,2021/09/28,3.37,Hemagglutinin HA1 chain|Hemagglutinin HA2 chain
7T3D,HA,J,M,E,False,2021/12/07,3.38,Hemagglutinin HA1 chain
7T3D,HA,C,D,A,False,2021/12/07,3.38,Hemagglutinin HA1 chain
7T3D,HA,H,L,A|B,False,2021/12/07,3.38,Hemagglutinin HA1 chain|Hemagglutinin HA2 chain
7T3D,HA,K,N,F,False,2021/12/07,3.38,Hemagglutinin HA1 chain
7T3D,HA,O,Q,E|G,False,2021/12/07,3.38,Hemagglutinin HA1 chain|Hemagglutinin HA2 chain
7T3D,HA,P,R,F|I,False,2021/12/07,3.38,Hemagglutinin HA1 chain|Hemagglutinin HA2 chain
7TRH,HA,H,B,G,False,2022/01/28,3.0,Hemagglutinin
7WVD,HA,G,H,C|D,False,2022/02/10,3.39,Hemagglutinin
7WVD,HA,I,J,A|E|F,False,2022/02/10,3.39,Hemagglutinin
7WVG,HA,C,D,A|B|E,False,2022/02/10,2.6,Hemagglutinin|alpha-L-fucopyranose-(1-6)-2-acetamido-2-deoxy-beta-D-glucopyranose
7TZ5,HA,I,L,A,False,2022/02/15,3.41,Hemagglutinin
7TZ5,HA,J,M,B,False,2022/02/15,3.41,Hemagglutinin
7TZ5,HA,H,N,C,False,2022/02/15,3.41,Hemagglutinin
7X6O,HA,C,D,A|B,False,2022/03/07,3.5,Hemagglutinin
7X6O,HA,J,L,F|H,False,2022/03/07,3.5,Hemagglutinin
7X6O,HA,I,K,E|G,False,2022/03/07,3.5,Hemagglutinin
7UMM,HA,J,N,C|H|I,False,2022/04/07,3.36,Hemagglutinin|ab109 Fab heavy chain
7UMM,HA,I,M,B|H|J,False,2022/04/07,3.36,Hemagglutinin|ab109 Fab heavy chain
7UMM,HA,H,L,A|I|J,False,2022/04/07,3.36,Hemagglutinin|ab109 Fab heavy chain
8DIS,HA,H,L,D|d,False,2022/06/29,2.62,Hemagglutinin HA1 chain|Hemagglutinin HA2 chain
8DIS,HA,B,G,F|f,False,2022/06/29,2.62,Hemagglutinin HA1 chain|Hemagglutinin HA2 chain
8DIS,HA,A,C,E|e,False,2022/06/29,2.62,Hemagglutinin HA1 chain|Hemagglutinin HA2 chain
8DIM,HA,H,I,G,False,2022/06/29,2.62,hemagglutinin
8DIM,HA,E,F,D,False,2022/06/29,2.62,hemagglutinin
8DIM,HA,B,C,A,False,2022/06/29,2.62,hemagglutinin
8DIU,HA,G,C,D,False,2022/06/29,2.61,hemagglutinin
8DIU,HA,H,I,A,False,2022/06/29,2.61,hemagglutinin
8DIU,HA,E,F,B,False,2022/06/29,2.61,hemagglutinin
7YHK,HA,F,H,A,False,2022/07/13,3.14,Hemagglutinin
8GV7,HA,C,D,A|B|E,False,2022/09/14,2.6,Hemagglutinin H18-HA1|Hemagglutinin H18-HA2|alpha-L-fucopyranose-(1-6)-2-acetamido-2-deoxy-beta-D-glucopyranose
8GV5,HA,C,D,A|B|E,False,2022/09/14,3.2,Hemagglutinin HA1 chain|Hemagglutinin HA2 chain|2-acetamido-2-deoxy-beta-D-glucopyranose
8GV6,HA,G,H,C|D,False,2022/09/14,3.4,Hemagglutinin H14-HA1|Hemagglutinin H14-HA2
8GV6,HA,I,J,A|E|F,False,2022/09/14,3.4,Hemagglutinin H14-HA1|Hemagglutinin H14-HA2
8EUQ,HA,I,H,AB|F|G,False,2022/10/19,3.09,"SULFATE ION|HLA class II histocompatibility antigen, DR alpha chain|Hemagglutinin HA1 chain,HLA class II histocompatibility antigen DR beta chain"
8EUQ,HA,C,D,A|AA|B,False,2022/10/19,3.09,"HLA class II histocompatibility antigen, DR alpha chain|SULFATE ION|Hemagglutinin HA1 chain,HLA class II histocompatibility antigen DR beta chain"
8F38,HA,F,I,C,False,2022/11/09,2.64,hemagglutinin
8F38,HA,E,H,A,False,2022/11/09,2.64,hemagglutinin
8F38,HA,D,G,B,False,2022/11/09,2.64,hemagglutinin
8G5B,HA,J,N,A,False,2023/02/12,3.1,Hemagglutinin
8G5B,HA,I,M,A,False,2023/02/12,3.1,Hemagglutinin
8G5B,HA,H,L,A,False,2023/02/12,3.1,Hemagglutinin
8G5A,HA,J,N,C,False,2023/02/12,3.3,Hemagglutinin
8G5A,HA,H,L,A,False,2023/02/12,3.3,Hemagglutinin
8G5A,HA,I,M,B,False,2023/02/12,3.3,Hemagglutinin
8GHK,HA,M,N,B,False,2023/03/10,3.47,Hemagglutinin
8GHK,HA,H,L,C,False,2023/03/10,3.47,Hemagglutinin
8IUY,HA,B,C,A,False,2023/03/25,2.9,Hemagglutinin
8IUZ,HA,B,C,A,False,2023/03/25,3.0,Hemagglutinin
8IV0,HA,B,C,A,False,2023/03/25,2.9,Hemagglutinin
1GC1,Env,H,L,G,False,1998/06/15,2.5,ENVELOPE PROTEIN GP120
1G9M,Env,H,L,G,False,2000/11/24,2.2,ENVELOPE GLYCOPROTEIN GP120
1G9N,Env,H,L,G,False,2000/11/25,2.9,ENVELOPE GLYCOPROTEIN GP120
1RZJ,Env,H,L,G,False,2003/12/24,2.2,ENVELOPE GLYCOPROTEIN GP120
1RZK,Env,H,L,G,False,2003/12/24,2.9,ENVELOPE GLYCOPROTEIN GP120
1YYL,Env,R,Q,P,False,2005/02/25,2.75,"Exterior membrane glycoprotein(GP120),Exterior membrane glycoprotein(GP120),Exterior membrane glycoprotein(GP120)"
1YYM,Env,H,L,G,False,2005/02/25,2.2,"Exterior membrane glycoprotein(GP120),Exterior membrane glycoprotein(GP120),Exterior membrane glycoprotein(GP120)"
1YYM,Env,R,Q,P,False,2005/02/25,2.2,"Exterior membrane glycoprotein(GP120),Exterior membrane glycoprotein(GP120),Exterior membrane glycoprotein(GP120)"
1YYL,Env,H,L,G,False,2005/02/25,2.75,"Exterior membrane glycoprotein(GP120),Exterior membrane glycoprotein(GP120),Exterior membrane glycoprotein(GP120)"
2B4C,Env,H,L,F|G|J|O,False,2005/09/23,3.3,SULFATE ION|envelope glycoprotein|Xylitol
2I5Y,Env,H,L,G,False,2006/08/26,2.2,Exterior membrane glycoprotein(GP120)
2I5Y,Env,R,Q,P,False,2006/08/26,2.2,Exterior membrane glycoprotein(GP120)
2I60,Env,H,L,G,False,2006/08/26,2.4,EXTERIOR MEMBRANE GLYCOPROTEIN(GP120)
2I60,Env,R,Q,P,False,2006/08/26,2.4,EXTERIOR MEMBRANE GLYCOPROTEIN(GP120)
2NY7,Env,H,L,G|K,False,2006/11/20,2.3,ENVELOPE GLYCOPROTEIN GP120|2-acetamido-2-deoxy-beta-D-glucopyranose
2NY6,Env,D,C,A|E,False,2006/11/20,2.8,ENVELOPE GLYCOPROTEIN GP120|beta-D-fructofuranose-(2-1)-alpha-D-glucopyranose
2NY5,Env,H,L,A|G,False,2006/11/20,2.5,beta-D-fructofuranose-(2-1)-alpha-D-glucopyranose|ENVELOPE GLYCOPROTEIN GP120
2NY2,Env,D,C,A|E|R,False,2006/11/20,2.0,"ENVELOPE GLYCOPROTEIN GP120|beta-D-fructofuranose-(2-1)-alpha-D-glucopyranose|HEXANE-1,6-DIOL"
2NY3,Env,D,C,A|E,False,2006/11/20,2.0,ENVELOPE GLYCOPROTEIN GP120|beta-D-fructofuranose-(2-1)-alpha-D-glucopyranose
2NY1,Env,D,C,A|E,False,2006/11/20,1.99,ENVELOPE GLYCOPROTEIN GP120|beta-D-fructofuranose-(2-1)-alpha-D-glucopyranose
2NXZ,Env,D,C,A|E|U,False,2006/11/20,2.04,"ENVELOPE GLYCOPROTEIN GP120|beta-D-fructofuranose-(2-1)-alpha-D-glucopyranose|HEXANE-1,6-DIOL"
2NXY,Env,D,C,A|T,False,2006/11/20,2.0,"ENVELOPE GLYCOPROTEIN GP120|HEXANE-1,6-DIOL"
2NY4,Env,D,C,A|E,False,2006/11/20,2.0,ENVELOPE GLYCOPROTEIN GP120|beta-D-fructofuranose-(2-1)-alpha-D-glucopyranose
2NY0,Env,D,C,A,False,2006/11/20,2.2,ENVELOPE GLYCOPROTEIN GP120
2QAD,Env,D,C,A|AV,False,2007/06/14,3.3,"Envelope glycoprotein gp160|1,2-ETHANEDIOL"
2QAD,Env,H,G,E,False,2007/06/14,3.3,Envelope glycoprotein gp160
3IDX,Env,H,L,G|O|T|W|Z,False,2009/07/22,2.5,HIV-1 HxBc2 gp120 core|2-acetamido-2-deoxy-beta-D-glucopyranose|4-(2-HYDROXYETHYL)-1-PIPERAZINE ETHANESULFONIC ACID|SULFATE ION
3IDY,Env,B,C,A|AF,False,2009/07/22,3.2,HIV-1 HxBc2 gp120 core|2-acetamido-2-deoxy-beta-D-glucopyranose
3IDY,Env,H,L,G|Q,False,2009/07/22,3.2,HIV-1 HxBc2 gp120 core|2-acetamido-2-deoxy-beta-D-glucopyranose
3JWD,Env,H,L,A,False,2009/09/18,2.61,HIV-1 GP120 ENVELOPE GLYCOPROTEIN
3JWD,Env,P,O,B,False,2009/09/18,2.61,HIV-1 GP120 ENVELOPE GLYCOPROTEIN
3LQA,Env,H,L,C|G,False,2010/02/08,3.4,T-cell surface glycoprotein CD4|Envelope glycoprotein gp160
3NGB,Env,J,K,BN|BV|I,False,2010/06/11,2.68,2-acetamido-2-deoxy-beta-D-glucopyranose|beta-D-glucopyranose|Envelope glycoprotein gp160
3NGB,Env,H,L,G|U,False,2010/06/11,2.68,Envelope glycoprotein gp160|2-acetamido-2-deoxy-beta-D-glucopyranose
3NGB,Env,B,C,A|AG|BX|BY,False,2010/06/11,2.68,Envelope glycoprotein gp160|2-acetamido-2-deoxy-beta-D-glucopyranose|beta-D-glucopyranose
3NGB,Env,E,F,AY|BI|D,False,2010/06/11,2.68,"2-acetamido-2-deoxy-beta-D-glucopyranose|2-AMINO-2-HYDROXYMETHYL-PROPANE-1,3-DIOL|Envelope glycoprotein gp160"
3RJQ,Env,B,nan,A,True,2011/04/15,2.601,C186 gp120
3SE8,Env,H,L,E|G|Q|S|Y,False,2011/06/10,1.895,2-acetamido-2-deoxy-beta-D-glucopyranose|HIV-1 Clade AE strain 93TH057 gp120|SULFATE ION
3SE9,Env,H,L,AD|AL|D|G|N|S,False,2011/06/10,2.0,"(R,R)-2,3-BUTANEDIOL|CHLORIDE ION|2-acetamido-2-deoxy-beta-D-glucopyranose|HIV-1 Clade AE strain 93TH057 gp120|SULFATE ION|GLYCEROL"
3TYG,Env,H,L,A|B|C,False,2011/09/25,3.25,Envelope glycoprotein gp160|alpha-D-mannopyranose-(1-2)-alpha-D-mannopyranose-(1-2)-alpha-D-mannopyranose-(1-3)-[alpha-D-mannopyranose-(1-2)-alpha-D-mannopyranose-(1-6)-[alpha-D-mannopyranose-(1-3)]alpha-D-mannopyranose-(1-6)]beta-D-mannopyranose-(1-4)-2-acetamido-2-deoxy-beta-D-glucopyranose-(1-4)-2-acetamido-2-deoxy-beta-D-glucopyranose|alpha-D-mannopyranose-(1-3)-[alpha-D-mannopyranose-(1-6)]alpha-D-mannopyranose-(1-6)-[alpha-D-mannopyranose-(1-3)]beta-D-mannopyranose-(1-4)-2-acetamido-2-deoxy-beta-D-glucopyranose-(1-4)-2-acetamido-2-deoxy-beta-D-glucopyranose
3U2S,Env,A,B,C|E|Q,False,2011/10/04,1.797,Envelope glycoprotein gp120|alpha-D-mannopyranose-(1-3)-[alpha-D-mannopyranose-(1-6)]alpha-D-mannopyranose-(1-6)-[alpha-D-mannopyranose-(1-3)]beta-D-mannopyranose-(1-4)-2-acetamido-2-deoxy-beta-D-glucopyranose-(1-4)-2-acetamido-2-deoxy-beta-D-glucopyranose|2-acetamido-2-deoxy-beta-D-glucopyranose
3U2S,Env,H,L,D|G|P,False,2011/10/04,1.797,alpha-D-mannopyranose-(1-3)-[alpha-D-mannopyranose-(1-6)]alpha-D-mannopyranose-(1-6)-[alpha-D-mannopyranose-(1-3)]beta-D-mannopyranose-(1-4)-2-acetamido-2-deoxy-beta-D-glucopyranose-(1-4)-2-acetamido-2-deoxy-beta-D-glucopyranose|Envelope glycoprotein gp120|2-acetamido-2-deoxy-beta-D-glucopyranose
3U7Y,Env,H,L,B|G|J,False,2011/10/14,2.4478,CITRATE ANION|Envelope glycoprotein gp160|CHLORIDE ION
4D9L,Env,J,N,I,False,2012/01/11,2.485,Heavy chain of Fab fragment of anti-HIV1 gp120 V2 mAb 697
4D9L,Env,I,M,J|N,False,2012/01/11,2.485,Heavy chain of Fab fragment of anti-HIV1 gp120 V2 mAb 697|Light chain of Fab fragment of anti-HIV1 gp120 V2 mAb 697
4DVR,Env,H,L,G,False,2012/02/23,2.5,Envelope glycoprotein gp120
4H8W,Env,H,L,G,False,2012/09/24,1.85,HIV-1 CLADE A/E 93TH057 (H375S) GP120
4I3R,Env,H,L,G,False,2012/11/26,3.0,Outer domain of HIV-1 gp120 (KER2018 OD4.2.2)
4I3S,Env,H,L,G,False,2012/11/26,2.85,Outer domain of HIV-1 gp120 (KER2018 OD4.2.2)
4J6R,Env,H,L,AC|D|G|T,False,2013/02/11,1.64,"1,2-ETHANEDIOL|2-acetamido-2-deoxy-beta-D-glucopyranose|Envelope glycoprotein gp160"
4JAN,Env,A,B,I|O,False,2013/02/18,3.15,ENVELOPE GLYCOPROTEIN GP120 of HIV-1 clade C|2-acetamido-2-deoxy-beta-D-glucopyranose
4JAN,Env,H,L,G,False,2013/02/18,3.15,ENVELOPE GLYCOPROTEIN GP120 of HIV-1 clade C
4JB9,Env,H,L,D|G,False,2013/02/19,2.6,2-acetamido-2-deoxy-beta-D-glucopyranose|clade A/E 93TH057 HIV-1 gp120 core
4JDT,Env,H,L,G,False,2013/02/25,3.26,gp120
4JKP,Env,H,L,A|G,False,2013/03/11,2.82,alpha-D-mannopyranose-(1-6)-alpha-D-mannopyranose-(1-6)-[alpha-D-mannopyranose-(1-3)]beta-D-mannopyranose-(1-4)-2-acetamido-2-deoxy-beta-D-glucopyranose-(1-4)-2-acetamido-2-deoxy-beta-D-glucopyranose|gp120
4JM2,Env,A,B,E|G|H|I,False,2013/03/13,3.1,gp120|alpha-D-mannopyranose-(1-2)-alpha-D-mannopyranose-(1-3)-[alpha-D-mannopyranose-(1-3)-[alpha-D-mannopyranose-(1-6)]alpha-D-mannopyranose-(1-6)]beta-D-mannopyranose-(1-4)-2-acetamido-2-deoxy-beta-D-glucopyranose-(1-4)-2-acetamido-2-deoxy-beta-D-glucopyranose|alpha-D-mannopyranose-(1-2)-alpha-D-mannopyranose-(1-2)-alpha-D-mannopyranose-(1-3)-[alpha-D-mannopyranose-(1-2)-alpha-D-mannopyranose-(1-6)-[alpha-D-mannopyranose-(1-3)]alpha-D-mannopyranose-(1-6)]beta-D-mannopyranose-(1-4)-2-acetamido-2-deoxy-beta-D-glucopyranose-(1-4)-2-acetamido-2-deoxy-beta-D-glucopyranose|beta-D-mannopyranose-(1-4)-2-acetamido-2-deoxy-beta-D-glucopyranose-(1-4)-2-acetamido-2-deoxy-beta-D-glucopyranose
4JM2,Env,D,C,E|J,False,2013/03/13,3.1,gp120|TETRAETHYLENE GLYCOL
4JPV,Env,H,L,D|G|Q|S,False,2013/03/19,2.827,"2-acetamido-2-deoxy-beta-D-glucopyranose|HIV-1 CLADE A STRAIN 93TH057 GP120 WITH LOOP d AND LOOPD V5 REPLACED FROM HIV STRAIN 3415V1|1,2-ETHANEDIOL"
4JPW,Env,H,L,D|G,False,2013/03/19,2.904,2-acetamido-2-deoxy-beta-D-glucopyranose|HIV-1 CLADE A/E STRAIN 73TH057 GP120 WITH MUTATION H375S
4JPK,Env,H,L,A,False,2013/03/19,2.4,"Germline-targeting HIV-1 gp120 engineered outer domain, eOD-GT6"
4LAJ,Env,H,nan,J|T,True,2013/06/20,2.14,HIV-1 YU2 gp120 envelope glycoprotein|2-acetamido-2-deoxy-beta-D-glucopyranose
4LAJ,Env,I,nan,AX|B,True,2013/06/20,2.14,2-acetamido-2-deoxy-beta-D-glucopyranose|HIV-1 YU2 gp120 envelope glycoprotein
4LAJ,Env,L,nan,A|AL,True,2013/06/20,2.14,HIV-1 YU2 gp120 envelope glycoprotein|2-acetamido-2-deoxy-beta-D-glucopyranose
4LAJ,Env,M,nan,AC|F,True,2013/06/20,2.14,2-acetamido-2-deoxy-beta-D-glucopyranose|HIV-1 YU2 gp120 envelope glycoprotein
4LSR,Env,H,L,C|G,False,2013/07/23,2.28,2-acetamido-2-deoxy-beta-D-glucopyranose|ENVELOPE GLYCOPROTEIN GP120 WITH LOOP D AND V5 FROM STRAIN ker_2018_11
4LSP,Env,H,L,AA|AC|AD|AE|E|G|S|T|U|X,False,2013/07/23,2.15,"SODIUM ION|1,2-ETHANEDIOL|2-acetamido-2-deoxy-beta-D-glucopyranose|HIV-1 CLADE A/E STRAIN 93TH057 GP120|DI(HYDROXYETHYL)ETHER"
4LSQ,Env,H,L,D|G|O|R|U|W|X,False,2013/07/23,2.25,"2-acetamido-2-deoxy-beta-D-glucopyranose|ENVELOPE GLYCOPROTEIN GP120 WITH LOOP D AND V5 FROM STRAIN 3415_V1_C1|(R,R)-2,3-BUTANEDIOL|SODIUM ION|CADMIUM ION|CHLORIDE ION"
4LSS,Env,H,L,E|G|U,False,2013/07/23,2.59,2-acetamido-2-deoxy-beta-D-glucopyranose|envelope glycoprotein GP120|SODIUM ION
4LST,Env,H,L,B|G,False,2013/07/23,2.55,2-acetamido-2-deoxy-beta-D-glucopyranose|ENVELOPE GLYCOPROTEIN GP120 of HIV-1 clade C
4LSU,Env,H,L,D|G|O|P|Q|R,False,2013/07/23,2.3,"2-acetamido-2-deoxy-beta-D-glucopyranose|HIV-1 CLADE A/E STRAIN 93TH057 GP120|1,2-ETHANEDIOL"
4LSV,Env,H,L,D|G,False,2013/07/23,3.0,2-acetamido-2-deoxy-beta-D-glucopyranose|envelope glycoprotein GP120
4OLU,Env,H,L,D|G,False,2014/01/25,2.202,2-acetamido-2-deoxy-beta-D-glucopyranose|Envelope glycoprotein gp160
4OLV,Env,H,L,E|G,False,2014/01/25,2.5,2-acetamido-2-deoxy-beta-D-glucopyranose|Envelope glycoprotein gp160
4OLW,Env,H,L,D|G,False,2014/01/25,2.709,2-acetamido-2-deoxy-beta-D-glucopyranose|Envelope glycoprotein gp160
4OLX,Env,H,L,C|G,False,2014/01/25,2.2,2-acetamido-2-deoxy-beta-D-glucopyranose|Envelope glycoprotein gp160
4OLY,Env,H,L,D|G,False,2014/01/25,2.351,2-acetamido-2-deoxy-beta-D-glucopyranose|Envelope glycoprotein gp160
4OLZ,Env,H,L,D|G,False,2014/01/25,2.1,2-acetamido-2-deoxy-beta-D-glucopyranose|Envelope glycoprotein gp160
4OM0,Env,H,L,D|G,False,2014/01/25,2.289,2-acetamido-2-deoxy-beta-D-glucopyranose|Envelope glycoprotein gp160
4OM1,Env,H,L,D|G,False,2014/01/25,2.131,2-acetamido-2-deoxy-beta-D-glucopyranose|Envelope glycoprotein gp160
4P9H,Env,H,L,B|E|G,False,2014/04/04,3.0,alpha-D-mannopyranose-(1-2)-alpha-D-mannopyranose-(1-2)-alpha-D-mannopyranose-(1-3)-[alpha-D-mannopyranose-(1-2)-alpha-D-mannopyranose-(1-6)-[alpha-D-mannopyranose-(1-3)]alpha-D-mannopyranose-(1-6)]beta-D-mannopyranose-(1-4)-2-acetamido-2-deoxy-beta-D-glucopyranose-(1-4)-2-acetamido-2-deoxy-beta-D-glucopyranose|alpha-D-mannopyranose-(1-3)-[alpha-D-mannopyranose-(1-6)]beta-D-mannopyranose-(1-4)-2-acetamido-2-deoxy-beta-D-glucopyranose-(1-4)-2-acetamido-2-deoxy-beta-D-glucopyranose|Envelope glycoprotein gp160
4TVP,Env,D,E,A|AG|B|G,False,2014/06/27,3.1,alpha-D-mannopyranose-(1-3)-[alpha-D-mannopyranose-(1-6)]alpha-D-mannopyranose-(1-6)-[alpha-D-mannopyranose-(1-3)]beta-D-mannopyranose-(1-4)-2-acetamido-2-deoxy-beta-D-glucopyranose-(1-4)-2-acetamido-2-deoxy-beta-D-glucopyranose|2-acetamido-2-deoxy-beta-D-glucopyranose|Envelope glycoprotein gp160
4TVP,Env,H,L,C|G|T,False,2014/06/27,3.1,alpha-D-mannopyranose-(1-3)-beta-D-mannopyranose-(1-4)-2-acetamido-2-deoxy-beta-D-glucopyranose-(1-4)-2-acetamido-2-deoxy-beta-D-glucopyranose|Envelope glycoprotein gp160|alpha-D-mannopyranose-(1-2)-alpha-D-mannopyranose-(1-2)-alpha-D-mannopyranose-(1-3)-[alpha-D-mannopyranose-(1-2)-alpha-D-mannopyranose-(1-3)-[alpha-D-mannopyranose-(1-6)]alpha-D-mannopyranose-(1-6)]beta-D-mannopyranose-(1-4)-2-acetamido-2-deoxy-beta-D-glucopyranose-(1-4)-2-acetamido-2-deoxy-beta-D-glucopyranose
4R2G,Env,J,I,AZ|BC|K|V,False,2014/08/11,3.283,CHLORIDE ION|GLYCEROL|Surface protein gp160|alpha-D-mannopyranose-(1-2)-alpha-D-mannopyranose-(1-2)-alpha-D-mannopyranose-(1-3)-[alpha-D-mannopyranose-(1-2)-alpha-D-mannopyranose-(1-6)-[alpha-D-mannopyranose-(1-3)]alpha-D-mannopyranose-(1-6)]beta-D-mannopyranose-(1-4)-2-acetamido-2-deoxy-beta-D-glucopyranose-(1-4)-2-acetamido-2-deoxy-beta-D-glucopyranose
4R2G,Env,N,M,A|S,False,2014/08/11,3.283,Surface protein gp160|alpha-D-mannopyranose-(1-2)-alpha-D-mannopyranose-(1-2)-alpha-D-mannopyranose-(1-3)-[alpha-D-mannopyranose-(1-2)-alpha-D-mannopyranose-(1-6)-[alpha-D-mannopyranose-(1-3)]alpha-D-mannopyranose-(1-6)]beta-D-mannopyranose-(1-4)-2-acetamido-2-deoxy-beta-D-glucopyranose-(1-4)-2-acetamido-2-deoxy-beta-D-glucopyranose
4R2G,Env,Q,P,AC|AE|E|G,False,2014/08/11,3.283,2-acetamido-2-deoxy-beta-D-glucopyranose|CHLORIDE ION|Surface protein gp160|alpha-D-mannopyranose-(1-2)-alpha-D-mannopyranose-(1-2)-alpha-D-mannopyranose-(1-3)-[alpha-D-mannopyranose-(1-2)-alpha-D-mannopyranose-(1-6)-[alpha-D-mannopyranose-(1-3)]alpha-D-mannopyranose-(1-6)]beta-D-mannopyranose-(1-4)-2-acetamido-2-deoxy-beta-D-glucopyranose-(1-4)-2-acetamido-2-deoxy-beta-D-glucopyranose
4R2G,Env,D,C,O|R,False,2014/08/11,3.283,Surface protein gp160|alpha-D-mannopyranose-(1-2)-alpha-D-mannopyranose-(1-2)-alpha-D-mannopyranose-(1-3)-[alpha-D-mannopyranose-(1-2)-alpha-D-mannopyranose-(1-6)-[alpha-D-mannopyranose-(1-3)]alpha-D-mannopyranose-(1-6)]beta-D-mannopyranose-(1-4)-2-acetamido-2-deoxy-beta-D-glucopyranose-(1-4)-2-acetamido-2-deoxy-beta-D-glucopyranose
4RFN,Env,B,C,A,False,2014/09/26,3.21,HIV-1 CLADE A/E 93TH057 (H375S) GP120
4RFO,Env,H,L,G,False,2014/09/26,3.2,HIV-1 clade A/E gp120
4RFN,Env,H,L,G,False,2014/09/26,3.21,HIV-1 CLADE A/E 93TH057 (H375S) GP120
4RX4,Env,H,L,G|J|O|Q|S,False,2014/12/08,3.45,"HIV-1 Clade A Q842.d12 gp120|2-acetamido-2-deoxy-beta-D-glucopyranose|SULFATE ION|1,2-ETHANEDIOL"
4RX4,Env,A,D,AA|AE|E|T,False,2014/12/08,3.45,SULFATE ION|HIV-1 Clade A Q842.d12 gp120|2-acetamido-2-deoxy-beta-D-glucopyranose
4RWY,Env,H,L,A|B|N,False,2014/12/08,2.128,"HIV-1 YU2 gp120|2-acetamido-2-deoxy-beta-D-glucopyranose|1,2-ETHANEDIOL"
4S1R,Env,H,L,E|G,False,2015/01/14,3.214,2-acetamido-2-deoxy-beta-D-glucopyranose|clade A/E 93TH057 HIV-1 gp120 core
4S1Q,Env,H,L,E|G,False,2015/01/14,2.4,2-acetamido-2-deoxy-beta-D-glucopyranose|HIV-1 gp120 core
4S1S,Env,H,L,D|G,False,2015/01/14,3.39,2-acetamido-2-deoxy-beta-D-glucopyranose|clade A/E 93TH057 HIV-1 gp120 core
4XMP,Env,H,L,C|G|P,False,2015/01/15,1.7831,"2-acetamido-2-deoxy-beta-D-glucopyranose|Envelope glycoprotein gp160,Envelope glycoprotein gp160,Envelope glycoprotein gp160|(R,R)-2,3-BUTANEDIOL"
4XNY,Env,H,L,C|G,False,2015/01/16,2.3,"2-acetamido-2-deoxy-beta-D-glucopyranose|Envelope glycoprotein gp160,Envelope glycoprotein gp160,Envelope glycoprotein gp160"
4XNZ,Env,B,C,A|V,False,2015/01/16,3.389,"Envelope glycoprotein gp160,Envelope glycoprotein gp160|2-acetamido-2-deoxy-beta-D-glucopyranose"
4XNZ,Env,E,F,AB|D,False,2015/01/16,3.389,"2-acetamido-2-deoxy-beta-D-glucopyranose|Envelope glycoprotein gp160,Envelope glycoprotein gp160"
4XNZ,Env,H,L,G|P,False,2015/01/16,3.389,"Envelope glycoprotein gp160,Envelope glycoprotein gp160|2-acetamido-2-deoxy-beta-D-glucopyranose"
4XVS,Env,H,L,G,False,2015/01/27,1.9,Donor 45 01dG5 coreE gp120
4XVT,Env,H,L,A|G|N,False,2015/01/28,1.69,2-acetamido-2-deoxy-beta-D-glucopyranose|ENVELOPE GLYCOPROTEIN GP120 OF HIV-1 CLADE A/E
4YBL,Env,B,C,A,False,2015/02/18,3.1,Stabilized inner domain of clade A/E gp120
4YBL,Env,H,L,G,False,2015/02/18,3.1,Stabilized inner domain of clade A/E gp120
4YC2,Env,B,C,A,False,2015/02/19,3.02,The stabilized inner domain of clade A/E HIV-1 gp120 from E. coli
4YC2,Env,H,L,G,False,2015/02/19,3.02,The stabilized inner domain of clade A/E HIV-1 gp120 from E. coli
4YDJ,Env,H,L,G|N,False,2015/02/22,2.308,"Envelope glycoprotein gp160,Envelope glycoprotein gp160|2-acetamido-2-deoxy-beta-D-glucopyranose"
4YDL,Env,H,L,G|I,False,2015/02/22,1.8,"Envelope glycoprotein gp160,Envelope glycoprotein gp160|2-acetamido-2-deoxy-beta-D-glucopyranose"
4YDL,Env,B,C,A|U,False,2015/02/22,1.8,"Envelope glycoprotein gp160,Envelope glycoprotein gp160|2-acetamido-2-deoxy-beta-D-glucopyranose"
4YDJ,Env,A,B,I|W,False,2015/02/22,2.308,"Envelope glycoprotein gp160,Envelope glycoprotein gp160|2-acetamido-2-deoxy-beta-D-glucopyranose"
4YDI,Env,H,L,D|G|Q,False,2015/02/22,3.452,2-acetamido-2-deoxy-beta-D-glucopyranose|Envelope glycoprotein gp160|SULFATE ION
4YDK,Env,H,L,G|N|V|X|Z,False,2015/02/22,2.051,"Envelope glycoprotein gp160,Envelope glycoprotein gp160|DI(HYDROXYETHYL)ETHER|GLYCEROL"
4YE4,Env,H,L,C|G,False,2015/02/23,2.72,2-acetamido-2-deoxy-beta-D-glucopyranose|HT593.1 gp120
4YFL,Env,F,I,E|P,False,2015/02/25,3.387,"Envelope glycoprotein gp160,Envelope glycoprotein gp160,Envelope glycoprotein gp160|2-acetamido-2-deoxy-beta-D-glucopyranose"
4YFL,Env,H,L,G,False,2015/02/25,3.387,"Envelope glycoprotein gp160,Envelope glycoprotein gp160,Envelope glycoprotein gp160"
4YWG,Env,H,L,G,False,2015/03/20,2.998,Scaffold HIV-1 gp120 V1V2 region derived from strain ZM109
4YWG,Env,I,M,Q,False,2015/03/20,2.998,Scaffold HIV-1 gp120 V1V2 region derived from strain ZM109
5CD5,Env,C,D,A|K,False,2015/07/03,3.396,93TH057 HIV-1 gp120 core|2-acetamido-2-deoxy-beta-D-glucopyranose
5CEZ,Env,H,L,G|Q,False,2015/07/08,3.031,Envelope glycoprotein gp160|alpha-D-mannopyranose-(1-2)-alpha-D-mannopyranose-(1-2)-alpha-D-mannopyranose-(1-3)-[alpha-D-mannopyranose-(1-2)-alpha-D-mannopyranose-(1-6)-alpha-D-mannopyranose-(1-6)]beta-D-mannopyranose-(1-4)-2-acetamido-2-deoxy-beta-D-glucopyranose-(1-4)-2-acetamido-2-deoxy-beta-D-glucopyranose
5CEZ,Env,D,E,B|Y,False,2015/07/08,3.031,Envelope glycoprotein gp160|alpha-D-mannopyranose
5ESV,Env,A,B,E|I|J|M|P,False,2015/11/17,3.105,"2-C-methyl-D-erythritol 2,4-cyclodiphosphate synthase,Envelope glycoprotein gp160|2-acetamido-2-deoxy-beta-D-glucopyranose-(1-4)-2-acetamido-2-deoxy-beta-D-glucopyranose|alpha-D-mannopyranose-(1-3)-[alpha-D-mannopyranose-(1-6)]beta-D-mannopyranose-(1-4)-2-acetamido-2-deoxy-beta-D-glucopyranose-(1-4)-2-acetamido-2-deoxy-beta-D-glucopyranose|alpha-D-mannopyranose-(1-3)-[alpha-D-mannopyranose-(1-6)]alpha-D-mannopyranose-(1-6)-[alpha-D-mannopyranose-(1-3)]beta-D-mannopyranose-(1-4)-2-acetamido-2-deoxy-beta-D-glucopyranose-(1-4)-2-acetamido-2-deoxy-beta-D-glucopyranose"
5ESV,Env,C,D,F|G|N|O|Q|S,False,2015/11/17,3.105,"2-C-methyl-D-erythritol 2,4-cyclodiphosphate synthase,Envelope glycoprotein gp160|beta-D-mannopyranose-(1-4)-2-acetamido-2-deoxy-beta-D-glucopyranose-(1-4)-2-acetamido-2-deoxy-beta-D-glucopyranose|alpha-D-mannopyranose-(1-3)-[alpha-D-mannopyranose-(1-6)]alpha-D-mannopyranose-(1-6)-[alpha-D-mannopyranose-(1-3)]beta-D-mannopyranose-(1-4)-2-acetamido-2-deoxy-beta-D-glucopyranose-(1-4)-2-acetamido-2-deoxy-beta-D-glucopyranose|alpha-D-mannopyranose-(1-3)-alpha-D-mannopyranose-(1-6)-[alpha-D-mannopyranose-(1-3)]beta-D-mannopyranose-(1-4)-2-acetamido-2-deoxy-beta-D-glucopyranose-(1-4)-2-acetamido-2-deoxy-beta-D-glucopyranose"
5ESV,Env,H,L,D|E|G|K|R|T|X,False,2015/11/17,3.105,"CH03 Light Chain|2-C-methyl-D-erythritol 2,4-cyclodiphosphate synthase,Envelope glycoprotein gp160|alpha-D-mannopyranose-(1-3)-[alpha-D-mannopyranose-(1-6)]alpha-D-mannopyranose-(1-6)-[alpha-D-mannopyranose-(1-3)]beta-D-mannopyranose-(1-4)-2-acetamido-2-deoxy-beta-D-glucopyranose-(1-4)-2-acetamido-2-deoxy-beta-D-glucopyranose|alpha-D-mannopyranose-(1-3)-alpha-D-mannopyranose-(1-6)-[alpha-D-mannopyranose-(1-3)]beta-D-mannopyranose-(1-4)-2-acetamido-2-deoxy-beta-D-glucopyranose-(1-4)-2-acetamido-2-deoxy-beta-D-glucopyranose|2-acetamido-2-deoxy-beta-D-glucopyranose"
5F96,Env,H,L,E|G,False,2015/12/09,2.2407,2-acetamido-2-deoxy-beta-D-glucopyranose|clade A/E 93TH057 HIV-1 gp120 core
5F9W,Env,B,C,A|AH,False,2015/12/10,2.8911,clade A/E 93TH057 HIV-1 gp120 core|PHOSPHATE ION
5F9W,Env,H,L,AJ|G,False,2015/12/10,2.8911,PHOSPHATE ION|clade A/E 93TH057 HIV-1 gp120 core
5F9O,Env,H,L,G,False,2015/12/10,1.86,clade A/E 93TH057 HIV-1 gp120 core
5FCU,Env,H,L,G,False,2015/12/15,1.85,clade A/E 93TH057 HIV-1 gp120 core
5FEC,Env,A,B,D,False,2015/12/16,3.17,426c.TM4deltaV1-3 gp120
5FEC,Env,H,L,I,False,2015/12/16,3.17,426c.TM4deltaV1-3 gp120
5IF0,Env,H,L,G,False,2016/02/25,2.44,Germline-targeting HIV-1 gp120 engineered outer domain eOD-GT8
5IF0,Env,A,B,I,False,2016/02/25,2.44,Germline-targeting HIV-1 gp120 engineered outer domain eOD-GT8
5IES,Env,H,L,A|C,False,2016/02/25,2.16,GLYCEROL|Germline-targeting HIV-1 gp120 engineered outer domain eOD-GT8
5IGX,Env,H,L,D|G,False,2016/02/28,3.39,2-acetamido-2-deoxy-beta-D-glucopyranose|426c.TM1deltaV1-3 gp120
5FYL,Env,H,L,G|I|S,False,2016/03/08,3.1,BG505 GP120 ENV ECTODOMAIN|alpha-D-mannopyranose-(1-3)-[alpha-D-mannopyranose-(1-6)]alpha-D-mannopyranose-(1-6)-[alpha-D-mannopyranose-(1-3)]beta-D-mannopyranose-(1-4)-2-acetamido-2-deoxy-beta-D-glucopyranose-(1-4)-2-acetamido-2-deoxy-beta-D-glucopyranose|alpha-D-mannopyranose-(1-2)-alpha-D-mannopyranose-(1-2)-alpha-D-mannopyranose-(1-3)-[alpha-D-mannopyranose-(1-2)-alpha-D-mannopyranose-(1-3)-[alpha-D-mannopyranose-(1-6)]alpha-D-mannopyranose-(1-6)]beta-D-mannopyranose-(1-4)-2-acetamido-2-deoxy-beta-D-glucopyranose-(1-4)-2-acetamido-2-deoxy-beta-D-glucopyranose
5FYK,Env,D,E,AB|B|C|G,False,2016/03/08,3.107,"2-acetamido-2-deoxy-beta-D-glucopyranose|JR-FL, GP41 ENV ECTODOMAIN|alpha-D-mannopyranose-(1-3)-[alpha-D-mannopyranose-(1-6)]alpha-D-mannopyranose-(1-6)-[alpha-D-mannopyranose-(1-3)]beta-D-mannopyranose-(1-4)-2-acetamido-2-deoxy-beta-D-glucopyranose-(1-4)-2-acetamido-2-deoxy-beta-D-glucopyranose|JR-FL, GP120 ENV ECTODOMAIN"
5FYK,Env,U,V,G|N,False,2016/03/08,3.107,"JR-FL, GP120 ENV ECTODOMAIN|alpha-D-mannopyranose-(1-2)-alpha-D-mannopyranose-(1-2)-alpha-D-mannopyranose-(1-3)-[alpha-D-mannopyranose-(1-3)-alpha-D-mannopyranose-(1-6)]beta-D-mannopyranose-(1-4)-2-acetamido-2-deoxy-beta-D-glucopyranose-(1-4)-2-acetamido-2-deoxy-beta-D-glucopyranose"
5FYK,Env,H,L,AD|G|Q,False,2016/03/08,3.107,"2-acetamido-2-deoxy-beta-D-glucopyranose|JR-FL, GP120 ENV ECTODOMAIN|alpha-D-mannopyranose-(1-2)-alpha-D-mannopyranose-(1-2)-alpha-D-mannopyranose-(1-3)-[alpha-D-mannopyranose-(1-2)-alpha-D-mannopyranose-(1-3)-[alpha-D-mannopyranose-(1-6)]alpha-D-mannopyranose-(1-6)]beta-D-mannopyranose-(1-4)-2-acetamido-2-deoxy-beta-D-glucopyranose-(1-4)-2-acetamido-2-deoxy-beta-D-glucopyranose"
5FYJ,Env,U,V,AC|AD|G|S,False,2016/03/08,3.11,CITRIC ACID|GP120 ENV ECTODOMAIN|alpha-D-mannopyranose-(1-2)-alpha-D-mannopyranose-(1-2)-alpha-D-mannopyranose-(1-3)-[alpha-D-mannopyranose-(1-2)-alpha-D-mannopyranose-(1-3)-alpha-D-mannopyranose-(1-6)]beta-D-mannopyranose-(1-4)-2-acetamido-2-deoxy-beta-D-glucopyranose-(1-4)-2-acetamido-2-deoxy-beta-D-glucopyranose
5FYJ,Env,H,L,AH|G|X,False,2016/03/08,3.11,2-acetamido-2-deoxy-beta-D-glucopyranose|GP120 ENV ECTODOMAIN|alpha-D-mannopyranose-(1-2)-alpha-D-mannopyranose-(1-2)-alpha-D-mannopyranose-(1-3)-[alpha-D-mannopyranose-(1-2)-alpha-D-mannopyranose-(1-3)-[alpha-D-mannopyranose-(1-6)]alpha-D-mannopyranose-(1-6)]beta-D-mannopyranose-(1-4)-2-acetamido-2-deoxy-beta-D-glucopyranose-(1-4)-2-acetamido-2-deoxy-beta-D-glucopyranose
5FYJ,Env,D,E,B|F|G|J,False,2016/03/08,3.11,GP41 ENV ECTODOMAIN|beta-D-mannopyranose-(1-4)-2-acetamido-2-deoxy-beta-D-glucopyranose-(1-4)-2-acetamido-2-deoxy-beta-D-glucopyranose|GP120 ENV ECTODOMAIN|alpha-D-mannopyranose-(1-2)-alpha-D-mannopyranose-(1-3)-[alpha-D-mannopyranose-(1-3)-[alpha-D-mannopyranose-(1-6)]alpha-D-mannopyranose-(1-6)]beta-D-mannopyranose-(1-4)-2-acetamido-2-deoxy-beta-D-glucopyranose-(1-4)-2-acetamido-2-deoxy-beta-D-glucopyranose
5FYL,Env,D,E,B|C|G|Z,False,2016/03/08,3.1,BG505 GP120 ENV ECTODOMAIN|alpha-D-mannopyranose-(1-3)-[alpha-D-mannopyranose-(1-6)]alpha-D-mannopyranose-(1-6)-[alpha-D-mannopyranose-(1-3)]beta-D-mannopyranose-(1-4)-2-acetamido-2-deoxy-beta-D-glucopyranose-(1-4)-2-acetamido-2-deoxy-beta-D-glucopyranose|2-acetamido-2-deoxy-beta-D-glucopyranose
5KJR,Env,H,L,G,False,2016/06/20,2.98,clade A/E 93TH057 HIV-1 gp120 core
5KZC,Env,B,D,C|J,False,2016/07/24,3.25,Engineered outer domain of gp120|alpha-D-mannopyranose-(1-2)-alpha-D-mannopyranose-(1-3)-[alpha-D-mannopyranose-(1-6)]alpha-D-mannopyranose-(1-6)-[alpha-D-mannopyranose-(1-2)-alpha-D-mannopyranose-(1-3)]beta-D-mannopyranose-(1-4)-2-acetamido-2-deoxy-beta-D-glucopyranose-(1-4)-2-acetamido-2-deoxy-beta-D-glucopyranose
5KZC,Env,E,G,F|K,False,2016/07/24,3.25,Engineered outer domain of gp120|alpha-D-mannopyranose-(1-3)-[alpha-D-mannopyranose-(1-6)]alpha-D-mannopyranose-(1-6)-[alpha-D-mannopyranose-(1-3)]beta-D-mannopyranose-(1-4)-2-acetamido-2-deoxy-beta-D-glucopyranose-(1-4)-2-acetamido-2-deoxy-beta-D-glucopyranose
5KZC,Env,H,L,A|I,False,2016/07/24,3.25,Engineered outer domain of gp120|alpha-D-mannopyranose-(1-2)-alpha-D-mannopyranose-(1-3)-[alpha-D-mannopyranose-(1-6)]alpha-D-mannopyranose-(1-6)-[alpha-D-mannopyranose-(1-2)-alpha-D-mannopyranose-(1-3)]beta-D-mannopyranose-(1-4)-2-acetamido-2-deoxy-beta-D-glucopyranose-(1-4)-2-acetamido-2-deoxy-beta-D-glucopyranose
5T33,Env,H,L,C|G,False,2016/08/24,3.2092,alpha-D-mannopyranose-(1-3)-[alpha-D-mannopyranose-(1-6)]alpha-D-mannopyranose-(1-6)-[alpha-D-mannopyranose-(1-3)]beta-D-mannopyranose-(1-4)-2-acetamido-2-deoxy-beta-D-glucopyranose-(1-4)-2-acetamido-2-deoxy-beta-D-glucopyranose|RHPA gp120 core
5T3Z,Env,D,E,G|P,False,2016/08/26,3.5,Envelope glycoprotein gp160|alpha-D-mannopyranose-(1-3)-[alpha-D-mannopyranose-(1-6)]beta-D-mannopyranose-(1-4)-2-acetamido-2-deoxy-beta-D-glucopyranose-(1-4)-2-acetamido-2-deoxy-beta-D-glucopyranose
5T3Z,Env,H,L,G|S,False,2016/08/26,3.5,Envelope glycoprotein gp160|alpha-D-mannopyranose-(1-2)-alpha-D-mannopyranose-(1-2)-alpha-D-mannopyranose-(1-3)-[alpha-D-mannopyranose-(1-2)-alpha-D-mannopyranose-(1-6)-[alpha-D-mannopyranose-(1-3)]alpha-D-mannopyranose-(1-6)]beta-D-mannopyranose-(1-4)-2-acetamido-2-deoxy-beta-D-glucopyranose-(1-4)-2-acetamido-2-deoxy-beta-D-glucopyranose
5TE7,Env,H,L,C|G|K,False,2016/09/20,2.15,"1,2-ETHANEDIOL|HIV-1 gp120 core"
5TE4,Env,H,L,D|F|G|S|V,False,2016/09/20,2.75,"2-acetamido-2-deoxy-beta-D-glucopyranose|HIV-1 clade G strain X2088 gp120|SULFATE ION|(4S)-2-METHYL-2,4-PENTANEDIOL"
5TE6,Env,H,L,D|G,False,2016/09/20,2.4,2-acetamido-2-deoxy-beta-D-glucopyranose|clade A/E 93TH057 HIV-1 gp120 core
5U68,Env,E1,E2,A|B,False,2016/12/07,3.083,Chimera protein of Fusion glycoprotein F0 and Envelope glycoprotein
5U68,Env,F1,F2,B|C,False,2016/12/07,3.083,Chimera protein of Fusion glycoprotein F0 and Envelope glycoprotein
5U68,Env,G1,G2,A|C,False,2016/12/07,3.083,Chimera protein of Fusion glycoprotein F0 and Envelope glycoprotein
5U7M,Env,D,E,A|B|G|V,False,2016/12/12,3.025,alpha-D-mannopyranose-(1-3)-[alpha-D-mannopyranose-(1-6)]alpha-D-mannopyranose-(1-6)-[alpha-D-mannopyranose-(1-3)]beta-D-mannopyranose-(1-4)-2-acetamido-2-deoxy-beta-D-glucopyranose-(1-4)-2-acetamido-2-deoxy-beta-D-glucopyranose|Envelope glycoprotein gp160|2-acetamido-2-deoxy-beta-D-glucopyranose
5U7M,Env,H,L,C|G|O,False,2016/12/12,3.025,beta-D-mannopyranose-(1-4)-2-acetamido-2-deoxy-beta-D-glucopyranose-(1-4)-2-acetamido-2-deoxy-beta-D-glucopyranose|Envelope glycoprotein gp160|alpha-D-mannopyranose-(1-2)-alpha-D-mannopyranose-(1-2)-alpha-D-mannopyranose-(1-3)-[alpha-D-mannopyranose-(1-2)-alpha-D-mannopyranose-(1-3)-[alpha-D-mannopyranose-(1-6)]alpha-D-mannopyranose-(1-6)]beta-D-mannopyranose-(1-4)-2-acetamido-2-deoxy-beta-D-glucopyranose-(1-4)-2-acetamido-2-deoxy-beta-D-glucopyranose
5U7O,Env,D,E,A|B|G|W,False,2016/12/12,3.031,alpha-D-mannopyranose-(1-3)-[alpha-D-mannopyranose-(1-6)]alpha-D-mannopyranose-(1-6)-[alpha-D-mannopyranose-(1-3)]beta-D-mannopyranose-(1-4)-2-acetamido-2-deoxy-beta-D-glucopyranose-(1-4)-2-acetamido-2-deoxy-beta-D-glucopyranose|Envelope glycoprotein gp160|2-acetamido-2-deoxy-beta-D-glucopyranose
5U7O,Env,H,L,C|G|P,False,2016/12/12,3.031,alpha-D-mannopyranose-(1-3)-beta-D-mannopyranose-(1-4)-2-acetamido-2-deoxy-beta-D-glucopyranose-(1-4)-2-acetamido-2-deoxy-beta-D-glucopyranose|Envelope glycoprotein gp160|alpha-D-mannopyranose-(1-2)-alpha-D-mannopyranose-(1-2)-alpha-D-mannopyranose-(1-3)-[alpha-D-mannopyranose-(1-2)-alpha-D-mannopyranose-(1-3)-[alpha-D-mannopyranose-(1-6)]alpha-D-mannopyranose-(1-6)]beta-D-mannopyranose-(1-4)-2-acetamido-2-deoxy-beta-D-glucopyranose-(1-4)-2-acetamido-2-deoxy-beta-D-glucopyranose
5UEM,Env,H,L,E|G,False,2017/01/02,2.7,2-acetamido-2-deoxy-beta-D-glucopyranose|clade A/E 93TH057 HIV-1 gp120 core
5UKR,Env,H,L,E|G,False,2017/01/23,2.712,2-acetamido-2-deoxy-beta-D-glucopyranose|Chimeric B.YU2 gp120 core derived from HIV-1 Env
5UTY,Env,D,E,A|B|G|V,False,2017/02/15,3.412,alpha-D-mannopyranose-(1-3)-alpha-D-mannopyranose-(1-6)-[alpha-D-mannopyranose-(1-3)]beta-D-mannopyranose-(1-4)-2-acetamido-2-deoxy-beta-D-glucopyranose-(1-4)-2-acetamido-2-deoxy-beta-D-glucopyranose|HIV-1 BG505 strain Env gp41|HIV-1 BG505 strain Env gp120|2-acetamido-2-deoxy-beta-D-glucopyranose
5UTY,Env,H,L,C|G|P,False,2017/02/15,3.412,alpha-D-mannopyranose-(1-3)-beta-D-mannopyranose-(1-4)-2-acetamido-2-deoxy-beta-D-glucopyranose-(1-4)-2-acetamido-2-deoxy-beta-D-glucopyranose|HIV-1 BG505 strain Env gp120|alpha-D-mannopyranose-(1-2)-alpha-D-mannopyranose-(1-2)-alpha-D-mannopyranose-(1-3)-[alpha-D-mannopyranose-(1-2)-alpha-D-mannopyranose-(1-3)-[alpha-D-mannopyranose-(1-6)]alpha-D-mannopyranose-(1-6)]beta-D-mannopyranose-(1-4)-2-acetamido-2-deoxy-beta-D-glucopyranose-(1-4)-2-acetamido-2-deoxy-beta-D-glucopyranose
5V7J,Env,D,E,B|C|G,False,2017/03/20,2.907,Envelope glycoprotein gp160|alpha-D-mannopyranose-(1-3)-[alpha-D-mannopyranose-(1-6)]alpha-D-mannopyranose-(1-6)-[alpha-D-mannopyranose-(1-3)]beta-D-mannopyranose-(1-4)-2-acetamido-2-deoxy-beta-D-glucopyranose-(1-4)-2-acetamido-2-deoxy-beta-D-glucopyranose
5V7J,Env,H,L,G|O|Q,False,2017/03/20,2.907,Envelope glycoprotein gp160|alpha-D-mannopyranose-(1-2)-alpha-D-mannopyranose-(1-2)-alpha-D-mannopyranose-(1-3)-[alpha-D-mannopyranose-(1-2)-alpha-D-mannopyranose-(1-6)-[alpha-D-mannopyranose-(1-3)]alpha-D-mannopyranose-(1-6)]beta-D-mannopyranose-(1-4)-2-acetamido-2-deoxy-beta-D-glucopyranose-(1-4)-2-acetamido-2-deoxy-beta-D-glucopyranose|2-acetamido-2-deoxy-beta-D-glucopyranose-(1-4)-2-acetamido-2-deoxy-beta-D-glucopyranose
5W4L,Env,B,C,A|I|Y,False,2017/06/12,2.92,clade A/E 93TH057 HIV-1 gp120 core|Antibody N5-i5 light chain|2-acetamido-2-deoxy-beta-D-glucopyranose
5W4L,Env,D,E,G|L|O,False,2017/06/12,2.92,clade A/E 93TH057 HIV-1 gp120 core|Antibody N5-i5 light chain|2-acetamido-2-deoxy-beta-D-glucopyranose
5W4L,Env,F,I,A|B,False,2017/06/12,2.92,clade A/E 93TH057 HIV-1 gp120 core|Antibody N12-i3 Fab heavy chain
5W4L,Env,H,L,D|G,False,2017/06/12,2.92,Antibody N12-i3 Fab heavy chain|clade A/E 93TH057 HIV-1 gp120 core
5W6D,Env,D,E,B|C|G,False,2017/06/16,3.202,BG505-SOSIP.v4.1-GT1-N137A gp41|alpha-D-mannopyranose-(1-3)-[alpha-D-mannopyranose-(1-6)]alpha-D-mannopyranose-(1-6)-[alpha-D-mannopyranose-(1-3)]beta-D-mannopyranose-(1-4)-2-acetamido-2-deoxy-beta-D-glucopyranose-(1-4)-2-acetamido-2-deoxy-beta-D-glucopyranose|BG505-SOSIP.v4.1-GT1-N137A gp120
5W6D,Env,H,L,A|G,False,2017/06/16,3.202,alpha-D-mannopyranose-(1-2)-alpha-D-mannopyranose-(1-2)-alpha-D-mannopyranose-(1-3)-[alpha-D-mannopyranose-(1-2)-alpha-D-mannopyranose-(1-6)-[alpha-D-mannopyranose-(1-3)]alpha-D-mannopyranose-(1-6)]beta-D-mannopyranose-(1-4)-2-acetamido-2-deoxy-beta-D-glucopyranose-(1-4)-2-acetamido-2-deoxy-beta-D-glucopyranose|BG505-SOSIP.v4.1-GT1-N137A gp120
5WB9,Env,H,L,G|K,False,2017/06/28,2.4,"clade A/E 93TH057 HIV-1 gp120 core|(4S)-2-METHYL-2,4-PENTANEDIOL"
6B0N,Env,H,L,G|M|N|T,False,2017/09/14,3.4,Envelope glycoprotein gp140|alpha-D-mannopyranose-(1-2)-alpha-D-mannopyranose-(1-3)-[alpha-D-mannopyranose-(1-2)-alpha-D-mannopyranose-(1-6)]alpha-D-mannopyranose-(1-6)-beta-D-mannopyranose-(1-4)-2-acetamido-2-deoxy-beta-D-glucopyranose-(1-4)-2-acetamido-2-deoxy-beta-D-glucopyranose|alpha-D-mannopyranose-(1-2)-alpha-D-mannopyranose-(1-2)-alpha-D-mannopyranose|2-acetamido-2-deoxy-beta-D-glucopyranose
6B0N,Env,D,E,G|I|U,False,2017/09/14,3.4,Envelope glycoprotein gp140|alpha-D-mannopyranose-(1-3)-[alpha-D-mannopyranose-(1-6)]beta-D-mannopyranose-(1-4)-2-acetamido-2-deoxy-beta-D-glucopyranose-(1-4)-2-acetamido-2-deoxy-beta-D-glucopyranose|2-acetamido-2-deoxy-beta-D-glucopyranose
6BCK,Env,H,L,D|G|P,False,2017/10/20,2.7,"2-acetamido-2-deoxy-beta-D-glucopyranose|clade A/E 93TH057 HIV-1 gp120 core|(4S)-2-METHYL-2,4-PENTANEDIOL"
6BF4,Env,H,L,AB|AF|G|J|M|N,False,2017/10/25,2.382,"1,2-ETHANEDIOL|HIV-1 clade AE gp120 core|alpha-D-mannopyranose-(1-2)-alpha-D-mannopyranose-(1-2)-alpha-D-mannopyranose-(1-3)-[alpha-D-mannopyranose-(1-2)-alpha-D-mannopyranose-(1-3)-[alpha-D-mannopyranose-(1-2)-alpha-D-mannopyranose-(1-6)]alpha-D-mannopyranose-(1-6)]alpha-D-mannopyranose-(1-4)-2-acetamido-2-deoxy-beta-D-glucopyranose-(1-4)-2-acetamido-2-deoxy-beta-D-glucopyranose|alpha-D-mannopyranose-(1-2)-alpha-D-mannopyranose-(1-3)-alpha-D-mannopyranose-(1-4)-2-acetamido-2-deoxy-beta-D-glucopyranose-(1-4)-2-acetamido-2-deoxy-beta-D-glucopyranose|alpha-D-mannopyranose-(1-2)-alpha-D-mannopyranose-(1-2)-alpha-D-mannopyranose-(1-3)-[alpha-D-mannopyranose-(1-3)-[alpha-D-mannopyranose-(1-6)]alpha-D-mannopyranose-(1-6)]alpha-D-mannopyranose-(1-4)-2-acetamido-2-deoxy-beta-D-glucopyranose-(1-4)-2-acetamido-2-deoxy-beta-D-glucopyranose"
6BF4,Env,B,C,A|AC|AE|D|F|I|U,False,2017/10/25,2.382,"HIV-1 clade AE gp120 core|1,2-ETHANEDIOL|ACETATE ION|alpha-D-mannopyranose-(1-2)-alpha-D-mannopyranose-(1-3)-[alpha-D-mannopyranose-(1-2)-alpha-D-mannopyranose-(1-6)]alpha-D-mannopyranose-(1-6)-[alpha-D-mannopyranose-(1-2)-alpha-D-mannopyranose-(1-3)]alpha-D-mannopyranose-(1-4)-2-acetamido-2-deoxy-beta-D-glucopyranose-(1-4)-2-acetamido-2-deoxy-beta-D-glucopyranose|alpha-D-mannopyranose-(1-2)-alpha-D-mannopyranose-(1-3)-[alpha-D-mannopyranose-(1-6)]alpha-D-mannopyranose-(1-4)-2-acetamido-2-deoxy-beta-D-glucopyranose-(1-4)-2-acetamido-2-deoxy-beta-D-glucopyranose|alpha-D-mannopyranose-(1-2)-alpha-D-mannopyranose-(1-2)-alpha-D-mannopyranose-(1-3)-[alpha-D-mannopyranose-(1-3)-[alpha-D-mannopyranose-(1-6)]alpha-D-mannopyranose-(1-6)]alpha-D-mannopyranose-(1-4)-2-acetamido-2-deoxy-beta-D-glucopyranose-(1-4)-2-acetamido-2-deoxy-beta-D-glucopyranose"
6CK9,Env,H,L,G|N,False,2018/02/27,2.714,gp120 of Envelope glycoprotein gp160|alpha-D-mannopyranose-(1-2)-alpha-D-mannopyranose-(1-2)-alpha-D-mannopyranose-(1-3)-[alpha-D-mannopyranose-(1-2)-alpha-D-mannopyranose-(1-6)-[alpha-D-mannopyranose-(1-3)]alpha-D-mannopyranose-(1-6)]beta-D-mannopyranose-(1-4)-2-acetamido-2-deoxy-beta-D-glucopyranose-(1-4)-2-acetamido-2-deoxy-beta-D-glucopyranose
6CK9,Env,D,E,B|C|G,False,2018/02/27,2.714,gp41 ectodomain of Envelope glycoprotein gp160|alpha-D-mannopyranose-(1-3)-alpha-D-mannopyranose-(1-6)-[alpha-D-mannopyranose-(1-3)]beta-D-mannopyranose-(1-4)-2-acetamido-2-deoxy-beta-D-glucopyranose-(1-4)-2-acetamido-2-deoxy-beta-D-glucopyranose|gp120 of Envelope glycoprotein gp160
6D2P,Env,H,L,C|F,False,2018/04/13,2.6,Germline-targeting HIV-1 gp120 engineered outer domain eOD-GT8|GLYCEROL
6DCQ,Env,H,L,A|B|F|r|s,False,2018/05/08,3.1,Envelope glycoprotein gp160|2-acetamido-2-deoxy-beta-D-glucopyranose-(1-2)-[2-acetamido-2-deoxy-beta-D-glucopyranose-(1-4)]alpha-D-mannopyranose-(1-3)-[2-acetamido-2-deoxy-beta-D-glucopyranose-(1-2)-alpha-D-mannopyranose-(1-6)]beta-D-mannopyranose-(1-4)-2-acetamido-2-deoxy-beta-D-glucopyranose-(1-4)-[alpha-L-fucopyranose-(1-6)]2-acetamido-2-deoxy-beta-D-glucopyranose|beta-D-galactopyranose-(1-4)-2-acetamido-2-deoxy-beta-D-glucopyranose-(1-2)-[beta-D-galactopyranose-(1-4)-2-acetamido-2-deoxy-beta-D-glucopyranose-(1-6)]alpha-D-mannopyranose-(1-6)-beta-D-mannopyranose-(1-4)-2-acetamido-2-deoxy-beta-D-glucopyranose-(1-4)-[alpha-L-fucopyranose-(1-6)]2-acetamido-2-deoxy-beta-D-glucopyranose
6DCQ,Env,M,N,D|E|F|f|g,False,2018/05/08,3.1,Envelope glycoprotein gp160|beta-D-galactopyranose-(1-4)-2-acetamido-2-deoxy-beta-D-glucopyranose-(1-2)-[beta-D-galactopyranose-(1-4)-2-acetamido-2-deoxy-beta-D-glucopyranose-(1-6)]alpha-D-mannopyranose-(1-6)-[alpha-D-mannopyranose-(1-3)]beta-D-mannopyranose-(1-4)-2-acetamido-2-deoxy-beta-D-glucopyranose-(1-4)-[alpha-L-fucopyranose-(1-6)]2-acetamido-2-deoxy-beta-D-glucopyranose|2-acetamido-2-deoxy-beta-D-glucopyranose-(1-2)-[2-acetamido-2-deoxy-beta-D-glucopyranose-(1-4)]alpha-D-mannopyranose-(1-3)-[2-acetamido-2-deoxy-beta-D-glucopyranose-(1-2)-alpha-D-mannopyranose-(1-6)]beta-D-mannopyranose-(1-4)-2-acetamido-2-deoxy-beta-D-glucopyranose-(1-4)-[alpha-L-fucopyranose-(1-6)]2-acetamido-2-deoxy-beta-D-glucopyranose
6MFP,Env,C,D,A,False,2018/09/11,3.0,clade A/E 93TH057 HIV-1 gp120 core
6MFP,Env,H,L,G,False,2018/09/11,3.0,clade A/E 93TH057 HIV-1 gp120 core
6MFT,Env,H,L,D|G|Q|R,False,2018/09/12,2.315,2-acetamido-2-deoxy-beta-D-glucopyranose-(1-4)-2-acetamido-2-deoxy-beta-D-glucopyranose|Gp120|2-acetamido-2-deoxy-beta-D-glucopyranose|DI(HYDROXYETHYL)ETHER
6MFT,Env,A,B,C|U,False,2018/09/12,2.315,Gp120|2-acetamido-2-deoxy-beta-D-glucopyranose
6MG7,Env,H,L,A|G,False,2018/09/13,2.91,2-acetamido-2-deoxy-beta-D-glucopyranose|clade A/E 93TH057 HIV-1 gp120 core
6MPG,Env,q,r,V|Z,False,2018/10/06,3.2,Envelope glycoprotein gp120|alpha-D-mannopyranose-(1-3)-beta-D-mannopyranose-(1-4)-2-acetamido-2-deoxy-beta-D-glucopyranose-(1-4)-2-acetamido-2-deoxy-beta-D-glucopyranose
6MPG,Env,m,n,F|S|V,False,2018/10/06,3.2,alpha-D-mannopyranose-(1-3)-beta-D-mannopyranose-(1-4)-2-acetamido-2-deoxy-beta-D-glucopyranose-(1-4)-2-acetamido-2-deoxy-beta-D-glucopyranose|alpha-D-mannopyranose-(1-2)-alpha-D-mannopyranose-(1-2)-alpha-D-mannopyranose-(1-3)-[alpha-D-mannopyranose-(1-3)-[alpha-D-mannopyranose-(1-6)]alpha-D-mannopyranose-(1-6)]beta-D-mannopyranose-(1-4)-2-acetamido-2-deoxy-beta-D-glucopyranose-(1-4)-2-acetamido-2-deoxy-beta-D-glucopyranose|Envelope glycoprotein gp120
6MPG,Env,X,Y,A|C|D|DA,False,2018/10/06,3.2,Envelope glycoprotein gp41|Envelope glycoprotein gp120|beta-D-mannopyranose-(1-4)-2-acetamido-2-deoxy-beta-D-glucopyranose-(1-4)-2-acetamido-2-deoxy-beta-D-glucopyranose
6MPG,Env,W,B,D|U|V|a,False,2018/10/06,3.2,Envelope glycoprotein gp41|Envelope glycoprotein gp120|beta-D-mannopyranose-(1-4)-2-acetamido-2-deoxy-beta-D-glucopyranose-(1-4)-2-acetamido-2-deoxy-beta-D-glucopyranose
6MPG,Env,M,N,AA|C|u,False,2018/10/06,3.2,alpha-D-mannopyranose-(1-2)-alpha-D-mannopyranose-(1-2)-alpha-D-mannopyranose-(1-3)-[alpha-D-mannopyranose-(1-3)-[alpha-D-mannopyranose-(1-6)]alpha-D-mannopyranose-(1-6)]beta-D-mannopyranose-(1-4)-2-acetamido-2-deoxy-beta-D-glucopyranose-(1-4)-2-acetamido-2-deoxy-beta-D-glucopyranose|Envelope glycoprotein gp120|alpha-D-mannopyranose-(1-3)-beta-D-mannopyranose-(1-4)-2-acetamido-2-deoxy-beta-D-glucopyranose-(1-4)-2-acetamido-2-deoxy-beta-D-glucopyranose
6MPG,Env,Q,R,C|CA,False,2018/10/06,3.2,Envelope glycoprotein gp120|alpha-D-mannopyranose-(1-3)-beta-D-mannopyranose-(1-4)-2-acetamido-2-deoxy-beta-D-glucopyranose-(1-4)-2-acetamido-2-deoxy-beta-D-glucopyranose
6MPG,Env,AG,AH,AD|c|l,False,2018/10/06,3.2,Envelope glycoprotein gp120|alpha-D-mannopyranose-(1-3)-beta-D-mannopyranose-(1-4)-2-acetamido-2-deoxy-beta-D-glucopyranose-(1-4)-2-acetamido-2-deoxy-beta-D-glucopyranose|alpha-D-mannopyranose-(1-2)-alpha-D-mannopyranose-(1-2)-alpha-D-mannopyranose-(1-3)-[alpha-D-mannopyranose-(1-3)-[alpha-D-mannopyranose-(1-6)]alpha-D-mannopyranose-(1-6)]beta-D-mannopyranose-(1-4)-2-acetamido-2-deoxy-beta-D-glucopyranose-(1-4)-2-acetamido-2-deoxy-beta-D-glucopyranose
6MPG,Env,AE,AF,A|AD|U|s,False,2018/10/06,3.2,Envelope glycoprotein gp41|Envelope glycoprotein gp120|beta-D-mannopyranose-(1-4)-2-acetamido-2-deoxy-beta-D-glucopyranose-(1-4)-2-acetamido-2-deoxy-beta-D-glucopyranose
6MPG,Env,AJ,AI,AD|p,False,2018/10/06,3.2,Envelope glycoprotein gp120|alpha-D-mannopyranose-(1-3)-beta-D-mannopyranose-(1-4)-2-acetamido-2-deoxy-beta-D-glucopyranose-(1-4)-2-acetamido-2-deoxy-beta-D-glucopyranose
6MTJ,Env,D,E,A|B|G|O,False,2018/10/19,2.336,alpha-D-mannopyranose-(1-3)-alpha-D-mannopyranose-(1-6)-[alpha-D-mannopyranose-(1-3)]beta-D-mannopyranose-(1-4)-2-acetamido-2-deoxy-beta-D-glucopyranose-(1-4)-2-acetamido-2-deoxy-beta-D-glucopyranose|Envelope glycoprotein gp160|2-acetamido-2-deoxy-beta-D-glucopyranose
6MTJ,Env,H,L,G|K,False,2018/10/19,2.336,Envelope glycoprotein gp160|alpha-D-mannopyranose-(1-2)-alpha-D-mannopyranose-(1-2)-alpha-D-mannopyranose-(1-3)-[alpha-D-mannopyranose-(1-2)-alpha-D-mannopyranose-(1-6)-[alpha-D-mannopyranose-(1-3)]alpha-D-mannopyranose-(1-6)]beta-D-mannopyranose-(1-4)-2-acetamido-2-deoxy-beta-D-glucopyranose-(1-4)-2-acetamido-2-deoxy-beta-D-glucopyranose
6MTN,Env,D,E,B|C|G|P,False,2018/10/20,2.5,Envelope glycoprotein gp160|alpha-D-mannopyranose-(1-3)-alpha-D-mannopyranose-(1-6)-[alpha-D-mannopyranose-(1-3)]beta-D-mannopyranose-(1-4)-2-acetamido-2-deoxy-beta-D-glucopyranose-(1-4)-2-acetamido-2-deoxy-beta-D-glucopyranose|2-acetamido-2-deoxy-beta-D-glucopyranose
6MTN,Env,H,L,G|M,False,2018/10/20,2.5,Envelope glycoprotein gp160|alpha-D-mannopyranose-(1-2)-alpha-D-mannopyranose-(1-2)-alpha-D-mannopyranose-(1-3)-[alpha-D-mannopyranose-(1-2)-alpha-D-mannopyranose-(1-6)-[alpha-D-mannopyranose-(1-3)]alpha-D-mannopyranose-(1-6)]beta-D-mannopyranose-(1-4)-2-acetamido-2-deoxy-beta-D-glucopyranose-(1-4)-2-acetamido-2-deoxy-beta-D-glucopyranose
6MU8,Env,D,E,A|B|G,False,2018/10/22,2.993,alpha-D-mannopyranose-(1-3)-alpha-D-mannopyranose-(1-6)-[alpha-D-mannopyranose-(1-3)]beta-D-mannopyranose-(1-4)-2-acetamido-2-deoxy-beta-D-glucopyranose-(1-4)-2-acetamido-2-deoxy-beta-D-glucopyranose|Envelope glycoprotein gp160
6MU6,Env,D,E,A|B|G,False,2018/10/22,2.551,alpha-D-mannopyranose-(1-3)-alpha-D-mannopyranose-(1-6)-[alpha-D-mannopyranose-(1-3)]beta-D-mannopyranose-(1-4)-2-acetamido-2-deoxy-beta-D-glucopyranose-(1-4)-2-acetamido-2-deoxy-beta-D-glucopyranose|Envelope glycoprotein gp160
6MU6,Env,H,L,G|M,False,2018/10/22,2.551,Envelope glycoprotein gp160|alpha-D-mannopyranose-(1-2)-alpha-D-mannopyranose-(1-2)-alpha-D-mannopyranose-(1-3)-[alpha-D-mannopyranose-(1-2)-alpha-D-mannopyranose-(1-6)-[alpha-D-mannopyranose-(1-3)]alpha-D-mannopyranose-(1-6)]beta-D-mannopyranose-(1-4)-2-acetamido-2-deoxy-beta-D-glucopyranose-(1-4)-2-acetamido-2-deoxy-beta-D-glucopyranose
6MU7,Env,D,E,A|B|G|O,False,2018/10/22,2.501,alpha-D-mannopyranose-(1-3)-alpha-D-mannopyranose-(1-6)-[alpha-D-mannopyranose-(1-3)]beta-D-mannopyranose-(1-4)-2-acetamido-2-deoxy-beta-D-glucopyranose-(1-4)-2-acetamido-2-deoxy-beta-D-glucopyranose|Envelope glycoprotein gp160|2-acetamido-2-deoxy-beta-D-glucopyranose
6MU7,Env,H,L,G|K,False,2018/10/22,2.501,Envelope glycoprotein gp160|alpha-D-mannopyranose-(1-2)-alpha-D-mannopyranose-(1-2)-alpha-D-mannopyranose-(1-3)-[alpha-D-mannopyranose-(1-2)-alpha-D-mannopyranose-(1-6)-[alpha-D-mannopyranose-(1-3)]alpha-D-mannopyranose-(1-6)]beta-D-mannopyranose-(1-4)-2-acetamido-2-deoxy-beta-D-glucopyranose-(1-4)-2-acetamido-2-deoxy-beta-D-glucopyranose
6MU8,Env,H,L,G|K,False,2018/10/22,2.993,Envelope glycoprotein gp160|alpha-D-mannopyranose-(1-2)-alpha-D-mannopyranose-(1-2)-alpha-D-mannopyranose-(1-3)-[alpha-D-mannopyranose-(1-2)-alpha-D-mannopyranose-(1-6)-[alpha-D-mannopyranose-(1-3)]alpha-D-mannopyranose-(1-6)]beta-D-mannopyranose-(1-4)-2-acetamido-2-deoxy-beta-D-glucopyranose-(1-4)-2-acetamido-2-deoxy-beta-D-glucopyranose
6MUG,Env,D,E,A|B|G,False,2018/10/23,2.954,alpha-D-mannopyranose-(1-3)-alpha-D-mannopyranose-(1-6)-[alpha-D-mannopyranose-(1-3)]beta-D-mannopyranose-(1-4)-2-acetamido-2-deoxy-beta-D-glucopyranose-(1-4)-2-acetamido-2-deoxy-beta-D-glucopyranose|Envelope glycoprotein gp160
6MUG,Env,H,L,G|I,False,2018/10/23,2.954,Envelope glycoprotein gp160|alpha-D-mannopyranose-(1-2)-alpha-D-mannopyranose-(1-2)-alpha-D-mannopyranose-(1-3)-[alpha-D-mannopyranose-(1-2)-alpha-D-mannopyranose-(1-6)-[alpha-D-mannopyranose-(1-3)]alpha-D-mannopyranose-(1-6)]beta-D-mannopyranose-(1-4)-2-acetamido-2-deoxy-beta-D-glucopyranose-(1-4)-2-acetamido-2-deoxy-beta-D-glucopyranose
6MUF,Env,H,L,G|I,False,2018/10/23,2.91,Envelope glycoprotein gp160|alpha-D-mannopyranose-(1-2)-alpha-D-mannopyranose-(1-2)-alpha-D-mannopyranose-(1-3)-[alpha-D-mannopyranose-(1-2)-alpha-D-mannopyranose-(1-6)-[alpha-D-mannopyranose-(1-3)]alpha-D-mannopyranose-(1-6)]beta-D-mannopyranose-(1-4)-2-acetamido-2-deoxy-beta-D-glucopyranose-(1-4)-2-acetamido-2-deoxy-beta-D-glucopyranose
6MUF,Env,D,E,A|B|G,False,2018/10/23,2.91,alpha-D-mannopyranose-(1-3)-alpha-D-mannopyranose-(1-6)-[alpha-D-mannopyranose-(1-3)]beta-D-mannopyranose-(1-4)-2-acetamido-2-deoxy-beta-D-glucopyranose-(1-4)-2-acetamido-2-deoxy-beta-D-glucopyranose|Envelope glycoprotein gp160
6NFC,Env,C,D,BH|E|G|I,False,2018/12/19,3.43,2-acetamido-2-deoxy-beta-D-glucopyranose|HIV-1 Env BG505 MD64 N332-GT5 SOSIP gp120|HIV-1 Env BG505 MD64 N332-GT5 SOSIP gp41
6NFC,Env,H,L,A|S,False,2018/12/19,3.43,HIV-1 Env BG505 MD64 N332-GT5 SOSIP gp120|2-acetamido-2-deoxy-beta-D-glucopyranose-(1-4)-2-acetamido-2-deoxy-beta-D-glucopyranose
6NFC,Env,J,M,A|B|BE|G,False,2018/12/19,3.43,HIV-1 Env BG505 MD64 N332-GT5 SOSIP gp120|HIV-1 Env BG505 MD64 N332-GT5 SOSIP gp41|2-acetamido-2-deoxy-beta-D-glucopyranose
6NFC,Env,K,N,B|BK|F|I,False,2018/12/19,3.43,HIV-1 Env BG505 MD64 N332-GT5 SOSIP gp41|2-acetamido-2-deoxy-beta-D-glucopyranose|HIV-1 Env BG505 MD64 N332-GT5 SOSIP gp120
6NM6,Env,D,E,A|B|G,False,2019/01/10,2.739,alpha-D-mannopyranose-(1-3)-alpha-D-mannopyranose-(1-6)-[alpha-D-mannopyranose-(1-3)]beta-D-mannopyranose-(1-4)-2-acetamido-2-deoxy-beta-D-glucopyranose-(1-4)-2-acetamido-2-deoxy-beta-D-glucopyranose|Envelope glycoprotein gp41|Envelope glycoprotein gp120
6NM6,Env,H,L,G|O,False,2019/01/10,2.739,Envelope glycoprotein gp120|alpha-D-mannopyranose-(1-2)-alpha-D-mannopyranose-(1-2)-alpha-D-mannopyranose-(1-3)-[alpha-D-mannopyranose-(1-2)-alpha-D-mannopyranose-(1-6)-[alpha-D-mannopyranose-(1-3)]alpha-D-mannopyranose-(1-6)]beta-D-mannopyranose-(1-4)-2-acetamido-2-deoxy-beta-D-glucopyranose-(1-4)-2-acetamido-2-deoxy-beta-D-glucopyranose
6NM6,Env,U,V,G|K,False,2019/01/10,2.739,Envelope glycoprotein gp120|2-acetamido-2-deoxy-beta-D-glucopyranose-(1-4)-2-acetamido-2-deoxy-beta-D-glucopyranose
6NNF,Env,H,L,G|O,False,2019/01/14,2.762,Envelope glycoprotein gp120|alpha-D-mannopyranose-(1-2)-alpha-D-mannopyranose-(1-2)-alpha-D-mannopyranose-(1-3)-[alpha-D-mannopyranose-(1-2)-alpha-D-mannopyranose-(1-6)-[alpha-D-mannopyranose-(1-3)]alpha-D-mannopyranose-(1-6)]beta-D-mannopyranose-(1-4)-2-acetamido-2-deoxy-beta-D-glucopyranose-(1-4)-2-acetamido-2-deoxy-beta-D-glucopyranose
6NNF,Env,U,V,G|K,False,2019/01/14,2.762,Envelope glycoprotein gp120|2-acetamido-2-deoxy-beta-D-glucopyranose-(1-4)-2-acetamido-2-deoxy-beta-D-glucopyranose
6NNF,Env,D,E,A|B|G,False,2019/01/14,2.762,alpha-D-mannopyranose-(1-3)-alpha-D-mannopyranose-(1-6)-[alpha-D-mannopyranose-(1-3)]beta-D-mannopyranose-(1-4)-2-acetamido-2-deoxy-beta-D-glucopyranose-(1-4)-2-acetamido-2-deoxy-beta-D-glucopyranose|Envelope glycoprotein gp41|Envelope glycoprotein gp120
6NNJ,Env,D,E,A|B|G,False,2019/01/15,2.6,alpha-D-mannopyranose-(1-3)-alpha-D-mannopyranose-(1-6)-[alpha-D-mannopyranose-(1-3)]beta-D-mannopyranose-(1-4)-2-acetamido-2-deoxy-beta-D-glucopyranose-(1-4)-2-acetamido-2-deoxy-beta-D-glucopyranose|Envelope glycoprotein gp41|Envelope glycoprotein gp120
6NNJ,Env,H,L,G|N,False,2019/01/15,2.6,Envelope glycoprotein gp120|alpha-D-mannopyranose-(1-2)-alpha-D-mannopyranose-(1-2)-alpha-D-mannopyranose-(1-3)-[alpha-D-mannopyranose-(1-2)-alpha-D-mannopyranose-(1-6)-[alpha-D-mannopyranose-(1-3)]alpha-D-mannopyranose-(1-6)]beta-D-mannopyranose-(1-4)-2-acetamido-2-deoxy-beta-D-glucopyranose-(1-4)-2-acetamido-2-deoxy-beta-D-glucopyranose
6NNJ,Env,U,V,G|J|S,False,2019/01/15,2.6,Envelope glycoprotein gp120|2-acetamido-2-deoxy-beta-D-glucopyranose-(1-4)-2-acetamido-2-deoxy-beta-D-glucopyranose|2-acetamido-2-deoxy-beta-D-glucopyranose
6OEJ,Env,H,L,D|G,False,2019/03/27,3.45,beta-D-mannopyranose-(1-4)-2-acetamido-2-deoxy-beta-D-glucopyranose-(1-4)-[alpha-L-fucopyranose-(1-6)]2-acetamido-2-deoxy-beta-D-glucopyranose|clade A/E 93TH057 HIV-1 gp120 core
6OEJ,Env,B,C,A|E,False,2019/03/27,3.45,clade A/E 93TH057 HIV-1 gp120 core|beta-D-mannopyranose-(1-4)-2-acetamido-2-deoxy-beta-D-glucopyranose-(1-4)-[alpha-L-fucopyranose-(1-6)]2-acetamido-2-deoxy-beta-D-glucopyranose
6OKP,Env,K,L,E|g|h,False,2019/04/14,3.28,Envelope glycoprotein gp120|alpha-D-mannopyranose-(1-2)-alpha-D-mannopyranose-(1-3)-[alpha-D-mannopyranose-(1-3)-alpha-D-mannopyranose-(1-6)]beta-D-mannopyranose-(1-4)-2-acetamido-2-deoxy-beta-D-glucopyranose-(1-4)-2-acetamido-2-deoxy-beta-D-glucopyranose|alpha-D-mannopyranose-(1-2)-alpha-D-mannopyranose-(1-3)-[alpha-D-mannopyranose-(1-6)]beta-D-mannopyranose-(1-4)-2-acetamido-2-deoxy-beta-D-glucopyranose-(1-4)-2-acetamido-2-deoxy-beta-D-glucopyranose
6OKP,Env,M,N,D|G|H|I,False,2019/04/14,3.28,Envelope glycoprotein gp120|alpha-D-mannopyranose-(1-2)-alpha-D-mannopyranose-(1-3)-[alpha-D-mannopyranose-(1-3)-[alpha-D-mannopyranose-(1-6)]alpha-D-mannopyranose-(1-6)]beta-D-mannopyranose-(1-4)-2-acetamido-2-deoxy-beta-D-glucopyranose-(1-4)-2-acetamido-2-deoxy-beta-D-glucopyranose|alpha-D-mannopyranose-(1-2)-alpha-D-mannopyranose-(1-6)-[alpha-D-mannopyranose-(1-3)]alpha-D-mannopyranose-(1-6)-[alpha-D-mannopyranose-(1-3)-alpha-D-mannopyranose-(1-3)]beta-D-mannopyranose-(1-4)-2-acetamido-2-deoxy-beta-D-glucopyranose-(1-4)-2-acetamido-2-deoxy-beta-D-glucopyranose|alpha-D-mannopyranose-(1-3)-[alpha-D-mannopyranose-(1-6)]alpha-D-mannopyranose-(1-6)-[alpha-D-mannopyranose-(1-3)]beta-D-mannopyranose-(1-4)-2-acetamido-2-deoxy-beta-D-glucopyranose-(1-4)-2-acetamido-2-deoxy-beta-D-glucopyranose
6OKP,Env,O,P,E|Y|Z|g|r,False,2019/04/14,3.28,Envelope glycoprotein gp120|2-acetamido-2-deoxy-beta-D-glucopyranose-(1-4)-2-acetamido-2-deoxy-beta-D-glucopyranose|alpha-D-mannopyranose-(1-3)-[alpha-D-mannopyranose-(1-6)]alpha-D-mannopyranose-(1-6)-[alpha-D-mannopyranose-(1-3)]beta-D-mannopyranose-(1-4)-2-acetamido-2-deoxy-beta-D-glucopyranose-(1-4)-2-acetamido-2-deoxy-beta-D-glucopyranose|alpha-D-mannopyranose-(1-2)-alpha-D-mannopyranose-(1-3)-[alpha-D-mannopyranose-(1-3)-alpha-D-mannopyranose-(1-6)]beta-D-mannopyranose-(1-4)-2-acetamido-2-deoxy-beta-D-glucopyranose-(1-4)-2-acetamido-2-deoxy-beta-D-glucopyranose|alpha-D-mannopyranose-(1-2)-alpha-D-mannopyranose-(1-6)-[alpha-D-mannopyranose-(1-3)]alpha-D-mannopyranose-(1-6)-[alpha-D-mannopyranose-(1-3)-alpha-D-mannopyranose-(1-3)]beta-D-mannopyranose-(1-4)-2-acetamido-2-deoxy-beta-D-glucopyranose-(1-4)-2-acetamido-2-deoxy-beta-D-glucopyranose
6OKP,Env,Q,R,F|i|j|s,False,2019/04/14,3.28,Envelope glycoprotein gp120|alpha-D-mannopyranose-(1-3)-[alpha-D-mannopyranose-(1-6)]alpha-D-mannopyranose-(1-6)-[alpha-D-mannopyranose-(1-3)]beta-D-mannopyranose-(1-4)-2-acetamido-2-deoxy-beta-D-glucopyranose-(1-4)-2-acetamido-2-deoxy-beta-D-glucopyranose|alpha-D-mannopyranose-(1-2)-alpha-D-mannopyranose-(1-6)-[alpha-D-mannopyranose-(1-3)]alpha-D-mannopyranose-(1-6)-[alpha-D-mannopyranose-(1-3)-alpha-D-mannopyranose-(1-3)]beta-D-mannopyranose-(1-4)-2-acetamido-2-deoxy-beta-D-glucopyranose-(1-4)-2-acetamido-2-deoxy-beta-D-glucopyranose
6OPO,Env,H,L,A,False,2019/04/25,3.5,Envelope glycoprotein gp160
6OPO,Env,I,E,D,False,2019/04/25,3.5,Envelope glycoprotein gp160
6OPO,Env,O,K,J,False,2019/04/25,3.5,Envelope glycoprotein gp160
6OT1,Env,q,r,E|G|Z|i,False,2019/05/02,3.5,BG505 gp120|2-acetamido-2-deoxy-beta-D-glucopyranose-(1-4)-2-acetamido-2-deoxy-beta-D-glucopyranose|alpha-D-mannopyranose-(1-3)-[alpha-D-mannopyranose-(1-6)]beta-D-mannopyranose-(1-4)-2-acetamido-2-deoxy-beta-D-glucopyranose-(1-4)-2-acetamido-2-deoxy-beta-D-glucopyranose
6OT1,Env,S,T,AI|G|GA|P,False,2019/05/02,3.5,2-acetamido-2-deoxy-beta-D-glucopyranose-(1-4)-2-acetamido-2-deoxy-beta-D-glucopyranose|BG505 gp120|alpha-D-mannopyranose-(1-3)-[alpha-D-mannopyranose-(1-6)]beta-D-mannopyranose-(1-4)-2-acetamido-2-deoxy-beta-D-glucopyranose-(1-4)-2-acetamido-2-deoxy-beta-D-glucopyranose
6OT1,Env,Q,R,AE|BA|P,False,2019/05/02,3.5,alpha-D-mannopyranose-(1-3)-[alpha-D-mannopyranose-(1-6)]beta-D-mannopyranose-(1-4)-2-acetamido-2-deoxy-beta-D-glucopyranose-(1-4)-2-acetamido-2-deoxy-beta-D-glucopyranose|alpha-D-mannopyranose-(1-2)-alpha-D-mannopyranose-(1-3)-[alpha-D-mannopyranose-(1-6)]beta-D-mannopyranose-(1-4)-2-acetamido-2-deoxy-beta-D-glucopyranose-(1-4)-2-acetamido-2-deoxy-beta-D-glucopyranose|BG505 gp120
6OT1,Env,M,N,AD|AM|D|O|P,False,2019/05/02,3.5,2-acetamido-2-deoxy-beta-D-glucopyranose-(1-4)-2-acetamido-2-deoxy-beta-D-glucopyranose|2-acetamido-2-deoxy-beta-D-glucopyranose|Envelope glycoprotein gp41|BG505 gp120
6OT1,Env,m,n,G|V|d,False,2019/05/02,3.5,BG505 gp120|alpha-D-mannopyranose-(1-3)-[alpha-D-mannopyranose-(1-6)]beta-D-mannopyranose-(1-4)-2-acetamido-2-deoxy-beta-D-glucopyranose-(1-4)-2-acetamido-2-deoxy-beta-D-glucopyranose|alpha-D-mannopyranose-(1-2)-alpha-D-mannopyranose-(1-3)-[alpha-D-mannopyranose-(1-6)]beta-D-mannopyranose-(1-4)-2-acetamido-2-deoxy-beta-D-glucopyranose-(1-4)-2-acetamido-2-deoxy-beta-D-glucopyranose
6OT1,Env,H,L,AN|B|D|G|U,False,2019/05/02,3.5,2-acetamido-2-deoxy-beta-D-glucopyranose|Envelope glycoprotein gp41|BG505 gp120|2-acetamido-2-deoxy-beta-D-glucopyranose-(1-4)-2-acetamido-2-deoxy-beta-D-glucopyranose
6OT1,Env,F,I,E|k|w,False,2019/05/02,3.5,BG505 gp120|alpha-D-mannopyranose-(1-3)-[alpha-D-mannopyranose-(1-6)]beta-D-mannopyranose-(1-4)-2-acetamido-2-deoxy-beta-D-glucopyranose-(1-4)-2-acetamido-2-deoxy-beta-D-glucopyranose|alpha-D-mannopyranose-(1-2)-alpha-D-mannopyranose-(1-3)-[alpha-D-mannopyranose-(1-6)]beta-D-mannopyranose-(1-4)-2-acetamido-2-deoxy-beta-D-glucopyranose-(1-4)-2-acetamido-2-deoxy-beta-D-glucopyranose
6OT1,Env,A,C,AL|B|E|O|j,False,2019/05/02,3.5,2-acetamido-2-deoxy-beta-D-glucopyranose|Envelope glycoprotein gp41|BG505 gp120|2-acetamido-2-deoxy-beta-D-glucopyranose-(1-4)-2-acetamido-2-deoxy-beta-D-glucopyranose
6OT1,Env,J,K,AC|E|P|s,False,2019/05/02,3.5,alpha-D-mannopyranose-(1-3)-[alpha-D-mannopyranose-(1-6)]beta-D-mannopyranose-(1-4)-2-acetamido-2-deoxy-beta-D-glucopyranose-(1-4)-2-acetamido-2-deoxy-beta-D-glucopyranose|BG505 gp120|2-acetamido-2-deoxy-beta-D-glucopyranose-(1-4)-2-acetamido-2-deoxy-beta-D-glucopyranose
6OZ2,Env,H,L,D|G,False,2019/05/15,2.55,2-acetamido-2-deoxy-beta-D-glucopyranose|clade A/E 93TH057 HIV-1 gp120 core
6OZ3,Env,H,L,D|G|O,False,2019/05/15,3.15,2-acetamido-2-deoxy-beta-D-glucopyranose|clade A/E 93TH057 HIV-1 gp120 core|SODIUM ION
6TYB,Env,H,L,A|F|G|I,False,2019/08/08,2.301,alpha-D-mannopyranose-(1-3)-[alpha-D-mannopyranose-(1-6)]alpha-D-mannopyranose-(1-6)-[alpha-D-mannopyranose-(1-3)]beta-D-mannopyranose-(1-4)-2-acetamido-2-deoxy-beta-D-glucopyranose-(1-4)-2-acetamido-2-deoxy-beta-D-glucopyranose|Envelope glycoprotein gp160
6U0N,Env,I,J,B,False,2019/08/14,3.5,Envelope glycoprotein gp120
6U0N,Env,H,L,A,False,2019/08/14,3.5,Envelope glycoprotein gp120
6U0N,Env,P,Q,C,False,2019/08/14,3.5,Envelope glycoprotein gp120
6U0L,Env,I,J,B,False,2019/08/14,3.3,Envelope glycoprotein gp120
6U0L,Env,H,L,A,False,2019/08/14,3.3,Envelope glycoprotein gp120
6U0L,Env,P,Q,C,False,2019/08/14,3.3,Envelope glycoprotein gp120
6UDJ,Env,A,R,P|U,False,2019/09/19,2.5,Envelope glycoprotein gp120|alpha-D-mannopyranose-(1-2)-alpha-D-mannopyranose-(1-2)-alpha-D-mannopyranose-(1-3)-[alpha-D-mannopyranose-(1-3)-[alpha-D-mannopyranose-(1-6)]alpha-D-mannopyranose-(1-6)]beta-D-mannopyranose-(1-4)-2-acetamido-2-deoxy-beta-D-glucopyranose-(1-4)-2-acetamido-2-deoxy-beta-D-glucopyranose
6UDJ,Env,D,E,AC|AE|G|P,False,2019/09/19,2.5,alpha-D-mannopyranose-(1-6)-beta-D-mannopyranose-(1-4)-2-acetamido-2-deoxy-beta-D-glucopyranose-(1-4)-2-acetamido-2-deoxy-beta-D-glucopyranose|alpha-D-mannopyranose-(1-3)-alpha-D-mannopyranose-(1-6)-[alpha-D-mannopyranose-(1-3)]beta-D-mannopyranose-(1-4)-2-acetamido-2-deoxy-beta-D-glucopyranose-(1-4)-2-acetamido-2-deoxy-beta-D-glucopyranose|Envelope glycoprotein gp120
6UDJ,Env,H,I,J|P|n|p,False,2019/09/19,2.5,Envelope glycoprotein gp120|alpha-D-mannopyranose-(1-6)-beta-D-mannopyranose-(1-4)-2-acetamido-2-deoxy-beta-D-glucopyranose-(1-4)-2-acetamido-2-deoxy-beta-D-glucopyranose|alpha-D-mannopyranose-(1-3)-alpha-D-mannopyranose-(1-6)-[alpha-D-mannopyranose-(1-3)]beta-D-mannopyranose-(1-4)-2-acetamido-2-deoxy-beta-D-glucopyranose-(1-4)-2-acetamido-2-deoxy-beta-D-glucopyranose
6UDJ,Env,K,L,J|T,False,2019/09/19,2.5,Envelope glycoprotein gp120|alpha-D-mannopyranose-(1-2)-alpha-D-mannopyranose-(1-2)-alpha-D-mannopyranose-(1-3)-[alpha-D-mannopyranose-(1-3)-[alpha-D-mannopyranose-(1-6)]alpha-D-mannopyranose-(1-6)]beta-D-mannopyranose-(1-4)-2-acetamido-2-deoxy-beta-D-glucopyranose-(1-4)-2-acetamido-2-deoxy-beta-D-glucopyranose
6UDJ,Env,N,O,G|J|Z|b,False,2019/09/19,2.5,Envelope glycoprotein gp120|alpha-D-mannopyranose-(1-6)-beta-D-mannopyranose-(1-4)-2-acetamido-2-deoxy-beta-D-glucopyranose-(1-4)-2-acetamido-2-deoxy-beta-D-glucopyranose|alpha-D-mannopyranose-(1-3)-alpha-D-mannopyranose-(1-6)-[alpha-D-mannopyranose-(1-3)]beta-D-mannopyranose-(1-4)-2-acetamido-2-deoxy-beta-D-glucopyranose-(1-4)-2-acetamido-2-deoxy-beta-D-glucopyranose
6UDJ,Env,Q,B,G|S,False,2019/09/19,2.5,Envelope glycoprotein gp120|alpha-D-mannopyranose-(1-2)-alpha-D-mannopyranose-(1-2)-alpha-D-mannopyranose-(1-3)-[alpha-D-mannopyranose-(1-3)-[alpha-D-mannopyranose-(1-6)]alpha-D-mannopyranose-(1-6)]beta-D-mannopyranose-(1-4)-2-acetamido-2-deoxy-beta-D-glucopyranose-(1-4)-2-acetamido-2-deoxy-beta-D-glucopyranose
6UM7,Env,B,C,I|W|X,False,2019/10/09,3.5,Envelope glycoprotein gp120|beta-D-mannopyranose-(1-4)-2-acetamido-2-deoxy-beta-D-glucopyranose-(1-4)-2-acetamido-2-deoxy-beta-D-glucopyranose|alpha-D-mannopyranose-(1-2)-alpha-D-mannopyranose-(1-3)-[alpha-D-mannopyranose-(1-6)]beta-D-mannopyranose-(1-4)-2-acetamido-2-deoxy-beta-D-glucopyranose-(1-4)-2-acetamido-2-deoxy-beta-D-glucopyranose
6UM7,Env,F,G,E|R|S,False,2019/10/09,3.5,Envelope glycoprotein gp120|beta-D-mannopyranose-(1-4)-2-acetamido-2-deoxy-beta-D-glucopyranose-(1-4)-2-acetamido-2-deoxy-beta-D-glucopyranose|alpha-D-mannopyranose-(1-2)-alpha-D-mannopyranose-(1-3)-[alpha-D-mannopyranose-(1-6)]beta-D-mannopyranose-(1-4)-2-acetamido-2-deoxy-beta-D-glucopyranose-(1-4)-2-acetamido-2-deoxy-beta-D-glucopyranose
6UM7,Env,J,K,A|M|N,False,2019/10/09,3.5,Envelope glycoprotein gp120|beta-D-mannopyranose-(1-4)-2-acetamido-2-deoxy-beta-D-glucopyranose-(1-4)-2-acetamido-2-deoxy-beta-D-glucopyranose|alpha-D-mannopyranose-(1-2)-alpha-D-mannopyranose-(1-3)-[alpha-D-mannopyranose-(1-6)]beta-D-mannopyranose-(1-4)-2-acetamido-2-deoxy-beta-D-glucopyranose-(1-4)-2-acetamido-2-deoxy-beta-D-glucopyranose
6V8Z,Env,J,K,G|l,False,2019/12/12,2.9,Envelope glycoprotein gp120|alpha-D-mannopyranose-(1-2)-alpha-D-mannopyranose-(1-2)-alpha-D-mannopyranose-(1-3)-[alpha-D-mannopyranose-(1-6)-alpha-D-mannopyranose-(1-6)]beta-D-mannopyranose-(1-4)-2-acetamido-2-deoxy-beta-D-glucopyranose-(1-4)-2-acetamido-2-deoxy-beta-D-glucopyranose
6V8Z,Env,P,Q,M|x,False,2019/12/12,2.9,Envelope glycoprotein gp120|alpha-D-mannopyranose-(1-2)-alpha-D-mannopyranose-(1-2)-alpha-D-mannopyranose-(1-3)-[alpha-D-mannopyranose-(1-6)-alpha-D-mannopyranose-(1-6)]beta-D-mannopyranose-(1-4)-2-acetamido-2-deoxy-beta-D-glucopyranose-(1-4)-2-acetamido-2-deoxy-beta-D-glucopyranose
6V8Z,Env,O,R,A|AK|M,False,2019/12/12,2.9,Envelope glycoprotein gp120|2-acetamido-2-deoxy-beta-D-glucopyranose
6V8Z,Env,I,L,AG|G|M,False,2019/12/12,2.9,2-acetamido-2-deoxy-beta-D-glucopyranose|Envelope glycoprotein gp120
6V8X,Env,C,D,A|Q,False,2019/12/12,3.0,Envelope glycoprotein gp120|beta-D-mannopyranose-(1-4)-2-acetamido-2-deoxy-beta-D-glucopyranose-(1-4)-2-acetamido-2-deoxy-beta-D-glucopyranose
6V8Z,Env,C,F,A|AC|G,False,2019/12/12,2.9,Envelope glycoprotein gp120|2-acetamido-2-deoxy-beta-D-glucopyranose
6V8X,Env,K,L,I|o,False,2019/12/12,3.0,Envelope glycoprotein gp120|beta-D-mannopyranose-(1-4)-2-acetamido-2-deoxy-beta-D-glucopyranose-(1-4)-2-acetamido-2-deoxy-beta-D-glucopyranose
6V8X,Env,G,H,E|c,False,2019/12/12,3.0,Envelope glycoprotein gp120|beta-D-mannopyranose-(1-4)-2-acetamido-2-deoxy-beta-D-glucopyranose-(1-4)-2-acetamido-2-deoxy-beta-D-glucopyranose
6V8Z,Env,D,E,A|Z,False,2019/12/12,2.9,Envelope glycoprotein gp120|alpha-D-mannopyranose-(1-2)-alpha-D-mannopyranose-(1-2)-alpha-D-mannopyranose-(1-3)-[alpha-D-mannopyranose-(1-6)-alpha-D-mannopyranose-(1-6)]beta-D-mannopyranose-(1-4)-2-acetamido-2-deoxy-beta-D-glucopyranose-(1-4)-2-acetamido-2-deoxy-beta-D-glucopyranose
6VI0,Env,E,D,C|X,False,2020/01/10,3.43,BG505 gp120|alpha-D-mannopyranose-(1-2)-alpha-D-mannopyranose-(1-3)-[alpha-D-mannopyranose-(1-3)-[alpha-D-mannopyranose-(1-6)]alpha-D-mannopyranose-(1-6)]beta-D-mannopyranose-(1-4)-2-acetamido-2-deoxy-beta-D-glucopyranose-(1-4)-2-acetamido-2-deoxy-beta-D-glucopyranose
6VI0,Env,H,L,G|P,False,2020/01/10,3.43,BG505 gp120|alpha-D-mannopyranose-(1-2)-alpha-D-mannopyranose-(1-3)-[alpha-D-mannopyranose-(1-3)-[alpha-D-mannopyranose-(1-6)]alpha-D-mannopyranose-(1-6)]beta-D-mannopyranose-(1-4)-2-acetamido-2-deoxy-beta-D-glucopyranose-(1-4)-2-acetamido-2-deoxy-beta-D-glucopyranose
6VI0,Env,K,J,I|f,False,2020/01/10,3.43,BG505 gp120|alpha-D-mannopyranose-(1-2)-alpha-D-mannopyranose-(1-3)-[alpha-D-mannopyranose-(1-3)-[alpha-D-mannopyranose-(1-6)]alpha-D-mannopyranose-(1-6)]beta-D-mannopyranose-(1-4)-2-acetamido-2-deoxy-beta-D-glucopyranose-(1-4)-2-acetamido-2-deoxy-beta-D-glucopyranose
6VZI,Env,D,E,A|B|G,False,2020/02/28,2.716,alpha-D-mannopyranose-(1-3)-alpha-D-mannopyranose-(1-6)-[alpha-D-mannopyranose-(1-3)]beta-D-mannopyranose-(1-4)-2-acetamido-2-deoxy-beta-D-glucopyranose-(1-4)-2-acetamido-2-deoxy-beta-D-glucopyranose|Envelope glycoprotein gp41|Envelope glycoprotein gp160
6VZI,Env,H,L,G|J,False,2020/02/28,2.716,Envelope glycoprotein gp160|alpha-D-mannopyranose-(1-2)-alpha-D-mannopyranose-(1-2)-alpha-D-mannopyranose-(1-3)-[alpha-D-mannopyranose-(1-2)-alpha-D-mannopyranose-(1-6)-[alpha-D-mannopyranose-(1-3)]alpha-D-mannopyranose-(1-6)]beta-D-mannopyranose-(1-4)-2-acetamido-2-deoxy-beta-D-glucopyranose-(1-4)-2-acetamido-2-deoxy-beta-D-glucopyranose
6W03,Env,D,E,B|G|O,False,2020/02/28,2.4,Envelope glycoprotein gp41|Envelope glycoprotein gp160|alpha-D-mannopyranose-(1-3)-alpha-D-mannopyranose-(1-6)-[alpha-D-mannopyranose-(1-3)]beta-D-mannopyranose-(1-4)-2-acetamido-2-deoxy-beta-D-glucopyranose-(1-4)-2-acetamido-2-deoxy-beta-D-glucopyranose
6W03,Env,H,L,G|P,False,2020/02/28,2.4,Envelope glycoprotein gp160|alpha-D-mannopyranose-(1-2)-alpha-D-mannopyranose-(1-2)-alpha-D-mannopyranose-(1-3)-[alpha-D-mannopyranose-(1-2)-alpha-D-mannopyranose-(1-6)-[alpha-D-mannopyranose-(1-3)]alpha-D-mannopyranose-(1-6)]beta-D-mannopyranose-(1-4)-2-acetamido-2-deoxy-beta-D-glucopyranose-(1-4)-2-acetamido-2-deoxy-beta-D-glucopyranose
6W16,Env,H,L,F,False,2020/03/03,3.1,"Fusion glycoprotein F0,Envelope glycoprotein fusion"
6W4M,Env,H,L,G,False,2020/03/11,3.2,clade A/E 93TH057 HIV-1 gp120 core
6WIX,Env,D,E,A|B|G,False,2020/04/10,2.67,alpha-D-mannopyranose-(1-3)-alpha-D-mannopyranose-(1-6)-[alpha-D-mannopyranose-(1-3)]beta-D-mannopyranose-(1-4)-2-acetamido-2-deoxy-beta-D-glucopyranose-(1-4)-2-acetamido-2-deoxy-beta-D-glucopyranose|Envelope glycoprotein gp41|Envelope glycoprotein gp120
6WIX,Env,H,L,G|K,False,2020/04/10,2.67,Envelope glycoprotein gp120|alpha-D-mannopyranose-(1-2)-alpha-D-mannopyranose-(1-2)-alpha-D-mannopyranose-(1-3)-[alpha-D-mannopyranose-(1-2)-alpha-D-mannopyranose-(1-6)-[alpha-D-mannopyranose-(1-3)]alpha-D-mannopyranose-(1-6)]beta-D-mannopyranose-(1-4)-2-acetamido-2-deoxy-beta-D-glucopyranose-(1-4)-2-acetamido-2-deoxy-beta-D-glucopyranose
6X98,Env,H,L,A|M,False,2020/06/02,3.38,BG505 HIV-1 Env gp120|2-acetamido-2-deoxy-beta-D-glucopyranose-(1-4)-2-acetamido-2-deoxy-beta-D-glucopyranose
6X96,Env,E,F,C|R|S,False,2020/06/02,3.4,BG505 HIV-1 Env gp120|2-acetamido-2-deoxy-beta-D-glucopyranose-(1-4)-2-acetamido-2-deoxy-beta-D-glucopyranose
6X96,Env,H,L,A|N|O,False,2020/06/02,3.4,BG505 HIV-1 Env gp120|2-acetamido-2-deoxy-beta-D-glucopyranose-(1-4)-2-acetamido-2-deoxy-beta-D-glucopyranose
6X96,Env,J,K,G|V|W,False,2020/06/02,3.4,BG505 HIV-1 Env gp120|2-acetamido-2-deoxy-beta-D-glucopyranose-(1-4)-2-acetamido-2-deoxy-beta-D-glucopyranose
6X98,Env,F,E,C|Q,False,2020/06/02,3.38,BG505 HIV-1 Env gp120|2-acetamido-2-deoxy-beta-D-glucopyranose-(1-4)-2-acetamido-2-deoxy-beta-D-glucopyranose
6X98,Env,K,J,G|U,False,2020/06/02,3.38,BG505 HIV-1 Env gp120|2-acetamido-2-deoxy-beta-D-glucopyranose-(1-4)-2-acetamido-2-deoxy-beta-D-glucopyranose
6X9V,Env,H,L,A|B,False,2020/06/03,3.5,HIV-1 Envelope Glycoprotein BG505 SOSIP.664 gp120|HIV-1 Envelope Glycoprotein BG505 SOSIP.664 gp41
6X9R,Env,H,L,A|B,False,2020/06/03,3.1,HIV-1 Envelope Glycoprotein BG505 SOSIP.664 gp120|HIV-1 Envelope Glycoprotein BG505 SOSIP.664 gp41
6X9S,Env,H,L,A|B,False,2020/06/03,3.1,HIV-1 Envelope Glycoprotein BG505 SOSIP.664 gp120|HIV-1 Envelope Glycoprotein BG505 SOSIP.664 gp41
6X9T,Env,H,L,A|B,False,2020/06/03,3.2,HIV-1 Envelope Glycoprotein BG505 SOSIP.664 gp120|HIV-1 Envelope Glycoprotein BG505 SOSIP.664 gp41
6X9U,Env,H,L,A|B|X,False,2020/06/03,3.2,HIV-1 Envelope Glycoprotein BG505 SOSIP.664 gp120|HIV-1 Envelope Glycoprotein BG505 SOSIP.664 gp41|2-acetamido-2-deoxy-beta-D-glucopyranose
6XCJ,Env,H,L,E|G,False,2020/06/08,2.8,2-acetamido-2-deoxy-beta-D-glucopyranose|Envelope Glycoprotein gp120
7JKS,Env,H,L,A|G,False,2020/07/28,3.45,beta-D-mannopyranose-(1-4)-2-acetamido-2-deoxy-beta-D-glucopyranose-(1-4)-2-acetamido-2-deoxy-beta-D-glucopyranose|HIV-1 gp120 core
7JKT,Env,H,L,G|J|N|O,False,2020/07/28,2.75,HIV-1 gp120 core from strain d45-01dG5|2-acetamido-2-deoxy-beta-D-glucopyranose|SULFATE ION
7KMD,Env,A,E,B|G|P|T,False,2020/11/02,3.39229,alpha-D-mannopyranose-(1-2)-alpha-D-mannopyranose-(1-6)-[alpha-D-mannopyranose-(1-3)]alpha-D-mannopyranose-(1-6)-[alpha-D-mannopyranose-(1-2)-alpha-D-mannopyranose-(1-3)]beta-D-mannopyranose-(1-4)-2-acetamido-2-deoxy-beta-D-glucopyranose-(1-4)-2-acetamido-2-deoxy-beta-D-glucopyranose|Envelope glycoprotein gp120|beta-D-mannopyranose-(1-4)-2-acetamido-2-deoxy-beta-D-glucopyranose-(1-4)-2-acetamido-2-deoxy-beta-D-glucopyranose|Envelope glycoprotein gp41
7KMD,Env,H,L,G|I,False,2020/11/02,3.39229,Envelope glycoprotein gp120|alpha-D-mannopyranose-(1-2)-alpha-D-mannopyranose-(1-2)-alpha-D-mannopyranose-(1-3)-[alpha-D-mannopyranose-(1-3)-[alpha-D-mannopyranose-(1-6)]alpha-D-mannopyranose-(1-6)]beta-D-mannopyranose-(1-4)-2-acetamido-2-deoxy-beta-D-glucopyranose-(1-4)-2-acetamido-2-deoxy-beta-D-glucopyranose
7LG6,Env,O,Q,E|l,False,2021/01/19,3.28,Envelope glycoprotein gp120|alpha-D-mannopyranose-(1-2)-alpha-D-mannopyranose-(1-3)-[alpha-D-mannopyranose-(1-3)-[alpha-D-mannopyranose-(1-6)]alpha-D-mannopyranose-(1-6)]beta-D-mannopyranose-(1-4)-2-acetamido-2-deoxy-beta-D-glucopyranose-(1-4)-2-acetamido-2-deoxy-beta-D-glucopyranose
7LG6,Env,J,M,B|D|E|G|K,False,2021/01/19,3.28,Envelope glycoprotein gp41|RM19R Fab Kappa Light Chain|Envelope glycoprotein gp120|RM19R Fab Heavy Chain
7LG6,Env,C,D,A|B|I|J|N,False,2021/01/19,3.28,Envelope glycoprotein gp120|Envelope glycoprotein gp41|RM19R Fab Heavy Chain|RM19R Fab Kappa Light Chain
7LG6,Env,H,L,A|X,False,2021/01/19,3.28,Envelope glycoprotein gp120|alpha-D-mannopyranose-(1-2)-alpha-D-mannopyranose-(1-3)-[alpha-D-mannopyranose-(1-3)-[alpha-D-mannopyranose-(1-6)]alpha-D-mannopyranose-(1-6)]beta-D-mannopyranose-(1-4)-2-acetamido-2-deoxy-beta-D-glucopyranose-(1-4)-2-acetamido-2-deoxy-beta-D-glucopyranose
7LG6,Env,P,R,F|z,False,2021/01/19,3.28,Envelope glycoprotein gp120|alpha-D-mannopyranose-(1-2)-alpha-D-mannopyranose-(1-3)-[alpha-D-mannopyranose-(1-3)-[alpha-D-mannopyranose-(1-6)]alpha-D-mannopyranose-(1-6)]beta-D-mannopyranose-(1-4)-2-acetamido-2-deoxy-beta-D-glucopyranose-(1-4)-2-acetamido-2-deoxy-beta-D-glucopyranose
7LG6,Env,K,N,C|F|G|I|M,False,2021/01/19,3.28,RM19R Fab Heavy Chain|Envelope glycoprotein gp120|Envelope glycoprotein gp41|RM19R Fab Kappa Light Chain
7LX2,Env,H,L,A|T|W,False,2021/03/03,3.12,Env glycoprotein gp160|alpha-D-mannopyranose-(1-2)-alpha-D-mannopyranose-(1-2)-alpha-D-mannopyranose-(1-3)-[alpha-D-mannopyranose-(1-3)-[alpha-D-mannopyranose-(1-6)]alpha-D-mannopyranose-(1-6)]beta-D-mannopyranose-(1-4)-2-acetamido-2-deoxy-beta-D-glucopyranose-(1-4)-2-acetamido-2-deoxy-beta-D-glucopyranose|alpha-D-mannopyranose-(1-2)-alpha-D-mannopyranose-(1-3)-[alpha-D-mannopyranose-(1-6)]beta-D-mannopyranose-(1-4)-2-acetamido-2-deoxy-beta-D-glucopyranose-(1-4)-2-acetamido-2-deoxy-beta-D-glucopyranose
7LX2,Env,P,O,C|v|y,False,2021/03/03,3.12,Env glycoprotein gp160|alpha-D-mannopyranose-(1-2)-alpha-D-mannopyranose-(1-2)-alpha-D-mannopyranose-(1-3)-[alpha-D-mannopyranose-(1-3)-[alpha-D-mannopyranose-(1-6)]alpha-D-mannopyranose-(1-6)]beta-D-mannopyranose-(1-4)-2-acetamido-2-deoxy-beta-D-glucopyranose-(1-4)-2-acetamido-2-deoxy-beta-D-glucopyranose|alpha-D-mannopyranose-(1-2)-alpha-D-mannopyranose-(1-3)-[alpha-D-mannopyranose-(1-6)]beta-D-mannopyranose-(1-4)-2-acetamido-2-deoxy-beta-D-glucopyranose-(1-4)-2-acetamido-2-deoxy-beta-D-glucopyranose
7LX3,Env,H,L,A|T|W,False,2021/03/03,3.45,Env glycoprotein gp160|alpha-D-mannopyranose-(1-2)-alpha-D-mannopyranose-(1-2)-alpha-D-mannopyranose-(1-3)-[alpha-D-mannopyranose-(1-3)-[alpha-D-mannopyranose-(1-6)]alpha-D-mannopyranose-(1-6)]beta-D-mannopyranose-(1-4)-2-acetamido-2-deoxy-beta-D-glucopyranose-(1-4)-2-acetamido-2-deoxy-beta-D-glucopyranose|alpha-D-mannopyranose-(1-2)-alpha-D-mannopyranose-(1-3)-[alpha-D-mannopyranose-(1-6)]beta-D-mannopyranose-(1-4)-2-acetamido-2-deoxy-beta-D-glucopyranose-(1-4)-2-acetamido-2-deoxy-beta-D-glucopyranose
7LX2,Env,N,M,B|h|k,False,2021/03/03,3.12,Env glycoprotein gp160|alpha-D-mannopyranose-(1-2)-alpha-D-mannopyranose-(1-2)-alpha-D-mannopyranose-(1-3)-[alpha-D-mannopyranose-(1-3)-[alpha-D-mannopyranose-(1-6)]alpha-D-mannopyranose-(1-6)]beta-D-mannopyranose-(1-4)-2-acetamido-2-deoxy-beta-D-glucopyranose-(1-4)-2-acetamido-2-deoxy-beta-D-glucopyranose|alpha-D-mannopyranose-(1-2)-alpha-D-mannopyranose-(1-3)-[alpha-D-mannopyranose-(1-6)]beta-D-mannopyranose-(1-4)-2-acetamido-2-deoxy-beta-D-glucopyranose-(1-4)-2-acetamido-2-deoxy-beta-D-glucopyranose
7LX3,Env,N,M,B|h|k,False,2021/03/03,3.45,Env glycoprotein gp160|alpha-D-mannopyranose-(1-2)-alpha-D-mannopyranose-(1-2)-alpha-D-mannopyranose-(1-3)-[alpha-D-mannopyranose-(1-3)-[alpha-D-mannopyranose-(1-6)]alpha-D-mannopyranose-(1-6)]beta-D-mannopyranose-(1-4)-2-acetamido-2-deoxy-beta-D-glucopyranose-(1-4)-2-acetamido-2-deoxy-beta-D-glucopyranose|alpha-D-mannopyranose-(1-2)-alpha-D-mannopyranose-(1-3)-[alpha-D-mannopyranose-(1-6)]beta-D-mannopyranose-(1-4)-2-acetamido-2-deoxy-beta-D-glucopyranose-(1-4)-2-acetamido-2-deoxy-beta-D-glucopyranose
7LX3,Env,P,O,C|v|y,False,2021/03/03,3.45,Env glycoprotein gp160|alpha-D-mannopyranose-(1-2)-alpha-D-mannopyranose-(1-2)-alpha-D-mannopyranose-(1-3)-[alpha-D-mannopyranose-(1-3)-[alpha-D-mannopyranose-(1-6)]alpha-D-mannopyranose-(1-6)]beta-D-mannopyranose-(1-4)-2-acetamido-2-deoxy-beta-D-glucopyranose-(1-4)-2-acetamido-2-deoxy-beta-D-glucopyranose|alpha-D-mannopyranose-(1-2)-alpha-D-mannopyranose-(1-3)-[alpha-D-mannopyranose-(1-6)]beta-D-mannopyranose-(1-4)-2-acetamido-2-deoxy-beta-D-glucopyranose-(1-4)-2-acetamido-2-deoxy-beta-D-glucopyranose
7LXM,Env,N,M,C|a|j,False,2021/03/04,3.41,HIV-1 Env glycoprotein gp120|alpha-D-mannopyranose-(1-6)-alpha-D-mannopyranose-(1-3)-alpha-D-mannopyranose-(1-6)-[alpha-D-mannopyranose-(1-2)-alpha-D-mannopyranose-(1-3)]beta-D-mannopyranose-(1-4)-2-acetamido-2-deoxy-beta-D-glucopyranose-(1-4)-2-acetamido-2-deoxy-beta-D-glucopyranose|alpha-D-mannopyranose-(1-2)-alpha-D-mannopyranose-(1-2)-alpha-D-mannopyranose-(1-3)-[alpha-D-mannopyranose-(1-3)-[alpha-D-mannopyranose-(1-6)]alpha-D-mannopyranose-(1-6)]beta-D-mannopyranose-(1-4)-2-acetamido-2-deoxy-beta-D-glucopyranose-(1-4)-2-acetamido-2-deoxy-beta-D-glucopyranose
7LXM,Env,P,O,E|o|x,False,2021/03/04,3.41,HIV-1 Env glycoprotein gp120|alpha-D-mannopyranose-(1-6)-alpha-D-mannopyranose-(1-3)-alpha-D-mannopyranose-(1-6)-[alpha-D-mannopyranose-(1-2)-alpha-D-mannopyranose-(1-3)]beta-D-mannopyranose-(1-4)-2-acetamido-2-deoxy-beta-D-glucopyranose-(1-4)-2-acetamido-2-deoxy-beta-D-glucopyranose|alpha-D-mannopyranose-(1-2)-alpha-D-mannopyranose-(1-2)-alpha-D-mannopyranose-(1-3)-[alpha-D-mannopyranose-(1-3)-[alpha-D-mannopyranose-(1-6)]alpha-D-mannopyranose-(1-6)]beta-D-mannopyranose-(1-4)-2-acetamido-2-deoxy-beta-D-glucopyranose-(1-4)-2-acetamido-2-deoxy-beta-D-glucopyranose
7LXM,Env,H,L,A|G|V,False,2021/03/04,3.41,HIV-1 Env glycoprotein gp120|alpha-D-mannopyranose-(1-6)-alpha-D-mannopyranose-(1-3)-alpha-D-mannopyranose-(1-6)-[alpha-D-mannopyranose-(1-2)-alpha-D-mannopyranose-(1-3)]beta-D-mannopyranose-(1-4)-2-acetamido-2-deoxy-beta-D-glucopyranose-(1-4)-2-acetamido-2-deoxy-beta-D-glucopyranose|alpha-D-mannopyranose-(1-2)-alpha-D-mannopyranose-(1-2)-alpha-D-mannopyranose-(1-3)-[alpha-D-mannopyranose-(1-3)-[alpha-D-mannopyranose-(1-6)]alpha-D-mannopyranose-(1-6)]beta-D-mannopyranose-(1-4)-2-acetamido-2-deoxy-beta-D-glucopyranose-(1-4)-2-acetamido-2-deoxy-beta-D-glucopyranose
7MDU,Env,E,F,A|AA|B,False,2021/04/06,3.3,Surface protein gp120|2-acetamido-2-deoxy-beta-D-glucopyranose|Transmembrane protein gp41
7MDU,Env,H,L,A|G|W,False,2021/04/06,3.3,Surface protein gp120|2-acetamido-2-deoxy-beta-D-glucopyranose-(1-4)-2-acetamido-2-deoxy-beta-D-glucopyranose|2-acetamido-2-deoxy-beta-D-glucopyranose
7MEP,Env,H,L,A|AW|R|S,False,2021/04/07,3.5,BG505 SOSIPv5.2(7S) - gp120|2-acetamido-2-deoxy-beta-D-glucopyranose|2-acetamido-2-deoxy-beta-D-glucopyranose-(1-4)-2-acetamido-2-deoxy-beta-D-glucopyranose
7MEP,Env,I,G,A|B|E|J|N,False,2021/04/07,3.5,BG505 SOSIPv5.2(7S) - gp120|RM19R mAb Light chain|RM19R mAb Heavy chain
7MEP,Env,M,J,C|E|F|I|K,False,2021/04/07,3.5,BG505 SOSIPv5.2(7S) - gp120|RM19R mAb Heavy chain|RM19R mAb Light chain
7MEP,Env,N,K,B|D|F|G|M,False,2021/04/07,3.5,BG505 SOSIPv5.2(7S) - gp120|RM19R mAb Light chain|RM19R mAb Heavy chain
7MPG,Env,H,I,A|C,False,2021/05/04,3.4,"Fusion glycoprotein F0,Envelope glycoprotein"
7MPG,Env,F,G,A|B,False,2021/05/04,3.4,"Fusion glycoprotein F0,Envelope glycoprotein"
7MPG,Env,D,E,B|C,False,2021/05/04,3.4,"Fusion glycoprotein F0,Envelope glycoprotein"
7MXD,Env,X,Y,F|G|b|m,False,2021/05/19,3.4,Envelope glycoprotein gp120|2-acetamido-2-deoxy-beta-D-glucopyranose-(1-4)-2-acetamido-2-deoxy-beta-D-glucopyranose|alpha-D-mannopyranose-(1-3)-[alpha-D-mannopyranose-(1-6)]alpha-D-mannopyranose-(1-6)-[alpha-D-mannopyranose-(1-3)]beta-D-mannopyranose-(1-4)-2-acetamido-2-deoxy-beta-D-glucopyranose-(1-4)-2-acetamido-2-deoxy-beta-D-glucopyranose
7MXD,Env,S,U,F|G|d|p,False,2021/05/19,3.4,Envelope glycoprotein gp120|alpha-D-mannopyranose-(1-2)-alpha-D-mannopyranose-(1-3)-[alpha-D-mannopyranose-(1-6)]beta-D-mannopyranose-(1-4)-2-acetamido-2-deoxy-beta-D-glucopyranose-(1-4)-2-acetamido-2-deoxy-beta-D-glucopyranose|alpha-D-mannopyranose-(1-3)-[alpha-D-mannopyranose-(1-6)]alpha-D-mannopyranose-(1-6)-[alpha-D-mannopyranose-(1-3)]beta-D-mannopyranose-(1-4)-2-acetamido-2-deoxy-beta-D-glucopyranose-(1-4)-2-acetamido-2-deoxy-beta-D-glucopyranose
7MXD,Env,J,K,A|F|N|e,False,2021/05/19,3.4,Envelope glycoprotein gp120|alpha-D-mannopyranose-(1-2)-alpha-D-mannopyranose-(1-2)-alpha-D-mannopyranose-(1-3)-[alpha-D-mannopyranose-(1-3)-alpha-D-mannopyranose-(1-6)]beta-D-mannopyranose-(1-4)-2-acetamido-2-deoxy-beta-D-glucopyranose-(1-4)-2-acetamido-2-deoxy-beta-D-glucopyranose|alpha-D-mannopyranose-(1-3)-[alpha-D-mannopyranose-(1-6)]alpha-D-mannopyranose-(1-6)-[alpha-D-mannopyranose-(1-3)]beta-D-mannopyranose-(1-4)-2-acetamido-2-deoxy-beta-D-glucopyranose-(1-4)-2-acetamido-2-deoxy-beta-D-glucopyranose
7MXD,Env,C,D,A|G|O,False,2021/05/19,3.4,Envelope glycoprotein gp120|alpha-D-mannopyranose-(1-3)-[alpha-D-mannopyranose-(1-6)]alpha-D-mannopyranose-(1-6)-[alpha-D-mannopyranose-(1-3)]beta-D-mannopyranose-(1-4)-2-acetamido-2-deoxy-beta-D-glucopyranose-(1-4)-2-acetamido-2-deoxy-beta-D-glucopyranose
7N8Q,Env,H,L,G,False,2021/06/15,2.9,clade A/E 93TH057 HIV-1 gp120 core
7N8Q,Env,C,D,A,False,2021/06/15,2.9,clade A/E 93TH057 HIV-1 gp120 core
7RAI,Env,I,M,AI|C|E|Y|b|e|m,False,2021/07/01,3.24,2-acetamido-2-deoxy-beta-D-glucopyranose|Envelope glycoprotein gp160|alpha-D-mannopyranose-(1-3)-[alpha-D-mannopyranose-(1-6)]beta-D-mannopyranose-(1-4)-2-acetamido-2-deoxy-beta-D-glucopyranose-(1-4)-2-acetamido-2-deoxy-beta-D-glucopyranose|alpha-D-mannopyranose-(1-2)-alpha-D-mannopyranose-(1-2)-alpha-D-mannopyranose-(1-3)-[alpha-D-mannopyranose-(1-6)]beta-D-mannopyranose-(1-4)-2-acetamido-2-deoxy-beta-D-glucopyranose-(1-4)-2-acetamido-2-deoxy-beta-D-glucopyranose|beta-D-mannopyranose-(1-4)-2-acetamido-2-deoxy-beta-D-glucopyranose-(1-4)-2-acetamido-2-deoxy-beta-D-glucopyranose
7RAI,Env,J,N,A|AO|E|O|k|n|q,False,2021/07/01,3.24,Envelope glycoprotein gp160|2-acetamido-2-deoxy-beta-D-glucopyranose|beta-D-mannopyranose-(1-4)-2-acetamido-2-deoxy-beta-D-glucopyranose-(1-4)-2-acetamido-2-deoxy-beta-D-glucopyranose|alpha-D-mannopyranose-(1-3)-[alpha-D-mannopyranose-(1-6)]beta-D-mannopyranose-(1-4)-2-acetamido-2-deoxy-beta-D-glucopyranose-(1-4)-2-acetamido-2-deoxy-beta-D-glucopyranose|alpha-D-mannopyranose-(1-2)-alpha-D-mannopyranose-(1-2)-alpha-D-mannopyranose-(1-3)-[alpha-D-mannopyranose-(1-6)]beta-D-mannopyranose-(1-4)-2-acetamido-2-deoxy-beta-D-glucopyranose-(1-4)-2-acetamido-2-deoxy-beta-D-glucopyranose
7RAI,Env,H,L,A|AC|C|G|P|S|a,False,2021/07/01,3.24,Envelope glycoprotein gp160|2-acetamido-2-deoxy-beta-D-glucopyranose|alpha-D-mannopyranose-(1-3)-[alpha-D-mannopyranose-(1-6)]beta-D-mannopyranose-(1-4)-2-acetamido-2-deoxy-beta-D-glucopyranose-(1-4)-2-acetamido-2-deoxy-beta-D-glucopyranose|alpha-D-mannopyranose-(1-2)-alpha-D-mannopyranose-(1-2)-alpha-D-mannopyranose-(1-3)-[alpha-D-mannopyranose-(1-6)]beta-D-mannopyranose-(1-4)-2-acetamido-2-deoxy-beta-D-glucopyranose-(1-4)-2-acetamido-2-deoxy-beta-D-glucopyranose|beta-D-mannopyranose-(1-4)-2-acetamido-2-deoxy-beta-D-glucopyranose-(1-4)-2-acetamido-2-deoxy-beta-D-glucopyranose
7PC2,Env,G,H,C|z,False,2021/08/03,2.8,"gp120, BG505 SOSIP.664 T332N|alpha-D-mannopyranose-(1-2)-alpha-D-mannopyranose-(1-3)-[alpha-D-mannopyranose-(1-3)-[alpha-D-mannopyranose-(1-6)]alpha-D-mannopyranose-(1-6)]beta-D-mannopyranose-(1-4)-2-acetamido-2-deoxy-beta-D-glucopyranose-(1-4)-2-acetamido-2-deoxy-beta-D-glucopyranose"
7PC2,Env,I,J,B|l,False,2021/08/03,2.8,"gp120, BG505 SOSIP.664 T332N|alpha-D-mannopyranose-(1-2)-alpha-D-mannopyranose-(1-3)-[alpha-D-mannopyranose-(1-3)-[alpha-D-mannopyranose-(1-6)]alpha-D-mannopyranose-(1-6)]beta-D-mannopyranose-(1-4)-2-acetamido-2-deoxy-beta-D-glucopyranose-(1-4)-2-acetamido-2-deoxy-beta-D-glucopyranose"
7PC2,Env,K,L,A|X,False,2021/08/03,2.8,"gp120, BG505 SOSIP.664 T332N|alpha-D-mannopyranose-(1-2)-alpha-D-mannopyranose-(1-3)-[alpha-D-mannopyranose-(1-3)-[alpha-D-mannopyranose-(1-6)]alpha-D-mannopyranose-(1-6)]beta-D-mannopyranose-(1-4)-2-acetamido-2-deoxy-beta-D-glucopyranose-(1-4)-2-acetamido-2-deoxy-beta-D-glucopyranose"
7PC2,Env,M,N,AF|AG|AX|C|y,False,2021/08/03,2.8,"alpha-D-mannopyranose-(1-2)-alpha-D-mannopyranose-(1-3)-alpha-D-mannopyranose-(1-6)-[alpha-D-mannopyranose-(1-2)-alpha-D-mannopyranose-(1-3)]beta-D-mannopyranose-(1-4)-2-acetamido-2-deoxy-beta-D-glucopyranose-(1-4)-2-acetamido-2-deoxy-beta-D-glucopyranose|alpha-D-mannopyranose-(1-2)-alpha-D-mannopyranose-(1-2)-alpha-D-mannopyranose-(1-3)-[alpha-D-mannopyranose-(1-2)-alpha-D-mannopyranose-(1-3)-[alpha-D-mannopyranose-(1-2)-alpha-D-mannopyranose-(1-6)]alpha-D-mannopyranose-(1-6)]beta-D-mannopyranose-(1-4)-2-acetamido-2-deoxy-beta-D-glucopyranose-(1-4)-2-acetamido-2-deoxy-beta-D-glucopyranose|2-acetamido-2-deoxy-beta-D-glucopyranose|gp120, BG505 SOSIP.664 T332N|alpha-D-mannopyranose-(1-2)-alpha-D-mannopyranose-(1-6)-[alpha-D-mannopyranose-(1-3)]alpha-D-mannopyranose-(1-6)-[alpha-D-mannopyranose-(1-2)-alpha-D-mannopyranose-(1-3)]beta-D-mannopyranose-(1-4)-2-acetamido-2-deoxy-beta-D-glucopyranose-(1-4)-2-acetamido-2-deoxy-beta-D-glucopyranose"
7PC2,Env,O,P,AS|B|q|r|s,False,2021/08/03,2.8,"2-acetamido-2-deoxy-beta-D-glucopyranose|gp120, BG505 SOSIP.664 T332N|alpha-D-mannopyranose-(1-2)-alpha-D-mannopyranose-(1-3)-alpha-D-mannopyranose-(1-6)-[alpha-D-mannopyranose-(1-2)-alpha-D-mannopyranose-(1-3)]beta-D-mannopyranose-(1-4)-2-acetamido-2-deoxy-beta-D-glucopyranose-(1-4)-2-acetamido-2-deoxy-beta-D-glucopyranose|alpha-D-mannopyranose-(1-2)-alpha-D-mannopyranose-(1-2)-alpha-D-mannopyranose-(1-3)-[alpha-D-mannopyranose-(1-2)-alpha-D-mannopyranose-(1-3)-[alpha-D-mannopyranose-(1-2)-alpha-D-mannopyranose-(1-6)]alpha-D-mannopyranose-(1-6)]beta-D-mannopyranose-(1-4)-2-acetamido-2-deoxy-beta-D-glucopyranose-(1-4)-2-acetamido-2-deoxy-beta-D-glucopyranose|alpha-D-mannopyranose-(1-2)-alpha-D-mannopyranose-(1-6)-[alpha-D-mannopyranose-(1-3)]alpha-D-mannopyranose-(1-6)-[alpha-D-mannopyranose-(1-2)-alpha-D-mannopyranose-(1-3)]beta-D-mannopyranose-(1-4)-2-acetamido-2-deoxy-beta-D-glucopyranose-(1-4)-2-acetamido-2-deoxy-beta-D-glucopyranose"
7PC2,Env,Q,R,A|AM|W|a|b,False,2021/08/03,2.8,"gp120, BG505 SOSIP.664 T332N|2-acetamido-2-deoxy-beta-D-glucopyranose|alpha-D-mannopyranose-(1-2)-alpha-D-mannopyranose-(1-6)-[alpha-D-mannopyranose-(1-3)]alpha-D-mannopyranose-(1-6)-[alpha-D-mannopyranose-(1-2)-alpha-D-mannopyranose-(1-3)]beta-D-mannopyranose-(1-4)-2-acetamido-2-deoxy-beta-D-glucopyranose-(1-4)-2-acetamido-2-deoxy-beta-D-glucopyranose|alpha-D-mannopyranose-(1-2)-alpha-D-mannopyranose-(1-2)-alpha-D-mannopyranose-(1-3)-[alpha-D-mannopyranose-(1-2)-alpha-D-mannopyranose-(1-3)-[alpha-D-mannopyranose-(1-2)-alpha-D-mannopyranose-(1-6)]alpha-D-mannopyranose-(1-6)]beta-D-mannopyranose-(1-4)-2-acetamido-2-deoxy-beta-D-glucopyranose-(1-4)-2-acetamido-2-deoxy-beta-D-glucopyranose|alpha-D-mannopyranose-(1-2)-alpha-D-mannopyranose-(1-3)-alpha-D-mannopyranose-(1-6)-[alpha-D-mannopyranose-(1-3)]beta-D-mannopyranose-(1-4)-2-acetamido-2-deoxy-beta-D-glucopyranose-(1-4)-2-acetamido-2-deoxy-beta-D-glucopyranose"
7FJN,Env,H,L,B,False,2021/08/04,3.25,"Spike glycoprotein,Envelope glycoprotein"
7FJN,Env,I,J,A,False,2021/08/04,3.25,"Spike glycoprotein,Envelope glycoprotein"
7RSN,Env,E,J,A|C|Q|S,False,2021/08/11,3.49,AMC018 gp120|alpha-D-mannopyranose-(1-3)-alpha-D-mannopyranose-(1-6)-[alpha-D-mannopyranose-(1-3)]beta-D-mannopyranose-(1-4)-2-acetamido-2-deoxy-beta-D-glucopyranose-(1-4)-2-acetamido-2-deoxy-beta-D-glucopyranose|alpha-D-mannopyranose-(1-3)-[alpha-D-mannopyranose-(1-6)]beta-D-mannopyranose-(1-4)-2-acetamido-2-deoxy-beta-D-glucopyranose-(1-4)-2-acetamido-2-deoxy-beta-D-glucopyranose
7RSN,Env,F,K,C|G|W|Y,False,2021/08/11,3.49,AMC018 gp120|alpha-D-mannopyranose-(1-3)-alpha-D-mannopyranose-(1-6)-[alpha-D-mannopyranose-(1-3)]beta-D-mannopyranose-(1-4)-2-acetamido-2-deoxy-beta-D-glucopyranose-(1-4)-2-acetamido-2-deoxy-beta-D-glucopyranose|alpha-D-mannopyranose-(1-3)-[alpha-D-mannopyranose-(1-6)]beta-D-mannopyranose-(1-4)-2-acetamido-2-deoxy-beta-D-glucopyranose-(1-4)-2-acetamido-2-deoxy-beta-D-glucopyranose
7RSN,Env,H,L,A|G|M|c,False,2021/08/11,3.49,AMC018 gp120|alpha-D-mannopyranose-(1-3)-[alpha-D-mannopyranose-(1-6)]beta-D-mannopyranose-(1-4)-2-acetamido-2-deoxy-beta-D-glucopyranose-(1-4)-2-acetamido-2-deoxy-beta-D-glucopyranose|alpha-D-mannopyranose-(1-3)-alpha-D-mannopyranose-(1-6)-[alpha-D-mannopyranose-(1-3)]beta-D-mannopyranose-(1-4)-2-acetamido-2-deoxy-beta-D-glucopyranose-(1-4)-2-acetamido-2-deoxy-beta-D-glucopyranose
7SX6,Env,H,L,G|J,False,2021/11/22,3.4,clade A/E 93TH057 HIV-1 gp120 core|2-acetamido-2-deoxy-beta-D-glucopyranose
7SX6,Env,B,C,A|X,False,2021/11/22,3.4,clade A/E 93TH057 HIV-1 gp120 core|2-acetamido-2-deoxy-beta-D-glucopyranose
7SX7,Env,H,L,G|J,False,2021/11/22,2.15,clade A/E 93TH057 HIV-1 gp120 core|2-acetamido-2-deoxy-beta-D-glucopyranose
7SX7,Env,B,C,A|W,False,2021/11/22,2.15,clade A/E 93TH057 HIV-1 gp120 core|2-acetamido-2-deoxy-beta-D-glucopyranose
7T2P,Env,H,L,A|C|J|K|Z,False,2021/12/06,3.47,Envelope glycoprotein gp120|alpha-D-mannopyranose-(1-2)-alpha-D-mannopyranose-(1-3)-[alpha-D-mannopyranose-(1-6)]alpha-D-mannopyranose-(1-6)-[alpha-D-mannopyranose-(1-3)]beta-D-mannopyranose-(1-4)-2-acetamido-2-deoxy-beta-D-glucopyranose-(1-4)-2-acetamido-2-deoxy-beta-D-glucopyranose|alpha-D-mannopyranose-(1-3)-[alpha-D-mannopyranose-(1-6)]beta-D-mannopyranose-(1-4)-2-acetamido-2-deoxy-beta-D-glucopyranose-(1-4)-2-acetamido-2-deoxy-beta-D-glucopyranose|2-acetamido-2-deoxy-beta-D-glucopyranose-(1-4)-2-acetamido-2-deoxy-beta-D-glucopyranose|2-acetamido-2-deoxy-beta-D-glucopyranose
7T74,Env,I,J,B|E|F|M|h,False,2021/12/14,3.35,HIV Envelope ApexGT2 gp41|HIV Envelope ApexGT2 gp120|RM20A3 Fab Heavy Chain|alpha-L-fucopyranose-(1-6)-2-acetamido-2-deoxy-beta-D-glucopyranose
7T75,Env,H,L,A|B|G,False,2021/12/14,2.7,HIV Envelope ApexGT2 gp120|HIV Envelope ApexGT2 gp41|alpha-L-fucopyranose-(1-6)-2-acetamido-2-deoxy-beta-D-glucopyranose
7T74,Env,M,N,C|D|F|K|a,False,2021/12/14,3.35,HIV Envelope ApexGT2 gp120|HIV Envelope ApexGT2 gp41|RM20A3 Fab Heavy Chain|alpha-L-fucopyranose-(1-6)-2-acetamido-2-deoxy-beta-D-glucopyranose
7T74,Env,K,G,A|B|D|I|T,False,2021/12/14,3.35,HIV Envelope ApexGT2 gp120|HIV Envelope ApexGT2 gp41|RM20A3 Fab Heavy Chain|alpha-L-fucopyranose-(1-6)-2-acetamido-2-deoxy-beta-D-glucopyranose
7T74,Env,H,L,A|C|E|O|S|V,False,2021/12/14,3.35,HIV Envelope ApexGT2 gp120|alpha-D-mannopyranose-(1-3)-[alpha-D-mannopyranose-(1-6)]alpha-D-mannopyranose-(1-6)-[alpha-D-mannopyranose-(1-3)]beta-D-mannopyranose-(1-4)-2-acetamido-2-deoxy-beta-D-glucopyranose-(1-4)-2-acetamido-2-deoxy-beta-D-glucopyranose|alpha-D-mannopyranose-(1-3)-beta-D-mannopyranose-(1-4)-2-acetamido-2-deoxy-beta-D-glucopyranose-(1-4)-2-acetamido-2-deoxy-beta-D-glucopyranose|beta-D-mannopyranose-(1-4)-2-acetamido-2-deoxy-beta-D-glucopyranose-(1-4)-2-acetamido-2-deoxy-beta-D-glucopyranose
7UCG,Env,N,O,G|P|X|o,False,2022/03/16,3.5,Envelope glycoprotein gp160|alpha-D-mannopyranose-(1-3)-[alpha-D-mannopyranose-(1-6)]beta-D-mannopyranose-(1-4)-2-acetamido-2-deoxy-beta-D-glucopyranose-(1-4)-2-acetamido-2-deoxy-beta-D-glucopyranose|2-acetamido-2-deoxy-beta-D-glucopyranose-(1-4)-2-acetamido-2-deoxy-beta-D-glucopyranose
7UCG,Env,Q,R,P|r,False,2022/03/16,3.5,Envelope glycoprotein gp160|alpha-D-mannopyranose-(1-2)-alpha-D-mannopyranose-(1-3)-[alpha-D-mannopyranose-(1-3)-alpha-D-mannopyranose-(1-6)]beta-D-mannopyranose-(1-4)-2-acetamido-2-deoxy-beta-D-glucopyranose-(1-4)-2-acetamido-2-deoxy-beta-D-glucopyranose
7UCG,Env,C,F,I|P|g|n,False,2022/03/16,3.5,Envelope glycoprotein gp160|2-acetamido-2-deoxy-beta-D-glucopyranose-(1-4)-2-acetamido-2-deoxy-beta-D-glucopyranose|alpha-D-mannopyranose-(1-3)-[alpha-D-mannopyranose-(1-6)]beta-D-mannopyranose-(1-4)-2-acetamido-2-deoxy-beta-D-glucopyranose-(1-4)-2-acetamido-2-deoxy-beta-D-glucopyranose
7UCG,Env,D,E,G|I|Y|f,False,2022/03/16,3.5,Envelope glycoprotein gp160|2-acetamido-2-deoxy-beta-D-glucopyranose-(1-4)-2-acetamido-2-deoxy-beta-D-glucopyranose|alpha-D-mannopyranose-(1-3)-[alpha-D-mannopyranose-(1-6)]beta-D-mannopyranose-(1-4)-2-acetamido-2-deoxy-beta-D-glucopyranose-(1-4)-2-acetamido-2-deoxy-beta-D-glucopyranose
7UCG,Env,H,L,G|b,False,2022/03/16,3.5,Envelope glycoprotein gp160|alpha-D-mannopyranose-(1-2)-alpha-D-mannopyranose-(1-3)-[alpha-D-mannopyranose-(1-3)-alpha-D-mannopyranose-(1-6)]beta-D-mannopyranose-(1-4)-2-acetamido-2-deoxy-beta-D-glucopyranose-(1-4)-2-acetamido-2-deoxy-beta-D-glucopyranose
7UCG,Env,J,K,I|j,False,2022/03/16,3.5,Envelope glycoprotein gp160|alpha-D-mannopyranose-(1-2)-alpha-D-mannopyranose-(1-3)-[alpha-D-mannopyranose-(1-3)-alpha-D-mannopyranose-(1-6)]beta-D-mannopyranose-(1-4)-2-acetamido-2-deoxy-beta-D-glucopyranose-(1-4)-2-acetamido-2-deoxy-beta-D-glucopyranose
7UGQ,Env,H,K,A|B|W|h|k,False,2022/03/25,3.4,Envelope glycoprotein gp120|alpha-D-mannopyranose-(1-3)-[alpha-D-mannopyranose-(1-6)]beta-D-mannopyranose-(1-4)-2-acetamido-2-deoxy-beta-D-glucopyranose-(1-4)-2-acetamido-2-deoxy-beta-D-glucopyranose|beta-D-mannopyranose-(1-4)-2-acetamido-2-deoxy-beta-D-glucopyranose-(1-4)-2-acetamido-2-deoxy-beta-D-glucopyranose|2-acetamido-2-deoxy-beta-D-glucopyranose-(1-4)-2-acetamido-2-deoxy-beta-D-glucopyranose
7UGQ,Env,M,P,A|d,False,2022/03/25,3.4,Envelope glycoprotein gp120|alpha-D-mannopyranose-(1-2)-alpha-D-mannopyranose-(1-2)-alpha-D-mannopyranose-(1-3)-[alpha-D-mannopyranose-(1-3)-[alpha-D-mannopyranose-(1-6)]alpha-D-mannopyranose-(1-6)]beta-D-mannopyranose-(1-4)-2-acetamido-2-deoxy-beta-D-glucopyranose-(1-4)-2-acetamido-2-deoxy-beta-D-glucopyranose
7UGN,Env,G,J,A|T,False,2022/03/25,3.4,Envelope glycoprotein gp120|2-acetamido-2-deoxy-beta-D-glucopyranose-(1-4)-2-acetamido-2-deoxy-beta-D-glucopyranose
7UGN,Env,H,K,B|b,False,2022/03/25,3.4,Envelope glycoprotein gp120|2-acetamido-2-deoxy-beta-D-glucopyranose-(1-4)-2-acetamido-2-deoxy-beta-D-glucopyranose
7UGN,Env,I,L,C|j,False,2022/03/25,3.4,Envelope glycoprotein gp120|2-acetamido-2-deoxy-beta-D-glucopyranose-(1-4)-2-acetamido-2-deoxy-beta-D-glucopyranose
7UGN,Env,M,P,A|X,False,2022/03/25,3.4,Envelope glycoprotein gp120|alpha-D-mannopyranose-(1-3)-alpha-D-mannopyranose-(1-3)-[alpha-D-mannopyranose-(1-3)-alpha-D-mannopyranose-(1-6)]beta-D-mannopyranose-(1-4)-2-acetamido-2-deoxy-beta-D-glucopyranose-(1-4)-2-acetamido-2-deoxy-beta-D-glucopyranose
7UGN,Env,N,Q,AP|B|f,False,2022/03/25,3.4,alpha-D-mannopyranose|Envelope glycoprotein gp120|alpha-D-mannopyranose-(1-3)-alpha-D-mannopyranose-(1-6)-[alpha-D-mannopyranose-(1-3)]beta-D-mannopyranose-(1-4)-2-acetamido-2-deoxy-beta-D-glucopyranose-(1-4)-2-acetamido-2-deoxy-beta-D-glucopyranose
7UGQ,Env,N,Q,B|p,False,2022/03/25,3.4,Envelope glycoprotein gp120|alpha-D-mannopyranose-(1-2)-alpha-D-mannopyranose-(1-2)-alpha-D-mannopyranose-(1-3)-[alpha-D-mannopyranose-(1-3)-alpha-D-mannopyranose-(1-6)]beta-D-mannopyranose-(1-4)-2-acetamido-2-deoxy-beta-D-glucopyranose-(1-4)-2-acetamido-2-deoxy-beta-D-glucopyranose
7UGQ,Env,O,R,AB|C,False,2022/03/25,3.4,alpha-D-mannopyranose-(1-2)-alpha-D-mannopyranose-(1-2)-alpha-D-mannopyranose-(1-3)-[alpha-D-mannopyranose-(1-3)-[alpha-D-mannopyranose-(1-6)]alpha-D-mannopyranose-(1-6)]beta-D-mannopyranose-(1-4)-2-acetamido-2-deoxy-beta-D-glucopyranose-(1-4)-2-acetamido-2-deoxy-beta-D-glucopyranose|Envelope glycoprotein gp120
7UGQ,Env,G,J,A|C|V|Y|u,False,2022/03/25,3.4,Envelope glycoprotein gp120|beta-D-mannopyranose-(1-4)-2-acetamido-2-deoxy-beta-D-glucopyranose-(1-4)-2-acetamido-2-deoxy-beta-D-glucopyranose|2-acetamido-2-deoxy-beta-D-glucopyranose-(1-4)-2-acetamido-2-deoxy-beta-D-glucopyranose|alpha-D-mannopyranose-(1-3)-[alpha-D-mannopyranose-(1-6)]beta-D-mannopyranose-(1-4)-2-acetamido-2-deoxy-beta-D-glucopyranose-(1-4)-2-acetamido-2-deoxy-beta-D-glucopyranose
7UGN,Env,O,R,C|n,False,2022/03/25,3.4,Envelope glycoprotein gp120|alpha-D-mannopyranose-(1-3)-alpha-D-mannopyranose-(1-3)-[alpha-D-mannopyranose-(1-3)-alpha-D-mannopyranose-(1-6)]beta-D-mannopyranose-(1-4)-2-acetamido-2-deoxy-beta-D-glucopyranose-(1-4)-2-acetamido-2-deoxy-beta-D-glucopyranose
7UGQ,Env,I,L,B|C|i|t|w,False,2022/03/25,3.4,Envelope glycoprotein gp120|alpha-D-mannopyranose-(1-3)-[alpha-D-mannopyranose-(1-6)]beta-D-mannopyranose-(1-4)-2-acetamido-2-deoxy-beta-D-glucopyranose-(1-4)-2-acetamido-2-deoxy-beta-D-glucopyranose|beta-D-mannopyranose-(1-4)-2-acetamido-2-deoxy-beta-D-glucopyranose-(1-4)-2-acetamido-2-deoxy-beta-D-glucopyranose|2-acetamido-2-deoxy-beta-D-glucopyranose-(1-4)-2-acetamido-2-deoxy-beta-D-glucopyranose
7UR6,Env,J,K,F|I|r|s,False,2022/04/21,3.46,gp120|gp41|alpha-D-mannopyranose-(1-2)-alpha-D-mannopyranose-(1-6)-[alpha-D-mannopyranose-(1-3)]alpha-D-mannopyranose-(1-6)-[alpha-D-mannopyranose-(1-2)-alpha-D-mannopyranose-(1-3)]beta-D-mannopyranose-(1-4)-2-acetamido-2-deoxy-beta-D-glucopyranose-(1-4)-2-acetamido-2-deoxy-beta-D-glucopyranose|alpha-D-mannopyranose-(1-2)-alpha-D-mannopyranose-(1-3)-[alpha-D-mannopyranose-(1-6)]beta-D-mannopyranose-(1-4)-2-acetamido-2-deoxy-beta-D-glucopyranose-(1-4)-2-acetamido-2-deoxy-beta-D-glucopyranose
7UR6,Env,H,L,B|G|P|Q,False,2022/04/21,3.46,gp41|gp120|alpha-D-mannopyranose-(1-2)-alpha-D-mannopyranose-(1-6)-[alpha-D-mannopyranose-(1-3)]alpha-D-mannopyranose-(1-6)-[alpha-D-mannopyranose-(1-2)-alpha-D-mannopyranose-(1-3)]beta-D-mannopyranose-(1-4)-2-acetamido-2-deoxy-beta-D-glucopyranose-(1-4)-2-acetamido-2-deoxy-beta-D-glucopyranose|alpha-D-mannopyranose-(1-2)-alpha-D-mannopyranose-(1-3)-[alpha-D-mannopyranose-(1-6)]beta-D-mannopyranose-(1-4)-2-acetamido-2-deoxy-beta-D-glucopyranose-(1-4)-2-acetamido-2-deoxy-beta-D-glucopyranose
7UR6,Env,D,E,A|C|d|e,False,2022/04/21,3.46,gp120|gp41|alpha-D-mannopyranose-(1-2)-alpha-D-mannopyranose-(1-6)-[alpha-D-mannopyranose-(1-3)]alpha-D-mannopyranose-(1-6)-[alpha-D-mannopyranose-(1-2)-alpha-D-mannopyranose-(1-3)]beta-D-mannopyranose-(1-4)-2-acetamido-2-deoxy-beta-D-glucopyranose-(1-4)-2-acetamido-2-deoxy-beta-D-glucopyranose|alpha-D-mannopyranose-(1-2)-alpha-D-mannopyranose-(1-3)-[alpha-D-mannopyranose-(1-6)]beta-D-mannopyranose-(1-4)-2-acetamido-2-deoxy-beta-D-glucopyranose-(1-4)-2-acetamido-2-deoxy-beta-D-glucopyranose
8CZZ,Env,Q,R,I|n,False,2022/05/25,3.14,CRF01_AE T/F100 HIV-1 gp120|2-acetamido-2-deoxy-beta-D-glucopyranose-(1-4)-2-acetamido-2-deoxy-beta-D-glucopyranose-(1-4)-2-acetamido-2-deoxy-beta-D-glucopyranose-(1-4)-2-acetamido-2-deoxy-beta-D-glucopyranose
8CZZ,Env,O,P,E|d,False,2022/05/25,3.14,CRF01_AE T/F100 HIV-1 gp120|2-acetamido-2-deoxy-beta-D-glucopyranose-(1-4)-2-acetamido-2-deoxy-beta-D-glucopyranose-(1-4)-2-acetamido-2-deoxy-beta-D-glucopyranose-(1-4)-2-acetamido-2-deoxy-beta-D-glucopyranose
8CZZ,Env,M,N,A|U,False,2022/05/25,3.14,CRF01_AE T/F100 HIV-1 gp120|2-acetamido-2-deoxy-beta-D-glucopyranose-(1-4)-2-acetamido-2-deoxy-beta-D-glucopyranose-(1-4)-2-acetamido-2-deoxy-beta-D-glucopyranose-(1-4)-2-acetamido-2-deoxy-beta-D-glucopyranose
8CZZ,Env,K,L,BG|I|J|j|k|s,False,2022/05/25,3.14,2-acetamido-2-deoxy-beta-D-glucopyranose|CRF01_AE T/F100 HIV-1 gp120|CRF-1_AE T/F100 HIV-1 gp41|alpha-D-mannopyranose-(1-2)-alpha-D-mannopyranose-(1-2)-alpha-D-mannopyranose-(1-3)-[alpha-D-mannopyranose-(1-2)-alpha-D-mannopyranose-(1-6)-alpha-D-mannopyranose-(1-6)]beta-D-mannopyranose-(1-4)-2-acetamido-2-deoxy-beta-D-glucopyranose-(1-4)-2-acetamido-2-deoxy-beta-D-glucopyranose|alpha-D-mannopyranose-(1-2)-alpha-D-mannopyranose-(1-3)-[alpha-D-mannopyranose-(1-6)]beta-D-mannopyranose-(1-4)-2-acetamido-2-deoxy-beta-D-glucopyranose-(1-4)-2-acetamido-2-deoxy-beta-D-glucopyranose|alpha-D-mannopyranose-(1-3)-beta-D-mannopyranose-(1-4)-2-acetamido-2-deoxy-beta-D-glucopyranose-(1-4)-2-acetamido-2-deoxy-beta-D-glucopyranose
8CZZ,Env,G,H,BD|E|F|a|b|i,False,2022/05/25,3.14,2-acetamido-2-deoxy-beta-D-glucopyranose|CRF01_AE T/F100 HIV-1 gp120|CRF-1_AE T/F100 HIV-1 gp41|alpha-D-mannopyranose-(1-2)-alpha-D-mannopyranose-(1-2)-alpha-D-mannopyranose-(1-3)-[alpha-D-mannopyranose-(1-2)-alpha-D-mannopyranose-(1-6)-[alpha-D-mannopyranose-(1-3)]alpha-D-mannopyranose-(1-6)]beta-D-mannopyranose-(1-4)-2-acetamido-2-deoxy-beta-D-glucopyranose-(1-4)-2-acetamido-2-deoxy-beta-D-glucopyranose|alpha-D-mannopyranose-(1-2)-alpha-D-mannopyranose-(1-3)-[alpha-D-mannopyranose-(1-6)]beta-D-mannopyranose-(1-4)-2-acetamido-2-deoxy-beta-D-glucopyranose-(1-4)-2-acetamido-2-deoxy-beta-D-glucopyranose|beta-D-mannopyranose-(1-4)-2-acetamido-2-deoxy-beta-D-glucopyranose-(1-4)-2-acetamido-2-deoxy-beta-D-glucopyranose
8CZZ,Env,C,D,A|B|BA|S|T|Z,False,2022/05/25,3.14,CRF01_AE T/F100 HIV-1 gp120|CRF-1_AE T/F100 HIV-1 gp41|2-acetamido-2-deoxy-beta-D-glucopyranose|alpha-D-mannopyranose-(1-2)-alpha-D-mannopyranose-(1-2)-alpha-D-mannopyranose-(1-3)-[alpha-D-mannopyranose-(1-2)-alpha-D-mannopyranose-(1-6)-alpha-D-mannopyranose-(1-6)]beta-D-mannopyranose-(1-4)-2-acetamido-2-deoxy-beta-D-glucopyranose-(1-4)-2-acetamido-2-deoxy-beta-D-glucopyranose|alpha-D-mannopyranose-(1-2)-alpha-D-mannopyranose-(1-3)-[alpha-D-mannopyranose-(1-6)]beta-D-mannopyranose-(1-4)-2-acetamido-2-deoxy-beta-D-glucopyranose-(1-4)-2-acetamido-2-deoxy-beta-D-glucopyranose|beta-D-mannopyranose-(1-4)-2-acetamido-2-deoxy-beta-D-glucopyranose-(1-4)-2-acetamido-2-deoxy-beta-D-glucopyranose
8D53,Env,D,E,B|G|N|R,False,2022/06/03,3.24,Envelope glycoprotein gp41|Envelope glycoprotein gp120|alpha-D-mannopyranose-(5-4)-alpha-D-mannopyranose-(1-6)-[alpha-D-mannopyranose-(1-3)]beta-D-mannopyranose-(1-4)-2-acetamido-2-deoxy-beta-D-glucopyranose-(1-4)-2-acetamido-2-deoxy-beta-D-glucopyranose|2-acetamido-2-deoxy-beta-D-glucopyranose-(1-4)-2-acetamido-2-deoxy-beta-D-glucopyranose
8D53,Env,H,L,F|G,False,2022/06/03,3.24,alpha-D-mannopyranose-(1-2)-alpha-D-mannopyranose-(1-6)-[alpha-D-mannopyranose-(1-3)]alpha-D-mannopyranose-(1-6)-[alpha-D-mannopyranose-(1-2)-alpha-D-mannopyranose-(1-3)]beta-D-mannopyranose-(1-4)-2-acetamido-2-deoxy-beta-D-glucopyranose-(1-4)-2-acetamido-2-deoxy-beta-D-glucopyranose|Envelope glycoprotein gp120
8DOK,Env,G,H,BI|E|F|Y|Z|h,False,2022/07/13,3.2,2-acetamido-2-deoxy-beta-D-glucopyranose|CRF-1_AE T/F100 Env gp120|CRF-1_AE T/F100 HIV-1 gp41|alpha-D-mannopyranose-(1-2)-alpha-D-mannopyranose-(1-2)-alpha-D-mannopyranose-(1-3)-[alpha-D-mannopyranose-(1-2)-alpha-D-mannopyranose-(1-6)-[alpha-D-mannopyranose-(1-3)]alpha-D-mannopyranose-(1-6)]beta-D-mannopyranose-(1-4)-2-acetamido-2-deoxy-beta-D-glucopyranose-(1-4)-2-acetamido-2-deoxy-beta-D-glucopyranose|alpha-D-mannopyranose-(1-2)-alpha-D-mannopyranose-(1-3)-[alpha-D-mannopyranose-(1-6)]beta-D-mannopyranose-(1-4)-2-acetamido-2-deoxy-beta-D-glucopyranose-(1-4)-2-acetamido-2-deoxy-beta-D-glucopyranose|beta-D-mannopyranose-(1-4)-2-acetamido-2-deoxy-beta-D-glucopyranose-(1-4)-2-acetamido-2-deoxy-beta-D-glucopyranose
8DOK,Env,C,D,A|B|BF|S|T|X,False,2022/07/13,3.2,CRF-1_AE T/F100 Env gp120|CRF-1_AE T/F100 HIV-1 gp41|2-acetamido-2-deoxy-beta-D-glucopyranose|alpha-D-mannopyranose-(1-2)-alpha-D-mannopyranose-(1-2)-alpha-D-mannopyranose-(1-3)-[alpha-D-mannopyranose-(1-2)-alpha-D-mannopyranose-(1-6)-alpha-D-mannopyranose-(1-6)]beta-D-mannopyranose-(1-4)-2-acetamido-2-deoxy-beta-D-glucopyranose-(1-4)-2-acetamido-2-deoxy-beta-D-glucopyranose|beta-D-mannopyranose-(1-4)-2-acetamido-2-deoxy-beta-D-glucopyranose-(1-4)-2-acetamido-2-deoxy-beta-D-glucopyranose
8DOK,Env,M,N,A|U,False,2022/07/13,3.2,CRF-1_AE T/F100 Env gp120|2-acetamido-2-deoxy-beta-D-glucopyranose-(1-4)-2-acetamido-2-deoxy-beta-D-glucopyranose-(1-4)-2-acetamido-2-deoxy-beta-D-glucopyranose-(1-4)-2-acetamido-2-deoxy-beta-D-glucopyranose
8DOK,Env,O,P,E|b,False,2022/07/13,3.2,CRF-1_AE T/F100 Env gp120|2-acetamido-2-deoxy-beta-D-glucopyranose-(1-4)-2-acetamido-2-deoxy-beta-D-glucopyranose-(1-4)-2-acetamido-2-deoxy-beta-D-glucopyranose-(1-4)-2-acetamido-2-deoxy-beta-D-glucopyranose
8DOK,Env,Q,R,I|m,False,2022/07/13,3.2,CRF-1_AE T/F100 Env gp120|2-acetamido-2-deoxy-beta-D-glucopyranose-(1-4)-2-acetamido-2-deoxy-beta-D-glucopyranose-(1-4)-2-acetamido-2-deoxy-beta-D-glucopyranose-(1-4)-2-acetamido-2-deoxy-beta-D-glucopyranose
8DOK,Env,K,L,BL|I|J|i|j|s,False,2022/07/13,3.2,2-acetamido-2-deoxy-beta-D-glucopyranose|CRF-1_AE T/F100 Env gp120|CRF-1_AE T/F100 HIV-1 gp41|alpha-D-mannopyranose-(1-2)-alpha-D-mannopyranose-(1-2)-alpha-D-mannopyranose-(1-3)-[alpha-D-mannopyranose-(1-2)-alpha-D-mannopyranose-(1-6)-alpha-D-mannopyranose-(1-6)]beta-D-mannopyranose-(1-4)-2-acetamido-2-deoxy-beta-D-glucopyranose-(1-4)-2-acetamido-2-deoxy-beta-D-glucopyranose|alpha-D-mannopyranose-(1-3)-[alpha-D-mannopyranose-(1-6)]beta-D-mannopyranose-(1-4)-2-acetamido-2-deoxy-beta-D-glucopyranose-(1-4)-2-acetamido-2-deoxy-beta-D-glucopyranose|beta-D-mannopyranose-(1-4)-2-acetamido-2-deoxy-beta-D-glucopyranose-(1-4)-2-acetamido-2-deoxy-beta-D-glucopyranose
8DP1,Env,N,O,J|V|X,False,2022/07/14,3.46,Envelope glycoprotein gp120|alpha-D-mannopyranose-(1-2)-alpha-D-mannopyranose-(1-2)-alpha-D-mannopyranose-(1-3)-[alpha-D-mannopyranose-(1-2)-alpha-D-mannopyranose-(1-6)-[alpha-D-mannopyranose-(1-3)]alpha-D-mannopyranose-(1-6)]beta-D-mannopyranose-(1-4)-2-acetamido-2-deoxy-beta-D-glucopyranose-(1-4)-2-acetamido-2-deoxy-beta-D-glucopyranose|beta-D-mannopyranose-(1-4)-2-acetamido-2-deoxy-beta-D-glucopyranose-(1-4)-2-acetamido-2-deoxy-beta-D-glucopyranose
8DP1,Env,R,M,A|D|W,False,2022/07/14,3.46,alpha-D-mannopyranose-(1-2)-alpha-D-mannopyranose-(1-2)-alpha-D-mannopyranose-(1-3)-[alpha-D-mannopyranose-(1-2)-alpha-D-mannopyranose-(1-6)-[alpha-D-mannopyranose-(1-3)]alpha-D-mannopyranose-(1-6)]beta-D-mannopyranose-(1-4)-2-acetamido-2-deoxy-beta-D-glucopyranose-(1-4)-2-acetamido-2-deoxy-beta-D-glucopyranose|beta-D-mannopyranose-(1-4)-2-acetamido-2-deoxy-beta-D-glucopyranose-(1-4)-2-acetamido-2-deoxy-beta-D-glucopyranose|Envelope glycoprotein gp120
8DP1,Env,E,F,B|K|L,False,2022/07/14,3.46,Envelope glycoprotein gp120|alpha-D-mannopyranose-(1-2)-alpha-D-mannopyranose-(1-2)-alpha-D-mannopyranose-(1-3)-[alpha-D-mannopyranose-(1-2)-alpha-D-mannopyranose-(1-6)-[alpha-D-mannopyranose-(1-3)]alpha-D-mannopyranose-(1-6)]beta-D-mannopyranose-(1-4)-2-acetamido-2-deoxy-beta-D-glucopyranose-(1-4)-2-acetamido-2-deoxy-beta-D-glucopyranose|beta-D-mannopyranose-(1-4)-2-acetamido-2-deoxy-beta-D-glucopyranose-(1-4)-2-acetamido-2-deoxy-beta-D-glucopyranose
8EUU,Env,G,H,A|B|O,False,2022/10/19,2.7,Envelope glycoprotein gp120|Envelope glycoprotein gp41|beta-D-mannopyranose-(1-4)-2-acetamido-2-deoxy-beta-D-glucopyranose-(1-4)-2-acetamido-2-deoxy-beta-D-glucopyranose
8EUU,Env,I,J,C|D|X,False,2022/10/19,2.7,Envelope glycoprotein gp120|Envelope glycoprotein gp41|beta-D-mannopyranose-(1-4)-2-acetamido-2-deoxy-beta-D-glucopyranose-(1-4)-2-acetamido-2-deoxy-beta-D-glucopyranose
8EUU,Env,K,L,E|F|j,False,2022/10/19,2.7,Envelope glycoprotein gp120|Envelope glycoprotein gp41|beta-D-mannopyranose-(1-4)-2-acetamido-2-deoxy-beta-D-glucopyranose-(1-4)-2-acetamido-2-deoxy-beta-D-glucopyranose
8EUV,Env,G,H,A|B|O,False,2022/10/19,2.6,Envelope glycoprotein gp120|Envelope glycoprotein gp41|beta-D-mannopyranose-(1-4)-2-acetamido-2-deoxy-beta-D-glucopyranose-(1-4)-2-acetamido-2-deoxy-beta-D-glucopyranose
8EUV,Env,I,J,C|D|X,False,2022/10/19,2.6,Envelope glycoprotein gp120|Envelope glycoprotein gp41|beta-D-mannopyranose-(1-4)-2-acetamido-2-deoxy-beta-D-glucopyranose-(1-4)-2-acetamido-2-deoxy-beta-D-glucopyranose
8EUV,Env,K,L,E|F|j,False,2022/10/19,2.6,Envelope glycoprotein gp120|Envelope glycoprotein gp41|beta-D-mannopyranose-(1-4)-2-acetamido-2-deoxy-beta-D-glucopyranose-(1-4)-2-acetamido-2-deoxy-beta-D-glucopyranose
8EUW,Env,G,H,A|B|N,False,2022/10/19,2.7,Envelope glycoprotein gp120|Envelope glycoprotein gp41|beta-D-mannopyranose-(1-4)-2-acetamido-2-deoxy-beta-D-glucopyranose-(1-4)-2-acetamido-2-deoxy-beta-D-glucopyranose
8EUW,Env,I,J,C|D|U,False,2022/10/19,2.7,Envelope glycoprotein gp120|Envelope glycoprotein gp41|beta-D-mannopyranose-(1-4)-2-acetamido-2-deoxy-beta-D-glucopyranose-(1-4)-2-acetamido-2-deoxy-beta-D-glucopyranose
8EUW,Env,K,L,E|F|d,False,2022/10/19,2.7,Envelope glycoprotein gp120|Envelope glycoprotein gp41|beta-D-mannopyranose-(1-4)-2-acetamido-2-deoxy-beta-D-glucopyranose-(1-4)-2-acetamido-2-deoxy-beta-D-glucopyranose
8F92,Env,P,R,F|Y,False,2022/11/23,3.14,BG505_MD39_B11 gp120|alpha-D-mannopyranose-(1-2)-alpha-D-mannopyranose-(1-3)-[alpha-D-mannopyranose-(1-6)]beta-D-mannopyranose-(1-4)-2-acetamido-2-deoxy-beta-D-glucopyranose-(1-4)-2-acetamido-2-deoxy-beta-D-glucopyranose
8F92,Env,C,D,A|B|I|J,False,2022/11/23,3.14,BG505_MD39_B11 gp120|BG505_MD39_B11 gp41|RM20A3 Fab heavy chain
8F92,Env,H,L,A|S,False,2022/11/23,3.14,BG505_MD39_B11 gp120|alpha-D-mannopyranose-(1-2)-alpha-D-mannopyranose-(1-3)-[alpha-D-mannopyranose-(1-6)]beta-D-mannopyranose-(1-4)-2-acetamido-2-deoxy-beta-D-glucopyranose-(1-4)-2-acetamido-2-deoxy-beta-D-glucopyranose
8F92,Env,O,Q,E|V,False,2022/11/23,3.14,BG505_MD39_B11 gp120|alpha-D-mannopyranose-(1-2)-alpha-D-mannopyranose-(1-3)-[alpha-D-mannopyranose-(1-6)]beta-D-mannopyranose-(1-4)-2-acetamido-2-deoxy-beta-D-glucopyranose-(1-4)-2-acetamido-2-deoxy-beta-D-glucopyranose
8F92,Env,J,M,B|E|G|K,False,2022/11/23,3.14,BG505_MD39_B11 gp41|BG505_MD39_B11 gp120|RM20A3 Fab heavy chain
8F92,Env,K,N,C|F|G|I,False,2022/11/23,3.14,RM20A3 Fab heavy chain|BG505_MD39_B11 gp120|BG505_MD39_B11 gp41
8FIS,Env,H,L2,C|F|G|w|y,False,2022/12/16,3.18,Envelope glycoprotein gp120|alpha-D-mannopyranose-(1-3)-[alpha-D-mannopyranose-(1-6)]beta-D-mannopyranose-(1-4)-2-acetamido-2-deoxy-beta-D-glucopyranose-(1-4)-2-acetamido-2-deoxy-beta-D-glucopyranose
8FIS,Env,I,nan,C|F|a,True,2022/12/16,3.18,Envelope glycoprotein gp120|beta-D-mannopyranose-(1-4)-2-acetamido-2-deoxy-beta-D-glucopyranose-(1-4)-2-acetamido-2-deoxy-beta-D-glucopyranose
8FIS,Env,J,nan,F|G|n,True,2022/12/16,3.18,Envelope glycoprotein gp120|beta-D-mannopyranose-(1-4)-2-acetamido-2-deoxy-beta-D-glucopyranose-(1-4)-2-acetamido-2-deoxy-beta-D-glucopyranose
8FIS,Env,L1,nan,C|D|G,True,2022/12/16,3.18,Envelope glycoprotein gp120|beta-D-mannopyranose-(1-4)-2-acetamido-2-deoxy-beta-D-glucopyranose-(1-4)-2-acetamido-2-deoxy-beta-D-glucopyranose
8FK5,Env,H,L,C|I|V|d|e,False,2022/12/20,3.4,Envelope glycoprotein gp120|alpha-D-mannopyranose-(1-3)-[alpha-D-mannopyranose-(1-6)]beta-D-mannopyranose-(1-4)-2-acetamido-2-deoxy-beta-D-glucopyranose-(1-4)-2-acetamido-2-deoxy-beta-D-glucopyranose|alpha-D-mannopyranose-(1-2)-alpha-D-mannopyranose-(1-6)-[alpha-D-mannopyranose-(1-3)]alpha-D-mannopyranose-(1-6)-[alpha-D-mannopyranose-(1-2)-alpha-D-mannopyranose-(1-3)]beta-D-mannopyranose-(1-4)-2-acetamido-2-deoxy-beta-D-glucopyranose-(1-4)-2-acetamido-2-deoxy-beta-D-glucopyranose
8FR6,Env,D,E,A|AL|C,False,2023/01/06,2.5,Envelope glycoprotein gp41|2-acetamido-2-deoxy-beta-D-glucopyranose|Envelope glycoprotein gp120
8FR6,Env,H,L,AP|B|G,False,2023/01/06,2.5,2-acetamido-2-deoxy-beta-D-glucopyranose|Envelope glycoprotein gp41|Envelope glycoprotein gp120
8FR6,Env,J,K,AT|F|I,False,2023/01/06,2.5,2-acetamido-2-deoxy-beta-D-glucopyranose|Envelope glycoprotein gp41|Envelope glycoprotein gp120
8C8T,Env,H,K,F|N|V,False,2023/01/21,3.2,Envelope glycoprotein gp160|2-acetamido-2-deoxy-beta-D-glucopyranose-(1-4)-2-acetamido-2-deoxy-beta-D-glucopyranose|alpha-D-mannopyranose-(1-3)-beta-D-mannopyranose-(1-4)-2-acetamido-2-deoxy-beta-D-glucopyranose-(1-4)-2-acetamido-2-deoxy-beta-D-glucopyranose
8C8T,Env,R,T,F|W,False,2023/01/21,3.2,Envelope glycoprotein gp160|2-acetamido-2-deoxy-beta-D-glucopyranose-(1-4)-2-acetamido-2-deoxy-beta-D-glucopyranose
8C8T,Env,S,U,G|b,False,2023/01/21,3.2,Envelope glycoprotein gp160|2-acetamido-2-deoxy-beta-D-glucopyranose-(1-4)-2-acetamido-2-deoxy-beta-D-glucopyranose
8C8T,Env,C,D,A|AI|E,False,2023/01/21,3.2,Envelope glycoprotein gp160|2-acetamido-2-deoxy-beta-D-glucopyranose|2-acetamido-2-deoxy-beta-D-glucopyranose-(1-4)-2-acetamido-2-deoxy-beta-D-glucopyranose
8G4T,Env,D,E,A|C|M,False,2023/02/10,2.81,Envelope glycoprotein BG505 DS-SOSIP gp41|Envelope glycoprotein BG505 DS-SOSIP gp120|alpha-D-mannopyranose-(1-3)-[alpha-D-mannopyranose-(1-6)]beta-D-mannopyranose-(1-4)-2-acetamido-2-deoxy-beta-D-glucopyranose-(1-4)-2-acetamido-2-deoxy-beta-D-glucopyranose
8G4T,Env,J,K,B|G|b,False,2023/02/10,2.81,Envelope glycoprotein BG505 DS-SOSIP gp41|Envelope glycoprotein BG505 DS-SOSIP gp120|alpha-D-mannopyranose-(1-3)-[alpha-D-mannopyranose-(1-6)]beta-D-mannopyranose-(1-4)-2-acetamido-2-deoxy-beta-D-glucopyranose-(1-4)-2-acetamido-2-deoxy-beta-D-glucopyranose
8G4M,Env,D,E,A|C|F|M,False,2023/02/10,2.95,Envelope glycoprotein gp41|Envelope glycoprotein gp120|alpha-D-mannopyranose-(1-3)-[alpha-D-mannopyranose-(1-6)]beta-D-mannopyranose-(1-4)-2-acetamido-2-deoxy-beta-D-glucopyranose-(1-4)-2-acetamido-2-deoxy-beta-D-glucopyranose
8G4M,Env,H,L,B|F|I|o,False,2023/02/10,2.95,Envelope glycoprotein gp41|Envelope glycoprotein gp120|alpha-D-mannopyranose-(1-3)-[alpha-D-mannopyranose-(1-6)]beta-D-mannopyranose-(1-4)-2-acetamido-2-deoxy-beta-D-glucopyranose-(1-4)-2-acetamido-2-deoxy-beta-D-glucopyranose
8G4M,Env,J,K,A|B|G|a,False,2023/02/10,2.95,Envelope glycoprotein gp41|Envelope glycoprotein gp120|alpha-D-mannopyranose-(1-3)-[alpha-D-mannopyranose-(1-6)]beta-D-mannopyranose-(1-4)-2-acetamido-2-deoxy-beta-D-glucopyranose-(1-4)-2-acetamido-2-deoxy-beta-D-glucopyranose
8G4T,Env,H,L,F|I|q,False,2023/02/10,2.81,Envelope glycoprotein BG505 DS-SOSIP gp41|Envelope glycoprotein BG505 DS-SOSIP gp120|alpha-D-mannopyranose-(1-3)-[alpha-D-mannopyranose-(1-6)]beta-D-mannopyranose-(1-4)-2-acetamido-2-deoxy-beta-D-glucopyranose-(1-4)-2-acetamido-2-deoxy-beta-D-glucopyranose
8G6U,Env,Q,R,I|n,False,2023/02/16,3.16,CRF01_AE T/F100 HIV-1 gp120|alpha-D-mannopyranose-(1-2)-alpha-D-mannopyranose-(1-2)-alpha-D-mannopyranose-(1-3)-[alpha-D-mannopyranose-(1-2)-alpha-D-mannopyranose-(1-6)-[alpha-D-mannopyranose-(1-3)]alpha-D-mannopyranose-(1-6)]beta-D-mannopyranose-(1-4)-2-acetamido-2-deoxy-beta-D-glucopyranose-(1-4)-2-acetamido-2-deoxy-beta-D-glucopyranose
8G6U,Env,O,P,E|d,False,2023/02/16,3.16,CRF01_AE T/F100 HIV-1 gp120|alpha-D-mannopyranose-(1-2)-alpha-D-mannopyranose-(1-2)-alpha-D-mannopyranose-(1-3)-[alpha-D-mannopyranose-(1-2)-alpha-D-mannopyranose-(1-6)-[alpha-D-mannopyranose-(1-3)]alpha-D-mannopyranose-(1-6)]beta-D-mannopyranose-(1-4)-2-acetamido-2-deoxy-beta-D-glucopyranose-(1-4)-2-acetamido-2-deoxy-beta-D-glucopyranose
8G6U,Env,K,L,BK|I|J|j|k|s,False,2023/02/16,3.16,2-acetamido-2-deoxy-beta-D-glucopyranose|CRF01_AE T/F100 HIV-1 gp120|CRF-1_AE T/F100 HIV-1 gp41|alpha-D-mannopyranose-(1-2)-alpha-D-mannopyranose-(1-2)-alpha-D-mannopyranose-(1-3)-[alpha-D-mannopyranose-(1-2)-alpha-D-mannopyranose-(1-3)-[alpha-D-mannopyranose-(1-2)-alpha-D-mannopyranose-(1-6)]alpha-D-mannopyranose-(1-6)]beta-D-mannopyranose-(1-4)-2-acetamido-2-deoxy-beta-D-glucopyranose-(1-4)-2-acetamido-2-deoxy-beta-D-glucopyranose|alpha-D-mannopyranose-(1-2)-alpha-D-mannopyranose-(1-3)-[alpha-D-mannopyranose-(1-6)]beta-D-mannopyranose-(1-4)-2-acetamido-2-deoxy-beta-D-glucopyranose-(1-4)-2-acetamido-2-deoxy-beta-D-glucopyranose|alpha-D-mannopyranose-(1-3)-[alpha-D-mannopyranose-(1-6)]beta-D-mannopyranose-(1-4)-2-acetamido-2-deoxy-beta-D-glucopyranose-(1-4)-2-acetamido-2-deoxy-beta-D-glucopyranose
8G6U,Env,G,H,BH|E|F|a|b|i,False,2023/02/16,3.16,2-acetamido-2-deoxy-beta-D-glucopyranose|CRF01_AE T/F100 HIV-1 gp120|CRF-1_AE T/F100 HIV-1 gp41|alpha-D-mannopyranose-(1-2)-alpha-D-mannopyranose-(1-2)-alpha-D-mannopyranose-(1-3)-[alpha-D-mannopyranose-(1-2)-alpha-D-mannopyranose-(1-3)-[alpha-D-mannopyranose-(1-2)-alpha-D-mannopyranose-(1-6)]alpha-D-mannopyranose-(1-6)]beta-D-mannopyranose-(1-4)-2-acetamido-2-deoxy-beta-D-glucopyranose-(1-4)-2-acetamido-2-deoxy-beta-D-glucopyranose|alpha-D-mannopyranose-(1-2)-alpha-D-mannopyranose-(1-3)-[alpha-D-mannopyranose-(1-6)]beta-D-mannopyranose-(1-4)-2-acetamido-2-deoxy-beta-D-glucopyranose-(1-4)-2-acetamido-2-deoxy-beta-D-glucopyranose|alpha-D-mannopyranose-(1-3)-[alpha-D-mannopyranose-(1-6)]beta-D-mannopyranose-(1-4)-2-acetamido-2-deoxy-beta-D-glucopyranose-(1-4)-2-acetamido-2-deoxy-beta-D-glucopyranose
8G6U,Env,C,D,A|B|BE|S|T|Z,False,2023/02/16,3.16,CRF01_AE T/F100 HIV-1 gp120|CRF-1_AE T/F100 HIV-1 gp41|2-acetamido-2-deoxy-beta-D-glucopyranose|alpha-D-mannopyranose-(1-2)-alpha-D-mannopyranose-(1-2)-alpha-D-mannopyranose-(1-3)-[alpha-D-mannopyranose-(1-2)-alpha-D-mannopyranose-(1-3)-[alpha-D-mannopyranose-(1-2)-alpha-D-mannopyranose-(1-6)]alpha-D-mannopyranose-(1-6)]beta-D-mannopyranose-(1-4)-2-acetamido-2-deoxy-beta-D-glucopyranose-(1-4)-2-acetamido-2-deoxy-beta-D-glucopyranose|alpha-D-mannopyranose-(1-2)-alpha-D-mannopyranose-(1-3)-[alpha-D-mannopyranose-(1-6)]beta-D-mannopyranose-(1-4)-2-acetamido-2-deoxy-beta-D-glucopyranose-(1-4)-2-acetamido-2-deoxy-beta-D-glucopyranose|alpha-D-mannopyranose-(1-3)-[alpha-D-mannopyranose-(1-6)]beta-D-mannopyranose-(1-4)-2-acetamido-2-deoxy-beta-D-glucopyranose-(1-4)-2-acetamido-2-deoxy-beta-D-glucopyranose
8G6U,Env,M,N,A|U,False,2023/02/16,3.16,CRF01_AE T/F100 HIV-1 gp120|alpha-D-mannopyranose-(1-2)-alpha-D-mannopyranose-(1-2)-alpha-D-mannopyranose-(1-3)-[alpha-D-mannopyranose-(1-2)-alpha-D-mannopyranose-(1-6)-[alpha-D-mannopyranose-(1-3)]alpha-D-mannopyranose-(1-6)]beta-D-mannopyranose-(1-4)-2-acetamido-2-deoxy-beta-D-glucopyranose-(1-4)-2-acetamido-2-deoxy-beta-D-glucopyranose
8GJE,Env,I,K,D|m,False,2023/03/15,3.4,CZA97.12 SOSIP.664 Envelope glycoprotein gp120|alpha-D-mannopyranose-(1-3)-[alpha-D-mannopyranose-(1-6)]alpha-D-mannopyranose-(1-6)-[alpha-D-mannopyranose-(1-3)]beta-D-mannopyranose-(1-4)-2-acetamido-2-deoxy-beta-D-glucopyranose-(1-4)-2-acetamido-2-deoxy-beta-D-glucopyranose
8GJE,Env,H,L,A|U,False,2023/03/15,3.4,CZA97.12 SOSIP.664 Envelope glycoprotein gp120|alpha-D-mannopyranose-(1-3)-[alpha-D-mannopyranose-(1-6)]alpha-D-mannopyranose-(1-6)-[alpha-D-mannopyranose-(1-3)]beta-D-mannopyranose-(1-4)-2-acetamido-2-deoxy-beta-D-glucopyranose-(1-4)-2-acetamido-2-deoxy-beta-D-glucopyranose
8GJE,Env,G,J,C|d,False,2023/03/15,3.4,CZA97.12 SOSIP.664 Envelope glycoprotein gp120|alpha-D-mannopyranose-(1-3)-[alpha-D-mannopyranose-(1-6)]alpha-D-mannopyranose-(1-6)-[alpha-D-mannopyranose-(1-3)]beta-D-mannopyranose-(1-4)-2-acetamido-2-deoxy-beta-D-glucopyranose-(1-4)-2-acetamido-2-deoxy-beta-D-glucopyranose
8SB2,Env,C,D,A|E|J|O|Q,False,2023/04/02,3.5,CH848.10.17.SOSIP gp120|beta-D-mannopyranose-(1-4)-2-acetamido-2-deoxy-beta-D-glucopyranose-(1-4)-2-acetamido-2-deoxy-beta-D-glucopyranose|alpha-D-mannopyranose-(1-2)-alpha-D-mannopyranose-(1-3)-beta-D-mannopyranose-(1-4)-2-acetamido-2-deoxy-beta-D-glucopyranose-(1-4)-2-acetamido-2-deoxy-beta-D-glucopyranose|alpha-D-mannopyranose-(1-2)-alpha-D-mannopyranose-(1-2)-alpha-D-mannopyranose-(1-3)-[alpha-D-mannopyranose-(1-2)-alpha-D-mannopyranose-(1-3)-[alpha-D-mannopyranose-(1-2)-alpha-D-mannopyranose-(1-6)]alpha-D-mannopyranose-(1-6)]beta-D-mannopyranose-(1-4)-2-acetamido-2-deoxy-beta-D-glucopyranose-(1-4)-2-acetamido-2-deoxy-beta-D-glucopyranose|alpha-D-mannopyranose-(1-3)-beta-D-mannopyranose-(1-4)-2-acetamido-2-deoxy-beta-D-glucopyranose-(1-4)-2-acetamido-2-deoxy-beta-D-glucopyranose
8SB2,Env,M,N,K|W|X|Y|a,False,2023/04/02,3.5,CH848.10.17.SOSIP gp120|2-acetamido-2-deoxy-beta-D-glucopyranose-(1-4)-2-acetamido-2-deoxy-beta-D-glucopyranose|alpha-D-mannopyranose-(1-2)-alpha-D-mannopyranose-(1-3)-beta-D-mannopyranose-(1-4)-2-acetamido-2-deoxy-beta-D-glucopyranose-(1-4)-2-acetamido-2-deoxy-beta-D-glucopyranose|alpha-D-mannopyranose-(1-2)-alpha-D-mannopyranose-(1-2)-alpha-D-mannopyranose-(1-3)-[alpha-D-mannopyranose-(1-2)-alpha-D-mannopyranose-(1-3)-[alpha-D-mannopyranose-(1-2)-alpha-D-mannopyranose-(1-6)]alpha-D-mannopyranose-(1-6)]beta-D-mannopyranose-(1-4)-2-acetamido-2-deoxy-beta-D-glucopyranose-(1-4)-2-acetamido-2-deoxy-beta-D-glucopyranose|alpha-D-mannopyranose-(1-6)-alpha-D-mannopyranose-(1-6)-beta-D-mannopyranose-(1-4)-2-acetamido-2-deoxy-beta-D-glucopyranose-(1-4)-2-acetamido-2-deoxy-beta-D-glucopyranose
8SAY,Env,H,I,F|Q|R|T,False,2023/04/02,3.4,CH848.10.17 gp120|beta-D-mannopyranose-(1-4)-2-acetamido-2-deoxy-beta-D-glucopyranose-(1-4)-2-acetamido-2-deoxy-beta-D-glucopyranose|alpha-D-mannopyranose-(1-2)-alpha-D-mannopyranose-(1-2)-alpha-D-mannopyranose-(1-3)-[alpha-D-mannopyranose-(1-2)-alpha-D-mannopyranose-(1-3)-[alpha-D-mannopyranose-(1-2)-alpha-D-mannopyranose-(1-6)]alpha-D-mannopyranose-(1-6)]beta-D-mannopyranose-(1-4)-2-acetamido-2-deoxy-beta-D-glucopyranose-(1-4)-2-acetamido-2-deoxy-beta-D-glucopyranose|alpha-D-mannopyranose-(1-3)-[alpha-D-mannopyranose-(1-6)]beta-D-mannopyranose-(1-4)-2-acetamido-2-deoxy-beta-D-glucopyranose-(1-4)-2-acetamido-2-deoxy-beta-D-glucopyranose
8SAY,Env,C,D,A|E|J|P,False,2023/04/02,3.4,CH848.10.17 gp120|beta-D-mannopyranose-(1-4)-2-acetamido-2-deoxy-beta-D-glucopyranose-(1-4)-2-acetamido-2-deoxy-beta-D-glucopyranose|alpha-D-mannopyranose-(1-2)-alpha-D-mannopyranose-(1-2)-alpha-D-mannopyranose-(1-3)-[alpha-D-mannopyranose-(1-2)-alpha-D-mannopyranose-(1-3)-[alpha-D-mannopyranose-(1-2)-alpha-D-mannopyranose-(1-6)]alpha-D-mannopyranose-(1-6)]beta-D-mannopyranose-(1-4)-2-acetamido-2-deoxy-beta-D-glucopyranose-(1-4)-2-acetamido-2-deoxy-beta-D-glucopyranose
8SAW,Env,M,N,K|U|V|X,False,2023/04/02,3.3,CH848.3.D0949.10.17chim.6R.SOSIP.664 gp120A|beta-D-mannopyranose-(1-4)-2-acetamido-2-deoxy-beta-D-glucopyranose-(1-4)-2-acetamido-2-deoxy-beta-D-glucopyranose|alpha-D-mannopyranose-(1-2)-alpha-D-mannopyranose-(1-2)-alpha-D-mannopyranose-(1-3)-[alpha-D-mannopyranose-(1-3)-[alpha-D-mannopyranose-(1-6)]alpha-D-mannopyranose-(1-6)]beta-D-mannopyranose-(1-4)-2-acetamido-2-deoxy-beta-D-glucopyranose-(1-4)-2-acetamido-2-deoxy-beta-D-glucopyranose|2-acetamido-2-deoxy-beta-D-glucopyranose-(1-4)-2-acetamido-2-deoxy-beta-D-glucopyranose
8SAU,Env,C,D,A|E|J|P,False,2023/04/02,3.3,CH848.10.17 gp120|alpha-D-mannopyranose-(1-3)-beta-D-mannopyranose-(1-4)-2-acetamido-2-deoxy-beta-D-glucopyranose-(1-4)-2-acetamido-2-deoxy-beta-D-glucopyranose|alpha-D-mannopyranose-(1-2)-alpha-D-mannopyranose-(1-2)-alpha-D-mannopyranose-(1-3)-[alpha-D-mannopyranose-(1-2)-alpha-D-mannopyranose-(1-6)-alpha-D-mannopyranose-(1-6)]beta-D-mannopyranose-(1-4)-2-acetamido-2-deoxy-beta-D-glucopyranose-(1-4)-2-acetamido-2-deoxy-beta-D-glucopyranose|2-acetamido-2-deoxy-beta-D-glucopyranose-(1-4)-2-acetamido-2-deoxy-beta-D-glucopyranose
8SAW,Env,C,D,A|G|J|P,False,2023/04/02,3.3,CH848.3.D0949.10.17chim.6R.SOSIP.664 gp120A|beta-D-mannopyranose-(1-4)-2-acetamido-2-deoxy-beta-D-glucopyranose-(1-4)-2-acetamido-2-deoxy-beta-D-glucopyranose|alpha-D-mannopyranose-(1-2)-alpha-D-mannopyranose-(1-2)-alpha-D-mannopyranose-(1-3)-[alpha-D-mannopyranose-(1-3)-[alpha-D-mannopyranose-(1-6)]alpha-D-mannopyranose-(1-6)]beta-D-mannopyranose-(1-4)-2-acetamido-2-deoxy-beta-D-glucopyranose-(1-4)-2-acetamido-2-deoxy-beta-D-glucopyranose|2-acetamido-2-deoxy-beta-D-glucopyranose-(1-4)-2-acetamido-2-deoxy-beta-D-glucopyranose
8SAU,Env,M,N,K|U|V|X,False,2023/04/02,3.3,CH848.10.17 gp120|alpha-D-mannopyranose-(1-3)-beta-D-mannopyranose-(1-4)-2-acetamido-2-deoxy-beta-D-glucopyranose-(1-4)-2-acetamido-2-deoxy-beta-D-glucopyranose|alpha-D-mannopyranose-(1-2)-alpha-D-mannopyranose-(1-2)-alpha-D-mannopyranose-(1-3)-[alpha-D-mannopyranose-(1-2)-alpha-D-mannopyranose-(1-6)-alpha-D-mannopyranose-(1-6)]beta-D-mannopyranose-(1-4)-2-acetamido-2-deoxy-beta-D-glucopyranose-(1-4)-2-acetamido-2-deoxy-beta-D-glucopyranose|2-acetamido-2-deoxy-beta-D-glucopyranose-(1-4)-2-acetamido-2-deoxy-beta-D-glucopyranose
8SAU,Env,H,I,F|Q|R|T,False,2023/04/02,3.3,CH848.10.17 gp120|alpha-D-mannopyranose-(1-3)-beta-D-mannopyranose-(1-4)-2-acetamido-2-deoxy-beta-D-glucopyranose-(1-4)-2-acetamido-2-deoxy-beta-D-glucopyranose|alpha-D-mannopyranose-(1-2)-alpha-D-mannopyranose-(1-2)-alpha-D-mannopyranose-(1-3)-[alpha-D-mannopyranose-(1-2)-alpha-D-mannopyranose-(1-3)-[alpha-D-mannopyranose-(1-2)-alpha-D-mannopyranose-(1-6)]alpha-D-mannopyranose-(1-6)]beta-D-mannopyranose-(1-4)-2-acetamido-2-deoxy-beta-D-glucopyranose-(1-4)-2-acetamido-2-deoxy-beta-D-glucopyranose|beta-D-mannopyranose-(1-4)-2-acetamido-2-deoxy-beta-D-glucopyranose-(1-4)-2-acetamido-2-deoxy-beta-D-glucopyranose
8SB2,Env,H,I,F|R|S|T|V,False,2023/04/02,3.5,CH848.10.17.SOSIP gp120|2-acetamido-2-deoxy-beta-D-glucopyranose-(1-4)-2-acetamido-2-deoxy-beta-D-glucopyranose|alpha-D-mannopyranose-(1-3)-beta-D-mannopyranose-(1-4)-2-acetamido-2-deoxy-beta-D-glucopyranose-(1-4)-2-acetamido-2-deoxy-beta-D-glucopyranose|alpha-D-mannopyranose-(1-2)-alpha-D-mannopyranose-(1-2)-alpha-D-mannopyranose-(1-3)-[alpha-D-mannopyranose-(1-2)-alpha-D-mannopyranose-(1-3)-[alpha-D-mannopyranose-(1-2)-alpha-D-mannopyranose-(1-6)]alpha-D-mannopyranose-(1-6)]beta-D-mannopyranose-(1-4)-2-acetamido-2-deoxy-beta-D-glucopyranose-(1-4)-2-acetamido-2-deoxy-beta-D-glucopyranose
8SAY,Env,M,N,K|U|V|X,False,2023/04/02,3.4,CH848.10.17 gp120|2-acetamido-2-deoxy-beta-D-glucopyranose-(1-4)-2-acetamido-2-deoxy-beta-D-glucopyranose|alpha-D-mannopyranose-(1-2)-alpha-D-mannopyranose-(1-2)-alpha-D-mannopyranose-(1-3)-[alpha-D-mannopyranose-(1-2)-alpha-D-mannopyranose-(1-3)-[alpha-D-mannopyranose-(1-2)-alpha-D-mannopyranose-(1-6)]alpha-D-mannopyranose-(1-6)]beta-D-mannopyranose-(1-4)-2-acetamido-2-deoxy-beta-D-glucopyranose-(1-4)-2-acetamido-2-deoxy-beta-D-glucopyranose
8SAW,Env,H,I,E|Q|R|T,False,2023/04/02,3.3,CH848.3.D0949.10.17chim.6R.SOSIP.664 gp120A|beta-D-mannopyranose-(1-4)-2-acetamido-2-deoxy-beta-D-glucopyranose-(1-4)-2-acetamido-2-deoxy-beta-D-glucopyranose|alpha-D-mannopyranose-(1-2)-alpha-D-mannopyranose-(1-2)-alpha-D-mannopyranose-(1-3)-[alpha-D-mannopyranose-(1-3)-[alpha-D-mannopyranose-(1-6)]alpha-D-mannopyranose-(1-6)]beta-D-mannopyranose-(1-4)-2-acetamido-2-deoxy-beta-D-glucopyranose-(1-4)-2-acetamido-2-deoxy-beta-D-glucopyranose|2-acetamido-2-deoxy-beta-D-glucopyranose-(1-4)-2-acetamido-2-deoxy-beta-D-glucopyranose
8SW4,Env,Q,R,A|D,False,2023/05/17,2.85,BG505 GT1.1 SOSIP gp120
8SW4,Env,O,P,A,False,2023/05/17,2.85,BG505 GT1.1 SOSIP gp120
8SW4,Env,K,N,BD|D|E|G|I,False,2023/05/17,2.85,2-acetamido-2-deoxy-beta-D-glucopyranose|BG505 GT1.1 SOSIP gp120|RM20A3 heavy chain variable region|Envelope glycoprotein gp41
8SW4,Env,J,M,B|BC|C|G|K,False,2023/05/17,2.85,Envelope glycoprotein gp41|2-acetamido-2-deoxy-beta-D-glucopyranose|BG505 GT1.1 SOSIP gp120|RM20A3 heavy chain variable region
8SW4,Env,H,L,A|B|E|I|V,False,2023/05/17,2.85,BG505 GT1.1 SOSIP gp120|Envelope glycoprotein gp41|RM20A3 heavy chain variable region|2-acetamido-2-deoxy-beta-D-glucopyranose-(1-4)-2-acetamido-2-deoxy-beta-D-glucopyranose
8SW4,Env,E,F,A|AZ|B|H|I|J,False,2023/05/17,2.85,BG505 GT1.1 SOSIP gp120|2-acetamido-2-deoxy-beta-D-glucopyranose|Envelope glycoprotein gp41|21M20 heavy chain variable region|RM20A3 heavy chain variable region
8SW3,Env,N,R,BE|C|D,False,2023/05/17,2.8,2-acetamido-2-deoxy-beta-D-glucopyranose|BG505 GT1.1 SOSIP gp120
8SW3,Env,M,Q,A|AT|C,False,2023/05/17,2.8,BG505 GT1.1 SOSIP gp120|2-acetamido-2-deoxy-beta-D-glucopyranose
8SW3,Env,G,I,A|B|E|K,False,2023/05/17,2.8,BG505 GT1.1 SOSIP gp120|Envelope glycoprotein gp41|RM20A3 heavy chain variable region
8SW3,Env,J,O,C|E|F|G,False,2023/05/17,2.8,BG505 GT1.1 SOSIP gp120|Envelope glycoprotein gp41|RM20A3 heavy chain variable region
8SW3,Env,H,L,A|AI|D,False,2023/05/17,2.8,BG505 GT1.1 SOSIP gp120|2-acetamido-2-deoxy-beta-D-glucopyranose
8SW3,Env,K,P,B|D|F|J,False,2023/05/17,2.8,Envelope glycoprotein gp41|BG505 GT1.1 SOSIP gp120|RM20A3 heavy chain variable region
8SW4,Env,S,T,C|D,False,2023/05/17,2.85,BG505 GT1.1 SOSIP gp120
