path,target,run,pose,score
/mnt/data/msadepth/compreps/seedrep_cand/protenix/8k3k_D/d57/seed0_r1/results/8k3k_d/seed_0/predictions/8k3k_d_sample_1.cif,8k3k_D,seed0_r1,8k3k_d_sample_1.cif,0.08209
/mnt/data/msadepth/compreps/seedrep_cand/protenix/8k3k_D/d57/seed0_r1/results/8k3k_d/seed_0/predictions/8k3k_d_sample_4.cif,8k3k_D,seed0_r1,8k3k_d_sample_4.cif,0.1587
/mnt/data/msadepth/compreps/seedrep_cand/protenix/8k3k_D/d57/seed0_r2/results/8k3k_d/seed_0/predictions/8k3k_d_sample_2.cif,8k3k_D,seed0_r2,8k3k_d_sample_2.cif,0.18911
/mnt/data/msadepth/compreps/seedrep_cand/protenix/8k3k_D/d57/seed0_r2/results/8k3k_d/seed_0/predictions/8k3k_d_sample_1.cif,8k3k_D,seed0_r2,8k3k_d_sample_1.cif,0.07421
/mnt/data/msadepth/compreps/seedrep_cand/protenix/8k3k_D/d57/seed0_r0/results/8k3k_d/seed_0/predictions/8k3k_d_sample_2.cif,8k3k_D,seed0_r0,8k3k_d_sample_2.cif,0.13078
/mnt/data/msadepth/compreps/seedrep_cand/protenix/8k3k_D/d57/seed0_r1/results/8k3k_d/seed_0/predictions/8k3k_d_sample_3.cif,8k3k_D,seed0_r1,8k3k_d_sample_3.cif,0.05273
/mnt/data/msadepth/compreps/seedrep_cand/protenix/8k3k_D/d57/seed0_r1/results/8k3k_d/seed_0/predictions/8k3k_d_sample_2.cif,8k3k_D,seed0_r1,8k3k_d_sample_2.cif,0.17284
/mnt/data/msadepth/compreps/seedrep_cand/protenix/8k3k_D/d57/seed0_r2/results/8k3k_d/seed_0/predictions/8k3k_d_sample_0.cif,8k3k_D,seed0_r2,8k3k_d_sample_0.cif,0.0288
/mnt/data/msadepth/compreps/seedrep_cand/protenix/8k3k_D/d57/seed0_r0/results/8k3k_d/seed_0/predictions/8k3k_d_sample_4.cif,8k3k_D,seed0_r0,8k3k_d_sample_4.cif,0.19532
/mnt/data/msadepth/compreps/seedrep_cand/protenix/8k3k_D/d57/seed0_r2/results/8k3k_d/seed_0/predictions/8k3k_d_sample_4.cif,8k3k_D,seed0_r2,8k3k_d_sample_4.cif,0.18473
/mnt/data/msadepth/compreps/seedrep_cand/protenix/8k3k_D/d57/seed0_r0/results/8k3k_d/seed_0/predictions/8k3k_d_sample_0.cif,8k3k_D,seed0_r0,8k3k_d_sample_0.cif,0.08773
/mnt/data/msadepth/compreps/seedrep_cand/protenix/8k3k_D/d57/seed0_r3/results/8k3k_d/seed_0/predictions/8k3k_d_sample_2.cif,8k3k_D,seed0_r3,8k3k_d_sample_2.cif,0.07092
/mnt/data/msadepth/compreps/seedrep_cand/protenix/8k3k_D/d57/seed0_r0/results/8k3k_d/seed_0/predictions/8k3k_d_sample_1.cif,8k3k_D,seed0_r0,8k3k_d_sample_1.cif,0.0325
/mnt/data/msadepth/compreps/seedrep_cand/protenix/8k3k_D/d57/seed0_r3/results/8k3k_d/seed_0/predictions/8k3k_d_sample_0.cif,8k3k_D,seed0_r3,8k3k_d_sample_0.cif,0.09042
/mnt/data/msadepth/compreps/seedrep_cand/protenix/8k3k_D/d57/seed0_r3/results/8k3k_d/seed_0/predictions/8k3k_d_sample_3.cif,8k3k_D,seed0_r3,8k3k_d_sample_3.cif,0.03466
/mnt/data/msadepth/compreps/seedrep_cand/protenix/8k3k_D/d57/seed0_r3/results/8k3k_d/seed_0/predictions/8k3k_d_sample_4.cif,8k3k_D,seed0_r3,8k3k_d_sample_4.cif,0.11765
/mnt/data/msadepth/compreps/seedrep_cand/protenix/8k3k_D/d57/seed0_r0/results/8k3k_d/seed_0/predictions/8k3k_d_sample_3.cif,8k3k_D,seed0_r0,8k3k_d_sample_3.cif,0.08433
/mnt/data/msadepth/compreps/seedrep_cand/protenix/8k3k_D/d57/seed0_r3/results/8k3k_d/seed_0/predictions/8k3k_d_sample_1.cif,8k3k_D,seed0_r3,8k3k_d_sample_1.cif,0.07409
/mnt/data/msadepth/compreps/seedrep_cand/protenix/8k3k_D/d57/seed0_r2/results/8k3k_d/seed_0/predictions/8k3k_d_sample_3.cif,8k3k_D,seed0_r2,8k3k_d_sample_3.cif,0.05395
/mnt/data/msadepth/compreps/seedrep_cand/protenix/8k3k_D/d57/seed0_r1/results/8k3k_d/seed_0/predictions/8k3k_d_sample_0.cif,8k3k_D,seed0_r1,8k3k_d_sample_0.cif,0.05988
/mnt/data/msadepth/compreps/seedrep_cand/protenix/8k3k_D/d57/seed1_r1/results/8k3k_d/seed_0/predictions/8k3k_d_sample_4.cif,8k3k_D,seed1_r1,8k3k_d_sample_4.cif,0.09994
/mnt/data/msadepth/compreps/seedrep_cand/protenix/8k3k_D/d57/seed1_r3/results/8k3k_d/seed_0/predictions/8k3k_d_sample_2.cif,8k3k_D,seed1_r3,8k3k_d_sample_2.cif,0.14469
/mnt/data/msadepth/compreps/seedrep_cand/protenix/8k3k_D/d57/seed1_r3/results/8k3k_d/seed_0/predictions/8k3k_d_sample_4.cif,8k3k_D,seed1_r3,8k3k_d_sample_4.cif,0.04208
/mnt/data/msadepth/compreps/seedrep_cand/protenix/8k3k_D/d57/seed1_r3/results/8k3k_d/seed_0/predictions/8k3k_d_sample_0.cif,8k3k_D,seed1_r3,8k3k_d_sample_0.cif,0.22001
/mnt/data/msadepth/compreps/seedrep_cand/protenix/8k3k_D/d57/seed1_r0/results/8k3k_d/seed_0/predictions/8k3k_d_sample_2.cif,8k3k_D,seed1_r0,8k3k_d_sample_2.cif,0.15196
/mnt/data/msadepth/compreps/seedrep_cand/protenix/8k3k_D/d57/seed1_r3/results/8k3k_d/seed_0/predictions/8k3k_d_sample_3.cif,8k3k_D,seed1_r3,8k3k_d_sample_3.cif,0.16443
/mnt/data/msadepth/compreps/seedrep_cand/protenix/8k3k_D/d57/seed1_r1/results/8k3k_d/seed_0/predictions/8k3k_d_sample_2.cif,8k3k_D,seed1_r1,8k3k_d_sample_2.cif,0.12729
/mnt/data/msadepth/compreps/seedrep_cand/protenix/8k3k_D/d57/seed1_r2/results/8k3k_d/seed_0/predictions/8k3k_d_sample_4.cif,8k3k_D,seed1_r2,8k3k_d_sample_4.cif,0.04306
/mnt/data/msadepth/compreps/seedrep_cand/protenix/8k3k_D/d57/seed1_r0/results/8k3k_d/seed_0/predictions/8k3k_d_sample_1.cif,8k3k_D,seed1_r0,8k3k_d_sample_1.cif,0.08229
/mnt/data/msadepth/compreps/seedrep_cand/protenix/8k3k_D/d57/seed1_r3/results/8k3k_d/seed_0/predictions/8k3k_d_sample_1.cif,8k3k_D,seed1_r3,8k3k_d_sample_1.cif,0.03856
/mnt/data/msadepth/compreps/seedrep_cand/protenix/8k3k_D/d57/seed1_r2/results/8k3k_d/seed_0/predictions/8k3k_d_sample_3.cif,8k3k_D,seed1_r2,8k3k_d_sample_3.cif,0.10857
/mnt/data/msadepth/compreps/seedrep_cand/protenix/8k3k_D/d57/seed1_r2/results/8k3k_d/seed_0/predictions/8k3k_d_sample_2.cif,8k3k_D,seed1_r2,8k3k_d_sample_2.cif,0.10226
/mnt/data/msadepth/compreps/seedrep_cand/protenix/8k3k_D/d57/seed1_r1/results/8k3k_d/seed_0/predictions/8k3k_d_sample_1.cif,8k3k_D,seed1_r1,8k3k_d_sample_1.cif,0.05208
/mnt/data/msadepth/compreps/seedrep_cand/protenix/8k3k_D/d57/seed1_r0/results/8k3k_d/seed_0/predictions/8k3k_d_sample_4.cif,8k3k_D,seed1_r0,8k3k_d_sample_4.cif,0.04229
/mnt/data/msadepth/compreps/seedrep_cand/protenix/8k3k_D/d57/seed1_r2/results/8k3k_d/seed_0/predictions/8k3k_d_sample_0.cif,8k3k_D,seed1_r2,8k3k_d_sample_0.cif,0.10926
/mnt/data/msadepth/compreps/seedrep_cand/protenix/8k3k_D/d57/seed1_r1/results/8k3k_d/seed_0/predictions/8k3k_d_sample_3.cif,8k3k_D,seed1_r1,8k3k_d_sample_3.cif,0.2068
/mnt/data/msadepth/compreps/seedrep_cand/protenix/8k3k_D/d57/seed1_r0/results/8k3k_d/seed_0/predictions/8k3k_d_sample_3.cif,8k3k_D,seed1_r0,8k3k_d_sample_3.cif,0.23241
/mnt/data/msadepth/compreps/seedrep_cand/protenix/8k3k_D/d57/seed1_r2/results/8k3k_d/seed_0/predictions/8k3k_d_sample_1.cif,8k3k_D,seed1_r2,8k3k_d_sample_1.cif,0.04988
/mnt/data/msadepth/compreps/seedrep_cand/protenix/8k3k_D/d57/seed1_r1/results/8k3k_d/seed_0/predictions/8k3k_d_sample_0.cif,8k3k_D,seed1_r1,8k3k_d_sample_0.cif,0.04361
/mnt/data/msadepth/compreps/seedrep_cand/protenix/8k3k_D/d57/seed1_r0/results/8k3k_d/seed_0/predictions/8k3k_d_sample_0.cif,8k3k_D,seed1_r0,8k3k_d_sample_0.cif,0.0443
/mnt/data/msadepth/compreps/seedrep_cand/protenix/8k3k_D/d57/seed2_r2/results/8k3k_d/seed_0/predictions/8k3k_d_sample_2.cif,8k3k_D,seed2_r2,8k3k_d_sample_2.cif,0.02799
/mnt/data/msadepth/compreps/seedrep_cand/protenix/8k3k_D/d57/seed2_r0/results/8k3k_d/seed_0/predictions/8k3k_d_sample_1.cif,8k3k_D,seed2_r0,8k3k_d_sample_1.cif,0.1645
/mnt/data/msadepth/compreps/seedrep_cand/protenix/8k3k_D/d57/seed2_r1/results/8k3k_d/seed_0/predictions/8k3k_d_sample_1.cif,8k3k_D,seed2_r1,8k3k_d_sample_1.cif,0.14709
/mnt/data/msadepth/compreps/seedrep_cand/protenix/8k3k_D/d57/seed2_r1/results/8k3k_d/seed_0/predictions/8k3k_d_sample_4.cif,8k3k_D,seed2_r1,8k3k_d_sample_4.cif,0.05467
/mnt/data/msadepth/compreps/seedrep_cand/protenix/8k3k_D/d57/seed2_r2/results/8k3k_d/seed_0/predictions/8k3k_d_sample_3.cif,8k3k_D,seed2_r2,8k3k_d_sample_3.cif,0.04984
/mnt/data/msadepth/compreps/seedrep_cand/protenix/8k3k_D/d57/seed2_r0/results/8k3k_d/seed_0/predictions/8k3k_d_sample_2.cif,8k3k_D,seed2_r0,8k3k_d_sample_2.cif,0.02392
/mnt/data/msadepth/compreps/seedrep_cand/protenix/8k3k_D/d57/seed2_r3/results/8k3k_d/seed_0/predictions/8k3k_d_sample_2.cif,8k3k_D,seed2_r3,8k3k_d_sample_2.cif,0.09597
/mnt/data/msadepth/compreps/seedrep_cand/protenix/8k3k_D/d57/seed2_r3/results/8k3k_d/seed_0/predictions/8k3k_d_sample_1.cif,8k3k_D,seed2_r3,8k3k_d_sample_1.cif,0.1064
/mnt/data/msadepth/compreps/seedrep_cand/protenix/8k3k_D/d57/seed2_r3/results/8k3k_d/seed_0/predictions/8k3k_d_sample_3.cif,8k3k_D,seed2_r3,8k3k_d_sample_3.cif,0.03542
/mnt/data/msadepth/compreps/seedrep_cand/protenix/8k3k_D/d57/seed2_r1/results/8k3k_d/seed_0/predictions/8k3k_d_sample_2.cif,8k3k_D,seed2_r1,8k3k_d_sample_2.cif,0.07949
/mnt/data/msadepth/compreps/seedrep_cand/protenix/8k3k_D/d57/seed2_r2/results/8k3k_d/seed_0/predictions/8k3k_d_sample_1.cif,8k3k_D,seed2_r2,8k3k_d_sample_1.cif,0.05515
/mnt/data/msadepth/compreps/seedrep_cand/protenix/8k3k_D/d57/seed2_r2/results/8k3k_d/seed_0/predictions/8k3k_d_sample_0.cif,8k3k_D,seed2_r2,8k3k_d_sample_0.cif,0.0932
/mnt/data/msadepth/compreps/seedrep_cand/protenix/8k3k_D/d57/seed2_r1/results/8k3k_d/seed_0/predictions/8k3k_d_sample_0.cif,8k3k_D,seed2_r1,8k3k_d_sample_0.cif,0.11685
/mnt/data/msadepth/compreps/seedrep_cand/protenix/8k3k_D/d57/seed2_r3/results/8k3k_d/seed_0/predictions/8k3k_d_sample_0.cif,8k3k_D,seed2_r3,8k3k_d_sample_0.cif,0.18627
/mnt/data/msadepth/compreps/seedrep_cand/protenix/8k3k_D/d57/seed2_r0/results/8k3k_d/seed_0/predictions/8k3k_d_sample_3.cif,8k3k_D,seed2_r0,8k3k_d_sample_3.cif,0.15627
/mnt/data/msadepth/compreps/seedrep_cand/protenix/8k3k_D/d57/seed2_r3/results/8k3k_d/seed_0/predictions/8k3k_d_sample_4.cif,8k3k_D,seed2_r3,8k3k_d_sample_4.cif,0.14245
/mnt/data/msadepth/compreps/seedrep_cand/protenix/8k3k_D/d57/seed2_r0/results/8k3k_d/seed_0/predictions/8k3k_d_sample_0.cif,8k3k_D,seed2_r0,8k3k_d_sample_0.cif,0.07814
/mnt/data/msadepth/compreps/seedrep_cand/protenix/8k3k_D/d57/seed2_r1/results/8k3k_d/seed_0/predictions/8k3k_d_sample_3.cif,8k3k_D,seed2_r1,8k3k_d_sample_3.cif,0.06935
/mnt/data/msadepth/compreps/seedrep_cand/protenix/8k3k_D/d57/seed2_r2/results/8k3k_d/seed_0/predictions/8k3k_d_sample_4.cif,8k3k_D,seed2_r2,8k3k_d_sample_4.cif,0.06933
/mnt/data/msadepth/compreps/seedrep_cand/protenix/8k3k_D/d57/seed2_r0/results/8k3k_d/seed_0/predictions/8k3k_d_sample_4.cif,8k3k_D,seed2_r0,8k3k_d_sample_4.cif,0.06063
/mnt/data/msadepth/compreps/seedrep_cand/protenix/8k3k_D/d57/seed3_r1/results/8k3k_d/seed_0/predictions/8k3k_d_sample_4.cif,8k3k_D,seed3_r1,8k3k_d_sample_4.cif,0.04721
/mnt/data/msadepth/compreps/seedrep_cand/protenix/8k3k_D/d57/seed3_r3/results/8k3k_d/seed_0/predictions/8k3k_d_sample_4.cif,8k3k_D,seed3_r3,8k3k_d_sample_4.cif,0.06251
/mnt/data/msadepth/compreps/seedrep_cand/protenix/8k3k_D/d57/seed3_r0/results/8k3k_d/seed_0/predictions/8k3k_d_sample_0.cif,8k3k_D,seed3_r0,8k3k_d_sample_0.cif,0.05598
/mnt/data/msadepth/compreps/seedrep_cand/protenix/8k3k_D/d57/seed3_r3/results/8k3k_d/seed_0/predictions/8k3k_d_sample_2.cif,8k3k_D,seed3_r3,8k3k_d_sample_2.cif,0.06666
/mnt/data/msadepth/compreps/seedrep_cand/protenix/8k3k_D/d57/seed3_r2/results/8k3k_d/seed_0/predictions/8k3k_d_sample_3.cif,8k3k_D,seed3_r2,8k3k_d_sample_3.cif,0.11812
/mnt/data/msadepth/compreps/seedrep_cand/protenix/8k3k_D/d57/seed3_r2/results/8k3k_d/seed_0/predictions/8k3k_d_sample_4.cif,8k3k_D,seed3_r2,8k3k_d_sample_4.cif,0.13179
/mnt/data/msadepth/compreps/seedrep_cand/protenix/8k3k_D/d57/seed3_r0/results/8k3k_d/seed_0/predictions/8k3k_d_sample_3.cif,8k3k_D,seed3_r0,8k3k_d_sample_3.cif,0.08265
/mnt/data/msadepth/compreps/seedrep_cand/protenix/8k3k_D/d57/seed3_r2/results/8k3k_d/seed_0/predictions/8k3k_d_sample_0.cif,8k3k_D,seed3_r2,8k3k_d_sample_0.cif,0.11685
/mnt/data/msadepth/compreps/seedrep_cand/protenix/8k3k_D/d57/seed3_r1/results/8k3k_d/seed_0/predictions/8k3k_d_sample_3.cif,8k3k_D,seed3_r1,8k3k_d_sample_3.cif,0.05181
/mnt/data/msadepth/compreps/seedrep_cand/protenix/8k3k_D/d57/seed3_r0/results/8k3k_d/seed_0/predictions/8k3k_d_sample_1.cif,8k3k_D,seed3_r0,8k3k_d_sample_1.cif,0.11344
/mnt/data/msadepth/compreps/seedrep_cand/protenix/8k3k_D/d57/seed3_r2/results/8k3k_d/seed_0/predictions/8k3k_d_sample_2.cif,8k3k_D,seed3_r2,8k3k_d_sample_2.cif,0.0781
/mnt/data/msadepth/compreps/seedrep_cand/protenix/8k3k_D/d57/seed3_r0/results/8k3k_d/seed_0/predictions/8k3k_d_sample_4.cif,8k3k_D,seed3_r0,8k3k_d_sample_4.cif,0.09056
/mnt/data/msadepth/compreps/seedrep_cand/protenix/8k3k_D/d57/seed3_r3/results/8k3k_d/seed_0/predictions/8k3k_d_sample_3.cif,8k3k_D,seed3_r3,8k3k_d_sample_3.cif,0.04305
/mnt/data/msadepth/compreps/seedrep_cand/protenix/8k3k_D/d57/seed3_r1/results/8k3k_d/seed_0/predictions/8k3k_d_sample_2.cif,8k3k_D,seed3_r1,8k3k_d_sample_2.cif,0.06185
/mnt/data/msadepth/compreps/seedrep_cand/protenix/8k3k_D/d57/seed3_r3/results/8k3k_d/seed_0/predictions/8k3k_d_sample_1.cif,8k3k_D,seed3_r3,8k3k_d_sample_1.cif,0.04809
/mnt/data/msadepth/compreps/seedrep_cand/protenix/8k3k_D/d57/seed3_r2/results/8k3k_d/seed_0/predictions/8k3k_d_sample_1.cif,8k3k_D,seed3_r2,8k3k_d_sample_1.cif,0.04082
/mnt/data/msadepth/compreps/seedrep_cand/protenix/8k3k_D/d57/seed3_r1/results/8k3k_d/seed_0/predictions/8k3k_d_sample_1.cif,8k3k_D,seed3_r1,8k3k_d_sample_1.cif,0.07673
/mnt/data/msadepth/compreps/seedrep_cand/protenix/8k3k_D/d57/seed3_r0/results/8k3k_d/seed_0/predictions/8k3k_d_sample_2.cif,8k3k_D,seed3_r0,8k3k_d_sample_2.cif,0.06336
/mnt/data/msadepth/compreps/seedrep_cand/protenix/8k3k_D/d57/seed3_r3/results/8k3k_d/seed_0/predictions/8k3k_d_sample_0.cif,8k3k_D,seed3_r3,8k3k_d_sample_0.cif,0.03702
/mnt/data/msadepth/compreps/seedrep_cand/protenix/8k3k_D/d57/seed3_r1/results/8k3k_d/seed_0/predictions/8k3k_d_sample_0.cif,8k3k_D,seed3_r1,8k3k_d_sample_0.cif,0.10558
/mnt/data/msadepth/compreps/seedrep_cand/protenix/8k3k_D/d57/seed4_r2/results/8k3k_d/seed_0/predictions/8k3k_d_sample_4.cif,8k3k_D,seed4_r2,8k3k_d_sample_4.cif,0.04375
/mnt/data/msadepth/compreps/seedrep_cand/protenix/8k3k_D/d57/seed4_r3/results/8k3k_d/seed_0/predictions/8k3k_d_sample_1.cif,8k3k_D,seed4_r3,8k3k_d_sample_1.cif,0.07104
/mnt/data/msadepth/compreps/seedrep_cand/protenix/8k3k_D/d57/seed4_r2/results/8k3k_d/seed_0/predictions/8k3k_d_sample_2.cif,8k3k_D,seed4_r2,8k3k_d_sample_2.cif,0.05275
/mnt/data/msadepth/compreps/seedrep_cand/protenix/8k3k_D/d57/seed4_r1/results/8k3k_d/seed_0/predictions/8k3k_d_sample_0.cif,8k3k_D,seed4_r1,8k3k_d_sample_0.cif,0.02553
/mnt/data/msadepth/compreps/seedrep_cand/protenix/8k3k_D/d57/seed4_r0/results/8k3k_d/seed_0/predictions/8k3k_d_sample_0.cif,8k3k_D,seed4_r0,8k3k_d_sample_0.cif,0.02536
/mnt/data/msadepth/compreps/seedrep_cand/protenix/8k3k_D/d57/seed4_r1/results/8k3k_d/seed_0/predictions/8k3k_d_sample_1.cif,8k3k_D,seed4_r1,8k3k_d_sample_1.cif,0.05776
/mnt/data/msadepth/compreps/seedrep_cand/protenix/8k3k_D/d57/seed4_r3/results/8k3k_d/seed_0/predictions/8k3k_d_sample_3.cif,8k3k_D,seed4_r3,8k3k_d_sample_3.cif,0.04093
/mnt/data/msadepth/compreps/seedrep_cand/protenix/8k3k_D/d57/seed4_r1/results/8k3k_d/seed_0/predictions/8k3k_d_sample_3.cif,8k3k_D,seed4_r1,8k3k_d_sample_3.cif,0.03116
/mnt/data/msadepth/compreps/seedrep_cand/protenix/8k3k_D/d57/seed4_r3/results/8k3k_d/seed_0/predictions/8k3k_d_sample_4.cif,8k3k_D,seed4_r3,8k3k_d_sample_4.cif,0.04422
/mnt/data/msadepth/compreps/seedrep_cand/protenix/8k3k_D/d57/seed4_r0/results/8k3k_d/seed_0/predictions/8k3k_d_sample_3.cif,8k3k_D,seed4_r0,8k3k_d_sample_3.cif,0.11351
/mnt/data/msadepth/compreps/seedrep_cand/protenix/8k3k_D/d57/seed4_r2/results/8k3k_d/seed_0/predictions/8k3k_d_sample_3.cif,8k3k_D,seed4_r2,8k3k_d_sample_3.cif,0.09489
/mnt/data/msadepth/compreps/seedrep_cand/protenix/8k3k_D/d57/seed4_r0/results/8k3k_d/seed_0/predictions/8k3k_d_sample_1.cif,8k3k_D,seed4_r0,8k3k_d_sample_1.cif,0.02897
/mnt/data/msadepth/compreps/seedrep_cand/protenix/8k3k_D/d57/seed4_r1/results/8k3k_d/seed_0/predictions/8k3k_d_sample_2.cif,8k3k_D,seed4_r1,8k3k_d_sample_2.cif,0.03684
/mnt/data/msadepth/compreps/seedrep_cand/protenix/8k3k_D/d57/seed4_r2/results/8k3k_d/seed_0/predictions/8k3k_d_sample_1.cif,8k3k_D,seed4_r2,8k3k_d_sample_1.cif,0.11593
/mnt/data/msadepth/compreps/seedrep_cand/protenix/8k3k_D/d57/seed4_r2/results/8k3k_d/seed_0/predictions/8k3k_d_sample_0.cif,8k3k_D,seed4_r2,8k3k_d_sample_0.cif,0.04004
/mnt/data/msadepth/compreps/seedrep_cand/protenix/8k3k_D/d57/seed4_r0/results/8k3k_d/seed_0/predictions/8k3k_d_sample_2.cif,8k3k_D,seed4_r0,8k3k_d_sample_2.cif,0.03083
/mnt/data/msadepth/compreps/seedrep_cand/protenix/8k3k_D/d57/seed4_r3/results/8k3k_d/seed_0/predictions/8k3k_d_sample_2.cif,8k3k_D,seed4_r3,8k3k_d_sample_2.cif,0.10905
/mnt/data/msadepth/compreps/seedrep_cand/protenix/8k3k_D/d57/seed4_r0/results/8k3k_d/seed_0/predictions/8k3k_d_sample_4.cif,8k3k_D,seed4_r0,8k3k_d_sample_4.cif,0.2045
/mnt/data/msadepth/compreps/seedrep_cand/protenix/8k3k_D/d57/seed4_r3/results/8k3k_d/seed_0/predictions/8k3k_d_sample_0.cif,8k3k_D,seed4_r3,8k3k_d_sample_0.cif,0.11559
/mnt/data/msadepth/compreps/seedrep_cand/protenix/8k3k_D/d57/seed4_r1/results/8k3k_d/seed_0/predictions/8k3k_d_sample_4.cif,8k3k_D,seed4_r1,8k3k_d_sample_4.cif,0.08312
/mnt/data/msadepth/compreps/seedrep_cand/protenix/8k3k_D/d57/seed5_r1/results/8k3k_d/seed_0/predictions/8k3k_d_sample_0.cif,8k3k_D,seed5_r1,8k3k_d_sample_0.cif,0.06776
/mnt/data/msadepth/compreps/seedrep_cand/protenix/8k3k_D/d57/seed5_r2/results/8k3k_d/seed_0/predictions/8k3k_d_sample_2.cif,8k3k_D,seed5_r2,8k3k_d_sample_2.cif,0.10444
/mnt/data/msadepth/compreps/seedrep_cand/protenix/8k3k_D/d57/seed5_r2/results/8k3k_d/seed_0/predictions/8k3k_d_sample_4.cif,8k3k_D,seed5_r2,8k3k_d_sample_4.cif,0.04054
/mnt/data/msadepth/compreps/seedrep_cand/protenix/8k3k_D/d57/seed5_r1/results/8k3k_d/seed_0/predictions/8k3k_d_sample_2.cif,8k3k_D,seed5_r1,8k3k_d_sample_2.cif,0.30556
/mnt/data/msadepth/compreps/seedrep_cand/protenix/8k3k_D/d57/seed5_r1/results/8k3k_d/seed_0/predictions/8k3k_d_sample_4.cif,8k3k_D,seed5_r1,8k3k_d_sample_4.cif,0.05015
/mnt/data/msadepth/compreps/seedrep_cand/protenix/8k3k_D/d57/seed5_r1/results/8k3k_d/seed_0/predictions/8k3k_d_sample_1.cif,8k3k_D,seed5_r1,8k3k_d_sample_1.cif,0.06365
/mnt/data/msadepth/compreps/seedrep_cand/protenix/8k3k_D/d57/seed5_r0/results/8k3k_d/seed_0/predictions/8k3k_d_sample_2.cif,8k3k_D,seed5_r0,8k3k_d_sample_2.cif,0.03903
/mnt/data/msadepth/compreps/seedrep_cand/protenix/8k3k_D/d57/seed5_r2/results/8k3k_d/seed_0/predictions/8k3k_d_sample_3.cif,8k3k_D,seed5_r2,8k3k_d_sample_3.cif,0.18783
/mnt/data/msadepth/compreps/seedrep_cand/protenix/8k3k_D/d57/seed5_r0/results/8k3k_d/seed_0/predictions/8k3k_d_sample_4.cif,8k3k_D,seed5_r0,8k3k_d_sample_4.cif,0.0474
/mnt/data/msadepth/compreps/seedrep_cand/protenix/8k3k_D/d57/seed5_r0/results/8k3k_d/seed_0/predictions/8k3k_d_sample_1.cif,8k3k_D,seed5_r0,8k3k_d_sample_1.cif,0.04134
/mnt/data/msadepth/compreps/seedrep_cand/protenix/8k3k_D/d57/seed5_r0/results/8k3k_d/seed_0/predictions/8k3k_d_sample_0.cif,8k3k_D,seed5_r0,8k3k_d_sample_0.cif,0.15831
/mnt/data/msadepth/compreps/seedrep_cand/protenix/8k3k_D/d57/seed5_r3/results/8k3k_d/seed_0/predictions/8k3k_d_sample_3.cif,8k3k_D,seed5_r3,8k3k_d_sample_3.cif,0.19072
/mnt/data/msadepth/compreps/seedrep_cand/protenix/8k3k_D/d57/seed5_r2/results/8k3k_d/seed_0/predictions/8k3k_d_sample_0.cif,8k3k_D,seed5_r2,8k3k_d_sample_0.cif,0.04653
/mnt/data/msadepth/compreps/seedrep_cand/protenix/8k3k_D/d57/seed5_r2/results/8k3k_d/seed_0/predictions/8k3k_d_sample_1.cif,8k3k_D,seed5_r2,8k3k_d_sample_1.cif,0.10179
/mnt/data/msadepth/compreps/seedrep_cand/protenix/8k3k_D/d57/seed5_r3/results/8k3k_d/seed_0/predictions/8k3k_d_sample_1.cif,8k3k_D,seed5_r3,8k3k_d_sample_1.cif,0.11778
/mnt/data/msadepth/compreps/seedrep_cand/protenix/8k3k_D/d57/seed5_r3/results/8k3k_d/seed_0/predictions/8k3k_d_sample_0.cif,8k3k_D,seed5_r3,8k3k_d_sample_0.cif,0.0605
/mnt/data/msadepth/compreps/seedrep_cand/protenix/8k3k_D/d57/seed5_r0/results/8k3k_d/seed_0/predictions/8k3k_d_sample_3.cif,8k3k_D,seed5_r0,8k3k_d_sample_3.cif,0.17776
/mnt/data/msadepth/compreps/seedrep_cand/protenix/8k3k_D/d57/seed5_r1/results/8k3k_d/seed_0/predictions/8k3k_d_sample_3.cif,8k3k_D,seed5_r1,8k3k_d_sample_3.cif,0.07321
/mnt/data/msadepth/compreps/seedrep_cand/protenix/8k3k_D/d57/seed5_r3/results/8k3k_d/seed_0/predictions/8k3k_d_sample_4.cif,8k3k_D,seed5_r3,8k3k_d_sample_4.cif,0.04901
/mnt/data/msadepth/compreps/seedrep_cand/protenix/8k3k_D/d57/seed5_r3/results/8k3k_d/seed_0/predictions/8k3k_d_sample_2.cif,8k3k_D,seed5_r3,8k3k_d_sample_2.cif,0.18948
/mnt/data/msadepth/compreps/seedrep_cand/protenix/8k3k_D/d57/seedfull_r1/results/8k3k_d/seed_0/predictions/8k3k_d_sample_3.cif,8k3k_D,seedfull_r1,8k3k_d_sample_3.cif,0.22355
/mnt/data/msadepth/compreps/seedrep_cand/protenix/8k3k_D/d57/seedfull_r10/results/8k3k_d/seed_0/predictions/8k3k_d_sample_1.cif,8k3k_D,seedfull_r10,8k3k_d_sample_1.cif,0.10248
/mnt/data/msadepth/compreps/seedrep_cand/protenix/8k3k_D/d57/seedfull_r11/results/8k3k_d/seed_0/predictions/8k3k_d_sample_2.cif,8k3k_D,seedfull_r11,8k3k_d_sample_2.cif,0.05408
/mnt/data/msadepth/compreps/seedrep_cand/protenix/8k3k_D/d57/seedfull_r10/results/8k3k_d/seed_0/predictions/8k3k_d_sample_3.cif,8k3k_D,seedfull_r10,8k3k_d_sample_3.cif,0.24341
/mnt/data/msadepth/compreps/seedrep_cand/protenix/8k3k_D/d57/seedfull_r1/results/8k3k_d/seed_0/predictions/8k3k_d_sample_0.cif,8k3k_D,seedfull_r1,8k3k_d_sample_0.cif,0.10737
/mnt/data/msadepth/compreps/seedrep_cand/protenix/8k3k_D/d57/seedfull_r0/results/8k3k_d/seed_0/predictions/8k3k_d_sample_4.cif,8k3k_D,seedfull_r0,8k3k_d_sample_4.cif,0.12365
/mnt/data/msadepth/compreps/seedrep_cand/protenix/8k3k_D/d57/seedfull_r11/results/8k3k_d/seed_0/predictions/8k3k_d_sample_1.cif,8k3k_D,seedfull_r11,8k3k_d_sample_1.cif,0.12725
/mnt/data/msadepth/compreps/seedrep_cand/protenix/8k3k_D/d57/seedfull_r10/results/8k3k_d/seed_0/predictions/8k3k_d_sample_4.cif,8k3k_D,seedfull_r10,8k3k_d_sample_4.cif,0.1338
/mnt/data/msadepth/compreps/seedrep_cand/protenix/8k3k_D/d57/seedfull_r1/results/8k3k_d/seed_0/predictions/8k3k_d_sample_4.cif,8k3k_D,seedfull_r1,8k3k_d_sample_4.cif,0.12427
/mnt/data/msadepth/compreps/seedrep_cand/protenix/8k3k_D/d57/seedfull_r1/results/8k3k_d/seed_0/predictions/8k3k_d_sample_1.cif,8k3k_D,seedfull_r1,8k3k_d_sample_1.cif,0.07191
/mnt/data/msadepth/compreps/seedrep_cand/protenix/8k3k_D/d57/seedfull_r11/results/8k3k_d/seed_0/predictions/8k3k_d_sample_3.cif,8k3k_D,seedfull_r11,8k3k_d_sample_3.cif,0.15203
/mnt/data/msadepth/compreps/seedrep_cand/protenix/8k3k_D/d57/seedfull_r10/results/8k3k_d/seed_0/predictions/8k3k_d_sample_2.cif,8k3k_D,seedfull_r10,8k3k_d_sample_2.cif,0.10452
/mnt/data/msadepth/compreps/seedrep_cand/protenix/8k3k_D/d57/seedfull_r10/results/8k3k_d/seed_0/predictions/8k3k_d_sample_0.cif,8k3k_D,seedfull_r10,8k3k_d_sample_0.cif,0.05256
/mnt/data/msadepth/compreps/seedrep_cand/protenix/8k3k_D/d57/seedfull_r11/results/8k3k_d/seed_0/predictions/8k3k_d_sample_4.cif,8k3k_D,seedfull_r11,8k3k_d_sample_4.cif,0.10115
/mnt/data/msadepth/compreps/seedrep_cand/protenix/8k3k_D/d57/seedfull_r11/results/8k3k_d/seed_0/predictions/8k3k_d_sample_0.cif,8k3k_D,seedfull_r11,8k3k_d_sample_0.cif,0.0882
/mnt/data/msadepth/compreps/seedrep_cand/protenix/8k3k_D/d57/seedfull_r1/results/8k3k_d/seed_0/predictions/8k3k_d_sample_2.cif,8k3k_D,seedfull_r1,8k3k_d_sample_2.cif,0.09898
/mnt/data/msadepth/compreps/seedrep_cand/protenix/8k3k_D/d57/seedfull_r0/results/8k3k_d/seed_0/predictions/8k3k_d_sample_2.cif,8k3k_D,seedfull_r0,8k3k_d_sample_2.cif,0.06015
/mnt/data/msadepth/compreps/seedrep_cand/protenix/8k3k_D/d57/seedfull_r0/results/8k3k_d/seed_0/predictions/8k3k_d_sample_1.cif,8k3k_D,seedfull_r0,8k3k_d_sample_1.cif,0.15536
/mnt/data/msadepth/compreps/seedrep_cand/protenix/8k3k_D/d57/seedfull_r0/results/8k3k_d/seed_0/predictions/8k3k_d_sample_0.cif,8k3k_D,seedfull_r0,8k3k_d_sample_0.cif,0.12385
/mnt/data/msadepth/compreps/seedrep_cand/protenix/8k3k_D/d57/seedfull_r0/results/8k3k_d/seed_0/predictions/8k3k_d_sample_3.cif,8k3k_D,seedfull_r0,8k3k_d_sample_3.cif,0.19498
/mnt/data/msadepth/compreps/seedrep_cand/protenix/8k3k_D/d57/seedfull_r14/results/8k3k_d/seed_0/predictions/8k3k_d_sample_2.cif,8k3k_D,seedfull_r14,8k3k_d_sample_2.cif,0.09047
/mnt/data/msadepth/compreps/seedrep_cand/protenix/8k3k_D/d57/seedfull_r12/results/8k3k_d/seed_0/predictions/8k3k_d_sample_0.cif,8k3k_D,seedfull_r12,8k3k_d_sample_0.cif,0.12969
/mnt/data/msadepth/compreps/seedrep_cand/protenix/8k3k_D/d57/seedfull_r13/results/8k3k_d/seed_0/predictions/8k3k_d_sample_2.cif,8k3k_D,seedfull_r13,8k3k_d_sample_2.cif,0.10911
/mnt/data/msadepth/compreps/seedrep_cand/protenix/8k3k_D/d57/seedfull_r12/results/8k3k_d/seed_0/predictions/8k3k_d_sample_2.cif,8k3k_D,seedfull_r12,8k3k_d_sample_2.cif,0.04925
/mnt/data/msadepth/compreps/seedrep_cand/protenix/8k3k_D/d57/seedfull_r14/results/8k3k_d/seed_0/predictions/8k3k_d_sample_4.cif,8k3k_D,seedfull_r14,8k3k_d_sample_4.cif,0.23125
/mnt/data/msadepth/compreps/seedrep_cand/protenix/8k3k_D/d57/seedfull_r15/results/8k3k_d/seed_0/predictions/8k3k_d_sample_4.cif,8k3k_D,seedfull_r15,8k3k_d_sample_4.cif,0.14165
/mnt/data/msadepth/compreps/seedrep_cand/protenix/8k3k_D/d57/seedfull_r13/results/8k3k_d/seed_0/predictions/8k3k_d_sample_0.cif,8k3k_D,seedfull_r13,8k3k_d_sample_0.cif,0.13714
/mnt/data/msadepth/compreps/seedrep_cand/protenix/8k3k_D/d57/seedfull_r13/results/8k3k_d/seed_0/predictions/8k3k_d_sample_1.cif,8k3k_D,seedfull_r13,8k3k_d_sample_1.cif,0.10674
/mnt/data/msadepth/compreps/seedrep_cand/protenix/8k3k_D/d57/seedfull_r12/results/8k3k_d/seed_0/predictions/8k3k_d_sample_3.cif,8k3k_D,seedfull_r12,8k3k_d_sample_3.cif,0.15371
/mnt/data/msadepth/compreps/seedrep_cand/protenix/8k3k_D/d57/seedfull_r13/results/8k3k_d/seed_0/predictions/8k3k_d_sample_3.cif,8k3k_D,seedfull_r13,8k3k_d_sample_3.cif,0.24109
/mnt/data/msadepth/compreps/seedrep_cand/protenix/8k3k_D/d57/seedfull_r15/results/8k3k_d/seed_0/predictions/8k3k_d_sample_0.cif,8k3k_D,seedfull_r15,8k3k_d_sample_0.cif,0.06517
/mnt/data/msadepth/compreps/seedrep_cand/protenix/8k3k_D/d57/seedfull_r14/results/8k3k_d/seed_0/predictions/8k3k_d_sample_1.cif,8k3k_D,seedfull_r14,8k3k_d_sample_1.cif,0.08854
/mnt/data/msadepth/compreps/seedrep_cand/protenix/8k3k_D/d57/seedfull_r12/results/8k3k_d/seed_0/predictions/8k3k_d_sample_1.cif,8k3k_D,seedfull_r12,8k3k_d_sample_1.cif,0.14887
/mnt/data/msadepth/compreps/seedrep_cand/protenix/8k3k_D/d57/seedfull_r13/results/8k3k_d/seed_0/predictions/8k3k_d_sample_4.cif,8k3k_D,seedfull_r13,8k3k_d_sample_4.cif,0.07428
/mnt/data/msadepth/compreps/seedrep_cand/protenix/8k3k_D/d57/seedfull_r15/results/8k3k_d/seed_0/predictions/8k3k_d_sample_1.cif,8k3k_D,seedfull_r15,8k3k_d_sample_1.cif,0.0868
/mnt/data/msadepth/compreps/seedrep_cand/protenix/8k3k_D/d57/seedfull_r12/results/8k3k_d/seed_0/predictions/8k3k_d_sample_4.cif,8k3k_D,seedfull_r12,8k3k_d_sample_4.cif,0.10397
/mnt/data/msadepth/compreps/seedrep_cand/protenix/8k3k_D/d57/seedfull_r15/results/8k3k_d/seed_0/predictions/8k3k_d_sample_3.cif,8k3k_D,seedfull_r15,8k3k_d_sample_3.cif,0.14637
/mnt/data/msadepth/compreps/seedrep_cand/protenix/8k3k_D/d57/seedfull_r14/results/8k3k_d/seed_0/predictions/8k3k_d_sample_0.cif,8k3k_D,seedfull_r14,8k3k_d_sample_0.cif,0.052
/mnt/data/msadepth/compreps/seedrep_cand/protenix/8k3k_D/d57/seedfull_r14/results/8k3k_d/seed_0/predictions/8k3k_d_sample_3.cif,8k3k_D,seedfull_r14,8k3k_d_sample_3.cif,0.04233
/mnt/data/msadepth/compreps/seedrep_cand/protenix/8k3k_D/d57/seedfull_r15/results/8k3k_d/seed_0/predictions/8k3k_d_sample_2.cif,8k3k_D,seedfull_r15,8k3k_d_sample_2.cif,0.04786
/mnt/data/msadepth/compreps/seedrep_cand/protenix/8k3k_D/d57/seedfull_r18/results/8k3k_d/seed_0/predictions/8k3k_d_sample_4.cif,8k3k_D,seedfull_r18,8k3k_d_sample_4.cif,0.06945
/mnt/data/msadepth/compreps/seedrep_cand/protenix/8k3k_D/d57/seedfull_r19/results/8k3k_d/seed_0/predictions/8k3k_d_sample_1.cif,8k3k_D,seedfull_r19,8k3k_d_sample_1.cif,0.10121
/mnt/data/msadepth/compreps/seedrep_cand/protenix/8k3k_D/d57/seedfull_r16/results/8k3k_d/seed_0/predictions/8k3k_d_sample_4.cif,8k3k_D,seedfull_r16,8k3k_d_sample_4.cif,0.10444
/mnt/data/msadepth/compreps/seedrep_cand/protenix/8k3k_D/d57/seedfull_r16/results/8k3k_d/seed_0/predictions/8k3k_d_sample_0.cif,8k3k_D,seedfull_r16,8k3k_d_sample_0.cif,0.05385
/mnt/data/msadepth/compreps/seedrep_cand/protenix/8k3k_D/d57/seedfull_r16/results/8k3k_d/seed_0/predictions/8k3k_d_sample_2.cif,8k3k_D,seedfull_r16,8k3k_d_sample_2.cif,0.13013
/mnt/data/msadepth/compreps/seedrep_cand/protenix/8k3k_D/d57/seedfull_r18/results/8k3k_d/seed_0/predictions/8k3k_d_sample_0.cif,8k3k_D,seedfull_r18,8k3k_d_sample_0.cif,0.11707
/mnt/data/msadepth/compreps/seedrep_cand/protenix/8k3k_D/d57/seedfull_r17/results/8k3k_d/seed_0/predictions/8k3k_d_sample_1.cif,8k3k_D,seedfull_r17,8k3k_d_sample_1.cif,0.11355
/mnt/data/msadepth/compreps/seedrep_cand/protenix/8k3k_D/d57/seedfull_r18/results/8k3k_d/seed_0/predictions/8k3k_d_sample_3.cif,8k3k_D,seedfull_r18,8k3k_d_sample_3.cif,0.18138
/mnt/data/msadepth/compreps/seedrep_cand/protenix/8k3k_D/d57/seedfull_r17/results/8k3k_d/seed_0/predictions/8k3k_d_sample_3.cif,8k3k_D,seedfull_r17,8k3k_d_sample_3.cif,0.20011
/mnt/data/msadepth/compreps/seedrep_cand/protenix/8k3k_D/d57/seedfull_r17/results/8k3k_d/seed_0/predictions/8k3k_d_sample_4.cif,8k3k_D,seedfull_r17,8k3k_d_sample_4.cif,0.05115
/mnt/data/msadepth/compreps/seedrep_cand/protenix/8k3k_D/d57/seedfull_r18/results/8k3k_d/seed_0/predictions/8k3k_d_sample_1.cif,8k3k_D,seedfull_r18,8k3k_d_sample_1.cif,0.11479
/mnt/data/msadepth/compreps/seedrep_cand/protenix/8k3k_D/d57/seedfull_r19/results/8k3k_d/seed_0/predictions/8k3k_d_sample_4.cif,8k3k_D,seedfull_r19,8k3k_d_sample_4.cif,0.11198
/mnt/data/msadepth/compreps/seedrep_cand/protenix/8k3k_D/d57/seedfull_r19/results/8k3k_d/seed_0/predictions/8k3k_d_sample_0.cif,8k3k_D,seedfull_r19,8k3k_d_sample_0.cif,0.06013
/mnt/data/msadepth/compreps/seedrep_cand/protenix/8k3k_D/d57/seedfull_r16/results/8k3k_d/seed_0/predictions/8k3k_d_sample_1.cif,8k3k_D,seedfull_r16,8k3k_d_sample_1.cif,0.12209
/mnt/data/msadepth/compreps/seedrep_cand/protenix/8k3k_D/d57/seedfull_r17/results/8k3k_d/seed_0/predictions/8k3k_d_sample_2.cif,8k3k_D,seedfull_r17,8k3k_d_sample_2.cif,0.10696
/mnt/data/msadepth/compreps/seedrep_cand/protenix/8k3k_D/d57/seedfull_r19/results/8k3k_d/seed_0/predictions/8k3k_d_sample_2.cif,8k3k_D,seedfull_r19,8k3k_d_sample_2.cif,0.18547
/mnt/data/msadepth/compreps/seedrep_cand/protenix/8k3k_D/d57/seedfull_r18/results/8k3k_d/seed_0/predictions/8k3k_d_sample_2.cif,8k3k_D,seedfull_r18,8k3k_d_sample_2.cif,0.06561
/mnt/data/msadepth/compreps/seedrep_cand/protenix/8k3k_D/d57/seedfull_r17/results/8k3k_d/seed_0/predictions/8k3k_d_sample_0.cif,8k3k_D,seedfull_r17,8k3k_d_sample_0.cif,0.05888
/mnt/data/msadepth/compreps/seedrep_cand/protenix/8k3k_D/d57/seedfull_r16/results/8k3k_d/seed_0/predictions/8k3k_d_sample_3.cif,8k3k_D,seedfull_r16,8k3k_d_sample_3.cif,0.22208
/mnt/data/msadepth/compreps/seedrep_cand/protenix/8k3k_D/d57/seedfull_r19/results/8k3k_d/seed_0/predictions/8k3k_d_sample_3.cif,8k3k_D,seedfull_r19,8k3k_d_sample_3.cif,0.11546
/mnt/data/msadepth/compreps/seedrep_cand/protenix/8k3k_D/d57/seedfull_r3/results/8k3k_d/seed_0/predictions/8k3k_d_sample_3.cif,8k3k_D,seedfull_r3,8k3k_d_sample_3.cif,0.13758
/mnt/data/msadepth/compreps/seedrep_cand/protenix/8k3k_D/d57/seedfull_r3/results/8k3k_d/seed_0/predictions/8k3k_d_sample_1.cif,8k3k_D,seedfull_r3,8k3k_d_sample_1.cif,0.07513
/mnt/data/msadepth/compreps/seedrep_cand/protenix/8k3k_D/d57/seedfull_r2/results/8k3k_d/seed_0/predictions/8k3k_d_sample_0.cif,8k3k_D,seedfull_r2,8k3k_d_sample_0.cif,0.09693
/mnt/data/msadepth/compreps/seedrep_cand/protenix/8k3k_D/d57/seedfull_r2/results/8k3k_d/seed_0/predictions/8k3k_d_sample_2.cif,8k3k_D,seedfull_r2,8k3k_d_sample_2.cif,0.12
/mnt/data/msadepth/compreps/seedrep_cand/protenix/8k3k_D/d57/seedfull_r5/results/8k3k_d/seed_0/predictions/8k3k_d_sample_2.cif,8k3k_D,seedfull_r5,8k3k_d_sample_2.cif,0.04322
/mnt/data/msadepth/compreps/seedrep_cand/protenix/8k3k_D/d57/seedfull_r3/results/8k3k_d/seed_0/predictions/8k3k_d_sample_4.cif,8k3k_D,seedfull_r3,8k3k_d_sample_4.cif,0.08692
/mnt/data/msadepth/compreps/seedrep_cand/protenix/8k3k_D/d57/seedfull_r4/results/8k3k_d/seed_0/predictions/8k3k_d_sample_3.cif,8k3k_D,seedfull_r4,8k3k_d_sample_3.cif,0.13026
/mnt/data/msadepth/compreps/seedrep_cand/protenix/8k3k_D/d57/seedfull_r2/results/8k3k_d/seed_0/predictions/8k3k_d_sample_3.cif,8k3k_D,seedfull_r2,8k3k_d_sample_3.cif,0.12503
/mnt/data/msadepth/compreps/seedrep_cand/protenix/8k3k_D/d57/seedfull_r5/results/8k3k_d/seed_0/predictions/8k3k_d_sample_4.cif,8k3k_D,seedfull_r5,8k3k_d_sample_4.cif,0.1492
/mnt/data/msadepth/compreps/seedrep_cand/protenix/8k3k_D/d57/seedfull_r4/results/8k3k_d/seed_0/predictions/8k3k_d_sample_2.cif,8k3k_D,seedfull_r4,8k3k_d_sample_2.cif,0.10162
/mnt/data/msadepth/compreps/seedrep_cand/protenix/8k3k_D/d57/seedfull_r5/results/8k3k_d/seed_0/predictions/8k3k_d_sample_3.cif,8k3k_D,seedfull_r5,8k3k_d_sample_3.cif,0.15318
/mnt/data/msadepth/compreps/seedrep_cand/protenix/8k3k_D/d57/seedfull_r4/results/8k3k_d/seed_0/predictions/8k3k_d_sample_0.cif,8k3k_D,seedfull_r4,8k3k_d_sample_0.cif,0.05411
/mnt/data/msadepth/compreps/seedrep_cand/protenix/8k3k_D/d57/seedfull_r5/results/8k3k_d/seed_0/predictions/8k3k_d_sample_1.cif,8k3k_D,seedfull_r5,8k3k_d_sample_1.cif,0.11858
/mnt/data/msadepth/compreps/seedrep_cand/protenix/8k3k_D/d57/seedfull_r2/results/8k3k_d/seed_0/predictions/8k3k_d_sample_4.cif,8k3k_D,seedfull_r2,8k3k_d_sample_4.cif,0.04887
/mnt/data/msadepth/compreps/seedrep_cand/protenix/8k3k_D/d57/seedfull_r3/results/8k3k_d/seed_0/predictions/8k3k_d_sample_2.cif,8k3k_D,seedfull_r3,8k3k_d_sample_2.cif,0.10178
/mnt/data/msadepth/compreps/seedrep_cand/protenix/8k3k_D/d57/seedfull_r3/results/8k3k_d/seed_0/predictions/8k3k_d_sample_0.cif,8k3k_D,seedfull_r3,8k3k_d_sample_0.cif,0.07941
/mnt/data/msadepth/compreps/seedrep_cand/protenix/8k3k_D/d57/seedfull_r5/results/8k3k_d/seed_0/predictions/8k3k_d_sample_0.cif,8k3k_D,seedfull_r5,8k3k_d_sample_0.cif,0.05715
/mnt/data/msadepth/compreps/seedrep_cand/protenix/8k3k_D/d57/seedfull_r2/results/8k3k_d/seed_0/predictions/8k3k_d_sample_1.cif,8k3k_D,seedfull_r2,8k3k_d_sample_1.cif,0.06263
/mnt/data/msadepth/compreps/seedrep_cand/protenix/8k3k_D/d57/seedfull_r4/results/8k3k_d/seed_0/predictions/8k3k_d_sample_4.cif,8k3k_D,seedfull_r4,8k3k_d_sample_4.cif,0.04896
/mnt/data/msadepth/compreps/seedrep_cand/protenix/8k3k_D/d57/seedfull_r4/results/8k3k_d/seed_0/predictions/8k3k_d_sample_1.cif,8k3k_D,seedfull_r4,8k3k_d_sample_1.cif,0.09373
/mnt/data/msadepth/compreps/seedrep_cand/protenix/8k3k_D/d57/seedfull_r6/results/8k3k_d/seed_0/predictions/8k3k_d_sample_0.cif,8k3k_D,seedfull_r6,8k3k_d_sample_0.cif,0.13772
/mnt/data/msadepth/compreps/seedrep_cand/protenix/8k3k_D/d57/seedfull_r7/results/8k3k_d/seed_0/predictions/8k3k_d_sample_1.cif,8k3k_D,seedfull_r7,8k3k_d_sample_1.cif,0.13209
/mnt/data/msadepth/compreps/seedrep_cand/protenix/8k3k_D/d57/seedfull_r9/results/8k3k_d/seed_0/predictions/8k3k_d_sample_2.cif,8k3k_D,seedfull_r9,8k3k_d_sample_2.cif,0.05362
/mnt/data/msadepth/compreps/seedrep_cand/protenix/8k3k_D/d57/seedfull_r8/results/8k3k_d/seed_0/predictions/8k3k_d_sample_2.cif,8k3k_D,seedfull_r8,8k3k_d_sample_2.cif,0.05984
/mnt/data/msadepth/compreps/seedrep_cand/protenix/8k3k_D/d57/seedfull_r6/results/8k3k_d/seed_0/predictions/8k3k_d_sample_1.cif,8k3k_D,seedfull_r6,8k3k_d_sample_1.cif,0.05716
/mnt/data/msadepth/compreps/seedrep_cand/protenix/8k3k_D/d57/seedfull_r8/results/8k3k_d/seed_0/predictions/8k3k_d_sample_4.cif,8k3k_D,seedfull_r8,8k3k_d_sample_4.cif,0.07513
/mnt/data/msadepth/compreps/seedrep_cand/protenix/8k3k_D/d57/seedfull_r6/results/8k3k_d/seed_0/predictions/8k3k_d_sample_3.cif,8k3k_D,seedfull_r6,8k3k_d_sample_3.cif,0.23445
/mnt/data/msadepth/compreps/seedrep_cand/protenix/8k3k_D/d57/seedfull_r8/results/8k3k_d/seed_0/predictions/8k3k_d_sample_3.cif,8k3k_D,seedfull_r8,8k3k_d_sample_3.cif,0.15864
/mnt/data/msadepth/compreps/seedrep_cand/protenix/8k3k_D/d57/seedfull_r8/results/8k3k_d/seed_0/predictions/8k3k_d_sample_1.cif,8k3k_D,seedfull_r8,8k3k_d_sample_1.cif,0.1494
/mnt/data/msadepth/compreps/seedrep_cand/protenix/8k3k_D/d57/seedfull_r7/results/8k3k_d/seed_0/predictions/8k3k_d_sample_0.cif,8k3k_D,seedfull_r7,8k3k_d_sample_0.cif,0.0573
/mnt/data/msadepth/compreps/seedrep_cand/protenix/8k3k_D/d57/seedfull_r6/results/8k3k_d/seed_0/predictions/8k3k_d_sample_2.cif,8k3k_D,seedfull_r6,8k3k_d_sample_2.cif,0.11296
/mnt/data/msadepth/compreps/seedrep_cand/protenix/8k3k_D/d57/seedfull_r9/results/8k3k_d/seed_0/predictions/8k3k_d_sample_1.cif,8k3k_D,seedfull_r9,8k3k_d_sample_1.cif,0.10263
/mnt/data/msadepth/compreps/seedrep_cand/protenix/8k3k_D/d57/seedfull_r9/results/8k3k_d/seed_0/predictions/8k3k_d_sample_3.cif,8k3k_D,seedfull_r9,8k3k_d_sample_3.cif,0.18043
/mnt/data/msadepth/compreps/seedrep_cand/protenix/8k3k_D/d57/seedfull_r6/results/8k3k_d/seed_0/predictions/8k3k_d_sample_4.cif,8k3k_D,seedfull_r6,8k3k_d_sample_4.cif,0.13256
/mnt/data/msadepth/compreps/seedrep_cand/protenix/8k3k_D/d57/seedfull_r9/results/8k3k_d/seed_0/predictions/8k3k_d_sample_0.cif,8k3k_D,seedfull_r9,8k3k_d_sample_0.cif,0.09751
/mnt/data/msadepth/compreps/seedrep_cand/protenix/8k3k_D/d57/seedfull_r9/results/8k3k_d/seed_0/predictions/8k3k_d_sample_4.cif,8k3k_D,seedfull_r9,8k3k_d_sample_4.cif,0.18692
/mnt/data/msadepth/compreps/seedrep_cand/protenix/8k3k_D/d57/seedfull_r7/results/8k3k_d/seed_0/predictions/8k3k_d_sample_2.cif,8k3k_D,seedfull_r7,8k3k_d_sample_2.cif,0.06871
/mnt/data/msadepth/compreps/seedrep_cand/protenix/8k3k_D/d57/seedfull_r7/results/8k3k_d/seed_0/predictions/8k3k_d_sample_4.cif,8k3k_D,seedfull_r7,8k3k_d_sample_4.cif,0.0564
/mnt/data/msadepth/compreps/seedrep_cand/protenix/8k3k_D/d57/seedfull_r7/results/8k3k_d/seed_0/predictions/8k3k_d_sample_3.cif,8k3k_D,seedfull_r7,8k3k_d_sample_3.cif,0.10859
/mnt/data/msadepth/compreps/seedrep_cand/protenix/8k3k_D/d57/seedfull_r8/results/8k3k_d/seed_0/predictions/8k3k_d_sample_0.cif,8k3k_D,seedfull_r8,8k3k_d_sample_0.cif,0.11902
/mnt/data/msadepth/compreps/seedrep_cand/protenix/8k46_I/d23/seed0_r1/results/8k46_i/seed_0/predictions/8k46_i_sample_1.cif,8k46_I,seed0_r1,8k46_i_sample_1.cif,0.02609
/mnt/data/msadepth/compreps/seedrep_cand/protenix/8k46_I/d23/seed0_r1/results/8k46_i/seed_0/predictions/8k46_i_sample_4.cif,8k46_I,seed0_r1,8k46_i_sample_4.cif,0.05109
/mnt/data/msadepth/compreps/seedrep_cand/protenix/8k46_I/d23/seed0_r2/results/8k46_i/seed_0/predictions/8k46_i_sample_2.cif,8k46_I,seed0_r2,8k46_i_sample_2.cif,0.05976
/mnt/data/msadepth/compreps/seedrep_cand/protenix/8k46_I/d23/seed0_r2/results/8k46_i/seed_0/predictions/8k46_i_sample_1.cif,8k46_I,seed0_r2,8k46_i_sample_1.cif,0.02792
/mnt/data/msadepth/compreps/seedrep_cand/protenix/8k46_I/d23/seed0_r0/results/8k46_i/seed_0/predictions/8k46_i_sample_2.cif,8k46_I,seed0_r0,8k46_i_sample_2.cif,0.10242
/mnt/data/msadepth/compreps/seedrep_cand/protenix/8k46_I/d23/seed0_r1/results/8k46_i/seed_0/predictions/8k46_i_sample_3.cif,8k46_I,seed0_r1,8k46_i_sample_3.cif,0.11901
/mnt/data/msadepth/compreps/seedrep_cand/protenix/8k46_I/d23/seed0_r1/results/8k46_i/seed_0/predictions/8k46_i_sample_2.cif,8k46_I,seed0_r1,8k46_i_sample_2.cif,0.06667
/mnt/data/msadepth/compreps/seedrep_cand/protenix/8k46_I/d23/seed0_r2/results/8k46_i/seed_0/predictions/8k46_i_sample_0.cif,8k46_I,seed0_r2,8k46_i_sample_0.cif,0.04779
/mnt/data/msadepth/compreps/seedrep_cand/protenix/8k46_I/d23/seed0_r0/results/8k46_i/seed_0/predictions/8k46_i_sample_4.cif,8k46_I,seed0_r0,8k46_i_sample_4.cif,0.05496
/mnt/data/msadepth/compreps/seedrep_cand/protenix/8k46_I/d23/seed0_r2/results/8k46_i/seed_0/predictions/8k46_i_sample_4.cif,8k46_I,seed0_r2,8k46_i_sample_4.cif,0.0627
/mnt/data/msadepth/compreps/seedrep_cand/protenix/8k46_I/d23/seed0_r0/results/8k46_i/seed_0/predictions/8k46_i_sample_0.cif,8k46_I,seed0_r0,8k46_i_sample_0.cif,0.05477
/mnt/data/msadepth/compreps/seedrep_cand/protenix/8k46_I/d23/seed0_r3/results/8k46_i/seed_0/predictions/8k46_i_sample_2.cif,8k46_I,seed0_r3,8k46_i_sample_2.cif,0.04171
/mnt/data/msadepth/compreps/seedrep_cand/protenix/8k46_I/d23/seed0_r0/results/8k46_i/seed_0/predictions/8k46_i_sample_1.cif,8k46_I,seed0_r0,8k46_i_sample_1.cif,0.02843
/mnt/data/msadepth/compreps/seedrep_cand/protenix/8k46_I/d23/seed0_r3/results/8k46_i/seed_0/predictions/8k46_i_sample_0.cif,8k46_I,seed0_r3,8k46_i_sample_0.cif,0.06517
/mnt/data/msadepth/compreps/seedrep_cand/protenix/8k46_I/d23/seed0_r3/results/8k46_i/seed_0/predictions/8k46_i_sample_3.cif,8k46_I,seed0_r3,8k46_i_sample_3.cif,0.19673
/mnt/data/msadepth/compreps/seedrep_cand/protenix/8k46_I/d23/seed0_r3/results/8k46_i/seed_0/predictions/8k46_i_sample_4.cif,8k46_I,seed0_r3,8k46_i_sample_4.cif,0.03144
/mnt/data/msadepth/compreps/seedrep_cand/protenix/8k46_I/d23/seed0_r0/results/8k46_i/seed_0/predictions/8k46_i_sample_3.cif,8k46_I,seed0_r0,8k46_i_sample_3.cif,0.06561
/mnt/data/msadepth/compreps/seedrep_cand/protenix/8k46_I/d23/seed0_r3/results/8k46_i/seed_0/predictions/8k46_i_sample_1.cif,8k46_I,seed0_r3,8k46_i_sample_1.cif,0.03695
/mnt/data/msadepth/compreps/seedrep_cand/protenix/8k46_I/d23/seed0_r2/results/8k46_i/seed_0/predictions/8k46_i_sample_3.cif,8k46_I,seed0_r2,8k46_i_sample_3.cif,0.0601
/mnt/data/msadepth/compreps/seedrep_cand/protenix/8k46_I/d23/seed0_r1/results/8k46_i/seed_0/predictions/8k46_i_sample_0.cif,8k46_I,seed0_r1,8k46_i_sample_0.cif,0.06922
/mnt/data/msadepth/compreps/seedrep_cand/protenix/8k46_I/d23/seed1_r1/results/8k46_i/seed_0/predictions/8k46_i_sample_4.cif,8k46_I,seed1_r1,8k46_i_sample_4.cif,0.02684
/mnt/data/msadepth/compreps/seedrep_cand/protenix/8k46_I/d23/seed1_r3/results/8k46_i/seed_0/predictions/8k46_i_sample_2.cif,8k46_I,seed1_r3,8k46_i_sample_2.cif,0.04481
/mnt/data/msadepth/compreps/seedrep_cand/protenix/8k46_I/d23/seed1_r3/results/8k46_i/seed_0/predictions/8k46_i_sample_4.cif,8k46_I,seed1_r3,8k46_i_sample_4.cif,0.05645
/mnt/data/msadepth/compreps/seedrep_cand/protenix/8k46_I/d23/seed1_r3/results/8k46_i/seed_0/predictions/8k46_i_sample_0.cif,8k46_I,seed1_r3,8k46_i_sample_0.cif,0.2642
/mnt/data/msadepth/compreps/seedrep_cand/protenix/8k46_I/d23/seed1_r0/results/8k46_i/seed_0/predictions/8k46_i_sample_2.cif,8k46_I,seed1_r0,8k46_i_sample_2.cif,0.03596
/mnt/data/msadepth/compreps/seedrep_cand/protenix/8k46_I/d23/seed1_r3/results/8k46_i/seed_0/predictions/8k46_i_sample_3.cif,8k46_I,seed1_r3,8k46_i_sample_3.cif,0.0611
/mnt/data/msadepth/compreps/seedrep_cand/protenix/8k46_I/d23/seed1_r1/results/8k46_i/seed_0/predictions/8k46_i_sample_2.cif,8k46_I,seed1_r1,8k46_i_sample_2.cif,0.0307
/mnt/data/msadepth/compreps/seedrep_cand/protenix/8k46_I/d23/seed1_r2/results/8k46_i/seed_0/predictions/8k46_i_sample_4.cif,8k46_I,seed1_r2,8k46_i_sample_4.cif,0.04844
/mnt/data/msadepth/compreps/seedrep_cand/protenix/8k46_I/d23/seed1_r0/results/8k46_i/seed_0/predictions/8k46_i_sample_1.cif,8k46_I,seed1_r0,8k46_i_sample_1.cif,0.08806
/mnt/data/msadepth/compreps/seedrep_cand/protenix/8k46_I/d23/seed1_r3/results/8k46_i/seed_0/predictions/8k46_i_sample_1.cif,8k46_I,seed1_r3,8k46_i_sample_1.cif,0.22198
/mnt/data/msadepth/compreps/seedrep_cand/protenix/8k46_I/d23/seed1_r2/results/8k46_i/seed_0/predictions/8k46_i_sample_3.cif,8k46_I,seed1_r2,8k46_i_sample_3.cif,0.02594
/mnt/data/msadepth/compreps/seedrep_cand/protenix/8k46_I/d23/seed1_r2/results/8k46_i/seed_0/predictions/8k46_i_sample_2.cif,8k46_I,seed1_r2,8k46_i_sample_2.cif,0.04996
/mnt/data/msadepth/compreps/seedrep_cand/protenix/8k46_I/d23/seed1_r1/results/8k46_i/seed_0/predictions/8k46_i_sample_1.cif,8k46_I,seed1_r1,8k46_i_sample_1.cif,0.10081
/mnt/data/msadepth/compreps/seedrep_cand/protenix/8k46_I/d23/seed1_r0/results/8k46_i/seed_0/predictions/8k46_i_sample_4.cif,8k46_I,seed1_r0,8k46_i_sample_4.cif,0.02745
/mnt/data/msadepth/compreps/seedrep_cand/protenix/8k46_I/d23/seed1_r2/results/8k46_i/seed_0/predictions/8k46_i_sample_0.cif,8k46_I,seed1_r2,8k46_i_sample_0.cif,0.16916
/mnt/data/msadepth/compreps/seedrep_cand/protenix/8k46_I/d23/seed1_r1/results/8k46_i/seed_0/predictions/8k46_i_sample_3.cif,8k46_I,seed1_r1,8k46_i_sample_3.cif,0.05411
/mnt/data/msadepth/compreps/seedrep_cand/protenix/8k46_I/d23/seed1_r0/results/8k46_i/seed_0/predictions/8k46_i_sample_3.cif,8k46_I,seed1_r0,8k46_i_sample_3.cif,0.08581
/mnt/data/msadepth/compreps/seedrep_cand/protenix/8k46_I/d23/seed1_r2/results/8k46_i/seed_0/predictions/8k46_i_sample_1.cif,8k46_I,seed1_r2,8k46_i_sample_1.cif,0.20654
/mnt/data/msadepth/compreps/seedrep_cand/protenix/8k46_I/d23/seed1_r1/results/8k46_i/seed_0/predictions/8k46_i_sample_0.cif,8k46_I,seed1_r1,8k46_i_sample_0.cif,0.20816
/mnt/data/msadepth/compreps/seedrep_cand/protenix/8k46_I/d23/seed1_r0/results/8k46_i/seed_0/predictions/8k46_i_sample_0.cif,8k46_I,seed1_r0,8k46_i_sample_0.cif,0.1587
/mnt/data/msadepth/compreps/seedrep_cand/protenix/8k46_I/d23/seed2_r2/results/8k46_i/seed_0/predictions/8k46_i_sample_2.cif,8k46_I,seed2_r2,8k46_i_sample_2.cif,0.08785
/mnt/data/msadepth/compreps/seedrep_cand/protenix/8k46_I/d23/seed2_r0/results/8k46_i/seed_0/predictions/8k46_i_sample_1.cif,8k46_I,seed2_r0,8k46_i_sample_1.cif,0.11595
/mnt/data/msadepth/compreps/seedrep_cand/protenix/8k46_I/d23/seed2_r1/results/8k46_i/seed_0/predictions/8k46_i_sample_1.cif,8k46_I,seed2_r1,8k46_i_sample_1.cif,0.2205
/mnt/data/msadepth/compreps/seedrep_cand/protenix/8k46_I/d23/seed2_r1/results/8k46_i/seed_0/predictions/8k46_i_sample_4.cif,8k46_I,seed2_r1,8k46_i_sample_4.cif,0.05899
/mnt/data/msadepth/compreps/seedrep_cand/protenix/8k46_I/d23/seed2_r2/results/8k46_i/seed_0/predictions/8k46_i_sample_3.cif,8k46_I,seed2_r2,8k46_i_sample_3.cif,0.10589
/mnt/data/msadepth/compreps/seedrep_cand/protenix/8k46_I/d23/seed2_r0/results/8k46_i/seed_0/predictions/8k46_i_sample_2.cif,8k46_I,seed2_r0,8k46_i_sample_2.cif,0.07498
/mnt/data/msadepth/compreps/seedrep_cand/protenix/8k46_I/d23/seed2_r3/results/8k46_i/seed_0/predictions/8k46_i_sample_2.cif,8k46_I,seed2_r3,8k46_i_sample_2.cif,0.1788
/mnt/data/msadepth/compreps/seedrep_cand/protenix/8k46_I/d23/seed2_r3/results/8k46_i/seed_0/predictions/8k46_i_sample_1.cif,8k46_I,seed2_r3,8k46_i_sample_1.cif,0.10956
/mnt/data/msadepth/compreps/seedrep_cand/protenix/8k46_I/d23/seed2_r3/results/8k46_i/seed_0/predictions/8k46_i_sample_3.cif,8k46_I,seed2_r3,8k46_i_sample_3.cif,0.03177
/mnt/data/msadepth/compreps/seedrep_cand/protenix/8k46_I/d23/seed2_r1/results/8k46_i/seed_0/predictions/8k46_i_sample_2.cif,8k46_I,seed2_r1,8k46_i_sample_2.cif,0.04694
/mnt/data/msadepth/compreps/seedrep_cand/protenix/8k46_I/d23/seed2_r2/results/8k46_i/seed_0/predictions/8k46_i_sample_1.cif,8k46_I,seed2_r2,8k46_i_sample_1.cif,0.12029
/mnt/data/msadepth/compreps/seedrep_cand/protenix/8k46_I/d23/seed2_r2/results/8k46_i/seed_0/predictions/8k46_i_sample_0.cif,8k46_I,seed2_r2,8k46_i_sample_0.cif,0.16132
/mnt/data/msadepth/compreps/seedrep_cand/protenix/8k46_I/d23/seed2_r1/results/8k46_i/seed_0/predictions/8k46_i_sample_0.cif,8k46_I,seed2_r1,8k46_i_sample_0.cif,0.05467
/mnt/data/msadepth/compreps/seedrep_cand/protenix/8k46_I/d23/seed2_r3/results/8k46_i/seed_0/predictions/8k46_i_sample_0.cif,8k46_I,seed2_r3,8k46_i_sample_0.cif,0.20767
/mnt/data/msadepth/compreps/seedrep_cand/protenix/8k46_I/d23/seed2_r0/results/8k46_i/seed_0/predictions/8k46_i_sample_3.cif,8k46_I,seed2_r0,8k46_i_sample_3.cif,0.03073
/mnt/data/msadepth/compreps/seedrep_cand/protenix/8k46_I/d23/seed2_r3/results/8k46_i/seed_0/predictions/8k46_i_sample_4.cif,8k46_I,seed2_r3,8k46_i_sample_4.cif,0.24459
/mnt/data/msadepth/compreps/seedrep_cand/protenix/8k46_I/d23/seed2_r0/results/8k46_i/seed_0/predictions/8k46_i_sample_0.cif,8k46_I,seed2_r0,8k46_i_sample_0.cif,0.19464
/mnt/data/msadepth/compreps/seedrep_cand/protenix/8k46_I/d23/seed2_r1/results/8k46_i/seed_0/predictions/8k46_i_sample_3.cif,8k46_I,seed2_r1,8k46_i_sample_3.cif,0.02452
/mnt/data/msadepth/compreps/seedrep_cand/protenix/8k46_I/d23/seed2_r2/results/8k46_i/seed_0/predictions/8k46_i_sample_4.cif,8k46_I,seed2_r2,8k46_i_sample_4.cif,0.05462
/mnt/data/msadepth/compreps/seedrep_cand/protenix/8k46_I/d23/seed2_r0/results/8k46_i/seed_0/predictions/8k46_i_sample_4.cif,8k46_I,seed2_r0,8k46_i_sample_4.cif,0.03742
/mnt/data/msadepth/compreps/seedrep_cand/protenix/8k46_I/d23/seed3_r1/results/8k46_i/seed_0/predictions/8k46_i_sample_4.cif,8k46_I,seed3_r1,8k46_i_sample_4.cif,0.0277
/mnt/data/msadepth/compreps/seedrep_cand/protenix/8k46_I/d23/seed3_r3/results/8k46_i/seed_0/predictions/8k46_i_sample_4.cif,8k46_I,seed3_r3,8k46_i_sample_4.cif,0.03617
/mnt/data/msadepth/compreps/seedrep_cand/protenix/8k46_I/d23/seed3_r0/results/8k46_i/seed_0/predictions/8k46_i_sample_0.cif,8k46_I,seed3_r0,8k46_i_sample_0.cif,0.08886
/mnt/data/msadepth/compreps/seedrep_cand/protenix/8k46_I/d23/seed3_r3/results/8k46_i/seed_0/predictions/8k46_i_sample_2.cif,8k46_I,seed3_r3,8k46_i_sample_2.cif,0.09173
/mnt/data/msadepth/compreps/seedrep_cand/protenix/8k46_I/d23/seed3_r2/results/8k46_i/seed_0/predictions/8k46_i_sample_3.cif,8k46_I,seed3_r2,8k46_i_sample_3.cif,0.03297
/mnt/data/msadepth/compreps/seedrep_cand/protenix/8k46_I/d23/seed3_r2/results/8k46_i/seed_0/predictions/8k46_i_sample_4.cif,8k46_I,seed3_r2,8k46_i_sample_4.cif,0.05885
/mnt/data/msadepth/compreps/seedrep_cand/protenix/8k46_I/d23/seed3_r0/results/8k46_i/seed_0/predictions/8k46_i_sample_3.cif,8k46_I,seed3_r0,8k46_i_sample_3.cif,0.03598
/mnt/data/msadepth/compreps/seedrep_cand/protenix/8k46_I/d23/seed3_r2/results/8k46_i/seed_0/predictions/8k46_i_sample_0.cif,8k46_I,seed3_r2,8k46_i_sample_0.cif,0.15256
/mnt/data/msadepth/compreps/seedrep_cand/protenix/8k46_I/d23/seed3_r1/results/8k46_i/seed_0/predictions/8k46_i_sample_3.cif,8k46_I,seed3_r1,8k46_i_sample_3.cif,0.07595
/mnt/data/msadepth/compreps/seedrep_cand/protenix/8k46_I/d23/seed3_r0/results/8k46_i/seed_0/predictions/8k46_i_sample_1.cif,8k46_I,seed3_r0,8k46_i_sample_1.cif,0.02731
/mnt/data/msadepth/compreps/seedrep_cand/protenix/8k46_I/d23/seed3_r2/results/8k46_i/seed_0/predictions/8k46_i_sample_2.cif,8k46_I,seed3_r2,8k46_i_sample_2.cif,0.14963
/mnt/data/msadepth/compreps/seedrep_cand/protenix/8k46_I/d23/seed3_r0/results/8k46_i/seed_0/predictions/8k46_i_sample_4.cif,8k46_I,seed3_r0,8k46_i_sample_4.cif,0.03818
/mnt/data/msadepth/compreps/seedrep_cand/protenix/8k46_I/d23/seed3_r3/results/8k46_i/seed_0/predictions/8k46_i_sample_3.cif,8k46_I,seed3_r3,8k46_i_sample_3.cif,0.03521
/mnt/data/msadepth/compreps/seedrep_cand/protenix/8k46_I/d23/seed3_r1/results/8k46_i/seed_0/predictions/8k46_i_sample_2.cif,8k46_I,seed3_r1,8k46_i_sample_2.cif,0.02478
/mnt/data/msadepth/compreps/seedrep_cand/protenix/8k46_I/d23/seed3_r3/results/8k46_i/seed_0/predictions/8k46_i_sample_1.cif,8k46_I,seed3_r3,8k46_i_sample_1.cif,0.05361
/mnt/data/msadepth/compreps/seedrep_cand/protenix/8k46_I/d23/seed3_r2/results/8k46_i/seed_0/predictions/8k46_i_sample_1.cif,8k46_I,seed3_r2,8k46_i_sample_1.cif,0.18007
/mnt/data/msadepth/compreps/seedrep_cand/protenix/8k46_I/d23/seed3_r1/results/8k46_i/seed_0/predictions/8k46_i_sample_1.cif,8k46_I,seed3_r1,8k46_i_sample_1.cif,0.05245
/mnt/data/msadepth/compreps/seedrep_cand/protenix/8k46_I/d23/seed3_r0/results/8k46_i/seed_0/predictions/8k46_i_sample_2.cif,8k46_I,seed3_r0,8k46_i_sample_2.cif,0.02788
/mnt/data/msadepth/compreps/seedrep_cand/protenix/8k46_I/d23/seed3_r3/results/8k46_i/seed_0/predictions/8k46_i_sample_0.cif,8k46_I,seed3_r3,8k46_i_sample_0.cif,0.06567
/mnt/data/msadepth/compreps/seedrep_cand/protenix/8k46_I/d23/seed3_r1/results/8k46_i/seed_0/predictions/8k46_i_sample_0.cif,8k46_I,seed3_r1,8k46_i_sample_0.cif,0.08891
/mnt/data/msadepth/compreps/seedrep_cand/protenix/8k46_I/d23/seed4_r2/results/8k46_i/seed_0/predictions/8k46_i_sample_4.cif,8k46_I,seed4_r2,8k46_i_sample_4.cif,0.02919
/mnt/data/msadepth/compreps/seedrep_cand/protenix/8k46_I/d23/seed4_r3/results/8k46_i/seed_0/predictions/8k46_i_sample_1.cif,8k46_I,seed4_r3,8k46_i_sample_1.cif,0.11236
/mnt/data/msadepth/compreps/seedrep_cand/protenix/8k46_I/d23/seed4_r2/results/8k46_i/seed_0/predictions/8k46_i_sample_2.cif,8k46_I,seed4_r2,8k46_i_sample_2.cif,0.03131
/mnt/data/msadepth/compreps/seedrep_cand/protenix/8k46_I/d23/seed4_r1/results/8k46_i/seed_0/predictions/8k46_i_sample_0.cif,8k46_I,seed4_r1,8k46_i_sample_0.cif,0.20496
/mnt/data/msadepth/compreps/seedrep_cand/protenix/8k46_I/d23/seed4_r0/results/8k46_i/seed_0/predictions/8k46_i_sample_0.cif,8k46_I,seed4_r0,8k46_i_sample_0.cif,0.16493
/mnt/data/msadepth/compreps/seedrep_cand/protenix/8k46_I/d23/seed4_r1/results/8k46_i/seed_0/predictions/8k46_i_sample_1.cif,8k46_I,seed4_r1,8k46_i_sample_1.cif,0.10703
/mnt/data/msadepth/compreps/seedrep_cand/protenix/8k46_I/d23/seed4_r3/results/8k46_i/seed_0/predictions/8k46_i_sample_3.cif,8k46_I,seed4_r3,8k46_i_sample_3.cif,0.07482
/mnt/data/msadepth/compreps/seedrep_cand/protenix/8k46_I/d23/seed4_r1/results/8k46_i/seed_0/predictions/8k46_i_sample_3.cif,8k46_I,seed4_r1,8k46_i_sample_3.cif,0.04284
/mnt/data/msadepth/compreps/seedrep_cand/protenix/8k46_I/d23/seed4_r3/results/8k46_i/seed_0/predictions/8k46_i_sample_4.cif,8k46_I,seed4_r3,8k46_i_sample_4.cif,0.04136
/mnt/data/msadepth/compreps/seedrep_cand/protenix/8k46_I/d23/seed4_r0/results/8k46_i/seed_0/predictions/8k46_i_sample_3.cif,8k46_I,seed4_r0,8k46_i_sample_3.cif,0.06685
/mnt/data/msadepth/compreps/seedrep_cand/protenix/8k46_I/d23/seed4_r2/results/8k46_i/seed_0/predictions/8k46_i_sample_3.cif,8k46_I,seed4_r2,8k46_i_sample_3.cif,0.03892
/mnt/data/msadepth/compreps/seedrep_cand/protenix/8k46_I/d23/seed4_r0/results/8k46_i/seed_0/predictions/8k46_i_sample_1.cif,8k46_I,seed4_r0,8k46_i_sample_1.cif,0.09065
/mnt/data/msadepth/compreps/seedrep_cand/protenix/8k46_I/d23/seed4_r1/results/8k46_i/seed_0/predictions/8k46_i_sample_2.cif,8k46_I,seed4_r1,8k46_i_sample_2.cif,0.10648
/mnt/data/msadepth/compreps/seedrep_cand/protenix/8k46_I/d23/seed4_r2/results/8k46_i/seed_0/predictions/8k46_i_sample_1.cif,8k46_I,seed4_r2,8k46_i_sample_1.cif,0.16064
/mnt/data/msadepth/compreps/seedrep_cand/protenix/8k46_I/d23/seed4_r2/results/8k46_i/seed_0/predictions/8k46_i_sample_0.cif,8k46_I,seed4_r2,8k46_i_sample_0.cif,0.10837
/mnt/data/msadepth/compreps/seedrep_cand/protenix/8k46_I/d23/seed4_r0/results/8k46_i/seed_0/predictions/8k46_i_sample_2.cif,8k46_I,seed4_r0,8k46_i_sample_2.cif,0.13753
/mnt/data/msadepth/compreps/seedrep_cand/protenix/8k46_I/d23/seed4_r3/results/8k46_i/seed_0/predictions/8k46_i_sample_2.cif,8k46_I,seed4_r3,8k46_i_sample_2.cif,0.0446
/mnt/data/msadepth/compreps/seedrep_cand/protenix/8k46_I/d23/seed4_r0/results/8k46_i/seed_0/predictions/8k46_i_sample_4.cif,8k46_I,seed4_r0,8k46_i_sample_4.cif,0.07565
/mnt/data/msadepth/compreps/seedrep_cand/protenix/8k46_I/d23/seed4_r3/results/8k46_i/seed_0/predictions/8k46_i_sample_0.cif,8k46_I,seed4_r3,8k46_i_sample_0.cif,0.11136
/mnt/data/msadepth/compreps/seedrep_cand/protenix/8k46_I/d23/seed4_r1/results/8k46_i/seed_0/predictions/8k46_i_sample_4.cif,8k46_I,seed4_r1,8k46_i_sample_4.cif,0.08458
/mnt/data/msadepth/compreps/seedrep_cand/protenix/8k46_I/d23/seed5_r1/results/8k46_i/seed_0/predictions/8k46_i_sample_0.cif,8k46_I,seed5_r1,8k46_i_sample_0.cif,0.1578
/mnt/data/msadepth/compreps/seedrep_cand/protenix/8k46_I/d23/seed5_r2/results/8k46_i/seed_0/predictions/8k46_i_sample_2.cif,8k46_I,seed5_r2,8k46_i_sample_2.cif,0.06429
/mnt/data/msadepth/compreps/seedrep_cand/protenix/8k46_I/d23/seed5_r2/results/8k46_i/seed_0/predictions/8k46_i_sample_4.cif,8k46_I,seed5_r2,8k46_i_sample_4.cif,0.04289
/mnt/data/msadepth/compreps/seedrep_cand/protenix/8k46_I/d23/seed5_r1/results/8k46_i/seed_0/predictions/8k46_i_sample_2.cif,8k46_I,seed5_r1,8k46_i_sample_2.cif,0.12339
/mnt/data/msadepth/compreps/seedrep_cand/protenix/8k46_I/d23/seed5_r1/results/8k46_i/seed_0/predictions/8k46_i_sample_4.cif,8k46_I,seed5_r1,8k46_i_sample_4.cif,0.0262
/mnt/data/msadepth/compreps/seedrep_cand/protenix/8k46_I/d23/seed5_r1/results/8k46_i/seed_0/predictions/8k46_i_sample_1.cif,8k46_I,seed5_r1,8k46_i_sample_1.cif,0.13405
/mnt/data/msadepth/compreps/seedrep_cand/protenix/8k46_I/d23/seed5_r0/results/8k46_i/seed_0/predictions/8k46_i_sample_2.cif,8k46_I,seed5_r0,8k46_i_sample_2.cif,0.06371
/mnt/data/msadepth/compreps/seedrep_cand/protenix/8k46_I/d23/seed5_r2/results/8k46_i/seed_0/predictions/8k46_i_sample_3.cif,8k46_I,seed5_r2,8k46_i_sample_3.cif,0.14007
/mnt/data/msadepth/compreps/seedrep_cand/protenix/8k46_I/d23/seed5_r0/results/8k46_i/seed_0/predictions/8k46_i_sample_4.cif,8k46_I,seed5_r0,8k46_i_sample_4.cif,0.10733
/mnt/data/msadepth/compreps/seedrep_cand/protenix/8k46_I/d23/seed5_r0/results/8k46_i/seed_0/predictions/8k46_i_sample_1.cif,8k46_I,seed5_r0,8k46_i_sample_1.cif,0.09345
/mnt/data/msadepth/compreps/seedrep_cand/protenix/8k46_I/d23/seed5_r0/results/8k46_i/seed_0/predictions/8k46_i_sample_0.cif,8k46_I,seed5_r0,8k46_i_sample_0.cif,0.06374
/mnt/data/msadepth/compreps/seedrep_cand/protenix/8k46_I/d23/seed5_r3/results/8k46_i/seed_0/predictions/8k46_i_sample_3.cif,8k46_I,seed5_r3,8k46_i_sample_3.cif,0.12598
/mnt/data/msadepth/compreps/seedrep_cand/protenix/8k46_I/d23/seed5_r2/results/8k46_i/seed_0/predictions/8k46_i_sample_0.cif,8k46_I,seed5_r2,8k46_i_sample_0.cif,0.04455
/mnt/data/msadepth/compreps/seedrep_cand/protenix/8k46_I/d23/seed5_r2/results/8k46_i/seed_0/predictions/8k46_i_sample_1.cif,8k46_I,seed5_r2,8k46_i_sample_1.cif,0.07955
/mnt/data/msadepth/compreps/seedrep_cand/protenix/8k46_I/d23/seed5_r3/results/8k46_i/seed_0/predictions/8k46_i_sample_1.cif,8k46_I,seed5_r3,8k46_i_sample_1.cif,0.10145
/mnt/data/msadepth/compreps/seedrep_cand/protenix/8k46_I/d23/seed5_r3/results/8k46_i/seed_0/predictions/8k46_i_sample_0.cif,8k46_I,seed5_r3,8k46_i_sample_0.cif,0.05206
/mnt/data/msadepth/compreps/seedrep_cand/protenix/8k46_I/d23/seed5_r0/results/8k46_i/seed_0/predictions/8k46_i_sample_3.cif,8k46_I,seed5_r0,8k46_i_sample_3.cif,0.03493
/mnt/data/msadepth/compreps/seedrep_cand/protenix/8k46_I/d23/seed5_r1/results/8k46_i/seed_0/predictions/8k46_i_sample_3.cif,8k46_I,seed5_r1,8k46_i_sample_3.cif,0.03069
/mnt/data/msadepth/compreps/seedrep_cand/protenix/8k46_I/d23/seed5_r3/results/8k46_i/seed_0/predictions/8k46_i_sample_4.cif,8k46_I,seed5_r3,8k46_i_sample_4.cif,0.0435
/mnt/data/msadepth/compreps/seedrep_cand/protenix/8k46_I/d23/seed5_r3/results/8k46_i/seed_0/predictions/8k46_i_sample_2.cif,8k46_I,seed5_r3,8k46_i_sample_2.cif,0.03453
/mnt/data/msadepth/compreps/seedrep_cand/protenix/8k46_I/d23/seedfull_r1/results/8k46_i/seed_0/predictions/8k46_i_sample_3.cif,8k46_I,seedfull_r1,8k46_i_sample_3.cif,0.02836
/mnt/data/msadepth/compreps/seedrep_cand/protenix/8k46_I/d23/seedfull_r10/results/8k46_i/seed_0/predictions/8k46_i_sample_1.cif,8k46_I,seedfull_r10,8k46_i_sample_1.cif,0.03188
/mnt/data/msadepth/compreps/seedrep_cand/protenix/8k46_I/d23/seedfull_r11/results/8k46_i/seed_0/predictions/8k46_i_sample_2.cif,8k46_I,seedfull_r11,8k46_i_sample_2.cif,0.05285
/mnt/data/msadepth/compreps/seedrep_cand/protenix/8k46_I/d23/seedfull_r10/results/8k46_i/seed_0/predictions/8k46_i_sample_3.cif,8k46_I,seedfull_r10,8k46_i_sample_3.cif,0.06085
/mnt/data/msadepth/compreps/seedrep_cand/protenix/8k46_I/d23/seedfull_r1/results/8k46_i/seed_0/predictions/8k46_i_sample_0.cif,8k46_I,seedfull_r1,8k46_i_sample_0.cif,0.05719
/mnt/data/msadepth/compreps/seedrep_cand/protenix/8k46_I/d23/seedfull_r0/results/8k46_i/seed_0/predictions/8k46_i_sample_4.cif,8k46_I,seedfull_r0,8k46_i_sample_4.cif,0.06549
/mnt/data/msadepth/compreps/seedrep_cand/protenix/8k46_I/d23/seedfull_r11/results/8k46_i/seed_0/predictions/8k46_i_sample_1.cif,8k46_I,seedfull_r11,8k46_i_sample_1.cif,0.08444
/mnt/data/msadepth/compreps/seedrep_cand/protenix/8k46_I/d23/seedfull_r10/results/8k46_i/seed_0/predictions/8k46_i_sample_4.cif,8k46_I,seedfull_r10,8k46_i_sample_4.cif,0.15742
/mnt/data/msadepth/compreps/seedrep_cand/protenix/8k46_I/d23/seedfull_r1/results/8k46_i/seed_0/predictions/8k46_i_sample_4.cif,8k46_I,seedfull_r1,8k46_i_sample_4.cif,0.12554
/mnt/data/msadepth/compreps/seedrep_cand/protenix/8k46_I/d23/seedfull_r1/results/8k46_i/seed_0/predictions/8k46_i_sample_1.cif,8k46_I,seedfull_r1,8k46_i_sample_1.cif,0.1122
/mnt/data/msadepth/compreps/seedrep_cand/protenix/8k46_I/d23/seedfull_r11/results/8k46_i/seed_0/predictions/8k46_i_sample_3.cif,8k46_I,seedfull_r11,8k46_i_sample_3.cif,0.15789
/mnt/data/msadepth/compreps/seedrep_cand/protenix/8k46_I/d23/seedfull_r10/results/8k46_i/seed_0/predictions/8k46_i_sample_2.cif,8k46_I,seedfull_r10,8k46_i_sample_2.cif,0.12396
/mnt/data/msadepth/compreps/seedrep_cand/protenix/8k46_I/d23/seedfull_r10/results/8k46_i/seed_0/predictions/8k46_i_sample_0.cif,8k46_I,seedfull_r10,8k46_i_sample_0.cif,0.10704
/mnt/data/msadepth/compreps/seedrep_cand/protenix/8k46_I/d23/seedfull_r11/results/8k46_i/seed_0/predictions/8k46_i_sample_4.cif,8k46_I,seedfull_r11,8k46_i_sample_4.cif,0.03805
/mnt/data/msadepth/compreps/seedrep_cand/protenix/8k46_I/d23/seedfull_r11/results/8k46_i/seed_0/predictions/8k46_i_sample_0.cif,8k46_I,seedfull_r11,8k46_i_sample_0.cif,0.05379
/mnt/data/msadepth/compreps/seedrep_cand/protenix/8k46_I/d23/seedfull_r1/results/8k46_i/seed_0/predictions/8k46_i_sample_2.cif,8k46_I,seedfull_r1,8k46_i_sample_2.cif,0.05565
/mnt/data/msadepth/compreps/seedrep_cand/protenix/8k46_I/d23/seedfull_r0/results/8k46_i/seed_0/predictions/8k46_i_sample_2.cif,8k46_I,seedfull_r0,8k46_i_sample_2.cif,0.09446
/mnt/data/msadepth/compreps/seedrep_cand/protenix/8k46_I/d23/seedfull_r0/results/8k46_i/seed_0/predictions/8k46_i_sample_1.cif,8k46_I,seedfull_r0,8k46_i_sample_1.cif,0.07268
/mnt/data/msadepth/compreps/seedrep_cand/protenix/8k46_I/d23/seedfull_r0/results/8k46_i/seed_0/predictions/8k46_i_sample_0.cif,8k46_I,seedfull_r0,8k46_i_sample_0.cif,0.06222
/mnt/data/msadepth/compreps/seedrep_cand/protenix/8k46_I/d23/seedfull_r0/results/8k46_i/seed_0/predictions/8k46_i_sample_3.cif,8k46_I,seedfull_r0,8k46_i_sample_3.cif,0.05886
/mnt/data/msadepth/compreps/seedrep_cand/protenix/8k46_I/d23/seedfull_r14/results/8k46_i/seed_0/predictions/8k46_i_sample_2.cif,8k46_I,seedfull_r14,8k46_i_sample_2.cif,0.05335
/mnt/data/msadepth/compreps/seedrep_cand/protenix/8k46_I/d23/seedfull_r12/results/8k46_i/seed_0/predictions/8k46_i_sample_0.cif,8k46_I,seedfull_r12,8k46_i_sample_0.cif,0.06234
/mnt/data/msadepth/compreps/seedrep_cand/protenix/8k46_I/d23/seedfull_r13/results/8k46_i/seed_0/predictions/8k46_i_sample_2.cif,8k46_I,seedfull_r13,8k46_i_sample_2.cif,0.05069
/mnt/data/msadepth/compreps/seedrep_cand/protenix/8k46_I/d23/seedfull_r12/results/8k46_i/seed_0/predictions/8k46_i_sample_2.cif,8k46_I,seedfull_r12,8k46_i_sample_2.cif,0.03862
/mnt/data/msadepth/compreps/seedrep_cand/protenix/8k46_I/d23/seedfull_r14/results/8k46_i/seed_0/predictions/8k46_i_sample_4.cif,8k46_I,seedfull_r14,8k46_i_sample_4.cif,0.18617
/mnt/data/msadepth/compreps/seedrep_cand/protenix/8k46_I/d23/seedfull_r15/results/8k46_i/seed_0/predictions/8k46_i_sample_4.cif,8k46_I,seedfull_r15,8k46_i_sample_4.cif,0.14401
/mnt/data/msadepth/compreps/seedrep_cand/protenix/8k46_I/d23/seedfull_r13/results/8k46_i/seed_0/predictions/8k46_i_sample_0.cif,8k46_I,seedfull_r13,8k46_i_sample_0.cif,0.05906
/mnt/data/msadepth/compreps/seedrep_cand/protenix/8k46_I/d23/seedfull_r13/results/8k46_i/seed_0/predictions/8k46_i_sample_1.cif,8k46_I,seedfull_r13,8k46_i_sample_1.cif,0.04916
/mnt/data/msadepth/compreps/seedrep_cand/protenix/8k46_I/d23/seedfull_r12/results/8k46_i/seed_0/predictions/8k46_i_sample_3.cif,8k46_I,seedfull_r12,8k46_i_sample_3.cif,0.04344
/mnt/data/msadepth/compreps/seedrep_cand/protenix/8k46_I/d23/seedfull_r13/results/8k46_i/seed_0/predictions/8k46_i_sample_3.cif,8k46_I,seedfull_r13,8k46_i_sample_3.cif,0.06827
/mnt/data/msadepth/compreps/seedrep_cand/protenix/8k46_I/d23/seedfull_r15/results/8k46_i/seed_0/predictions/8k46_i_sample_0.cif,8k46_I,seedfull_r15,8k46_i_sample_0.cif,0.1285
/mnt/data/msadepth/compreps/seedrep_cand/protenix/8k46_I/d23/seedfull_r14/results/8k46_i/seed_0/predictions/8k46_i_sample_1.cif,8k46_I,seedfull_r14,8k46_i_sample_1.cif,0.08162
/mnt/data/msadepth/compreps/seedrep_cand/protenix/8k46_I/d23/seedfull_r12/results/8k46_i/seed_0/predictions/8k46_i_sample_1.cif,8k46_I,seedfull_r12,8k46_i_sample_1.cif,0.07667
/mnt/data/msadepth/compreps/seedrep_cand/protenix/8k46_I/d23/seedfull_r13/results/8k46_i/seed_0/predictions/8k46_i_sample_4.cif,8k46_I,seedfull_r13,8k46_i_sample_4.cif,0.06498
/mnt/data/msadepth/compreps/seedrep_cand/protenix/8k46_I/d23/seedfull_r15/results/8k46_i/seed_0/predictions/8k46_i_sample_1.cif,8k46_I,seedfull_r15,8k46_i_sample_1.cif,0.04957
/mnt/data/msadepth/compreps/seedrep_cand/protenix/8k46_I/d23/seedfull_r12/results/8k46_i/seed_0/predictions/8k46_i_sample_4.cif,8k46_I,seedfull_r12,8k46_i_sample_4.cif,0.13629
/mnt/data/msadepth/compreps/seedrep_cand/protenix/8k46_I/d23/seedfull_r15/results/8k46_i/seed_0/predictions/8k46_i_sample_3.cif,8k46_I,seedfull_r15,8k46_i_sample_3.cif,0.04256
/mnt/data/msadepth/compreps/seedrep_cand/protenix/8k46_I/d23/seedfull_r14/results/8k46_i/seed_0/predictions/8k46_i_sample_0.cif,8k46_I,seedfull_r14,8k46_i_sample_0.cif,0.0474
/mnt/data/msadepth/compreps/seedrep_cand/protenix/8k46_I/d23/seedfull_r14/results/8k46_i/seed_0/predictions/8k46_i_sample_3.cif,8k46_I,seedfull_r14,8k46_i_sample_3.cif,0.08267
/mnt/data/msadepth/compreps/seedrep_cand/protenix/8k46_I/d23/seedfull_r15/results/8k46_i/seed_0/predictions/8k46_i_sample_2.cif,8k46_I,seedfull_r15,8k46_i_sample_2.cif,0.10695
/mnt/data/msadepth/compreps/seedrep_cand/protenix/8k46_I/d23/seedfull_r18/results/8k46_i/seed_0/predictions/8k46_i_sample_4.cif,8k46_I,seedfull_r18,8k46_i_sample_4.cif,0.0778
/mnt/data/msadepth/compreps/seedrep_cand/protenix/8k46_I/d23/seedfull_r19/results/8k46_i/seed_0/predictions/8k46_i_sample_1.cif,8k46_I,seedfull_r19,8k46_i_sample_1.cif,0.0341
/mnt/data/msadepth/compreps/seedrep_cand/protenix/8k46_I/d23/seedfull_r16/results/8k46_i/seed_0/predictions/8k46_i_sample_4.cif,8k46_I,seedfull_r16,8k46_i_sample_4.cif,0.06759
/mnt/data/msadepth/compreps/seedrep_cand/protenix/8k46_I/d23/seedfull_r16/results/8k46_i/seed_0/predictions/8k46_i_sample_0.cif,8k46_I,seedfull_r16,8k46_i_sample_0.cif,0.04082
/mnt/data/msadepth/compreps/seedrep_cand/protenix/8k46_I/d23/seedfull_r16/results/8k46_i/seed_0/predictions/8k46_i_sample_2.cif,8k46_I,seedfull_r16,8k46_i_sample_2.cif,0.05122
/mnt/data/msadepth/compreps/seedrep_cand/protenix/8k46_I/d23/seedfull_r18/results/8k46_i/seed_0/predictions/8k46_i_sample_0.cif,8k46_I,seedfull_r18,8k46_i_sample_0.cif,0.05054
/mnt/data/msadepth/compreps/seedrep_cand/protenix/8k46_I/d23/seedfull_r17/results/8k46_i/seed_0/predictions/8k46_i_sample_1.cif,8k46_I,seedfull_r17,8k46_i_sample_1.cif,0.09968
/mnt/data/msadepth/compreps/seedrep_cand/protenix/8k46_I/d23/seedfull_r18/results/8k46_i/seed_0/predictions/8k46_i_sample_3.cif,8k46_I,seedfull_r18,8k46_i_sample_3.cif,0.15696
/mnt/data/msadepth/compreps/seedrep_cand/protenix/8k46_I/d23/seedfull_r17/results/8k46_i/seed_0/predictions/8k46_i_sample_3.cif,8k46_I,seedfull_r17,8k46_i_sample_3.cif,0.14657
/mnt/data/msadepth/compreps/seedrep_cand/protenix/8k46_I/d23/seedfull_r17/results/8k46_i/seed_0/predictions/8k46_i_sample_4.cif,8k46_I,seedfull_r17,8k46_i_sample_4.cif,0.0508
/mnt/data/msadepth/compreps/seedrep_cand/protenix/8k46_I/d23/seedfull_r18/results/8k46_i/seed_0/predictions/8k46_i_sample_1.cif,8k46_I,seedfull_r18,8k46_i_sample_1.cif,0.06067
/mnt/data/msadepth/compreps/seedrep_cand/protenix/8k46_I/d23/seedfull_r19/results/8k46_i/seed_0/predictions/8k46_i_sample_4.cif,8k46_I,seedfull_r19,8k46_i_sample_4.cif,0.06731
/mnt/data/msadepth/compreps/seedrep_cand/protenix/8k46_I/d23/seedfull_r19/results/8k46_i/seed_0/predictions/8k46_i_sample_0.cif,8k46_I,seedfull_r19,8k46_i_sample_0.cif,0.04829
/mnt/data/msadepth/compreps/seedrep_cand/protenix/8k46_I/d23/seedfull_r16/results/8k46_i/seed_0/predictions/8k46_i_sample_1.cif,8k46_I,seedfull_r16,8k46_i_sample_1.cif,0.02785
/mnt/data/msadepth/compreps/seedrep_cand/protenix/8k46_I/d23/seedfull_r17/results/8k46_i/seed_0/predictions/8k46_i_sample_2.cif,8k46_I,seedfull_r17,8k46_i_sample_2.cif,0.03761
/mnt/data/msadepth/compreps/seedrep_cand/protenix/8k46_I/d23/seedfull_r19/results/8k46_i/seed_0/predictions/8k46_i_sample_2.cif,8k46_I,seedfull_r19,8k46_i_sample_2.cif,0.04996
/mnt/data/msadepth/compreps/seedrep_cand/protenix/8k46_I/d23/seedfull_r18/results/8k46_i/seed_0/predictions/8k46_i_sample_2.cif,8k46_I,seedfull_r18,8k46_i_sample_2.cif,0.04749
/mnt/data/msadepth/compreps/seedrep_cand/protenix/8k46_I/d23/seedfull_r17/results/8k46_i/seed_0/predictions/8k46_i_sample_0.cif,8k46_I,seedfull_r17,8k46_i_sample_0.cif,0.04111
/mnt/data/msadepth/compreps/seedrep_cand/protenix/8k46_I/d23/seedfull_r16/results/8k46_i/seed_0/predictions/8k46_i_sample_3.cif,8k46_I,seedfull_r16,8k46_i_sample_3.cif,0.11387
/mnt/data/msadepth/compreps/seedrep_cand/protenix/8k46_I/d23/seedfull_r19/results/8k46_i/seed_0/predictions/8k46_i_sample_3.cif,8k46_I,seedfull_r19,8k46_i_sample_3.cif,0.06609
/mnt/data/msadepth/compreps/seedrep_cand/protenix/8k46_I/d23/seedfull_r3/results/8k46_i/seed_0/predictions/8k46_i_sample_3.cif,8k46_I,seedfull_r3,8k46_i_sample_3.cif,0.0795
/mnt/data/msadepth/compreps/seedrep_cand/protenix/8k46_I/d23/seedfull_r3/results/8k46_i/seed_0/predictions/8k46_i_sample_1.cif,8k46_I,seedfull_r3,8k46_i_sample_1.cif,0.0886
/mnt/data/msadepth/compreps/seedrep_cand/protenix/8k46_I/d23/seedfull_r2/results/8k46_i/seed_0/predictions/8k46_i_sample_0.cif,8k46_I,seedfull_r2,8k46_i_sample_0.cif,0.04928
/mnt/data/msadepth/compreps/seedrep_cand/protenix/8k46_I/d23/seedfull_r2/results/8k46_i/seed_0/predictions/8k46_i_sample_2.cif,8k46_I,seedfull_r2,8k46_i_sample_2.cif,0.1358
/mnt/data/msadepth/compreps/seedrep_cand/protenix/8k46_I/d23/seedfull_r5/results/8k46_i/seed_0/predictions/8k46_i_sample_2.cif,8k46_I,seedfull_r5,8k46_i_sample_2.cif,0.07055
/mnt/data/msadepth/compreps/seedrep_cand/protenix/8k46_I/d23/seedfull_r3/results/8k46_i/seed_0/predictions/8k46_i_sample_4.cif,8k46_I,seedfull_r3,8k46_i_sample_4.cif,0.07794
/mnt/data/msadepth/compreps/seedrep_cand/protenix/8k46_I/d23/seedfull_r4/results/8k46_i/seed_0/predictions/8k46_i_sample_3.cif,8k46_I,seedfull_r4,8k46_i_sample_3.cif,0.06324
/mnt/data/msadepth/compreps/seedrep_cand/protenix/8k46_I/d23/seedfull_r2/results/8k46_i/seed_0/predictions/8k46_i_sample_3.cif,8k46_I,seedfull_r2,8k46_i_sample_3.cif,0.06359
/mnt/data/msadepth/compreps/seedrep_cand/protenix/8k46_I/d23/seedfull_r5/results/8k46_i/seed_0/predictions/8k46_i_sample_4.cif,8k46_I,seedfull_r5,8k46_i_sample_4.cif,0.13996
/mnt/data/msadepth/compreps/seedrep_cand/protenix/8k46_I/d23/seedfull_r4/results/8k46_i/seed_0/predictions/8k46_i_sample_2.cif,8k46_I,seedfull_r4,8k46_i_sample_2.cif,0.09549
/mnt/data/msadepth/compreps/seedrep_cand/protenix/8k46_I/d23/seedfull_r5/results/8k46_i/seed_0/predictions/8k46_i_sample_3.cif,8k46_I,seedfull_r5,8k46_i_sample_3.cif,0.03543
/mnt/data/msadepth/compreps/seedrep_cand/protenix/8k46_I/d23/seedfull_r4/results/8k46_i/seed_0/predictions/8k46_i_sample_0.cif,8k46_I,seedfull_r4,8k46_i_sample_0.cif,0.05972
/mnt/data/msadepth/compreps/seedrep_cand/protenix/8k46_I/d23/seedfull_r5/results/8k46_i/seed_0/predictions/8k46_i_sample_1.cif,8k46_I,seedfull_r5,8k46_i_sample_1.cif,0.04383
/mnt/data/msadepth/compreps/seedrep_cand/protenix/8k46_I/d23/seedfull_r2/results/8k46_i/seed_0/predictions/8k46_i_sample_4.cif,8k46_I,seedfull_r2,8k46_i_sample_4.cif,0.0463
/mnt/data/msadepth/compreps/seedrep_cand/protenix/8k46_I/d23/seedfull_r3/results/8k46_i/seed_0/predictions/8k46_i_sample_2.cif,8k46_I,seedfull_r3,8k46_i_sample_2.cif,0.08353
/mnt/data/msadepth/compreps/seedrep_cand/protenix/8k46_I/d23/seedfull_r3/results/8k46_i/seed_0/predictions/8k46_i_sample_0.cif,8k46_I,seedfull_r3,8k46_i_sample_0.cif,0.05701
/mnt/data/msadepth/compreps/seedrep_cand/protenix/8k46_I/d23/seedfull_r5/results/8k46_i/seed_0/predictions/8k46_i_sample_0.cif,8k46_I,seedfull_r5,8k46_i_sample_0.cif,0.04019
/mnt/data/msadepth/compreps/seedrep_cand/protenix/8k46_I/d23/seedfull_r2/results/8k46_i/seed_0/predictions/8k46_i_sample_1.cif,8k46_I,seedfull_r2,8k46_i_sample_1.cif,0.05014
/mnt/data/msadepth/compreps/seedrep_cand/protenix/8k46_I/d23/seedfull_r4/results/8k46_i/seed_0/predictions/8k46_i_sample_4.cif,8k46_I,seedfull_r4,8k46_i_sample_4.cif,0.07917
/mnt/data/msadepth/compreps/seedrep_cand/protenix/8k46_I/d23/seedfull_r4/results/8k46_i/seed_0/predictions/8k46_i_sample_1.cif,8k46_I,seedfull_r4,8k46_i_sample_1.cif,0.0624
/mnt/data/msadepth/compreps/seedrep_cand/protenix/8k46_I/d23/seedfull_r6/results/8k46_i/seed_0/predictions/8k46_i_sample_0.cif,8k46_I,seedfull_r6,8k46_i_sample_0.cif,0.06051
/mnt/data/msadepth/compreps/seedrep_cand/protenix/8k46_I/d23/seedfull_r7/results/8k46_i/seed_0/predictions/8k46_i_sample_1.cif,8k46_I,seedfull_r7,8k46_i_sample_1.cif,0.04154
/mnt/data/msadepth/compreps/seedrep_cand/protenix/8k46_I/d23/seedfull_r9/results/8k46_i/seed_0/predictions/8k46_i_sample_2.cif,8k46_I,seedfull_r9,8k46_i_sample_2.cif,0.04889
/mnt/data/msadepth/compreps/seedrep_cand/protenix/8k46_I/d23/seedfull_r8/results/8k46_i/seed_0/predictions/8k46_i_sample_2.cif,8k46_I,seedfull_r8,8k46_i_sample_2.cif,0.04208
/mnt/data/msadepth/compreps/seedrep_cand/protenix/8k46_I/d23/seedfull_r6/results/8k46_i/seed_0/predictions/8k46_i_sample_1.cif,8k46_I,seedfull_r6,8k46_i_sample_1.cif,0.04158
/mnt/data/msadepth/compreps/seedrep_cand/protenix/8k46_I/d23/seedfull_r8/results/8k46_i/seed_0/predictions/8k46_i_sample_4.cif,8k46_I,seedfull_r8,8k46_i_sample_4.cif,0.06745
/mnt/data/msadepth/compreps/seedrep_cand/protenix/8k46_I/d23/seedfull_r6/results/8k46_i/seed_0/predictions/8k46_i_sample_3.cif,8k46_I,seedfull_r6,8k46_i_sample_3.cif,0.02918
/mnt/data/msadepth/compreps/seedrep_cand/protenix/8k46_I/d23/seedfull_r8/results/8k46_i/seed_0/predictions/8k46_i_sample_3.cif,8k46_I,seedfull_r8,8k46_i_sample_3.cif,0.16356
/mnt/data/msadepth/compreps/seedrep_cand/protenix/8k46_I/d23/seedfull_r8/results/8k46_i/seed_0/predictions/8k46_i_sample_1.cif,8k46_I,seedfull_r8,8k46_i_sample_1.cif,0.07025
/mnt/data/msadepth/compreps/seedrep_cand/protenix/8k46_I/d23/seedfull_r7/results/8k46_i/seed_0/predictions/8k46_i_sample_0.cif,8k46_I,seedfull_r7,8k46_i_sample_0.cif,0.05654
/mnt/data/msadepth/compreps/seedrep_cand/protenix/8k46_I/d23/seedfull_r6/results/8k46_i/seed_0/predictions/8k46_i_sample_2.cif,8k46_I,seedfull_r6,8k46_i_sample_2.cif,0.10253
/mnt/data/msadepth/compreps/seedrep_cand/protenix/8k46_I/d23/seedfull_r9/results/8k46_i/seed_0/predictions/8k46_i_sample_1.cif,8k46_I,seedfull_r9,8k46_i_sample_1.cif,0.04246
/mnt/data/msadepth/compreps/seedrep_cand/protenix/8k46_I/d23/seedfull_r9/results/8k46_i/seed_0/predictions/8k46_i_sample_3.cif,8k46_I,seedfull_r9,8k46_i_sample_3.cif,0.17099
/mnt/data/msadepth/compreps/seedrep_cand/protenix/8k46_I/d23/seedfull_r6/results/8k46_i/seed_0/predictions/8k46_i_sample_4.cif,8k46_I,seedfull_r6,8k46_i_sample_4.cif,0.06671
/mnt/data/msadepth/compreps/seedrep_cand/protenix/8k46_I/d23/seedfull_r9/results/8k46_i/seed_0/predictions/8k46_i_sample_0.cif,8k46_I,seedfull_r9,8k46_i_sample_0.cif,0.14206
/mnt/data/msadepth/compreps/seedrep_cand/protenix/8k46_I/d23/seedfull_r9/results/8k46_i/seed_0/predictions/8k46_i_sample_4.cif,8k46_I,seedfull_r9,8k46_i_sample_4.cif,0.06986
/mnt/data/msadepth/compreps/seedrep_cand/protenix/8k46_I/d23/seedfull_r7/results/8k46_i/seed_0/predictions/8k46_i_sample_2.cif,8k46_I,seedfull_r7,8k46_i_sample_2.cif,0.09509
/mnt/data/msadepth/compreps/seedrep_cand/protenix/8k46_I/d23/seedfull_r7/results/8k46_i/seed_0/predictions/8k46_i_sample_4.cif,8k46_I,seedfull_r7,8k46_i_sample_4.cif,0.05293
/mnt/data/msadepth/compreps/seedrep_cand/protenix/8k46_I/d23/seedfull_r7/results/8k46_i/seed_0/predictions/8k46_i_sample_3.cif,8k46_I,seedfull_r7,8k46_i_sample_3.cif,0.06402
/mnt/data/msadepth/compreps/seedrep_cand/protenix/8k46_I/d23/seedfull_r8/results/8k46_i/seed_0/predictions/8k46_i_sample_0.cif,8k46_I,seedfull_r8,8k46_i_sample_0.cif,0.04421
/mnt/data/msadepth/compreps/seedrep_cand/protenix/8k5g_HL/d58/seed1_r0/results/8k5g_hl/seed_0/predictions/8k5g_hl_sample_1.cif,8k5g_HL,seed1_r0,8k5g_hl_sample_1.cif,0.16979
/mnt/data/msadepth/compreps/seedrep_cand/protenix/8k5g_HL/d58/seed1_r0/results/8k5g_hl/seed_0/predictions/8k5g_hl_sample_4.cif,8k5g_HL,seed1_r0,8k5g_hl_sample_4.cif,0.07692
/mnt/data/msadepth/compreps/seedrep_cand/protenix/8k5g_HL/d58/seed2_r0/results/8k5g_hl/seed_0/predictions/8k5g_hl_sample_2.cif,8k5g_HL,seed2_r0,8k5g_hl_sample_2.cif,0.18999
/mnt/data/msadepth/compreps/seedrep_cand/protenix/8k5g_HL/d58/seed2_r0/results/8k5g_hl/seed_0/predictions/8k5g_hl_sample_1.cif,8k5g_HL,seed2_r0,8k5g_hl_sample_1.cif,0.26871
/mnt/data/msadepth/compreps/seedrep_cand/protenix/8k5g_HL/d58/seed0_r0/results/8k5g_hl/seed_0/predictions/8k5g_hl_sample_2.cif,8k5g_HL,seed0_r0,8k5g_hl_sample_2.cif,0.05284
/mnt/data/msadepth/compreps/seedrep_cand/protenix/8k5g_HL/d58/seed1_r0/results/8k5g_hl/seed_0/predictions/8k5g_hl_sample_3.cif,8k5g_HL,seed1_r0,8k5g_hl_sample_3.cif,0.09945
/mnt/data/msadepth/compreps/seedrep_cand/protenix/8k5g_HL/d58/seed1_r0/results/8k5g_hl/seed_0/predictions/8k5g_hl_sample_2.cif,8k5g_HL,seed1_r0,8k5g_hl_sample_2.cif,0.24807
/mnt/data/msadepth/compreps/seedrep_cand/protenix/8k5g_HL/d58/seed2_r0/results/8k5g_hl/seed_0/predictions/8k5g_hl_sample_0.cif,8k5g_HL,seed2_r0,8k5g_hl_sample_0.cif,0.18395
/mnt/data/msadepth/compreps/seedrep_cand/protenix/8k5g_HL/d58/seed0_r0/results/8k5g_hl/seed_0/predictions/8k5g_hl_sample_4.cif,8k5g_HL,seed0_r0,8k5g_hl_sample_4.cif,0.1963
/mnt/data/msadepth/compreps/seedrep_cand/protenix/8k5g_HL/d58/seed2_r0/results/8k5g_hl/seed_0/predictions/8k5g_hl_sample_4.cif,8k5g_HL,seed2_r0,8k5g_hl_sample_4.cif,0.24812
/mnt/data/msadepth/compreps/seedrep_cand/protenix/8k5g_HL/d58/seed0_r0/results/8k5g_hl/seed_0/predictions/8k5g_hl_sample_0.cif,8k5g_HL,seed0_r0,8k5g_hl_sample_0.cif,0.11696
/mnt/data/msadepth/compreps/seedrep_cand/protenix/8k5g_HL/d58/seed3_r0/results/8k5g_hl/seed_0/predictions/8k5g_hl_sample_2.cif,8k5g_HL,seed3_r0,8k5g_hl_sample_2.cif,0.08748
/mnt/data/msadepth/compreps/seedrep_cand/protenix/8k5g_HL/d58/seed0_r0/results/8k5g_hl/seed_0/predictions/8k5g_hl_sample_1.cif,8k5g_HL,seed0_r0,8k5g_hl_sample_1.cif,0.06025
/mnt/data/msadepth/compreps/seedrep_cand/protenix/8k5g_HL/d58/seed3_r0/results/8k5g_hl/seed_0/predictions/8k5g_hl_sample_0.cif,8k5g_HL,seed3_r0,8k5g_hl_sample_0.cif,0.15183
/mnt/data/msadepth/compreps/seedrep_cand/protenix/8k5g_HL/d58/seed3_r0/results/8k5g_hl/seed_0/predictions/8k5g_hl_sample_3.cif,8k5g_HL,seed3_r0,8k5g_hl_sample_3.cif,0.08361
/mnt/data/msadepth/compreps/seedrep_cand/protenix/8k5g_HL/d58/seed3_r0/results/8k5g_hl/seed_0/predictions/8k5g_hl_sample_4.cif,8k5g_HL,seed3_r0,8k5g_hl_sample_4.cif,0.04662
/mnt/data/msadepth/compreps/seedrep_cand/protenix/8k5g_HL/d58/seed0_r0/results/8k5g_hl/seed_0/predictions/8k5g_hl_sample_3.cif,8k5g_HL,seed0_r0,8k5g_hl_sample_3.cif,0.09822
/mnt/data/msadepth/compreps/seedrep_cand/protenix/8k5g_HL/d58/seed3_r0/results/8k5g_hl/seed_0/predictions/8k5g_hl_sample_1.cif,8k5g_HL,seed3_r0,8k5g_hl_sample_1.cif,0.06051
/mnt/data/msadepth/compreps/seedrep_cand/protenix/8k5g_HL/d58/seed2_r0/results/8k5g_hl/seed_0/predictions/8k5g_hl_sample_3.cif,8k5g_HL,seed2_r0,8k5g_hl_sample_3.cif,0.28032
/mnt/data/msadepth/compreps/seedrep_cand/protenix/8k5g_HL/d58/seed1_r0/results/8k5g_hl/seed_0/predictions/8k5g_hl_sample_0.cif,8k5g_HL,seed1_r0,8k5g_hl_sample_0.cif,0.20206
/mnt/data/msadepth/compreps/seedrep_cand/protenix/8k5g_HL/d58/seedfull_r0/results/8k5g_hl/seed_0/predictions/8k5g_hl_sample_4.cif,8k5g_HL,seedfull_r0,8k5g_hl_sample_4.cif,0.07636
/mnt/data/msadepth/compreps/seedrep_cand/protenix/8k5g_HL/d58/seedfull_r2/results/8k5g_hl/seed_0/predictions/8k5g_hl_sample_2.cif,8k5g_HL,seedfull_r2,8k5g_hl_sample_2.cif,0.40551
/mnt/data/msadepth/compreps/seedrep_cand/protenix/8k5g_HL/d58/seedfull_r2/results/8k5g_hl/seed_0/predictions/8k5g_hl_sample_4.cif,8k5g_HL,seedfull_r2,8k5g_hl_sample_4.cif,0.44501
/mnt/data/msadepth/compreps/seedrep_cand/protenix/8k5g_HL/d58/seedfull_r2/results/8k5g_hl/seed_0/predictions/8k5g_hl_sample_0.cif,8k5g_HL,seedfull_r2,8k5g_hl_sample_0.cif,0.42838
/mnt/data/msadepth/compreps/seedrep_cand/protenix/8k5g_HL/d58/seed4_r0/results/8k5g_hl/seed_0/predictions/8k5g_hl_sample_2.cif,8k5g_HL,seed4_r0,8k5g_hl_sample_2.cif,0.28826
/mnt/data/msadepth/compreps/seedrep_cand/protenix/8k5g_HL/d58/seedfull_r2/results/8k5g_hl/seed_0/predictions/8k5g_hl_sample_3.cif,8k5g_HL,seedfull_r2,8k5g_hl_sample_3.cif,0.40472
/mnt/data/msadepth/compreps/seedrep_cand/protenix/8k5g_HL/d58/seedfull_r0/results/8k5g_hl/seed_0/predictions/8k5g_hl_sample_2.cif,8k5g_HL,seedfull_r0,8k5g_hl_sample_2.cif,0.18477
/mnt/data/msadepth/compreps/seedrep_cand/protenix/8k5g_HL/d58/seedfull_r1/results/8k5g_hl/seed_0/predictions/8k5g_hl_sample_4.cif,8k5g_HL,seedfull_r1,8k5g_hl_sample_4.cif,0.50591
/mnt/data/msadepth/compreps/seedrep_cand/protenix/8k5g_HL/d58/seed4_r0/results/8k5g_hl/seed_0/predictions/8k5g_hl_sample_1.cif,8k5g_HL,seed4_r0,8k5g_hl_sample_1.cif,0.20868
/mnt/data/msadepth/compreps/seedrep_cand/protenix/8k5g_HL/d58/seedfull_r2/results/8k5g_hl/seed_0/predictions/8k5g_hl_sample_1.cif,8k5g_HL,seedfull_r2,8k5g_hl_sample_1.cif,0.42454
/mnt/data/msadepth/compreps/seedrep_cand/protenix/8k5g_HL/d58/seedfull_r1/results/8k5g_hl/seed_0/predictions/8k5g_hl_sample_3.cif,8k5g_HL,seedfull_r1,8k5g_hl_sample_3.cif,0.5197
/mnt/data/msadepth/compreps/seedrep_cand/protenix/8k5g_HL/d58/seedfull_r1/results/8k5g_hl/seed_0/predictions/8k5g_hl_sample_2.cif,8k5g_HL,seedfull_r1,8k5g_hl_sample_2.cif,0.59272
/mnt/data/msadepth/compreps/seedrep_cand/protenix/8k5g_HL/d58/seedfull_r0/results/8k5g_hl/seed_0/predictions/8k5g_hl_sample_1.cif,8k5g_HL,seedfull_r0,8k5g_hl_sample_1.cif,0.10861
/mnt/data/msadepth/compreps/seedrep_cand/protenix/8k5g_HL/d58/seed4_r0/results/8k5g_hl/seed_0/predictions/8k5g_hl_sample_4.cif,8k5g_HL,seed4_r0,8k5g_hl_sample_4.cif,0.2451
/mnt/data/msadepth/compreps/seedrep_cand/protenix/8k5g_HL/d58/seedfull_r1/results/8k5g_hl/seed_0/predictions/8k5g_hl_sample_0.cif,8k5g_HL,seedfull_r1,8k5g_hl_sample_0.cif,0.50993
/mnt/data/msadepth/compreps/seedrep_cand/protenix/8k5g_HL/d58/seedfull_r0/results/8k5g_hl/seed_0/predictions/8k5g_hl_sample_3.cif,8k5g_HL,seedfull_r0,8k5g_hl_sample_3.cif,0.07888
/mnt/data/msadepth/compreps/seedrep_cand/protenix/8k5g_HL/d58/seed4_r0/results/8k5g_hl/seed_0/predictions/8k5g_hl_sample_3.cif,8k5g_HL,seed4_r0,8k5g_hl_sample_3.cif,0.25223
/mnt/data/msadepth/compreps/seedrep_cand/protenix/8k5g_HL/d58/seedfull_r1/results/8k5g_hl/seed_0/predictions/8k5g_hl_sample_1.cif,8k5g_HL,seedfull_r1,8k5g_hl_sample_1.cif,0.51836
/mnt/data/msadepth/compreps/seedrep_cand/protenix/8k5g_HL/d58/seedfull_r0/results/8k5g_hl/seed_0/predictions/8k5g_hl_sample_0.cif,8k5g_HL,seedfull_r0,8k5g_hl_sample_0.cif,0.07338
/mnt/data/msadepth/compreps/seedrep_cand/protenix/8k5g_HL/d58/seed4_r0/results/8k5g_hl/seed_0/predictions/8k5g_hl_sample_0.cif,8k5g_HL,seed4_r0,8k5g_hl_sample_0.cif,0.20973
/mnt/data/msadepth/compreps/seedrep_cand/protenix/8k5g_HL/d90/seed0_r0/results/8k5g_hl/seed_0/predictions/8k5g_hl_sample_2.cif,8k5g_HL,seed0_r0,8k5g_hl_sample_2.cif,0.25946
/mnt/data/msadepth/compreps/seedrep_cand/protenix/8k5g_HL/d58/seedfull_r3/results/8k5g_hl/seed_0/predictions/8k5g_hl_sample_1.cif,8k5g_HL,seedfull_r3,8k5g_hl_sample_1.cif,0.2715
/mnt/data/msadepth/compreps/seedrep_cand/protenix/8k5g_HL/d58/seedfull_r4/results/8k5g_hl/seed_0/predictions/8k5g_hl_sample_1.cif,8k5g_HL,seedfull_r4,8k5g_hl_sample_1.cif,0.22369
/mnt/data/msadepth/compreps/seedrep_cand/protenix/8k5g_HL/d58/seedfull_r4/results/8k5g_hl/seed_0/predictions/8k5g_hl_sample_4.cif,8k5g_HL,seedfull_r4,8k5g_hl_sample_4.cif,0.2289
/mnt/data/msadepth/compreps/seedrep_cand/protenix/8k5g_HL/d90/seed0_r0/results/8k5g_hl/seed_0/predictions/8k5g_hl_sample_3.cif,8k5g_HL,seed0_r0,8k5g_hl_sample_3.cif,0.22513
/mnt/data/msadepth/compreps/seedrep_cand/protenix/8k5g_HL/d58/seedfull_r3/results/8k5g_hl/seed_0/predictions/8k5g_hl_sample_2.cif,8k5g_HL,seedfull_r3,8k5g_hl_sample_2.cif,0.27898
/mnt/data/msadepth/compreps/seedrep_cand/protenix/8k5g_HL/d90/seed0_r1/results/8k5g_hl/seed_0/predictions/8k5g_hl_sample_2.cif,8k5g_HL,seed0_r1,8k5g_hl_sample_2.cif,0.4351
/mnt/data/msadepth/compreps/seedrep_cand/protenix/8k5g_HL/d90/seed0_r1/results/8k5g_hl/seed_0/predictions/8k5g_hl_sample_1.cif,8k5g_HL,seed0_r1,8k5g_hl_sample_1.cif,0.42082
/mnt/data/msadepth/compreps/seedrep_cand/protenix/8k5g_HL/d90/seed0_r1/results/8k5g_hl/seed_0/predictions/8k5g_hl_sample_3.cif,8k5g_HL,seed0_r1,8k5g_hl_sample_3.cif,0.4761
/mnt/data/msadepth/compreps/seedrep_cand/protenix/8k5g_HL/d58/seedfull_r4/results/8k5g_hl/seed_0/predictions/8k5g_hl_sample_2.cif,8k5g_HL,seedfull_r4,8k5g_hl_sample_2.cif,0.18004
/mnt/data/msadepth/compreps/seedrep_cand/protenix/8k5g_HL/d90/seed0_r0/results/8k5g_hl/seed_0/predictions/8k5g_hl_sample_1.cif,8k5g_HL,seed0_r0,8k5g_hl_sample_1.cif,0.09255
/mnt/data/msadepth/compreps/seedrep_cand/protenix/8k5g_HL/d90/seed0_r0/results/8k5g_hl/seed_0/predictions/8k5g_hl_sample_0.cif,8k5g_HL,seed0_r0,8k5g_hl_sample_0.cif,0.17434
/mnt/data/msadepth/compreps/seedrep_cand/protenix/8k5g_HL/d58/seedfull_r4/results/8k5g_hl/seed_0/predictions/8k5g_hl_sample_0.cif,8k5g_HL,seedfull_r4,8k5g_hl_sample_0.cif,0.29561
/mnt/data/msadepth/compreps/seedrep_cand/protenix/8k5g_HL/d90/seed0_r1/results/8k5g_hl/seed_0/predictions/8k5g_hl_sample_0.cif,8k5g_HL,seed0_r1,8k5g_hl_sample_0.cif,0.4287
/mnt/data/msadepth/compreps/seedrep_cand/protenix/8k5g_HL/d58/seedfull_r3/results/8k5g_hl/seed_0/predictions/8k5g_hl_sample_3.cif,8k5g_HL,seedfull_r3,8k5g_hl_sample_3.cif,0.3114
/mnt/data/msadepth/compreps/seedrep_cand/protenix/8k5g_HL/d90/seed0_r1/results/8k5g_hl/seed_0/predictions/8k5g_hl_sample_4.cif,8k5g_HL,seed0_r1,8k5g_hl_sample_4.cif,0.41169
/mnt/data/msadepth/compreps/seedrep_cand/protenix/8k5g_HL/d58/seedfull_r3/results/8k5g_hl/seed_0/predictions/8k5g_hl_sample_0.cif,8k5g_HL,seedfull_r3,8k5g_hl_sample_0.cif,0.27946
/mnt/data/msadepth/compreps/seedrep_cand/protenix/8k5g_HL/d58/seedfull_r4/results/8k5g_hl/seed_0/predictions/8k5g_hl_sample_3.cif,8k5g_HL,seedfull_r4,8k5g_hl_sample_3.cif,0.1911
/mnt/data/msadepth/compreps/seedrep_cand/protenix/8k5g_HL/d90/seed0_r0/results/8k5g_hl/seed_0/predictions/8k5g_hl_sample_4.cif,8k5g_HL,seed0_r0,8k5g_hl_sample_4.cif,0.23613
/mnt/data/msadepth/compreps/seedrep_cand/protenix/8k5g_HL/d58/seedfull_r3/results/8k5g_hl/seed_0/predictions/8k5g_hl_sample_4.cif,8k5g_HL,seedfull_r3,8k5g_hl_sample_4.cif,0.25531
/mnt/data/msadepth/compreps/seedrep_cand/protenix/8k5g_HL/d90/seed0_r3/results/8k5g_hl/seed_0/predictions/8k5g_hl_sample_4.cif,8k5g_HL,seed0_r3,8k5g_hl_sample_4.cif,0.49611
/mnt/data/msadepth/compreps/seedrep_cand/protenix/8k5g_HL/d90/seed1_r1/results/8k5g_hl/seed_0/predictions/8k5g_hl_sample_4.cif,8k5g_HL,seed1_r1,8k5g_hl_sample_4.cif,0.04383
/mnt/data/msadepth/compreps/seedrep_cand/protenix/8k5g_HL/d90/seed0_r2/results/8k5g_hl/seed_0/predictions/8k5g_hl_sample_0.cif,8k5g_HL,seed0_r2,8k5g_hl_sample_0.cif,0.45928
/mnt/data/msadepth/compreps/seedrep_cand/protenix/8k5g_HL/d90/seed1_r1/results/8k5g_hl/seed_0/predictions/8k5g_hl_sample_2.cif,8k5g_HL,seed1_r1,8k5g_hl_sample_2.cif,0.08038
/mnt/data/msadepth/compreps/seedrep_cand/protenix/8k5g_HL/d90/seed1_r0/results/8k5g_hl/seed_0/predictions/8k5g_hl_sample_3.cif,8k5g_HL,seed1_r0,8k5g_hl_sample_3.cif,0.06711
/mnt/data/msadepth/compreps/seedrep_cand/protenix/8k5g_HL/d90/seed1_r0/results/8k5g_hl/seed_0/predictions/8k5g_hl_sample_4.cif,8k5g_HL,seed1_r0,8k5g_hl_sample_4.cif,0.30132
/mnt/data/msadepth/compreps/seedrep_cand/protenix/8k5g_HL/d90/seed0_r2/results/8k5g_hl/seed_0/predictions/8k5g_hl_sample_3.cif,8k5g_HL,seed0_r2,8k5g_hl_sample_3.cif,0.43454
/mnt/data/msadepth/compreps/seedrep_cand/protenix/8k5g_HL/d90/seed1_r0/results/8k5g_hl/seed_0/predictions/8k5g_hl_sample_0.cif,8k5g_HL,seed1_r0,8k5g_hl_sample_0.cif,0.14197
/mnt/data/msadepth/compreps/seedrep_cand/protenix/8k5g_HL/d90/seed0_r3/results/8k5g_hl/seed_0/predictions/8k5g_hl_sample_3.cif,8k5g_HL,seed0_r3,8k5g_hl_sample_3.cif,0.42982
/mnt/data/msadepth/compreps/seedrep_cand/protenix/8k5g_HL/d90/seed0_r2/results/8k5g_hl/seed_0/predictions/8k5g_hl_sample_1.cif,8k5g_HL,seed0_r2,8k5g_hl_sample_1.cif,0.46215
/mnt/data/msadepth/compreps/seedrep_cand/protenix/8k5g_HL/d90/seed1_r0/results/8k5g_hl/seed_0/predictions/8k5g_hl_sample_2.cif,8k5g_HL,seed1_r0,8k5g_hl_sample_2.cif,0.2758
/mnt/data/msadepth/compreps/seedrep_cand/protenix/8k5g_HL/d90/seed0_r2/results/8k5g_hl/seed_0/predictions/8k5g_hl_sample_4.cif,8k5g_HL,seed0_r2,8k5g_hl_sample_4.cif,0.42011
/mnt/data/msadepth/compreps/seedrep_cand/protenix/8k5g_HL/d90/seed1_r1/results/8k5g_hl/seed_0/predictions/8k5g_hl_sample_3.cif,8k5g_HL,seed1_r1,8k5g_hl_sample_3.cif,0.2212
/mnt/data/msadepth/compreps/seedrep_cand/protenix/8k5g_HL/d90/seed0_r3/results/8k5g_hl/seed_0/predictions/8k5g_hl_sample_2.cif,8k5g_HL,seed0_r3,8k5g_hl_sample_2.cif,0.51016
/mnt/data/msadepth/compreps/seedrep_cand/protenix/8k5g_HL/d90/seed1_r1/results/8k5g_hl/seed_0/predictions/8k5g_hl_sample_1.cif,8k5g_HL,seed1_r1,8k5g_hl_sample_1.cif,0.21708
/mnt/data/msadepth/compreps/seedrep_cand/protenix/8k5g_HL/d90/seed1_r0/results/8k5g_hl/seed_0/predictions/8k5g_hl_sample_1.cif,8k5g_HL,seed1_r0,8k5g_hl_sample_1.cif,0.0969
/mnt/data/msadepth/compreps/seedrep_cand/protenix/8k5g_HL/d90/seed0_r3/results/8k5g_hl/seed_0/predictions/8k5g_hl_sample_1.cif,8k5g_HL,seed0_r3,8k5g_hl_sample_1.cif,0.5089
/mnt/data/msadepth/compreps/seedrep_cand/protenix/8k5g_HL/d90/seed0_r2/results/8k5g_hl/seed_0/predictions/8k5g_hl_sample_2.cif,8k5g_HL,seed0_r2,8k5g_hl_sample_2.cif,0.36927
/mnt/data/msadepth/compreps/seedrep_cand/protenix/8k5g_HL/d90/seed1_r1/results/8k5g_hl/seed_0/predictions/8k5g_hl_sample_0.cif,8k5g_HL,seed1_r1,8k5g_hl_sample_0.cif,0.10599
/mnt/data/msadepth/compreps/seedrep_cand/protenix/8k5g_HL/d90/seed0_r3/results/8k5g_hl/seed_0/predictions/8k5g_hl_sample_0.cif,8k5g_HL,seed0_r3,8k5g_hl_sample_0.cif,0.48366
/mnt/data/msadepth/compreps/seedrep_cand/protenix/8k5g_HL/d90/seed2_r0/results/8k5g_hl/seed_0/predictions/8k5g_hl_sample_4.cif,8k5g_HL,seed2_r0,8k5g_hl_sample_4.cif,0.1305
/mnt/data/msadepth/compreps/seedrep_cand/protenix/8k5g_HL/d90/seed2_r1/results/8k5g_hl/seed_0/predictions/8k5g_hl_sample_1.cif,8k5g_HL,seed2_r1,8k5g_hl_sample_1.cif,0.30997
/mnt/data/msadepth/compreps/seedrep_cand/protenix/8k5g_HL/d90/seed2_r0/results/8k5g_hl/seed_0/predictions/8k5g_hl_sample_2.cif,8k5g_HL,seed2_r0,8k5g_hl_sample_2.cif,0.32411
/mnt/data/msadepth/compreps/seedrep_cand/protenix/8k5g_HL/d90/seed1_r3/results/8k5g_hl/seed_0/predictions/8k5g_hl_sample_0.cif,8k5g_HL,seed1_r3,8k5g_hl_sample_0.cif,0.12591
/mnt/data/msadepth/compreps/seedrep_cand/protenix/8k5g_HL/d90/seed1_r2/results/8k5g_hl/seed_0/predictions/8k5g_hl_sample_0.cif,8k5g_HL,seed1_r2,8k5g_hl_sample_0.cif,0.26835
/mnt/data/msadepth/compreps/seedrep_cand/protenix/8k5g_HL/d90/seed1_r3/results/8k5g_hl/seed_0/predictions/8k5g_hl_sample_1.cif,8k5g_HL,seed1_r3,8k5g_hl_sample_1.cif,0.0693
/mnt/data/msadepth/compreps/seedrep_cand/protenix/8k5g_HL/d90/seed2_r1/results/8k5g_hl/seed_0/predictions/8k5g_hl_sample_3.cif,8k5g_HL,seed2_r1,8k5g_hl_sample_3.cif,0.36482
/mnt/data/msadepth/compreps/seedrep_cand/protenix/8k5g_HL/d90/seed1_r3/results/8k5g_hl/seed_0/predictions/8k5g_hl_sample_3.cif,8k5g_HL,seed1_r3,8k5g_hl_sample_3.cif,0.14143
/mnt/data/msadepth/compreps/seedrep_cand/protenix/8k5g_HL/d90/seed2_r1/results/8k5g_hl/seed_0/predictions/8k5g_hl_sample_4.cif,8k5g_HL,seed2_r1,8k5g_hl_sample_4.cif,0.40618
/mnt/data/msadepth/compreps/seedrep_cand/protenix/8k5g_HL/d90/seed1_r2/results/8k5g_hl/seed_0/predictions/8k5g_hl_sample_3.cif,8k5g_HL,seed1_r2,8k5g_hl_sample_3.cif,0.37656
/mnt/data/msadepth/compreps/seedrep_cand/protenix/8k5g_HL/d90/seed2_r0/results/8k5g_hl/seed_0/predictions/8k5g_hl_sample_3.cif,8k5g_HL,seed2_r0,8k5g_hl_sample_3.cif,0.32481
/mnt/data/msadepth/compreps/seedrep_cand/protenix/8k5g_HL/d90/seed1_r2/results/8k5g_hl/seed_0/predictions/8k5g_hl_sample_1.cif,8k5g_HL,seed1_r2,8k5g_hl_sample_1.cif,0.36016
/mnt/data/msadepth/compreps/seedrep_cand/protenix/8k5g_HL/d90/seed1_r3/results/8k5g_hl/seed_0/predictions/8k5g_hl_sample_2.cif,8k5g_HL,seed1_r3,8k5g_hl_sample_2.cif,0.0941
/mnt/data/msadepth/compreps/seedrep_cand/protenix/8k5g_HL/d90/seed2_r0/results/8k5g_hl/seed_0/predictions/8k5g_hl_sample_1.cif,8k5g_HL,seed2_r0,8k5g_hl_sample_1.cif,0.48158
/mnt/data/msadepth/compreps/seedrep_cand/protenix/8k5g_HL/d90/seed2_r0/results/8k5g_hl/seed_0/predictions/8k5g_hl_sample_0.cif,8k5g_HL,seed2_r0,8k5g_hl_sample_0.cif,0.327
/mnt/data/msadepth/compreps/seedrep_cand/protenix/8k5g_HL/d90/seed1_r2/results/8k5g_hl/seed_0/predictions/8k5g_hl_sample_2.cif,8k5g_HL,seed1_r2,8k5g_hl_sample_2.cif,0.24517
/mnt/data/msadepth/compreps/seedrep_cand/protenix/8k5g_HL/d90/seed2_r1/results/8k5g_hl/seed_0/predictions/8k5g_hl_sample_2.cif,8k5g_HL,seed2_r1,8k5g_hl_sample_2.cif,0.15671
/mnt/data/msadepth/compreps/seedrep_cand/protenix/8k5g_HL/d90/seed1_r2/results/8k5g_hl/seed_0/predictions/8k5g_hl_sample_4.cif,8k5g_HL,seed1_r2,8k5g_hl_sample_4.cif,0.22158
/mnt/data/msadepth/compreps/seedrep_cand/protenix/8k5g_HL/d90/seed2_r1/results/8k5g_hl/seed_0/predictions/8k5g_hl_sample_0.cif,8k5g_HL,seed2_r1,8k5g_hl_sample_0.cif,0.35744
/mnt/data/msadepth/compreps/seedrep_cand/protenix/8k5g_HL/d90/seed1_r3/results/8k5g_hl/seed_0/predictions/8k5g_hl_sample_4.cif,8k5g_HL,seed1_r3,8k5g_hl_sample_4.cif,0.06283
/mnt/data/msadepth/compreps/seedrep_cand/protenix/8k5g_HL/d90/seed2_r3/results/8k5g_hl/seed_0/predictions/8k5g_hl_sample_0.cif,8k5g_HL,seed2_r3,8k5g_hl_sample_0.cif,0.12785
/mnt/data/msadepth/compreps/seedrep_cand/protenix/8k5g_HL/d90/seed3_r0/results/8k5g_hl/seed_0/predictions/8k5g_hl_sample_2.cif,8k5g_HL,seed3_r0,8k5g_hl_sample_2.cif,0.26564
/mnt/data/msadepth/compreps/seedrep_cand/protenix/8k5g_HL/d90/seed3_r0/results/8k5g_hl/seed_0/predictions/8k5g_hl_sample_4.cif,8k5g_HL,seed3_r0,8k5g_hl_sample_4.cif,0.32235
/mnt/data/msadepth/compreps/seedrep_cand/protenix/8k5g_HL/d90/seed2_r3/results/8k5g_hl/seed_0/predictions/8k5g_hl_sample_2.cif,8k5g_HL,seed2_r3,8k5g_hl_sample_2.cif,0.20588
/mnt/data/msadepth/compreps/seedrep_cand/protenix/8k5g_HL/d90/seed2_r3/results/8k5g_hl/seed_0/predictions/8k5g_hl_sample_4.cif,8k5g_HL,seed2_r3,8k5g_hl_sample_4.cif,0.19101
/mnt/data/msadepth/compreps/seedrep_cand/protenix/8k5g_HL/d90/seed2_r3/results/8k5g_hl/seed_0/predictions/8k5g_hl_sample_1.cif,8k5g_HL,seed2_r3,8k5g_hl_sample_1.cif,0.19283
/mnt/data/msadepth/compreps/seedrep_cand/protenix/8k5g_HL/d90/seed2_r2/results/8k5g_hl/seed_0/predictions/8k5g_hl_sample_2.cif,8k5g_HL,seed2_r2,8k5g_hl_sample_2.cif,0.32936
/mnt/data/msadepth/compreps/seedrep_cand/protenix/8k5g_HL/d90/seed3_r0/results/8k5g_hl/seed_0/predictions/8k5g_hl_sample_3.cif,8k5g_HL,seed3_r0,8k5g_hl_sample_3.cif,0.339
/mnt/data/msadepth/compreps/seedrep_cand/protenix/8k5g_HL/d90/seed2_r2/results/8k5g_hl/seed_0/predictions/8k5g_hl_sample_4.cif,8k5g_HL,seed2_r2,8k5g_hl_sample_4.cif,0.2235
/mnt/data/msadepth/compreps/seedrep_cand/protenix/8k5g_HL/d90/seed2_r2/results/8k5g_hl/seed_0/predictions/8k5g_hl_sample_1.cif,8k5g_HL,seed2_r2,8k5g_hl_sample_1.cif,0.33073
/mnt/data/msadepth/compreps/seedrep_cand/protenix/8k5g_HL/d90/seed2_r2/results/8k5g_hl/seed_0/predictions/8k5g_hl_sample_0.cif,8k5g_HL,seed2_r2,8k5g_hl_sample_0.cif,0.47163
/mnt/data/msadepth/compreps/seedrep_cand/protenix/8k5g_HL/d90/seed3_r1/results/8k5g_hl/seed_0/predictions/8k5g_hl_sample_3.cif,8k5g_HL,seed3_r1,8k5g_hl_sample_3.cif,0.27886
/mnt/data/msadepth/compreps/seedrep_cand/protenix/8k5g_HL/d90/seed3_r0/results/8k5g_hl/seed_0/predictions/8k5g_hl_sample_0.cif,8k5g_HL,seed3_r0,8k5g_hl_sample_0.cif,0.39871
/mnt/data/msadepth/compreps/seedrep_cand/protenix/8k5g_HL/d90/seed3_r0/results/8k5g_hl/seed_0/predictions/8k5g_hl_sample_1.cif,8k5g_HL,seed3_r0,8k5g_hl_sample_1.cif,0.25277
/mnt/data/msadepth/compreps/seedrep_cand/protenix/8k5g_HL/d90/seed3_r1/results/8k5g_hl/seed_0/predictions/8k5g_hl_sample_1.cif,8k5g_HL,seed3_r1,8k5g_hl_sample_1.cif,0.18881
/mnt/data/msadepth/compreps/seedrep_cand/protenix/8k5g_HL/d90/seed3_r1/results/8k5g_hl/seed_0/predictions/8k5g_hl_sample_0.cif,8k5g_HL,seed3_r1,8k5g_hl_sample_0.cif,0.41293
/mnt/data/msadepth/compreps/seedrep_cand/protenix/8k5g_HL/d90/seed2_r2/results/8k5g_hl/seed_0/predictions/8k5g_hl_sample_3.cif,8k5g_HL,seed2_r2,8k5g_hl_sample_3.cif,0.20528
/mnt/data/msadepth/compreps/seedrep_cand/protenix/8k5g_HL/d90/seed2_r3/results/8k5g_hl/seed_0/predictions/8k5g_hl_sample_3.cif,8k5g_HL,seed2_r3,8k5g_hl_sample_3.cif,0.18561
/mnt/data/msadepth/compreps/seedrep_cand/protenix/8k5g_HL/d90/seed3_r1/results/8k5g_hl/seed_0/predictions/8k5g_hl_sample_4.cif,8k5g_HL,seed3_r1,8k5g_hl_sample_4.cif,0.44141
/mnt/data/msadepth/compreps/seedrep_cand/protenix/8k5g_HL/d90/seed3_r1/results/8k5g_hl/seed_0/predictions/8k5g_hl_sample_2.cif,8k5g_HL,seed3_r1,8k5g_hl_sample_2.cif,0.31105
/mnt/data/msadepth/compreps/seedrep_cand/protenix/8k5g_HL/d90/seed3_r3/results/8k5g_hl/seed_0/predictions/8k5g_hl_sample_3.cif,8k5g_HL,seed3_r3,8k5g_hl_sample_3.cif,0.29367
/mnt/data/msadepth/compreps/seedrep_cand/protenix/8k5g_HL/d90/seed4_r0/results/8k5g_hl/seed_0/predictions/8k5g_hl_sample_1.cif,8k5g_HL,seed4_r0,8k5g_hl_sample_1.cif,0.20068
/mnt/data/msadepth/compreps/seedrep_cand/protenix/8k5g_HL/d90/seed4_r1/results/8k5g_hl/seed_0/predictions/8k5g_hl_sample_2.cif,8k5g_HL,seed4_r1,8k5g_hl_sample_2.cif,0.14535
/mnt/data/msadepth/compreps/seedrep_cand/protenix/8k5g_HL/d90/seed4_r0/results/8k5g_hl/seed_0/predictions/8k5g_hl_sample_3.cif,8k5g_HL,seed4_r0,8k5g_hl_sample_3.cif,0.11594
/mnt/data/msadepth/compreps/seedrep_cand/protenix/8k5g_HL/d90/seed3_r3/results/8k5g_hl/seed_0/predictions/8k5g_hl_sample_0.cif,8k5g_HL,seed3_r3,8k5g_hl_sample_0.cif,0.39496
/mnt/data/msadepth/compreps/seedrep_cand/protenix/8k5g_HL/d90/seed3_r2/results/8k5g_hl/seed_0/predictions/8k5g_hl_sample_4.cif,8k5g_HL,seed3_r2,8k5g_hl_sample_4.cif,0.34768
/mnt/data/msadepth/compreps/seedrep_cand/protenix/8k5g_HL/d90/seed4_r1/results/8k5g_hl/seed_0/predictions/8k5g_hl_sample_1.cif,8k5g_HL,seed4_r1,8k5g_hl_sample_1.cif,0.14378
/mnt/data/msadepth/compreps/seedrep_cand/protenix/8k5g_HL/d90/seed4_r0/results/8k5g_hl/seed_0/predictions/8k5g_hl_sample_4.cif,8k5g_HL,seed4_r0,8k5g_hl_sample_4.cif,0.07991
/mnt/data/msadepth/compreps/seedrep_cand/protenix/8k5g_HL/d90/seed3_r3/results/8k5g_hl/seed_0/predictions/8k5g_hl_sample_4.cif,8k5g_HL,seed3_r3,8k5g_hl_sample_4.cif,0.33643
/mnt/data/msadepth/compreps/seedrep_cand/protenix/8k5g_HL/d90/seed3_r3/results/8k5g_hl/seed_0/predictions/8k5g_hl_sample_1.cif,8k5g_HL,seed3_r3,8k5g_hl_sample_1.cif,0.18487
/mnt/data/msadepth/compreps/seedrep_cand/protenix/8k5g_HL/d90/seed4_r1/results/8k5g_hl/seed_0/predictions/8k5g_hl_sample_3.cif,8k5g_HL,seed4_r1,8k5g_hl_sample_3.cif,0.19004
/mnt/data/msadepth/compreps/seedrep_cand/protenix/8k5g_HL/d90/seed4_r0/results/8k5g_hl/seed_0/predictions/8k5g_hl_sample_2.cif,8k5g_HL,seed4_r0,8k5g_hl_sample_2.cif,0.351
/mnt/data/msadepth/compreps/seedrep_cand/protenix/8k5g_HL/d90/seed4_r0/results/8k5g_hl/seed_0/predictions/8k5g_hl_sample_0.cif,8k5g_HL,seed4_r0,8k5g_hl_sample_0.cif,0.33958
/mnt/data/msadepth/compreps/seedrep_cand/protenix/8k5g_HL/d90/seed4_r1/results/8k5g_hl/seed_0/predictions/8k5g_hl_sample_4.cif,8k5g_HL,seed4_r1,8k5g_hl_sample_4.cif,0.08878
/mnt/data/msadepth/compreps/seedrep_cand/protenix/8k5g_HL/d90/seed4_r1/results/8k5g_hl/seed_0/predictions/8k5g_hl_sample_0.cif,8k5g_HL,seed4_r1,8k5g_hl_sample_0.cif,0.07446
/mnt/data/msadepth/compreps/seedrep_cand/protenix/8k5g_HL/d90/seed3_r3/results/8k5g_hl/seed_0/predictions/8k5g_hl_sample_2.cif,8k5g_HL,seed3_r3,8k5g_hl_sample_2.cif,0.38281
/mnt/data/msadepth/compreps/seedrep_cand/protenix/8k5g_HL/d90/seed3_r2/results/8k5g_hl/seed_0/predictions/8k5g_hl_sample_2.cif,8k5g_HL,seed3_r2,8k5g_hl_sample_2.cif,0.32416
/mnt/data/msadepth/compreps/seedrep_cand/protenix/8k5g_HL/d90/seed3_r2/results/8k5g_hl/seed_0/predictions/8k5g_hl_sample_1.cif,8k5g_HL,seed3_r2,8k5g_hl_sample_1.cif,0.23538
/mnt/data/msadepth/compreps/seedrep_cand/protenix/8k5g_HL/d90/seed3_r2/results/8k5g_hl/seed_0/predictions/8k5g_hl_sample_0.cif,8k5g_HL,seed3_r2,8k5g_hl_sample_0.cif,0.31604
/mnt/data/msadepth/compreps/seedrep_cand/protenix/8k5g_HL/d90/seed3_r2/results/8k5g_hl/seed_0/predictions/8k5g_hl_sample_3.cif,8k5g_HL,seed3_r2,8k5g_hl_sample_3.cif,0.24451
/mnt/data/msadepth/compreps/seedrep_cand/protenix/8k5g_HL/d90/seed5_r0/results/8k5g_hl/seed_0/predictions/8k5g_hl_sample_2.cif,8k5g_HL,seed5_r0,8k5g_hl_sample_2.cif,0.03868
/mnt/data/msadepth/compreps/seedrep_cand/protenix/8k5g_HL/d90/seed4_r2/results/8k5g_hl/seed_0/predictions/8k5g_hl_sample_0.cif,8k5g_HL,seed4_r2,8k5g_hl_sample_0.cif,0.10528
/mnt/data/msadepth/compreps/seedrep_cand/protenix/8k5g_HL/d90/seed4_r3/results/8k5g_hl/seed_0/predictions/8k5g_hl_sample_2.cif,8k5g_HL,seed4_r3,8k5g_hl_sample_2.cif,0.04512
/mnt/data/msadepth/compreps/seedrep_cand/protenix/8k5g_HL/d90/seed4_r2/results/8k5g_hl/seed_0/predictions/8k5g_hl_sample_2.cif,8k5g_HL,seed4_r2,8k5g_hl_sample_2.cif,0.05412
/mnt/data/msadepth/compreps/seedrep_cand/protenix/8k5g_HL/d90/seed5_r0/results/8k5g_hl/seed_0/predictions/8k5g_hl_sample_4.cif,8k5g_HL,seed5_r0,8k5g_hl_sample_4.cif,0.17863
/mnt/data/msadepth/compreps/seedrep_cand/protenix/8k5g_HL/d90/seed5_r1/results/8k5g_hl/seed_0/predictions/8k5g_hl_sample_4.cif,8k5g_HL,seed5_r1,8k5g_hl_sample_4.cif,0.42578
/mnt/data/msadepth/compreps/seedrep_cand/protenix/8k5g_HL/d90/seed4_r3/results/8k5g_hl/seed_0/predictions/8k5g_hl_sample_0.cif,8k5g_HL,seed4_r3,8k5g_hl_sample_0.cif,0.26266
/mnt/data/msadepth/compreps/seedrep_cand/protenix/8k5g_HL/d90/seed4_r3/results/8k5g_hl/seed_0/predictions/8k5g_hl_sample_1.cif,8k5g_HL,seed4_r3,8k5g_hl_sample_1.cif,0.04726
/mnt/data/msadepth/compreps/seedrep_cand/protenix/8k5g_HL/d90/seed4_r2/results/8k5g_hl/seed_0/predictions/8k5g_hl_sample_3.cif,8k5g_HL,seed4_r2,8k5g_hl_sample_3.cif,0.06995
/mnt/data/msadepth/compreps/seedrep_cand/protenix/8k5g_HL/d90/seed4_r3/results/8k5g_hl/seed_0/predictions/8k5g_hl_sample_3.cif,8k5g_HL,seed4_r3,8k5g_hl_sample_3.cif,0.14283
/mnt/data/msadepth/compreps/seedrep_cand/protenix/8k5g_HL/d90/seed5_r1/results/8k5g_hl/seed_0/predictions/8k5g_hl_sample_0.cif,8k5g_HL,seed5_r1,8k5g_hl_sample_0.cif,0.26148
/mnt/data/msadepth/compreps/seedrep_cand/protenix/8k5g_HL/d90/seed5_r0/results/8k5g_hl/seed_0/predictions/8k5g_hl_sample_1.cif,8k5g_HL,seed5_r0,8k5g_hl_sample_1.cif,0.18658
/mnt/data/msadepth/compreps/seedrep_cand/protenix/8k5g_HL/d90/seed4_r2/results/8k5g_hl/seed_0/predictions/8k5g_hl_sample_1.cif,8k5g_HL,seed4_r2,8k5g_hl_sample_1.cif,0.07692
/mnt/data/msadepth/compreps/seedrep_cand/protenix/8k5g_HL/d90/seed4_r3/results/8k5g_hl/seed_0/predictions/8k5g_hl_sample_4.cif,8k5g_HL,seed4_r3,8k5g_hl_sample_4.cif,0.23963
/mnt/data/msadepth/compreps/seedrep_cand/protenix/8k5g_HL/d90/seed5_r1/results/8k5g_hl/seed_0/predictions/8k5g_hl_sample_1.cif,8k5g_HL,seed5_r1,8k5g_hl_sample_1.cif,0.13603
/mnt/data/msadepth/compreps/seedrep_cand/protenix/8k5g_HL/d90/seed4_r2/results/8k5g_hl/seed_0/predictions/8k5g_hl_sample_4.cif,8k5g_HL,seed4_r2,8k5g_hl_sample_4.cif,0.06273
/mnt/data/msadepth/compreps/seedrep_cand/protenix/8k5g_HL/d90/seed5_r1/results/8k5g_hl/seed_0/predictions/8k5g_hl_sample_3.cif,8k5g_HL,seed5_r1,8k5g_hl_sample_3.cif,0.18544
/mnt/data/msadepth/compreps/seedrep_cand/protenix/8k5g_HL/d90/seed5_r0/results/8k5g_hl/seed_0/predictions/8k5g_hl_sample_0.cif,8k5g_HL,seed5_r0,8k5g_hl_sample_0.cif,0.14655
/mnt/data/msadepth/compreps/seedrep_cand/protenix/8k5g_HL/d90/seed5_r0/results/8k5g_hl/seed_0/predictions/8k5g_hl_sample_3.cif,8k5g_HL,seed5_r0,8k5g_hl_sample_3.cif,0.30882
/mnt/data/msadepth/compreps/seedrep_cand/protenix/8k5g_HL/d90/seed5_r1/results/8k5g_hl/seed_0/predictions/8k5g_hl_sample_2.cif,8k5g_HL,seed5_r1,8k5g_hl_sample_2.cif,0.06372
/mnt/data/msadepth/compreps/seedrep_cand/protenix/8k5g_HL/d90/seedfull_r0/results/8k5g_hl/seed_0/predictions/8k5g_hl_sample_4.cif,8k5g_HL,seedfull_r0,8k5g_hl_sample_4.cif,0.48236
/mnt/data/msadepth/compreps/seedrep_cand/protenix/8k5g_HL/d90/seedfull_r1/results/8k5g_hl/seed_0/predictions/8k5g_hl_sample_1.cif,8k5g_HL,seedfull_r1,8k5g_hl_sample_1.cif,0.448
/mnt/data/msadepth/compreps/seedrep_cand/protenix/8k5g_HL/d90/seed5_r2/results/8k5g_hl/seed_0/predictions/8k5g_hl_sample_4.cif,8k5g_HL,seed5_r2,8k5g_hl_sample_4.cif,0.20982
/mnt/data/msadepth/compreps/seedrep_cand/protenix/8k5g_HL/d90/seed5_r2/results/8k5g_hl/seed_0/predictions/8k5g_hl_sample_0.cif,8k5g_HL,seed5_r2,8k5g_hl_sample_0.cif,0.3113
/mnt/data/msadepth/compreps/seedrep_cand/protenix/8k5g_HL/d90/seed5_r2/results/8k5g_hl/seed_0/predictions/8k5g_hl_sample_2.cif,8k5g_HL,seed5_r2,8k5g_hl_sample_2.cif,0.19483
/mnt/data/msadepth/compreps/seedrep_cand/protenix/8k5g_HL/d90/seedfull_r0/results/8k5g_hl/seed_0/predictions/8k5g_hl_sample_0.cif,8k5g_HL,seedfull_r0,8k5g_hl_sample_0.cif,0.4694
/mnt/data/msadepth/compreps/seedrep_cand/protenix/8k5g_HL/d90/seed5_r3/results/8k5g_hl/seed_0/predictions/8k5g_hl_sample_1.cif,8k5g_HL,seed5_r3,8k5g_hl_sample_1.cif,0.06905
/mnt/data/msadepth/compreps/seedrep_cand/protenix/8k5g_HL/d90/seedfull_r0/results/8k5g_hl/seed_0/predictions/8k5g_hl_sample_3.cif,8k5g_HL,seedfull_r0,8k5g_hl_sample_3.cif,0.48501
/mnt/data/msadepth/compreps/seedrep_cand/protenix/8k5g_HL/d90/seed5_r3/results/8k5g_hl/seed_0/predictions/8k5g_hl_sample_3.cif,8k5g_HL,seed5_r3,8k5g_hl_sample_3.cif,0.14204
/mnt/data/msadepth/compreps/seedrep_cand/protenix/8k5g_HL/d90/seed5_r3/results/8k5g_hl/seed_0/predictions/8k5g_hl_sample_4.cif,8k5g_HL,seed5_r3,8k5g_hl_sample_4.cif,0.35508
/mnt/data/msadepth/compreps/seedrep_cand/protenix/8k5g_HL/d90/seedfull_r0/results/8k5g_hl/seed_0/predictions/8k5g_hl_sample_1.cif,8k5g_HL,seedfull_r0,8k5g_hl_sample_1.cif,0.42283
/mnt/data/msadepth/compreps/seedrep_cand/protenix/8k5g_HL/d90/seedfull_r1/results/8k5g_hl/seed_0/predictions/8k5g_hl_sample_4.cif,8k5g_HL,seedfull_r1,8k5g_hl_sample_4.cif,0.43172
/mnt/data/msadepth/compreps/seedrep_cand/protenix/8k5g_HL/d90/seedfull_r1/results/8k5g_hl/seed_0/predictions/8k5g_hl_sample_0.cif,8k5g_HL,seedfull_r1,8k5g_hl_sample_0.cif,0.32202
/mnt/data/msadepth/compreps/seedrep_cand/protenix/8k5g_HL/d90/seed5_r2/results/8k5g_hl/seed_0/predictions/8k5g_hl_sample_1.cif,8k5g_HL,seed5_r2,8k5g_hl_sample_1.cif,0.22716
/mnt/data/msadepth/compreps/seedrep_cand/protenix/8k5g_HL/d90/seed5_r3/results/8k5g_hl/seed_0/predictions/8k5g_hl_sample_2.cif,8k5g_HL,seed5_r3,8k5g_hl_sample_2.cif,0.26113
/mnt/data/msadepth/compreps/seedrep_cand/protenix/8k5g_HL/d90/seedfull_r1/results/8k5g_hl/seed_0/predictions/8k5g_hl_sample_2.cif,8k5g_HL,seedfull_r1,8k5g_hl_sample_2.cif,0.35035
/mnt/data/msadepth/compreps/seedrep_cand/protenix/8k5g_HL/d90/seedfull_r0/results/8k5g_hl/seed_0/predictions/8k5g_hl_sample_2.cif,8k5g_HL,seedfull_r0,8k5g_hl_sample_2.cif,0.47477
/mnt/data/msadepth/compreps/seedrep_cand/protenix/8k5g_HL/d90/seed5_r3/results/8k5g_hl/seed_0/predictions/8k5g_hl_sample_0.cif,8k5g_HL,seed5_r3,8k5g_hl_sample_0.cif,0.26892
/mnt/data/msadepth/compreps/seedrep_cand/protenix/8k5g_HL/d90/seed5_r2/results/8k5g_hl/seed_0/predictions/8k5g_hl_sample_3.cif,8k5g_HL,seed5_r2,8k5g_hl_sample_3.cif,0.18103
/mnt/data/msadepth/compreps/seedrep_cand/protenix/8k5g_HL/d90/seedfull_r1/results/8k5g_hl/seed_0/predictions/8k5g_hl_sample_3.cif,8k5g_HL,seedfull_r1,8k5g_hl_sample_3.cif,0.38794
/mnt/data/msadepth/compreps/seedrep_cand/protenix/8k5g_HL/d90/seedfull_r3/results/8k5g_hl/seed_0/predictions/8k5g_hl_sample_3.cif,8k5g_HL,seedfull_r3,8k5g_hl_sample_3.cif,0.40091
/mnt/data/msadepth/compreps/seedrep_cand/protenix/8k5g_HL/d90/seedfull_r3/results/8k5g_hl/seed_0/predictions/8k5g_hl_sample_1.cif,8k5g_HL,seedfull_r3,8k5g_hl_sample_1.cif,0.20065
/mnt/data/msadepth/compreps/seedrep_cand/protenix/8k5g_HL/d90/seedfull_r2/results/8k5g_hl/seed_0/predictions/8k5g_hl_sample_0.cif,8k5g_HL,seedfull_r2,8k5g_hl_sample_0.cif,0.3271
/mnt/data/msadepth/compreps/seedrep_cand/protenix/8k5g_HL/d90/seedfull_r2/results/8k5g_hl/seed_0/predictions/8k5g_hl_sample_2.cif,8k5g_HL,seedfull_r2,8k5g_hl_sample_2.cif,0.16922
/mnt/data/msadepth/compreps/seedrep_cand/protenix/8k5g_HL/d90/seedfull_r5/results/8k5g_hl/seed_0/predictions/8k5g_hl_sample_2.cif,8k5g_HL,seedfull_r5,8k5g_hl_sample_2.cif,0.45918
/mnt/data/msadepth/compreps/seedrep_cand/protenix/8k5g_HL/d90/seedfull_r3/results/8k5g_hl/seed_0/predictions/8k5g_hl_sample_4.cif,8k5g_HL,seedfull_r3,8k5g_hl_sample_4.cif,0.37039
/mnt/data/msadepth/compreps/seedrep_cand/protenix/8k5g_HL/d90/seedfull_r4/results/8k5g_hl/seed_0/predictions/8k5g_hl_sample_3.cif,8k5g_HL,seedfull_r4,8k5g_hl_sample_3.cif,0.56378
/mnt/data/msadepth/compreps/seedrep_cand/protenix/8k5g_HL/d90/seedfull_r2/results/8k5g_hl/seed_0/predictions/8k5g_hl_sample_3.cif,8k5g_HL,seedfull_r2,8k5g_hl_sample_3.cif,0.18264
/mnt/data/msadepth/compreps/seedrep_cand/protenix/8k5g_HL/d90/seedfull_r5/results/8k5g_hl/seed_0/predictions/8k5g_hl_sample_4.cif,8k5g_HL,seedfull_r5,8k5g_hl_sample_4.cif,0.48515
/mnt/data/msadepth/compreps/seedrep_cand/protenix/8k5g_HL/d90/seedfull_r4/results/8k5g_hl/seed_0/predictions/8k5g_hl_sample_2.cif,8k5g_HL,seedfull_r4,8k5g_hl_sample_2.cif,0.51739
/mnt/data/msadepth/compreps/seedrep_cand/protenix/8k5g_HL/d90/seedfull_r5/results/8k5g_hl/seed_0/predictions/8k5g_hl_sample_3.cif,8k5g_HL,seedfull_r5,8k5g_hl_sample_3.cif,0.4918
/mnt/data/msadepth/compreps/seedrep_cand/protenix/8k5g_HL/d90/seedfull_r4/results/8k5g_hl/seed_0/predictions/8k5g_hl_sample_0.cif,8k5g_HL,seedfull_r4,8k5g_hl_sample_0.cif,0.49599
/mnt/data/msadepth/compreps/seedrep_cand/protenix/8k5g_HL/d90/seedfull_r5/results/8k5g_hl/seed_0/predictions/8k5g_hl_sample_1.cif,8k5g_HL,seedfull_r5,8k5g_hl_sample_1.cif,0.4457
/mnt/data/msadepth/compreps/seedrep_cand/protenix/8k5g_HL/d90/seedfull_r2/results/8k5g_hl/seed_0/predictions/8k5g_hl_sample_4.cif,8k5g_HL,seedfull_r2,8k5g_hl_sample_4.cif,0.15323
/mnt/data/msadepth/compreps/seedrep_cand/protenix/8k5g_HL/d90/seedfull_r3/results/8k5g_hl/seed_0/predictions/8k5g_hl_sample_2.cif,8k5g_HL,seedfull_r3,8k5g_hl_sample_2.cif,0.17256
/mnt/data/msadepth/compreps/seedrep_cand/protenix/8k5g_HL/d90/seedfull_r3/results/8k5g_hl/seed_0/predictions/8k5g_hl_sample_0.cif,8k5g_HL,seedfull_r3,8k5g_hl_sample_0.cif,0.13551
/mnt/data/msadepth/compreps/seedrep_cand/protenix/8k5g_HL/d90/seedfull_r5/results/8k5g_hl/seed_0/predictions/8k5g_hl_sample_0.cif,8k5g_HL,seedfull_r5,8k5g_hl_sample_0.cif,0.49292
/mnt/data/msadepth/compreps/seedrep_cand/protenix/8k5g_HL/d90/seedfull_r2/results/8k5g_hl/seed_0/predictions/8k5g_hl_sample_1.cif,8k5g_HL,seedfull_r2,8k5g_hl_sample_1.cif,0.15066
/mnt/data/msadepth/compreps/seedrep_cand/protenix/8k5g_HL/d90/seedfull_r4/results/8k5g_hl/seed_0/predictions/8k5g_hl_sample_4.cif,8k5g_HL,seedfull_r4,8k5g_hl_sample_4.cif,0.51076
/mnt/data/msadepth/compreps/seedrep_cand/protenix/8k5g_HL/d90/seedfull_r4/results/8k5g_hl/seed_0/predictions/8k5g_hl_sample_1.cif,8k5g_HL,seedfull_r4,8k5g_hl_sample_1.cif,0.50515
/mnt/data/msadepth/compreps/seedrep_cand/protenix/8k5g_HL/d90/seedfull_r6/results/8k5g_hl/seed_0/predictions/8k5g_hl_sample_0.cif,8k5g_HL,seedfull_r6,8k5g_hl_sample_0.cif,0.31743
/mnt/data/msadepth/compreps/seedrep_cand/protenix/8k5g_HL/d90/seedfull_r7/results/8k5g_hl/seed_0/predictions/8k5g_hl_sample_1.cif,8k5g_HL,seedfull_r7,8k5g_hl_sample_1.cif,0.15032
/mnt/data/msadepth/compreps/seedrep_cand/protenix/8k5g_HL/d90/seedfull_r6/results/8k5g_hl/seed_0/predictions/8k5g_hl_sample_1.cif,8k5g_HL,seedfull_r6,8k5g_hl_sample_1.cif,0.16093
/mnt/data/msadepth/compreps/seedrep_cand/protenix/8k5g_HL/d90/seedfull_r6/results/8k5g_hl/seed_0/predictions/8k5g_hl_sample_3.cif,8k5g_HL,seedfull_r6,8k5g_hl_sample_3.cif,0.28205
/mnt/data/msadepth/compreps/seedrep_cand/protenix/8k5g_HL/d90/seedfull_r7/results/8k5g_hl/seed_0/predictions/8k5g_hl_sample_0.cif,8k5g_HL,seedfull_r7,8k5g_hl_sample_0.cif,0.04522
/mnt/data/msadepth/compreps/seedrep_cand/protenix/8k5g_HL/d90/seedfull_r6/results/8k5g_hl/seed_0/predictions/8k5g_hl_sample_2.cif,8k5g_HL,seedfull_r6,8k5g_hl_sample_2.cif,0.12809
/mnt/data/msadepth/compreps/seedrep_cand/protenix/8k5g_HL/d90/seedfull_r6/results/8k5g_hl/seed_0/predictions/8k5g_hl_sample_4.cif,8k5g_HL,seedfull_r6,8k5g_hl_sample_4.cif,0.20416
/mnt/data/msadepth/compreps/seedrep_cand/protenix/8k5g_HL/d90/seedfull_r7/results/8k5g_hl/seed_0/predictions/8k5g_hl_sample_2.cif,8k5g_HL,seedfull_r7,8k5g_hl_sample_2.cif,0.22501
/mnt/data/msadepth/compreps/seedrep_cand/protenix/8k5g_HL/d90/seedfull_r7/results/8k5g_hl/seed_0/predictions/8k5g_hl_sample_4.cif,8k5g_HL,seedfull_r7,8k5g_hl_sample_4.cif,0.13025
/mnt/data/msadepth/compreps/seedrep_cand/protenix/8k5g_HL/d90/seedfull_r7/results/8k5g_hl/seed_0/predictions/8k5g_hl_sample_3.cif,8k5g_HL,seedfull_r7,8k5g_hl_sample_3.cif,0.11739
/mnt/data/msadepth/compreps/seedrep_cand/protenix/8k5h_HL/d15/seed0_r1/results/8k5h_hl/seed_0/predictions/8k5h_hl_sample_1.cif,8k5h_HL,seed0_r1,8k5h_hl_sample_1.cif,0.23119
/mnt/data/msadepth/compreps/seedrep_cand/protenix/8k5h_HL/d15/seed0_r1/results/8k5h_hl/seed_0/predictions/8k5h_hl_sample_4.cif,8k5h_HL,seed0_r1,8k5h_hl_sample_4.cif,0.2319
/mnt/data/msadepth/compreps/seedrep_cand/protenix/8k5h_HL/d15/seed0_r2/results/8k5h_hl/seed_0/predictions/8k5h_hl_sample_2.cif,8k5h_HL,seed0_r2,8k5h_hl_sample_2.cif,0.3902
/mnt/data/msadepth/compreps/seedrep_cand/protenix/8k5h_HL/d15/seed0_r2/results/8k5h_hl/seed_0/predictions/8k5h_hl_sample_1.cif,8k5h_HL,seed0_r2,8k5h_hl_sample_1.cif,0.21672
/mnt/data/msadepth/compreps/seedrep_cand/protenix/8k5h_HL/d15/seed0_r0/results/8k5h_hl/seed_0/predictions/8k5h_hl_sample_2.cif,8k5h_HL,seed0_r0,8k5h_hl_sample_2.cif,0.13853
/mnt/data/msadepth/compreps/seedrep_cand/protenix/8k5h_HL/d15/seed0_r1/results/8k5h_hl/seed_0/predictions/8k5h_hl_sample_3.cif,8k5h_HL,seed0_r1,8k5h_hl_sample_3.cif,0.26571
/mnt/data/msadepth/compreps/seedrep_cand/protenix/8k5h_HL/d15/seed0_r1/results/8k5h_hl/seed_0/predictions/8k5h_hl_sample_2.cif,8k5h_HL,seed0_r1,8k5h_hl_sample_2.cif,0.13497
/mnt/data/msadepth/compreps/seedrep_cand/protenix/8k5h_HL/d15/seed0_r2/results/8k5h_hl/seed_0/predictions/8k5h_hl_sample_0.cif,8k5h_HL,seed0_r2,8k5h_hl_sample_0.cif,0.40515
/mnt/data/msadepth/compreps/seedrep_cand/protenix/8k5h_HL/d15/seed0_r0/results/8k5h_hl/seed_0/predictions/8k5h_hl_sample_4.cif,8k5h_HL,seed0_r0,8k5h_hl_sample_4.cif,0.353
/mnt/data/msadepth/compreps/seedrep_cand/protenix/8k5h_HL/d15/seed0_r2/results/8k5h_hl/seed_0/predictions/8k5h_hl_sample_4.cif,8k5h_HL,seed0_r2,8k5h_hl_sample_4.cif,0.33903
/mnt/data/msadepth/compreps/seedrep_cand/protenix/8k5h_HL/d15/seed0_r0/results/8k5h_hl/seed_0/predictions/8k5h_hl_sample_0.cif,8k5h_HL,seed0_r0,8k5h_hl_sample_0.cif,0.05565
/mnt/data/msadepth/compreps/seedrep_cand/protenix/8k5h_HL/d15/seed0_r3/results/8k5h_hl/seed_0/predictions/8k5h_hl_sample_2.cif,8k5h_HL,seed0_r3,8k5h_hl_sample_2.cif,0.17749
/mnt/data/msadepth/compreps/seedrep_cand/protenix/8k5h_HL/d15/seed0_r0/results/8k5h_hl/seed_0/predictions/8k5h_hl_sample_1.cif,8k5h_HL,seed0_r0,8k5h_hl_sample_1.cif,0.29516
/mnt/data/msadepth/compreps/seedrep_cand/protenix/8k5h_HL/d15/seed0_r3/results/8k5h_hl/seed_0/predictions/8k5h_hl_sample_0.cif,8k5h_HL,seed0_r3,8k5h_hl_sample_0.cif,0.06131
/mnt/data/msadepth/compreps/seedrep_cand/protenix/8k5h_HL/d15/seed0_r3/results/8k5h_hl/seed_0/predictions/8k5h_hl_sample_3.cif,8k5h_HL,seed0_r3,8k5h_hl_sample_3.cif,0.16486
/mnt/data/msadepth/compreps/seedrep_cand/protenix/8k5h_HL/d15/seed0_r3/results/8k5h_hl/seed_0/predictions/8k5h_hl_sample_4.cif,8k5h_HL,seed0_r3,8k5h_hl_sample_4.cif,0.06929
/mnt/data/msadepth/compreps/seedrep_cand/protenix/8k5h_HL/d15/seed0_r0/results/8k5h_hl/seed_0/predictions/8k5h_hl_sample_3.cif,8k5h_HL,seed0_r0,8k5h_hl_sample_3.cif,0.19623
/mnt/data/msadepth/compreps/seedrep_cand/protenix/8k5h_HL/d15/seed0_r3/results/8k5h_hl/seed_0/predictions/8k5h_hl_sample_1.cif,8k5h_HL,seed0_r3,8k5h_hl_sample_1.cif,0.05955
/mnt/data/msadepth/compreps/seedrep_cand/protenix/8k5h_HL/d15/seed0_r2/results/8k5h_hl/seed_0/predictions/8k5h_hl_sample_3.cif,8k5h_HL,seed0_r2,8k5h_hl_sample_3.cif,0.18469
/mnt/data/msadepth/compreps/seedrep_cand/protenix/8k5h_HL/d15/seed0_r1/results/8k5h_hl/seed_0/predictions/8k5h_hl_sample_0.cif,8k5h_HL,seed0_r1,8k5h_hl_sample_0.cif,0.31743
/mnt/data/msadepth/compreps/seedrep_cand/protenix/8k5h_HL/d15/seed1_r1/results/8k5h_hl/seed_0/predictions/8k5h_hl_sample_4.cif,8k5h_HL,seed1_r1,8k5h_hl_sample_4.cif,0.1827
/mnt/data/msadepth/compreps/seedrep_cand/protenix/8k5h_HL/d15/seed1_r3/results/8k5h_hl/seed_0/predictions/8k5h_hl_sample_2.cif,8k5h_HL,seed1_r3,8k5h_hl_sample_2.cif,0.21051
/mnt/data/msadepth/compreps/seedrep_cand/protenix/8k5h_HL/d15/seed1_r3/results/8k5h_hl/seed_0/predictions/8k5h_hl_sample_4.cif,8k5h_HL,seed1_r3,8k5h_hl_sample_4.cif,0.24522
/mnt/data/msadepth/compreps/seedrep_cand/protenix/8k5h_HL/d15/seed1_r3/results/8k5h_hl/seed_0/predictions/8k5h_hl_sample_0.cif,8k5h_HL,seed1_r3,8k5h_hl_sample_0.cif,0.34459
/mnt/data/msadepth/compreps/seedrep_cand/protenix/8k5h_HL/d15/seed1_r0/results/8k5h_hl/seed_0/predictions/8k5h_hl_sample_2.cif,8k5h_HL,seed1_r0,8k5h_hl_sample_2.cif,0.18645
/mnt/data/msadepth/compreps/seedrep_cand/protenix/8k5h_HL/d15/seed1_r3/results/8k5h_hl/seed_0/predictions/8k5h_hl_sample_3.cif,8k5h_HL,seed1_r3,8k5h_hl_sample_3.cif,0.14379
/mnt/data/msadepth/compreps/seedrep_cand/protenix/8k5h_HL/d15/seed1_r1/results/8k5h_hl/seed_0/predictions/8k5h_hl_sample_2.cif,8k5h_HL,seed1_r1,8k5h_hl_sample_2.cif,0.2287
/mnt/data/msadepth/compreps/seedrep_cand/protenix/8k5h_HL/d15/seed1_r2/results/8k5h_hl/seed_0/predictions/8k5h_hl_sample_4.cif,8k5h_HL,seed1_r2,8k5h_hl_sample_4.cif,0.36118
/mnt/data/msadepth/compreps/seedrep_cand/protenix/8k5h_HL/d15/seed1_r0/results/8k5h_hl/seed_0/predictions/8k5h_hl_sample_1.cif,8k5h_HL,seed1_r0,8k5h_hl_sample_1.cif,0.14448
/mnt/data/msadepth/compreps/seedrep_cand/protenix/8k5h_HL/d15/seed1_r3/results/8k5h_hl/seed_0/predictions/8k5h_hl_sample_1.cif,8k5h_HL,seed1_r3,8k5h_hl_sample_1.cif,0.26498
/mnt/data/msadepth/compreps/seedrep_cand/protenix/8k5h_HL/d15/seed1_r2/results/8k5h_hl/seed_0/predictions/8k5h_hl_sample_3.cif,8k5h_HL,seed1_r2,8k5h_hl_sample_3.cif,0.29629
/mnt/data/msadepth/compreps/seedrep_cand/protenix/8k5h_HL/d15/seed1_r2/results/8k5h_hl/seed_0/predictions/8k5h_hl_sample_2.cif,8k5h_HL,seed1_r2,8k5h_hl_sample_2.cif,0.27264
/mnt/data/msadepth/compreps/seedrep_cand/protenix/8k5h_HL/d15/seed1_r1/results/8k5h_hl/seed_0/predictions/8k5h_hl_sample_1.cif,8k5h_HL,seed1_r1,8k5h_hl_sample_1.cif,0.292
/mnt/data/msadepth/compreps/seedrep_cand/protenix/8k5h_HL/d15/seed1_r0/results/8k5h_hl/seed_0/predictions/8k5h_hl_sample_4.cif,8k5h_HL,seed1_r0,8k5h_hl_sample_4.cif,0.28188
/mnt/data/msadepth/compreps/seedrep_cand/protenix/8k5h_HL/d15/seed1_r2/results/8k5h_hl/seed_0/predictions/8k5h_hl_sample_0.cif,8k5h_HL,seed1_r2,8k5h_hl_sample_0.cif,0.23271
/mnt/data/msadepth/compreps/seedrep_cand/protenix/8k5h_HL/d15/seed1_r1/results/8k5h_hl/seed_0/predictions/8k5h_hl_sample_3.cif,8k5h_HL,seed1_r1,8k5h_hl_sample_3.cif,0.25385
/mnt/data/msadepth/compreps/seedrep_cand/protenix/8k5h_HL/d15/seed1_r0/results/8k5h_hl/seed_0/predictions/8k5h_hl_sample_3.cif,8k5h_HL,seed1_r0,8k5h_hl_sample_3.cif,0.33
/mnt/data/msadepth/compreps/seedrep_cand/protenix/8k5h_HL/d15/seed1_r2/results/8k5h_hl/seed_0/predictions/8k5h_hl_sample_1.cif,8k5h_HL,seed1_r2,8k5h_hl_sample_1.cif,0.16311
/mnt/data/msadepth/compreps/seedrep_cand/protenix/8k5h_HL/d15/seed1_r1/results/8k5h_hl/seed_0/predictions/8k5h_hl_sample_0.cif,8k5h_HL,seed1_r1,8k5h_hl_sample_0.cif,0.36393
/mnt/data/msadepth/compreps/seedrep_cand/protenix/8k5h_HL/d15/seed1_r0/results/8k5h_hl/seed_0/predictions/8k5h_hl_sample_0.cif,8k5h_HL,seed1_r0,8k5h_hl_sample_0.cif,0.32574
/mnt/data/msadepth/compreps/seedrep_cand/protenix/8k5h_HL/d15/seed2_r2/results/8k5h_hl/seed_0/predictions/8k5h_hl_sample_2.cif,8k5h_HL,seed2_r2,8k5h_hl_sample_2.cif,0.36971
/mnt/data/msadepth/compreps/seedrep_cand/protenix/8k5h_HL/d15/seed2_r0/results/8k5h_hl/seed_0/predictions/8k5h_hl_sample_1.cif,8k5h_HL,seed2_r0,8k5h_hl_sample_1.cif,0.35697
/mnt/data/msadepth/compreps/seedrep_cand/protenix/8k5h_HL/d15/seed2_r1/results/8k5h_hl/seed_0/predictions/8k5h_hl_sample_1.cif,8k5h_HL,seed2_r1,8k5h_hl_sample_1.cif,0.39162
/mnt/data/msadepth/compreps/seedrep_cand/protenix/8k5h_HL/d15/seed2_r1/results/8k5h_hl/seed_0/predictions/8k5h_hl_sample_4.cif,8k5h_HL,seed2_r1,8k5h_hl_sample_4.cif,0.17838
/mnt/data/msadepth/compreps/seedrep_cand/protenix/8k5h_HL/d15/seed2_r2/results/8k5h_hl/seed_0/predictions/8k5h_hl_sample_3.cif,8k5h_HL,seed2_r2,8k5h_hl_sample_3.cif,0.12079
/mnt/data/msadepth/compreps/seedrep_cand/protenix/8k5h_HL/d15/seed2_r0/results/8k5h_hl/seed_0/predictions/8k5h_hl_sample_2.cif,8k5h_HL,seed2_r0,8k5h_hl_sample_2.cif,0.0759
/mnt/data/msadepth/compreps/seedrep_cand/protenix/8k5h_HL/d15/seed2_r3/results/8k5h_hl/seed_0/predictions/8k5h_hl_sample_2.cif,8k5h_HL,seed2_r3,8k5h_hl_sample_2.cif,0.35268
/mnt/data/msadepth/compreps/seedrep_cand/protenix/8k5h_HL/d15/seed2_r3/results/8k5h_hl/seed_0/predictions/8k5h_hl_sample_1.cif,8k5h_HL,seed2_r3,8k5h_hl_sample_1.cif,0.20547
/mnt/data/msadepth/compreps/seedrep_cand/protenix/8k5h_HL/d15/seed2_r3/results/8k5h_hl/seed_0/predictions/8k5h_hl_sample_3.cif,8k5h_HL,seed2_r3,8k5h_hl_sample_3.cif,0.25702
/mnt/data/msadepth/compreps/seedrep_cand/protenix/8k5h_HL/d15/seed2_r1/results/8k5h_hl/seed_0/predictions/8k5h_hl_sample_2.cif,8k5h_HL,seed2_r1,8k5h_hl_sample_2.cif,0.13824
/mnt/data/msadepth/compreps/seedrep_cand/protenix/8k5h_HL/d15/seed2_r2/results/8k5h_hl/seed_0/predictions/8k5h_hl_sample_1.cif,8k5h_HL,seed2_r2,8k5h_hl_sample_1.cif,0.26325
/mnt/data/msadepth/compreps/seedrep_cand/protenix/8k5h_HL/d15/seed2_r2/results/8k5h_hl/seed_0/predictions/8k5h_hl_sample_0.cif,8k5h_HL,seed2_r2,8k5h_hl_sample_0.cif,0.33952
/mnt/data/msadepth/compreps/seedrep_cand/protenix/8k5h_HL/d15/seed2_r1/results/8k5h_hl/seed_0/predictions/8k5h_hl_sample_0.cif,8k5h_HL,seed2_r1,8k5h_hl_sample_0.cif,0.32682
/mnt/data/msadepth/compreps/seedrep_cand/protenix/8k5h_HL/d15/seed2_r3/results/8k5h_hl/seed_0/predictions/8k5h_hl_sample_0.cif,8k5h_HL,seed2_r3,8k5h_hl_sample_0.cif,0.31962
/mnt/data/msadepth/compreps/seedrep_cand/protenix/8k5h_HL/d15/seed2_r0/results/8k5h_hl/seed_0/predictions/8k5h_hl_sample_3.cif,8k5h_HL,seed2_r0,8k5h_hl_sample_3.cif,0.2753
/mnt/data/msadepth/compreps/seedrep_cand/protenix/8k5h_HL/d15/seed2_r3/results/8k5h_hl/seed_0/predictions/8k5h_hl_sample_4.cif,8k5h_HL,seed2_r3,8k5h_hl_sample_4.cif,0.31353
/mnt/data/msadepth/compreps/seedrep_cand/protenix/8k5h_HL/d15/seed2_r0/results/8k5h_hl/seed_0/predictions/8k5h_hl_sample_0.cif,8k5h_HL,seed2_r0,8k5h_hl_sample_0.cif,0.35949
/mnt/data/msadepth/compreps/seedrep_cand/protenix/8k5h_HL/d15/seed2_r1/results/8k5h_hl/seed_0/predictions/8k5h_hl_sample_3.cif,8k5h_HL,seed2_r1,8k5h_hl_sample_3.cif,0.11481
/mnt/data/msadepth/compreps/seedrep_cand/protenix/8k5h_HL/d15/seed2_r2/results/8k5h_hl/seed_0/predictions/8k5h_hl_sample_4.cif,8k5h_HL,seed2_r2,8k5h_hl_sample_4.cif,0.08504
/mnt/data/msadepth/compreps/seedrep_cand/protenix/8k5h_HL/d15/seed2_r0/results/8k5h_hl/seed_0/predictions/8k5h_hl_sample_4.cif,8k5h_HL,seed2_r0,8k5h_hl_sample_4.cif,0.29218
/mnt/data/msadepth/compreps/seedrep_cand/protenix/8k5h_HL/d15/seed3_r1/results/8k5h_hl/seed_0/predictions/8k5h_hl_sample_4.cif,8k5h_HL,seed3_r1,8k5h_hl_sample_4.cif,0.10297
/mnt/data/msadepth/compreps/seedrep_cand/protenix/8k5h_HL/d15/seed3_r3/results/8k5h_hl/seed_0/predictions/8k5h_hl_sample_4.cif,8k5h_HL,seed3_r3,8k5h_hl_sample_4.cif,0.10074
/mnt/data/msadepth/compreps/seedrep_cand/protenix/8k5h_HL/d15/seed3_r0/results/8k5h_hl/seed_0/predictions/8k5h_hl_sample_0.cif,8k5h_HL,seed3_r0,8k5h_hl_sample_0.cif,0.21659
/mnt/data/msadepth/compreps/seedrep_cand/protenix/8k5h_HL/d15/seed3_r3/results/8k5h_hl/seed_0/predictions/8k5h_hl_sample_2.cif,8k5h_HL,seed3_r3,8k5h_hl_sample_2.cif,0.09035
/mnt/data/msadepth/compreps/seedrep_cand/protenix/8k5h_HL/d15/seed3_r2/results/8k5h_hl/seed_0/predictions/8k5h_hl_sample_3.cif,8k5h_HL,seed3_r2,8k5h_hl_sample_3.cif,0.15991
/mnt/data/msadepth/compreps/seedrep_cand/protenix/8k5h_HL/d15/seed3_r2/results/8k5h_hl/seed_0/predictions/8k5h_hl_sample_4.cif,8k5h_HL,seed3_r2,8k5h_hl_sample_4.cif,0.22543
/mnt/data/msadepth/compreps/seedrep_cand/protenix/8k5h_HL/d15/seed3_r0/results/8k5h_hl/seed_0/predictions/8k5h_hl_sample_3.cif,8k5h_HL,seed3_r0,8k5h_hl_sample_3.cif,0.09218
/mnt/data/msadepth/compreps/seedrep_cand/protenix/8k5h_HL/d15/seed3_r2/results/8k5h_hl/seed_0/predictions/8k5h_hl_sample_0.cif,8k5h_HL,seed3_r2,8k5h_hl_sample_0.cif,0.31827
/mnt/data/msadepth/compreps/seedrep_cand/protenix/8k5h_HL/d15/seed3_r1/results/8k5h_hl/seed_0/predictions/8k5h_hl_sample_3.cif,8k5h_HL,seed3_r1,8k5h_hl_sample_3.cif,0.11687
/mnt/data/msadepth/compreps/seedrep_cand/protenix/8k5h_HL/d15/seed3_r0/results/8k5h_hl/seed_0/predictions/8k5h_hl_sample_1.cif,8k5h_HL,seed3_r0,8k5h_hl_sample_1.cif,0.22935
/mnt/data/msadepth/compreps/seedrep_cand/protenix/8k5h_HL/d15/seed3_r2/results/8k5h_hl/seed_0/predictions/8k5h_hl_sample_2.cif,8k5h_HL,seed3_r2,8k5h_hl_sample_2.cif,0.32716
/mnt/data/msadepth/compreps/seedrep_cand/protenix/8k5h_HL/d15/seed3_r0/results/8k5h_hl/seed_0/predictions/8k5h_hl_sample_4.cif,8k5h_HL,seed3_r0,8k5h_hl_sample_4.cif,0.29991
/mnt/data/msadepth/compreps/seedrep_cand/protenix/8k5h_HL/d15/seed3_r3/results/8k5h_hl/seed_0/predictions/8k5h_hl_sample_3.cif,8k5h_HL,seed3_r3,8k5h_hl_sample_3.cif,0.11708
/mnt/data/msadepth/compreps/seedrep_cand/protenix/8k5h_HL/d15/seed3_r1/results/8k5h_hl/seed_0/predictions/8k5h_hl_sample_2.cif,8k5h_HL,seed3_r1,8k5h_hl_sample_2.cif,0.10163
/mnt/data/msadepth/compreps/seedrep_cand/protenix/8k5h_HL/d15/seed3_r3/results/8k5h_hl/seed_0/predictions/8k5h_hl_sample_1.cif,8k5h_HL,seed3_r3,8k5h_hl_sample_1.cif,0.28842
/mnt/data/msadepth/compreps/seedrep_cand/protenix/8k5h_HL/d15/seed3_r2/results/8k5h_hl/seed_0/predictions/8k5h_hl_sample_1.cif,8k5h_HL,seed3_r2,8k5h_hl_sample_1.cif,0.15764
/mnt/data/msadepth/compreps/seedrep_cand/protenix/8k5h_HL/d15/seed3_r1/results/8k5h_hl/seed_0/predictions/8k5h_hl_sample_1.cif,8k5h_HL,seed3_r1,8k5h_hl_sample_1.cif,0.11019
/mnt/data/msadepth/compreps/seedrep_cand/protenix/8k5h_HL/d15/seed3_r0/results/8k5h_hl/seed_0/predictions/8k5h_hl_sample_2.cif,8k5h_HL,seed3_r0,8k5h_hl_sample_2.cif,0.08273
/mnt/data/msadepth/compreps/seedrep_cand/protenix/8k5h_HL/d15/seed3_r3/results/8k5h_hl/seed_0/predictions/8k5h_hl_sample_0.cif,8k5h_HL,seed3_r3,8k5h_hl_sample_0.cif,0.33229
/mnt/data/msadepth/compreps/seedrep_cand/protenix/8k5h_HL/d15/seed3_r1/results/8k5h_hl/seed_0/predictions/8k5h_hl_sample_0.cif,8k5h_HL,seed3_r1,8k5h_hl_sample_0.cif,0.13539
/mnt/data/msadepth/compreps/seedrep_cand/protenix/8k5h_HL/d15/seed4_r2/results/8k5h_hl/seed_0/predictions/8k5h_hl_sample_4.cif,8k5h_HL,seed4_r2,8k5h_hl_sample_4.cif,0.2805
/mnt/data/msadepth/compreps/seedrep_cand/protenix/8k5h_HL/d15/seed4_r3/results/8k5h_hl/seed_0/predictions/8k5h_hl_sample_1.cif,8k5h_HL,seed4_r3,8k5h_hl_sample_1.cif,0.23484
/mnt/data/msadepth/compreps/seedrep_cand/protenix/8k5h_HL/d15/seed4_r2/results/8k5h_hl/seed_0/predictions/8k5h_hl_sample_2.cif,8k5h_HL,seed4_r2,8k5h_hl_sample_2.cif,0.07759
/mnt/data/msadepth/compreps/seedrep_cand/protenix/8k5h_HL/d15/seed4_r1/results/8k5h_hl/seed_0/predictions/8k5h_hl_sample_0.cif,8k5h_HL,seed4_r1,8k5h_hl_sample_0.cif,0.21891
/mnt/data/msadepth/compreps/seedrep_cand/protenix/8k5h_HL/d15/seed4_r0/results/8k5h_hl/seed_0/predictions/8k5h_hl_sample_0.cif,8k5h_HL,seed4_r0,8k5h_hl_sample_0.cif,0.17817
/mnt/data/msadepth/compreps/seedrep_cand/protenix/8k5h_HL/d15/seed4_r1/results/8k5h_hl/seed_0/predictions/8k5h_hl_sample_1.cif,8k5h_HL,seed4_r1,8k5h_hl_sample_1.cif,0.18726
/mnt/data/msadepth/compreps/seedrep_cand/protenix/8k5h_HL/d15/seed4_r3/results/8k5h_hl/seed_0/predictions/8k5h_hl_sample_3.cif,8k5h_HL,seed4_r3,8k5h_hl_sample_3.cif,0.24544
/mnt/data/msadepth/compreps/seedrep_cand/protenix/8k5h_HL/d15/seed4_r1/results/8k5h_hl/seed_0/predictions/8k5h_hl_sample_3.cif,8k5h_HL,seed4_r1,8k5h_hl_sample_3.cif,0.15737
/mnt/data/msadepth/compreps/seedrep_cand/protenix/8k5h_HL/d15/seed4_r3/results/8k5h_hl/seed_0/predictions/8k5h_hl_sample_4.cif,8k5h_HL,seed4_r3,8k5h_hl_sample_4.cif,0.303
/mnt/data/msadepth/compreps/seedrep_cand/protenix/8k5h_HL/d15/seed4_r0/results/8k5h_hl/seed_0/predictions/8k5h_hl_sample_3.cif,8k5h_HL,seed4_r0,8k5h_hl_sample_3.cif,0.29879
/mnt/data/msadepth/compreps/seedrep_cand/protenix/8k5h_HL/d15/seed4_r2/results/8k5h_hl/seed_0/predictions/8k5h_hl_sample_3.cif,8k5h_HL,seed4_r2,8k5h_hl_sample_3.cif,0.03692
/mnt/data/msadepth/compreps/seedrep_cand/protenix/8k5h_HL/d15/seed4_r0/results/8k5h_hl/seed_0/predictions/8k5h_hl_sample_1.cif,8k5h_HL,seed4_r0,8k5h_hl_sample_1.cif,0.15281
/mnt/data/msadepth/compreps/seedrep_cand/protenix/8k5h_HL/d15/seed4_r1/results/8k5h_hl/seed_0/predictions/8k5h_hl_sample_2.cif,8k5h_HL,seed4_r1,8k5h_hl_sample_2.cif,0.02966
/mnt/data/msadepth/compreps/seedrep_cand/protenix/8k5h_HL/d15/seed4_r2/results/8k5h_hl/seed_0/predictions/8k5h_hl_sample_1.cif,8k5h_HL,seed4_r2,8k5h_hl_sample_1.cif,0.04902
/mnt/data/msadepth/compreps/seedrep_cand/protenix/8k5h_HL/d15/seed4_r2/results/8k5h_hl/seed_0/predictions/8k5h_hl_sample_0.cif,8k5h_HL,seed4_r2,8k5h_hl_sample_0.cif,0.18986
/mnt/data/msadepth/compreps/seedrep_cand/protenix/8k5h_HL/d15/seed4_r0/results/8k5h_hl/seed_0/predictions/8k5h_hl_sample_2.cif,8k5h_HL,seed4_r0,8k5h_hl_sample_2.cif,0.24932
/mnt/data/msadepth/compreps/seedrep_cand/protenix/8k5h_HL/d15/seed4_r3/results/8k5h_hl/seed_0/predictions/8k5h_hl_sample_2.cif,8k5h_HL,seed4_r3,8k5h_hl_sample_2.cif,0.20496
/mnt/data/msadepth/compreps/seedrep_cand/protenix/8k5h_HL/d15/seed4_r0/results/8k5h_hl/seed_0/predictions/8k5h_hl_sample_4.cif,8k5h_HL,seed4_r0,8k5h_hl_sample_4.cif,0.23212
/mnt/data/msadepth/compreps/seedrep_cand/protenix/8k5h_HL/d15/seed4_r3/results/8k5h_hl/seed_0/predictions/8k5h_hl_sample_0.cif,8k5h_HL,seed4_r3,8k5h_hl_sample_0.cif,0.18542
/mnt/data/msadepth/compreps/seedrep_cand/protenix/8k5h_HL/d15/seed4_r1/results/8k5h_hl/seed_0/predictions/8k5h_hl_sample_4.cif,8k5h_HL,seed4_r1,8k5h_hl_sample_4.cif,0.1897
/mnt/data/msadepth/compreps/seedrep_cand/protenix/8k5h_HL/d15/seed5_r1/results/8k5h_hl/seed_0/predictions/8k5h_hl_sample_0.cif,8k5h_HL,seed5_r1,8k5h_hl_sample_0.cif,0.29941
/mnt/data/msadepth/compreps/seedrep_cand/protenix/8k5h_HL/d15/seed5_r2/results/8k5h_hl/seed_0/predictions/8k5h_hl_sample_2.cif,8k5h_HL,seed5_r2,8k5h_hl_sample_2.cif,0.20761
/mnt/data/msadepth/compreps/seedrep_cand/protenix/8k5h_HL/d15/seed5_r2/results/8k5h_hl/seed_0/predictions/8k5h_hl_sample_4.cif,8k5h_HL,seed5_r2,8k5h_hl_sample_4.cif,0.21005
/mnt/data/msadepth/compreps/seedrep_cand/protenix/8k5h_HL/d15/seed5_r1/results/8k5h_hl/seed_0/predictions/8k5h_hl_sample_2.cif,8k5h_HL,seed5_r1,8k5h_hl_sample_2.cif,0.26616
/mnt/data/msadepth/compreps/seedrep_cand/protenix/8k5h_HL/d15/seed5_r1/results/8k5h_hl/seed_0/predictions/8k5h_hl_sample_4.cif,8k5h_HL,seed5_r1,8k5h_hl_sample_4.cif,0.22114
/mnt/data/msadepth/compreps/seedrep_cand/protenix/8k5h_HL/d15/seed5_r1/results/8k5h_hl/seed_0/predictions/8k5h_hl_sample_1.cif,8k5h_HL,seed5_r1,8k5h_hl_sample_1.cif,0.31797
/mnt/data/msadepth/compreps/seedrep_cand/protenix/8k5h_HL/d15/seed5_r0/results/8k5h_hl/seed_0/predictions/8k5h_hl_sample_2.cif,8k5h_HL,seed5_r0,8k5h_hl_sample_2.cif,0.39023
/mnt/data/msadepth/compreps/seedrep_cand/protenix/8k5h_HL/d15/seed5_r2/results/8k5h_hl/seed_0/predictions/8k5h_hl_sample_3.cif,8k5h_HL,seed5_r2,8k5h_hl_sample_3.cif,0.14473
/mnt/data/msadepth/compreps/seedrep_cand/protenix/8k5h_HL/d15/seed5_r0/results/8k5h_hl/seed_0/predictions/8k5h_hl_sample_4.cif,8k5h_HL,seed5_r0,8k5h_hl_sample_4.cif,0.29471
/mnt/data/msadepth/compreps/seedrep_cand/protenix/8k5h_HL/d15/seed5_r0/results/8k5h_hl/seed_0/predictions/8k5h_hl_sample_1.cif,8k5h_HL,seed5_r0,8k5h_hl_sample_1.cif,0.27972
/mnt/data/msadepth/compreps/seedrep_cand/protenix/8k5h_HL/d15/seed5_r0/results/8k5h_hl/seed_0/predictions/8k5h_hl_sample_0.cif,8k5h_HL,seed5_r0,8k5h_hl_sample_0.cif,0.14262
/mnt/data/msadepth/compreps/seedrep_cand/protenix/8k5h_HL/d15/seed5_r3/results/8k5h_hl/seed_0/predictions/8k5h_hl_sample_3.cif,8k5h_HL,seed5_r3,8k5h_hl_sample_3.cif,0.06813
/mnt/data/msadepth/compreps/seedrep_cand/protenix/8k5h_HL/d15/seed5_r2/results/8k5h_hl/seed_0/predictions/8k5h_hl_sample_0.cif,8k5h_HL,seed5_r2,8k5h_hl_sample_0.cif,0.13894
/mnt/data/msadepth/compreps/seedrep_cand/protenix/8k5h_HL/d15/seed5_r2/results/8k5h_hl/seed_0/predictions/8k5h_hl_sample_1.cif,8k5h_HL,seed5_r2,8k5h_hl_sample_1.cif,0.07586
/mnt/data/msadepth/compreps/seedrep_cand/protenix/8k5h_HL/d15/seed5_r3/results/8k5h_hl/seed_0/predictions/8k5h_hl_sample_1.cif,8k5h_HL,seed5_r3,8k5h_hl_sample_1.cif,0.37345
/mnt/data/msadepth/compreps/seedrep_cand/protenix/8k5h_HL/d15/seed5_r3/results/8k5h_hl/seed_0/predictions/8k5h_hl_sample_0.cif,8k5h_HL,seed5_r3,8k5h_hl_sample_0.cif,0.25738
/mnt/data/msadepth/compreps/seedrep_cand/protenix/8k5h_HL/d15/seed5_r0/results/8k5h_hl/seed_0/predictions/8k5h_hl_sample_3.cif,8k5h_HL,seed5_r0,8k5h_hl_sample_3.cif,0.2138
/mnt/data/msadepth/compreps/seedrep_cand/protenix/8k5h_HL/d15/seed5_r1/results/8k5h_hl/seed_0/predictions/8k5h_hl_sample_3.cif,8k5h_HL,seed5_r1,8k5h_hl_sample_3.cif,0.1363
/mnt/data/msadepth/compreps/seedrep_cand/protenix/8k5h_HL/d15/seed5_r3/results/8k5h_hl/seed_0/predictions/8k5h_hl_sample_4.cif,8k5h_HL,seed5_r3,8k5h_hl_sample_4.cif,0.29369
/mnt/data/msadepth/compreps/seedrep_cand/protenix/8k5h_HL/d15/seed5_r3/results/8k5h_hl/seed_0/predictions/8k5h_hl_sample_2.cif,8k5h_HL,seed5_r3,8k5h_hl_sample_2.cif,0.26017
/mnt/data/msadepth/compreps/seedrep_cand/protenix/8k5h_HL/d15/seedfull_r1/results/8k5h_hl/seed_0/predictions/8k5h_hl_sample_3.cif,8k5h_HL,seedfull_r1,8k5h_hl_sample_3.cif,0.049
/mnt/data/msadepth/compreps/seedrep_cand/protenix/8k5h_HL/d15/seedfull_r2/results/8k5h_hl/seed_0/predictions/8k5h_hl_sample_1.cif,8k5h_HL,seedfull_r2,8k5h_hl_sample_1.cif,0.52024
/mnt/data/msadepth/compreps/seedrep_cand/protenix/8k5h_HL/d15/seedfull_r3/results/8k5h_hl/seed_0/predictions/8k5h_hl_sample_2.cif,8k5h_HL,seedfull_r3,8k5h_hl_sample_2.cif,0.14064
/mnt/data/msadepth/compreps/seedrep_cand/protenix/8k5h_HL/d15/seedfull_r2/results/8k5h_hl/seed_0/predictions/8k5h_hl_sample_3.cif,8k5h_HL,seedfull_r2,8k5h_hl_sample_3.cif,0.487
/mnt/data/msadepth/compreps/seedrep_cand/protenix/8k5h_HL/d15/seedfull_r1/results/8k5h_hl/seed_0/predictions/8k5h_hl_sample_0.cif,8k5h_HL,seedfull_r1,8k5h_hl_sample_0.cif,0.1189
/mnt/data/msadepth/compreps/seedrep_cand/protenix/8k5h_HL/d15/seedfull_r0/results/8k5h_hl/seed_0/predictions/8k5h_hl_sample_4.cif,8k5h_HL,seedfull_r0,8k5h_hl_sample_4.cif,0.19338
/mnt/data/msadepth/compreps/seedrep_cand/protenix/8k5h_HL/d15/seedfull_r3/results/8k5h_hl/seed_0/predictions/8k5h_hl_sample_1.cif,8k5h_HL,seedfull_r3,8k5h_hl_sample_1.cif,0.09507
/mnt/data/msadepth/compreps/seedrep_cand/protenix/8k5h_HL/d15/seedfull_r2/results/8k5h_hl/seed_0/predictions/8k5h_hl_sample_4.cif,8k5h_HL,seedfull_r2,8k5h_hl_sample_4.cif,0.46159
/mnt/data/msadepth/compreps/seedrep_cand/protenix/8k5h_HL/d15/seedfull_r1/results/8k5h_hl/seed_0/predictions/8k5h_hl_sample_4.cif,8k5h_HL,seedfull_r1,8k5h_hl_sample_4.cif,0.14091
/mnt/data/msadepth/compreps/seedrep_cand/protenix/8k5h_HL/d15/seedfull_r1/results/8k5h_hl/seed_0/predictions/8k5h_hl_sample_1.cif,8k5h_HL,seedfull_r1,8k5h_hl_sample_1.cif,0.10356
/mnt/data/msadepth/compreps/seedrep_cand/protenix/8k5h_HL/d15/seedfull_r3/results/8k5h_hl/seed_0/predictions/8k5h_hl_sample_3.cif,8k5h_HL,seedfull_r3,8k5h_hl_sample_3.cif,0.13253
/mnt/data/msadepth/compreps/seedrep_cand/protenix/8k5h_HL/d15/seedfull_r2/results/8k5h_hl/seed_0/predictions/8k5h_hl_sample_2.cif,8k5h_HL,seedfull_r2,8k5h_hl_sample_2.cif,0.50258
/mnt/data/msadepth/compreps/seedrep_cand/protenix/8k5h_HL/d15/seedfull_r2/results/8k5h_hl/seed_0/predictions/8k5h_hl_sample_0.cif,8k5h_HL,seedfull_r2,8k5h_hl_sample_0.cif,0.52347
/mnt/data/msadepth/compreps/seedrep_cand/protenix/8k5h_HL/d15/seedfull_r3/results/8k5h_hl/seed_0/predictions/8k5h_hl_sample_4.cif,8k5h_HL,seedfull_r3,8k5h_hl_sample_4.cif,0.22753
/mnt/data/msadepth/compreps/seedrep_cand/protenix/8k5h_HL/d15/seedfull_r3/results/8k5h_hl/seed_0/predictions/8k5h_hl_sample_0.cif,8k5h_HL,seedfull_r3,8k5h_hl_sample_0.cif,0.16718
/mnt/data/msadepth/compreps/seedrep_cand/protenix/8k5h_HL/d15/seedfull_r1/results/8k5h_hl/seed_0/predictions/8k5h_hl_sample_2.cif,8k5h_HL,seedfull_r1,8k5h_hl_sample_2.cif,0.14312
/mnt/data/msadepth/compreps/seedrep_cand/protenix/8k5h_HL/d15/seedfull_r0/results/8k5h_hl/seed_0/predictions/8k5h_hl_sample_2.cif,8k5h_HL,seedfull_r0,8k5h_hl_sample_2.cif,0.13634
/mnt/data/msadepth/compreps/seedrep_cand/protenix/8k5h_HL/d15/seedfull_r0/results/8k5h_hl/seed_0/predictions/8k5h_hl_sample_1.cif,8k5h_HL,seedfull_r0,8k5h_hl_sample_1.cif,0.10058
/mnt/data/msadepth/compreps/seedrep_cand/protenix/8k5h_HL/d15/seedfull_r0/results/8k5h_hl/seed_0/predictions/8k5h_hl_sample_0.cif,8k5h_HL,seedfull_r0,8k5h_hl_sample_0.cif,0.09622
/mnt/data/msadepth/compreps/seedrep_cand/protenix/8k5h_HL/d15/seedfull_r0/results/8k5h_hl/seed_0/predictions/8k5h_hl_sample_3.cif,8k5h_HL,seedfull_r0,8k5h_hl_sample_3.cif,0.04082
/mnt/data/msadepth/compreps/seedrep_cand/protenix/8k5h_HL/d15/seedfull_r6/results/8k5h_hl/seed_0/predictions/8k5h_hl_sample_2.cif,8k5h_HL,seedfull_r6,8k5h_hl_sample_2.cif,0.52132
/mnt/data/msadepth/compreps/seedrep_cand/protenix/8k5h_HL/d15/seedfull_r4/results/8k5h_hl/seed_0/predictions/8k5h_hl_sample_0.cif,8k5h_HL,seedfull_r4,8k5h_hl_sample_0.cif,0.07816
/mnt/data/msadepth/compreps/seedrep_cand/protenix/8k5h_HL/d15/seedfull_r5/results/8k5h_hl/seed_0/predictions/8k5h_hl_sample_2.cif,8k5h_HL,seedfull_r5,8k5h_hl_sample_2.cif,0.07478
/mnt/data/msadepth/compreps/seedrep_cand/protenix/8k5h_HL/d15/seedfull_r4/results/8k5h_hl/seed_0/predictions/8k5h_hl_sample_2.cif,8k5h_HL,seedfull_r4,8k5h_hl_sample_2.cif,0.02587
/mnt/data/msadepth/compreps/seedrep_cand/protenix/8k5h_HL/d15/seedfull_r6/results/8k5h_hl/seed_0/predictions/8k5h_hl_sample_4.cif,8k5h_HL,seedfull_r6,8k5h_hl_sample_4.cif,0.48507
/mnt/data/msadepth/compreps/seedrep_cand/protenix/8k5h_HL/d15/seedfull_r7/results/8k5h_hl/seed_0/predictions/8k5h_hl_sample_4.cif,8k5h_HL,seedfull_r7,8k5h_hl_sample_4.cif,0.39164
/mnt/data/msadepth/compreps/seedrep_cand/protenix/8k5h_HL/d15/seedfull_r5/results/8k5h_hl/seed_0/predictions/8k5h_hl_sample_0.cif,8k5h_HL,seedfull_r5,8k5h_hl_sample_0.cif,0.04927
/mnt/data/msadepth/compreps/seedrep_cand/protenix/8k5h_HL/d15/seedfull_r5/results/8k5h_hl/seed_0/predictions/8k5h_hl_sample_1.cif,8k5h_HL,seedfull_r5,8k5h_hl_sample_1.cif,0.06146
/mnt/data/msadepth/compreps/seedrep_cand/protenix/8k5h_HL/d15/seedfull_r4/results/8k5h_hl/seed_0/predictions/8k5h_hl_sample_3.cif,8k5h_HL,seedfull_r4,8k5h_hl_sample_3.cif,0.22963
/mnt/data/msadepth/compreps/seedrep_cand/protenix/8k5h_HL/d15/seedfull_r5/results/8k5h_hl/seed_0/predictions/8k5h_hl_sample_3.cif,8k5h_HL,seedfull_r5,8k5h_hl_sample_3.cif,0.10809
/mnt/data/msadepth/compreps/seedrep_cand/protenix/8k5h_HL/d15/seedfull_r7/results/8k5h_hl/seed_0/predictions/8k5h_hl_sample_0.cif,8k5h_HL,seedfull_r7,8k5h_hl_sample_0.cif,0.3195
/mnt/data/msadepth/compreps/seedrep_cand/protenix/8k5h_HL/d15/seedfull_r6/results/8k5h_hl/seed_0/predictions/8k5h_hl_sample_1.cif,8k5h_HL,seedfull_r6,8k5h_hl_sample_1.cif,0.55219
/mnt/data/msadepth/compreps/seedrep_cand/protenix/8k5h_HL/d15/seedfull_r4/results/8k5h_hl/seed_0/predictions/8k5h_hl_sample_1.cif,8k5h_HL,seedfull_r4,8k5h_hl_sample_1.cif,0.05494
/mnt/data/msadepth/compreps/seedrep_cand/protenix/8k5h_HL/d15/seedfull_r5/results/8k5h_hl/seed_0/predictions/8k5h_hl_sample_4.cif,8k5h_HL,seedfull_r5,8k5h_hl_sample_4.cif,0.21022
/mnt/data/msadepth/compreps/seedrep_cand/protenix/8k5h_HL/d15/seedfull_r7/results/8k5h_hl/seed_0/predictions/8k5h_hl_sample_1.cif,8k5h_HL,seedfull_r7,8k5h_hl_sample_1.cif,0.31634
/mnt/data/msadepth/compreps/seedrep_cand/protenix/8k5h_HL/d15/seedfull_r4/results/8k5h_hl/seed_0/predictions/8k5h_hl_sample_4.cif,8k5h_HL,seedfull_r4,8k5h_hl_sample_4.cif,0.19375
/mnt/data/msadepth/compreps/seedrep_cand/protenix/8k5h_HL/d15/seedfull_r7/results/8k5h_hl/seed_0/predictions/8k5h_hl_sample_3.cif,8k5h_HL,seedfull_r7,8k5h_hl_sample_3.cif,0.33774
/mnt/data/msadepth/compreps/seedrep_cand/protenix/8k5h_HL/d15/seedfull_r6/results/8k5h_hl/seed_0/predictions/8k5h_hl_sample_0.cif,8k5h_HL,seedfull_r6,8k5h_hl_sample_0.cif,0.44675
/mnt/data/msadepth/compreps/seedrep_cand/protenix/8k5h_HL/d15/seedfull_r6/results/8k5h_hl/seed_0/predictions/8k5h_hl_sample_3.cif,8k5h_HL,seedfull_r6,8k5h_hl_sample_3.cif,0.47045
/mnt/data/msadepth/compreps/seedrep_cand/protenix/8k5h_HL/d15/seedfull_r7/results/8k5h_hl/seed_0/predictions/8k5h_hl_sample_2.cif,8k5h_HL,seedfull_r7,8k5h_hl_sample_2.cif,0.39435
/mnt/data/msadepth/compreps/seedrep_cand/protenix/8kep_HL/d37/seed0_r1/results/8kep_hl/seed_0/predictions/8kep_hl_sample_1.cif,8kep_HL,seed0_r1,8kep_hl_sample_1.cif,0.03143
/mnt/data/msadepth/compreps/seedrep_cand/protenix/8kep_HL/d37/seed0_r1/results/8kep_hl/seed_0/predictions/8kep_hl_sample_4.cif,8kep_HL,seed0_r1,8kep_hl_sample_4.cif,0.04379
/mnt/data/msadepth/compreps/seedrep_cand/protenix/8kep_HL/d37/seed0_r2/results/8kep_hl/seed_0/predictions/8kep_hl_sample_2.cif,8kep_HL,seed0_r2,8kep_hl_sample_2.cif,0.07479
/mnt/data/msadepth/compreps/seedrep_cand/protenix/8kep_HL/d37/seed0_r2/results/8kep_hl/seed_0/predictions/8kep_hl_sample_1.cif,8kep_HL,seed0_r2,8kep_hl_sample_1.cif,0.10784
/mnt/data/msadepth/compreps/seedrep_cand/protenix/8kep_HL/d37/seed0_r0/results/8kep_hl/seed_0/predictions/8kep_hl_sample_2.cif,8kep_HL,seed0_r0,8kep_hl_sample_2.cif,0.03365
/mnt/data/msadepth/compreps/seedrep_cand/protenix/8kep_HL/d37/seed0_r1/results/8kep_hl/seed_0/predictions/8kep_hl_sample_3.cif,8kep_HL,seed0_r1,8kep_hl_sample_3.cif,0.06643
/mnt/data/msadepth/compreps/seedrep_cand/protenix/8kep_HL/d37/seed0_r1/results/8kep_hl/seed_0/predictions/8kep_hl_sample_2.cif,8kep_HL,seed0_r1,8kep_hl_sample_2.cif,0.05349
/mnt/data/msadepth/compreps/seedrep_cand/protenix/8kep_HL/d37/seed0_r2/results/8kep_hl/seed_0/predictions/8kep_hl_sample_0.cif,8kep_HL,seed0_r2,8kep_hl_sample_0.cif,0.08461
/mnt/data/msadepth/compreps/seedrep_cand/protenix/8kep_HL/d37/seed0_r0/results/8kep_hl/seed_0/predictions/8kep_hl_sample_4.cif,8kep_HL,seed0_r0,8kep_hl_sample_4.cif,0.03978
/mnt/data/msadepth/compreps/seedrep_cand/protenix/8kep_HL/d37/seed0_r2/results/8kep_hl/seed_0/predictions/8kep_hl_sample_4.cif,8kep_HL,seed0_r2,8kep_hl_sample_4.cif,0.10477
/mnt/data/msadepth/compreps/seedrep_cand/protenix/8kep_HL/d37/seed0_r0/results/8kep_hl/seed_0/predictions/8kep_hl_sample_0.cif,8kep_HL,seed0_r0,8kep_hl_sample_0.cif,0.08687
/mnt/data/msadepth/compreps/seedrep_cand/protenix/8kep_HL/d37/seed0_r3/results/8kep_hl/seed_0/predictions/8kep_hl_sample_2.cif,8kep_HL,seed0_r3,8kep_hl_sample_2.cif,0.0532
/mnt/data/msadepth/compreps/seedrep_cand/protenix/8kep_HL/d37/seed0_r0/results/8kep_hl/seed_0/predictions/8kep_hl_sample_1.cif,8kep_HL,seed0_r0,8kep_hl_sample_1.cif,0.11069
/mnt/data/msadepth/compreps/seedrep_cand/protenix/8kep_HL/d37/seed0_r3/results/8kep_hl/seed_0/predictions/8kep_hl_sample_0.cif,8kep_HL,seed0_r3,8kep_hl_sample_0.cif,0.03268
/mnt/data/msadepth/compreps/seedrep_cand/protenix/8kep_HL/d37/seed0_r3/results/8kep_hl/seed_0/predictions/8kep_hl_sample_3.cif,8kep_HL,seed0_r3,8kep_hl_sample_3.cif,0.04108
/mnt/data/msadepth/compreps/seedrep_cand/protenix/8kep_HL/d37/seed0_r3/results/8kep_hl/seed_0/predictions/8kep_hl_sample_4.cif,8kep_HL,seed0_r3,8kep_hl_sample_4.cif,0.03092
/mnt/data/msadepth/compreps/seedrep_cand/protenix/8kep_HL/d37/seed0_r0/results/8kep_hl/seed_0/predictions/8kep_hl_sample_3.cif,8kep_HL,seed0_r0,8kep_hl_sample_3.cif,0.06917
/mnt/data/msadepth/compreps/seedrep_cand/protenix/8kep_HL/d37/seed0_r3/results/8kep_hl/seed_0/predictions/8kep_hl_sample_1.cif,8kep_HL,seed0_r3,8kep_hl_sample_1.cif,0.07123
/mnt/data/msadepth/compreps/seedrep_cand/protenix/8kep_HL/d37/seed0_r2/results/8kep_hl/seed_0/predictions/8kep_hl_sample_3.cif,8kep_HL,seed0_r2,8kep_hl_sample_3.cif,0.05954
/mnt/data/msadepth/compreps/seedrep_cand/protenix/8kep_HL/d37/seed0_r1/results/8kep_hl/seed_0/predictions/8kep_hl_sample_0.cif,8kep_HL,seed0_r1,8kep_hl_sample_0.cif,0.0658
/mnt/data/msadepth/compreps/seedrep_cand/protenix/8kep_HL/d37/seed1_r1/results/8kep_hl/seed_0/predictions/8kep_hl_sample_4.cif,8kep_HL,seed1_r1,8kep_hl_sample_4.cif,0.03629
/mnt/data/msadepth/compreps/seedrep_cand/protenix/8kep_HL/d37/seed1_r3/results/8kep_hl/seed_0/predictions/8kep_hl_sample_2.cif,8kep_HL,seed1_r3,8kep_hl_sample_2.cif,0.12996
/mnt/data/msadepth/compreps/seedrep_cand/protenix/8kep_HL/d37/seed1_r3/results/8kep_hl/seed_0/predictions/8kep_hl_sample_4.cif,8kep_HL,seed1_r3,8kep_hl_sample_4.cif,0.05737
/mnt/data/msadepth/compreps/seedrep_cand/protenix/8kep_HL/d37/seed1_r3/results/8kep_hl/seed_0/predictions/8kep_hl_sample_0.cif,8kep_HL,seed1_r3,8kep_hl_sample_0.cif,0.12172
/mnt/data/msadepth/compreps/seedrep_cand/protenix/8kep_HL/d37/seed1_r0/results/8kep_hl/seed_0/predictions/8kep_hl_sample_2.cif,8kep_HL,seed1_r0,8kep_hl_sample_2.cif,0.03482
/mnt/data/msadepth/compreps/seedrep_cand/protenix/8kep_HL/d37/seed1_r3/results/8kep_hl/seed_0/predictions/8kep_hl_sample_3.cif,8kep_HL,seed1_r3,8kep_hl_sample_3.cif,0.03809
/mnt/data/msadepth/compreps/seedrep_cand/protenix/8kep_HL/d37/seed1_r1/results/8kep_hl/seed_0/predictions/8kep_hl_sample_2.cif,8kep_HL,seed1_r1,8kep_hl_sample_2.cif,0.03227
/mnt/data/msadepth/compreps/seedrep_cand/protenix/8kep_HL/d37/seed1_r2/results/8kep_hl/seed_0/predictions/8kep_hl_sample_4.cif,8kep_HL,seed1_r2,8kep_hl_sample_4.cif,0.03931
/mnt/data/msadepth/compreps/seedrep_cand/protenix/8kep_HL/d37/seed1_r0/results/8kep_hl/seed_0/predictions/8kep_hl_sample_1.cif,8kep_HL,seed1_r0,8kep_hl_sample_1.cif,0.02991
/mnt/data/msadepth/compreps/seedrep_cand/protenix/8kep_HL/d37/seed1_r3/results/8kep_hl/seed_0/predictions/8kep_hl_sample_1.cif,8kep_HL,seed1_r3,8kep_hl_sample_1.cif,0.04716
/mnt/data/msadepth/compreps/seedrep_cand/protenix/8kep_HL/d37/seed1_r2/results/8kep_hl/seed_0/predictions/8kep_hl_sample_3.cif,8kep_HL,seed1_r2,8kep_hl_sample_3.cif,0.0301
/mnt/data/msadepth/compreps/seedrep_cand/protenix/8kep_HL/d37/seed1_r2/results/8kep_hl/seed_0/predictions/8kep_hl_sample_2.cif,8kep_HL,seed1_r2,8kep_hl_sample_2.cif,0.04417
/mnt/data/msadepth/compreps/seedrep_cand/protenix/8kep_HL/d37/seed1_r1/results/8kep_hl/seed_0/predictions/8kep_hl_sample_1.cif,8kep_HL,seed1_r1,8kep_hl_sample_1.cif,0.19816
/mnt/data/msadepth/compreps/seedrep_cand/protenix/8kep_HL/d37/seed1_r0/results/8kep_hl/seed_0/predictions/8kep_hl_sample_4.cif,8kep_HL,seed1_r0,8kep_hl_sample_4.cif,0.03555
/mnt/data/msadepth/compreps/seedrep_cand/protenix/8kep_HL/d37/seed1_r2/results/8kep_hl/seed_0/predictions/8kep_hl_sample_0.cif,8kep_HL,seed1_r2,8kep_hl_sample_0.cif,0.157
/mnt/data/msadepth/compreps/seedrep_cand/protenix/8kep_HL/d37/seed1_r1/results/8kep_hl/seed_0/predictions/8kep_hl_sample_3.cif,8kep_HL,seed1_r1,8kep_hl_sample_3.cif,0.09706
/mnt/data/msadepth/compreps/seedrep_cand/protenix/8kep_HL/d37/seed1_r0/results/8kep_hl/seed_0/predictions/8kep_hl_sample_3.cif,8kep_HL,seed1_r0,8kep_hl_sample_3.cif,0.03132
/mnt/data/msadepth/compreps/seedrep_cand/protenix/8kep_HL/d37/seed1_r2/results/8kep_hl/seed_0/predictions/8kep_hl_sample_1.cif,8kep_HL,seed1_r2,8kep_hl_sample_1.cif,0.19095
/mnt/data/msadepth/compreps/seedrep_cand/protenix/8kep_HL/d37/seed1_r1/results/8kep_hl/seed_0/predictions/8kep_hl_sample_0.cif,8kep_HL,seed1_r1,8kep_hl_sample_0.cif,0.03215
/mnt/data/msadepth/compreps/seedrep_cand/protenix/8kep_HL/d37/seed1_r0/results/8kep_hl/seed_0/predictions/8kep_hl_sample_0.cif,8kep_HL,seed1_r0,8kep_hl_sample_0.cif,0.04245
/mnt/data/msadepth/compreps/seedrep_cand/protenix/8kep_HL/d37/seed2_r2/results/8kep_hl/seed_0/predictions/8kep_hl_sample_2.cif,8kep_HL,seed2_r2,8kep_hl_sample_2.cif,0.15677
/mnt/data/msadepth/compreps/seedrep_cand/protenix/8kep_HL/d37/seed2_r0/results/8kep_hl/seed_0/predictions/8kep_hl_sample_1.cif,8kep_HL,seed2_r0,8kep_hl_sample_1.cif,0.04727
/mnt/data/msadepth/compreps/seedrep_cand/protenix/8kep_HL/d37/seed2_r1/results/8kep_hl/seed_0/predictions/8kep_hl_sample_1.cif,8kep_HL,seed2_r1,8kep_hl_sample_1.cif,0.08501
/mnt/data/msadepth/compreps/seedrep_cand/protenix/8kep_HL/d37/seed2_r1/results/8kep_hl/seed_0/predictions/8kep_hl_sample_4.cif,8kep_HL,seed2_r1,8kep_hl_sample_4.cif,0.16463
/mnt/data/msadepth/compreps/seedrep_cand/protenix/8kep_HL/d37/seed2_r2/results/8kep_hl/seed_0/predictions/8kep_hl_sample_3.cif,8kep_HL,seed2_r2,8kep_hl_sample_3.cif,0.10628
/mnt/data/msadepth/compreps/seedrep_cand/protenix/8kep_HL/d37/seed2_r0/results/8kep_hl/seed_0/predictions/8kep_hl_sample_2.cif,8kep_HL,seed2_r0,8kep_hl_sample_2.cif,0.06067
/mnt/data/msadepth/compreps/seedrep_cand/protenix/8kep_HL/d37/seed2_r3/results/8kep_hl/seed_0/predictions/8kep_hl_sample_2.cif,8kep_HL,seed2_r3,8kep_hl_sample_2.cif,0.09678
/mnt/data/msadepth/compreps/seedrep_cand/protenix/8kep_HL/d37/seed2_r3/results/8kep_hl/seed_0/predictions/8kep_hl_sample_1.cif,8kep_HL,seed2_r3,8kep_hl_sample_1.cif,0.12909
/mnt/data/msadepth/compreps/seedrep_cand/protenix/8kep_HL/d37/seed2_r3/results/8kep_hl/seed_0/predictions/8kep_hl_sample_3.cif,8kep_HL,seed2_r3,8kep_hl_sample_3.cif,0.0844
/mnt/data/msadepth/compreps/seedrep_cand/protenix/8kep_HL/d37/seed2_r1/results/8kep_hl/seed_0/predictions/8kep_hl_sample_2.cif,8kep_HL,seed2_r1,8kep_hl_sample_2.cif,0.07122
/mnt/data/msadepth/compreps/seedrep_cand/protenix/8kep_HL/d37/seed2_r2/results/8kep_hl/seed_0/predictions/8kep_hl_sample_1.cif,8kep_HL,seed2_r2,8kep_hl_sample_1.cif,0.02978
/mnt/data/msadepth/compreps/seedrep_cand/protenix/8kep_HL/d37/seed2_r2/results/8kep_hl/seed_0/predictions/8kep_hl_sample_0.cif,8kep_HL,seed2_r2,8kep_hl_sample_0.cif,0.09179
/mnt/data/msadepth/compreps/seedrep_cand/protenix/8kep_HL/d37/seed2_r1/results/8kep_hl/seed_0/predictions/8kep_hl_sample_0.cif,8kep_HL,seed2_r1,8kep_hl_sample_0.cif,0.05377
/mnt/data/msadepth/compreps/seedrep_cand/protenix/8kep_HL/d37/seed2_r3/results/8kep_hl/seed_0/predictions/8kep_hl_sample_0.cif,8kep_HL,seed2_r3,8kep_hl_sample_0.cif,0.08263
/mnt/data/msadepth/compreps/seedrep_cand/protenix/8kep_HL/d37/seed2_r0/results/8kep_hl/seed_0/predictions/8kep_hl_sample_3.cif,8kep_HL,seed2_r0,8kep_hl_sample_3.cif,0.04637
/mnt/data/msadepth/compreps/seedrep_cand/protenix/8kep_HL/d37/seed2_r3/results/8kep_hl/seed_0/predictions/8kep_hl_sample_4.cif,8kep_HL,seed2_r3,8kep_hl_sample_4.cif,0.0857
/mnt/data/msadepth/compreps/seedrep_cand/protenix/8kep_HL/d37/seed2_r0/results/8kep_hl/seed_0/predictions/8kep_hl_sample_0.cif,8kep_HL,seed2_r0,8kep_hl_sample_0.cif,0.05834
/mnt/data/msadepth/compreps/seedrep_cand/protenix/8kep_HL/d37/seed2_r1/results/8kep_hl/seed_0/predictions/8kep_hl_sample_3.cif,8kep_HL,seed2_r1,8kep_hl_sample_3.cif,0.12483
/mnt/data/msadepth/compreps/seedrep_cand/protenix/8kep_HL/d37/seed2_r2/results/8kep_hl/seed_0/predictions/8kep_hl_sample_4.cif,8kep_HL,seed2_r2,8kep_hl_sample_4.cif,0.10316
/mnt/data/msadepth/compreps/seedrep_cand/protenix/8kep_HL/d37/seed2_r0/results/8kep_hl/seed_0/predictions/8kep_hl_sample_4.cif,8kep_HL,seed2_r0,8kep_hl_sample_4.cif,0.14077
/mnt/data/msadepth/compreps/seedrep_cand/protenix/8kep_HL/d37/seed3_r1/results/8kep_hl/seed_0/predictions/8kep_hl_sample_4.cif,8kep_HL,seed3_r1,8kep_hl_sample_4.cif,0.19256
/mnt/data/msadepth/compreps/seedrep_cand/protenix/8kep_HL/d37/seed3_r3/results/8kep_hl/seed_0/predictions/8kep_hl_sample_4.cif,8kep_HL,seed3_r3,8kep_hl_sample_4.cif,0.06006
/mnt/data/msadepth/compreps/seedrep_cand/protenix/8kep_HL/d37/seed3_r0/results/8kep_hl/seed_0/predictions/8kep_hl_sample_0.cif,8kep_HL,seed3_r0,8kep_hl_sample_0.cif,0.0388
/mnt/data/msadepth/compreps/seedrep_cand/protenix/8kep_HL/d37/seed3_r3/results/8kep_hl/seed_0/predictions/8kep_hl_sample_2.cif,8kep_HL,seed3_r3,8kep_hl_sample_2.cif,0.12495
/mnt/data/msadepth/compreps/seedrep_cand/protenix/8kep_HL/d37/seed3_r2/results/8kep_hl/seed_0/predictions/8kep_hl_sample_3.cif,8kep_HL,seed3_r2,8kep_hl_sample_3.cif,0.07178
/mnt/data/msadepth/compreps/seedrep_cand/protenix/8kep_HL/d37/seed3_r2/results/8kep_hl/seed_0/predictions/8kep_hl_sample_4.cif,8kep_HL,seed3_r2,8kep_hl_sample_4.cif,0.03545
/mnt/data/msadepth/compreps/seedrep_cand/protenix/8kep_HL/d37/seed3_r0/results/8kep_hl/seed_0/predictions/8kep_hl_sample_3.cif,8kep_HL,seed3_r0,8kep_hl_sample_3.cif,0.0667
/mnt/data/msadepth/compreps/seedrep_cand/protenix/8kep_HL/d37/seed3_r2/results/8kep_hl/seed_0/predictions/8kep_hl_sample_0.cif,8kep_HL,seed3_r2,8kep_hl_sample_0.cif,0.05092
/mnt/data/msadepth/compreps/seedrep_cand/protenix/8kep_HL/d37/seed3_r1/results/8kep_hl/seed_0/predictions/8kep_hl_sample_3.cif,8kep_HL,seed3_r1,8kep_hl_sample_3.cif,0.15399
/mnt/data/msadepth/compreps/seedrep_cand/protenix/8kep_HL/d37/seed3_r0/results/8kep_hl/seed_0/predictions/8kep_hl_sample_1.cif,8kep_HL,seed3_r0,8kep_hl_sample_1.cif,0.1428
/mnt/data/msadepth/compreps/seedrep_cand/protenix/8kep_HL/d37/seed3_r2/results/8kep_hl/seed_0/predictions/8kep_hl_sample_2.cif,8kep_HL,seed3_r2,8kep_hl_sample_2.cif,0.02907
/mnt/data/msadepth/compreps/seedrep_cand/protenix/8kep_HL/d37/seed3_r0/results/8kep_hl/seed_0/predictions/8kep_hl_sample_4.cif,8kep_HL,seed3_r0,8kep_hl_sample_4.cif,0.11429
/mnt/data/msadepth/compreps/seedrep_cand/protenix/8kep_HL/d37/seed3_r3/results/8kep_hl/seed_0/predictions/8kep_hl_sample_3.cif,8kep_HL,seed3_r3,8kep_hl_sample_3.cif,0.03914
/mnt/data/msadepth/compreps/seedrep_cand/protenix/8kep_HL/d37/seed3_r1/results/8kep_hl/seed_0/predictions/8kep_hl_sample_2.cif,8kep_HL,seed3_r1,8kep_hl_sample_2.cif,0.06767
/mnt/data/msadepth/compreps/seedrep_cand/protenix/8kep_HL/d37/seed3_r3/results/8kep_hl/seed_0/predictions/8kep_hl_sample_1.cif,8kep_HL,seed3_r3,8kep_hl_sample_1.cif,0.09855
/mnt/data/msadepth/compreps/seedrep_cand/protenix/8kep_HL/d37/seed3_r2/results/8kep_hl/seed_0/predictions/8kep_hl_sample_1.cif,8kep_HL,seed3_r2,8kep_hl_sample_1.cif,0.06693
/mnt/data/msadepth/compreps/seedrep_cand/protenix/8kep_HL/d37/seed3_r1/results/8kep_hl/seed_0/predictions/8kep_hl_sample_1.cif,8kep_HL,seed3_r1,8kep_hl_sample_1.cif,0.16206
/mnt/data/msadepth/compreps/seedrep_cand/protenix/8kep_HL/d37/seed3_r0/results/8kep_hl/seed_0/predictions/8kep_hl_sample_2.cif,8kep_HL,seed3_r0,8kep_hl_sample_2.cif,0.04869
/mnt/data/msadepth/compreps/seedrep_cand/protenix/8kep_HL/d37/seed3_r3/results/8kep_hl/seed_0/predictions/8kep_hl_sample_0.cif,8kep_HL,seed3_r3,8kep_hl_sample_0.cif,0.04614
/mnt/data/msadepth/compreps/seedrep_cand/protenix/8kep_HL/d37/seed3_r1/results/8kep_hl/seed_0/predictions/8kep_hl_sample_0.cif,8kep_HL,seed3_r1,8kep_hl_sample_0.cif,0.03669
/mnt/data/msadepth/compreps/seedrep_cand/protenix/8kep_HL/d37/seed4_r2/results/8kep_hl/seed_0/predictions/8kep_hl_sample_4.cif,8kep_HL,seed4_r2,8kep_hl_sample_4.cif,0.17219
/mnt/data/msadepth/compreps/seedrep_cand/protenix/8kep_HL/d37/seed4_r3/results/8kep_hl/seed_0/predictions/8kep_hl_sample_1.cif,8kep_HL,seed4_r3,8kep_hl_sample_1.cif,0.04989
/mnt/data/msadepth/compreps/seedrep_cand/protenix/8kep_HL/d37/seed4_r2/results/8kep_hl/seed_0/predictions/8kep_hl_sample_2.cif,8kep_HL,seed4_r2,8kep_hl_sample_2.cif,0.05128
/mnt/data/msadepth/compreps/seedrep_cand/protenix/8kep_HL/d37/seed4_r1/results/8kep_hl/seed_0/predictions/8kep_hl_sample_0.cif,8kep_HL,seed4_r1,8kep_hl_sample_0.cif,0.05708
/mnt/data/msadepth/compreps/seedrep_cand/protenix/8kep_HL/d37/seed4_r0/results/8kep_hl/seed_0/predictions/8kep_hl_sample_0.cif,8kep_HL,seed4_r0,8kep_hl_sample_0.cif,0.03052
/mnt/data/msadepth/compreps/seedrep_cand/protenix/8kep_HL/d37/seed4_r1/results/8kep_hl/seed_0/predictions/8kep_hl_sample_1.cif,8kep_HL,seed4_r1,8kep_hl_sample_1.cif,0.0512
/mnt/data/msadepth/compreps/seedrep_cand/protenix/8kep_HL/d37/seed4_r3/results/8kep_hl/seed_0/predictions/8kep_hl_sample_3.cif,8kep_HL,seed4_r3,8kep_hl_sample_3.cif,0.06551
/mnt/data/msadepth/compreps/seedrep_cand/protenix/8kep_HL/d37/seed4_r1/results/8kep_hl/seed_0/predictions/8kep_hl_sample_3.cif,8kep_HL,seed4_r1,8kep_hl_sample_3.cif,0.0326
/mnt/data/msadepth/compreps/seedrep_cand/protenix/8kep_HL/d37/seed4_r3/results/8kep_hl/seed_0/predictions/8kep_hl_sample_4.cif,8kep_HL,seed4_r3,8kep_hl_sample_4.cif,0.0898
/mnt/data/msadepth/compreps/seedrep_cand/protenix/8kep_HL/d37/seed4_r0/results/8kep_hl/seed_0/predictions/8kep_hl_sample_3.cif,8kep_HL,seed4_r0,8kep_hl_sample_3.cif,0.11801
/mnt/data/msadepth/compreps/seedrep_cand/protenix/8kep_HL/d37/seed4_r2/results/8kep_hl/seed_0/predictions/8kep_hl_sample_3.cif,8kep_HL,seed4_r2,8kep_hl_sample_3.cif,0.16103
/mnt/data/msadepth/compreps/seedrep_cand/protenix/8kep_HL/d37/seed4_r0/results/8kep_hl/seed_0/predictions/8kep_hl_sample_1.cif,8kep_HL,seed4_r0,8kep_hl_sample_1.cif,0.09004
/mnt/data/msadepth/compreps/seedrep_cand/protenix/8kep_HL/d37/seed4_r1/results/8kep_hl/seed_0/predictions/8kep_hl_sample_2.cif,8kep_HL,seed4_r1,8kep_hl_sample_2.cif,0.06387
/mnt/data/msadepth/compreps/seedrep_cand/protenix/8kep_HL/d37/seed4_r2/results/8kep_hl/seed_0/predictions/8kep_hl_sample_1.cif,8kep_HL,seed4_r2,8kep_hl_sample_1.cif,0.03983
/mnt/data/msadepth/compreps/seedrep_cand/protenix/8kep_HL/d37/seed4_r2/results/8kep_hl/seed_0/predictions/8kep_hl_sample_0.cif,8kep_HL,seed4_r2,8kep_hl_sample_0.cif,0.02834
/mnt/data/msadepth/compreps/seedrep_cand/protenix/8kep_HL/d37/seed4_r0/results/8kep_hl/seed_0/predictions/8kep_hl_sample_2.cif,8kep_HL,seed4_r0,8kep_hl_sample_2.cif,0.051
/mnt/data/msadepth/compreps/seedrep_cand/protenix/8kep_HL/d37/seed4_r3/results/8kep_hl/seed_0/predictions/8kep_hl_sample_2.cif,8kep_HL,seed4_r3,8kep_hl_sample_2.cif,0.1812
/mnt/data/msadepth/compreps/seedrep_cand/protenix/8kep_HL/d37/seed4_r0/results/8kep_hl/seed_0/predictions/8kep_hl_sample_4.cif,8kep_HL,seed4_r0,8kep_hl_sample_4.cif,0.1116
/mnt/data/msadepth/compreps/seedrep_cand/protenix/8kep_HL/d37/seed4_r3/results/8kep_hl/seed_0/predictions/8kep_hl_sample_0.cif,8kep_HL,seed4_r3,8kep_hl_sample_0.cif,0.02724
/mnt/data/msadepth/compreps/seedrep_cand/protenix/8kep_HL/d37/seed4_r1/results/8kep_hl/seed_0/predictions/8kep_hl_sample_4.cif,8kep_HL,seed4_r1,8kep_hl_sample_4.cif,0.06931
/mnt/data/msadepth/compreps/seedrep_cand/protenix/8kep_HL/d37/seed5_r1/results/8kep_hl/seed_0/predictions/8kep_hl_sample_0.cif,8kep_HL,seed5_r1,8kep_hl_sample_0.cif,0.04951
/mnt/data/msadepth/compreps/seedrep_cand/protenix/8kep_HL/d37/seed5_r2/results/8kep_hl/seed_0/predictions/8kep_hl_sample_2.cif,8kep_HL,seed5_r2,8kep_hl_sample_2.cif,0.04955
/mnt/data/msadepth/compreps/seedrep_cand/protenix/8kep_HL/d37/seed5_r2/results/8kep_hl/seed_0/predictions/8kep_hl_sample_4.cif,8kep_HL,seed5_r2,8kep_hl_sample_4.cif,0.0629
/mnt/data/msadepth/compreps/seedrep_cand/protenix/8kep_HL/d37/seed5_r1/results/8kep_hl/seed_0/predictions/8kep_hl_sample_2.cif,8kep_HL,seed5_r1,8kep_hl_sample_2.cif,0.02507
/mnt/data/msadepth/compreps/seedrep_cand/protenix/8kep_HL/d37/seed5_r1/results/8kep_hl/seed_0/predictions/8kep_hl_sample_4.cif,8kep_HL,seed5_r1,8kep_hl_sample_4.cif,0.04931
/mnt/data/msadepth/compreps/seedrep_cand/protenix/8kep_HL/d37/seed5_r1/results/8kep_hl/seed_0/predictions/8kep_hl_sample_1.cif,8kep_HL,seed5_r1,8kep_hl_sample_1.cif,0.03073
/mnt/data/msadepth/compreps/seedrep_cand/protenix/8kep_HL/d37/seed5_r0/results/8kep_hl/seed_0/predictions/8kep_hl_sample_2.cif,8kep_HL,seed5_r0,8kep_hl_sample_2.cif,0.03501
/mnt/data/msadepth/compreps/seedrep_cand/protenix/8kep_HL/d37/seed5_r2/results/8kep_hl/seed_0/predictions/8kep_hl_sample_3.cif,8kep_HL,seed5_r2,8kep_hl_sample_3.cif,0.07303
/mnt/data/msadepth/compreps/seedrep_cand/protenix/8kep_HL/d37/seed5_r0/results/8kep_hl/seed_0/predictions/8kep_hl_sample_4.cif,8kep_HL,seed5_r0,8kep_hl_sample_4.cif,0.046
/mnt/data/msadepth/compreps/seedrep_cand/protenix/8kep_HL/d37/seed5_r0/results/8kep_hl/seed_0/predictions/8kep_hl_sample_1.cif,8kep_HL,seed5_r0,8kep_hl_sample_1.cif,0.05269
/mnt/data/msadepth/compreps/seedrep_cand/protenix/8kep_HL/d37/seed5_r0/results/8kep_hl/seed_0/predictions/8kep_hl_sample_0.cif,8kep_HL,seed5_r0,8kep_hl_sample_0.cif,0.05274
/mnt/data/msadepth/compreps/seedrep_cand/protenix/8kep_HL/d37/seed5_r3/results/8kep_hl/seed_0/predictions/8kep_hl_sample_3.cif,8kep_HL,seed5_r3,8kep_hl_sample_3.cif,0.02439
/mnt/data/msadepth/compreps/seedrep_cand/protenix/8kep_HL/d37/seed5_r2/results/8kep_hl/seed_0/predictions/8kep_hl_sample_0.cif,8kep_HL,seed5_r2,8kep_hl_sample_0.cif,0.04609
/mnt/data/msadepth/compreps/seedrep_cand/protenix/8kep_HL/d37/seed5_r2/results/8kep_hl/seed_0/predictions/8kep_hl_sample_1.cif,8kep_HL,seed5_r2,8kep_hl_sample_1.cif,0.0488
/mnt/data/msadepth/compreps/seedrep_cand/protenix/8kep_HL/d37/seed5_r3/results/8kep_hl/seed_0/predictions/8kep_hl_sample_1.cif,8kep_HL,seed5_r3,8kep_hl_sample_1.cif,0.02852
/mnt/data/msadepth/compreps/seedrep_cand/protenix/8kep_HL/d37/seed5_r3/results/8kep_hl/seed_0/predictions/8kep_hl_sample_0.cif,8kep_HL,seed5_r3,8kep_hl_sample_0.cif,0.03996
/mnt/data/msadepth/compreps/seedrep_cand/protenix/8kep_HL/d37/seed5_r0/results/8kep_hl/seed_0/predictions/8kep_hl_sample_3.cif,8kep_HL,seed5_r0,8kep_hl_sample_3.cif,0.06565
/mnt/data/msadepth/compreps/seedrep_cand/protenix/8kep_HL/d37/seed5_r1/results/8kep_hl/seed_0/predictions/8kep_hl_sample_3.cif,8kep_HL,seed5_r1,8kep_hl_sample_3.cif,0.02322
/mnt/data/msadepth/compreps/seedrep_cand/protenix/8kep_HL/d37/seed5_r3/results/8kep_hl/seed_0/predictions/8kep_hl_sample_4.cif,8kep_HL,seed5_r3,8kep_hl_sample_4.cif,0.03664
/mnt/data/msadepth/compreps/seedrep_cand/protenix/8kep_HL/d37/seed5_r3/results/8kep_hl/seed_0/predictions/8kep_hl_sample_2.cif,8kep_HL,seed5_r3,8kep_hl_sample_2.cif,0.0417
/mnt/data/msadepth/compreps/seedrep_cand/protenix/8kep_HL/d37/seedfull_r1/results/8kep_hl/seed_0/predictions/8kep_hl_sample_3.cif,8kep_HL,seedfull_r1,8kep_hl_sample_3.cif,0.07274
/mnt/data/msadepth/compreps/seedrep_cand/protenix/8kep_HL/d37/seedfull_r2/results/8kep_hl/seed_0/predictions/8kep_hl_sample_1.cif,8kep_HL,seedfull_r2,8kep_hl_sample_1.cif,0.06174
/mnt/data/msadepth/compreps/seedrep_cand/protenix/8kep_HL/d37/seedfull_r3/results/8kep_hl/seed_0/predictions/8kep_hl_sample_2.cif,8kep_HL,seedfull_r3,8kep_hl_sample_2.cif,0.06184
/mnt/data/msadepth/compreps/seedrep_cand/protenix/8kep_HL/d37/seedfull_r2/results/8kep_hl/seed_0/predictions/8kep_hl_sample_3.cif,8kep_HL,seedfull_r2,8kep_hl_sample_3.cif,0.10999
/mnt/data/msadepth/compreps/seedrep_cand/protenix/8kep_HL/d37/seedfull_r1/results/8kep_hl/seed_0/predictions/8kep_hl_sample_0.cif,8kep_HL,seedfull_r1,8kep_hl_sample_0.cif,0.06362
/mnt/data/msadepth/compreps/seedrep_cand/protenix/8kep_HL/d37/seedfull_r0/results/8kep_hl/seed_0/predictions/8kep_hl_sample_4.cif,8kep_HL,seedfull_r0,8kep_hl_sample_4.cif,0.05662
/mnt/data/msadepth/compreps/seedrep_cand/protenix/8kep_HL/d37/seedfull_r3/results/8kep_hl/seed_0/predictions/8kep_hl_sample_1.cif,8kep_HL,seedfull_r3,8kep_hl_sample_1.cif,0.0337
/mnt/data/msadepth/compreps/seedrep_cand/protenix/8kep_HL/d37/seedfull_r2/results/8kep_hl/seed_0/predictions/8kep_hl_sample_4.cif,8kep_HL,seedfull_r2,8kep_hl_sample_4.cif,0.06959
/mnt/data/msadepth/compreps/seedrep_cand/protenix/8kep_HL/d37/seedfull_r1/results/8kep_hl/seed_0/predictions/8kep_hl_sample_4.cif,8kep_HL,seedfull_r1,8kep_hl_sample_4.cif,0.12292
/mnt/data/msadepth/compreps/seedrep_cand/protenix/8kep_HL/d37/seedfull_r1/results/8kep_hl/seed_0/predictions/8kep_hl_sample_1.cif,8kep_HL,seedfull_r1,8kep_hl_sample_1.cif,0.10556
/mnt/data/msadepth/compreps/seedrep_cand/protenix/8kep_HL/d37/seedfull_r3/results/8kep_hl/seed_0/predictions/8kep_hl_sample_3.cif,8kep_HL,seedfull_r3,8kep_hl_sample_3.cif,0.02704
/mnt/data/msadepth/compreps/seedrep_cand/protenix/8kep_HL/d37/seedfull_r2/results/8kep_hl/seed_0/predictions/8kep_hl_sample_2.cif,8kep_HL,seedfull_r2,8kep_hl_sample_2.cif,0.05408
/mnt/data/msadepth/compreps/seedrep_cand/protenix/8kep_HL/d37/seedfull_r2/results/8kep_hl/seed_0/predictions/8kep_hl_sample_0.cif,8kep_HL,seedfull_r2,8kep_hl_sample_0.cif,0.03496
/mnt/data/msadepth/compreps/seedrep_cand/protenix/8kep_HL/d37/seedfull_r3/results/8kep_hl/seed_0/predictions/8kep_hl_sample_4.cif,8kep_HL,seedfull_r3,8kep_hl_sample_4.cif,0.12951
/mnt/data/msadepth/compreps/seedrep_cand/protenix/8kep_HL/d37/seedfull_r3/results/8kep_hl/seed_0/predictions/8kep_hl_sample_0.cif,8kep_HL,seedfull_r3,8kep_hl_sample_0.cif,0.14344
/mnt/data/msadepth/compreps/seedrep_cand/protenix/8kep_HL/d37/seedfull_r1/results/8kep_hl/seed_0/predictions/8kep_hl_sample_2.cif,8kep_HL,seedfull_r1,8kep_hl_sample_2.cif,0.0952
/mnt/data/msadepth/compreps/seedrep_cand/protenix/8kep_HL/d37/seedfull_r0/results/8kep_hl/seed_0/predictions/8kep_hl_sample_2.cif,8kep_HL,seedfull_r0,8kep_hl_sample_2.cif,0.09458
/mnt/data/msadepth/compreps/seedrep_cand/protenix/8kep_HL/d37/seedfull_r0/results/8kep_hl/seed_0/predictions/8kep_hl_sample_1.cif,8kep_HL,seedfull_r0,8kep_hl_sample_1.cif,0.03881
/mnt/data/msadepth/compreps/seedrep_cand/protenix/8kep_HL/d37/seedfull_r0/results/8kep_hl/seed_0/predictions/8kep_hl_sample_0.cif,8kep_HL,seedfull_r0,8kep_hl_sample_0.cif,0.04604
/mnt/data/msadepth/compreps/seedrep_cand/protenix/8kep_HL/d37/seedfull_r0/results/8kep_hl/seed_0/predictions/8kep_hl_sample_3.cif,8kep_HL,seedfull_r0,8kep_hl_sample_3.cif,0.09122
/mnt/data/msadepth/compreps/seedrep_cand/protenix/8kep_HL/d37/seedfull_r6/results/8kep_hl/seed_0/predictions/8kep_hl_sample_2.cif,8kep_HL,seedfull_r6,8kep_hl_sample_2.cif,0.06759
/mnt/data/msadepth/compreps/seedrep_cand/protenix/8kep_HL/d37/seedfull_r4/results/8kep_hl/seed_0/predictions/8kep_hl_sample_0.cif,8kep_HL,seedfull_r4,8kep_hl_sample_0.cif,0.05001
/mnt/data/msadepth/compreps/seedrep_cand/protenix/8kep_HL/d37/seedfull_r5/results/8kep_hl/seed_0/predictions/8kep_hl_sample_2.cif,8kep_HL,seedfull_r5,8kep_hl_sample_2.cif,0.02737
/mnt/data/msadepth/compreps/seedrep_cand/protenix/8kep_HL/d37/seedfull_r4/results/8kep_hl/seed_0/predictions/8kep_hl_sample_2.cif,8kep_HL,seedfull_r4,8kep_hl_sample_2.cif,0.03241
/mnt/data/msadepth/compreps/seedrep_cand/protenix/8kep_HL/d37/seedfull_r6/results/8kep_hl/seed_0/predictions/8kep_hl_sample_4.cif,8kep_HL,seedfull_r6,8kep_hl_sample_4.cif,0.06937
/mnt/data/msadepth/compreps/seedrep_cand/protenix/8kep_HL/d37/seedfull_r7/results/8kep_hl/seed_0/predictions/8kep_hl_sample_4.cif,8kep_HL,seedfull_r7,8kep_hl_sample_4.cif,0.12784
/mnt/data/msadepth/compreps/seedrep_cand/protenix/8kep_HL/d37/seedfull_r5/results/8kep_hl/seed_0/predictions/8kep_hl_sample_0.cif,8kep_HL,seedfull_r5,8kep_hl_sample_0.cif,0.06194
/mnt/data/msadepth/compreps/seedrep_cand/protenix/8kep_HL/d37/seedfull_r5/results/8kep_hl/seed_0/predictions/8kep_hl_sample_1.cif,8kep_HL,seedfull_r5,8kep_hl_sample_1.cif,0.05894
/mnt/data/msadepth/compreps/seedrep_cand/protenix/8kep_HL/d37/seedfull_r4/results/8kep_hl/seed_0/predictions/8kep_hl_sample_3.cif,8kep_HL,seedfull_r4,8kep_hl_sample_3.cif,0.05338
/mnt/data/msadepth/compreps/seedrep_cand/protenix/8kep_HL/d37/seedfull_r5/results/8kep_hl/seed_0/predictions/8kep_hl_sample_3.cif,8kep_HL,seedfull_r5,8kep_hl_sample_3.cif,0.05543
/mnt/data/msadepth/compreps/seedrep_cand/protenix/8kep_HL/d37/seedfull_r7/results/8kep_hl/seed_0/predictions/8kep_hl_sample_0.cif,8kep_HL,seedfull_r7,8kep_hl_sample_0.cif,0.10499
/mnt/data/msadepth/compreps/seedrep_cand/protenix/8kep_HL/d37/seedfull_r6/results/8kep_hl/seed_0/predictions/8kep_hl_sample_1.cif,8kep_HL,seedfull_r6,8kep_hl_sample_1.cif,0.06376
/mnt/data/msadepth/compreps/seedrep_cand/protenix/8kep_HL/d37/seedfull_r4/results/8kep_hl/seed_0/predictions/8kep_hl_sample_1.cif,8kep_HL,seedfull_r4,8kep_hl_sample_1.cif,0.02793
/mnt/data/msadepth/compreps/seedrep_cand/protenix/8kep_HL/d37/seedfull_r5/results/8kep_hl/seed_0/predictions/8kep_hl_sample_4.cif,8kep_HL,seedfull_r5,8kep_hl_sample_4.cif,0.08216
/mnt/data/msadepth/compreps/seedrep_cand/protenix/8kep_HL/d37/seedfull_r7/results/8kep_hl/seed_0/predictions/8kep_hl_sample_1.cif,8kep_HL,seedfull_r7,8kep_hl_sample_1.cif,0.05164
/mnt/data/msadepth/compreps/seedrep_cand/protenix/8kep_HL/d37/seedfull_r4/results/8kep_hl/seed_0/predictions/8kep_hl_sample_4.cif,8kep_HL,seedfull_r4,8kep_hl_sample_4.cif,0.06862
/mnt/data/msadepth/compreps/seedrep_cand/protenix/8kep_HL/d37/seedfull_r7/results/8kep_hl/seed_0/predictions/8kep_hl_sample_3.cif,8kep_HL,seedfull_r7,8kep_hl_sample_3.cif,0.09378
/mnt/data/msadepth/compreps/seedrep_cand/protenix/8kep_HL/d37/seedfull_r6/results/8kep_hl/seed_0/predictions/8kep_hl_sample_0.cif,8kep_HL,seedfull_r6,8kep_hl_sample_0.cif,0.06677
/mnt/data/msadepth/compreps/seedrep_cand/protenix/8kep_HL/d37/seedfull_r6/results/8kep_hl/seed_0/predictions/8kep_hl_sample_3.cif,8kep_HL,seedfull_r6,8kep_hl_sample_3.cif,0.08624
/mnt/data/msadepth/compreps/seedrep_cand/protenix/8kep_HL/d37/seedfull_r7/results/8kep_hl/seed_0/predictions/8kep_hl_sample_2.cif,8kep_HL,seedfull_r7,8kep_hl_sample_2.cif,0.08599
/mnt/data/msadepth/compreps/seedrep_cand/protenix/8q7s_C/d35/seed1_r0/results/8q7s_c/seed_0/predictions/8q7s_c_sample_1.cif,8q7s_C,seed1_r0,8q7s_c_sample_1.cif,0.10298
/mnt/data/msadepth/compreps/seedrep_cand/protenix/8q7s_C/d35/seed1_r0/results/8q7s_c/seed_0/predictions/8q7s_c_sample_4.cif,8q7s_C,seed1_r0,8q7s_c_sample_4.cif,0.1225
/mnt/data/msadepth/compreps/seedrep_cand/protenix/8q7s_C/d35/seed2_r0/results/8q7s_c/seed_0/predictions/8q7s_c_sample_2.cif,8q7s_C,seed2_r0,8q7s_c_sample_2.cif,0.07064
/mnt/data/msadepth/compreps/seedrep_cand/protenix/8q7s_C/d35/seed2_r0/results/8q7s_c/seed_0/predictions/8q7s_c_sample_1.cif,8q7s_C,seed2_r0,8q7s_c_sample_1.cif,0.09464
/mnt/data/msadepth/compreps/seedrep_cand/protenix/8q7s_C/d35/seed0_r0/results/8q7s_c/seed_0/predictions/8q7s_c_sample_2.cif,8q7s_C,seed0_r0,8q7s_c_sample_2.cif,0.03441
/mnt/data/msadepth/compreps/seedrep_cand/protenix/8q7s_C/d35/seed1_r0/results/8q7s_c/seed_0/predictions/8q7s_c_sample_3.cif,8q7s_C,seed1_r0,8q7s_c_sample_3.cif,0.07934
/mnt/data/msadepth/compreps/seedrep_cand/protenix/8q7s_C/d35/seed1_r0/results/8q7s_c/seed_0/predictions/8q7s_c_sample_2.cif,8q7s_C,seed1_r0,8q7s_c_sample_2.cif,0.19108
/mnt/data/msadepth/compreps/seedrep_cand/protenix/8q7s_C/d35/seed2_r0/results/8q7s_c/seed_0/predictions/8q7s_c_sample_0.cif,8q7s_C,seed2_r0,8q7s_c_sample_0.cif,0.1528
/mnt/data/msadepth/compreps/seedrep_cand/protenix/8q7s_C/d35/seed0_r0/results/8q7s_c/seed_0/predictions/8q7s_c_sample_4.cif,8q7s_C,seed0_r0,8q7s_c_sample_4.cif,0.02783
/mnt/data/msadepth/compreps/seedrep_cand/protenix/8q7s_C/d35/seed2_r0/results/8q7s_c/seed_0/predictions/8q7s_c_sample_4.cif,8q7s_C,seed2_r0,8q7s_c_sample_4.cif,0.16479
/mnt/data/msadepth/compreps/seedrep_cand/protenix/8q7s_C/d35/seed0_r0/results/8q7s_c/seed_0/predictions/8q7s_c_sample_0.cif,8q7s_C,seed0_r0,8q7s_c_sample_0.cif,0.06763
/mnt/data/msadepth/compreps/seedrep_cand/protenix/8q7s_C/d35/seed3_r0/results/8q7s_c/seed_0/predictions/8q7s_c_sample_2.cif,8q7s_C,seed3_r0,8q7s_c_sample_2.cif,0.18555
/mnt/data/msadepth/compreps/seedrep_cand/protenix/8q7s_C/d35/seed0_r0/results/8q7s_c/seed_0/predictions/8q7s_c_sample_1.cif,8q7s_C,seed0_r0,8q7s_c_sample_1.cif,0.07313
/mnt/data/msadepth/compreps/seedrep_cand/protenix/8q7s_C/d35/seed3_r0/results/8q7s_c/seed_0/predictions/8q7s_c_sample_0.cif,8q7s_C,seed3_r0,8q7s_c_sample_0.cif,0.08437
/mnt/data/msadepth/compreps/seedrep_cand/protenix/8q7s_C/d35/seed3_r0/results/8q7s_c/seed_0/predictions/8q7s_c_sample_3.cif,8q7s_C,seed3_r0,8q7s_c_sample_3.cif,0.07778
/mnt/data/msadepth/compreps/seedrep_cand/protenix/8q7s_C/d35/seed3_r0/results/8q7s_c/seed_0/predictions/8q7s_c_sample_4.cif,8q7s_C,seed3_r0,8q7s_c_sample_4.cif,0.04957
/mnt/data/msadepth/compreps/seedrep_cand/protenix/8q7s_C/d35/seed0_r0/results/8q7s_c/seed_0/predictions/8q7s_c_sample_3.cif,8q7s_C,seed0_r0,8q7s_c_sample_3.cif,0.04771
/mnt/data/msadepth/compreps/seedrep_cand/protenix/8q7s_C/d35/seed3_r0/results/8q7s_c/seed_0/predictions/8q7s_c_sample_1.cif,8q7s_C,seed3_r0,8q7s_c_sample_1.cif,0.20278
/mnt/data/msadepth/compreps/seedrep_cand/protenix/8q7s_C/d35/seed2_r0/results/8q7s_c/seed_0/predictions/8q7s_c_sample_3.cif,8q7s_C,seed2_r0,8q7s_c_sample_3.cif,0.03028
/mnt/data/msadepth/compreps/seedrep_cand/protenix/8q7s_C/d35/seed1_r0/results/8q7s_c/seed_0/predictions/8q7s_c_sample_0.cif,8q7s_C,seed1_r0,8q7s_c_sample_0.cif,0.25727
/mnt/data/msadepth/compreps/seedrep_cand/protenix/8q7s_C/d35/seedfull_r0/results/8q7s_c/seed_0/predictions/8q7s_c_sample_4.cif,8q7s_C,seedfull_r0,8q7s_c_sample_4.cif,0.15247
/mnt/data/msadepth/compreps/seedrep_cand/protenix/8q7s_C/d35/seedfull_r2/results/8q7s_c/seed_0/predictions/8q7s_c_sample_2.cif,8q7s_C,seedfull_r2,8q7s_c_sample_2.cif,0.11907
/mnt/data/msadepth/compreps/seedrep_cand/protenix/8q7s_C/d35/seedfull_r2/results/8q7s_c/seed_0/predictions/8q7s_c_sample_4.cif,8q7s_C,seedfull_r2,8q7s_c_sample_4.cif,0.04814
/mnt/data/msadepth/compreps/seedrep_cand/protenix/8q7s_C/d35/seedfull_r2/results/8q7s_c/seed_0/predictions/8q7s_c_sample_0.cif,8q7s_C,seedfull_r2,8q7s_c_sample_0.cif,0.05076
/mnt/data/msadepth/compreps/seedrep_cand/protenix/8q7s_C/d35/seed4_r0/results/8q7s_c/seed_0/predictions/8q7s_c_sample_2.cif,8q7s_C,seed4_r0,8q7s_c_sample_2.cif,0.03308
/mnt/data/msadepth/compreps/seedrep_cand/protenix/8q7s_C/d35/seedfull_r2/results/8q7s_c/seed_0/predictions/8q7s_c_sample_3.cif,8q7s_C,seedfull_r2,8q7s_c_sample_3.cif,0.19973
/mnt/data/msadepth/compreps/seedrep_cand/protenix/8q7s_C/d35/seedfull_r0/results/8q7s_c/seed_0/predictions/8q7s_c_sample_2.cif,8q7s_C,seedfull_r0,8q7s_c_sample_2.cif,0.04383
/mnt/data/msadepth/compreps/seedrep_cand/protenix/8q7s_C/d35/seedfull_r1/results/8q7s_c/seed_0/predictions/8q7s_c_sample_4.cif,8q7s_C,seedfull_r1,8q7s_c_sample_4.cif,0.14387
/mnt/data/msadepth/compreps/seedrep_cand/protenix/8q7s_C/d35/seed4_r0/results/8q7s_c/seed_0/predictions/8q7s_c_sample_1.cif,8q7s_C,seed4_r0,8q7s_c_sample_1.cif,0.07295
/mnt/data/msadepth/compreps/seedrep_cand/protenix/8q7s_C/d35/seedfull_r2/results/8q7s_c/seed_0/predictions/8q7s_c_sample_1.cif,8q7s_C,seedfull_r2,8q7s_c_sample_1.cif,0.07715
/mnt/data/msadepth/compreps/seedrep_cand/protenix/8q7s_C/d35/seedfull_r1/results/8q7s_c/seed_0/predictions/8q7s_c_sample_3.cif,8q7s_C,seedfull_r1,8q7s_c_sample_3.cif,0.08139
/mnt/data/msadepth/compreps/seedrep_cand/protenix/8q7s_C/d35/seedfull_r1/results/8q7s_c/seed_0/predictions/8q7s_c_sample_2.cif,8q7s_C,seedfull_r1,8q7s_c_sample_2.cif,0.07627
/mnt/data/msadepth/compreps/seedrep_cand/protenix/8q7s_C/d35/seedfull_r0/results/8q7s_c/seed_0/predictions/8q7s_c_sample_1.cif,8q7s_C,seedfull_r0,8q7s_c_sample_1.cif,0.15382
/mnt/data/msadepth/compreps/seedrep_cand/protenix/8q7s_C/d35/seed4_r0/results/8q7s_c/seed_0/predictions/8q7s_c_sample_4.cif,8q7s_C,seed4_r0,8q7s_c_sample_4.cif,0.11055
/mnt/data/msadepth/compreps/seedrep_cand/protenix/8q7s_C/d35/seedfull_r1/results/8q7s_c/seed_0/predictions/8q7s_c_sample_0.cif,8q7s_C,seedfull_r1,8q7s_c_sample_0.cif,0.08553
/mnt/data/msadepth/compreps/seedrep_cand/protenix/8q7s_C/d35/seedfull_r0/results/8q7s_c/seed_0/predictions/8q7s_c_sample_3.cif,8q7s_C,seedfull_r0,8q7s_c_sample_3.cif,0.0688
/mnt/data/msadepth/compreps/seedrep_cand/protenix/8q7s_C/d35/seed4_r0/results/8q7s_c/seed_0/predictions/8q7s_c_sample_3.cif,8q7s_C,seed4_r0,8q7s_c_sample_3.cif,0.08225
/mnt/data/msadepth/compreps/seedrep_cand/protenix/8q7s_C/d35/seedfull_r1/results/8q7s_c/seed_0/predictions/8q7s_c_sample_1.cif,8q7s_C,seedfull_r1,8q7s_c_sample_1.cif,0.30579
/mnt/data/msadepth/compreps/seedrep_cand/protenix/8q7s_C/d35/seedfull_r0/results/8q7s_c/seed_0/predictions/8q7s_c_sample_0.cif,8q7s_C,seedfull_r0,8q7s_c_sample_0.cif,0.10391
/mnt/data/msadepth/compreps/seedrep_cand/protenix/8q7s_C/d35/seed4_r0/results/8q7s_c/seed_0/predictions/8q7s_c_sample_0.cif,8q7s_C,seed4_r0,8q7s_c_sample_0.cif,0.02629
/mnt/data/msadepth/compreps/seedrep_cand/protenix/8q7s_C/d86/seed0_r0/results/8q7s_c/seed_0/predictions/8q7s_c_sample_2.cif,8q7s_C,seed0_r0,8q7s_c_sample_2.cif,0.07472
/mnt/data/msadepth/compreps/seedrep_cand/protenix/8q7s_C/d35/seedfull_r3/results/8q7s_c/seed_0/predictions/8q7s_c_sample_1.cif,8q7s_C,seedfull_r3,8q7s_c_sample_1.cif,0.11833
/mnt/data/msadepth/compreps/seedrep_cand/protenix/8q7s_C/d35/seedfull_r4/results/8q7s_c/seed_0/predictions/8q7s_c_sample_1.cif,8q7s_C,seedfull_r4,8q7s_c_sample_1.cif,0.15842
/mnt/data/msadepth/compreps/seedrep_cand/protenix/8q7s_C/d35/seedfull_r4/results/8q7s_c/seed_0/predictions/8q7s_c_sample_4.cif,8q7s_C,seedfull_r4,8q7s_c_sample_4.cif,0.03671
/mnt/data/msadepth/compreps/seedrep_cand/protenix/8q7s_C/d86/seed0_r0/results/8q7s_c/seed_0/predictions/8q7s_c_sample_3.cif,8q7s_C,seed0_r0,8q7s_c_sample_3.cif,0.11304
/mnt/data/msadepth/compreps/seedrep_cand/protenix/8q7s_C/d35/seedfull_r3/results/8q7s_c/seed_0/predictions/8q7s_c_sample_2.cif,8q7s_C,seedfull_r3,8q7s_c_sample_2.cif,0.13886
/mnt/data/msadepth/compreps/seedrep_cand/protenix/8q7s_C/d86/seed0_r1/results/8q7s_c/seed_0/predictions/8q7s_c_sample_2.cif,8q7s_C,seed0_r1,8q7s_c_sample_2.cif,0.09038
/mnt/data/msadepth/compreps/seedrep_cand/protenix/8q7s_C/d86/seed0_r1/results/8q7s_c/seed_0/predictions/8q7s_c_sample_1.cif,8q7s_C,seed0_r1,8q7s_c_sample_1.cif,0.12163
/mnt/data/msadepth/compreps/seedrep_cand/protenix/8q7s_C/d86/seed0_r1/results/8q7s_c/seed_0/predictions/8q7s_c_sample_3.cif,8q7s_C,seed0_r1,8q7s_c_sample_3.cif,0.12601
/mnt/data/msadepth/compreps/seedrep_cand/protenix/8q7s_C/d35/seedfull_r4/results/8q7s_c/seed_0/predictions/8q7s_c_sample_2.cif,8q7s_C,seedfull_r4,8q7s_c_sample_2.cif,0.11134
/mnt/data/msadepth/compreps/seedrep_cand/protenix/8q7s_C/d86/seed0_r0/results/8q7s_c/seed_0/predictions/8q7s_c_sample_1.cif,8q7s_C,seed0_r0,8q7s_c_sample_1.cif,0.11068
/mnt/data/msadepth/compreps/seedrep_cand/protenix/8q7s_C/d86/seed0_r0/results/8q7s_c/seed_0/predictions/8q7s_c_sample_0.cif,8q7s_C,seed0_r0,8q7s_c_sample_0.cif,0.13778
/mnt/data/msadepth/compreps/seedrep_cand/protenix/8q7s_C/d35/seedfull_r4/results/8q7s_c/seed_0/predictions/8q7s_c_sample_0.cif,8q7s_C,seedfull_r4,8q7s_c_sample_0.cif,0.03836
/mnt/data/msadepth/compreps/seedrep_cand/protenix/8q7s_C/d86/seed0_r1/results/8q7s_c/seed_0/predictions/8q7s_c_sample_0.cif,8q7s_C,seed0_r1,8q7s_c_sample_0.cif,0.27506
/mnt/data/msadepth/compreps/seedrep_cand/protenix/8q7s_C/d35/seedfull_r3/results/8q7s_c/seed_0/predictions/8q7s_c_sample_3.cif,8q7s_C,seedfull_r3,8q7s_c_sample_3.cif,0.16034
/mnt/data/msadepth/compreps/seedrep_cand/protenix/8q7s_C/d86/seed0_r1/results/8q7s_c/seed_0/predictions/8q7s_c_sample_4.cif,8q7s_C,seed0_r1,8q7s_c_sample_4.cif,0.12634
/mnt/data/msadepth/compreps/seedrep_cand/protenix/8q7s_C/d35/seedfull_r3/results/8q7s_c/seed_0/predictions/8q7s_c_sample_0.cif,8q7s_C,seedfull_r3,8q7s_c_sample_0.cif,0.21491
/mnt/data/msadepth/compreps/seedrep_cand/protenix/8q7s_C/d35/seedfull_r4/results/8q7s_c/seed_0/predictions/8q7s_c_sample_3.cif,8q7s_C,seedfull_r4,8q7s_c_sample_3.cif,0.18585
/mnt/data/msadepth/compreps/seedrep_cand/protenix/8q7s_C/d86/seed0_r0/results/8q7s_c/seed_0/predictions/8q7s_c_sample_4.cif,8q7s_C,seed0_r0,8q7s_c_sample_4.cif,0.09365
/mnt/data/msadepth/compreps/seedrep_cand/protenix/8q7s_C/d35/seedfull_r3/results/8q7s_c/seed_0/predictions/8q7s_c_sample_4.cif,8q7s_C,seedfull_r3,8q7s_c_sample_4.cif,0.05178
/mnt/data/msadepth/compreps/seedrep_cand/protenix/8q7s_C/d86/seed0_r3/results/8q7s_c/seed_0/predictions/8q7s_c_sample_4.cif,8q7s_C,seed0_r3,8q7s_c_sample_4.cif,0.08354
/mnt/data/msadepth/compreps/seedrep_cand/protenix/8q7s_C/d86/seed1_r1/results/8q7s_c/seed_0/predictions/8q7s_c_sample_4.cif,8q7s_C,seed1_r1,8q7s_c_sample_4.cif,0.16364
/mnt/data/msadepth/compreps/seedrep_cand/protenix/8q7s_C/d86/seed0_r2/results/8q7s_c/seed_0/predictions/8q7s_c_sample_0.cif,8q7s_C,seed0_r2,8q7s_c_sample_0.cif,0.12302
/mnt/data/msadepth/compreps/seedrep_cand/protenix/8q7s_C/d86/seed1_r1/results/8q7s_c/seed_0/predictions/8q7s_c_sample_2.cif,8q7s_C,seed1_r1,8q7s_c_sample_2.cif,0.05372
/mnt/data/msadepth/compreps/seedrep_cand/protenix/8q7s_C/d86/seed1_r0/results/8q7s_c/seed_0/predictions/8q7s_c_sample_3.cif,8q7s_C,seed1_r0,8q7s_c_sample_3.cif,0.13828
/mnt/data/msadepth/compreps/seedrep_cand/protenix/8q7s_C/d86/seed1_r0/results/8q7s_c/seed_0/predictions/8q7s_c_sample_4.cif,8q7s_C,seed1_r0,8q7s_c_sample_4.cif,0.03692
/mnt/data/msadepth/compreps/seedrep_cand/protenix/8q7s_C/d86/seed0_r2/results/8q7s_c/seed_0/predictions/8q7s_c_sample_3.cif,8q7s_C,seed0_r2,8q7s_c_sample_3.cif,0.04174
/mnt/data/msadepth/compreps/seedrep_cand/protenix/8q7s_C/d86/seed1_r0/results/8q7s_c/seed_0/predictions/8q7s_c_sample_0.cif,8q7s_C,seed1_r0,8q7s_c_sample_0.cif,0.05165
/mnt/data/msadepth/compreps/seedrep_cand/protenix/8q7s_C/d86/seed0_r3/results/8q7s_c/seed_0/predictions/8q7s_c_sample_3.cif,8q7s_C,seed0_r3,8q7s_c_sample_3.cif,0.04218
/mnt/data/msadepth/compreps/seedrep_cand/protenix/8q7s_C/d86/seed0_r2/results/8q7s_c/seed_0/predictions/8q7s_c_sample_1.cif,8q7s_C,seed0_r2,8q7s_c_sample_1.cif,0.11792
/mnt/data/msadepth/compreps/seedrep_cand/protenix/8q7s_C/d86/seed1_r0/results/8q7s_c/seed_0/predictions/8q7s_c_sample_2.cif,8q7s_C,seed1_r0,8q7s_c_sample_2.cif,0.12735
/mnt/data/msadepth/compreps/seedrep_cand/protenix/8q7s_C/d86/seed0_r2/results/8q7s_c/seed_0/predictions/8q7s_c_sample_4.cif,8q7s_C,seed0_r2,8q7s_c_sample_4.cif,0.1427
/mnt/data/msadepth/compreps/seedrep_cand/protenix/8q7s_C/d86/seed1_r1/results/8q7s_c/seed_0/predictions/8q7s_c_sample_3.cif,8q7s_C,seed1_r1,8q7s_c_sample_3.cif,0.0453
/mnt/data/msadepth/compreps/seedrep_cand/protenix/8q7s_C/d86/seed0_r3/results/8q7s_c/seed_0/predictions/8q7s_c_sample_2.cif,8q7s_C,seed0_r3,8q7s_c_sample_2.cif,0.13193
/mnt/data/msadepth/compreps/seedrep_cand/protenix/8q7s_C/d86/seed1_r1/results/8q7s_c/seed_0/predictions/8q7s_c_sample_1.cif,8q7s_C,seed1_r1,8q7s_c_sample_1.cif,0.03036
/mnt/data/msadepth/compreps/seedrep_cand/protenix/8q7s_C/d86/seed1_r0/results/8q7s_c/seed_0/predictions/8q7s_c_sample_1.cif,8q7s_C,seed1_r0,8q7s_c_sample_1.cif,0.10784
/mnt/data/msadepth/compreps/seedrep_cand/protenix/8q7s_C/d86/seed0_r3/results/8q7s_c/seed_0/predictions/8q7s_c_sample_1.cif,8q7s_C,seed0_r3,8q7s_c_sample_1.cif,0.08677
/mnt/data/msadepth/compreps/seedrep_cand/protenix/8q7s_C/d86/seed0_r2/results/8q7s_c/seed_0/predictions/8q7s_c_sample_2.cif,8q7s_C,seed0_r2,8q7s_c_sample_2.cif,0.12467
/mnt/data/msadepth/compreps/seedrep_cand/protenix/8q7s_C/d86/seed1_r1/results/8q7s_c/seed_0/predictions/8q7s_c_sample_0.cif,8q7s_C,seed1_r1,8q7s_c_sample_0.cif,0.14833
/mnt/data/msadepth/compreps/seedrep_cand/protenix/8q7s_C/d86/seed0_r3/results/8q7s_c/seed_0/predictions/8q7s_c_sample_0.cif,8q7s_C,seed0_r3,8q7s_c_sample_0.cif,0.29736
/mnt/data/msadepth/compreps/seedrep_cand/protenix/8q7s_C/d86/seed2_r0/results/8q7s_c/seed_0/predictions/8q7s_c_sample_4.cif,8q7s_C,seed2_r0,8q7s_c_sample_4.cif,0.0454
/mnt/data/msadepth/compreps/seedrep_cand/protenix/8q7s_C/d86/seed2_r1/results/8q7s_c/seed_0/predictions/8q7s_c_sample_1.cif,8q7s_C,seed2_r1,8q7s_c_sample_1.cif,0.05846
/mnt/data/msadepth/compreps/seedrep_cand/protenix/8q7s_C/d86/seed2_r0/results/8q7s_c/seed_0/predictions/8q7s_c_sample_2.cif,8q7s_C,seed2_r0,8q7s_c_sample_2.cif,0.0388
/mnt/data/msadepth/compreps/seedrep_cand/protenix/8q7s_C/d86/seed1_r3/results/8q7s_c/seed_0/predictions/8q7s_c_sample_0.cif,8q7s_C,seed1_r3,8q7s_c_sample_0.cif,0.13808
/mnt/data/msadepth/compreps/seedrep_cand/protenix/8q7s_C/d86/seed1_r2/results/8q7s_c/seed_0/predictions/8q7s_c_sample_0.cif,8q7s_C,seed1_r2,8q7s_c_sample_0.cif,0.09198
/mnt/data/msadepth/compreps/seedrep_cand/protenix/8q7s_C/d86/seed1_r3/results/8q7s_c/seed_0/predictions/8q7s_c_sample_1.cif,8q7s_C,seed1_r3,8q7s_c_sample_1.cif,0.04423
/mnt/data/msadepth/compreps/seedrep_cand/protenix/8q7s_C/d86/seed2_r1/results/8q7s_c/seed_0/predictions/8q7s_c_sample_3.cif,8q7s_C,seed2_r1,8q7s_c_sample_3.cif,0.03886
/mnt/data/msadepth/compreps/seedrep_cand/protenix/8q7s_C/d86/seed1_r3/results/8q7s_c/seed_0/predictions/8q7s_c_sample_3.cif,8q7s_C,seed1_r3,8q7s_c_sample_3.cif,0.05221
/mnt/data/msadepth/compreps/seedrep_cand/protenix/8q7s_C/d86/seed2_r1/results/8q7s_c/seed_0/predictions/8q7s_c_sample_4.cif,8q7s_C,seed2_r1,8q7s_c_sample_4.cif,0.12253
/mnt/data/msadepth/compreps/seedrep_cand/protenix/8q7s_C/d86/seed1_r2/results/8q7s_c/seed_0/predictions/8q7s_c_sample_3.cif,8q7s_C,seed1_r2,8q7s_c_sample_3.cif,0.03979
/mnt/data/msadepth/compreps/seedrep_cand/protenix/8q7s_C/d86/seed2_r0/results/8q7s_c/seed_0/predictions/8q7s_c_sample_3.cif,8q7s_C,seed2_r0,8q7s_c_sample_3.cif,0.0298
/mnt/data/msadepth/compreps/seedrep_cand/protenix/8q7s_C/d86/seed1_r2/results/8q7s_c/seed_0/predictions/8q7s_c_sample_1.cif,8q7s_C,seed1_r2,8q7s_c_sample_1.cif,0.04915
/mnt/data/msadepth/compreps/seedrep_cand/protenix/8q7s_C/d86/seed1_r3/results/8q7s_c/seed_0/predictions/8q7s_c_sample_2.cif,8q7s_C,seed1_r3,8q7s_c_sample_2.cif,0.04138
/mnt/data/msadepth/compreps/seedrep_cand/protenix/8q7s_C/d86/seed2_r0/results/8q7s_c/seed_0/predictions/8q7s_c_sample_1.cif,8q7s_C,seed2_r0,8q7s_c_sample_1.cif,0.0592
/mnt/data/msadepth/compreps/seedrep_cand/protenix/8q7s_C/d86/seed2_r0/results/8q7s_c/seed_0/predictions/8q7s_c_sample_0.cif,8q7s_C,seed2_r0,8q7s_c_sample_0.cif,0.04434
/mnt/data/msadepth/compreps/seedrep_cand/protenix/8q7s_C/d86/seed1_r2/results/8q7s_c/seed_0/predictions/8q7s_c_sample_2.cif,8q7s_C,seed1_r2,8q7s_c_sample_2.cif,0.08804
/mnt/data/msadepth/compreps/seedrep_cand/protenix/8q7s_C/d86/seed2_r1/results/8q7s_c/seed_0/predictions/8q7s_c_sample_2.cif,8q7s_C,seed2_r1,8q7s_c_sample_2.cif,0.07073
/mnt/data/msadepth/compreps/seedrep_cand/protenix/8q7s_C/d86/seed1_r2/results/8q7s_c/seed_0/predictions/8q7s_c_sample_4.cif,8q7s_C,seed1_r2,8q7s_c_sample_4.cif,0.08938
/mnt/data/msadepth/compreps/seedrep_cand/protenix/8q7s_C/d86/seed2_r1/results/8q7s_c/seed_0/predictions/8q7s_c_sample_0.cif,8q7s_C,seed2_r1,8q7s_c_sample_0.cif,0.08418
/mnt/data/msadepth/compreps/seedrep_cand/protenix/8q7s_C/d86/seed1_r3/results/8q7s_c/seed_0/predictions/8q7s_c_sample_4.cif,8q7s_C,seed1_r3,8q7s_c_sample_4.cif,0.05547
/mnt/data/msadepth/compreps/seedrep_cand/protenix/8q7s_C/d86/seed2_r3/results/8q7s_c/seed_0/predictions/8q7s_c_sample_0.cif,8q7s_C,seed2_r3,8q7s_c_sample_0.cif,0.07827
/mnt/data/msadepth/compreps/seedrep_cand/protenix/8q7s_C/d86/seed3_r0/results/8q7s_c/seed_0/predictions/8q7s_c_sample_2.cif,8q7s_C,seed3_r0,8q7s_c_sample_2.cif,0.27648
/mnt/data/msadepth/compreps/seedrep_cand/protenix/8q7s_C/d86/seed3_r0/results/8q7s_c/seed_0/predictions/8q7s_c_sample_4.cif,8q7s_C,seed3_r0,8q7s_c_sample_4.cif,0.06855
/mnt/data/msadepth/compreps/seedrep_cand/protenix/8q7s_C/d86/seed2_r3/results/8q7s_c/seed_0/predictions/8q7s_c_sample_2.cif,8q7s_C,seed2_r3,8q7s_c_sample_2.cif,0.05212
/mnt/data/msadepth/compreps/seedrep_cand/protenix/8q7s_C/d86/seed2_r3/results/8q7s_c/seed_0/predictions/8q7s_c_sample_4.cif,8q7s_C,seed2_r3,8q7s_c_sample_4.cif,0.0382
/mnt/data/msadepth/compreps/seedrep_cand/protenix/8q7s_C/d86/seed2_r3/results/8q7s_c/seed_0/predictions/8q7s_c_sample_1.cif,8q7s_C,seed2_r3,8q7s_c_sample_1.cif,0.07005
/mnt/data/msadepth/compreps/seedrep_cand/protenix/8q7s_C/d86/seed2_r2/results/8q7s_c/seed_0/predictions/8q7s_c_sample_2.cif,8q7s_C,seed2_r2,8q7s_c_sample_2.cif,0.16073
/mnt/data/msadepth/compreps/seedrep_cand/protenix/8q7s_C/d86/seed3_r0/results/8q7s_c/seed_0/predictions/8q7s_c_sample_3.cif,8q7s_C,seed3_r0,8q7s_c_sample_3.cif,0.11729
/mnt/data/msadepth/compreps/seedrep_cand/protenix/8q7s_C/d86/seed2_r2/results/8q7s_c/seed_0/predictions/8q7s_c_sample_4.cif,8q7s_C,seed2_r2,8q7s_c_sample_4.cif,0.03906
/mnt/data/msadepth/compreps/seedrep_cand/protenix/8q7s_C/d86/seed2_r2/results/8q7s_c/seed_0/predictions/8q7s_c_sample_1.cif,8q7s_C,seed2_r2,8q7s_c_sample_1.cif,0.03149
/mnt/data/msadepth/compreps/seedrep_cand/protenix/8q7s_C/d86/seed2_r2/results/8q7s_c/seed_0/predictions/8q7s_c_sample_0.cif,8q7s_C,seed2_r2,8q7s_c_sample_0.cif,0.06873
/mnt/data/msadepth/compreps/seedrep_cand/protenix/8q7s_C/d86/seed3_r1/results/8q7s_c/seed_0/predictions/8q7s_c_sample_3.cif,8q7s_C,seed3_r1,8q7s_c_sample_3.cif,0.11208
/mnt/data/msadepth/compreps/seedrep_cand/protenix/8q7s_C/d86/seed3_r0/results/8q7s_c/seed_0/predictions/8q7s_c_sample_0.cif,8q7s_C,seed3_r0,8q7s_c_sample_0.cif,0.04451
/mnt/data/msadepth/compreps/seedrep_cand/protenix/8q7s_C/d86/seed3_r0/results/8q7s_c/seed_0/predictions/8q7s_c_sample_1.cif,8q7s_C,seed3_r0,8q7s_c_sample_1.cif,0.07483
/mnt/data/msadepth/compreps/seedrep_cand/protenix/8q7s_C/d86/seed3_r1/results/8q7s_c/seed_0/predictions/8q7s_c_sample_1.cif,8q7s_C,seed3_r1,8q7s_c_sample_1.cif,0.20485
/mnt/data/msadepth/compreps/seedrep_cand/protenix/8q7s_C/d86/seed3_r1/results/8q7s_c/seed_0/predictions/8q7s_c_sample_0.cif,8q7s_C,seed3_r1,8q7s_c_sample_0.cif,0.068
/mnt/data/msadepth/compreps/seedrep_cand/protenix/8q7s_C/d86/seed2_r2/results/8q7s_c/seed_0/predictions/8q7s_c_sample_3.cif,8q7s_C,seed2_r2,8q7s_c_sample_3.cif,0.10953
/mnt/data/msadepth/compreps/seedrep_cand/protenix/8q7s_C/d86/seed2_r3/results/8q7s_c/seed_0/predictions/8q7s_c_sample_3.cif,8q7s_C,seed2_r3,8q7s_c_sample_3.cif,0.09696
/mnt/data/msadepth/compreps/seedrep_cand/protenix/8q7s_C/d86/seed3_r1/results/8q7s_c/seed_0/predictions/8q7s_c_sample_4.cif,8q7s_C,seed3_r1,8q7s_c_sample_4.cif,0.03993
/mnt/data/msadepth/compreps/seedrep_cand/protenix/8q7s_C/d86/seed3_r1/results/8q7s_c/seed_0/predictions/8q7s_c_sample_2.cif,8q7s_C,seed3_r1,8q7s_c_sample_2.cif,0.08864
/mnt/data/msadepth/compreps/seedrep_cand/protenix/8q7s_C/d86/seed3_r3/results/8q7s_c/seed_0/predictions/8q7s_c_sample_3.cif,8q7s_C,seed3_r3,8q7s_c_sample_3.cif,0.09373
/mnt/data/msadepth/compreps/seedrep_cand/protenix/8q7s_C/d86/seed4_r0/results/8q7s_c/seed_0/predictions/8q7s_c_sample_1.cif,8q7s_C,seed4_r0,8q7s_c_sample_1.cif,0.03489
/mnt/data/msadepth/compreps/seedrep_cand/protenix/8q7s_C/d86/seed4_r1/results/8q7s_c/seed_0/predictions/8q7s_c_sample_2.cif,8q7s_C,seed4_r1,8q7s_c_sample_2.cif,0.04264
/mnt/data/msadepth/compreps/seedrep_cand/protenix/8q7s_C/d86/seed4_r0/results/8q7s_c/seed_0/predictions/8q7s_c_sample_3.cif,8q7s_C,seed4_r0,8q7s_c_sample_3.cif,0.02837
/mnt/data/msadepth/compreps/seedrep_cand/protenix/8q7s_C/d86/seed3_r3/results/8q7s_c/seed_0/predictions/8q7s_c_sample_0.cif,8q7s_C,seed3_r3,8q7s_c_sample_0.cif,0.17141
/mnt/data/msadepth/compreps/seedrep_cand/protenix/8q7s_C/d86/seed3_r2/results/8q7s_c/seed_0/predictions/8q7s_c_sample_4.cif,8q7s_C,seed3_r2,8q7s_c_sample_4.cif,0.07372
/mnt/data/msadepth/compreps/seedrep_cand/protenix/8q7s_C/d86/seed4_r1/results/8q7s_c/seed_0/predictions/8q7s_c_sample_1.cif,8q7s_C,seed4_r1,8q7s_c_sample_1.cif,0.05127
/mnt/data/msadepth/compreps/seedrep_cand/protenix/8q7s_C/d86/seed4_r0/results/8q7s_c/seed_0/predictions/8q7s_c_sample_4.cif,8q7s_C,seed4_r0,8q7s_c_sample_4.cif,0.06004
/mnt/data/msadepth/compreps/seedrep_cand/protenix/8q7s_C/d86/seed3_r3/results/8q7s_c/seed_0/predictions/8q7s_c_sample_4.cif,8q7s_C,seed3_r3,8q7s_c_sample_4.cif,0.1159
/mnt/data/msadepth/compreps/seedrep_cand/protenix/8q7s_C/d86/seed3_r3/results/8q7s_c/seed_0/predictions/8q7s_c_sample_1.cif,8q7s_C,seed3_r3,8q7s_c_sample_1.cif,0.07419
/mnt/data/msadepth/compreps/seedrep_cand/protenix/8q7s_C/d86/seed4_r1/results/8q7s_c/seed_0/predictions/8q7s_c_sample_3.cif,8q7s_C,seed4_r1,8q7s_c_sample_3.cif,0.12116
/mnt/data/msadepth/compreps/seedrep_cand/protenix/8q7s_C/d86/seed4_r0/results/8q7s_c/seed_0/predictions/8q7s_c_sample_2.cif,8q7s_C,seed4_r0,8q7s_c_sample_2.cif,0.06417
/mnt/data/msadepth/compreps/seedrep_cand/protenix/8q7s_C/d86/seed4_r0/results/8q7s_c/seed_0/predictions/8q7s_c_sample_0.cif,8q7s_C,seed4_r0,8q7s_c_sample_0.cif,0.14029
/mnt/data/msadepth/compreps/seedrep_cand/protenix/8q7s_C/d86/seed4_r1/results/8q7s_c/seed_0/predictions/8q7s_c_sample_4.cif,8q7s_C,seed4_r1,8q7s_c_sample_4.cif,0.14098
/mnt/data/msadepth/compreps/seedrep_cand/protenix/8q7s_C/d86/seed4_r1/results/8q7s_c/seed_0/predictions/8q7s_c_sample_0.cif,8q7s_C,seed4_r1,8q7s_c_sample_0.cif,0.07153
/mnt/data/msadepth/compreps/seedrep_cand/protenix/8q7s_C/d86/seed3_r3/results/8q7s_c/seed_0/predictions/8q7s_c_sample_2.cif,8q7s_C,seed3_r3,8q7s_c_sample_2.cif,0.11314
/mnt/data/msadepth/compreps/seedrep_cand/protenix/8q7s_C/d86/seed3_r2/results/8q7s_c/seed_0/predictions/8q7s_c_sample_2.cif,8q7s_C,seed3_r2,8q7s_c_sample_2.cif,0.17053
/mnt/data/msadepth/compreps/seedrep_cand/protenix/8q7s_C/d86/seed3_r2/results/8q7s_c/seed_0/predictions/8q7s_c_sample_1.cif,8q7s_C,seed3_r2,8q7s_c_sample_1.cif,0.25846
/mnt/data/msadepth/compreps/seedrep_cand/protenix/8q7s_C/d86/seed3_r2/results/8q7s_c/seed_0/predictions/8q7s_c_sample_0.cif,8q7s_C,seed3_r2,8q7s_c_sample_0.cif,0.07371
/mnt/data/msadepth/compreps/seedrep_cand/protenix/8q7s_C/d86/seed3_r2/results/8q7s_c/seed_0/predictions/8q7s_c_sample_3.cif,8q7s_C,seed3_r2,8q7s_c_sample_3.cif,0.14366
/mnt/data/msadepth/compreps/seedrep_cand/protenix/8q7s_C/d86/seed5_r0/results/8q7s_c/seed_0/predictions/8q7s_c_sample_2.cif,8q7s_C,seed5_r0,8q7s_c_sample_2.cif,0.1233
/mnt/data/msadepth/compreps/seedrep_cand/protenix/8q7s_C/d86/seed4_r2/results/8q7s_c/seed_0/predictions/8q7s_c_sample_0.cif,8q7s_C,seed4_r2,8q7s_c_sample_0.cif,0.02755
/mnt/data/msadepth/compreps/seedrep_cand/protenix/8q7s_C/d86/seed4_r3/results/8q7s_c/seed_0/predictions/8q7s_c_sample_2.cif,8q7s_C,seed4_r3,8q7s_c_sample_2.cif,0.08104
/mnt/data/msadepth/compreps/seedrep_cand/protenix/8q7s_C/d86/seed4_r2/results/8q7s_c/seed_0/predictions/8q7s_c_sample_2.cif,8q7s_C,seed4_r2,8q7s_c_sample_2.cif,0.09765
/mnt/data/msadepth/compreps/seedrep_cand/protenix/8q7s_C/d86/seed5_r0/results/8q7s_c/seed_0/predictions/8q7s_c_sample_4.cif,8q7s_C,seed5_r0,8q7s_c_sample_4.cif,0.21495
/mnt/data/msadepth/compreps/seedrep_cand/protenix/8q7s_C/d86/seed5_r1/results/8q7s_c/seed_0/predictions/8q7s_c_sample_4.cif,8q7s_C,seed5_r1,8q7s_c_sample_4.cif,0.02687
/mnt/data/msadepth/compreps/seedrep_cand/protenix/8q7s_C/d86/seed4_r3/results/8q7s_c/seed_0/predictions/8q7s_c_sample_0.cif,8q7s_C,seed4_r3,8q7s_c_sample_0.cif,0.02554
/mnt/data/msadepth/compreps/seedrep_cand/protenix/8q7s_C/d86/seed4_r3/results/8q7s_c/seed_0/predictions/8q7s_c_sample_1.cif,8q7s_C,seed4_r3,8q7s_c_sample_1.cif,0.13939
/mnt/data/msadepth/compreps/seedrep_cand/protenix/8q7s_C/d86/seed4_r2/results/8q7s_c/seed_0/predictions/8q7s_c_sample_3.cif,8q7s_C,seed4_r2,8q7s_c_sample_3.cif,0.15617
/mnt/data/msadepth/compreps/seedrep_cand/protenix/8q7s_C/d86/seed4_r3/results/8q7s_c/seed_0/predictions/8q7s_c_sample_3.cif,8q7s_C,seed4_r3,8q7s_c_sample_3.cif,0.29772
/mnt/data/msadepth/compreps/seedrep_cand/protenix/8q7s_C/d86/seed5_r1/results/8q7s_c/seed_0/predictions/8q7s_c_sample_0.cif,8q7s_C,seed5_r1,8q7s_c_sample_0.cif,0.15013
/mnt/data/msadepth/compreps/seedrep_cand/protenix/8q7s_C/d86/seed5_r0/results/8q7s_c/seed_0/predictions/8q7s_c_sample_1.cif,8q7s_C,seed5_r0,8q7s_c_sample_1.cif,0.03911
/mnt/data/msadepth/compreps/seedrep_cand/protenix/8q7s_C/d86/seed4_r2/results/8q7s_c/seed_0/predictions/8q7s_c_sample_1.cif,8q7s_C,seed4_r2,8q7s_c_sample_1.cif,0.05614
/mnt/data/msadepth/compreps/seedrep_cand/protenix/8q7s_C/d86/seed4_r3/results/8q7s_c/seed_0/predictions/8q7s_c_sample_4.cif,8q7s_C,seed4_r3,8q7s_c_sample_4.cif,0.10346
/mnt/data/msadepth/compreps/seedrep_cand/protenix/8q7s_C/d86/seed5_r1/results/8q7s_c/seed_0/predictions/8q7s_c_sample_1.cif,8q7s_C,seed5_r1,8q7s_c_sample_1.cif,0.06767
/mnt/data/msadepth/compreps/seedrep_cand/protenix/8q7s_C/d86/seed4_r2/results/8q7s_c/seed_0/predictions/8q7s_c_sample_4.cif,8q7s_C,seed4_r2,8q7s_c_sample_4.cif,0.13794
/mnt/data/msadepth/compreps/seedrep_cand/protenix/8q7s_C/d86/seed5_r1/results/8q7s_c/seed_0/predictions/8q7s_c_sample_3.cif,8q7s_C,seed5_r1,8q7s_c_sample_3.cif,0.03377
/mnt/data/msadepth/compreps/seedrep_cand/protenix/8q7s_C/d86/seed5_r0/results/8q7s_c/seed_0/predictions/8q7s_c_sample_0.cif,8q7s_C,seed5_r0,8q7s_c_sample_0.cif,0.04228
/mnt/data/msadepth/compreps/seedrep_cand/protenix/8q7s_C/d86/seed5_r0/results/8q7s_c/seed_0/predictions/8q7s_c_sample_3.cif,8q7s_C,seed5_r0,8q7s_c_sample_3.cif,0.04501
/mnt/data/msadepth/compreps/seedrep_cand/protenix/8q7s_C/d86/seed5_r1/results/8q7s_c/seed_0/predictions/8q7s_c_sample_2.cif,8q7s_C,seed5_r1,8q7s_c_sample_2.cif,0.12871
/mnt/data/msadepth/compreps/seedrep_cand/protenix/8q7s_C/d86/seedfull_r0/results/8q7s_c/seed_0/predictions/8q7s_c_sample_4.cif,8q7s_C,seedfull_r0,8q7s_c_sample_4.cif,0.17289
/mnt/data/msadepth/compreps/seedrep_cand/protenix/8q7s_C/d86/seedfull_r1/results/8q7s_c/seed_0/predictions/8q7s_c_sample_1.cif,8q7s_C,seedfull_r1,8q7s_c_sample_1.cif,0.10908
/mnt/data/msadepth/compreps/seedrep_cand/protenix/8q7s_C/d86/seed5_r2/results/8q7s_c/seed_0/predictions/8q7s_c_sample_4.cif,8q7s_C,seed5_r2,8q7s_c_sample_4.cif,0.09327
/mnt/data/msadepth/compreps/seedrep_cand/protenix/8q7s_C/d86/seed5_r2/results/8q7s_c/seed_0/predictions/8q7s_c_sample_0.cif,8q7s_C,seed5_r2,8q7s_c_sample_0.cif,0.05553
/mnt/data/msadepth/compreps/seedrep_cand/protenix/8q7s_C/d86/seed5_r2/results/8q7s_c/seed_0/predictions/8q7s_c_sample_2.cif,8q7s_C,seed5_r2,8q7s_c_sample_2.cif,0.05388
/mnt/data/msadepth/compreps/seedrep_cand/protenix/8q7s_C/d86/seedfull_r0/results/8q7s_c/seed_0/predictions/8q7s_c_sample_0.cif,8q7s_C,seedfull_r0,8q7s_c_sample_0.cif,0.04653
/mnt/data/msadepth/compreps/seedrep_cand/protenix/8q7s_C/d86/seed5_r3/results/8q7s_c/seed_0/predictions/8q7s_c_sample_1.cif,8q7s_C,seed5_r3,8q7s_c_sample_1.cif,0.03647
/mnt/data/msadepth/compreps/seedrep_cand/protenix/8q7s_C/d86/seedfull_r0/results/8q7s_c/seed_0/predictions/8q7s_c_sample_3.cif,8q7s_C,seedfull_r0,8q7s_c_sample_3.cif,0.04966
/mnt/data/msadepth/compreps/seedrep_cand/protenix/8q7s_C/d86/seed5_r3/results/8q7s_c/seed_0/predictions/8q7s_c_sample_3.cif,8q7s_C,seed5_r3,8q7s_c_sample_3.cif,0.08493
/mnt/data/msadepth/compreps/seedrep_cand/protenix/8q7s_C/d86/seed5_r3/results/8q7s_c/seed_0/predictions/8q7s_c_sample_4.cif,8q7s_C,seed5_r3,8q7s_c_sample_4.cif,0.15576
/mnt/data/msadepth/compreps/seedrep_cand/protenix/8q7s_C/d86/seedfull_r0/results/8q7s_c/seed_0/predictions/8q7s_c_sample_1.cif,8q7s_C,seedfull_r0,8q7s_c_sample_1.cif,0.24997
/mnt/data/msadepth/compreps/seedrep_cand/protenix/8q7s_C/d86/seedfull_r1/results/8q7s_c/seed_0/predictions/8q7s_c_sample_4.cif,8q7s_C,seedfull_r1,8q7s_c_sample_4.cif,0.04052
/mnt/data/msadepth/compreps/seedrep_cand/protenix/8q7s_C/d86/seedfull_r1/results/8q7s_c/seed_0/predictions/8q7s_c_sample_0.cif,8q7s_C,seedfull_r1,8q7s_c_sample_0.cif,0.11986
/mnt/data/msadepth/compreps/seedrep_cand/protenix/8q7s_C/d86/seed5_r2/results/8q7s_c/seed_0/predictions/8q7s_c_sample_1.cif,8q7s_C,seed5_r2,8q7s_c_sample_1.cif,0.06384
/mnt/data/msadepth/compreps/seedrep_cand/protenix/8q7s_C/d86/seed5_r3/results/8q7s_c/seed_0/predictions/8q7s_c_sample_2.cif,8q7s_C,seed5_r3,8q7s_c_sample_2.cif,0.09877
/mnt/data/msadepth/compreps/seedrep_cand/protenix/8q7s_C/d86/seedfull_r1/results/8q7s_c/seed_0/predictions/8q7s_c_sample_2.cif,8q7s_C,seedfull_r1,8q7s_c_sample_2.cif,0.09401
/mnt/data/msadepth/compreps/seedrep_cand/protenix/8q7s_C/d86/seedfull_r0/results/8q7s_c/seed_0/predictions/8q7s_c_sample_2.cif,8q7s_C,seedfull_r0,8q7s_c_sample_2.cif,0.08301
/mnt/data/msadepth/compreps/seedrep_cand/protenix/8q7s_C/d86/seed5_r3/results/8q7s_c/seed_0/predictions/8q7s_c_sample_0.cif,8q7s_C,seed5_r3,8q7s_c_sample_0.cif,0.16526
/mnt/data/msadepth/compreps/seedrep_cand/protenix/8q7s_C/d86/seed5_r2/results/8q7s_c/seed_0/predictions/8q7s_c_sample_3.cif,8q7s_C,seed5_r2,8q7s_c_sample_3.cif,0.08821
/mnt/data/msadepth/compreps/seedrep_cand/protenix/8q7s_C/d86/seedfull_r1/results/8q7s_c/seed_0/predictions/8q7s_c_sample_3.cif,8q7s_C,seedfull_r1,8q7s_c_sample_3.cif,0.16808
/mnt/data/msadepth/compreps/seedrep_cand/protenix/8q7s_C/d86/seedfull_r3/results/8q7s_c/seed_0/predictions/8q7s_c_sample_3.cif,8q7s_C,seedfull_r3,8q7s_c_sample_3.cif,0.16009
/mnt/data/msadepth/compreps/seedrep_cand/protenix/8q7s_C/d86/seedfull_r3/results/8q7s_c/seed_0/predictions/8q7s_c_sample_1.cif,8q7s_C,seedfull_r3,8q7s_c_sample_1.cif,0.04981
/mnt/data/msadepth/compreps/seedrep_cand/protenix/8q7s_C/d86/seedfull_r2/results/8q7s_c/seed_0/predictions/8q7s_c_sample_0.cif,8q7s_C,seedfull_r2,8q7s_c_sample_0.cif,0.07288
/mnt/data/msadepth/compreps/seedrep_cand/protenix/8q7s_C/d86/seedfull_r2/results/8q7s_c/seed_0/predictions/8q7s_c_sample_2.cif,8q7s_C,seedfull_r2,8q7s_c_sample_2.cif,0.10502
/mnt/data/msadepth/compreps/seedrep_cand/protenix/8q7s_C/d86/seedfull_r5/results/8q7s_c/seed_0/predictions/8q7s_c_sample_2.cif,8q7s_C,seedfull_r5,8q7s_c_sample_2.cif,0.14974
/mnt/data/msadepth/compreps/seedrep_cand/protenix/8q7s_C/d86/seedfull_r3/results/8q7s_c/seed_0/predictions/8q7s_c_sample_4.cif,8q7s_C,seedfull_r3,8q7s_c_sample_4.cif,0.12331
/mnt/data/msadepth/compreps/seedrep_cand/protenix/8q7s_C/d86/seedfull_r4/results/8q7s_c/seed_0/predictions/8q7s_c_sample_3.cif,8q7s_C,seedfull_r4,8q7s_c_sample_3.cif,0.11939
/mnt/data/msadepth/compreps/seedrep_cand/protenix/8q7s_C/d86/seedfull_r2/results/8q7s_c/seed_0/predictions/8q7s_c_sample_3.cif,8q7s_C,seedfull_r2,8q7s_c_sample_3.cif,0.04062
/mnt/data/msadepth/compreps/seedrep_cand/protenix/8q7s_C/d86/seedfull_r5/results/8q7s_c/seed_0/predictions/8q7s_c_sample_4.cif,8q7s_C,seedfull_r5,8q7s_c_sample_4.cif,0.04233
/mnt/data/msadepth/compreps/seedrep_cand/protenix/8q7s_C/d86/seedfull_r4/results/8q7s_c/seed_0/predictions/8q7s_c_sample_2.cif,8q7s_C,seedfull_r4,8q7s_c_sample_2.cif,0.1039
/mnt/data/msadepth/compreps/seedrep_cand/protenix/8q7s_C/d86/seedfull_r5/results/8q7s_c/seed_0/predictions/8q7s_c_sample_3.cif,8q7s_C,seedfull_r5,8q7s_c_sample_3.cif,0.17653
/mnt/data/msadepth/compreps/seedrep_cand/protenix/8q7s_C/d86/seedfull_r4/results/8q7s_c/seed_0/predictions/8q7s_c_sample_0.cif,8q7s_C,seedfull_r4,8q7s_c_sample_0.cif,0.05758
/mnt/data/msadepth/compreps/seedrep_cand/protenix/8q7s_C/d86/seedfull_r5/results/8q7s_c/seed_0/predictions/8q7s_c_sample_1.cif,8q7s_C,seedfull_r5,8q7s_c_sample_1.cif,0.08602
/mnt/data/msadepth/compreps/seedrep_cand/protenix/8q7s_C/d86/seedfull_r2/results/8q7s_c/seed_0/predictions/8q7s_c_sample_4.cif,8q7s_C,seedfull_r2,8q7s_c_sample_4.cif,0.21905
/mnt/data/msadepth/compreps/seedrep_cand/protenix/8q7s_C/d86/seedfull_r3/results/8q7s_c/seed_0/predictions/8q7s_c_sample_2.cif,8q7s_C,seedfull_r3,8q7s_c_sample_2.cif,0.13527
/mnt/data/msadepth/compreps/seedrep_cand/protenix/8q7s_C/d86/seedfull_r3/results/8q7s_c/seed_0/predictions/8q7s_c_sample_0.cif,8q7s_C,seedfull_r3,8q7s_c_sample_0.cif,0.06777
/mnt/data/msadepth/compreps/seedrep_cand/protenix/8q7s_C/d86/seedfull_r5/results/8q7s_c/seed_0/predictions/8q7s_c_sample_0.cif,8q7s_C,seedfull_r5,8q7s_c_sample_0.cif,0.12933
/mnt/data/msadepth/compreps/seedrep_cand/protenix/8q7s_C/d86/seedfull_r2/results/8q7s_c/seed_0/predictions/8q7s_c_sample_1.cif,8q7s_C,seedfull_r2,8q7s_c_sample_1.cif,0.24351
/mnt/data/msadepth/compreps/seedrep_cand/protenix/8q7s_C/d86/seedfull_r4/results/8q7s_c/seed_0/predictions/8q7s_c_sample_4.cif,8q7s_C,seedfull_r4,8q7s_c_sample_4.cif,0.24464
/mnt/data/msadepth/compreps/seedrep_cand/protenix/8q7s_C/d86/seedfull_r4/results/8q7s_c/seed_0/predictions/8q7s_c_sample_1.cif,8q7s_C,seedfull_r4,8q7s_c_sample_1.cif,0.25798
/mnt/data/msadepth/compreps/seedrep_cand/protenix/8q7s_C/d86/seedfull_r6/results/8q7s_c/seed_0/predictions/8q7s_c_sample_0.cif,8q7s_C,seedfull_r6,8q7s_c_sample_0.cif,0.18614
/mnt/data/msadepth/compreps/seedrep_cand/protenix/8q7s_C/d86/seedfull_r7/results/8q7s_c/seed_0/predictions/8q7s_c_sample_1.cif,8q7s_C,seedfull_r7,8q7s_c_sample_1.cif,0.03998
/mnt/data/msadepth/compreps/seedrep_cand/protenix/8q7s_C/d86/seedfull_r6/results/8q7s_c/seed_0/predictions/8q7s_c_sample_1.cif,8q7s_C,seedfull_r6,8q7s_c_sample_1.cif,0.09622
/mnt/data/msadepth/compreps/seedrep_cand/protenix/8q7s_C/d86/seedfull_r6/results/8q7s_c/seed_0/predictions/8q7s_c_sample_3.cif,8q7s_C,seedfull_r6,8q7s_c_sample_3.cif,0.0946
/mnt/data/msadepth/compreps/seedrep_cand/protenix/8q7s_C/d86/seedfull_r7/results/8q7s_c/seed_0/predictions/8q7s_c_sample_0.cif,8q7s_C,seedfull_r7,8q7s_c_sample_0.cif,0.07669
/mnt/data/msadepth/compreps/seedrep_cand/protenix/8q7s_C/d86/seedfull_r6/results/8q7s_c/seed_0/predictions/8q7s_c_sample_2.cif,8q7s_C,seedfull_r6,8q7s_c_sample_2.cif,0.13465
/mnt/data/msadepth/compreps/seedrep_cand/protenix/8q7s_C/d86/seedfull_r6/results/8q7s_c/seed_0/predictions/8q7s_c_sample_4.cif,8q7s_C,seedfull_r6,8q7s_c_sample_4.cif,0.1523
/mnt/data/msadepth/compreps/seedrep_cand/protenix/8q7s_C/d86/seedfull_r7/results/8q7s_c/seed_0/predictions/8q7s_c_sample_2.cif,8q7s_C,seedfull_r7,8q7s_c_sample_2.cif,0.15763
/mnt/data/msadepth/compreps/seedrep_cand/protenix/8q7s_C/d86/seedfull_r7/results/8q7s_c/seed_0/predictions/8q7s_c_sample_4.cif,8q7s_C,seedfull_r7,8q7s_c_sample_4.cif,0.1269
/mnt/data/msadepth/compreps/seedrep_cand/protenix/8q7s_C/d86/seedfull_r7/results/8q7s_c/seed_0/predictions/8q7s_c_sample_3.cif,8q7s_C,seedfull_r7,8q7s_c_sample_3.cif,0.1117
/mnt/data/msadepth/compreps/seedrep_cand/protenix/8q7s_H/d55/seed0_r1/results/8q7s_h/seed_0/predictions/8q7s_h_sample_1.cif,8q7s_H,seed0_r1,8q7s_h_sample_1.cif,0.19743
/mnt/data/msadepth/compreps/seedrep_cand/protenix/8q7s_H/d55/seed0_r1/results/8q7s_h/seed_0/predictions/8q7s_h_sample_4.cif,8q7s_H,seed0_r1,8q7s_h_sample_4.cif,0.02472
/mnt/data/msadepth/compreps/seedrep_cand/protenix/8q7s_H/d55/seed0_r2/results/8q7s_h/seed_0/predictions/8q7s_h_sample_2.cif,8q7s_H,seed0_r2,8q7s_h_sample_2.cif,0.14134
/mnt/data/msadepth/compreps/seedrep_cand/protenix/8q7s_H/d55/seed0_r2/results/8q7s_h/seed_0/predictions/8q7s_h_sample_1.cif,8q7s_H,seed0_r2,8q7s_h_sample_1.cif,0.15717
/mnt/data/msadepth/compreps/seedrep_cand/protenix/8q7s_H/d55/seed0_r0/results/8q7s_h/seed_0/predictions/8q7s_h_sample_2.cif,8q7s_H,seed0_r0,8q7s_h_sample_2.cif,0.04506
/mnt/data/msadepth/compreps/seedrep_cand/protenix/8q7s_H/d55/seed0_r1/results/8q7s_h/seed_0/predictions/8q7s_h_sample_3.cif,8q7s_H,seed0_r1,8q7s_h_sample_3.cif,0.02421
/mnt/data/msadepth/compreps/seedrep_cand/protenix/8q7s_H/d55/seed0_r1/results/8q7s_h/seed_0/predictions/8q7s_h_sample_2.cif,8q7s_H,seed0_r1,8q7s_h_sample_2.cif,0.03065
/mnt/data/msadepth/compreps/seedrep_cand/protenix/8q7s_H/d55/seed0_r2/results/8q7s_h/seed_0/predictions/8q7s_h_sample_0.cif,8q7s_H,seed0_r2,8q7s_h_sample_0.cif,0.15958
/mnt/data/msadepth/compreps/seedrep_cand/protenix/8q7s_H/d55/seed0_r0/results/8q7s_h/seed_0/predictions/8q7s_h_sample_4.cif,8q7s_H,seed0_r0,8q7s_h_sample_4.cif,0.02088
/mnt/data/msadepth/compreps/seedrep_cand/protenix/8q7s_H/d55/seed0_r2/results/8q7s_h/seed_0/predictions/8q7s_h_sample_4.cif,8q7s_H,seed0_r2,8q7s_h_sample_4.cif,0.02366
/mnt/data/msadepth/compreps/seedrep_cand/protenix/8q7s_H/d55/seed0_r0/results/8q7s_h/seed_0/predictions/8q7s_h_sample_0.cif,8q7s_H,seed0_r0,8q7s_h_sample_0.cif,0.04682
/mnt/data/msadepth/compreps/seedrep_cand/protenix/8q7s_H/d55/seed0_r3/results/8q7s_h/seed_0/predictions/8q7s_h_sample_2.cif,8q7s_H,seed0_r3,8q7s_h_sample_2.cif,0.06641
/mnt/data/msadepth/compreps/seedrep_cand/protenix/8q7s_H/d55/seed0_r0/results/8q7s_h/seed_0/predictions/8q7s_h_sample_1.cif,8q7s_H,seed0_r0,8q7s_h_sample_1.cif,0.16488
/mnt/data/msadepth/compreps/seedrep_cand/protenix/8q7s_H/d55/seed0_r3/results/8q7s_h/seed_0/predictions/8q7s_h_sample_0.cif,8q7s_H,seed0_r3,8q7s_h_sample_0.cif,0.02389
/mnt/data/msadepth/compreps/seedrep_cand/protenix/8q7s_H/d55/seed0_r3/results/8q7s_h/seed_0/predictions/8q7s_h_sample_3.cif,8q7s_H,seed0_r3,8q7s_h_sample_3.cif,0.02211
/mnt/data/msadepth/compreps/seedrep_cand/protenix/8q7s_H/d55/seed0_r3/results/8q7s_h/seed_0/predictions/8q7s_h_sample_4.cif,8q7s_H,seed0_r3,8q7s_h_sample_4.cif,0.02124
/mnt/data/msadepth/compreps/seedrep_cand/protenix/8q7s_H/d55/seed0_r0/results/8q7s_h/seed_0/predictions/8q7s_h_sample_3.cif,8q7s_H,seed0_r0,8q7s_h_sample_3.cif,0.04707
/mnt/data/msadepth/compreps/seedrep_cand/protenix/8q7s_H/d55/seed0_r3/results/8q7s_h/seed_0/predictions/8q7s_h_sample_1.cif,8q7s_H,seed0_r3,8q7s_h_sample_1.cif,0.0473
/mnt/data/msadepth/compreps/seedrep_cand/protenix/8q7s_H/d55/seed0_r2/results/8q7s_h/seed_0/predictions/8q7s_h_sample_3.cif,8q7s_H,seed0_r2,8q7s_h_sample_3.cif,0.02927
/mnt/data/msadepth/compreps/seedrep_cand/protenix/8q7s_H/d55/seed0_r1/results/8q7s_h/seed_0/predictions/8q7s_h_sample_0.cif,8q7s_H,seed0_r1,8q7s_h_sample_0.cif,0.07041
/mnt/data/msadepth/compreps/seedrep_cand/protenix/8q7s_H/d55/seed1_r1/results/8q7s_h/seed_0/predictions/8q7s_h_sample_4.cif,8q7s_H,seed1_r1,8q7s_h_sample_4.cif,0.04587
/mnt/data/msadepth/compreps/seedrep_cand/protenix/8q7s_H/d55/seed1_r3/results/8q7s_h/seed_0/predictions/8q7s_h_sample_2.cif,8q7s_H,seed1_r3,8q7s_h_sample_2.cif,0.08059
/mnt/data/msadepth/compreps/seedrep_cand/protenix/8q7s_H/d55/seed1_r3/results/8q7s_h/seed_0/predictions/8q7s_h_sample_4.cif,8q7s_H,seed1_r3,8q7s_h_sample_4.cif,0.05822
/mnt/data/msadepth/compreps/seedrep_cand/protenix/8q7s_H/d55/seed1_r3/results/8q7s_h/seed_0/predictions/8q7s_h_sample_0.cif,8q7s_H,seed1_r3,8q7s_h_sample_0.cif,0.05147
/mnt/data/msadepth/compreps/seedrep_cand/protenix/8q7s_H/d55/seed1_r0/results/8q7s_h/seed_0/predictions/8q7s_h_sample_2.cif,8q7s_H,seed1_r0,8q7s_h_sample_2.cif,0.1376
/mnt/data/msadepth/compreps/seedrep_cand/protenix/8q7s_H/d55/seed1_r3/results/8q7s_h/seed_0/predictions/8q7s_h_sample_3.cif,8q7s_H,seed1_r3,8q7s_h_sample_3.cif,0.03489
/mnt/data/msadepth/compreps/seedrep_cand/protenix/8q7s_H/d55/seed1_r1/results/8q7s_h/seed_0/predictions/8q7s_h_sample_2.cif,8q7s_H,seed1_r1,8q7s_h_sample_2.cif,0.05188
/mnt/data/msadepth/compreps/seedrep_cand/protenix/8q7s_H/d55/seed1_r2/results/8q7s_h/seed_0/predictions/8q7s_h_sample_4.cif,8q7s_H,seed1_r2,8q7s_h_sample_4.cif,0.02522
/mnt/data/msadepth/compreps/seedrep_cand/protenix/8q7s_H/d55/seed1_r0/results/8q7s_h/seed_0/predictions/8q7s_h_sample_1.cif,8q7s_H,seed1_r0,8q7s_h_sample_1.cif,0.06764
/mnt/data/msadepth/compreps/seedrep_cand/protenix/8q7s_H/d55/seed1_r3/results/8q7s_h/seed_0/predictions/8q7s_h_sample_1.cif,8q7s_H,seed1_r3,8q7s_h_sample_1.cif,0.0592
/mnt/data/msadepth/compreps/seedrep_cand/protenix/8q7s_H/d55/seed1_r2/results/8q7s_h/seed_0/predictions/8q7s_h_sample_3.cif,8q7s_H,seed1_r2,8q7s_h_sample_3.cif,0.06917
/mnt/data/msadepth/compreps/seedrep_cand/protenix/8q7s_H/d55/seed1_r2/results/8q7s_h/seed_0/predictions/8q7s_h_sample_2.cif,8q7s_H,seed1_r2,8q7s_h_sample_2.cif,0.04269
/mnt/data/msadepth/compreps/seedrep_cand/protenix/8q7s_H/d55/seed1_r1/results/8q7s_h/seed_0/predictions/8q7s_h_sample_1.cif,8q7s_H,seed1_r1,8q7s_h_sample_1.cif,0.03071
/mnt/data/msadepth/compreps/seedrep_cand/protenix/8q7s_H/d55/seed1_r0/results/8q7s_h/seed_0/predictions/8q7s_h_sample_4.cif,8q7s_H,seed1_r0,8q7s_h_sample_4.cif,0.04814
/mnt/data/msadepth/compreps/seedrep_cand/protenix/8q7s_H/d55/seed1_r2/results/8q7s_h/seed_0/predictions/8q7s_h_sample_0.cif,8q7s_H,seed1_r2,8q7s_h_sample_0.cif,0.11576
/mnt/data/msadepth/compreps/seedrep_cand/protenix/8q7s_H/d55/seed1_r1/results/8q7s_h/seed_0/predictions/8q7s_h_sample_3.cif,8q7s_H,seed1_r1,8q7s_h_sample_3.cif,0.06394
/mnt/data/msadepth/compreps/seedrep_cand/protenix/8q7s_H/d55/seed1_r0/results/8q7s_h/seed_0/predictions/8q7s_h_sample_3.cif,8q7s_H,seed1_r0,8q7s_h_sample_3.cif,0.02867
/mnt/data/msadepth/compreps/seedrep_cand/protenix/8q7s_H/d55/seed1_r2/results/8q7s_h/seed_0/predictions/8q7s_h_sample_1.cif,8q7s_H,seed1_r2,8q7s_h_sample_1.cif,0.04093
/mnt/data/msadepth/compreps/seedrep_cand/protenix/8q7s_H/d55/seed1_r1/results/8q7s_h/seed_0/predictions/8q7s_h_sample_0.cif,8q7s_H,seed1_r1,8q7s_h_sample_0.cif,0.03249
/mnt/data/msadepth/compreps/seedrep_cand/protenix/8q7s_H/d55/seed1_r0/results/8q7s_h/seed_0/predictions/8q7s_h_sample_0.cif,8q7s_H,seed1_r0,8q7s_h_sample_0.cif,0.08131
/mnt/data/msadepth/compreps/seedrep_cand/protenix/8q7s_H/d55/seed2_r2/results/8q7s_h/seed_0/predictions/8q7s_h_sample_2.cif,8q7s_H,seed2_r2,8q7s_h_sample_2.cif,0.03433
/mnt/data/msadepth/compreps/seedrep_cand/protenix/8q7s_H/d55/seed2_r0/results/8q7s_h/seed_0/predictions/8q7s_h_sample_1.cif,8q7s_H,seed2_r0,8q7s_h_sample_1.cif,0.06006
/mnt/data/msadepth/compreps/seedrep_cand/protenix/8q7s_H/d55/seed2_r1/results/8q7s_h/seed_0/predictions/8q7s_h_sample_1.cif,8q7s_H,seed2_r1,8q7s_h_sample_1.cif,0.09952
/mnt/data/msadepth/compreps/seedrep_cand/protenix/8q7s_H/d55/seed2_r1/results/8q7s_h/seed_0/predictions/8q7s_h_sample_4.cif,8q7s_H,seed2_r1,8q7s_h_sample_4.cif,0.05385
/mnt/data/msadepth/compreps/seedrep_cand/protenix/8q7s_H/d55/seed2_r2/results/8q7s_h/seed_0/predictions/8q7s_h_sample_3.cif,8q7s_H,seed2_r2,8q7s_h_sample_3.cif,0.03061
/mnt/data/msadepth/compreps/seedrep_cand/protenix/8q7s_H/d55/seed2_r0/results/8q7s_h/seed_0/predictions/8q7s_h_sample_2.cif,8q7s_H,seed2_r0,8q7s_h_sample_2.cif,0.0498
/mnt/data/msadepth/compreps/seedrep_cand/protenix/8q7s_H/d55/seed2_r3/results/8q7s_h/seed_0/predictions/8q7s_h_sample_2.cif,8q7s_H,seed2_r3,8q7s_h_sample_2.cif,0.04468
/mnt/data/msadepth/compreps/seedrep_cand/protenix/8q7s_H/d55/seed2_r3/results/8q7s_h/seed_0/predictions/8q7s_h_sample_1.cif,8q7s_H,seed2_r3,8q7s_h_sample_1.cif,0.14875
/mnt/data/msadepth/compreps/seedrep_cand/protenix/8q7s_H/d55/seed2_r3/results/8q7s_h/seed_0/predictions/8q7s_h_sample_3.cif,8q7s_H,seed2_r3,8q7s_h_sample_3.cif,0.08659
/mnt/data/msadepth/compreps/seedrep_cand/protenix/8q7s_H/d55/seed2_r1/results/8q7s_h/seed_0/predictions/8q7s_h_sample_2.cif,8q7s_H,seed2_r1,8q7s_h_sample_2.cif,0.09663
/mnt/data/msadepth/compreps/seedrep_cand/protenix/8q7s_H/d55/seed2_r2/results/8q7s_h/seed_0/predictions/8q7s_h_sample_1.cif,8q7s_H,seed2_r2,8q7s_h_sample_1.cif,0.14617
/mnt/data/msadepth/compreps/seedrep_cand/protenix/8q7s_H/d55/seed2_r2/results/8q7s_h/seed_0/predictions/8q7s_h_sample_0.cif,8q7s_H,seed2_r2,8q7s_h_sample_0.cif,0.11535
/mnt/data/msadepth/compreps/seedrep_cand/protenix/8q7s_H/d55/seed2_r1/results/8q7s_h/seed_0/predictions/8q7s_h_sample_0.cif,8q7s_H,seed2_r1,8q7s_h_sample_0.cif,0.1455
/mnt/data/msadepth/compreps/seedrep_cand/protenix/8q7s_H/d55/seed2_r3/results/8q7s_h/seed_0/predictions/8q7s_h_sample_0.cif,8q7s_H,seed2_r3,8q7s_h_sample_0.cif,0.10964
/mnt/data/msadepth/compreps/seedrep_cand/protenix/8q7s_H/d55/seed2_r0/results/8q7s_h/seed_0/predictions/8q7s_h_sample_3.cif,8q7s_H,seed2_r0,8q7s_h_sample_3.cif,0.03593
/mnt/data/msadepth/compreps/seedrep_cand/protenix/8q7s_H/d55/seed2_r3/results/8q7s_h/seed_0/predictions/8q7s_h_sample_4.cif,8q7s_H,seed2_r3,8q7s_h_sample_4.cif,0.20343
/mnt/data/msadepth/compreps/seedrep_cand/protenix/8q7s_H/d55/seed2_r0/results/8q7s_h/seed_0/predictions/8q7s_h_sample_0.cif,8q7s_H,seed2_r0,8q7s_h_sample_0.cif,0.03624
/mnt/data/msadepth/compreps/seedrep_cand/protenix/8q7s_H/d55/seed2_r1/results/8q7s_h/seed_0/predictions/8q7s_h_sample_3.cif,8q7s_H,seed2_r1,8q7s_h_sample_3.cif,0.04668
/mnt/data/msadepth/compreps/seedrep_cand/protenix/8q7s_H/d55/seed2_r2/results/8q7s_h/seed_0/predictions/8q7s_h_sample_4.cif,8q7s_H,seed2_r2,8q7s_h_sample_4.cif,0.07111
/mnt/data/msadepth/compreps/seedrep_cand/protenix/8q7s_H/d55/seed2_r0/results/8q7s_h/seed_0/predictions/8q7s_h_sample_4.cif,8q7s_H,seed2_r0,8q7s_h_sample_4.cif,0.0848
/mnt/data/msadepth/compreps/seedrep_cand/protenix/8q7s_H/d55/seed3_r1/results/8q7s_h/seed_0/predictions/8q7s_h_sample_4.cif,8q7s_H,seed3_r1,8q7s_h_sample_4.cif,0.10478
/mnt/data/msadepth/compreps/seedrep_cand/protenix/8q7s_H/d55/seed3_r3/results/8q7s_h/seed_0/predictions/8q7s_h_sample_4.cif,8q7s_H,seed3_r3,8q7s_h_sample_4.cif,0.04076
/mnt/data/msadepth/compreps/seedrep_cand/protenix/8q7s_H/d55/seed3_r0/results/8q7s_h/seed_0/predictions/8q7s_h_sample_0.cif,8q7s_H,seed3_r0,8q7s_h_sample_0.cif,0.02645
/mnt/data/msadepth/compreps/seedrep_cand/protenix/8q7s_H/d55/seed3_r3/results/8q7s_h/seed_0/predictions/8q7s_h_sample_2.cif,8q7s_H,seed3_r3,8q7s_h_sample_2.cif,0.09044
/mnt/data/msadepth/compreps/seedrep_cand/protenix/8q7s_H/d55/seed3_r2/results/8q7s_h/seed_0/predictions/8q7s_h_sample_3.cif,8q7s_H,seed3_r2,8q7s_h_sample_3.cif,0.05378
/mnt/data/msadepth/compreps/seedrep_cand/protenix/8q7s_H/d55/seed3_r2/results/8q7s_h/seed_0/predictions/8q7s_h_sample_4.cif,8q7s_H,seed3_r2,8q7s_h_sample_4.cif,0.04819
/mnt/data/msadepth/compreps/seedrep_cand/protenix/8q7s_H/d55/seed3_r0/results/8q7s_h/seed_0/predictions/8q7s_h_sample_3.cif,8q7s_H,seed3_r0,8q7s_h_sample_3.cif,0.06017
/mnt/data/msadepth/compreps/seedrep_cand/protenix/8q7s_H/d55/seed3_r2/results/8q7s_h/seed_0/predictions/8q7s_h_sample_0.cif,8q7s_H,seed3_r2,8q7s_h_sample_0.cif,0.04008
/mnt/data/msadepth/compreps/seedrep_cand/protenix/8q7s_H/d55/seed3_r1/results/8q7s_h/seed_0/predictions/8q7s_h_sample_3.cif,8q7s_H,seed3_r1,8q7s_h_sample_3.cif,0.09458
/mnt/data/msadepth/compreps/seedrep_cand/protenix/8q7s_H/d55/seed3_r0/results/8q7s_h/seed_0/predictions/8q7s_h_sample_1.cif,8q7s_H,seed3_r0,8q7s_h_sample_1.cif,0.05204
/mnt/data/msadepth/compreps/seedrep_cand/protenix/8q7s_H/d55/seed3_r2/results/8q7s_h/seed_0/predictions/8q7s_h_sample_2.cif,8q7s_H,seed3_r2,8q7s_h_sample_2.cif,0.02785
/mnt/data/msadepth/compreps/seedrep_cand/protenix/8q7s_H/d55/seed3_r0/results/8q7s_h/seed_0/predictions/8q7s_h_sample_4.cif,8q7s_H,seed3_r0,8q7s_h_sample_4.cif,0.07476
/mnt/data/msadepth/compreps/seedrep_cand/protenix/8q7s_H/d55/seed3_r3/results/8q7s_h/seed_0/predictions/8q7s_h_sample_3.cif,8q7s_H,seed3_r3,8q7s_h_sample_3.cif,0.0471
/mnt/data/msadepth/compreps/seedrep_cand/protenix/8q7s_H/d55/seed3_r1/results/8q7s_h/seed_0/predictions/8q7s_h_sample_2.cif,8q7s_H,seed3_r1,8q7s_h_sample_2.cif,0.04836
/mnt/data/msadepth/compreps/seedrep_cand/protenix/8q7s_H/d55/seed3_r3/results/8q7s_h/seed_0/predictions/8q7s_h_sample_1.cif,8q7s_H,seed3_r3,8q7s_h_sample_1.cif,0.02973
/mnt/data/msadepth/compreps/seedrep_cand/protenix/8q7s_H/d55/seed3_r2/results/8q7s_h/seed_0/predictions/8q7s_h_sample_1.cif,8q7s_H,seed3_r2,8q7s_h_sample_1.cif,0.06771
/mnt/data/msadepth/compreps/seedrep_cand/protenix/8q7s_H/d55/seed3_r1/results/8q7s_h/seed_0/predictions/8q7s_h_sample_1.cif,8q7s_H,seed3_r1,8q7s_h_sample_1.cif,0.04463
/mnt/data/msadepth/compreps/seedrep_cand/protenix/8q7s_H/d55/seed3_r0/results/8q7s_h/seed_0/predictions/8q7s_h_sample_2.cif,8q7s_H,seed3_r0,8q7s_h_sample_2.cif,0.05272
/mnt/data/msadepth/compreps/seedrep_cand/protenix/8q7s_H/d55/seed3_r3/results/8q7s_h/seed_0/predictions/8q7s_h_sample_0.cif,8q7s_H,seed3_r3,8q7s_h_sample_0.cif,0.0312
/mnt/data/msadepth/compreps/seedrep_cand/protenix/8q7s_H/d55/seed3_r1/results/8q7s_h/seed_0/predictions/8q7s_h_sample_0.cif,8q7s_H,seed3_r1,8q7s_h_sample_0.cif,0.04559
/mnt/data/msadepth/compreps/seedrep_cand/protenix/8q7s_H/d55/seed4_r2/results/8q7s_h/seed_0/predictions/8q7s_h_sample_4.cif,8q7s_H,seed4_r2,8q7s_h_sample_4.cif,0.07886
/mnt/data/msadepth/compreps/seedrep_cand/protenix/8q7s_H/d55/seed4_r3/results/8q7s_h/seed_0/predictions/8q7s_h_sample_1.cif,8q7s_H,seed4_r3,8q7s_h_sample_1.cif,0.08855
/mnt/data/msadepth/compreps/seedrep_cand/protenix/8q7s_H/d55/seed4_r2/results/8q7s_h/seed_0/predictions/8q7s_h_sample_2.cif,8q7s_H,seed4_r2,8q7s_h_sample_2.cif,0.05399
/mnt/data/msadepth/compreps/seedrep_cand/protenix/8q7s_H/d55/seed4_r1/results/8q7s_h/seed_0/predictions/8q7s_h_sample_0.cif,8q7s_H,seed4_r1,8q7s_h_sample_0.cif,0.05524
/mnt/data/msadepth/compreps/seedrep_cand/protenix/8q7s_H/d55/seed4_r0/results/8q7s_h/seed_0/predictions/8q7s_h_sample_0.cif,8q7s_H,seed4_r0,8q7s_h_sample_0.cif,0.06499
/mnt/data/msadepth/compreps/seedrep_cand/protenix/8q7s_H/d55/seed4_r1/results/8q7s_h/seed_0/predictions/8q7s_h_sample_1.cif,8q7s_H,seed4_r1,8q7s_h_sample_1.cif,0.09488
/mnt/data/msadepth/compreps/seedrep_cand/protenix/8q7s_H/d55/seed4_r3/results/8q7s_h/seed_0/predictions/8q7s_h_sample_3.cif,8q7s_H,seed4_r3,8q7s_h_sample_3.cif,0.12469
/mnt/data/msadepth/compreps/seedrep_cand/protenix/8q7s_H/d55/seed4_r1/results/8q7s_h/seed_0/predictions/8q7s_h_sample_3.cif,8q7s_H,seed4_r1,8q7s_h_sample_3.cif,0.09034
/mnt/data/msadepth/compreps/seedrep_cand/protenix/8q7s_H/d55/seed4_r3/results/8q7s_h/seed_0/predictions/8q7s_h_sample_4.cif,8q7s_H,seed4_r3,8q7s_h_sample_4.cif,0.13467
/mnt/data/msadepth/compreps/seedrep_cand/protenix/8q7s_H/d55/seed4_r0/results/8q7s_h/seed_0/predictions/8q7s_h_sample_3.cif,8q7s_H,seed4_r0,8q7s_h_sample_3.cif,0.03861
/mnt/data/msadepth/compreps/seedrep_cand/protenix/8q7s_H/d55/seed4_r2/results/8q7s_h/seed_0/predictions/8q7s_h_sample_3.cif,8q7s_H,seed4_r2,8q7s_h_sample_3.cif,0.13526
/mnt/data/msadepth/compreps/seedrep_cand/protenix/8q7s_H/d55/seed4_r0/results/8q7s_h/seed_0/predictions/8q7s_h_sample_1.cif,8q7s_H,seed4_r0,8q7s_h_sample_1.cif,0.0478
/mnt/data/msadepth/compreps/seedrep_cand/protenix/8q7s_H/d55/seed4_r1/results/8q7s_h/seed_0/predictions/8q7s_h_sample_2.cif,8q7s_H,seed4_r1,8q7s_h_sample_2.cif,0.06825
/mnt/data/msadepth/compreps/seedrep_cand/protenix/8q7s_H/d55/seed4_r2/results/8q7s_h/seed_0/predictions/8q7s_h_sample_1.cif,8q7s_H,seed4_r2,8q7s_h_sample_1.cif,0.07035
/mnt/data/msadepth/compreps/seedrep_cand/protenix/8q7s_H/d55/seed4_r2/results/8q7s_h/seed_0/predictions/8q7s_h_sample_0.cif,8q7s_H,seed4_r2,8q7s_h_sample_0.cif,0.04356
/mnt/data/msadepth/compreps/seedrep_cand/protenix/8q7s_H/d55/seed4_r0/results/8q7s_h/seed_0/predictions/8q7s_h_sample_2.cif,8q7s_H,seed4_r0,8q7s_h_sample_2.cif,0.09554
/mnt/data/msadepth/compreps/seedrep_cand/protenix/8q7s_H/d55/seed4_r3/results/8q7s_h/seed_0/predictions/8q7s_h_sample_2.cif,8q7s_H,seed4_r3,8q7s_h_sample_2.cif,0.04093
/mnt/data/msadepth/compreps/seedrep_cand/protenix/8q7s_H/d55/seed4_r0/results/8q7s_h/seed_0/predictions/8q7s_h_sample_4.cif,8q7s_H,seed4_r0,8q7s_h_sample_4.cif,0.16295
/mnt/data/msadepth/compreps/seedrep_cand/protenix/8q7s_H/d55/seed4_r3/results/8q7s_h/seed_0/predictions/8q7s_h_sample_0.cif,8q7s_H,seed4_r3,8q7s_h_sample_0.cif,0.08347
/mnt/data/msadepth/compreps/seedrep_cand/protenix/8q7s_H/d55/seed4_r1/results/8q7s_h/seed_0/predictions/8q7s_h_sample_4.cif,8q7s_H,seed4_r1,8q7s_h_sample_4.cif,0.12392
/mnt/data/msadepth/compreps/seedrep_cand/protenix/8q7s_H/d55/seed5_r1/results/8q7s_h/seed_0/predictions/8q7s_h_sample_0.cif,8q7s_H,seed5_r1,8q7s_h_sample_0.cif,0.03094
/mnt/data/msadepth/compreps/seedrep_cand/protenix/8q7s_H/d55/seed5_r2/results/8q7s_h/seed_0/predictions/8q7s_h_sample_2.cif,8q7s_H,seed5_r2,8q7s_h_sample_2.cif,0.04435
/mnt/data/msadepth/compreps/seedrep_cand/protenix/8q7s_H/d55/seed5_r2/results/8q7s_h/seed_0/predictions/8q7s_h_sample_4.cif,8q7s_H,seed5_r2,8q7s_h_sample_4.cif,0.06756
/mnt/data/msadepth/compreps/seedrep_cand/protenix/8q7s_H/d55/seed5_r1/results/8q7s_h/seed_0/predictions/8q7s_h_sample_2.cif,8q7s_H,seed5_r1,8q7s_h_sample_2.cif,0.09692
/mnt/data/msadepth/compreps/seedrep_cand/protenix/8q7s_H/d55/seed5_r1/results/8q7s_h/seed_0/predictions/8q7s_h_sample_4.cif,8q7s_H,seed5_r1,8q7s_h_sample_4.cif,0.03621
/mnt/data/msadepth/compreps/seedrep_cand/protenix/8q7s_H/d55/seed5_r1/results/8q7s_h/seed_0/predictions/8q7s_h_sample_1.cif,8q7s_H,seed5_r1,8q7s_h_sample_1.cif,0.03183
/mnt/data/msadepth/compreps/seedrep_cand/protenix/8q7s_H/d55/seed5_r0/results/8q7s_h/seed_0/predictions/8q7s_h_sample_2.cif,8q7s_H,seed5_r0,8q7s_h_sample_2.cif,0.04784
/mnt/data/msadepth/compreps/seedrep_cand/protenix/8q7s_H/d55/seed5_r2/results/8q7s_h/seed_0/predictions/8q7s_h_sample_3.cif,8q7s_H,seed5_r2,8q7s_h_sample_3.cif,0.09326
/mnt/data/msadepth/compreps/seedrep_cand/protenix/8q7s_H/d55/seed5_r0/results/8q7s_h/seed_0/predictions/8q7s_h_sample_4.cif,8q7s_H,seed5_r0,8q7s_h_sample_4.cif,0.04119
/mnt/data/msadepth/compreps/seedrep_cand/protenix/8q7s_H/d55/seed5_r0/results/8q7s_h/seed_0/predictions/8q7s_h_sample_1.cif,8q7s_H,seed5_r0,8q7s_h_sample_1.cif,0.04428
/mnt/data/msadepth/compreps/seedrep_cand/protenix/8q7s_H/d55/seed5_r0/results/8q7s_h/seed_0/predictions/8q7s_h_sample_0.cif,8q7s_H,seed5_r0,8q7s_h_sample_0.cif,0.02739
/mnt/data/msadepth/compreps/seedrep_cand/protenix/8q7s_H/d55/seed5_r3/results/8q7s_h/seed_0/predictions/8q7s_h_sample_3.cif,8q7s_H,seed5_r3,8q7s_h_sample_3.cif,0.05794
/mnt/data/msadepth/compreps/seedrep_cand/protenix/8q7s_H/d55/seed5_r2/results/8q7s_h/seed_0/predictions/8q7s_h_sample_0.cif,8q7s_H,seed5_r2,8q7s_h_sample_0.cif,0.03977
/mnt/data/msadepth/compreps/seedrep_cand/protenix/8q7s_H/d55/seed5_r2/results/8q7s_h/seed_0/predictions/8q7s_h_sample_1.cif,8q7s_H,seed5_r2,8q7s_h_sample_1.cif,0.03408
/mnt/data/msadepth/compreps/seedrep_cand/protenix/8q7s_H/d55/seed5_r3/results/8q7s_h/seed_0/predictions/8q7s_h_sample_1.cif,8q7s_H,seed5_r3,8q7s_h_sample_1.cif,0.0285
/mnt/data/msadepth/compreps/seedrep_cand/protenix/8q7s_H/d55/seed5_r3/results/8q7s_h/seed_0/predictions/8q7s_h_sample_0.cif,8q7s_H,seed5_r3,8q7s_h_sample_0.cif,0.02387
/mnt/data/msadepth/compreps/seedrep_cand/protenix/8q7s_H/d55/seed5_r0/results/8q7s_h/seed_0/predictions/8q7s_h_sample_3.cif,8q7s_H,seed5_r0,8q7s_h_sample_3.cif,0.05282
/mnt/data/msadepth/compreps/seedrep_cand/protenix/8q7s_H/d55/seed5_r1/results/8q7s_h/seed_0/predictions/8q7s_h_sample_3.cif,8q7s_H,seed5_r1,8q7s_h_sample_3.cif,0.06017
/mnt/data/msadepth/compreps/seedrep_cand/protenix/8q7s_H/d55/seed5_r3/results/8q7s_h/seed_0/predictions/8q7s_h_sample_4.cif,8q7s_H,seed5_r3,8q7s_h_sample_4.cif,0.03566
/mnt/data/msadepth/compreps/seedrep_cand/protenix/8q7s_H/d55/seed5_r3/results/8q7s_h/seed_0/predictions/8q7s_h_sample_2.cif,8q7s_H,seed5_r3,8q7s_h_sample_2.cif,0.05051
/mnt/data/msadepth/compreps/seedrep_cand/protenix/8q7s_H/d55/seedfull_r1/results/8q7s_h/seed_0/predictions/8q7s_h_sample_3.cif,8q7s_H,seedfull_r1,8q7s_h_sample_3.cif,0.13199
/mnt/data/msadepth/compreps/seedrep_cand/protenix/8q7s_H/d55/seedfull_r2/results/8q7s_h/seed_0/predictions/8q7s_h_sample_1.cif,8q7s_H,seedfull_r2,8q7s_h_sample_1.cif,0.06386
/mnt/data/msadepth/compreps/seedrep_cand/protenix/8q7s_H/d55/seedfull_r3/results/8q7s_h/seed_0/predictions/8q7s_h_sample_2.cif,8q7s_H,seedfull_r3,8q7s_h_sample_2.cif,0.03741
/mnt/data/msadepth/compreps/seedrep_cand/protenix/8q7s_H/d55/seedfull_r2/results/8q7s_h/seed_0/predictions/8q7s_h_sample_3.cif,8q7s_H,seedfull_r2,8q7s_h_sample_3.cif,0.13049
/mnt/data/msadepth/compreps/seedrep_cand/protenix/8q7s_H/d55/seedfull_r1/results/8q7s_h/seed_0/predictions/8q7s_h_sample_0.cif,8q7s_H,seedfull_r1,8q7s_h_sample_0.cif,0.02982
/mnt/data/msadepth/compreps/seedrep_cand/protenix/8q7s_H/d55/seedfull_r0/results/8q7s_h/seed_0/predictions/8q7s_h_sample_4.cif,8q7s_H,seedfull_r0,8q7s_h_sample_4.cif,0.08929
/mnt/data/msadepth/compreps/seedrep_cand/protenix/8q7s_H/d55/seedfull_r3/results/8q7s_h/seed_0/predictions/8q7s_h_sample_1.cif,8q7s_H,seedfull_r3,8q7s_h_sample_1.cif,0.05427
/mnt/data/msadepth/compreps/seedrep_cand/protenix/8q7s_H/d55/seedfull_r2/results/8q7s_h/seed_0/predictions/8q7s_h_sample_4.cif,8q7s_H,seedfull_r2,8q7s_h_sample_4.cif,0.12345
/mnt/data/msadepth/compreps/seedrep_cand/protenix/8q7s_H/d55/seedfull_r1/results/8q7s_h/seed_0/predictions/8q7s_h_sample_4.cif,8q7s_H,seedfull_r1,8q7s_h_sample_4.cif,0.07272
/mnt/data/msadepth/compreps/seedrep_cand/protenix/8q7s_H/d55/seedfull_r1/results/8q7s_h/seed_0/predictions/8q7s_h_sample_1.cif,8q7s_H,seedfull_r1,8q7s_h_sample_1.cif,0.05159
/mnt/data/msadepth/compreps/seedrep_cand/protenix/8q7s_H/d55/seedfull_r3/results/8q7s_h/seed_0/predictions/8q7s_h_sample_3.cif,8q7s_H,seedfull_r3,8q7s_h_sample_3.cif,0.08709
/mnt/data/msadepth/compreps/seedrep_cand/protenix/8q7s_H/d55/seedfull_r2/results/8q7s_h/seed_0/predictions/8q7s_h_sample_2.cif,8q7s_H,seedfull_r2,8q7s_h_sample_2.cif,0.04508
/mnt/data/msadepth/compreps/seedrep_cand/protenix/8q7s_H/d55/seedfull_r2/results/8q7s_h/seed_0/predictions/8q7s_h_sample_0.cif,8q7s_H,seedfull_r2,8q7s_h_sample_0.cif,0.03331
/mnt/data/msadepth/compreps/seedrep_cand/protenix/8q7s_H/d55/seedfull_r3/results/8q7s_h/seed_0/predictions/8q7s_h_sample_4.cif,8q7s_H,seedfull_r3,8q7s_h_sample_4.cif,0.1357
/mnt/data/msadepth/compreps/seedrep_cand/protenix/8q7s_H/d55/seedfull_r3/results/8q7s_h/seed_0/predictions/8q7s_h_sample_0.cif,8q7s_H,seedfull_r3,8q7s_h_sample_0.cif,0.04529
/mnt/data/msadepth/compreps/seedrep_cand/protenix/8q7s_H/d55/seedfull_r1/results/8q7s_h/seed_0/predictions/8q7s_h_sample_2.cif,8q7s_H,seedfull_r1,8q7s_h_sample_2.cif,0.039
/mnt/data/msadepth/compreps/seedrep_cand/protenix/8q7s_H/d55/seedfull_r0/results/8q7s_h/seed_0/predictions/8q7s_h_sample_2.cif,8q7s_H,seedfull_r0,8q7s_h_sample_2.cif,0.052
/mnt/data/msadepth/compreps/seedrep_cand/protenix/8q7s_H/d55/seedfull_r0/results/8q7s_h/seed_0/predictions/8q7s_h_sample_1.cif,8q7s_H,seedfull_r0,8q7s_h_sample_1.cif,0.05434
/mnt/data/msadepth/compreps/seedrep_cand/protenix/8q7s_H/d55/seedfull_r0/results/8q7s_h/seed_0/predictions/8q7s_h_sample_0.cif,8q7s_H,seedfull_r0,8q7s_h_sample_0.cif,0.03316
/mnt/data/msadepth/compreps/seedrep_cand/protenix/8q7s_H/d55/seedfull_r0/results/8q7s_h/seed_0/predictions/8q7s_h_sample_3.cif,8q7s_H,seedfull_r0,8q7s_h_sample_3.cif,0.10468
/mnt/data/msadepth/compreps/seedrep_cand/protenix/8q7s_H/d55/seedfull_r6/results/8q7s_h/seed_0/predictions/8q7s_h_sample_2.cif,8q7s_H,seedfull_r6,8q7s_h_sample_2.cif,0.04413
/mnt/data/msadepth/compreps/seedrep_cand/protenix/8q7s_H/d55/seedfull_r4/results/8q7s_h/seed_0/predictions/8q7s_h_sample_0.cif,8q7s_H,seedfull_r4,8q7s_h_sample_0.cif,0.04879
/mnt/data/msadepth/compreps/seedrep_cand/protenix/8q7s_H/d55/seedfull_r5/results/8q7s_h/seed_0/predictions/8q7s_h_sample_2.cif,8q7s_H,seedfull_r5,8q7s_h_sample_2.cif,0.03421
/mnt/data/msadepth/compreps/seedrep_cand/protenix/8q7s_H/d55/seedfull_r4/results/8q7s_h/seed_0/predictions/8q7s_h_sample_2.cif,8q7s_H,seedfull_r4,8q7s_h_sample_2.cif,0.03709
/mnt/data/msadepth/compreps/seedrep_cand/protenix/8q7s_H/d55/seedfull_r6/results/8q7s_h/seed_0/predictions/8q7s_h_sample_4.cif,8q7s_H,seedfull_r6,8q7s_h_sample_4.cif,0.06333
/mnt/data/msadepth/compreps/seedrep_cand/protenix/8q7s_H/d55/seedfull_r7/results/8q7s_h/seed_0/predictions/8q7s_h_sample_4.cif,8q7s_H,seedfull_r7,8q7s_h_sample_4.cif,0.03518
/mnt/data/msadepth/compreps/seedrep_cand/protenix/8q7s_H/d55/seedfull_r5/results/8q7s_h/seed_0/predictions/8q7s_h_sample_0.cif,8q7s_H,seedfull_r5,8q7s_h_sample_0.cif,0.0288
/mnt/data/msadepth/compreps/seedrep_cand/protenix/8q7s_H/d55/seedfull_r5/results/8q7s_h/seed_0/predictions/8q7s_h_sample_1.cif,8q7s_H,seedfull_r5,8q7s_h_sample_1.cif,0.08408
/mnt/data/msadepth/compreps/seedrep_cand/protenix/8q7s_H/d55/seedfull_r4/results/8q7s_h/seed_0/predictions/8q7s_h_sample_3.cif,8q7s_H,seedfull_r4,8q7s_h_sample_3.cif,0.12811
/mnt/data/msadepth/compreps/seedrep_cand/protenix/8q7s_H/d55/seedfull_r5/results/8q7s_h/seed_0/predictions/8q7s_h_sample_3.cif,8q7s_H,seedfull_r5,8q7s_h_sample_3.cif,0.14384
/mnt/data/msadepth/compreps/seedrep_cand/protenix/8q7s_H/d55/seedfull_r7/results/8q7s_h/seed_0/predictions/8q7s_h_sample_0.cif,8q7s_H,seedfull_r7,8q7s_h_sample_0.cif,0.07971
/mnt/data/msadepth/compreps/seedrep_cand/protenix/8q7s_H/d55/seedfull_r6/results/8q7s_h/seed_0/predictions/8q7s_h_sample_1.cif,8q7s_H,seedfull_r6,8q7s_h_sample_1.cif,0.05519
/mnt/data/msadepth/compreps/seedrep_cand/protenix/8q7s_H/d55/seedfull_r4/results/8q7s_h/seed_0/predictions/8q7s_h_sample_1.cif,8q7s_H,seedfull_r4,8q7s_h_sample_1.cif,0.03638
/mnt/data/msadepth/compreps/seedrep_cand/protenix/8q7s_H/d55/seedfull_r5/results/8q7s_h/seed_0/predictions/8q7s_h_sample_4.cif,8q7s_H,seedfull_r5,8q7s_h_sample_4.cif,0.13128
/mnt/data/msadepth/compreps/seedrep_cand/protenix/8q7s_H/d55/seedfull_r7/results/8q7s_h/seed_0/predictions/8q7s_h_sample_1.cif,8q7s_H,seedfull_r7,8q7s_h_sample_1.cif,0.05469
/mnt/data/msadepth/compreps/seedrep_cand/protenix/8q7s_H/d55/seedfull_r4/results/8q7s_h/seed_0/predictions/8q7s_h_sample_4.cif,8q7s_H,seedfull_r4,8q7s_h_sample_4.cif,0.09998
/mnt/data/msadepth/compreps/seedrep_cand/protenix/8q7s_H/d55/seedfull_r7/results/8q7s_h/seed_0/predictions/8q7s_h_sample_3.cif,8q7s_H,seedfull_r7,8q7s_h_sample_3.cif,0.03494
/mnt/data/msadepth/compreps/seedrep_cand/protenix/8q7s_H/d55/seedfull_r6/results/8q7s_h/seed_0/predictions/8q7s_h_sample_0.cif,8q7s_H,seedfull_r6,8q7s_h_sample_0.cif,0.03179
/mnt/data/msadepth/compreps/seedrep_cand/protenix/8q7s_H/d55/seedfull_r6/results/8q7s_h/seed_0/predictions/8q7s_h_sample_3.cif,8q7s_H,seedfull_r6,8q7s_h_sample_3.cif,0.11638
/mnt/data/msadepth/compreps/seedrep_cand/protenix/8q7s_H/d55/seedfull_r7/results/8q7s_h/seed_0/predictions/8q7s_h_sample_2.cif,8q7s_H,seedfull_r7,8q7s_h_sample_2.cif,0.04101
/mnt/data/msadepth/compreps/seedrep_cand/protenix/8q7s_O/d35/seed0_r1/results/8q7s_o/seed_0/predictions/8q7s_o_sample_1.cif,8q7s_O,seed0_r1,8q7s_o_sample_1.cif,0.09672
/mnt/data/msadepth/compreps/seedrep_cand/protenix/8q7s_O/d35/seed0_r1/results/8q7s_o/seed_0/predictions/8q7s_o_sample_4.cif,8q7s_O,seed0_r1,8q7s_o_sample_4.cif,0.08374
/mnt/data/msadepth/compreps/seedrep_cand/protenix/8q7s_O/d35/seed0_r2/results/8q7s_o/seed_0/predictions/8q7s_o_sample_2.cif,8q7s_O,seed0_r2,8q7s_o_sample_2.cif,0.117
/mnt/data/msadepth/compreps/seedrep_cand/protenix/8q7s_O/d35/seed0_r2/results/8q7s_o/seed_0/predictions/8q7s_o_sample_1.cif,8q7s_O,seed0_r2,8q7s_o_sample_1.cif,0.06912
/mnt/data/msadepth/compreps/seedrep_cand/protenix/8q7s_O/d35/seed0_r0/results/8q7s_o/seed_0/predictions/8q7s_o_sample_2.cif,8q7s_O,seed0_r0,8q7s_o_sample_2.cif,0.13284
/mnt/data/msadepth/compreps/seedrep_cand/protenix/8q7s_O/d35/seed0_r1/results/8q7s_o/seed_0/predictions/8q7s_o_sample_3.cif,8q7s_O,seed0_r1,8q7s_o_sample_3.cif,0.20017
/mnt/data/msadepth/compreps/seedrep_cand/protenix/8q7s_O/d35/seed0_r1/results/8q7s_o/seed_0/predictions/8q7s_o_sample_2.cif,8q7s_O,seed0_r1,8q7s_o_sample_2.cif,0.0582
/mnt/data/msadepth/compreps/seedrep_cand/protenix/8q7s_O/d35/seed0_r2/results/8q7s_o/seed_0/predictions/8q7s_o_sample_0.cif,8q7s_O,seed0_r2,8q7s_o_sample_0.cif,0.16322
/mnt/data/msadepth/compreps/seedrep_cand/protenix/8q7s_O/d35/seed0_r0/results/8q7s_o/seed_0/predictions/8q7s_o_sample_4.cif,8q7s_O,seed0_r0,8q7s_o_sample_4.cif,0.04795
/mnt/data/msadepth/compreps/seedrep_cand/protenix/8q7s_O/d35/seed0_r2/results/8q7s_o/seed_0/predictions/8q7s_o_sample_4.cif,8q7s_O,seed0_r2,8q7s_o_sample_4.cif,0.0745
/mnt/data/msadepth/compreps/seedrep_cand/protenix/8q7s_O/d35/seed0_r0/results/8q7s_o/seed_0/predictions/8q7s_o_sample_0.cif,8q7s_O,seed0_r0,8q7s_o_sample_0.cif,0.14788
/mnt/data/msadepth/compreps/seedrep_cand/protenix/8q7s_O/d35/seed0_r3/results/8q7s_o/seed_0/predictions/8q7s_o_sample_2.cif,8q7s_O,seed0_r3,8q7s_o_sample_2.cif,0.05751
/mnt/data/msadepth/compreps/seedrep_cand/protenix/8q7s_O/d35/seed0_r0/results/8q7s_o/seed_0/predictions/8q7s_o_sample_1.cif,8q7s_O,seed0_r0,8q7s_o_sample_1.cif,0.07224
/mnt/data/msadepth/compreps/seedrep_cand/protenix/8q7s_O/d35/seed0_r3/results/8q7s_o/seed_0/predictions/8q7s_o_sample_0.cif,8q7s_O,seed0_r3,8q7s_o_sample_0.cif,0.05516
/mnt/data/msadepth/compreps/seedrep_cand/protenix/8q7s_O/d35/seed0_r3/results/8q7s_o/seed_0/predictions/8q7s_o_sample_3.cif,8q7s_O,seed0_r3,8q7s_o_sample_3.cif,0.13519
/mnt/data/msadepth/compreps/seedrep_cand/protenix/8q7s_O/d35/seed0_r3/results/8q7s_o/seed_0/predictions/8q7s_o_sample_4.cif,8q7s_O,seed0_r3,8q7s_o_sample_4.cif,0.07562
/mnt/data/msadepth/compreps/seedrep_cand/protenix/8q7s_O/d35/seed0_r0/results/8q7s_o/seed_0/predictions/8q7s_o_sample_3.cif,8q7s_O,seed0_r0,8q7s_o_sample_3.cif,0.07758
/mnt/data/msadepth/compreps/seedrep_cand/protenix/8q7s_O/d35/seed0_r3/results/8q7s_o/seed_0/predictions/8q7s_o_sample_1.cif,8q7s_O,seed0_r3,8q7s_o_sample_1.cif,0.16944
/mnt/data/msadepth/compreps/seedrep_cand/protenix/8q7s_O/d35/seed0_r2/results/8q7s_o/seed_0/predictions/8q7s_o_sample_3.cif,8q7s_O,seed0_r2,8q7s_o_sample_3.cif,0.15466
/mnt/data/msadepth/compreps/seedrep_cand/protenix/8q7s_O/d35/seed0_r1/results/8q7s_o/seed_0/predictions/8q7s_o_sample_0.cif,8q7s_O,seed0_r1,8q7s_o_sample_0.cif,0.14627
/mnt/data/msadepth/compreps/seedrep_cand/protenix/8q7s_O/d35/seed1_r1/results/8q7s_o/seed_0/predictions/8q7s_o_sample_4.cif,8q7s_O,seed1_r1,8q7s_o_sample_4.cif,0.14698
/mnt/data/msadepth/compreps/seedrep_cand/protenix/8q7s_O/d35/seed1_r3/results/8q7s_o/seed_0/predictions/8q7s_o_sample_2.cif,8q7s_O,seed1_r3,8q7s_o_sample_2.cif,0.14755
/mnt/data/msadepth/compreps/seedrep_cand/protenix/8q7s_O/d35/seed1_r3/results/8q7s_o/seed_0/predictions/8q7s_o_sample_4.cif,8q7s_O,seed1_r3,8q7s_o_sample_4.cif,0.04169
/mnt/data/msadepth/compreps/seedrep_cand/protenix/8q7s_O/d35/seed1_r3/results/8q7s_o/seed_0/predictions/8q7s_o_sample_0.cif,8q7s_O,seed1_r3,8q7s_o_sample_0.cif,0.03456
/mnt/data/msadepth/compreps/seedrep_cand/protenix/8q7s_O/d35/seed1_r0/results/8q7s_o/seed_0/predictions/8q7s_o_sample_2.cif,8q7s_O,seed1_r0,8q7s_o_sample_2.cif,0.09594
/mnt/data/msadepth/compreps/seedrep_cand/protenix/8q7s_O/d35/seed1_r3/results/8q7s_o/seed_0/predictions/8q7s_o_sample_3.cif,8q7s_O,seed1_r3,8q7s_o_sample_3.cif,0.08443
/mnt/data/msadepth/compreps/seedrep_cand/protenix/8q7s_O/d35/seed1_r1/results/8q7s_o/seed_0/predictions/8q7s_o_sample_2.cif,8q7s_O,seed1_r1,8q7s_o_sample_2.cif,0.10693
/mnt/data/msadepth/compreps/seedrep_cand/protenix/8q7s_O/d35/seed1_r2/results/8q7s_o/seed_0/predictions/8q7s_o_sample_4.cif,8q7s_O,seed1_r2,8q7s_o_sample_4.cif,0.05222
/mnt/data/msadepth/compreps/seedrep_cand/protenix/8q7s_O/d35/seed1_r0/results/8q7s_o/seed_0/predictions/8q7s_o_sample_1.cif,8q7s_O,seed1_r0,8q7s_o_sample_1.cif,0.0345
/mnt/data/msadepth/compreps/seedrep_cand/protenix/8q7s_O/d35/seed1_r3/results/8q7s_o/seed_0/predictions/8q7s_o_sample_1.cif,8q7s_O,seed1_r3,8q7s_o_sample_1.cif,0.24149
/mnt/data/msadepth/compreps/seedrep_cand/protenix/8q7s_O/d35/seed1_r2/results/8q7s_o/seed_0/predictions/8q7s_o_sample_3.cif,8q7s_O,seed1_r2,8q7s_o_sample_3.cif,0.03584
/mnt/data/msadepth/compreps/seedrep_cand/protenix/8q7s_O/d35/seed1_r2/results/8q7s_o/seed_0/predictions/8q7s_o_sample_2.cif,8q7s_O,seed1_r2,8q7s_o_sample_2.cif,0.1119
/mnt/data/msadepth/compreps/seedrep_cand/protenix/8q7s_O/d35/seed1_r1/results/8q7s_o/seed_0/predictions/8q7s_o_sample_1.cif,8q7s_O,seed1_r1,8q7s_o_sample_1.cif,0.24471
/mnt/data/msadepth/compreps/seedrep_cand/protenix/8q7s_O/d35/seed1_r0/results/8q7s_o/seed_0/predictions/8q7s_o_sample_4.cif,8q7s_O,seed1_r0,8q7s_o_sample_4.cif,0.02802
/mnt/data/msadepth/compreps/seedrep_cand/protenix/8q7s_O/d35/seed1_r2/results/8q7s_o/seed_0/predictions/8q7s_o_sample_0.cif,8q7s_O,seed1_r2,8q7s_o_sample_0.cif,0.12613
/mnt/data/msadepth/compreps/seedrep_cand/protenix/8q7s_O/d35/seed1_r1/results/8q7s_o/seed_0/predictions/8q7s_o_sample_3.cif,8q7s_O,seed1_r1,8q7s_o_sample_3.cif,0.184
/mnt/data/msadepth/compreps/seedrep_cand/protenix/8q7s_O/d35/seed1_r0/results/8q7s_o/seed_0/predictions/8q7s_o_sample_3.cif,8q7s_O,seed1_r0,8q7s_o_sample_3.cif,0.0795
/mnt/data/msadepth/compreps/seedrep_cand/protenix/8q7s_O/d35/seed1_r2/results/8q7s_o/seed_0/predictions/8q7s_o_sample_1.cif,8q7s_O,seed1_r2,8q7s_o_sample_1.cif,0.04035
/mnt/data/msadepth/compreps/seedrep_cand/protenix/8q7s_O/d35/seed1_r1/results/8q7s_o/seed_0/predictions/8q7s_o_sample_0.cif,8q7s_O,seed1_r1,8q7s_o_sample_0.cif,0.05837
/mnt/data/msadepth/compreps/seedrep_cand/protenix/8q7s_O/d35/seed1_r0/results/8q7s_o/seed_0/predictions/8q7s_o_sample_0.cif,8q7s_O,seed1_r0,8q7s_o_sample_0.cif,0.05043
/mnt/data/msadepth/compreps/seedrep_cand/protenix/8q7s_O/d35/seed2_r2/results/8q7s_o/seed_0/predictions/8q7s_o_sample_2.cif,8q7s_O,seed2_r2,8q7s_o_sample_2.cif,0.10076
/mnt/data/msadepth/compreps/seedrep_cand/protenix/8q7s_O/d35/seed2_r0/results/8q7s_o/seed_0/predictions/8q7s_o_sample_1.cif,8q7s_O,seed2_r0,8q7s_o_sample_1.cif,0.20726
/mnt/data/msadepth/compreps/seedrep_cand/protenix/8q7s_O/d35/seed2_r1/results/8q7s_o/seed_0/predictions/8q7s_o_sample_1.cif,8q7s_O,seed2_r1,8q7s_o_sample_1.cif,0.13004
/mnt/data/msadepth/compreps/seedrep_cand/protenix/8q7s_O/d35/seed2_r1/results/8q7s_o/seed_0/predictions/8q7s_o_sample_4.cif,8q7s_O,seed2_r1,8q7s_o_sample_4.cif,0.14072
/mnt/data/msadepth/compreps/seedrep_cand/protenix/8q7s_O/d35/seed2_r2/results/8q7s_o/seed_0/predictions/8q7s_o_sample_3.cif,8q7s_O,seed2_r2,8q7s_o_sample_3.cif,0.06474
/mnt/data/msadepth/compreps/seedrep_cand/protenix/8q7s_O/d35/seed2_r0/results/8q7s_o/seed_0/predictions/8q7s_o_sample_2.cif,8q7s_O,seed2_r0,8q7s_o_sample_2.cif,0.03602
/mnt/data/msadepth/compreps/seedrep_cand/protenix/8q7s_O/d35/seed2_r3/results/8q7s_o/seed_0/predictions/8q7s_o_sample_2.cif,8q7s_O,seed2_r3,8q7s_o_sample_2.cif,0.19495
/mnt/data/msadepth/compreps/seedrep_cand/protenix/8q7s_O/d35/seed2_r3/results/8q7s_o/seed_0/predictions/8q7s_o_sample_1.cif,8q7s_O,seed2_r3,8q7s_o_sample_1.cif,0.14805
/mnt/data/msadepth/compreps/seedrep_cand/protenix/8q7s_O/d35/seed2_r3/results/8q7s_o/seed_0/predictions/8q7s_o_sample_3.cif,8q7s_O,seed2_r3,8q7s_o_sample_3.cif,0.02408
/mnt/data/msadepth/compreps/seedrep_cand/protenix/8q7s_O/d35/seed2_r1/results/8q7s_o/seed_0/predictions/8q7s_o_sample_2.cif,8q7s_O,seed2_r1,8q7s_o_sample_2.cif,0.19986
/mnt/data/msadepth/compreps/seedrep_cand/protenix/8q7s_O/d35/seed2_r2/results/8q7s_o/seed_0/predictions/8q7s_o_sample_1.cif,8q7s_O,seed2_r2,8q7s_o_sample_1.cif,0.04057
/mnt/data/msadepth/compreps/seedrep_cand/protenix/8q7s_O/d35/seed2_r2/results/8q7s_o/seed_0/predictions/8q7s_o_sample_0.cif,8q7s_O,seed2_r2,8q7s_o_sample_0.cif,0.08756
/mnt/data/msadepth/compreps/seedrep_cand/protenix/8q7s_O/d35/seed2_r1/results/8q7s_o/seed_0/predictions/8q7s_o_sample_0.cif,8q7s_O,seed2_r1,8q7s_o_sample_0.cif,0.15319
/mnt/data/msadepth/compreps/seedrep_cand/protenix/8q7s_O/d35/seed2_r3/results/8q7s_o/seed_0/predictions/8q7s_o_sample_0.cif,8q7s_O,seed2_r3,8q7s_o_sample_0.cif,0.13917
/mnt/data/msadepth/compreps/seedrep_cand/protenix/8q7s_O/d35/seed2_r0/results/8q7s_o/seed_0/predictions/8q7s_o_sample_3.cif,8q7s_O,seed2_r0,8q7s_o_sample_3.cif,0.02844
/mnt/data/msadepth/compreps/seedrep_cand/protenix/8q7s_O/d35/seed2_r3/results/8q7s_o/seed_0/predictions/8q7s_o_sample_4.cif,8q7s_O,seed2_r3,8q7s_o_sample_4.cif,0.03057
/mnt/data/msadepth/compreps/seedrep_cand/protenix/8q7s_O/d35/seed2_r0/results/8q7s_o/seed_0/predictions/8q7s_o_sample_0.cif,8q7s_O,seed2_r0,8q7s_o_sample_0.cif,0.03669
/mnt/data/msadepth/compreps/seedrep_cand/protenix/8q7s_O/d35/seed2_r1/results/8q7s_o/seed_0/predictions/8q7s_o_sample_3.cif,8q7s_O,seed2_r1,8q7s_o_sample_3.cif,0.08167
/mnt/data/msadepth/compreps/seedrep_cand/protenix/8q7s_O/d35/seed2_r2/results/8q7s_o/seed_0/predictions/8q7s_o_sample_4.cif,8q7s_O,seed2_r2,8q7s_o_sample_4.cif,0.10502
/mnt/data/msadepth/compreps/seedrep_cand/protenix/8q7s_O/d35/seed2_r0/results/8q7s_o/seed_0/predictions/8q7s_o_sample_4.cif,8q7s_O,seed2_r0,8q7s_o_sample_4.cif,0.20166
/mnt/data/msadepth/compreps/seedrep_cand/protenix/8q7s_O/d35/seed3_r1/results/8q7s_o/seed_0/predictions/8q7s_o_sample_4.cif,8q7s_O,seed3_r1,8q7s_o_sample_4.cif,0.06881
/mnt/data/msadepth/compreps/seedrep_cand/protenix/8q7s_O/d35/seed3_r3/results/8q7s_o/seed_0/predictions/8q7s_o_sample_4.cif,8q7s_O,seed3_r3,8q7s_o_sample_4.cif,0.10314
/mnt/data/msadepth/compreps/seedrep_cand/protenix/8q7s_O/d35/seed3_r0/results/8q7s_o/seed_0/predictions/8q7s_o_sample_0.cif,8q7s_O,seed3_r0,8q7s_o_sample_0.cif,0.07824
/mnt/data/msadepth/compreps/seedrep_cand/protenix/8q7s_O/d35/seed3_r3/results/8q7s_o/seed_0/predictions/8q7s_o_sample_2.cif,8q7s_O,seed3_r3,8q7s_o_sample_2.cif,0.11267
/mnt/data/msadepth/compreps/seedrep_cand/protenix/8q7s_O/d35/seed3_r2/results/8q7s_o/seed_0/predictions/8q7s_o_sample_3.cif,8q7s_O,seed3_r2,8q7s_o_sample_3.cif,0.04672
/mnt/data/msadepth/compreps/seedrep_cand/protenix/8q7s_O/d35/seed3_r2/results/8q7s_o/seed_0/predictions/8q7s_o_sample_4.cif,8q7s_O,seed3_r2,8q7s_o_sample_4.cif,0.14631
/mnt/data/msadepth/compreps/seedrep_cand/protenix/8q7s_O/d35/seed3_r0/results/8q7s_o/seed_0/predictions/8q7s_o_sample_3.cif,8q7s_O,seed3_r0,8q7s_o_sample_3.cif,0.209
/mnt/data/msadepth/compreps/seedrep_cand/protenix/8q7s_O/d35/seed3_r2/results/8q7s_o/seed_0/predictions/8q7s_o_sample_0.cif,8q7s_O,seed3_r2,8q7s_o_sample_0.cif,0.12651
/mnt/data/msadepth/compreps/seedrep_cand/protenix/8q7s_O/d35/seed3_r1/results/8q7s_o/seed_0/predictions/8q7s_o_sample_3.cif,8q7s_O,seed3_r1,8q7s_o_sample_3.cif,0.04088
/mnt/data/msadepth/compreps/seedrep_cand/protenix/8q7s_O/d35/seed3_r0/results/8q7s_o/seed_0/predictions/8q7s_o_sample_1.cif,8q7s_O,seed3_r0,8q7s_o_sample_1.cif,0.06912
/mnt/data/msadepth/compreps/seedrep_cand/protenix/8q7s_O/d35/seed3_r2/results/8q7s_o/seed_0/predictions/8q7s_o_sample_2.cif,8q7s_O,seed3_r2,8q7s_o_sample_2.cif,0.14367
/mnt/data/msadepth/compreps/seedrep_cand/protenix/8q7s_O/d35/seed3_r0/results/8q7s_o/seed_0/predictions/8q7s_o_sample_4.cif,8q7s_O,seed3_r0,8q7s_o_sample_4.cif,0.11556
/mnt/data/msadepth/compreps/seedrep_cand/protenix/8q7s_O/d35/seed3_r3/results/8q7s_o/seed_0/predictions/8q7s_o_sample_3.cif,8q7s_O,seed3_r3,8q7s_o_sample_3.cif,0.10427
/mnt/data/msadepth/compreps/seedrep_cand/protenix/8q7s_O/d35/seed3_r1/results/8q7s_o/seed_0/predictions/8q7s_o_sample_2.cif,8q7s_O,seed3_r1,8q7s_o_sample_2.cif,0.02983
/mnt/data/msadepth/compreps/seedrep_cand/protenix/8q7s_O/d35/seed3_r3/results/8q7s_o/seed_0/predictions/8q7s_o_sample_1.cif,8q7s_O,seed3_r3,8q7s_o_sample_1.cif,0.08761
/mnt/data/msadepth/compreps/seedrep_cand/protenix/8q7s_O/d35/seed3_r2/results/8q7s_o/seed_0/predictions/8q7s_o_sample_1.cif,8q7s_O,seed3_r2,8q7s_o_sample_1.cif,0.05071
/mnt/data/msadepth/compreps/seedrep_cand/protenix/8q7s_O/d35/seed3_r1/results/8q7s_o/seed_0/predictions/8q7s_o_sample_1.cif,8q7s_O,seed3_r1,8q7s_o_sample_1.cif,0.08042
/mnt/data/msadepth/compreps/seedrep_cand/protenix/8q7s_O/d35/seed3_r0/results/8q7s_o/seed_0/predictions/8q7s_o_sample_2.cif,8q7s_O,seed3_r0,8q7s_o_sample_2.cif,0.05277
/mnt/data/msadepth/compreps/seedrep_cand/protenix/8q7s_O/d35/seed3_r3/results/8q7s_o/seed_0/predictions/8q7s_o_sample_0.cif,8q7s_O,seed3_r3,8q7s_o_sample_0.cif,0.03558
/mnt/data/msadepth/compreps/seedrep_cand/protenix/8q7s_O/d35/seed3_r1/results/8q7s_o/seed_0/predictions/8q7s_o_sample_0.cif,8q7s_O,seed3_r1,8q7s_o_sample_0.cif,0.18114
/mnt/data/msadepth/compreps/seedrep_cand/protenix/8q7s_O/d35/seed4_r2/results/8q7s_o/seed_0/predictions/8q7s_o_sample_4.cif,8q7s_O,seed4_r2,8q7s_o_sample_4.cif,0.11081
/mnt/data/msadepth/compreps/seedrep_cand/protenix/8q7s_O/d35/seed4_r3/results/8q7s_o/seed_0/predictions/8q7s_o_sample_1.cif,8q7s_O,seed4_r3,8q7s_o_sample_1.cif,0.14759
/mnt/data/msadepth/compreps/seedrep_cand/protenix/8q7s_O/d35/seed4_r2/results/8q7s_o/seed_0/predictions/8q7s_o_sample_2.cif,8q7s_O,seed4_r2,8q7s_o_sample_2.cif,0.0855
/mnt/data/msadepth/compreps/seedrep_cand/protenix/8q7s_O/d35/seed4_r1/results/8q7s_o/seed_0/predictions/8q7s_o_sample_0.cif,8q7s_O,seed4_r1,8q7s_o_sample_0.cif,0.11296
/mnt/data/msadepth/compreps/seedrep_cand/protenix/8q7s_O/d35/seed4_r0/results/8q7s_o/seed_0/predictions/8q7s_o_sample_0.cif,8q7s_O,seed4_r0,8q7s_o_sample_0.cif,0.18278
/mnt/data/msadepth/compreps/seedrep_cand/protenix/8q7s_O/d35/seed4_r1/results/8q7s_o/seed_0/predictions/8q7s_o_sample_1.cif,8q7s_O,seed4_r1,8q7s_o_sample_1.cif,0.04427
/mnt/data/msadepth/compreps/seedrep_cand/protenix/8q7s_O/d35/seed4_r3/results/8q7s_o/seed_0/predictions/8q7s_o_sample_3.cif,8q7s_O,seed4_r3,8q7s_o_sample_3.cif,0.0497
/mnt/data/msadepth/compreps/seedrep_cand/protenix/8q7s_O/d35/seed4_r1/results/8q7s_o/seed_0/predictions/8q7s_o_sample_3.cif,8q7s_O,seed4_r1,8q7s_o_sample_3.cif,0.09656
/mnt/data/msadepth/compreps/seedrep_cand/protenix/8q7s_O/d35/seed4_r3/results/8q7s_o/seed_0/predictions/8q7s_o_sample_4.cif,8q7s_O,seed4_r3,8q7s_o_sample_4.cif,0.08555
/mnt/data/msadepth/compreps/seedrep_cand/protenix/8q7s_O/d35/seed4_r0/results/8q7s_o/seed_0/predictions/8q7s_o_sample_3.cif,8q7s_O,seed4_r0,8q7s_o_sample_3.cif,0.04226
/mnt/data/msadepth/compreps/seedrep_cand/protenix/8q7s_O/d35/seed4_r2/results/8q7s_o/seed_0/predictions/8q7s_o_sample_3.cif,8q7s_O,seed4_r2,8q7s_o_sample_3.cif,0.11258
/mnt/data/msadepth/compreps/seedrep_cand/protenix/8q7s_O/d35/seed4_r0/results/8q7s_o/seed_0/predictions/8q7s_o_sample_1.cif,8q7s_O,seed4_r0,8q7s_o_sample_1.cif,0.07644
/mnt/data/msadepth/compreps/seedrep_cand/protenix/8q7s_O/d35/seed4_r1/results/8q7s_o/seed_0/predictions/8q7s_o_sample_2.cif,8q7s_O,seed4_r1,8q7s_o_sample_2.cif,0.10142
/mnt/data/msadepth/compreps/seedrep_cand/protenix/8q7s_O/d35/seed4_r2/results/8q7s_o/seed_0/predictions/8q7s_o_sample_1.cif,8q7s_O,seed4_r2,8q7s_o_sample_1.cif,0.09769
/mnt/data/msadepth/compreps/seedrep_cand/protenix/8q7s_O/d35/seed4_r2/results/8q7s_o/seed_0/predictions/8q7s_o_sample_0.cif,8q7s_O,seed4_r2,8q7s_o_sample_0.cif,0.14266
/mnt/data/msadepth/compreps/seedrep_cand/protenix/8q7s_O/d35/seed4_r0/results/8q7s_o/seed_0/predictions/8q7s_o_sample_2.cif,8q7s_O,seed4_r0,8q7s_o_sample_2.cif,0.08479
/mnt/data/msadepth/compreps/seedrep_cand/protenix/8q7s_O/d35/seed4_r3/results/8q7s_o/seed_0/predictions/8q7s_o_sample_2.cif,8q7s_O,seed4_r3,8q7s_o_sample_2.cif,0.16309
/mnt/data/msadepth/compreps/seedrep_cand/protenix/8q7s_O/d35/seed4_r0/results/8q7s_o/seed_0/predictions/8q7s_o_sample_4.cif,8q7s_O,seed4_r0,8q7s_o_sample_4.cif,0.03341
/mnt/data/msadepth/compreps/seedrep_cand/protenix/8q7s_O/d35/seed4_r3/results/8q7s_o/seed_0/predictions/8q7s_o_sample_0.cif,8q7s_O,seed4_r3,8q7s_o_sample_0.cif,0.08544
/mnt/data/msadepth/compreps/seedrep_cand/protenix/8q7s_O/d35/seed4_r1/results/8q7s_o/seed_0/predictions/8q7s_o_sample_4.cif,8q7s_O,seed4_r1,8q7s_o_sample_4.cif,0.07322
/mnt/data/msadepth/compreps/seedrep_cand/protenix/8q7s_O/d35/seed5_r1/results/8q7s_o/seed_0/predictions/8q7s_o_sample_0.cif,8q7s_O,seed5_r1,8q7s_o_sample_0.cif,0.04266
/mnt/data/msadepth/compreps/seedrep_cand/protenix/8q7s_O/d35/seed5_r2/results/8q7s_o/seed_0/predictions/8q7s_o_sample_2.cif,8q7s_O,seed5_r2,8q7s_o_sample_2.cif,0.03012
/mnt/data/msadepth/compreps/seedrep_cand/protenix/8q7s_O/d35/seed5_r2/results/8q7s_o/seed_0/predictions/8q7s_o_sample_4.cif,8q7s_O,seed5_r2,8q7s_o_sample_4.cif,0.04013
/mnt/data/msadepth/compreps/seedrep_cand/protenix/8q7s_O/d35/seed5_r1/results/8q7s_o/seed_0/predictions/8q7s_o_sample_2.cif,8q7s_O,seed5_r1,8q7s_o_sample_2.cif,0.14663
/mnt/data/msadepth/compreps/seedrep_cand/protenix/8q7s_O/d35/seed5_r1/results/8q7s_o/seed_0/predictions/8q7s_o_sample_4.cif,8q7s_O,seed5_r1,8q7s_o_sample_4.cif,0.02754
/mnt/data/msadepth/compreps/seedrep_cand/protenix/8q7s_O/d35/seed5_r1/results/8q7s_o/seed_0/predictions/8q7s_o_sample_1.cif,8q7s_O,seed5_r1,8q7s_o_sample_1.cif,0.02741
/mnt/data/msadepth/compreps/seedrep_cand/protenix/8q7s_O/d35/seed5_r0/results/8q7s_o/seed_0/predictions/8q7s_o_sample_2.cif,8q7s_O,seed5_r0,8q7s_o_sample_2.cif,0.02338
/mnt/data/msadepth/compreps/seedrep_cand/protenix/8q7s_O/d35/seed5_r2/results/8q7s_o/seed_0/predictions/8q7s_o_sample_3.cif,8q7s_O,seed5_r2,8q7s_o_sample_3.cif,0.03338
/mnt/data/msadepth/compreps/seedrep_cand/protenix/8q7s_O/d35/seed5_r0/results/8q7s_o/seed_0/predictions/8q7s_o_sample_4.cif,8q7s_O,seed5_r0,8q7s_o_sample_4.cif,0.08644
/mnt/data/msadepth/compreps/seedrep_cand/protenix/8q7s_O/d35/seed5_r0/results/8q7s_o/seed_0/predictions/8q7s_o_sample_1.cif,8q7s_O,seed5_r0,8q7s_o_sample_1.cif,0.05481
/mnt/data/msadepth/compreps/seedrep_cand/protenix/8q7s_O/d35/seed5_r0/results/8q7s_o/seed_0/predictions/8q7s_o_sample_0.cif,8q7s_O,seed5_r0,8q7s_o_sample_0.cif,0.04189
/mnt/data/msadepth/compreps/seedrep_cand/protenix/8q7s_O/d35/seed5_r3/results/8q7s_o/seed_0/predictions/8q7s_o_sample_3.cif,8q7s_O,seed5_r3,8q7s_o_sample_3.cif,0.08508
/mnt/data/msadepth/compreps/seedrep_cand/protenix/8q7s_O/d35/seed5_r2/results/8q7s_o/seed_0/predictions/8q7s_o_sample_0.cif,8q7s_O,seed5_r2,8q7s_o_sample_0.cif,0.04342
/mnt/data/msadepth/compreps/seedrep_cand/protenix/8q7s_O/d35/seed5_r2/results/8q7s_o/seed_0/predictions/8q7s_o_sample_1.cif,8q7s_O,seed5_r2,8q7s_o_sample_1.cif,0.02342
/mnt/data/msadepth/compreps/seedrep_cand/protenix/8q7s_O/d35/seed5_r3/results/8q7s_o/seed_0/predictions/8q7s_o_sample_1.cif,8q7s_O,seed5_r3,8q7s_o_sample_1.cif,0.03111
/mnt/data/msadepth/compreps/seedrep_cand/protenix/8q7s_O/d35/seed5_r3/results/8q7s_o/seed_0/predictions/8q7s_o_sample_0.cif,8q7s_O,seed5_r3,8q7s_o_sample_0.cif,0.03091
/mnt/data/msadepth/compreps/seedrep_cand/protenix/8q7s_O/d35/seed5_r0/results/8q7s_o/seed_0/predictions/8q7s_o_sample_3.cif,8q7s_O,seed5_r0,8q7s_o_sample_3.cif,0.05193
/mnt/data/msadepth/compreps/seedrep_cand/protenix/8q7s_O/d35/seed5_r1/results/8q7s_o/seed_0/predictions/8q7s_o_sample_3.cif,8q7s_O,seed5_r1,8q7s_o_sample_3.cif,0.03529
/mnt/data/msadepth/compreps/seedrep_cand/protenix/8q7s_O/d35/seed5_r3/results/8q7s_o/seed_0/predictions/8q7s_o_sample_4.cif,8q7s_O,seed5_r3,8q7s_o_sample_4.cif,0.0555
/mnt/data/msadepth/compreps/seedrep_cand/protenix/8q7s_O/d35/seed5_r3/results/8q7s_o/seed_0/predictions/8q7s_o_sample_2.cif,8q7s_O,seed5_r3,8q7s_o_sample_2.cif,0.1045
/mnt/data/msadepth/compreps/seedrep_cand/protenix/8q7s_O/d35/seedfull_r1/results/8q7s_o/seed_0/predictions/8q7s_o_sample_3.cif,8q7s_O,seedfull_r1,8q7s_o_sample_3.cif,0.11874
/mnt/data/msadepth/compreps/seedrep_cand/protenix/8q7s_O/d35/seedfull_r2/results/8q7s_o/seed_0/predictions/8q7s_o_sample_1.cif,8q7s_O,seedfull_r2,8q7s_o_sample_1.cif,0.11893
/mnt/data/msadepth/compreps/seedrep_cand/protenix/8q7s_O/d35/seedfull_r3/results/8q7s_o/seed_0/predictions/8q7s_o_sample_2.cif,8q7s_O,seedfull_r3,8q7s_o_sample_2.cif,0.06556
/mnt/data/msadepth/compreps/seedrep_cand/protenix/8q7s_O/d35/seedfull_r2/results/8q7s_o/seed_0/predictions/8q7s_o_sample_3.cif,8q7s_O,seedfull_r2,8q7s_o_sample_3.cif,0.08662
/mnt/data/msadepth/compreps/seedrep_cand/protenix/8q7s_O/d35/seedfull_r1/results/8q7s_o/seed_0/predictions/8q7s_o_sample_0.cif,8q7s_O,seedfull_r1,8q7s_o_sample_0.cif,0.1922
/mnt/data/msadepth/compreps/seedrep_cand/protenix/8q7s_O/d35/seedfull_r0/results/8q7s_o/seed_0/predictions/8q7s_o_sample_4.cif,8q7s_O,seedfull_r0,8q7s_o_sample_4.cif,0.0966
/mnt/data/msadepth/compreps/seedrep_cand/protenix/8q7s_O/d35/seedfull_r3/results/8q7s_o/seed_0/predictions/8q7s_o_sample_1.cif,8q7s_O,seedfull_r3,8q7s_o_sample_1.cif,0.07023
/mnt/data/msadepth/compreps/seedrep_cand/protenix/8q7s_O/d35/seedfull_r2/results/8q7s_o/seed_0/predictions/8q7s_o_sample_4.cif,8q7s_O,seedfull_r2,8q7s_o_sample_4.cif,0.08277
/mnt/data/msadepth/compreps/seedrep_cand/protenix/8q7s_O/d35/seedfull_r1/results/8q7s_o/seed_0/predictions/8q7s_o_sample_4.cif,8q7s_O,seedfull_r1,8q7s_o_sample_4.cif,0.02665
/mnt/data/msadepth/compreps/seedrep_cand/protenix/8q7s_O/d35/seedfull_r1/results/8q7s_o/seed_0/predictions/8q7s_o_sample_1.cif,8q7s_O,seedfull_r1,8q7s_o_sample_1.cif,0.08516
/mnt/data/msadepth/compreps/seedrep_cand/protenix/8q7s_O/d35/seedfull_r3/results/8q7s_o/seed_0/predictions/8q7s_o_sample_3.cif,8q7s_O,seedfull_r3,8q7s_o_sample_3.cif,0.0828
/mnt/data/msadepth/compreps/seedrep_cand/protenix/8q7s_O/d35/seedfull_r2/results/8q7s_o/seed_0/predictions/8q7s_o_sample_2.cif,8q7s_O,seedfull_r2,8q7s_o_sample_2.cif,0.21083
/mnt/data/msadepth/compreps/seedrep_cand/protenix/8q7s_O/d35/seedfull_r2/results/8q7s_o/seed_0/predictions/8q7s_o_sample_0.cif,8q7s_O,seedfull_r2,8q7s_o_sample_0.cif,0.05756
/mnt/data/msadepth/compreps/seedrep_cand/protenix/8q7s_O/d35/seedfull_r3/results/8q7s_o/seed_0/predictions/8q7s_o_sample_4.cif,8q7s_O,seedfull_r3,8q7s_o_sample_4.cif,0.12859
/mnt/data/msadepth/compreps/seedrep_cand/protenix/8q7s_O/d35/seedfull_r3/results/8q7s_o/seed_0/predictions/8q7s_o_sample_0.cif,8q7s_O,seedfull_r3,8q7s_o_sample_0.cif,0.04583
/mnt/data/msadepth/compreps/seedrep_cand/protenix/8q7s_O/d35/seedfull_r1/results/8q7s_o/seed_0/predictions/8q7s_o_sample_2.cif,8q7s_O,seedfull_r1,8q7s_o_sample_2.cif,0.04215
/mnt/data/msadepth/compreps/seedrep_cand/protenix/8q7s_O/d35/seedfull_r0/results/8q7s_o/seed_0/predictions/8q7s_o_sample_2.cif,8q7s_O,seedfull_r0,8q7s_o_sample_2.cif,0.05603
/mnt/data/msadepth/compreps/seedrep_cand/protenix/8q7s_O/d35/seedfull_r0/results/8q7s_o/seed_0/predictions/8q7s_o_sample_1.cif,8q7s_O,seedfull_r0,8q7s_o_sample_1.cif,0.08614
/mnt/data/msadepth/compreps/seedrep_cand/protenix/8q7s_O/d35/seedfull_r0/results/8q7s_o/seed_0/predictions/8q7s_o_sample_0.cif,8q7s_O,seedfull_r0,8q7s_o_sample_0.cif,0.12354
/mnt/data/msadepth/compreps/seedrep_cand/protenix/8q7s_O/d35/seedfull_r0/results/8q7s_o/seed_0/predictions/8q7s_o_sample_3.cif,8q7s_O,seedfull_r0,8q7s_o_sample_3.cif,0.21401
/mnt/data/msadepth/compreps/seedrep_cand/protenix/8q7s_O/d35/seedfull_r6/results/8q7s_o/seed_0/predictions/8q7s_o_sample_2.cif,8q7s_O,seedfull_r6,8q7s_o_sample_2.cif,0.08932
/mnt/data/msadepth/compreps/seedrep_cand/protenix/8q7s_O/d35/seedfull_r4/results/8q7s_o/seed_0/predictions/8q7s_o_sample_0.cif,8q7s_O,seedfull_r4,8q7s_o_sample_0.cif,0.07071
/mnt/data/msadepth/compreps/seedrep_cand/protenix/8q7s_O/d35/seedfull_r5/results/8q7s_o/seed_0/predictions/8q7s_o_sample_2.cif,8q7s_O,seedfull_r5,8q7s_o_sample_2.cif,0.03669
/mnt/data/msadepth/compreps/seedrep_cand/protenix/8q7s_O/d35/seedfull_r4/results/8q7s_o/seed_0/predictions/8q7s_o_sample_2.cif,8q7s_O,seedfull_r4,8q7s_o_sample_2.cif,0.0549
/mnt/data/msadepth/compreps/seedrep_cand/protenix/8q7s_O/d35/seedfull_r6/results/8q7s_o/seed_0/predictions/8q7s_o_sample_4.cif,8q7s_O,seedfull_r6,8q7s_o_sample_4.cif,0.10307
/mnt/data/msadepth/compreps/seedrep_cand/protenix/8q7s_O/d35/seedfull_r7/results/8q7s_o/seed_0/predictions/8q7s_o_sample_4.cif,8q7s_O,seedfull_r7,8q7s_o_sample_4.cif,0.03201
/mnt/data/msadepth/compreps/seedrep_cand/protenix/8q7s_O/d35/seedfull_r5/results/8q7s_o/seed_0/predictions/8q7s_o_sample_0.cif,8q7s_O,seedfull_r5,8q7s_o_sample_0.cif,0.12731
/mnt/data/msadepth/compreps/seedrep_cand/protenix/8q7s_O/d35/seedfull_r5/results/8q7s_o/seed_0/predictions/8q7s_o_sample_1.cif,8q7s_O,seedfull_r5,8q7s_o_sample_1.cif,0.1666
/mnt/data/msadepth/compreps/seedrep_cand/protenix/8q7s_O/d35/seedfull_r4/results/8q7s_o/seed_0/predictions/8q7s_o_sample_3.cif,8q7s_O,seedfull_r4,8q7s_o_sample_3.cif,0.08196
/mnt/data/msadepth/compreps/seedrep_cand/protenix/8q7s_O/d35/seedfull_r5/results/8q7s_o/seed_0/predictions/8q7s_o_sample_3.cif,8q7s_O,seedfull_r5,8q7s_o_sample_3.cif,0.14618
/mnt/data/msadepth/compreps/seedrep_cand/protenix/8q7s_O/d35/seedfull_r7/results/8q7s_o/seed_0/predictions/8q7s_o_sample_0.cif,8q7s_O,seedfull_r7,8q7s_o_sample_0.cif,0.15731
/mnt/data/msadepth/compreps/seedrep_cand/protenix/8q7s_O/d35/seedfull_r6/results/8q7s_o/seed_0/predictions/8q7s_o_sample_1.cif,8q7s_O,seedfull_r6,8q7s_o_sample_1.cif,0.09964
/mnt/data/msadepth/compreps/seedrep_cand/protenix/8q7s_O/d35/seedfull_r4/results/8q7s_o/seed_0/predictions/8q7s_o_sample_1.cif,8q7s_O,seedfull_r4,8q7s_o_sample_1.cif,0.03992
/mnt/data/msadepth/compreps/seedrep_cand/protenix/8q7s_O/d35/seedfull_r5/results/8q7s_o/seed_0/predictions/8q7s_o_sample_4.cif,8q7s_O,seedfull_r5,8q7s_o_sample_4.cif,0.23875
/mnt/data/msadepth/compreps/seedrep_cand/protenix/8q7s_O/d35/seedfull_r7/results/8q7s_o/seed_0/predictions/8q7s_o_sample_1.cif,8q7s_O,seedfull_r7,8q7s_o_sample_1.cif,0.06025
/mnt/data/msadepth/compreps/seedrep_cand/protenix/8q7s_O/d35/seedfull_r4/results/8q7s_o/seed_0/predictions/8q7s_o_sample_4.cif,8q7s_O,seedfull_r4,8q7s_o_sample_4.cif,0.0562
/mnt/data/msadepth/compreps/seedrep_cand/protenix/8q7s_O/d35/seedfull_r7/results/8q7s_o/seed_0/predictions/8q7s_o_sample_3.cif,8q7s_O,seedfull_r7,8q7s_o_sample_3.cif,0.07304
/mnt/data/msadepth/compreps/seedrep_cand/protenix/8q7s_O/d35/seedfull_r6/results/8q7s_o/seed_0/predictions/8q7s_o_sample_0.cif,8q7s_O,seedfull_r6,8q7s_o_sample_0.cif,0.11836
/mnt/data/msadepth/compreps/seedrep_cand/protenix/8q7s_O/d35/seedfull_r6/results/8q7s_o/seed_0/predictions/8q7s_o_sample_3.cif,8q7s_O,seedfull_r6,8q7s_o_sample_3.cif,0.03456
/mnt/data/msadepth/compreps/seedrep_cand/protenix/8q7s_O/d35/seedfull_r7/results/8q7s_o/seed_0/predictions/8q7s_o_sample_2.cif,8q7s_O,seedfull_r7,8q7s_o_sample_2.cif,0.07306
/mnt/data/msadepth/compreps/seedrep_cand/protenix/8siq_HL/d670/seed0_r1/results/8siq_hl/seed_0/predictions/8siq_hl_sample_1.cif,8siq_HL,seed0_r1,8siq_hl_sample_1.cif,0.18055
/mnt/data/msadepth/compreps/seedrep_cand/protenix/8siq_HL/d670/seed0_r1/results/8siq_hl/seed_0/predictions/8siq_hl_sample_4.cif,8siq_HL,seed0_r1,8siq_hl_sample_4.cif,0.29676
/mnt/data/msadepth/compreps/seedrep_cand/protenix/8siq_HL/d670/seed0_r2/results/8siq_hl/seed_0/predictions/8siq_hl_sample_2.cif,8siq_HL,seed0_r2,8siq_hl_sample_2.cif,0.23681
/mnt/data/msadepth/compreps/seedrep_cand/protenix/8siq_HL/d670/seed0_r2/results/8siq_hl/seed_0/predictions/8siq_hl_sample_1.cif,8siq_HL,seed0_r2,8siq_hl_sample_1.cif,0.12737
/mnt/data/msadepth/compreps/seedrep_cand/protenix/8siq_HL/d670/seed0_r0/results/8siq_hl/seed_0/predictions/8siq_hl_sample_2.cif,8siq_HL,seed0_r0,8siq_hl_sample_2.cif,0.19524
/mnt/data/msadepth/compreps/seedrep_cand/protenix/8siq_HL/d670/seed0_r1/results/8siq_hl/seed_0/predictions/8siq_hl_sample_3.cif,8siq_HL,seed0_r1,8siq_hl_sample_3.cif,0.07246
/mnt/data/msadepth/compreps/seedrep_cand/protenix/8siq_HL/d670/seed0_r1/results/8siq_hl/seed_0/predictions/8siq_hl_sample_2.cif,8siq_HL,seed0_r1,8siq_hl_sample_2.cif,0.12658
/mnt/data/msadepth/compreps/seedrep_cand/protenix/8siq_HL/d670/seed0_r2/results/8siq_hl/seed_0/predictions/8siq_hl_sample_0.cif,8siq_HL,seed0_r2,8siq_hl_sample_0.cif,0.30441
/mnt/data/msadepth/compreps/seedrep_cand/protenix/8siq_HL/d670/seed0_r0/results/8siq_hl/seed_0/predictions/8siq_hl_sample_4.cif,8siq_HL,seed0_r0,8siq_hl_sample_4.cif,0.12797
/mnt/data/msadepth/compreps/seedrep_cand/protenix/8siq_HL/d670/seed0_r2/results/8siq_hl/seed_0/predictions/8siq_hl_sample_4.cif,8siq_HL,seed0_r2,8siq_hl_sample_4.cif,0.1605
/mnt/data/msadepth/compreps/seedrep_cand/protenix/8siq_HL/d670/seed0_r0/results/8siq_hl/seed_0/predictions/8siq_hl_sample_0.cif,8siq_HL,seed0_r0,8siq_hl_sample_0.cif,0.29866
/mnt/data/msadepth/compreps/seedrep_cand/protenix/8siq_HL/d670/seed0_r3/results/8siq_hl/seed_0/predictions/8siq_hl_sample_2.cif,8siq_HL,seed0_r3,8siq_hl_sample_2.cif,0.02668
/mnt/data/msadepth/compreps/seedrep_cand/protenix/8siq_HL/d670/seed0_r0/results/8siq_hl/seed_0/predictions/8siq_hl_sample_1.cif,8siq_HL,seed0_r0,8siq_hl_sample_1.cif,0.27674
/mnt/data/msadepth/compreps/seedrep_cand/protenix/8siq_HL/d670/seed0_r3/results/8siq_hl/seed_0/predictions/8siq_hl_sample_0.cif,8siq_HL,seed0_r3,8siq_hl_sample_0.cif,0.02643
/mnt/data/msadepth/compreps/seedrep_cand/protenix/8siq_HL/d670/seed0_r3/results/8siq_hl/seed_0/predictions/8siq_hl_sample_3.cif,8siq_HL,seed0_r3,8siq_hl_sample_3.cif,0.05124
/mnt/data/msadepth/compreps/seedrep_cand/protenix/8siq_HL/d670/seed0_r3/results/8siq_hl/seed_0/predictions/8siq_hl_sample_4.cif,8siq_HL,seed0_r3,8siq_hl_sample_4.cif,0.02899
/mnt/data/msadepth/compreps/seedrep_cand/protenix/8siq_HL/d670/seed0_r0/results/8siq_hl/seed_0/predictions/8siq_hl_sample_3.cif,8siq_HL,seed0_r0,8siq_hl_sample_3.cif,0.20818
/mnt/data/msadepth/compreps/seedrep_cand/protenix/8siq_HL/d670/seed0_r3/results/8siq_hl/seed_0/predictions/8siq_hl_sample_1.cif,8siq_HL,seed0_r3,8siq_hl_sample_1.cif,0.04487
/mnt/data/msadepth/compreps/seedrep_cand/protenix/8siq_HL/d670/seed0_r2/results/8siq_hl/seed_0/predictions/8siq_hl_sample_3.cif,8siq_HL,seed0_r2,8siq_hl_sample_3.cif,0.10478
/mnt/data/msadepth/compreps/seedrep_cand/protenix/8siq_HL/d670/seed0_r1/results/8siq_hl/seed_0/predictions/8siq_hl_sample_0.cif,8siq_HL,seed0_r1,8siq_hl_sample_0.cif,0.22252
/mnt/data/msadepth/compreps/seedrep_cand/protenix/8siq_HL/d670/seed1_r1/results/8siq_hl/seed_0/predictions/8siq_hl_sample_4.cif,8siq_HL,seed1_r1,8siq_hl_sample_4.cif,0.23492
/mnt/data/msadepth/compreps/seedrep_cand/protenix/8siq_HL/d670/seed1_r3/results/8siq_hl/seed_0/predictions/8siq_hl_sample_2.cif,8siq_HL,seed1_r3,8siq_hl_sample_2.cif,0.06996
/mnt/data/msadepth/compreps/seedrep_cand/protenix/8siq_HL/d670/seed1_r3/results/8siq_hl/seed_0/predictions/8siq_hl_sample_4.cif,8siq_HL,seed1_r3,8siq_hl_sample_4.cif,0.09262
/mnt/data/msadepth/compreps/seedrep_cand/protenix/8siq_HL/d670/seed1_r3/results/8siq_hl/seed_0/predictions/8siq_hl_sample_0.cif,8siq_HL,seed1_r3,8siq_hl_sample_0.cif,0.06281
/mnt/data/msadepth/compreps/seedrep_cand/protenix/8siq_HL/d670/seed1_r0/results/8siq_hl/seed_0/predictions/8siq_hl_sample_2.cif,8siq_HL,seed1_r0,8siq_hl_sample_2.cif,0.07704
/mnt/data/msadepth/compreps/seedrep_cand/protenix/8siq_HL/d670/seed1_r3/results/8siq_hl/seed_0/predictions/8siq_hl_sample_3.cif,8siq_HL,seed1_r3,8siq_hl_sample_3.cif,0.11672
/mnt/data/msadepth/compreps/seedrep_cand/protenix/8siq_HL/d670/seed1_r1/results/8siq_hl/seed_0/predictions/8siq_hl_sample_2.cif,8siq_HL,seed1_r1,8siq_hl_sample_2.cif,0.16128
/mnt/data/msadepth/compreps/seedrep_cand/protenix/8siq_HL/d670/seed1_r2/results/8siq_hl/seed_0/predictions/8siq_hl_sample_4.cif,8siq_HL,seed1_r2,8siq_hl_sample_4.cif,0.13163
/mnt/data/msadepth/compreps/seedrep_cand/protenix/8siq_HL/d670/seed1_r0/results/8siq_hl/seed_0/predictions/8siq_hl_sample_1.cif,8siq_HL,seed1_r0,8siq_hl_sample_1.cif,0.10236
/mnt/data/msadepth/compreps/seedrep_cand/protenix/8siq_HL/d670/seed1_r3/results/8siq_hl/seed_0/predictions/8siq_hl_sample_1.cif,8siq_HL,seed1_r3,8siq_hl_sample_1.cif,0.18214
/mnt/data/msadepth/compreps/seedrep_cand/protenix/8siq_HL/d670/seed1_r2/results/8siq_hl/seed_0/predictions/8siq_hl_sample_3.cif,8siq_HL,seed1_r2,8siq_hl_sample_3.cif,0.1459
/mnt/data/msadepth/compreps/seedrep_cand/protenix/8siq_HL/d670/seed1_r2/results/8siq_hl/seed_0/predictions/8siq_hl_sample_2.cif,8siq_HL,seed1_r2,8siq_hl_sample_2.cif,0.03639
/mnt/data/msadepth/compreps/seedrep_cand/protenix/8siq_HL/d670/seed1_r1/results/8siq_hl/seed_0/predictions/8siq_hl_sample_1.cif,8siq_HL,seed1_r1,8siq_hl_sample_1.cif,0.18641
/mnt/data/msadepth/compreps/seedrep_cand/protenix/8siq_HL/d670/seed1_r0/results/8siq_hl/seed_0/predictions/8siq_hl_sample_4.cif,8siq_HL,seed1_r0,8siq_hl_sample_4.cif,0.32594
/mnt/data/msadepth/compreps/seedrep_cand/protenix/8siq_HL/d670/seed1_r2/results/8siq_hl/seed_0/predictions/8siq_hl_sample_0.cif,8siq_HL,seed1_r2,8siq_hl_sample_0.cif,0.12751
/mnt/data/msadepth/compreps/seedrep_cand/protenix/8siq_HL/d670/seed1_r1/results/8siq_hl/seed_0/predictions/8siq_hl_sample_3.cif,8siq_HL,seed1_r1,8siq_hl_sample_3.cif,0.16417
/mnt/data/msadepth/compreps/seedrep_cand/protenix/8siq_HL/d670/seed1_r0/results/8siq_hl/seed_0/predictions/8siq_hl_sample_3.cif,8siq_HL,seed1_r0,8siq_hl_sample_3.cif,0.2218
/mnt/data/msadepth/compreps/seedrep_cand/protenix/8siq_HL/d670/seed1_r2/results/8siq_hl/seed_0/predictions/8siq_hl_sample_1.cif,8siq_HL,seed1_r2,8siq_hl_sample_1.cif,0.09805
/mnt/data/msadepth/compreps/seedrep_cand/protenix/8siq_HL/d670/seed1_r1/results/8siq_hl/seed_0/predictions/8siq_hl_sample_0.cif,8siq_HL,seed1_r1,8siq_hl_sample_0.cif,0.27802
/mnt/data/msadepth/compreps/seedrep_cand/protenix/8siq_HL/d670/seed1_r0/results/8siq_hl/seed_0/predictions/8siq_hl_sample_0.cif,8siq_HL,seed1_r0,8siq_hl_sample_0.cif,0.17324
/mnt/data/msadepth/compreps/seedrep_cand/protenix/8siq_HL/d670/seed2_r2/results/8siq_hl/seed_0/predictions/8siq_hl_sample_2.cif,8siq_HL,seed2_r2,8siq_hl_sample_2.cif,0.07927
/mnt/data/msadepth/compreps/seedrep_cand/protenix/8siq_HL/d670/seed2_r0/results/8siq_hl/seed_0/predictions/8siq_hl_sample_1.cif,8siq_HL,seed2_r0,8siq_hl_sample_1.cif,0.0844
/mnt/data/msadepth/compreps/seedrep_cand/protenix/8siq_HL/d670/seed2_r1/results/8siq_hl/seed_0/predictions/8siq_hl_sample_1.cif,8siq_HL,seed2_r1,8siq_hl_sample_1.cif,0.08221
/mnt/data/msadepth/compreps/seedrep_cand/protenix/8siq_HL/d670/seed2_r1/results/8siq_hl/seed_0/predictions/8siq_hl_sample_4.cif,8siq_HL,seed2_r1,8siq_hl_sample_4.cif,0.26686
/mnt/data/msadepth/compreps/seedrep_cand/protenix/8siq_HL/d670/seed2_r2/results/8siq_hl/seed_0/predictions/8siq_hl_sample_3.cif,8siq_HL,seed2_r2,8siq_hl_sample_3.cif,0.10424
/mnt/data/msadepth/compreps/seedrep_cand/protenix/8siq_HL/d670/seed2_r0/results/8siq_hl/seed_0/predictions/8siq_hl_sample_2.cif,8siq_HL,seed2_r0,8siq_hl_sample_2.cif,0.04277
/mnt/data/msadepth/compreps/seedrep_cand/protenix/8siq_HL/d670/seed2_r3/results/8siq_hl/seed_0/predictions/8siq_hl_sample_2.cif,8siq_HL,seed2_r3,8siq_hl_sample_2.cif,0.07766
/mnt/data/msadepth/compreps/seedrep_cand/protenix/8siq_HL/d670/seed2_r3/results/8siq_hl/seed_0/predictions/8siq_hl_sample_1.cif,8siq_HL,seed2_r3,8siq_hl_sample_1.cif,0.0643
/mnt/data/msadepth/compreps/seedrep_cand/protenix/8siq_HL/d670/seed2_r3/results/8siq_hl/seed_0/predictions/8siq_hl_sample_3.cif,8siq_HL,seed2_r3,8siq_hl_sample_3.cif,0.04485
/mnt/data/msadepth/compreps/seedrep_cand/protenix/8siq_HL/d670/seed2_r1/results/8siq_hl/seed_0/predictions/8siq_hl_sample_2.cif,8siq_HL,seed2_r1,8siq_hl_sample_2.cif,0.05138
/mnt/data/msadepth/compreps/seedrep_cand/protenix/8siq_HL/d670/seed2_r2/results/8siq_hl/seed_0/predictions/8siq_hl_sample_1.cif,8siq_HL,seed2_r2,8siq_hl_sample_1.cif,0.13985
/mnt/data/msadepth/compreps/seedrep_cand/protenix/8siq_HL/d670/seed2_r2/results/8siq_hl/seed_0/predictions/8siq_hl_sample_0.cif,8siq_HL,seed2_r2,8siq_hl_sample_0.cif,0.12273
/mnt/data/msadepth/compreps/seedrep_cand/protenix/8siq_HL/d670/seed2_r1/results/8siq_hl/seed_0/predictions/8siq_hl_sample_0.cif,8siq_HL,seed2_r1,8siq_hl_sample_0.cif,0.09167
/mnt/data/msadepth/compreps/seedrep_cand/protenix/8siq_HL/d670/seed2_r3/results/8siq_hl/seed_0/predictions/8siq_hl_sample_0.cif,8siq_HL,seed2_r3,8siq_hl_sample_0.cif,0.22844
/mnt/data/msadepth/compreps/seedrep_cand/protenix/8siq_HL/d670/seed2_r0/results/8siq_hl/seed_0/predictions/8siq_hl_sample_3.cif,8siq_HL,seed2_r0,8siq_hl_sample_3.cif,0.07389
/mnt/data/msadepth/compreps/seedrep_cand/protenix/8siq_HL/d670/seed2_r3/results/8siq_hl/seed_0/predictions/8siq_hl_sample_4.cif,8siq_HL,seed2_r3,8siq_hl_sample_4.cif,0.07919
/mnt/data/msadepth/compreps/seedrep_cand/protenix/8siq_HL/d670/seed2_r0/results/8siq_hl/seed_0/predictions/8siq_hl_sample_0.cif,8siq_HL,seed2_r0,8siq_hl_sample_0.cif,0.16813
/mnt/data/msadepth/compreps/seedrep_cand/protenix/8siq_HL/d670/seed2_r1/results/8siq_hl/seed_0/predictions/8siq_hl_sample_3.cif,8siq_HL,seed2_r1,8siq_hl_sample_3.cif,0.05595
/mnt/data/msadepth/compreps/seedrep_cand/protenix/8siq_HL/d670/seed2_r2/results/8siq_hl/seed_0/predictions/8siq_hl_sample_4.cif,8siq_HL,seed2_r2,8siq_hl_sample_4.cif,0.25723
/mnt/data/msadepth/compreps/seedrep_cand/protenix/8siq_HL/d670/seed2_r0/results/8siq_hl/seed_0/predictions/8siq_hl_sample_4.cif,8siq_HL,seed2_r0,8siq_hl_sample_4.cif,0.05913
/mnt/data/msadepth/compreps/seedrep_cand/protenix/8siq_HL/d670/seed3_r1/results/8siq_hl/seed_0/predictions/8siq_hl_sample_4.cif,8siq_HL,seed3_r1,8siq_hl_sample_4.cif,0.02731
/mnt/data/msadepth/compreps/seedrep_cand/protenix/8siq_HL/d670/seed3_r3/results/8siq_hl/seed_0/predictions/8siq_hl_sample_4.cif,8siq_HL,seed3_r3,8siq_hl_sample_4.cif,0.1235
/mnt/data/msadepth/compreps/seedrep_cand/protenix/8siq_HL/d670/seed3_r0/results/8siq_hl/seed_0/predictions/8siq_hl_sample_0.cif,8siq_HL,seed3_r0,8siq_hl_sample_0.cif,0.05331
/mnt/data/msadepth/compreps/seedrep_cand/protenix/8siq_HL/d670/seed3_r3/results/8siq_hl/seed_0/predictions/8siq_hl_sample_2.cif,8siq_HL,seed3_r3,8siq_hl_sample_2.cif,0.03628
/mnt/data/msadepth/compreps/seedrep_cand/protenix/8siq_HL/d670/seed3_r2/results/8siq_hl/seed_0/predictions/8siq_hl_sample_3.cif,8siq_HL,seed3_r2,8siq_hl_sample_3.cif,0.06193
/mnt/data/msadepth/compreps/seedrep_cand/protenix/8siq_HL/d670/seed3_r2/results/8siq_hl/seed_0/predictions/8siq_hl_sample_4.cif,8siq_HL,seed3_r2,8siq_hl_sample_4.cif,0.02287
/mnt/data/msadepth/compreps/seedrep_cand/protenix/8siq_HL/d670/seed3_r0/results/8siq_hl/seed_0/predictions/8siq_hl_sample_3.cif,8siq_HL,seed3_r0,8siq_hl_sample_3.cif,0.14965
/mnt/data/msadepth/compreps/seedrep_cand/protenix/8siq_HL/d670/seed3_r2/results/8siq_hl/seed_0/predictions/8siq_hl_sample_0.cif,8siq_HL,seed3_r2,8siq_hl_sample_0.cif,0.12864
/mnt/data/msadepth/compreps/seedrep_cand/protenix/8siq_HL/d670/seed3_r1/results/8siq_hl/seed_0/predictions/8siq_hl_sample_3.cif,8siq_HL,seed3_r1,8siq_hl_sample_3.cif,0.02775
/mnt/data/msadepth/compreps/seedrep_cand/protenix/8siq_HL/d670/seed3_r0/results/8siq_hl/seed_0/predictions/8siq_hl_sample_1.cif,8siq_HL,seed3_r0,8siq_hl_sample_1.cif,0.0226
/mnt/data/msadepth/compreps/seedrep_cand/protenix/8siq_HL/d670/seed3_r2/results/8siq_hl/seed_0/predictions/8siq_hl_sample_2.cif,8siq_HL,seed3_r2,8siq_hl_sample_2.cif,0.03937
/mnt/data/msadepth/compreps/seedrep_cand/protenix/8siq_HL/d670/seed3_r0/results/8siq_hl/seed_0/predictions/8siq_hl_sample_4.cif,8siq_HL,seed3_r0,8siq_hl_sample_4.cif,0.0441
/mnt/data/msadepth/compreps/seedrep_cand/protenix/8siq_HL/d670/seed3_r3/results/8siq_hl/seed_0/predictions/8siq_hl_sample_3.cif,8siq_HL,seed3_r3,8siq_hl_sample_3.cif,0.02735
/mnt/data/msadepth/compreps/seedrep_cand/protenix/8siq_HL/d670/seed3_r1/results/8siq_hl/seed_0/predictions/8siq_hl_sample_2.cif,8siq_HL,seed3_r1,8siq_hl_sample_2.cif,0.02508
/mnt/data/msadepth/compreps/seedrep_cand/protenix/8siq_HL/d670/seed3_r3/results/8siq_hl/seed_0/predictions/8siq_hl_sample_1.cif,8siq_HL,seed3_r3,8siq_hl_sample_1.cif,0.02334
/mnt/data/msadepth/compreps/seedrep_cand/protenix/8siq_HL/d670/seed3_r2/results/8siq_hl/seed_0/predictions/8siq_hl_sample_1.cif,8siq_HL,seed3_r2,8siq_hl_sample_1.cif,0.06844
/mnt/data/msadepth/compreps/seedrep_cand/protenix/8siq_HL/d670/seed3_r1/results/8siq_hl/seed_0/predictions/8siq_hl_sample_1.cif,8siq_HL,seed3_r1,8siq_hl_sample_1.cif,0.10007
/mnt/data/msadepth/compreps/seedrep_cand/protenix/8siq_HL/d670/seed3_r0/results/8siq_hl/seed_0/predictions/8siq_hl_sample_2.cif,8siq_HL,seed3_r0,8siq_hl_sample_2.cif,0.21902
/mnt/data/msadepth/compreps/seedrep_cand/protenix/8siq_HL/d670/seed3_r3/results/8siq_hl/seed_0/predictions/8siq_hl_sample_0.cif,8siq_HL,seed3_r3,8siq_hl_sample_0.cif,0.02894
/mnt/data/msadepth/compreps/seedrep_cand/protenix/8siq_HL/d670/seed3_r1/results/8siq_hl/seed_0/predictions/8siq_hl_sample_0.cif,8siq_HL,seed3_r1,8siq_hl_sample_0.cif,0.02491
/mnt/data/msadepth/compreps/seedrep_cand/protenix/8siq_HL/d670/seed4_r2/results/8siq_hl/seed_0/predictions/8siq_hl_sample_4.cif,8siq_HL,seed4_r2,8siq_hl_sample_4.cif,0.10825
/mnt/data/msadepth/compreps/seedrep_cand/protenix/8siq_HL/d670/seed4_r3/results/8siq_hl/seed_0/predictions/8siq_hl_sample_1.cif,8siq_HL,seed4_r3,8siq_hl_sample_1.cif,0.13347
/mnt/data/msadepth/compreps/seedrep_cand/protenix/8siq_HL/d670/seed4_r2/results/8siq_hl/seed_0/predictions/8siq_hl_sample_2.cif,8siq_HL,seed4_r2,8siq_hl_sample_2.cif,0.30184
/mnt/data/msadepth/compreps/seedrep_cand/protenix/8siq_HL/d670/seed4_r1/results/8siq_hl/seed_0/predictions/8siq_hl_sample_0.cif,8siq_HL,seed4_r1,8siq_hl_sample_0.cif,0.05122
/mnt/data/msadepth/compreps/seedrep_cand/protenix/8siq_HL/d670/seed4_r0/results/8siq_hl/seed_0/predictions/8siq_hl_sample_0.cif,8siq_HL,seed4_r0,8siq_hl_sample_0.cif,0.16007
/mnt/data/msadepth/compreps/seedrep_cand/protenix/8siq_HL/d670/seed4_r1/results/8siq_hl/seed_0/predictions/8siq_hl_sample_1.cif,8siq_HL,seed4_r1,8siq_hl_sample_1.cif,0.15771
/mnt/data/msadepth/compreps/seedrep_cand/protenix/8siq_HL/d670/seed4_r3/results/8siq_hl/seed_0/predictions/8siq_hl_sample_3.cif,8siq_HL,seed4_r3,8siq_hl_sample_3.cif,0.04102
/mnt/data/msadepth/compreps/seedrep_cand/protenix/8siq_HL/d670/seed4_r1/results/8siq_hl/seed_0/predictions/8siq_hl_sample_3.cif,8siq_HL,seed4_r1,8siq_hl_sample_3.cif,0.09471
/mnt/data/msadepth/compreps/seedrep_cand/protenix/8siq_HL/d670/seed4_r3/results/8siq_hl/seed_0/predictions/8siq_hl_sample_4.cif,8siq_HL,seed4_r3,8siq_hl_sample_4.cif,0.15443
/mnt/data/msadepth/compreps/seedrep_cand/protenix/8siq_HL/d670/seed4_r0/results/8siq_hl/seed_0/predictions/8siq_hl_sample_3.cif,8siq_HL,seed4_r0,8siq_hl_sample_3.cif,0.0661
/mnt/data/msadepth/compreps/seedrep_cand/protenix/8siq_HL/d670/seed4_r2/results/8siq_hl/seed_0/predictions/8siq_hl_sample_3.cif,8siq_HL,seed4_r2,8siq_hl_sample_3.cif,0.24701
/mnt/data/msadepth/compreps/seedrep_cand/protenix/8siq_HL/d670/seed4_r0/results/8siq_hl/seed_0/predictions/8siq_hl_sample_1.cif,8siq_HL,seed4_r0,8siq_hl_sample_1.cif,0.17275
/mnt/data/msadepth/compreps/seedrep_cand/protenix/8siq_HL/d670/seed4_r1/results/8siq_hl/seed_0/predictions/8siq_hl_sample_2.cif,8siq_HL,seed4_r1,8siq_hl_sample_2.cif,0.225
/mnt/data/msadepth/compreps/seedrep_cand/protenix/8siq_HL/d670/seed4_r2/results/8siq_hl/seed_0/predictions/8siq_hl_sample_1.cif,8siq_HL,seed4_r2,8siq_hl_sample_1.cif,0.22574
/mnt/data/msadepth/compreps/seedrep_cand/protenix/8siq_HL/d670/seed4_r2/results/8siq_hl/seed_0/predictions/8siq_hl_sample_0.cif,8siq_HL,seed4_r2,8siq_hl_sample_0.cif,0.12651
/mnt/data/msadepth/compreps/seedrep_cand/protenix/8siq_HL/d670/seed4_r0/results/8siq_hl/seed_0/predictions/8siq_hl_sample_2.cif,8siq_HL,seed4_r0,8siq_hl_sample_2.cif,0.17924
/mnt/data/msadepth/compreps/seedrep_cand/protenix/8siq_HL/d670/seed4_r3/results/8siq_hl/seed_0/predictions/8siq_hl_sample_2.cif,8siq_HL,seed4_r3,8siq_hl_sample_2.cif,0.24871
/mnt/data/msadepth/compreps/seedrep_cand/protenix/8siq_HL/d670/seed4_r0/results/8siq_hl/seed_0/predictions/8siq_hl_sample_4.cif,8siq_HL,seed4_r0,8siq_hl_sample_4.cif,0.0578
/mnt/data/msadepth/compreps/seedrep_cand/protenix/8siq_HL/d670/seed4_r3/results/8siq_hl/seed_0/predictions/8siq_hl_sample_0.cif,8siq_HL,seed4_r3,8siq_hl_sample_0.cif,0.11606
/mnt/data/msadepth/compreps/seedrep_cand/protenix/8siq_HL/d670/seed4_r1/results/8siq_hl/seed_0/predictions/8siq_hl_sample_4.cif,8siq_HL,seed4_r1,8siq_hl_sample_4.cif,0.2991
/mnt/data/msadepth/compreps/seedrep_cand/protenix/8siq_HL/d670/seed5_r1/results/8siq_hl/seed_0/predictions/8siq_hl_sample_0.cif,8siq_HL,seed5_r1,8siq_hl_sample_0.cif,0.05882
/mnt/data/msadepth/compreps/seedrep_cand/protenix/8siq_HL/d670/seed5_r2/results/8siq_hl/seed_0/predictions/8siq_hl_sample_2.cif,8siq_HL,seed5_r2,8siq_hl_sample_2.cif,0.06458
/mnt/data/msadepth/compreps/seedrep_cand/protenix/8siq_HL/d670/seed5_r2/results/8siq_hl/seed_0/predictions/8siq_hl_sample_4.cif,8siq_HL,seed5_r2,8siq_hl_sample_4.cif,0.03125
/mnt/data/msadepth/compreps/seedrep_cand/protenix/8siq_HL/d670/seed5_r1/results/8siq_hl/seed_0/predictions/8siq_hl_sample_2.cif,8siq_HL,seed5_r1,8siq_hl_sample_2.cif,0.02836
/mnt/data/msadepth/compreps/seedrep_cand/protenix/8siq_HL/d670/seed5_r1/results/8siq_hl/seed_0/predictions/8siq_hl_sample_4.cif,8siq_HL,seed5_r1,8siq_hl_sample_4.cif,0.06966
/mnt/data/msadepth/compreps/seedrep_cand/protenix/8siq_HL/d670/seed5_r1/results/8siq_hl/seed_0/predictions/8siq_hl_sample_1.cif,8siq_HL,seed5_r1,8siq_hl_sample_1.cif,0.04192
/mnt/data/msadepth/compreps/seedrep_cand/protenix/8siq_HL/d670/seed5_r0/results/8siq_hl/seed_0/predictions/8siq_hl_sample_2.cif,8siq_HL,seed5_r0,8siq_hl_sample_2.cif,0.0251
/mnt/data/msadepth/compreps/seedrep_cand/protenix/8siq_HL/d670/seed5_r2/results/8siq_hl/seed_0/predictions/8siq_hl_sample_3.cif,8siq_HL,seed5_r2,8siq_hl_sample_3.cif,0.04718
/mnt/data/msadepth/compreps/seedrep_cand/protenix/8siq_HL/d670/seed5_r0/results/8siq_hl/seed_0/predictions/8siq_hl_sample_4.cif,8siq_HL,seed5_r0,8siq_hl_sample_4.cif,0.02335
/mnt/data/msadepth/compreps/seedrep_cand/protenix/8siq_HL/d670/seed5_r0/results/8siq_hl/seed_0/predictions/8siq_hl_sample_1.cif,8siq_HL,seed5_r0,8siq_hl_sample_1.cif,0.02399
/mnt/data/msadepth/compreps/seedrep_cand/protenix/8siq_HL/d670/seed5_r0/results/8siq_hl/seed_0/predictions/8siq_hl_sample_0.cif,8siq_HL,seed5_r0,8siq_hl_sample_0.cif,0.0388
/mnt/data/msadepth/compreps/seedrep_cand/protenix/8siq_HL/d670/seed5_r3/results/8siq_hl/seed_0/predictions/8siq_hl_sample_3.cif,8siq_HL,seed5_r3,8siq_hl_sample_3.cif,0.1119
/mnt/data/msadepth/compreps/seedrep_cand/protenix/8siq_HL/d670/seed5_r2/results/8siq_hl/seed_0/predictions/8siq_hl_sample_0.cif,8siq_HL,seed5_r2,8siq_hl_sample_0.cif,0.02311
/mnt/data/msadepth/compreps/seedrep_cand/protenix/8siq_HL/d670/seed5_r2/results/8siq_hl/seed_0/predictions/8siq_hl_sample_1.cif,8siq_HL,seed5_r2,8siq_hl_sample_1.cif,0.02919
/mnt/data/msadepth/compreps/seedrep_cand/protenix/8siq_HL/d670/seed5_r3/results/8siq_hl/seed_0/predictions/8siq_hl_sample_1.cif,8siq_HL,seed5_r3,8siq_hl_sample_1.cif,0.20004
/mnt/data/msadepth/compreps/seedrep_cand/protenix/8siq_HL/d670/seed5_r3/results/8siq_hl/seed_0/predictions/8siq_hl_sample_0.cif,8siq_HL,seed5_r3,8siq_hl_sample_0.cif,0.06094
/mnt/data/msadepth/compreps/seedrep_cand/protenix/8siq_HL/d670/seed5_r0/results/8siq_hl/seed_0/predictions/8siq_hl_sample_3.cif,8siq_HL,seed5_r0,8siq_hl_sample_3.cif,0.02556
/mnt/data/msadepth/compreps/seedrep_cand/protenix/8siq_HL/d670/seed5_r1/results/8siq_hl/seed_0/predictions/8siq_hl_sample_3.cif,8siq_HL,seed5_r1,8siq_hl_sample_3.cif,0.11202
/mnt/data/msadepth/compreps/seedrep_cand/protenix/8siq_HL/d670/seed5_r3/results/8siq_hl/seed_0/predictions/8siq_hl_sample_4.cif,8siq_HL,seed5_r3,8siq_hl_sample_4.cif,0.13925
/mnt/data/msadepth/compreps/seedrep_cand/protenix/8siq_HL/d670/seed5_r3/results/8siq_hl/seed_0/predictions/8siq_hl_sample_2.cif,8siq_HL,seed5_r3,8siq_hl_sample_2.cif,0.05184
/mnt/data/msadepth/compreps/seedrep_cand/protenix/8siq_HL/d670/seedfull_r1/results/8siq_hl/seed_0/predictions/8siq_hl_sample_3.cif,8siq_HL,seedfull_r1,8siq_hl_sample_3.cif,0.06474
/mnt/data/msadepth/compreps/seedrep_cand/protenix/8siq_HL/d670/seedfull_r2/results/8siq_hl/seed_0/predictions/8siq_hl_sample_1.cif,8siq_HL,seedfull_r2,8siq_hl_sample_1.cif,0.05085
/mnt/data/msadepth/compreps/seedrep_cand/protenix/8siq_HL/d670/seedfull_r3/results/8siq_hl/seed_0/predictions/8siq_hl_sample_2.cif,8siq_HL,seedfull_r3,8siq_hl_sample_2.cif,0.17627
/mnt/data/msadepth/compreps/seedrep_cand/protenix/8siq_HL/d670/seedfull_r2/results/8siq_hl/seed_0/predictions/8siq_hl_sample_3.cif,8siq_HL,seedfull_r2,8siq_hl_sample_3.cif,0.19968
/mnt/data/msadepth/compreps/seedrep_cand/protenix/8siq_HL/d670/seedfull_r1/results/8siq_hl/seed_0/predictions/8siq_hl_sample_0.cif,8siq_HL,seedfull_r1,8siq_hl_sample_0.cif,0.11678
/mnt/data/msadepth/compreps/seedrep_cand/protenix/8siq_HL/d670/seedfull_r0/results/8siq_hl/seed_0/predictions/8siq_hl_sample_4.cif,8siq_HL,seedfull_r0,8siq_hl_sample_4.cif,0.0424
/mnt/data/msadepth/compreps/seedrep_cand/protenix/8siq_HL/d670/seedfull_r3/results/8siq_hl/seed_0/predictions/8siq_hl_sample_1.cif,8siq_HL,seedfull_r3,8siq_hl_sample_1.cif,0.20685
/mnt/data/msadepth/compreps/seedrep_cand/protenix/8siq_HL/d670/seedfull_r2/results/8siq_hl/seed_0/predictions/8siq_hl_sample_4.cif,8siq_HL,seedfull_r2,8siq_hl_sample_4.cif,0.12448
/mnt/data/msadepth/compreps/seedrep_cand/protenix/8siq_HL/d670/seedfull_r1/results/8siq_hl/seed_0/predictions/8siq_hl_sample_4.cif,8siq_HL,seedfull_r1,8siq_hl_sample_4.cif,0.08695
/mnt/data/msadepth/compreps/seedrep_cand/protenix/8siq_HL/d670/seedfull_r1/results/8siq_hl/seed_0/predictions/8siq_hl_sample_1.cif,8siq_HL,seedfull_r1,8siq_hl_sample_1.cif,0.13862
/mnt/data/msadepth/compreps/seedrep_cand/protenix/8siq_HL/d670/seedfull_r3/results/8siq_hl/seed_0/predictions/8siq_hl_sample_3.cif,8siq_HL,seedfull_r3,8siq_hl_sample_3.cif,0.18644
/mnt/data/msadepth/compreps/seedrep_cand/protenix/8siq_HL/d670/seedfull_r2/results/8siq_hl/seed_0/predictions/8siq_hl_sample_2.cif,8siq_HL,seedfull_r2,8siq_hl_sample_2.cif,0.18644
/mnt/data/msadepth/compreps/seedrep_cand/protenix/8siq_HL/d670/seedfull_r2/results/8siq_hl/seed_0/predictions/8siq_hl_sample_0.cif,8siq_HL,seedfull_r2,8siq_hl_sample_0.cif,0.21839
/mnt/data/msadepth/compreps/seedrep_cand/protenix/8siq_HL/d670/seedfull_r3/results/8siq_hl/seed_0/predictions/8siq_hl_sample_4.cif,8siq_HL,seedfull_r3,8siq_hl_sample_4.cif,0.09266
/mnt/data/msadepth/compreps/seedrep_cand/protenix/8siq_HL/d670/seedfull_r3/results/8siq_hl/seed_0/predictions/8siq_hl_sample_0.cif,8siq_HL,seedfull_r3,8siq_hl_sample_0.cif,0.23543
/mnt/data/msadepth/compreps/seedrep_cand/protenix/8siq_HL/d670/seedfull_r1/results/8siq_hl/seed_0/predictions/8siq_hl_sample_2.cif,8siq_HL,seedfull_r1,8siq_hl_sample_2.cif,0.0464
/mnt/data/msadepth/compreps/seedrep_cand/protenix/8siq_HL/d670/seedfull_r0/results/8siq_hl/seed_0/predictions/8siq_hl_sample_2.cif,8siq_HL,seedfull_r0,8siq_hl_sample_2.cif,0.06489
/mnt/data/msadepth/compreps/seedrep_cand/protenix/8siq_HL/d670/seedfull_r0/results/8siq_hl/seed_0/predictions/8siq_hl_sample_1.cif,8siq_HL,seedfull_r0,8siq_hl_sample_1.cif,0.15655
/mnt/data/msadepth/compreps/seedrep_cand/protenix/8siq_HL/d670/seedfull_r0/results/8siq_hl/seed_0/predictions/8siq_hl_sample_0.cif,8siq_HL,seedfull_r0,8siq_hl_sample_0.cif,0.0491
/mnt/data/msadepth/compreps/seedrep_cand/protenix/8siq_HL/d670/seedfull_r0/results/8siq_hl/seed_0/predictions/8siq_hl_sample_3.cif,8siq_HL,seedfull_r0,8siq_hl_sample_3.cif,0.04384
/mnt/data/msadepth/compreps/seedrep_cand/protenix/8siq_HL/d670/seedfull_r6/results/8siq_hl/seed_0/predictions/8siq_hl_sample_2.cif,8siq_HL,seedfull_r6,8siq_hl_sample_2.cif,0.25002
/mnt/data/msadepth/compreps/seedrep_cand/protenix/8siq_HL/d670/seedfull_r4/results/8siq_hl/seed_0/predictions/8siq_hl_sample_0.cif,8siq_HL,seedfull_r4,8siq_hl_sample_0.cif,0.13107
/mnt/data/msadepth/compreps/seedrep_cand/protenix/8siq_HL/d670/seedfull_r5/results/8siq_hl/seed_0/predictions/8siq_hl_sample_2.cif,8siq_HL,seedfull_r5,8siq_hl_sample_2.cif,0.08022
/mnt/data/msadepth/compreps/seedrep_cand/protenix/8siq_HL/d670/seedfull_r4/results/8siq_hl/seed_0/predictions/8siq_hl_sample_2.cif,8siq_HL,seedfull_r4,8siq_hl_sample_2.cif,0.19788
/mnt/data/msadepth/compreps/seedrep_cand/protenix/8siq_HL/d670/seedfull_r6/results/8siq_hl/seed_0/predictions/8siq_hl_sample_4.cif,8siq_HL,seedfull_r6,8siq_hl_sample_4.cif,0.05085
/mnt/data/msadepth/compreps/seedrep_cand/protenix/8siq_HL/d670/seedfull_r7/results/8siq_hl/seed_0/predictions/8siq_hl_sample_4.cif,8siq_HL,seedfull_r7,8siq_hl_sample_4.cif,0.03688
/mnt/data/msadepth/compreps/seedrep_cand/protenix/8siq_HL/d670/seedfull_r5/results/8siq_hl/seed_0/predictions/8siq_hl_sample_0.cif,8siq_HL,seedfull_r5,8siq_hl_sample_0.cif,0.36856
/mnt/data/msadepth/compreps/seedrep_cand/protenix/8siq_HL/d670/seedfull_r5/results/8siq_hl/seed_0/predictions/8siq_hl_sample_1.cif,8siq_HL,seedfull_r5,8siq_hl_sample_1.cif,0.11367
/mnt/data/msadepth/compreps/seedrep_cand/protenix/8siq_HL/d670/seedfull_r4/results/8siq_hl/seed_0/predictions/8siq_hl_sample_3.cif,8siq_HL,seedfull_r4,8siq_hl_sample_3.cif,0.23876
/mnt/data/msadepth/compreps/seedrep_cand/protenix/8siq_HL/d670/seedfull_r5/results/8siq_hl/seed_0/predictions/8siq_hl_sample_3.cif,8siq_HL,seedfull_r5,8siq_hl_sample_3.cif,0.26626
/mnt/data/msadepth/compreps/seedrep_cand/protenix/8siq_HL/d670/seedfull_r7/results/8siq_hl/seed_0/predictions/8siq_hl_sample_0.cif,8siq_HL,seedfull_r7,8siq_hl_sample_0.cif,0.17092
/mnt/data/msadepth/compreps/seedrep_cand/protenix/8siq_HL/d670/seedfull_r6/results/8siq_hl/seed_0/predictions/8siq_hl_sample_1.cif,8siq_HL,seedfull_r6,8siq_hl_sample_1.cif,0.13221
/mnt/data/msadepth/compreps/seedrep_cand/protenix/8siq_HL/d670/seedfull_r4/results/8siq_hl/seed_0/predictions/8siq_hl_sample_1.cif,8siq_HL,seedfull_r4,8siq_hl_sample_1.cif,0.13745
/mnt/data/msadepth/compreps/seedrep_cand/protenix/8siq_HL/d670/seedfull_r5/results/8siq_hl/seed_0/predictions/8siq_hl_sample_4.cif,8siq_HL,seedfull_r5,8siq_hl_sample_4.cif,0.10481
/mnt/data/msadepth/compreps/seedrep_cand/protenix/8siq_HL/d670/seedfull_r7/results/8siq_hl/seed_0/predictions/8siq_hl_sample_1.cif,8siq_HL,seedfull_r7,8siq_hl_sample_1.cif,0.15111
/mnt/data/msadepth/compreps/seedrep_cand/protenix/8siq_HL/d670/seedfull_r4/results/8siq_hl/seed_0/predictions/8siq_hl_sample_4.cif,8siq_HL,seedfull_r4,8siq_hl_sample_4.cif,0.08358
/mnt/data/msadepth/compreps/seedrep_cand/protenix/8siq_HL/d670/seedfull_r7/results/8siq_hl/seed_0/predictions/8siq_hl_sample_3.cif,8siq_HL,seedfull_r7,8siq_hl_sample_3.cif,0.17434
/mnt/data/msadepth/compreps/seedrep_cand/protenix/8siq_HL/d670/seedfull_r6/results/8siq_hl/seed_0/predictions/8siq_hl_sample_0.cif,8siq_HL,seedfull_r6,8siq_hl_sample_0.cif,0.14932
/mnt/data/msadepth/compreps/seedrep_cand/protenix/8siq_HL/d670/seedfull_r6/results/8siq_hl/seed_0/predictions/8siq_hl_sample_3.cif,8siq_HL,seedfull_r6,8siq_hl_sample_3.cif,0.13921
/mnt/data/msadepth/compreps/seedrep_cand/protenix/8siq_HL/d670/seedfull_r7/results/8siq_hl/seed_0/predictions/8siq_hl_sample_2.cif,8siq_HL,seedfull_r7,8siq_hl_sample_2.cif,0.18938
/mnt/data/msadepth/compreps/seedrep_cand/protenix/8sis_HL/d4169/seed0_r1/results/8sis_hl/seed_0/predictions/8sis_hl_sample_1.cif,8sis_HL,seed0_r1,8sis_hl_sample_1.cif,0.16819
/mnt/data/msadepth/compreps/seedrep_cand/protenix/8sis_HL/d4169/seed0_r1/results/8sis_hl/seed_0/predictions/8sis_hl_sample_4.cif,8sis_HL,seed0_r1,8sis_hl_sample_4.cif,0.11967
/mnt/data/msadepth/compreps/seedrep_cand/protenix/8sis_HL/d4169/seed0_r2/results/8sis_hl/seed_0/predictions/8sis_hl_sample_2.cif,8sis_HL,seed0_r2,8sis_hl_sample_2.cif,0.22037
/mnt/data/msadepth/compreps/seedrep_cand/protenix/8sis_HL/d4169/seed0_r2/results/8sis_hl/seed_0/predictions/8sis_hl_sample_1.cif,8sis_HL,seed0_r2,8sis_hl_sample_1.cif,0.17325
/mnt/data/msadepth/compreps/seedrep_cand/protenix/8sis_HL/d4169/seed0_r0/results/8sis_hl/seed_0/predictions/8sis_hl_sample_2.cif,8sis_HL,seed0_r0,8sis_hl_sample_2.cif,0.23734
/mnt/data/msadepth/compreps/seedrep_cand/protenix/8sis_HL/d4169/seed0_r1/results/8sis_hl/seed_0/predictions/8sis_hl_sample_3.cif,8sis_HL,seed0_r1,8sis_hl_sample_3.cif,0.19843
/mnt/data/msadepth/compreps/seedrep_cand/protenix/8sis_HL/d4169/seed0_r1/results/8sis_hl/seed_0/predictions/8sis_hl_sample_2.cif,8sis_HL,seed0_r1,8sis_hl_sample_2.cif,0.31369
/mnt/data/msadepth/compreps/seedrep_cand/protenix/8sis_HL/d4169/seed0_r2/results/8sis_hl/seed_0/predictions/8sis_hl_sample_0.cif,8sis_HL,seed0_r2,8sis_hl_sample_0.cif,0.17819
/mnt/data/msadepth/compreps/seedrep_cand/protenix/8sis_HL/d4169/seed0_r0/results/8sis_hl/seed_0/predictions/8sis_hl_sample_4.cif,8sis_HL,seed0_r0,8sis_hl_sample_4.cif,0.38255
/mnt/data/msadepth/compreps/seedrep_cand/protenix/8sis_HL/d4169/seed0_r2/results/8sis_hl/seed_0/predictions/8sis_hl_sample_4.cif,8sis_HL,seed0_r2,8sis_hl_sample_4.cif,0.19622
/mnt/data/msadepth/compreps/seedrep_cand/protenix/8sis_HL/d4169/seed0_r0/results/8sis_hl/seed_0/predictions/8sis_hl_sample_0.cif,8sis_HL,seed0_r0,8sis_hl_sample_0.cif,0.17366
/mnt/data/msadepth/compreps/seedrep_cand/protenix/8sis_HL/d4169/seed0_r3/results/8sis_hl/seed_0/predictions/8sis_hl_sample_2.cif,8sis_HL,seed0_r3,8sis_hl_sample_2.cif,0.15092
/mnt/data/msadepth/compreps/seedrep_cand/protenix/8sis_HL/d4169/seed0_r0/results/8sis_hl/seed_0/predictions/8sis_hl_sample_1.cif,8sis_HL,seed0_r0,8sis_hl_sample_1.cif,0.14506
/mnt/data/msadepth/compreps/seedrep_cand/protenix/8sis_HL/d4169/seed0_r3/results/8sis_hl/seed_0/predictions/8sis_hl_sample_0.cif,8sis_HL,seed0_r3,8sis_hl_sample_0.cif,0.34094
/mnt/data/msadepth/compreps/seedrep_cand/protenix/8sis_HL/d4169/seed0_r3/results/8sis_hl/seed_0/predictions/8sis_hl_sample_3.cif,8sis_HL,seed0_r3,8sis_hl_sample_3.cif,0.28376
/mnt/data/msadepth/compreps/seedrep_cand/protenix/8sis_HL/d4169/seed0_r3/results/8sis_hl/seed_0/predictions/8sis_hl_sample_4.cif,8sis_HL,seed0_r3,8sis_hl_sample_4.cif,0.24646
/mnt/data/msadepth/compreps/seedrep_cand/protenix/8sis_HL/d4169/seed0_r0/results/8sis_hl/seed_0/predictions/8sis_hl_sample_3.cif,8sis_HL,seed0_r0,8sis_hl_sample_3.cif,0.21885
/mnt/data/msadepth/compreps/seedrep_cand/protenix/8sis_HL/d4169/seed0_r3/results/8sis_hl/seed_0/predictions/8sis_hl_sample_1.cif,8sis_HL,seed0_r3,8sis_hl_sample_1.cif,0.2702
/mnt/data/msadepth/compreps/seedrep_cand/protenix/8sis_HL/d4169/seed0_r2/results/8sis_hl/seed_0/predictions/8sis_hl_sample_3.cif,8sis_HL,seed0_r2,8sis_hl_sample_3.cif,0.19546
/mnt/data/msadepth/compreps/seedrep_cand/protenix/8sis_HL/d4169/seed0_r1/results/8sis_hl/seed_0/predictions/8sis_hl_sample_0.cif,8sis_HL,seed0_r1,8sis_hl_sample_0.cif,0.10796
/mnt/data/msadepth/compreps/seedrep_cand/protenix/8sis_HL/d4169/seed1_r1/results/8sis_hl/seed_0/predictions/8sis_hl_sample_4.cif,8sis_HL,seed1_r1,8sis_hl_sample_4.cif,0.10383
/mnt/data/msadepth/compreps/seedrep_cand/protenix/8sis_HL/d4169/seed1_r3/results/8sis_hl/seed_0/predictions/8sis_hl_sample_2.cif,8sis_HL,seed1_r3,8sis_hl_sample_2.cif,0.05147
/mnt/data/msadepth/compreps/seedrep_cand/protenix/8sis_HL/d4169/seed1_r3/results/8sis_hl/seed_0/predictions/8sis_hl_sample_4.cif,8sis_HL,seed1_r3,8sis_hl_sample_4.cif,0.07818
/mnt/data/msadepth/compreps/seedrep_cand/protenix/8sis_HL/d4169/seed1_r3/results/8sis_hl/seed_0/predictions/8sis_hl_sample_0.cif,8sis_HL,seed1_r3,8sis_hl_sample_0.cif,0.02427
/mnt/data/msadepth/compreps/seedrep_cand/protenix/8sis_HL/d4169/seed1_r0/results/8sis_hl/seed_0/predictions/8sis_hl_sample_2.cif,8sis_HL,seed1_r0,8sis_hl_sample_2.cif,0.22596
/mnt/data/msadepth/compreps/seedrep_cand/protenix/8sis_HL/d4169/seed1_r3/results/8sis_hl/seed_0/predictions/8sis_hl_sample_3.cif,8sis_HL,seed1_r3,8sis_hl_sample_3.cif,0.06986
/mnt/data/msadepth/compreps/seedrep_cand/protenix/8sis_HL/d4169/seed1_r1/results/8sis_hl/seed_0/predictions/8sis_hl_sample_2.cif,8sis_HL,seed1_r1,8sis_hl_sample_2.cif,0.05576
/mnt/data/msadepth/compreps/seedrep_cand/protenix/8sis_HL/d4169/seed1_r2/results/8sis_hl/seed_0/predictions/8sis_hl_sample_4.cif,8sis_HL,seed1_r2,8sis_hl_sample_4.cif,0.14497
/mnt/data/msadepth/compreps/seedrep_cand/protenix/8sis_HL/d4169/seed1_r0/results/8sis_hl/seed_0/predictions/8sis_hl_sample_1.cif,8sis_HL,seed1_r0,8sis_hl_sample_1.cif,0.10714
/mnt/data/msadepth/compreps/seedrep_cand/protenix/8sis_HL/d4169/seed1_r3/results/8sis_hl/seed_0/predictions/8sis_hl_sample_1.cif,8sis_HL,seed1_r3,8sis_hl_sample_1.cif,0.10036
/mnt/data/msadepth/compreps/seedrep_cand/protenix/8sis_HL/d4169/seed1_r2/results/8sis_hl/seed_0/predictions/8sis_hl_sample_3.cif,8sis_HL,seed1_r2,8sis_hl_sample_3.cif,0.07143
/mnt/data/msadepth/compreps/seedrep_cand/protenix/8sis_HL/d4169/seed1_r2/results/8sis_hl/seed_0/predictions/8sis_hl_sample_2.cif,8sis_HL,seed1_r2,8sis_hl_sample_2.cif,0.0282
/mnt/data/msadepth/compreps/seedrep_cand/protenix/8sis_HL/d4169/seed1_r1/results/8sis_hl/seed_0/predictions/8sis_hl_sample_1.cif,8sis_HL,seed1_r1,8sis_hl_sample_1.cif,0.08198
/mnt/data/msadepth/compreps/seedrep_cand/protenix/8sis_HL/d4169/seed1_r0/results/8sis_hl/seed_0/predictions/8sis_hl_sample_4.cif,8sis_HL,seed1_r0,8sis_hl_sample_4.cif,0.05819
/mnt/data/msadepth/compreps/seedrep_cand/protenix/8sis_HL/d4169/seed1_r2/results/8sis_hl/seed_0/predictions/8sis_hl_sample_0.cif,8sis_HL,seed1_r2,8sis_hl_sample_0.cif,0.06701
/mnt/data/msadepth/compreps/seedrep_cand/protenix/8sis_HL/d4169/seed1_r1/results/8sis_hl/seed_0/predictions/8sis_hl_sample_3.cif,8sis_HL,seed1_r1,8sis_hl_sample_3.cif,0.15211
/mnt/data/msadepth/compreps/seedrep_cand/protenix/8sis_HL/d4169/seed1_r0/results/8sis_hl/seed_0/predictions/8sis_hl_sample_3.cif,8sis_HL,seed1_r0,8sis_hl_sample_3.cif,0.03174
/mnt/data/msadepth/compreps/seedrep_cand/protenix/8sis_HL/d4169/seed1_r2/results/8sis_hl/seed_0/predictions/8sis_hl_sample_1.cif,8sis_HL,seed1_r2,8sis_hl_sample_1.cif,0.29194
/mnt/data/msadepth/compreps/seedrep_cand/protenix/8sis_HL/d4169/seed1_r1/results/8sis_hl/seed_0/predictions/8sis_hl_sample_0.cif,8sis_HL,seed1_r1,8sis_hl_sample_0.cif,0.05852
/mnt/data/msadepth/compreps/seedrep_cand/protenix/8sis_HL/d4169/seed1_r0/results/8sis_hl/seed_0/predictions/8sis_hl_sample_0.cif,8sis_HL,seed1_r0,8sis_hl_sample_0.cif,0.04345
/mnt/data/msadepth/compreps/seedrep_cand/protenix/8sis_HL/d4169/seed2_r2/results/8sis_hl/seed_0/predictions/8sis_hl_sample_2.cif,8sis_HL,seed2_r2,8sis_hl_sample_2.cif,0.25158
/mnt/data/msadepth/compreps/seedrep_cand/protenix/8sis_HL/d4169/seed2_r0/results/8sis_hl/seed_0/predictions/8sis_hl_sample_1.cif,8sis_HL,seed2_r0,8sis_hl_sample_1.cif,0.26493
/mnt/data/msadepth/compreps/seedrep_cand/protenix/8sis_HL/d4169/seed2_r1/results/8sis_hl/seed_0/predictions/8sis_hl_sample_1.cif,8sis_HL,seed2_r1,8sis_hl_sample_1.cif,0.30602
/mnt/data/msadepth/compreps/seedrep_cand/protenix/8sis_HL/d4169/seed2_r1/results/8sis_hl/seed_0/predictions/8sis_hl_sample_4.cif,8sis_HL,seed2_r1,8sis_hl_sample_4.cif,0.21648
/mnt/data/msadepth/compreps/seedrep_cand/protenix/8sis_HL/d4169/seed2_r2/results/8sis_hl/seed_0/predictions/8sis_hl_sample_3.cif,8sis_HL,seed2_r2,8sis_hl_sample_3.cif,0.2311
/mnt/data/msadepth/compreps/seedrep_cand/protenix/8sis_HL/d4169/seed2_r0/results/8sis_hl/seed_0/predictions/8sis_hl_sample_2.cif,8sis_HL,seed2_r0,8sis_hl_sample_2.cif,0.42332
/mnt/data/msadepth/compreps/seedrep_cand/protenix/8sis_HL/d4169/seed2_r3/results/8sis_hl/seed_0/predictions/8sis_hl_sample_2.cif,8sis_HL,seed2_r3,8sis_hl_sample_2.cif,0.35697
/mnt/data/msadepth/compreps/seedrep_cand/protenix/8sis_HL/d4169/seed2_r3/results/8sis_hl/seed_0/predictions/8sis_hl_sample_1.cif,8sis_HL,seed2_r3,8sis_hl_sample_1.cif,0.35966
/mnt/data/msadepth/compreps/seedrep_cand/protenix/8sis_HL/d4169/seed2_r3/results/8sis_hl/seed_0/predictions/8sis_hl_sample_3.cif,8sis_HL,seed2_r3,8sis_hl_sample_3.cif,0.17987
/mnt/data/msadepth/compreps/seedrep_cand/protenix/8sis_HL/d4169/seed2_r1/results/8sis_hl/seed_0/predictions/8sis_hl_sample_2.cif,8sis_HL,seed2_r1,8sis_hl_sample_2.cif,0.20484
/mnt/data/msadepth/compreps/seedrep_cand/protenix/8sis_HL/d4169/seed2_r2/results/8sis_hl/seed_0/predictions/8sis_hl_sample_1.cif,8sis_HL,seed2_r2,8sis_hl_sample_1.cif,0.41207
/mnt/data/msadepth/compreps/seedrep_cand/protenix/8sis_HL/d4169/seed2_r2/results/8sis_hl/seed_0/predictions/8sis_hl_sample_0.cif,8sis_HL,seed2_r2,8sis_hl_sample_0.cif,0.43794
/mnt/data/msadepth/compreps/seedrep_cand/protenix/8sis_HL/d4169/seed2_r1/results/8sis_hl/seed_0/predictions/8sis_hl_sample_0.cif,8sis_HL,seed2_r1,8sis_hl_sample_0.cif,0.4059
/mnt/data/msadepth/compreps/seedrep_cand/protenix/8sis_HL/d4169/seed2_r3/results/8sis_hl/seed_0/predictions/8sis_hl_sample_0.cif,8sis_HL,seed2_r3,8sis_hl_sample_0.cif,0.19346
/mnt/data/msadepth/compreps/seedrep_cand/protenix/8sis_HL/d4169/seed2_r0/results/8sis_hl/seed_0/predictions/8sis_hl_sample_3.cif,8sis_HL,seed2_r0,8sis_hl_sample_3.cif,0.29731
/mnt/data/msadepth/compreps/seedrep_cand/protenix/8sis_HL/d4169/seed2_r3/results/8sis_hl/seed_0/predictions/8sis_hl_sample_4.cif,8sis_HL,seed2_r3,8sis_hl_sample_4.cif,0.07877
/mnt/data/msadepth/compreps/seedrep_cand/protenix/8sis_HL/d4169/seed2_r0/results/8sis_hl/seed_0/predictions/8sis_hl_sample_0.cif,8sis_HL,seed2_r0,8sis_hl_sample_0.cif,0.38616
/mnt/data/msadepth/compreps/seedrep_cand/protenix/8sis_HL/d4169/seed2_r1/results/8sis_hl/seed_0/predictions/8sis_hl_sample_3.cif,8sis_HL,seed2_r1,8sis_hl_sample_3.cif,0.07176
/mnt/data/msadepth/compreps/seedrep_cand/protenix/8sis_HL/d4169/seed2_r2/results/8sis_hl/seed_0/predictions/8sis_hl_sample_4.cif,8sis_HL,seed2_r2,8sis_hl_sample_4.cif,0.28076
/mnt/data/msadepth/compreps/seedrep_cand/protenix/8sis_HL/d4169/seed2_r0/results/8sis_hl/seed_0/predictions/8sis_hl_sample_4.cif,8sis_HL,seed2_r0,8sis_hl_sample_4.cif,0.33332
/mnt/data/msadepth/compreps/seedrep_cand/protenix/8sis_HL/d4169/seed3_r1/results/8sis_hl/seed_0/predictions/8sis_hl_sample_4.cif,8sis_HL,seed3_r1,8sis_hl_sample_4.cif,0.08932
/mnt/data/msadepth/compreps/seedrep_cand/protenix/8sis_HL/d4169/seed3_r3/results/8sis_hl/seed_0/predictions/8sis_hl_sample_4.cif,8sis_HL,seed3_r3,8sis_hl_sample_4.cif,0.19985
/mnt/data/msadepth/compreps/seedrep_cand/protenix/8sis_HL/d4169/seed3_r0/results/8sis_hl/seed_0/predictions/8sis_hl_sample_0.cif,8sis_HL,seed3_r0,8sis_hl_sample_0.cif,0.20932
/mnt/data/msadepth/compreps/seedrep_cand/protenix/8sis_HL/d4169/seed3_r3/results/8sis_hl/seed_0/predictions/8sis_hl_sample_2.cif,8sis_HL,seed3_r3,8sis_hl_sample_2.cif,0.19887
/mnt/data/msadepth/compreps/seedrep_cand/protenix/8sis_HL/d4169/seed3_r2/results/8sis_hl/seed_0/predictions/8sis_hl_sample_3.cif,8sis_HL,seed3_r2,8sis_hl_sample_3.cif,0.12467
/mnt/data/msadepth/compreps/seedrep_cand/protenix/8sis_HL/d4169/seed3_r2/results/8sis_hl/seed_0/predictions/8sis_hl_sample_4.cif,8sis_HL,seed3_r2,8sis_hl_sample_4.cif,0.05564
/mnt/data/msadepth/compreps/seedrep_cand/protenix/8sis_HL/d4169/seed3_r0/results/8sis_hl/seed_0/predictions/8sis_hl_sample_3.cif,8sis_HL,seed3_r0,8sis_hl_sample_3.cif,0.14318
/mnt/data/msadepth/compreps/seedrep_cand/protenix/8sis_HL/d4169/seed3_r2/results/8sis_hl/seed_0/predictions/8sis_hl_sample_0.cif,8sis_HL,seed3_r2,8sis_hl_sample_0.cif,0.13391
/mnt/data/msadepth/compreps/seedrep_cand/protenix/8sis_HL/d4169/seed3_r1/results/8sis_hl/seed_0/predictions/8sis_hl_sample_3.cif,8sis_HL,seed3_r1,8sis_hl_sample_3.cif,0.13042
/mnt/data/msadepth/compreps/seedrep_cand/protenix/8sis_HL/d4169/seed3_r0/results/8sis_hl/seed_0/predictions/8sis_hl_sample_1.cif,8sis_HL,seed3_r0,8sis_hl_sample_1.cif,0.13545
/mnt/data/msadepth/compreps/seedrep_cand/protenix/8sis_HL/d4169/seed3_r2/results/8sis_hl/seed_0/predictions/8sis_hl_sample_2.cif,8sis_HL,seed3_r2,8sis_hl_sample_2.cif,0.18476
/mnt/data/msadepth/compreps/seedrep_cand/protenix/8sis_HL/d4169/seed3_r0/results/8sis_hl/seed_0/predictions/8sis_hl_sample_4.cif,8sis_HL,seed3_r0,8sis_hl_sample_4.cif,0.07358
/mnt/data/msadepth/compreps/seedrep_cand/protenix/8sis_HL/d4169/seed3_r3/results/8sis_hl/seed_0/predictions/8sis_hl_sample_3.cif,8sis_HL,seed3_r3,8sis_hl_sample_3.cif,0.12881
/mnt/data/msadepth/compreps/seedrep_cand/protenix/8sis_HL/d4169/seed3_r1/results/8sis_hl/seed_0/predictions/8sis_hl_sample_2.cif,8sis_HL,seed3_r1,8sis_hl_sample_2.cif,0.07597
/mnt/data/msadepth/compreps/seedrep_cand/protenix/8sis_HL/d4169/seed3_r3/results/8sis_hl/seed_0/predictions/8sis_hl_sample_1.cif,8sis_HL,seed3_r3,8sis_hl_sample_1.cif,0.14686
/mnt/data/msadepth/compreps/seedrep_cand/protenix/8sis_HL/d4169/seed3_r2/results/8sis_hl/seed_0/predictions/8sis_hl_sample_1.cif,8sis_HL,seed3_r2,8sis_hl_sample_1.cif,0.17238
/mnt/data/msadepth/compreps/seedrep_cand/protenix/8sis_HL/d4169/seed3_r1/results/8sis_hl/seed_0/predictions/8sis_hl_sample_1.cif,8sis_HL,seed3_r1,8sis_hl_sample_1.cif,0.13806
/mnt/data/msadepth/compreps/seedrep_cand/protenix/8sis_HL/d4169/seed3_r0/results/8sis_hl/seed_0/predictions/8sis_hl_sample_2.cif,8sis_HL,seed3_r0,8sis_hl_sample_2.cif,0.07339
/mnt/data/msadepth/compreps/seedrep_cand/protenix/8sis_HL/d4169/seed3_r3/results/8sis_hl/seed_0/predictions/8sis_hl_sample_0.cif,8sis_HL,seed3_r3,8sis_hl_sample_0.cif,0.0675
/mnt/data/msadepth/compreps/seedrep_cand/protenix/8sis_HL/d4169/seed3_r1/results/8sis_hl/seed_0/predictions/8sis_hl_sample_0.cif,8sis_HL,seed3_r1,8sis_hl_sample_0.cif,0.10278
/mnt/data/msadepth/compreps/seedrep_cand/protenix/8sis_HL/d4169/seed4_r2/results/8sis_hl/seed_0/predictions/8sis_hl_sample_4.cif,8sis_HL,seed4_r2,8sis_hl_sample_4.cif,0.17453
/mnt/data/msadepth/compreps/seedrep_cand/protenix/8sis_HL/d4169/seed4_r3/results/8sis_hl/seed_0/predictions/8sis_hl_sample_1.cif,8sis_HL,seed4_r3,8sis_hl_sample_1.cif,0.32368
/mnt/data/msadepth/compreps/seedrep_cand/protenix/8sis_HL/d4169/seed4_r2/results/8sis_hl/seed_0/predictions/8sis_hl_sample_2.cif,8sis_HL,seed4_r2,8sis_hl_sample_2.cif,0.2191
/mnt/data/msadepth/compreps/seedrep_cand/protenix/8sis_HL/d4169/seed4_r1/results/8sis_hl/seed_0/predictions/8sis_hl_sample_0.cif,8sis_HL,seed4_r1,8sis_hl_sample_0.cif,0.14146
/mnt/data/msadepth/compreps/seedrep_cand/protenix/8sis_HL/d4169/seed4_r0/results/8sis_hl/seed_0/predictions/8sis_hl_sample_0.cif,8sis_HL,seed4_r0,8sis_hl_sample_0.cif,0.18938
/mnt/data/msadepth/compreps/seedrep_cand/protenix/8sis_HL/d4169/seed4_r1/results/8sis_hl/seed_0/predictions/8sis_hl_sample_1.cif,8sis_HL,seed4_r1,8sis_hl_sample_1.cif,0.2801
/mnt/data/msadepth/compreps/seedrep_cand/protenix/8sis_HL/d4169/seed4_r3/results/8sis_hl/seed_0/predictions/8sis_hl_sample_3.cif,8sis_HL,seed4_r3,8sis_hl_sample_3.cif,0.20272
/mnt/data/msadepth/compreps/seedrep_cand/protenix/8sis_HL/d4169/seed4_r1/results/8sis_hl/seed_0/predictions/8sis_hl_sample_3.cif,8sis_HL,seed4_r1,8sis_hl_sample_3.cif,0.26321
/mnt/data/msadepth/compreps/seedrep_cand/protenix/8sis_HL/d4169/seed4_r3/results/8sis_hl/seed_0/predictions/8sis_hl_sample_4.cif,8sis_HL,seed4_r3,8sis_hl_sample_4.cif,0.06487
/mnt/data/msadepth/compreps/seedrep_cand/protenix/8sis_HL/d4169/seed4_r0/results/8sis_hl/seed_0/predictions/8sis_hl_sample_3.cif,8sis_HL,seed4_r0,8sis_hl_sample_3.cif,0.18564
/mnt/data/msadepth/compreps/seedrep_cand/protenix/8sis_HL/d4169/seed4_r2/results/8sis_hl/seed_0/predictions/8sis_hl_sample_3.cif,8sis_HL,seed4_r2,8sis_hl_sample_3.cif,0.08431
/mnt/data/msadepth/compreps/seedrep_cand/protenix/8sis_HL/d4169/seed4_r0/results/8sis_hl/seed_0/predictions/8sis_hl_sample_1.cif,8sis_HL,seed4_r0,8sis_hl_sample_1.cif,0.21516
/mnt/data/msadepth/compreps/seedrep_cand/protenix/8sis_HL/d4169/seed4_r1/results/8sis_hl/seed_0/predictions/8sis_hl_sample_2.cif,8sis_HL,seed4_r1,8sis_hl_sample_2.cif,0.15155
/mnt/data/msadepth/compreps/seedrep_cand/protenix/8sis_HL/d4169/seed4_r2/results/8sis_hl/seed_0/predictions/8sis_hl_sample_1.cif,8sis_HL,seed4_r2,8sis_hl_sample_1.cif,0.24933
/mnt/data/msadepth/compreps/seedrep_cand/protenix/8sis_HL/d4169/seed4_r2/results/8sis_hl/seed_0/predictions/8sis_hl_sample_0.cif,8sis_HL,seed4_r2,8sis_hl_sample_0.cif,0.21973
/mnt/data/msadepth/compreps/seedrep_cand/protenix/8sis_HL/d4169/seed4_r0/results/8sis_hl/seed_0/predictions/8sis_hl_sample_2.cif,8sis_HL,seed4_r0,8sis_hl_sample_2.cif,0.27994
/mnt/data/msadepth/compreps/seedrep_cand/protenix/8sis_HL/d4169/seed4_r3/results/8sis_hl/seed_0/predictions/8sis_hl_sample_2.cif,8sis_HL,seed4_r3,8sis_hl_sample_2.cif,0.13475
/mnt/data/msadepth/compreps/seedrep_cand/protenix/8sis_HL/d4169/seed4_r0/results/8sis_hl/seed_0/predictions/8sis_hl_sample_4.cif,8sis_HL,seed4_r0,8sis_hl_sample_4.cif,0.03161
/mnt/data/msadepth/compreps/seedrep_cand/protenix/8sis_HL/d4169/seed4_r3/results/8sis_hl/seed_0/predictions/8sis_hl_sample_0.cif,8sis_HL,seed4_r3,8sis_hl_sample_0.cif,0.22368
/mnt/data/msadepth/compreps/seedrep_cand/protenix/8sis_HL/d4169/seed4_r1/results/8sis_hl/seed_0/predictions/8sis_hl_sample_4.cif,8sis_HL,seed4_r1,8sis_hl_sample_4.cif,0.05389
/mnt/data/msadepth/compreps/seedrep_cand/protenix/8sis_HL/d4169/seed5_r1/results/8sis_hl/seed_0/predictions/8sis_hl_sample_0.cif,8sis_HL,seed5_r1,8sis_hl_sample_0.cif,0.12265
/mnt/data/msadepth/compreps/seedrep_cand/protenix/8sis_HL/d4169/seed5_r2/results/8sis_hl/seed_0/predictions/8sis_hl_sample_2.cif,8sis_HL,seed5_r2,8sis_hl_sample_2.cif,0.0289
/mnt/data/msadepth/compreps/seedrep_cand/protenix/8sis_HL/d4169/seed5_r2/results/8sis_hl/seed_0/predictions/8sis_hl_sample_4.cif,8sis_HL,seed5_r2,8sis_hl_sample_4.cif,0.053
/mnt/data/msadepth/compreps/seedrep_cand/protenix/8sis_HL/d4169/seed5_r1/results/8sis_hl/seed_0/predictions/8sis_hl_sample_2.cif,8sis_HL,seed5_r1,8sis_hl_sample_2.cif,0.14611
/mnt/data/msadepth/compreps/seedrep_cand/protenix/8sis_HL/d4169/seed5_r1/results/8sis_hl/seed_0/predictions/8sis_hl_sample_4.cif,8sis_HL,seed5_r1,8sis_hl_sample_4.cif,0.07558
/mnt/data/msadepth/compreps/seedrep_cand/protenix/8sis_HL/d4169/seed5_r1/results/8sis_hl/seed_0/predictions/8sis_hl_sample_1.cif,8sis_HL,seed5_r1,8sis_hl_sample_1.cif,0.05478
/mnt/data/msadepth/compreps/seedrep_cand/protenix/8sis_HL/d4169/seed5_r0/results/8sis_hl/seed_0/predictions/8sis_hl_sample_2.cif,8sis_HL,seed5_r0,8sis_hl_sample_2.cif,0.35162
/mnt/data/msadepth/compreps/seedrep_cand/protenix/8sis_HL/d4169/seed5_r2/results/8sis_hl/seed_0/predictions/8sis_hl_sample_3.cif,8sis_HL,seed5_r2,8sis_hl_sample_3.cif,0.0559
/mnt/data/msadepth/compreps/seedrep_cand/protenix/8sis_HL/d4169/seed5_r0/results/8sis_hl/seed_0/predictions/8sis_hl_sample_4.cif,8sis_HL,seed5_r0,8sis_hl_sample_4.cif,0.32073
/mnt/data/msadepth/compreps/seedrep_cand/protenix/8sis_HL/d4169/seed5_r0/results/8sis_hl/seed_0/predictions/8sis_hl_sample_1.cif,8sis_HL,seed5_r0,8sis_hl_sample_1.cif,0.28292
/mnt/data/msadepth/compreps/seedrep_cand/protenix/8sis_HL/d4169/seed5_r0/results/8sis_hl/seed_0/predictions/8sis_hl_sample_0.cif,8sis_HL,seed5_r0,8sis_hl_sample_0.cif,0.32121
/mnt/data/msadepth/compreps/seedrep_cand/protenix/8sis_HL/d4169/seed5_r3/results/8sis_hl/seed_0/predictions/8sis_hl_sample_3.cif,8sis_HL,seed5_r3,8sis_hl_sample_3.cif,0.06978
/mnt/data/msadepth/compreps/seedrep_cand/protenix/8sis_HL/d4169/seed5_r2/results/8sis_hl/seed_0/predictions/8sis_hl_sample_0.cif,8sis_HL,seed5_r2,8sis_hl_sample_0.cif,0.11432
/mnt/data/msadepth/compreps/seedrep_cand/protenix/8sis_HL/d4169/seed5_r2/results/8sis_hl/seed_0/predictions/8sis_hl_sample_1.cif,8sis_HL,seed5_r2,8sis_hl_sample_1.cif,0.09567
/mnt/data/msadepth/compreps/seedrep_cand/protenix/8sis_HL/d4169/seed5_r3/results/8sis_hl/seed_0/predictions/8sis_hl_sample_1.cif,8sis_HL,seed5_r3,8sis_hl_sample_1.cif,0.13471
/mnt/data/msadepth/compreps/seedrep_cand/protenix/8sis_HL/d4169/seed5_r3/results/8sis_hl/seed_0/predictions/8sis_hl_sample_0.cif,8sis_HL,seed5_r3,8sis_hl_sample_0.cif,0.16152
/mnt/data/msadepth/compreps/seedrep_cand/protenix/8sis_HL/d4169/seed5_r0/results/8sis_hl/seed_0/predictions/8sis_hl_sample_3.cif,8sis_HL,seed5_r0,8sis_hl_sample_3.cif,0.20624
/mnt/data/msadepth/compreps/seedrep_cand/protenix/8sis_HL/d4169/seed5_r1/results/8sis_hl/seed_0/predictions/8sis_hl_sample_3.cif,8sis_HL,seed5_r1,8sis_hl_sample_3.cif,0.11348
/mnt/data/msadepth/compreps/seedrep_cand/protenix/8sis_HL/d4169/seed5_r3/results/8sis_hl/seed_0/predictions/8sis_hl_sample_4.cif,8sis_HL,seed5_r3,8sis_hl_sample_4.cif,0.04869
/mnt/data/msadepth/compreps/seedrep_cand/protenix/8sis_HL/d4169/seed5_r3/results/8sis_hl/seed_0/predictions/8sis_hl_sample_2.cif,8sis_HL,seed5_r3,8sis_hl_sample_2.cif,0.25424
/mnt/data/msadepth/compreps/seedrep_cand/protenix/8sis_HL/d4169/seedfull_r1/results/8sis_hl/seed_0/predictions/8sis_hl_sample_3.cif,8sis_HL,seedfull_r1,8sis_hl_sample_3.cif,0.04653
/mnt/data/msadepth/compreps/seedrep_cand/protenix/8sis_HL/d4169/seedfull_r10/results/8sis_hl/seed_0/predictions/8sis_hl_sample_1.cif,8sis_HL,seedfull_r10,8sis_hl_sample_1.cif,0.09419
/mnt/data/msadepth/compreps/seedrep_cand/protenix/8sis_HL/d4169/seedfull_r11/results/8sis_hl/seed_0/predictions/8sis_hl_sample_2.cif,8sis_HL,seedfull_r11,8sis_hl_sample_2.cif,0.30581
/mnt/data/msadepth/compreps/seedrep_cand/protenix/8sis_HL/d4169/seedfull_r10/results/8sis_hl/seed_0/predictions/8sis_hl_sample_3.cif,8sis_HL,seedfull_r10,8sis_hl_sample_3.cif,0.26255
/mnt/data/msadepth/compreps/seedrep_cand/protenix/8sis_HL/d4169/seedfull_r1/results/8sis_hl/seed_0/predictions/8sis_hl_sample_0.cif,8sis_HL,seedfull_r1,8sis_hl_sample_0.cif,0.16485
/mnt/data/msadepth/compreps/seedrep_cand/protenix/8sis_HL/d4169/seedfull_r0/results/8sis_hl/seed_0/predictions/8sis_hl_sample_4.cif,8sis_HL,seedfull_r0,8sis_hl_sample_4.cif,0.08027
/mnt/data/msadepth/compreps/seedrep_cand/protenix/8sis_HL/d4169/seedfull_r11/results/8sis_hl/seed_0/predictions/8sis_hl_sample_1.cif,8sis_HL,seedfull_r11,8sis_hl_sample_1.cif,0.10608
/mnt/data/msadepth/compreps/seedrep_cand/protenix/8sis_HL/d4169/seedfull_r10/results/8sis_hl/seed_0/predictions/8sis_hl_sample_4.cif,8sis_HL,seedfull_r10,8sis_hl_sample_4.cif,0.10725
/mnt/data/msadepth/compreps/seedrep_cand/protenix/8sis_HL/d4169/seedfull_r1/results/8sis_hl/seed_0/predictions/8sis_hl_sample_4.cif,8sis_HL,seedfull_r1,8sis_hl_sample_4.cif,0.0431
/mnt/data/msadepth/compreps/seedrep_cand/protenix/8sis_HL/d4169/seedfull_r1/results/8sis_hl/seed_0/predictions/8sis_hl_sample_1.cif,8sis_HL,seedfull_r1,8sis_hl_sample_1.cif,0.16121
/mnt/data/msadepth/compreps/seedrep_cand/protenix/8sis_HL/d4169/seedfull_r11/results/8sis_hl/seed_0/predictions/8sis_hl_sample_3.cif,8sis_HL,seedfull_r11,8sis_hl_sample_3.cif,0.03168
/mnt/data/msadepth/compreps/seedrep_cand/protenix/8sis_HL/d4169/seedfull_r10/results/8sis_hl/seed_0/predictions/8sis_hl_sample_2.cif,8sis_HL,seedfull_r10,8sis_hl_sample_2.cif,0.10848
/mnt/data/msadepth/compreps/seedrep_cand/protenix/8sis_HL/d4169/seedfull_r10/results/8sis_hl/seed_0/predictions/8sis_hl_sample_0.cif,8sis_HL,seedfull_r10,8sis_hl_sample_0.cif,0.06464
/mnt/data/msadepth/compreps/seedrep_cand/protenix/8sis_HL/d4169/seedfull_r11/results/8sis_hl/seed_0/predictions/8sis_hl_sample_4.cif,8sis_HL,seedfull_r11,8sis_hl_sample_4.cif,0.12597
/mnt/data/msadepth/compreps/seedrep_cand/protenix/8sis_HL/d4169/seedfull_r11/results/8sis_hl/seed_0/predictions/8sis_hl_sample_0.cif,8sis_HL,seedfull_r11,8sis_hl_sample_0.cif,0.1556
/mnt/data/msadepth/compreps/seedrep_cand/protenix/8sis_HL/d4169/seedfull_r1/results/8sis_hl/seed_0/predictions/8sis_hl_sample_2.cif,8sis_HL,seedfull_r1,8sis_hl_sample_2.cif,0.15526
/mnt/data/msadepth/compreps/seedrep_cand/protenix/8sis_HL/d4169/seedfull_r0/results/8sis_hl/seed_0/predictions/8sis_hl_sample_2.cif,8sis_HL,seedfull_r0,8sis_hl_sample_2.cif,0.23458
/mnt/data/msadepth/compreps/seedrep_cand/protenix/8sis_HL/d4169/seedfull_r0/results/8sis_hl/seed_0/predictions/8sis_hl_sample_1.cif,8sis_HL,seedfull_r0,8sis_hl_sample_1.cif,0.21531
/mnt/data/msadepth/compreps/seedrep_cand/protenix/8sis_HL/d4169/seedfull_r0/results/8sis_hl/seed_0/predictions/8sis_hl_sample_0.cif,8sis_HL,seedfull_r0,8sis_hl_sample_0.cif,0.31524
/mnt/data/msadepth/compreps/seedrep_cand/protenix/8sis_HL/d4169/seedfull_r0/results/8sis_hl/seed_0/predictions/8sis_hl_sample_3.cif,8sis_HL,seedfull_r0,8sis_hl_sample_3.cif,0.31447
/mnt/data/msadepth/compreps/seedrep_cand/protenix/8sis_HL/d4169/seedfull_r14/results/8sis_hl/seed_0/predictions/8sis_hl_sample_2.cif,8sis_HL,seedfull_r14,8sis_hl_sample_2.cif,0.11268
/mnt/data/msadepth/compreps/seedrep_cand/protenix/8sis_HL/d4169/seedfull_r12/results/8sis_hl/seed_0/predictions/8sis_hl_sample_0.cif,8sis_HL,seedfull_r12,8sis_hl_sample_0.cif,0.17752
/mnt/data/msadepth/compreps/seedrep_cand/protenix/8sis_HL/d4169/seedfull_r13/results/8sis_hl/seed_0/predictions/8sis_hl_sample_2.cif,8sis_HL,seedfull_r13,8sis_hl_sample_2.cif,0.10498
/mnt/data/msadepth/compreps/seedrep_cand/protenix/8sis_HL/d4169/seedfull_r12/results/8sis_hl/seed_0/predictions/8sis_hl_sample_2.cif,8sis_HL,seedfull_r12,8sis_hl_sample_2.cif,0.17737
/mnt/data/msadepth/compreps/seedrep_cand/protenix/8sis_HL/d4169/seedfull_r14/results/8sis_hl/seed_0/predictions/8sis_hl_sample_4.cif,8sis_HL,seedfull_r14,8sis_hl_sample_4.cif,0.03665
/mnt/data/msadepth/compreps/seedrep_cand/protenix/8sis_HL/d4169/seedfull_r15/results/8sis_hl/seed_0/predictions/8sis_hl_sample_4.cif,8sis_HL,seedfull_r15,8sis_hl_sample_4.cif,0.06702
/mnt/data/msadepth/compreps/seedrep_cand/protenix/8sis_HL/d4169/seedfull_r13/results/8sis_hl/seed_0/predictions/8sis_hl_sample_0.cif,8sis_HL,seedfull_r13,8sis_hl_sample_0.cif,0.31439
/mnt/data/msadepth/compreps/seedrep_cand/protenix/8sis_HL/d4169/seedfull_r13/results/8sis_hl/seed_0/predictions/8sis_hl_sample_1.cif,8sis_HL,seedfull_r13,8sis_hl_sample_1.cif,0.1895
/mnt/data/msadepth/compreps/seedrep_cand/protenix/8sis_HL/d4169/seedfull_r12/results/8sis_hl/seed_0/predictions/8sis_hl_sample_3.cif,8sis_HL,seedfull_r12,8sis_hl_sample_3.cif,0.21533
/mnt/data/msadepth/compreps/seedrep_cand/protenix/8sis_HL/d4169/seedfull_r13/results/8sis_hl/seed_0/predictions/8sis_hl_sample_3.cif,8sis_HL,seedfull_r13,8sis_hl_sample_3.cif,0.1821
/mnt/data/msadepth/compreps/seedrep_cand/protenix/8sis_HL/d4169/seedfull_r15/results/8sis_hl/seed_0/predictions/8sis_hl_sample_0.cif,8sis_HL,seedfull_r15,8sis_hl_sample_0.cif,0.23609
/mnt/data/msadepth/compreps/seedrep_cand/protenix/8sis_HL/d4169/seedfull_r14/results/8sis_hl/seed_0/predictions/8sis_hl_sample_1.cif,8sis_HL,seedfull_r14,8sis_hl_sample_1.cif,0.16885
/mnt/data/msadepth/compreps/seedrep_cand/protenix/8sis_HL/d4169/seedfull_r12/results/8sis_hl/seed_0/predictions/8sis_hl_sample_1.cif,8sis_HL,seedfull_r12,8sis_hl_sample_1.cif,0.22211
/mnt/data/msadepth/compreps/seedrep_cand/protenix/8sis_HL/d4169/seedfull_r13/results/8sis_hl/seed_0/predictions/8sis_hl_sample_4.cif,8sis_HL,seedfull_r13,8sis_hl_sample_4.cif,0.1186
/mnt/data/msadepth/compreps/seedrep_cand/protenix/8sis_HL/d4169/seedfull_r15/results/8sis_hl/seed_0/predictions/8sis_hl_sample_1.cif,8sis_HL,seedfull_r15,8sis_hl_sample_1.cif,0.13383
/mnt/data/msadepth/compreps/seedrep_cand/protenix/8sis_HL/d4169/seedfull_r12/results/8sis_hl/seed_0/predictions/8sis_hl_sample_4.cif,8sis_HL,seedfull_r12,8sis_hl_sample_4.cif,0.05046
/mnt/data/msadepth/compreps/seedrep_cand/protenix/8sis_HL/d4169/seedfull_r15/results/8sis_hl/seed_0/predictions/8sis_hl_sample_3.cif,8sis_HL,seedfull_r15,8sis_hl_sample_3.cif,0.16572
/mnt/data/msadepth/compreps/seedrep_cand/protenix/8sis_HL/d4169/seedfull_r14/results/8sis_hl/seed_0/predictions/8sis_hl_sample_0.cif,8sis_HL,seedfull_r14,8sis_hl_sample_0.cif,0.29808
/mnt/data/msadepth/compreps/seedrep_cand/protenix/8sis_HL/d4169/seedfull_r14/results/8sis_hl/seed_0/predictions/8sis_hl_sample_3.cif,8sis_HL,seedfull_r14,8sis_hl_sample_3.cif,0.05638
/mnt/data/msadepth/compreps/seedrep_cand/protenix/8sis_HL/d4169/seedfull_r15/results/8sis_hl/seed_0/predictions/8sis_hl_sample_2.cif,8sis_HL,seedfull_r15,8sis_hl_sample_2.cif,0.08457
/mnt/data/msadepth/compreps/seedrep_cand/protenix/8sis_HL/d4169/seedfull_r18/results/8sis_hl/seed_0/predictions/8sis_hl_sample_4.cif,8sis_HL,seedfull_r18,8sis_hl_sample_4.cif,0.07002
/mnt/data/msadepth/compreps/seedrep_cand/protenix/8sis_HL/d4169/seedfull_r19/results/8sis_hl/seed_0/predictions/8sis_hl_sample_1.cif,8sis_HL,seedfull_r19,8sis_hl_sample_1.cif,0.11942
/mnt/data/msadepth/compreps/seedrep_cand/protenix/8sis_HL/d4169/seedfull_r16/results/8sis_hl/seed_0/predictions/8sis_hl_sample_4.cif,8sis_HL,seedfull_r16,8sis_hl_sample_4.cif,0.25007
/mnt/data/msadepth/compreps/seedrep_cand/protenix/8sis_HL/d4169/seedfull_r16/results/8sis_hl/seed_0/predictions/8sis_hl_sample_0.cif,8sis_HL,seedfull_r16,8sis_hl_sample_0.cif,0.21651
/mnt/data/msadepth/compreps/seedrep_cand/protenix/8sis_HL/d4169/seedfull_r16/results/8sis_hl/seed_0/predictions/8sis_hl_sample_2.cif,8sis_HL,seedfull_r16,8sis_hl_sample_2.cif,0.03788
/mnt/data/msadepth/compreps/seedrep_cand/protenix/8sis_HL/d4169/seedfull_r18/results/8sis_hl/seed_0/predictions/8sis_hl_sample_0.cif,8sis_HL,seedfull_r18,8sis_hl_sample_0.cif,0.18936
/mnt/data/msadepth/compreps/seedrep_cand/protenix/8sis_HL/d4169/seedfull_r17/results/8sis_hl/seed_0/predictions/8sis_hl_sample_1.cif,8sis_HL,seedfull_r17,8sis_hl_sample_1.cif,0.31359
/mnt/data/msadepth/compreps/seedrep_cand/protenix/8sis_HL/d4169/seedfull_r18/results/8sis_hl/seed_0/predictions/8sis_hl_sample_3.cif,8sis_HL,seedfull_r18,8sis_hl_sample_3.cif,0.40319
/mnt/data/msadepth/compreps/seedrep_cand/protenix/8sis_HL/d4169/seedfull_r17/results/8sis_hl/seed_0/predictions/8sis_hl_sample_3.cif,8sis_HL,seedfull_r17,8sis_hl_sample_3.cif,0.28661
/mnt/data/msadepth/compreps/seedrep_cand/protenix/8sis_HL/d4169/seedfull_r17/results/8sis_hl/seed_0/predictions/8sis_hl_sample_4.cif,8sis_HL,seedfull_r17,8sis_hl_sample_4.cif,0.04234
/mnt/data/msadepth/compreps/seedrep_cand/protenix/8sis_HL/d4169/seedfull_r18/results/8sis_hl/seed_0/predictions/8sis_hl_sample_1.cif,8sis_HL,seedfull_r18,8sis_hl_sample_1.cif,0.11253
/mnt/data/msadepth/compreps/seedrep_cand/protenix/8sis_HL/d4169/seedfull_r19/results/8sis_hl/seed_0/predictions/8sis_hl_sample_4.cif,8sis_HL,seedfull_r19,8sis_hl_sample_4.cif,0.22928
/mnt/data/msadepth/compreps/seedrep_cand/protenix/8sis_HL/d4169/seedfull_r19/results/8sis_hl/seed_0/predictions/8sis_hl_sample_0.cif,8sis_HL,seedfull_r19,8sis_hl_sample_0.cif,0.11885
/mnt/data/msadepth/compreps/seedrep_cand/protenix/8sis_HL/d4169/seedfull_r16/results/8sis_hl/seed_0/predictions/8sis_hl_sample_1.cif,8sis_HL,seedfull_r16,8sis_hl_sample_1.cif,0.0459
/mnt/data/msadepth/compreps/seedrep_cand/protenix/8sis_HL/d4169/seedfull_r17/results/8sis_hl/seed_0/predictions/8sis_hl_sample_2.cif,8sis_HL,seedfull_r17,8sis_hl_sample_2.cif,0.20098
/mnt/data/msadepth/compreps/seedrep_cand/protenix/8sis_HL/d4169/seedfull_r19/results/8sis_hl/seed_0/predictions/8sis_hl_sample_2.cif,8sis_HL,seedfull_r19,8sis_hl_sample_2.cif,0.11825
/mnt/data/msadepth/compreps/seedrep_cand/protenix/8sis_HL/d4169/seedfull_r18/results/8sis_hl/seed_0/predictions/8sis_hl_sample_2.cif,8sis_HL,seedfull_r18,8sis_hl_sample_2.cif,0.03884
/mnt/data/msadepth/compreps/seedrep_cand/protenix/8sis_HL/d4169/seedfull_r17/results/8sis_hl/seed_0/predictions/8sis_hl_sample_0.cif,8sis_HL,seedfull_r17,8sis_hl_sample_0.cif,0.38377
/mnt/data/msadepth/compreps/seedrep_cand/protenix/8sis_HL/d4169/seedfull_r16/results/8sis_hl/seed_0/predictions/8sis_hl_sample_3.cif,8sis_HL,seedfull_r16,8sis_hl_sample_3.cif,0.38904
/mnt/data/msadepth/compreps/seedrep_cand/protenix/8sis_HL/d4169/seedfull_r19/results/8sis_hl/seed_0/predictions/8sis_hl_sample_3.cif,8sis_HL,seedfull_r19,8sis_hl_sample_3.cif,0.19668
/mnt/data/msadepth/compreps/seedrep_cand/protenix/8sis_HL/d4169/seedfull_r3/results/8sis_hl/seed_0/predictions/8sis_hl_sample_3.cif,8sis_HL,seedfull_r3,8sis_hl_sample_3.cif,0.1746
/mnt/data/msadepth/compreps/seedrep_cand/protenix/8sis_HL/d4169/seedfull_r3/results/8sis_hl/seed_0/predictions/8sis_hl_sample_1.cif,8sis_HL,seedfull_r3,8sis_hl_sample_1.cif,0.09975
/mnt/data/msadepth/compreps/seedrep_cand/protenix/8sis_HL/d4169/seedfull_r2/results/8sis_hl/seed_0/predictions/8sis_hl_sample_0.cif,8sis_HL,seedfull_r2,8sis_hl_sample_0.cif,0.14195
/mnt/data/msadepth/compreps/seedrep_cand/protenix/8sis_HL/d4169/seedfull_r2/results/8sis_hl/seed_0/predictions/8sis_hl_sample_2.cif,8sis_HL,seedfull_r2,8sis_hl_sample_2.cif,0.17995
/mnt/data/msadepth/compreps/seedrep_cand/protenix/8sis_HL/d4169/seedfull_r5/results/8sis_hl/seed_0/predictions/8sis_hl_sample_2.cif,8sis_HL,seedfull_r5,8sis_hl_sample_2.cif,0.23078
/mnt/data/msadepth/compreps/seedrep_cand/protenix/8sis_HL/d4169/seedfull_r3/results/8sis_hl/seed_0/predictions/8sis_hl_sample_4.cif,8sis_HL,seedfull_r3,8sis_hl_sample_4.cif,0.18421
/mnt/data/msadepth/compreps/seedrep_cand/protenix/8sis_HL/d4169/seedfull_r4/results/8sis_hl/seed_0/predictions/8sis_hl_sample_3.cif,8sis_HL,seedfull_r4,8sis_hl_sample_3.cif,0.11486
/mnt/data/msadepth/compreps/seedrep_cand/protenix/8sis_HL/d4169/seedfull_r2/results/8sis_hl/seed_0/predictions/8sis_hl_sample_3.cif,8sis_HL,seedfull_r2,8sis_hl_sample_3.cif,0.24229
/mnt/data/msadepth/compreps/seedrep_cand/protenix/8sis_HL/d4169/seedfull_r5/results/8sis_hl/seed_0/predictions/8sis_hl_sample_4.cif,8sis_HL,seedfull_r5,8sis_hl_sample_4.cif,0.08817
/mnt/data/msadepth/compreps/seedrep_cand/protenix/8sis_HL/d4169/seedfull_r4/results/8sis_hl/seed_0/predictions/8sis_hl_sample_2.cif,8sis_HL,seedfull_r4,8sis_hl_sample_2.cif,0.18486
/mnt/data/msadepth/compreps/seedrep_cand/protenix/8sis_HL/d4169/seedfull_r5/results/8sis_hl/seed_0/predictions/8sis_hl_sample_3.cif,8sis_HL,seedfull_r5,8sis_hl_sample_3.cif,0.03751
/mnt/data/msadepth/compreps/seedrep_cand/protenix/8sis_HL/d4169/seedfull_r4/results/8sis_hl/seed_0/predictions/8sis_hl_sample_0.cif,8sis_HL,seedfull_r4,8sis_hl_sample_0.cif,0.29402
/mnt/data/msadepth/compreps/seedrep_cand/protenix/8sis_HL/d4169/seedfull_r5/results/8sis_hl/seed_0/predictions/8sis_hl_sample_1.cif,8sis_HL,seedfull_r5,8sis_hl_sample_1.cif,0.19174
/mnt/data/msadepth/compreps/seedrep_cand/protenix/8sis_HL/d4169/seedfull_r2/results/8sis_hl/seed_0/predictions/8sis_hl_sample_4.cif,8sis_HL,seedfull_r2,8sis_hl_sample_4.cif,0.03427
/mnt/data/msadepth/compreps/seedrep_cand/protenix/8sis_HL/d4169/seedfull_r3/results/8sis_hl/seed_0/predictions/8sis_hl_sample_2.cif,8sis_HL,seedfull_r3,8sis_hl_sample_2.cif,0.10945
/mnt/data/msadepth/compreps/seedrep_cand/protenix/8sis_HL/d4169/seedfull_r3/results/8sis_hl/seed_0/predictions/8sis_hl_sample_0.cif,8sis_HL,seedfull_r3,8sis_hl_sample_0.cif,0.25776
/mnt/data/msadepth/compreps/seedrep_cand/protenix/8sis_HL/d4169/seedfull_r5/results/8sis_hl/seed_0/predictions/8sis_hl_sample_0.cif,8sis_HL,seedfull_r5,8sis_hl_sample_0.cif,0.36849
/mnt/data/msadepth/compreps/seedrep_cand/protenix/8sis_HL/d4169/seedfull_r2/results/8sis_hl/seed_0/predictions/8sis_hl_sample_1.cif,8sis_HL,seedfull_r2,8sis_hl_sample_1.cif,0.16107
/mnt/data/msadepth/compreps/seedrep_cand/protenix/8sis_HL/d4169/seedfull_r4/results/8sis_hl/seed_0/predictions/8sis_hl_sample_4.cif,8sis_HL,seedfull_r4,8sis_hl_sample_4.cif,0.1541
/mnt/data/msadepth/compreps/seedrep_cand/protenix/8sis_HL/d4169/seedfull_r4/results/8sis_hl/seed_0/predictions/8sis_hl_sample_1.cif,8sis_HL,seedfull_r4,8sis_hl_sample_1.cif,0.1754
/mnt/data/msadepth/compreps/seedrep_cand/protenix/8sis_HL/d4169/seedfull_r6/results/8sis_hl/seed_0/predictions/8sis_hl_sample_0.cif,8sis_HL,seedfull_r6,8sis_hl_sample_0.cif,0.10347
/mnt/data/msadepth/compreps/seedrep_cand/protenix/8sis_HL/d4169/seedfull_r7/results/8sis_hl/seed_0/predictions/8sis_hl_sample_1.cif,8sis_HL,seedfull_r7,8sis_hl_sample_1.cif,0.05017
/mnt/data/msadepth/compreps/seedrep_cand/protenix/8sis_HL/d4169/seedfull_r9/results/8sis_hl/seed_0/predictions/8sis_hl_sample_2.cif,8sis_HL,seedfull_r9,8sis_hl_sample_2.cif,0.15729
/mnt/data/msadepth/compreps/seedrep_cand/protenix/8sis_HL/d4169/seedfull_r8/results/8sis_hl/seed_0/predictions/8sis_hl_sample_2.cif,8sis_HL,seedfull_r8,8sis_hl_sample_2.cif,0.12134
/mnt/data/msadepth/compreps/seedrep_cand/protenix/8sis_HL/d4169/seedfull_r6/results/8sis_hl/seed_0/predictions/8sis_hl_sample_1.cif,8sis_HL,seedfull_r6,8sis_hl_sample_1.cif,0.10065
/mnt/data/msadepth/compreps/seedrep_cand/protenix/8sis_HL/d4169/seedfull_r8/results/8sis_hl/seed_0/predictions/8sis_hl_sample_4.cif,8sis_HL,seedfull_r8,8sis_hl_sample_4.cif,0.16446
/mnt/data/msadepth/compreps/seedrep_cand/protenix/8sis_HL/d4169/seedfull_r6/results/8sis_hl/seed_0/predictions/8sis_hl_sample_3.cif,8sis_HL,seedfull_r6,8sis_hl_sample_3.cif,0.23032
/mnt/data/msadepth/compreps/seedrep_cand/protenix/8sis_HL/d4169/seedfull_r8/results/8sis_hl/seed_0/predictions/8sis_hl_sample_3.cif,8sis_HL,seedfull_r8,8sis_hl_sample_3.cif,0.19331
/mnt/data/msadepth/compreps/seedrep_cand/protenix/8sis_HL/d4169/seedfull_r8/results/8sis_hl/seed_0/predictions/8sis_hl_sample_1.cif,8sis_HL,seedfull_r8,8sis_hl_sample_1.cif,0.1376
/mnt/data/msadepth/compreps/seedrep_cand/protenix/8sis_HL/d4169/seedfull_r7/results/8sis_hl/seed_0/predictions/8sis_hl_sample_0.cif,8sis_HL,seedfull_r7,8sis_hl_sample_0.cif,0.21978
/mnt/data/msadepth/compreps/seedrep_cand/protenix/8sis_HL/d4169/seedfull_r6/results/8sis_hl/seed_0/predictions/8sis_hl_sample_2.cif,8sis_HL,seedfull_r6,8sis_hl_sample_2.cif,0.18682
/mnt/data/msadepth/compreps/seedrep_cand/protenix/8sis_HL/d4169/seedfull_r9/results/8sis_hl/seed_0/predictions/8sis_hl_sample_1.cif,8sis_HL,seedfull_r9,8sis_hl_sample_1.cif,0.03393
/mnt/data/msadepth/compreps/seedrep_cand/protenix/8sis_HL/d4169/seedfull_r9/results/8sis_hl/seed_0/predictions/8sis_hl_sample_3.cif,8sis_HL,seedfull_r9,8sis_hl_sample_3.cif,0.12221
/mnt/data/msadepth/compreps/seedrep_cand/protenix/8sis_HL/d4169/seedfull_r6/results/8sis_hl/seed_0/predictions/8sis_hl_sample_4.cif,8sis_HL,seedfull_r6,8sis_hl_sample_4.cif,0.24168
/mnt/data/msadepth/compreps/seedrep_cand/protenix/8sis_HL/d4169/seedfull_r9/results/8sis_hl/seed_0/predictions/8sis_hl_sample_0.cif,8sis_HL,seedfull_r9,8sis_hl_sample_0.cif,0.17409
/mnt/data/msadepth/compreps/seedrep_cand/protenix/8sis_HL/d4169/seedfull_r9/results/8sis_hl/seed_0/predictions/8sis_hl_sample_4.cif,8sis_HL,seedfull_r9,8sis_hl_sample_4.cif,0.09812
/mnt/data/msadepth/compreps/seedrep_cand/protenix/8sis_HL/d4169/seedfull_r7/results/8sis_hl/seed_0/predictions/8sis_hl_sample_2.cif,8sis_HL,seedfull_r7,8sis_hl_sample_2.cif,0.35476
/mnt/data/msadepth/compreps/seedrep_cand/protenix/8sis_HL/d4169/seedfull_r7/results/8sis_hl/seed_0/predictions/8sis_hl_sample_4.cif,8sis_HL,seedfull_r7,8sis_hl_sample_4.cif,0.17425
/mnt/data/msadepth/compreps/seedrep_cand/protenix/8sis_HL/d4169/seedfull_r7/results/8sis_hl/seed_0/predictions/8sis_hl_sample_3.cif,8sis_HL,seedfull_r7,8sis_hl_sample_3.cif,0.28913
/mnt/data/msadepth/compreps/seedrep_cand/protenix/8sis_HL/d4169/seedfull_r8/results/8sis_hl/seed_0/predictions/8sis_hl_sample_0.cif,8sis_HL,seedfull_r8,8sis_hl_sample_0.cif,0.11604
/mnt/data/msadepth/compreps/seedrep_cand/protenix/8sit_HL/d4035/seed0_r1/results/8sit_hl/seed_0/predictions/8sit_hl_sample_1.cif,8sit_HL,seed0_r1,8sit_hl_sample_1.cif,0.26355
/mnt/data/msadepth/compreps/seedrep_cand/protenix/8sit_HL/d4035/seed0_r1/results/8sit_hl/seed_0/predictions/8sit_hl_sample_4.cif,8sit_HL,seed0_r1,8sit_hl_sample_4.cif,0.09818
/mnt/data/msadepth/compreps/seedrep_cand/protenix/8sit_HL/d4035/seed0_r2/results/8sit_hl/seed_0/predictions/8sit_hl_sample_2.cif,8sit_HL,seed0_r2,8sit_hl_sample_2.cif,0.28106
/mnt/data/msadepth/compreps/seedrep_cand/protenix/8sit_HL/d4035/seed0_r2/results/8sit_hl/seed_0/predictions/8sit_hl_sample_1.cif,8sit_HL,seed0_r2,8sit_hl_sample_1.cif,0.10146
/mnt/data/msadepth/compreps/seedrep_cand/protenix/8sit_HL/d4035/seed0_r0/results/8sit_hl/seed_0/predictions/8sit_hl_sample_2.cif,8sit_HL,seed0_r0,8sit_hl_sample_2.cif,0.08977
/mnt/data/msadepth/compreps/seedrep_cand/protenix/8sit_HL/d4035/seed0_r1/results/8sit_hl/seed_0/predictions/8sit_hl_sample_3.cif,8sit_HL,seed0_r1,8sit_hl_sample_3.cif,0.29184
/mnt/data/msadepth/compreps/seedrep_cand/protenix/8sit_HL/d4035/seed0_r1/results/8sit_hl/seed_0/predictions/8sit_hl_sample_2.cif,8sit_HL,seed0_r1,8sit_hl_sample_2.cif,0.35589
/mnt/data/msadepth/compreps/seedrep_cand/protenix/8sit_HL/d4035/seed0_r2/results/8sit_hl/seed_0/predictions/8sit_hl_sample_0.cif,8sit_HL,seed0_r2,8sit_hl_sample_0.cif,0.29978
/mnt/data/msadepth/compreps/seedrep_cand/protenix/8sit_HL/d4035/seed0_r0/results/8sit_hl/seed_0/predictions/8sit_hl_sample_4.cif,8sit_HL,seed0_r0,8sit_hl_sample_4.cif,0.11788
/mnt/data/msadepth/compreps/seedrep_cand/protenix/8sit_HL/d4035/seed0_r2/results/8sit_hl/seed_0/predictions/8sit_hl_sample_4.cif,8sit_HL,seed0_r2,8sit_hl_sample_4.cif,0.04301
/mnt/data/msadepth/compreps/seedrep_cand/protenix/8sit_HL/d4035/seed0_r0/results/8sit_hl/seed_0/predictions/8sit_hl_sample_0.cif,8sit_HL,seed0_r0,8sit_hl_sample_0.cif,0.11943
/mnt/data/msadepth/compreps/seedrep_cand/protenix/8sit_HL/d4035/seed0_r3/results/8sit_hl/seed_0/predictions/8sit_hl_sample_2.cif,8sit_HL,seed0_r3,8sit_hl_sample_2.cif,0.24135
/mnt/data/msadepth/compreps/seedrep_cand/protenix/8sit_HL/d4035/seed0_r0/results/8sit_hl/seed_0/predictions/8sit_hl_sample_1.cif,8sit_HL,seed0_r0,8sit_hl_sample_1.cif,0.20069
/mnt/data/msadepth/compreps/seedrep_cand/protenix/8sit_HL/d4035/seed0_r3/results/8sit_hl/seed_0/predictions/8sit_hl_sample_0.cif,8sit_HL,seed0_r3,8sit_hl_sample_0.cif,0.1271
/mnt/data/msadepth/compreps/seedrep_cand/protenix/8sit_HL/d4035/seed0_r3/results/8sit_hl/seed_0/predictions/8sit_hl_sample_3.cif,8sit_HL,seed0_r3,8sit_hl_sample_3.cif,0.09329
/mnt/data/msadepth/compreps/seedrep_cand/protenix/8sit_HL/d4035/seed0_r3/results/8sit_hl/seed_0/predictions/8sit_hl_sample_4.cif,8sit_HL,seed0_r3,8sit_hl_sample_4.cif,0.17476
/mnt/data/msadepth/compreps/seedrep_cand/protenix/8sit_HL/d4035/seed0_r0/results/8sit_hl/seed_0/predictions/8sit_hl_sample_3.cif,8sit_HL,seed0_r0,8sit_hl_sample_3.cif,0.18895
/mnt/data/msadepth/compreps/seedrep_cand/protenix/8sit_HL/d4035/seed0_r3/results/8sit_hl/seed_0/predictions/8sit_hl_sample_1.cif,8sit_HL,seed0_r3,8sit_hl_sample_1.cif,0.24494
/mnt/data/msadepth/compreps/seedrep_cand/protenix/8sit_HL/d4035/seed0_r2/results/8sit_hl/seed_0/predictions/8sit_hl_sample_3.cif,8sit_HL,seed0_r2,8sit_hl_sample_3.cif,0.08638
/mnt/data/msadepth/compreps/seedrep_cand/protenix/8sit_HL/d4035/seed0_r1/results/8sit_hl/seed_0/predictions/8sit_hl_sample_0.cif,8sit_HL,seed0_r1,8sit_hl_sample_0.cif,0.30331
/mnt/data/msadepth/compreps/seedrep_cand/protenix/8sit_HL/d4035/seed1_r1/results/8sit_hl/seed_0/predictions/8sit_hl_sample_4.cif,8sit_HL,seed1_r1,8sit_hl_sample_4.cif,0.16023
/mnt/data/msadepth/compreps/seedrep_cand/protenix/8sit_HL/d4035/seed1_r3/results/8sit_hl/seed_0/predictions/8sit_hl_sample_2.cif,8sit_HL,seed1_r3,8sit_hl_sample_2.cif,0.2172
/mnt/data/msadepth/compreps/seedrep_cand/protenix/8sit_HL/d4035/seed1_r3/results/8sit_hl/seed_0/predictions/8sit_hl_sample_4.cif,8sit_HL,seed1_r3,8sit_hl_sample_4.cif,0.05842
/mnt/data/msadepth/compreps/seedrep_cand/protenix/8sit_HL/d4035/seed1_r3/results/8sit_hl/seed_0/predictions/8sit_hl_sample_0.cif,8sit_HL,seed1_r3,8sit_hl_sample_0.cif,0.22362
/mnt/data/msadepth/compreps/seedrep_cand/protenix/8sit_HL/d4035/seed1_r0/results/8sit_hl/seed_0/predictions/8sit_hl_sample_2.cif,8sit_HL,seed1_r0,8sit_hl_sample_2.cif,0.16242
/mnt/data/msadepth/compreps/seedrep_cand/protenix/8sit_HL/d4035/seed1_r3/results/8sit_hl/seed_0/predictions/8sit_hl_sample_3.cif,8sit_HL,seed1_r3,8sit_hl_sample_3.cif,0.14912
/mnt/data/msadepth/compreps/seedrep_cand/protenix/8sit_HL/d4035/seed1_r1/results/8sit_hl/seed_0/predictions/8sit_hl_sample_2.cif,8sit_HL,seed1_r1,8sit_hl_sample_2.cif,0.19678
/mnt/data/msadepth/compreps/seedrep_cand/protenix/8sit_HL/d4035/seed1_r2/results/8sit_hl/seed_0/predictions/8sit_hl_sample_4.cif,8sit_HL,seed1_r2,8sit_hl_sample_4.cif,0.16545
/mnt/data/msadepth/compreps/seedrep_cand/protenix/8sit_HL/d4035/seed1_r0/results/8sit_hl/seed_0/predictions/8sit_hl_sample_1.cif,8sit_HL,seed1_r0,8sit_hl_sample_1.cif,0.25917
/mnt/data/msadepth/compreps/seedrep_cand/protenix/8sit_HL/d4035/seed1_r3/results/8sit_hl/seed_0/predictions/8sit_hl_sample_1.cif,8sit_HL,seed1_r3,8sit_hl_sample_1.cif,0.19441
/mnt/data/msadepth/compreps/seedrep_cand/protenix/8sit_HL/d4035/seed1_r2/results/8sit_hl/seed_0/predictions/8sit_hl_sample_3.cif,8sit_HL,seed1_r2,8sit_hl_sample_3.cif,0.17545
/mnt/data/msadepth/compreps/seedrep_cand/protenix/8sit_HL/d4035/seed1_r2/results/8sit_hl/seed_0/predictions/8sit_hl_sample_2.cif,8sit_HL,seed1_r2,8sit_hl_sample_2.cif,0.14682
/mnt/data/msadepth/compreps/seedrep_cand/protenix/8sit_HL/d4035/seed1_r1/results/8sit_hl/seed_0/predictions/8sit_hl_sample_1.cif,8sit_HL,seed1_r1,8sit_hl_sample_1.cif,0.18301
/mnt/data/msadepth/compreps/seedrep_cand/protenix/8sit_HL/d4035/seed1_r0/results/8sit_hl/seed_0/predictions/8sit_hl_sample_4.cif,8sit_HL,seed1_r0,8sit_hl_sample_4.cif,0.05949
/mnt/data/msadepth/compreps/seedrep_cand/protenix/8sit_HL/d4035/seed1_r2/results/8sit_hl/seed_0/predictions/8sit_hl_sample_0.cif,8sit_HL,seed1_r2,8sit_hl_sample_0.cif,0.23177
/mnt/data/msadepth/compreps/seedrep_cand/protenix/8sit_HL/d4035/seed1_r1/results/8sit_hl/seed_0/predictions/8sit_hl_sample_3.cif,8sit_HL,seed1_r1,8sit_hl_sample_3.cif,0.18089
/mnt/data/msadepth/compreps/seedrep_cand/protenix/8sit_HL/d4035/seed1_r0/results/8sit_hl/seed_0/predictions/8sit_hl_sample_3.cif,8sit_HL,seed1_r0,8sit_hl_sample_3.cif,0.27747
/mnt/data/msadepth/compreps/seedrep_cand/protenix/8sit_HL/d4035/seed1_r2/results/8sit_hl/seed_0/predictions/8sit_hl_sample_1.cif,8sit_HL,seed1_r2,8sit_hl_sample_1.cif,0.17532
/mnt/data/msadepth/compreps/seedrep_cand/protenix/8sit_HL/d4035/seed1_r1/results/8sit_hl/seed_0/predictions/8sit_hl_sample_0.cif,8sit_HL,seed1_r1,8sit_hl_sample_0.cif,0.22433
/mnt/data/msadepth/compreps/seedrep_cand/protenix/8sit_HL/d4035/seed1_r0/results/8sit_hl/seed_0/predictions/8sit_hl_sample_0.cif,8sit_HL,seed1_r0,8sit_hl_sample_0.cif,0.23089
/mnt/data/msadepth/compreps/seedrep_cand/protenix/8sit_HL/d4035/seed2_r2/results/8sit_hl/seed_0/predictions/8sit_hl_sample_2.cif,8sit_HL,seed2_r2,8sit_hl_sample_2.cif,0.07252
/mnt/data/msadepth/compreps/seedrep_cand/protenix/8sit_HL/d4035/seed2_r0/results/8sit_hl/seed_0/predictions/8sit_hl_sample_1.cif,8sit_HL,seed2_r0,8sit_hl_sample_1.cif,0.105
/mnt/data/msadepth/compreps/seedrep_cand/protenix/8sit_HL/d4035/seed2_r1/results/8sit_hl/seed_0/predictions/8sit_hl_sample_1.cif,8sit_HL,seed2_r1,8sit_hl_sample_1.cif,0.21447
/mnt/data/msadepth/compreps/seedrep_cand/protenix/8sit_HL/d4035/seed2_r1/results/8sit_hl/seed_0/predictions/8sit_hl_sample_4.cif,8sit_HL,seed2_r1,8sit_hl_sample_4.cif,0.20941
/mnt/data/msadepth/compreps/seedrep_cand/protenix/8sit_HL/d4035/seed2_r2/results/8sit_hl/seed_0/predictions/8sit_hl_sample_3.cif,8sit_HL,seed2_r2,8sit_hl_sample_3.cif,0.27075
/mnt/data/msadepth/compreps/seedrep_cand/protenix/8sit_HL/d4035/seed2_r0/results/8sit_hl/seed_0/predictions/8sit_hl_sample_2.cif,8sit_HL,seed2_r0,8sit_hl_sample_2.cif,0.1359
/mnt/data/msadepth/compreps/seedrep_cand/protenix/8sit_HL/d4035/seed2_r3/results/8sit_hl/seed_0/predictions/8sit_hl_sample_2.cif,8sit_HL,seed2_r3,8sit_hl_sample_2.cif,0.06349
/mnt/data/msadepth/compreps/seedrep_cand/protenix/8sit_HL/d4035/seed2_r3/results/8sit_hl/seed_0/predictions/8sit_hl_sample_1.cif,8sit_HL,seed2_r3,8sit_hl_sample_1.cif,0.19988
/mnt/data/msadepth/compreps/seedrep_cand/protenix/8sit_HL/d4035/seed2_r3/results/8sit_hl/seed_0/predictions/8sit_hl_sample_3.cif,8sit_HL,seed2_r3,8sit_hl_sample_3.cif,0.09342
/mnt/data/msadepth/compreps/seedrep_cand/protenix/8sit_HL/d4035/seed2_r1/results/8sit_hl/seed_0/predictions/8sit_hl_sample_2.cif,8sit_HL,seed2_r1,8sit_hl_sample_2.cif,0.18799
/mnt/data/msadepth/compreps/seedrep_cand/protenix/8sit_HL/d4035/seed2_r2/results/8sit_hl/seed_0/predictions/8sit_hl_sample_1.cif,8sit_HL,seed2_r2,8sit_hl_sample_1.cif,0.06039
/mnt/data/msadepth/compreps/seedrep_cand/protenix/8sit_HL/d4035/seed2_r2/results/8sit_hl/seed_0/predictions/8sit_hl_sample_0.cif,8sit_HL,seed2_r2,8sit_hl_sample_0.cif,0.11116
/mnt/data/msadepth/compreps/seedrep_cand/protenix/8sit_HL/d4035/seed2_r1/results/8sit_hl/seed_0/predictions/8sit_hl_sample_0.cif,8sit_HL,seed2_r1,8sit_hl_sample_0.cif,0.09059
/mnt/data/msadepth/compreps/seedrep_cand/protenix/8sit_HL/d4035/seed2_r3/results/8sit_hl/seed_0/predictions/8sit_hl_sample_0.cif,8sit_HL,seed2_r3,8sit_hl_sample_0.cif,0.26816
/mnt/data/msadepth/compreps/seedrep_cand/protenix/8sit_HL/d4035/seed2_r0/results/8sit_hl/seed_0/predictions/8sit_hl_sample_3.cif,8sit_HL,seed2_r0,8sit_hl_sample_3.cif,0.10403
/mnt/data/msadepth/compreps/seedrep_cand/protenix/8sit_HL/d4035/seed2_r3/results/8sit_hl/seed_0/predictions/8sit_hl_sample_4.cif,8sit_HL,seed2_r3,8sit_hl_sample_4.cif,0.19385
/mnt/data/msadepth/compreps/seedrep_cand/protenix/8sit_HL/d4035/seed2_r0/results/8sit_hl/seed_0/predictions/8sit_hl_sample_0.cif,8sit_HL,seed2_r0,8sit_hl_sample_0.cif,0.32509
/mnt/data/msadepth/compreps/seedrep_cand/protenix/8sit_HL/d4035/seed2_r1/results/8sit_hl/seed_0/predictions/8sit_hl_sample_3.cif,8sit_HL,seed2_r1,8sit_hl_sample_3.cif,0.11839
/mnt/data/msadepth/compreps/seedrep_cand/protenix/8sit_HL/d4035/seed2_r2/results/8sit_hl/seed_0/predictions/8sit_hl_sample_4.cif,8sit_HL,seed2_r2,8sit_hl_sample_4.cif,0.0388
/mnt/data/msadepth/compreps/seedrep_cand/protenix/8sit_HL/d4035/seed2_r0/results/8sit_hl/seed_0/predictions/8sit_hl_sample_4.cif,8sit_HL,seed2_r0,8sit_hl_sample_4.cif,0.26027
/mnt/data/msadepth/compreps/seedrep_cand/protenix/8sit_HL/d4035/seed3_r1/results/8sit_hl/seed_0/predictions/8sit_hl_sample_4.cif,8sit_HL,seed3_r1,8sit_hl_sample_4.cif,0.21208
/mnt/data/msadepth/compreps/seedrep_cand/protenix/8sit_HL/d4035/seed3_r3/results/8sit_hl/seed_0/predictions/8sit_hl_sample_4.cif,8sit_HL,seed3_r3,8sit_hl_sample_4.cif,0.28924
/mnt/data/msadepth/compreps/seedrep_cand/protenix/8sit_HL/d4035/seed3_r0/results/8sit_hl/seed_0/predictions/8sit_hl_sample_0.cif,8sit_HL,seed3_r0,8sit_hl_sample_0.cif,0.12138
/mnt/data/msadepth/compreps/seedrep_cand/protenix/8sit_HL/d4035/seed3_r3/results/8sit_hl/seed_0/predictions/8sit_hl_sample_2.cif,8sit_HL,seed3_r3,8sit_hl_sample_2.cif,0.06844
/mnt/data/msadepth/compreps/seedrep_cand/protenix/8sit_HL/d4035/seed3_r2/results/8sit_hl/seed_0/predictions/8sit_hl_sample_3.cif,8sit_HL,seed3_r2,8sit_hl_sample_3.cif,0.18649
/mnt/data/msadepth/compreps/seedrep_cand/protenix/8sit_HL/d4035/seed3_r2/results/8sit_hl/seed_0/predictions/8sit_hl_sample_4.cif,8sit_HL,seed3_r2,8sit_hl_sample_4.cif,0.14916
/mnt/data/msadepth/compreps/seedrep_cand/protenix/8sit_HL/d4035/seed3_r0/results/8sit_hl/seed_0/predictions/8sit_hl_sample_3.cif,8sit_HL,seed3_r0,8sit_hl_sample_3.cif,0.19874
/mnt/data/msadepth/compreps/seedrep_cand/protenix/8sit_HL/d4035/seed3_r2/results/8sit_hl/seed_0/predictions/8sit_hl_sample_0.cif,8sit_HL,seed3_r2,8sit_hl_sample_0.cif,0.26902
/mnt/data/msadepth/compreps/seedrep_cand/protenix/8sit_HL/d4035/seed3_r1/results/8sit_hl/seed_0/predictions/8sit_hl_sample_3.cif,8sit_HL,seed3_r1,8sit_hl_sample_3.cif,0.09251
/mnt/data/msadepth/compreps/seedrep_cand/protenix/8sit_HL/d4035/seed3_r0/results/8sit_hl/seed_0/predictions/8sit_hl_sample_1.cif,8sit_HL,seed3_r0,8sit_hl_sample_1.cif,0.12919
/mnt/data/msadepth/compreps/seedrep_cand/protenix/8sit_HL/d4035/seed3_r2/results/8sit_hl/seed_0/predictions/8sit_hl_sample_2.cif,8sit_HL,seed3_r2,8sit_hl_sample_2.cif,0.07358
/mnt/data/msadepth/compreps/seedrep_cand/protenix/8sit_HL/d4035/seed3_r0/results/8sit_hl/seed_0/predictions/8sit_hl_sample_4.cif,8sit_HL,seed3_r0,8sit_hl_sample_4.cif,0.04997
/mnt/data/msadepth/compreps/seedrep_cand/protenix/8sit_HL/d4035/seed3_r3/results/8sit_hl/seed_0/predictions/8sit_hl_sample_3.cif,8sit_HL,seed3_r3,8sit_hl_sample_3.cif,0.08903
/mnt/data/msadepth/compreps/seedrep_cand/protenix/8sit_HL/d4035/seed3_r1/results/8sit_hl/seed_0/predictions/8sit_hl_sample_2.cif,8sit_HL,seed3_r1,8sit_hl_sample_2.cif,0.27886
/mnt/data/msadepth/compreps/seedrep_cand/protenix/8sit_HL/d4035/seed3_r3/results/8sit_hl/seed_0/predictions/8sit_hl_sample_1.cif,8sit_HL,seed3_r3,8sit_hl_sample_1.cif,0.10802
/mnt/data/msadepth/compreps/seedrep_cand/protenix/8sit_HL/d4035/seed3_r2/results/8sit_hl/seed_0/predictions/8sit_hl_sample_1.cif,8sit_HL,seed3_r2,8sit_hl_sample_1.cif,0.27596
/mnt/data/msadepth/compreps/seedrep_cand/protenix/8sit_HL/d4035/seed3_r1/results/8sit_hl/seed_0/predictions/8sit_hl_sample_1.cif,8sit_HL,seed3_r1,8sit_hl_sample_1.cif,0.11602
/mnt/data/msadepth/compreps/seedrep_cand/protenix/8sit_HL/d4035/seed3_r0/results/8sit_hl/seed_0/predictions/8sit_hl_sample_2.cif,8sit_HL,seed3_r0,8sit_hl_sample_2.cif,0.28627
/mnt/data/msadepth/compreps/seedrep_cand/protenix/8sit_HL/d4035/seed3_r3/results/8sit_hl/seed_0/predictions/8sit_hl_sample_0.cif,8sit_HL,seed3_r3,8sit_hl_sample_0.cif,0.19389
/mnt/data/msadepth/compreps/seedrep_cand/protenix/8sit_HL/d4035/seed3_r1/results/8sit_hl/seed_0/predictions/8sit_hl_sample_0.cif,8sit_HL,seed3_r1,8sit_hl_sample_0.cif,0.22219
/mnt/data/msadepth/compreps/seedrep_cand/protenix/8sit_HL/d4035/seed4_r2/results/8sit_hl/seed_0/predictions/8sit_hl_sample_4.cif,8sit_HL,seed4_r2,8sit_hl_sample_4.cif,0.06518
/mnt/data/msadepth/compreps/seedrep_cand/protenix/8sit_HL/d4035/seed4_r3/results/8sit_hl/seed_0/predictions/8sit_hl_sample_1.cif,8sit_HL,seed4_r3,8sit_hl_sample_1.cif,0.10417
/mnt/data/msadepth/compreps/seedrep_cand/protenix/8sit_HL/d4035/seed4_r2/results/8sit_hl/seed_0/predictions/8sit_hl_sample_2.cif,8sit_HL,seed4_r2,8sit_hl_sample_2.cif,0.17315
/mnt/data/msadepth/compreps/seedrep_cand/protenix/8sit_HL/d4035/seed4_r1/results/8sit_hl/seed_0/predictions/8sit_hl_sample_0.cif,8sit_HL,seed4_r1,8sit_hl_sample_0.cif,0.28686
/mnt/data/msadepth/compreps/seedrep_cand/protenix/8sit_HL/d4035/seed4_r0/results/8sit_hl/seed_0/predictions/8sit_hl_sample_0.cif,8sit_HL,seed4_r0,8sit_hl_sample_0.cif,0.32981
/mnt/data/msadepth/compreps/seedrep_cand/protenix/8sit_HL/d4035/seed4_r1/results/8sit_hl/seed_0/predictions/8sit_hl_sample_1.cif,8sit_HL,seed4_r1,8sit_hl_sample_1.cif,0.22853
/mnt/data/msadepth/compreps/seedrep_cand/protenix/8sit_HL/d4035/seed4_r3/results/8sit_hl/seed_0/predictions/8sit_hl_sample_3.cif,8sit_HL,seed4_r3,8sit_hl_sample_3.cif,0.07204
/mnt/data/msadepth/compreps/seedrep_cand/protenix/8sit_HL/d4035/seed4_r1/results/8sit_hl/seed_0/predictions/8sit_hl_sample_3.cif,8sit_HL,seed4_r1,8sit_hl_sample_3.cif,0.22815
/mnt/data/msadepth/compreps/seedrep_cand/protenix/8sit_HL/d4035/seed4_r3/results/8sit_hl/seed_0/predictions/8sit_hl_sample_4.cif,8sit_HL,seed4_r3,8sit_hl_sample_4.cif,0.2341
/mnt/data/msadepth/compreps/seedrep_cand/protenix/8sit_HL/d4035/seed4_r0/results/8sit_hl/seed_0/predictions/8sit_hl_sample_3.cif,8sit_HL,seed4_r0,8sit_hl_sample_3.cif,0.21306
/mnt/data/msadepth/compreps/seedrep_cand/protenix/8sit_HL/d4035/seed4_r2/results/8sit_hl/seed_0/predictions/8sit_hl_sample_3.cif,8sit_HL,seed4_r2,8sit_hl_sample_3.cif,0.21031
/mnt/data/msadepth/compreps/seedrep_cand/protenix/8sit_HL/d4035/seed4_r0/results/8sit_hl/seed_0/predictions/8sit_hl_sample_1.cif,8sit_HL,seed4_r0,8sit_hl_sample_1.cif,0.1948
/mnt/data/msadepth/compreps/seedrep_cand/protenix/8sit_HL/d4035/seed4_r1/results/8sit_hl/seed_0/predictions/8sit_hl_sample_2.cif,8sit_HL,seed4_r1,8sit_hl_sample_2.cif,0.17862
/mnt/data/msadepth/compreps/seedrep_cand/protenix/8sit_HL/d4035/seed4_r2/results/8sit_hl/seed_0/predictions/8sit_hl_sample_1.cif,8sit_HL,seed4_r2,8sit_hl_sample_1.cif,0.22178
/mnt/data/msadepth/compreps/seedrep_cand/protenix/8sit_HL/d4035/seed4_r2/results/8sit_hl/seed_0/predictions/8sit_hl_sample_0.cif,8sit_HL,seed4_r2,8sit_hl_sample_0.cif,0.23337
/mnt/data/msadepth/compreps/seedrep_cand/protenix/8sit_HL/d4035/seed4_r0/results/8sit_hl/seed_0/predictions/8sit_hl_sample_2.cif,8sit_HL,seed4_r0,8sit_hl_sample_2.cif,0.11085
/mnt/data/msadepth/compreps/seedrep_cand/protenix/8sit_HL/d4035/seed4_r3/results/8sit_hl/seed_0/predictions/8sit_hl_sample_2.cif,8sit_HL,seed4_r3,8sit_hl_sample_2.cif,0.17403
/mnt/data/msadepth/compreps/seedrep_cand/protenix/8sit_HL/d4035/seed4_r0/results/8sit_hl/seed_0/predictions/8sit_hl_sample_4.cif,8sit_HL,seed4_r0,8sit_hl_sample_4.cif,0.1154
/mnt/data/msadepth/compreps/seedrep_cand/protenix/8sit_HL/d4035/seed4_r3/results/8sit_hl/seed_0/predictions/8sit_hl_sample_0.cif,8sit_HL,seed4_r3,8sit_hl_sample_0.cif,0.04213
/mnt/data/msadepth/compreps/seedrep_cand/protenix/8sit_HL/d4035/seed4_r1/results/8sit_hl/seed_0/predictions/8sit_hl_sample_4.cif,8sit_HL,seed4_r1,8sit_hl_sample_4.cif,0.06792
/mnt/data/msadepth/compreps/seedrep_cand/protenix/8sit_HL/d4035/seed5_r1/results/8sit_hl/seed_0/predictions/8sit_hl_sample_0.cif,8sit_HL,seed5_r1,8sit_hl_sample_0.cif,0.28747
/mnt/data/msadepth/compreps/seedrep_cand/protenix/8sit_HL/d4035/seed5_r2/results/8sit_hl/seed_0/predictions/8sit_hl_sample_2.cif,8sit_HL,seed5_r2,8sit_hl_sample_2.cif,0.10982
/mnt/data/msadepth/compreps/seedrep_cand/protenix/8sit_HL/d4035/seed5_r2/results/8sit_hl/seed_0/predictions/8sit_hl_sample_4.cif,8sit_HL,seed5_r2,8sit_hl_sample_4.cif,0.23039
/mnt/data/msadepth/compreps/seedrep_cand/protenix/8sit_HL/d4035/seed5_r1/results/8sit_hl/seed_0/predictions/8sit_hl_sample_2.cif,8sit_HL,seed5_r1,8sit_hl_sample_2.cif,0.03675
/mnt/data/msadepth/compreps/seedrep_cand/protenix/8sit_HL/d4035/seed5_r1/results/8sit_hl/seed_0/predictions/8sit_hl_sample_4.cif,8sit_HL,seed5_r1,8sit_hl_sample_4.cif,0.12908
/mnt/data/msadepth/compreps/seedrep_cand/protenix/8sit_HL/d4035/seed5_r1/results/8sit_hl/seed_0/predictions/8sit_hl_sample_1.cif,8sit_HL,seed5_r1,8sit_hl_sample_1.cif,0.1348
/mnt/data/msadepth/compreps/seedrep_cand/protenix/8sit_HL/d4035/seed5_r0/results/8sit_hl/seed_0/predictions/8sit_hl_sample_2.cif,8sit_HL,seed5_r0,8sit_hl_sample_2.cif,0.27437
/mnt/data/msadepth/compreps/seedrep_cand/protenix/8sit_HL/d4035/seed5_r2/results/8sit_hl/seed_0/predictions/8sit_hl_sample_3.cif,8sit_HL,seed5_r2,8sit_hl_sample_3.cif,0.18104
/mnt/data/msadepth/compreps/seedrep_cand/protenix/8sit_HL/d4035/seed5_r0/results/8sit_hl/seed_0/predictions/8sit_hl_sample_4.cif,8sit_HL,seed5_r0,8sit_hl_sample_4.cif,0.18393
/mnt/data/msadepth/compreps/seedrep_cand/protenix/8sit_HL/d4035/seed5_r0/results/8sit_hl/seed_0/predictions/8sit_hl_sample_1.cif,8sit_HL,seed5_r0,8sit_hl_sample_1.cif,0.20819
/mnt/data/msadepth/compreps/seedrep_cand/protenix/8sit_HL/d4035/seed5_r0/results/8sit_hl/seed_0/predictions/8sit_hl_sample_0.cif,8sit_HL,seed5_r0,8sit_hl_sample_0.cif,0.30236
/mnt/data/msadepth/compreps/seedrep_cand/protenix/8sit_HL/d4035/seed5_r3/results/8sit_hl/seed_0/predictions/8sit_hl_sample_3.cif,8sit_HL,seed5_r3,8sit_hl_sample_3.cif,0.09359
/mnt/data/msadepth/compreps/seedrep_cand/protenix/8sit_HL/d4035/seed5_r2/results/8sit_hl/seed_0/predictions/8sit_hl_sample_0.cif,8sit_HL,seed5_r2,8sit_hl_sample_0.cif,0.27538
/mnt/data/msadepth/compreps/seedrep_cand/protenix/8sit_HL/d4035/seed5_r2/results/8sit_hl/seed_0/predictions/8sit_hl_sample_1.cif,8sit_HL,seed5_r2,8sit_hl_sample_1.cif,0.37737
/mnt/data/msadepth/compreps/seedrep_cand/protenix/8sit_HL/d4035/seed5_r3/results/8sit_hl/seed_0/predictions/8sit_hl_sample_1.cif,8sit_HL,seed5_r3,8sit_hl_sample_1.cif,0.29479
/mnt/data/msadepth/compreps/seedrep_cand/protenix/8sit_HL/d4035/seed5_r3/results/8sit_hl/seed_0/predictions/8sit_hl_sample_0.cif,8sit_HL,seed5_r3,8sit_hl_sample_0.cif,0.17058
/mnt/data/msadepth/compreps/seedrep_cand/protenix/8sit_HL/d4035/seed5_r0/results/8sit_hl/seed_0/predictions/8sit_hl_sample_3.cif,8sit_HL,seed5_r0,8sit_hl_sample_3.cif,0.05325
/mnt/data/msadepth/compreps/seedrep_cand/protenix/8sit_HL/d4035/seed5_r1/results/8sit_hl/seed_0/predictions/8sit_hl_sample_3.cif,8sit_HL,seed5_r1,8sit_hl_sample_3.cif,0.13744
/mnt/data/msadepth/compreps/seedrep_cand/protenix/8sit_HL/d4035/seed5_r3/results/8sit_hl/seed_0/predictions/8sit_hl_sample_4.cif,8sit_HL,seed5_r3,8sit_hl_sample_4.cif,0.06771
/mnt/data/msadepth/compreps/seedrep_cand/protenix/8sit_HL/d4035/seed5_r3/results/8sit_hl/seed_0/predictions/8sit_hl_sample_2.cif,8sit_HL,seed5_r3,8sit_hl_sample_2.cif,0.18038
/mnt/data/msadepth/compreps/seedrep_cand/protenix/8sit_HL/d4035/seedfull_r1/results/8sit_hl/seed_0/predictions/8sit_hl_sample_3.cif,8sit_HL,seedfull_r1,8sit_hl_sample_3.cif,0.26168
/mnt/data/msadepth/compreps/seedrep_cand/protenix/8sit_HL/d4035/seedfull_r2/results/8sit_hl/seed_0/predictions/8sit_hl_sample_1.cif,8sit_HL,seedfull_r2,8sit_hl_sample_1.cif,0.08525
/mnt/data/msadepth/compreps/seedrep_cand/protenix/8sit_HL/d4035/seedfull_r3/results/8sit_hl/seed_0/predictions/8sit_hl_sample_2.cif,8sit_HL,seedfull_r3,8sit_hl_sample_2.cif,0.20964
/mnt/data/msadepth/compreps/seedrep_cand/protenix/8sit_HL/d4035/seedfull_r2/results/8sit_hl/seed_0/predictions/8sit_hl_sample_3.cif,8sit_HL,seedfull_r2,8sit_hl_sample_3.cif,0.13613
/mnt/data/msadepth/compreps/seedrep_cand/protenix/8sit_HL/d4035/seedfull_r1/results/8sit_hl/seed_0/predictions/8sit_hl_sample_0.cif,8sit_HL,seedfull_r1,8sit_hl_sample_0.cif,0.28512
/mnt/data/msadepth/compreps/seedrep_cand/protenix/8sit_HL/d4035/seedfull_r0/results/8sit_hl/seed_0/predictions/8sit_hl_sample_4.cif,8sit_HL,seedfull_r0,8sit_hl_sample_4.cif,0.17703
/mnt/data/msadepth/compreps/seedrep_cand/protenix/8sit_HL/d4035/seedfull_r3/results/8sit_hl/seed_0/predictions/8sit_hl_sample_1.cif,8sit_HL,seedfull_r3,8sit_hl_sample_1.cif,0.29245
/mnt/data/msadepth/compreps/seedrep_cand/protenix/8sit_HL/d4035/seedfull_r2/results/8sit_hl/seed_0/predictions/8sit_hl_sample_4.cif,8sit_HL,seedfull_r2,8sit_hl_sample_4.cif,0.19422
/mnt/data/msadepth/compreps/seedrep_cand/protenix/8sit_HL/d4035/seedfull_r1/results/8sit_hl/seed_0/predictions/8sit_hl_sample_4.cif,8sit_HL,seedfull_r1,8sit_hl_sample_4.cif,0.16291
/mnt/data/msadepth/compreps/seedrep_cand/protenix/8sit_HL/d4035/seedfull_r1/results/8sit_hl/seed_0/predictions/8sit_hl_sample_1.cif,8sit_HL,seedfull_r1,8sit_hl_sample_1.cif,0.10655
/mnt/data/msadepth/compreps/seedrep_cand/protenix/8sit_HL/d4035/seedfull_r3/results/8sit_hl/seed_0/predictions/8sit_hl_sample_3.cif,8sit_HL,seedfull_r3,8sit_hl_sample_3.cif,0.27694
/mnt/data/msadepth/compreps/seedrep_cand/protenix/8sit_HL/d4035/seedfull_r2/results/8sit_hl/seed_0/predictions/8sit_hl_sample_2.cif,8sit_HL,seedfull_r2,8sit_hl_sample_2.cif,0.28636
/mnt/data/msadepth/compreps/seedrep_cand/protenix/8sit_HL/d4035/seedfull_r2/results/8sit_hl/seed_0/predictions/8sit_hl_sample_0.cif,8sit_HL,seedfull_r2,8sit_hl_sample_0.cif,0.30098
/mnt/data/msadepth/compreps/seedrep_cand/protenix/8sit_HL/d4035/seedfull_r3/results/8sit_hl/seed_0/predictions/8sit_hl_sample_4.cif,8sit_HL,seedfull_r3,8sit_hl_sample_4.cif,0.08594
/mnt/data/msadepth/compreps/seedrep_cand/protenix/8sit_HL/d4035/seedfull_r3/results/8sit_hl/seed_0/predictions/8sit_hl_sample_0.cif,8sit_HL,seedfull_r3,8sit_hl_sample_0.cif,0.12896
/mnt/data/msadepth/compreps/seedrep_cand/protenix/8sit_HL/d4035/seedfull_r1/results/8sit_hl/seed_0/predictions/8sit_hl_sample_2.cif,8sit_HL,seedfull_r1,8sit_hl_sample_2.cif,0.10988
/mnt/data/msadepth/compreps/seedrep_cand/protenix/8sit_HL/d4035/seedfull_r0/results/8sit_hl/seed_0/predictions/8sit_hl_sample_2.cif,8sit_HL,seedfull_r0,8sit_hl_sample_2.cif,0.24111
/mnt/data/msadepth/compreps/seedrep_cand/protenix/8sit_HL/d4035/seedfull_r0/results/8sit_hl/seed_0/predictions/8sit_hl_sample_1.cif,8sit_HL,seedfull_r0,8sit_hl_sample_1.cif,0.07941
/mnt/data/msadepth/compreps/seedrep_cand/protenix/8sit_HL/d4035/seedfull_r0/results/8sit_hl/seed_0/predictions/8sit_hl_sample_0.cif,8sit_HL,seedfull_r0,8sit_hl_sample_0.cif,0.08353
/mnt/data/msadepth/compreps/seedrep_cand/protenix/8sit_HL/d4035/seedfull_r0/results/8sit_hl/seed_0/predictions/8sit_hl_sample_3.cif,8sit_HL,seedfull_r0,8sit_hl_sample_3.cif,0.18418
/mnt/data/msadepth/compreps/seedrep_cand/protenix/8sit_HL/d4035/seedfull_r6/results/8sit_hl/seed_0/predictions/8sit_hl_sample_2.cif,8sit_HL,seedfull_r6,8sit_hl_sample_2.cif,0.11794
/mnt/data/msadepth/compreps/seedrep_cand/protenix/8sit_HL/d4035/seedfull_r4/results/8sit_hl/seed_0/predictions/8sit_hl_sample_0.cif,8sit_HL,seedfull_r4,8sit_hl_sample_0.cif,0.33603
/mnt/data/msadepth/compreps/seedrep_cand/protenix/8sit_HL/d4035/seedfull_r5/results/8sit_hl/seed_0/predictions/8sit_hl_sample_2.cif,8sit_HL,seedfull_r5,8sit_hl_sample_2.cif,0.25071
/mnt/data/msadepth/compreps/seedrep_cand/protenix/8sit_HL/d4035/seedfull_r4/results/8sit_hl/seed_0/predictions/8sit_hl_sample_2.cif,8sit_HL,seedfull_r4,8sit_hl_sample_2.cif,0.19333
/mnt/data/msadepth/compreps/seedrep_cand/protenix/8sit_HL/d4035/seedfull_r6/results/8sit_hl/seed_0/predictions/8sit_hl_sample_4.cif,8sit_HL,seedfull_r6,8sit_hl_sample_4.cif,0.07186
/mnt/data/msadepth/compreps/seedrep_cand/protenix/8sit_HL/d4035/seedfull_r7/results/8sit_hl/seed_0/predictions/8sit_hl_sample_4.cif,8sit_HL,seedfull_r7,8sit_hl_sample_4.cif,0.16463
/mnt/data/msadepth/compreps/seedrep_cand/protenix/8sit_HL/d4035/seedfull_r5/results/8sit_hl/seed_0/predictions/8sit_hl_sample_0.cif,8sit_HL,seedfull_r5,8sit_hl_sample_0.cif,0.0626
/mnt/data/msadepth/compreps/seedrep_cand/protenix/8sit_HL/d4035/seedfull_r5/results/8sit_hl/seed_0/predictions/8sit_hl_sample_1.cif,8sit_HL,seedfull_r5,8sit_hl_sample_1.cif,0.04665
/mnt/data/msadepth/compreps/seedrep_cand/protenix/8sit_HL/d4035/seedfull_r4/results/8sit_hl/seed_0/predictions/8sit_hl_sample_3.cif,8sit_HL,seedfull_r4,8sit_hl_sample_3.cif,0.11323
/mnt/data/msadepth/compreps/seedrep_cand/protenix/8sit_HL/d4035/seedfull_r5/results/8sit_hl/seed_0/predictions/8sit_hl_sample_3.cif,8sit_HL,seedfull_r5,8sit_hl_sample_3.cif,0.2187
/mnt/data/msadepth/compreps/seedrep_cand/protenix/8sit_HL/d4035/seedfull_r7/results/8sit_hl/seed_0/predictions/8sit_hl_sample_0.cif,8sit_HL,seedfull_r7,8sit_hl_sample_0.cif,0.05979
/mnt/data/msadepth/compreps/seedrep_cand/protenix/8sit_HL/d4035/seedfull_r6/results/8sit_hl/seed_0/predictions/8sit_hl_sample_1.cif,8sit_HL,seedfull_r6,8sit_hl_sample_1.cif,0.12873
/mnt/data/msadepth/compreps/seedrep_cand/protenix/8sit_HL/d4035/seedfull_r4/results/8sit_hl/seed_0/predictions/8sit_hl_sample_1.cif,8sit_HL,seedfull_r4,8sit_hl_sample_1.cif,0.36284
/mnt/data/msadepth/compreps/seedrep_cand/protenix/8sit_HL/d4035/seedfull_r5/results/8sit_hl/seed_0/predictions/8sit_hl_sample_4.cif,8sit_HL,seedfull_r5,8sit_hl_sample_4.cif,0.26034
/mnt/data/msadepth/compreps/seedrep_cand/protenix/8sit_HL/d4035/seedfull_r7/results/8sit_hl/seed_0/predictions/8sit_hl_sample_1.cif,8sit_HL,seedfull_r7,8sit_hl_sample_1.cif,0.20951
/mnt/data/msadepth/compreps/seedrep_cand/protenix/8sit_HL/d4035/seedfull_r4/results/8sit_hl/seed_0/predictions/8sit_hl_sample_4.cif,8sit_HL,seedfull_r4,8sit_hl_sample_4.cif,0.24255
/mnt/data/msadepth/compreps/seedrep_cand/protenix/8sit_HL/d4035/seedfull_r7/results/8sit_hl/seed_0/predictions/8sit_hl_sample_3.cif,8sit_HL,seedfull_r7,8sit_hl_sample_3.cif,0.19167
/mnt/data/msadepth/compreps/seedrep_cand/protenix/8sit_HL/d4035/seedfull_r6/results/8sit_hl/seed_0/predictions/8sit_hl_sample_0.cif,8sit_HL,seedfull_r6,8sit_hl_sample_0.cif,0.12793
/mnt/data/msadepth/compreps/seedrep_cand/protenix/8sit_HL/d4035/seedfull_r6/results/8sit_hl/seed_0/predictions/8sit_hl_sample_3.cif,8sit_HL,seedfull_r6,8sit_hl_sample_3.cif,0.17801
/mnt/data/msadepth/compreps/seedrep_cand/protenix/8sit_HL/d4035/seedfull_r7/results/8sit_hl/seed_0/predictions/8sit_hl_sample_2.cif,8sit_HL,seedfull_r7,8sit_hl_sample_2.cif,0.2444
/mnt/data/msadepth/compreps/seedrep_cand/protenix/8t4a_PR/d1824/seed0_r1/results/8t4a_pr/seed_0/predictions/8t4a_pr_sample_1.cif,8t4a_PR,seed0_r1,8t4a_pr_sample_1.cif,0.04815
/mnt/data/msadepth/compreps/seedrep_cand/protenix/8t4a_PR/d1824/seed0_r1/results/8t4a_pr/seed_0/predictions/8t4a_pr_sample_4.cif,8t4a_PR,seed0_r1,8t4a_pr_sample_4.cif,0.08969
/mnt/data/msadepth/compreps/seedrep_cand/protenix/8t4a_PR/d1824/seed0_r2/results/8t4a_pr/seed_0/predictions/8t4a_pr_sample_2.cif,8t4a_PR,seed0_r2,8t4a_pr_sample_2.cif,0.02749
/mnt/data/msadepth/compreps/seedrep_cand/protenix/8t4a_PR/d1824/seed0_r2/results/8t4a_pr/seed_0/predictions/8t4a_pr_sample_1.cif,8t4a_PR,seed0_r2,8t4a_pr_sample_1.cif,0.05851
/mnt/data/msadepth/compreps/seedrep_cand/protenix/8t4a_PR/d1824/seed0_r0/results/8t4a_pr/seed_0/predictions/8t4a_pr_sample_2.cif,8t4a_PR,seed0_r0,8t4a_pr_sample_2.cif,0.0687
/mnt/data/msadepth/compreps/seedrep_cand/protenix/8t4a_PR/d1824/seed0_r1/results/8t4a_pr/seed_0/predictions/8t4a_pr_sample_3.cif,8t4a_PR,seed0_r1,8t4a_pr_sample_3.cif,0.02318
/mnt/data/msadepth/compreps/seedrep_cand/protenix/8t4a_PR/d1824/seed0_r1/results/8t4a_pr/seed_0/predictions/8t4a_pr_sample_2.cif,8t4a_PR,seed0_r1,8t4a_pr_sample_2.cif,0.02543
/mnt/data/msadepth/compreps/seedrep_cand/protenix/8t4a_PR/d1824/seed0_r2/results/8t4a_pr/seed_0/predictions/8t4a_pr_sample_0.cif,8t4a_PR,seed0_r2,8t4a_pr_sample_0.cif,0.11739
/mnt/data/msadepth/compreps/seedrep_cand/protenix/8t4a_PR/d1824/seed0_r0/results/8t4a_pr/seed_0/predictions/8t4a_pr_sample_4.cif,8t4a_PR,seed0_r0,8t4a_pr_sample_4.cif,0.02679
/mnt/data/msadepth/compreps/seedrep_cand/protenix/8t4a_PR/d1824/seed0_r2/results/8t4a_pr/seed_0/predictions/8t4a_pr_sample_4.cif,8t4a_PR,seed0_r2,8t4a_pr_sample_4.cif,0.02292
/mnt/data/msadepth/compreps/seedrep_cand/protenix/8t4a_PR/d1824/seed0_r0/results/8t4a_pr/seed_0/predictions/8t4a_pr_sample_0.cif,8t4a_PR,seed0_r0,8t4a_pr_sample_0.cif,0.04949
/mnt/data/msadepth/compreps/seedrep_cand/protenix/8t4a_PR/d1824/seed0_r3/results/8t4a_pr/seed_0/predictions/8t4a_pr_sample_2.cif,8t4a_PR,seed0_r3,8t4a_pr_sample_2.cif,0.02568
/mnt/data/msadepth/compreps/seedrep_cand/protenix/8t4a_PR/d1824/seed0_r0/results/8t4a_pr/seed_0/predictions/8t4a_pr_sample_1.cif,8t4a_PR,seed0_r0,8t4a_pr_sample_1.cif,0.05335
/mnt/data/msadepth/compreps/seedrep_cand/protenix/8t4a_PR/d1824/seed0_r3/results/8t4a_pr/seed_0/predictions/8t4a_pr_sample_0.cif,8t4a_PR,seed0_r3,8t4a_pr_sample_0.cif,0.03598
/mnt/data/msadepth/compreps/seedrep_cand/protenix/8t4a_PR/d1824/seed0_r3/results/8t4a_pr/seed_0/predictions/8t4a_pr_sample_3.cif,8t4a_PR,seed0_r3,8t4a_pr_sample_3.cif,0.02501
/mnt/data/msadepth/compreps/seedrep_cand/protenix/8t4a_PR/d1824/seed0_r3/results/8t4a_pr/seed_0/predictions/8t4a_pr_sample_4.cif,8t4a_PR,seed0_r3,8t4a_pr_sample_4.cif,0.03035
/mnt/data/msadepth/compreps/seedrep_cand/protenix/8t4a_PR/d1824/seed0_r0/results/8t4a_pr/seed_0/predictions/8t4a_pr_sample_3.cif,8t4a_PR,seed0_r0,8t4a_pr_sample_3.cif,0.07111
/mnt/data/msadepth/compreps/seedrep_cand/protenix/8t4a_PR/d1824/seed0_r3/results/8t4a_pr/seed_0/predictions/8t4a_pr_sample_1.cif,8t4a_PR,seed0_r3,8t4a_pr_sample_1.cif,0.06291
/mnt/data/msadepth/compreps/seedrep_cand/protenix/8t4a_PR/d1824/seed0_r2/results/8t4a_pr/seed_0/predictions/8t4a_pr_sample_3.cif,8t4a_PR,seed0_r2,8t4a_pr_sample_3.cif,0.05465
/mnt/data/msadepth/compreps/seedrep_cand/protenix/8t4a_PR/d1824/seed0_r1/results/8t4a_pr/seed_0/predictions/8t4a_pr_sample_0.cif,8t4a_PR,seed0_r1,8t4a_pr_sample_0.cif,0.04398
/mnt/data/msadepth/compreps/seedrep_cand/protenix/8t4a_PR/d1824/seed1_r1/results/8t4a_pr/seed_0/predictions/8t4a_pr_sample_4.cif,8t4a_PR,seed1_r1,8t4a_pr_sample_4.cif,0.02829
/mnt/data/msadepth/compreps/seedrep_cand/protenix/8t4a_PR/d1824/seed1_r3/results/8t4a_pr/seed_0/predictions/8t4a_pr_sample_2.cif,8t4a_PR,seed1_r3,8t4a_pr_sample_2.cif,0.02644
/mnt/data/msadepth/compreps/seedrep_cand/protenix/8t4a_PR/d1824/seed1_r3/results/8t4a_pr/seed_0/predictions/8t4a_pr_sample_4.cif,8t4a_PR,seed1_r3,8t4a_pr_sample_4.cif,0.02986
/mnt/data/msadepth/compreps/seedrep_cand/protenix/8t4a_PR/d1824/seed1_r3/results/8t4a_pr/seed_0/predictions/8t4a_pr_sample_0.cif,8t4a_PR,seed1_r3,8t4a_pr_sample_0.cif,0.07799
/mnt/data/msadepth/compreps/seedrep_cand/protenix/8t4a_PR/d1824/seed1_r0/results/8t4a_pr/seed_0/predictions/8t4a_pr_sample_2.cif,8t4a_PR,seed1_r0,8t4a_pr_sample_2.cif,0.03949
/mnt/data/msadepth/compreps/seedrep_cand/protenix/8t4a_PR/d1824/seed1_r3/results/8t4a_pr/seed_0/predictions/8t4a_pr_sample_3.cif,8t4a_PR,seed1_r3,8t4a_pr_sample_3.cif,0.08852
/mnt/data/msadepth/compreps/seedrep_cand/protenix/8t4a_PR/d1824/seed1_r1/results/8t4a_pr/seed_0/predictions/8t4a_pr_sample_2.cif,8t4a_PR,seed1_r1,8t4a_pr_sample_2.cif,0.0763
/mnt/data/msadepth/compreps/seedrep_cand/protenix/8t4a_PR/d1824/seed1_r2/results/8t4a_pr/seed_0/predictions/8t4a_pr_sample_4.cif,8t4a_PR,seed1_r2,8t4a_pr_sample_4.cif,0.02986
/mnt/data/msadepth/compreps/seedrep_cand/protenix/8t4a_PR/d1824/seed1_r0/results/8t4a_pr/seed_0/predictions/8t4a_pr_sample_1.cif,8t4a_PR,seed1_r0,8t4a_pr_sample_1.cif,0.03794
/mnt/data/msadepth/compreps/seedrep_cand/protenix/8t4a_PR/d1824/seed1_r3/results/8t4a_pr/seed_0/predictions/8t4a_pr_sample_1.cif,8t4a_PR,seed1_r3,8t4a_pr_sample_1.cif,0.02492
/mnt/data/msadepth/compreps/seedrep_cand/protenix/8t4a_PR/d1824/seed1_r2/results/8t4a_pr/seed_0/predictions/8t4a_pr_sample_3.cif,8t4a_PR,seed1_r2,8t4a_pr_sample_3.cif,0.03188
/mnt/data/msadepth/compreps/seedrep_cand/protenix/8t4a_PR/d1824/seed1_r2/results/8t4a_pr/seed_0/predictions/8t4a_pr_sample_2.cif,8t4a_PR,seed1_r2,8t4a_pr_sample_2.cif,0.0271
/mnt/data/msadepth/compreps/seedrep_cand/protenix/8t4a_PR/d1824/seed1_r1/results/8t4a_pr/seed_0/predictions/8t4a_pr_sample_1.cif,8t4a_PR,seed1_r1,8t4a_pr_sample_1.cif,0.04206
/mnt/data/msadepth/compreps/seedrep_cand/protenix/8t4a_PR/d1824/seed1_r0/results/8t4a_pr/seed_0/predictions/8t4a_pr_sample_4.cif,8t4a_PR,seed1_r0,8t4a_pr_sample_4.cif,0.03952
/mnt/data/msadepth/compreps/seedrep_cand/protenix/8t4a_PR/d1824/seed1_r2/results/8t4a_pr/seed_0/predictions/8t4a_pr_sample_0.cif,8t4a_PR,seed1_r2,8t4a_pr_sample_0.cif,0.03705
/mnt/data/msadepth/compreps/seedrep_cand/protenix/8t4a_PR/d1824/seed1_r1/results/8t4a_pr/seed_0/predictions/8t4a_pr_sample_3.cif,8t4a_PR,seed1_r1,8t4a_pr_sample_3.cif,0.02521
/mnt/data/msadepth/compreps/seedrep_cand/protenix/8t4a_PR/d1824/seed1_r0/results/8t4a_pr/seed_0/predictions/8t4a_pr_sample_3.cif,8t4a_PR,seed1_r0,8t4a_pr_sample_3.cif,0.07734
/mnt/data/msadepth/compreps/seedrep_cand/protenix/8t4a_PR/d1824/seed1_r2/results/8t4a_pr/seed_0/predictions/8t4a_pr_sample_1.cif,8t4a_PR,seed1_r2,8t4a_pr_sample_1.cif,0.03329
/mnt/data/msadepth/compreps/seedrep_cand/protenix/8t4a_PR/d1824/seed1_r1/results/8t4a_pr/seed_0/predictions/8t4a_pr_sample_0.cif,8t4a_PR,seed1_r1,8t4a_pr_sample_0.cif,0.05084
/mnt/data/msadepth/compreps/seedrep_cand/protenix/8t4a_PR/d1824/seed1_r0/results/8t4a_pr/seed_0/predictions/8t4a_pr_sample_0.cif,8t4a_PR,seed1_r0,8t4a_pr_sample_0.cif,0.02553
/mnt/data/msadepth/compreps/seedrep_cand/protenix/8t4a_PR/d1824/seed2_r2/results/8t4a_pr/seed_0/predictions/8t4a_pr_sample_2.cif,8t4a_PR,seed2_r2,8t4a_pr_sample_2.cif,0.05357
/mnt/data/msadepth/compreps/seedrep_cand/protenix/8t4a_PR/d1824/seed2_r0/results/8t4a_pr/seed_0/predictions/8t4a_pr_sample_1.cif,8t4a_PR,seed2_r0,8t4a_pr_sample_1.cif,0.02906
/mnt/data/msadepth/compreps/seedrep_cand/protenix/8t4a_PR/d1824/seed2_r1/results/8t4a_pr/seed_0/predictions/8t4a_pr_sample_1.cif,8t4a_PR,seed2_r1,8t4a_pr_sample_1.cif,0.04566
/mnt/data/msadepth/compreps/seedrep_cand/protenix/8t4a_PR/d1824/seed2_r1/results/8t4a_pr/seed_0/predictions/8t4a_pr_sample_4.cif,8t4a_PR,seed2_r1,8t4a_pr_sample_4.cif,0.03117
/mnt/data/msadepth/compreps/seedrep_cand/protenix/8t4a_PR/d1824/seed2_r2/results/8t4a_pr/seed_0/predictions/8t4a_pr_sample_3.cif,8t4a_PR,seed2_r2,8t4a_pr_sample_3.cif,0.0228
/mnt/data/msadepth/compreps/seedrep_cand/protenix/8t4a_PR/d1824/seed2_r0/results/8t4a_pr/seed_0/predictions/8t4a_pr_sample_2.cif,8t4a_PR,seed2_r0,8t4a_pr_sample_2.cif,0.02634
/mnt/data/msadepth/compreps/seedrep_cand/protenix/8t4a_PR/d1824/seed2_r3/results/8t4a_pr/seed_0/predictions/8t4a_pr_sample_2.cif,8t4a_PR,seed2_r3,8t4a_pr_sample_2.cif,0.02549
/mnt/data/msadepth/compreps/seedrep_cand/protenix/8t4a_PR/d1824/seed2_r3/results/8t4a_pr/seed_0/predictions/8t4a_pr_sample_1.cif,8t4a_PR,seed2_r3,8t4a_pr_sample_1.cif,0.03343
/mnt/data/msadepth/compreps/seedrep_cand/protenix/8t4a_PR/d1824/seed2_r3/results/8t4a_pr/seed_0/predictions/8t4a_pr_sample_3.cif,8t4a_PR,seed2_r3,8t4a_pr_sample_3.cif,0.05489
/mnt/data/msadepth/compreps/seedrep_cand/protenix/8t4a_PR/d1824/seed2_r1/results/8t4a_pr/seed_0/predictions/8t4a_pr_sample_2.cif,8t4a_PR,seed2_r1,8t4a_pr_sample_2.cif,0.02689
/mnt/data/msadepth/compreps/seedrep_cand/protenix/8t4a_PR/d1824/seed2_r2/results/8t4a_pr/seed_0/predictions/8t4a_pr_sample_1.cif,8t4a_PR,seed2_r2,8t4a_pr_sample_1.cif,0.06531
/mnt/data/msadepth/compreps/seedrep_cand/protenix/8t4a_PR/d1824/seed2_r2/results/8t4a_pr/seed_0/predictions/8t4a_pr_sample_0.cif,8t4a_PR,seed2_r2,8t4a_pr_sample_0.cif,0.03464
/mnt/data/msadepth/compreps/seedrep_cand/protenix/8t4a_PR/d1824/seed2_r1/results/8t4a_pr/seed_0/predictions/8t4a_pr_sample_0.cif,8t4a_PR,seed2_r1,8t4a_pr_sample_0.cif,0.05678
/mnt/data/msadepth/compreps/seedrep_cand/protenix/8t4a_PR/d1824/seed2_r3/results/8t4a_pr/seed_0/predictions/8t4a_pr_sample_0.cif,8t4a_PR,seed2_r3,8t4a_pr_sample_0.cif,0.02764
/mnt/data/msadepth/compreps/seedrep_cand/protenix/8t4a_PR/d1824/seed2_r0/results/8t4a_pr/seed_0/predictions/8t4a_pr_sample_3.cif,8t4a_PR,seed2_r0,8t4a_pr_sample_3.cif,0.02262
/mnt/data/msadepth/compreps/seedrep_cand/protenix/8t4a_PR/d1824/seed2_r3/results/8t4a_pr/seed_0/predictions/8t4a_pr_sample_4.cif,8t4a_PR,seed2_r3,8t4a_pr_sample_4.cif,0.025
/mnt/data/msadepth/compreps/seedrep_cand/protenix/8t4a_PR/d1824/seed2_r0/results/8t4a_pr/seed_0/predictions/8t4a_pr_sample_0.cif,8t4a_PR,seed2_r0,8t4a_pr_sample_0.cif,0.05855
/mnt/data/msadepth/compreps/seedrep_cand/protenix/8t4a_PR/d1824/seed2_r1/results/8t4a_pr/seed_0/predictions/8t4a_pr_sample_3.cif,8t4a_PR,seed2_r1,8t4a_pr_sample_3.cif,0.03775
/mnt/data/msadepth/compreps/seedrep_cand/protenix/8t4a_PR/d1824/seed2_r2/results/8t4a_pr/seed_0/predictions/8t4a_pr_sample_4.cif,8t4a_PR,seed2_r2,8t4a_pr_sample_4.cif,0.05754
/mnt/data/msadepth/compreps/seedrep_cand/protenix/8t4a_PR/d1824/seed2_r0/results/8t4a_pr/seed_0/predictions/8t4a_pr_sample_4.cif,8t4a_PR,seed2_r0,8t4a_pr_sample_4.cif,0.02716
/mnt/data/msadepth/compreps/seedrep_cand/protenix/8t4a_PR/d1824/seed3_r1/results/8t4a_pr/seed_0/predictions/8t4a_pr_sample_4.cif,8t4a_PR,seed3_r1,8t4a_pr_sample_4.cif,0.07438
/mnt/data/msadepth/compreps/seedrep_cand/protenix/8t4a_PR/d1824/seed3_r3/results/8t4a_pr/seed_0/predictions/8t4a_pr_sample_4.cif,8t4a_PR,seed3_r3,8t4a_pr_sample_4.cif,0.0281
/mnt/data/msadepth/compreps/seedrep_cand/protenix/8t4a_PR/d1824/seed3_r0/results/8t4a_pr/seed_0/predictions/8t4a_pr_sample_0.cif,8t4a_PR,seed3_r0,8t4a_pr_sample_0.cif,0.02587
/mnt/data/msadepth/compreps/seedrep_cand/protenix/8t4a_PR/d1824/seed3_r3/results/8t4a_pr/seed_0/predictions/8t4a_pr_sample_2.cif,8t4a_PR,seed3_r3,8t4a_pr_sample_2.cif,0.02888
/mnt/data/msadepth/compreps/seedrep_cand/protenix/8t4a_PR/d1824/seed3_r2/results/8t4a_pr/seed_0/predictions/8t4a_pr_sample_3.cif,8t4a_PR,seed3_r2,8t4a_pr_sample_3.cif,0.02469
/mnt/data/msadepth/compreps/seedrep_cand/protenix/8t4a_PR/d1824/seed3_r2/results/8t4a_pr/seed_0/predictions/8t4a_pr_sample_4.cif,8t4a_PR,seed3_r2,8t4a_pr_sample_4.cif,0.08124
/mnt/data/msadepth/compreps/seedrep_cand/protenix/8t4a_PR/d1824/seed3_r0/results/8t4a_pr/seed_0/predictions/8t4a_pr_sample_3.cif,8t4a_PR,seed3_r0,8t4a_pr_sample_3.cif,0.1548
/mnt/data/msadepth/compreps/seedrep_cand/protenix/8t4a_PR/d1824/seed3_r2/results/8t4a_pr/seed_0/predictions/8t4a_pr_sample_0.cif,8t4a_PR,seed3_r2,8t4a_pr_sample_0.cif,0.02711
/mnt/data/msadepth/compreps/seedrep_cand/protenix/8t4a_PR/d1824/seed3_r1/results/8t4a_pr/seed_0/predictions/8t4a_pr_sample_3.cif,8t4a_PR,seed3_r1,8t4a_pr_sample_3.cif,0.03146
/mnt/data/msadepth/compreps/seedrep_cand/protenix/8t4a_PR/d1824/seed3_r0/results/8t4a_pr/seed_0/predictions/8t4a_pr_sample_1.cif,8t4a_PR,seed3_r0,8t4a_pr_sample_1.cif,0.05423
/mnt/data/msadepth/compreps/seedrep_cand/protenix/8t4a_PR/d1824/seed3_r2/results/8t4a_pr/seed_0/predictions/8t4a_pr_sample_2.cif,8t4a_PR,seed3_r2,8t4a_pr_sample_2.cif,0.02754
/mnt/data/msadepth/compreps/seedrep_cand/protenix/8t4a_PR/d1824/seed3_r0/results/8t4a_pr/seed_0/predictions/8t4a_pr_sample_4.cif,8t4a_PR,seed3_r0,8t4a_pr_sample_4.cif,0.04189
/mnt/data/msadepth/compreps/seedrep_cand/protenix/8t4a_PR/d1824/seed3_r3/results/8t4a_pr/seed_0/predictions/8t4a_pr_sample_3.cif,8t4a_PR,seed3_r3,8t4a_pr_sample_3.cif,0.04634
/mnt/data/msadepth/compreps/seedrep_cand/protenix/8t4a_PR/d1824/seed3_r1/results/8t4a_pr/seed_0/predictions/8t4a_pr_sample_2.cif,8t4a_PR,seed3_r1,8t4a_pr_sample_2.cif,0.02884
/mnt/data/msadepth/compreps/seedrep_cand/protenix/8t4a_PR/d1824/seed3_r3/results/8t4a_pr/seed_0/predictions/8t4a_pr_sample_1.cif,8t4a_PR,seed3_r3,8t4a_pr_sample_1.cif,0.05865
/mnt/data/msadepth/compreps/seedrep_cand/protenix/8t4a_PR/d1824/seed3_r2/results/8t4a_pr/seed_0/predictions/8t4a_pr_sample_1.cif,8t4a_PR,seed3_r2,8t4a_pr_sample_1.cif,0.02261
/mnt/data/msadepth/compreps/seedrep_cand/protenix/8t4a_PR/d1824/seed3_r1/results/8t4a_pr/seed_0/predictions/8t4a_pr_sample_1.cif,8t4a_PR,seed3_r1,8t4a_pr_sample_1.cif,0.02825
/mnt/data/msadepth/compreps/seedrep_cand/protenix/8t4a_PR/d1824/seed3_r0/results/8t4a_pr/seed_0/predictions/8t4a_pr_sample_2.cif,8t4a_PR,seed3_r0,8t4a_pr_sample_2.cif,0.03453
/mnt/data/msadepth/compreps/seedrep_cand/protenix/8t4a_PR/d1824/seed3_r3/results/8t4a_pr/seed_0/predictions/8t4a_pr_sample_0.cif,8t4a_PR,seed3_r3,8t4a_pr_sample_0.cif,0.02286
/mnt/data/msadepth/compreps/seedrep_cand/protenix/8t4a_PR/d1824/seed3_r1/results/8t4a_pr/seed_0/predictions/8t4a_pr_sample_0.cif,8t4a_PR,seed3_r1,8t4a_pr_sample_0.cif,0.03289
/mnt/data/msadepth/compreps/seedrep_cand/protenix/8t4a_PR/d1824/seed4_r2/results/8t4a_pr/seed_0/predictions/8t4a_pr_sample_4.cif,8t4a_PR,seed4_r2,8t4a_pr_sample_4.cif,0.03688
/mnt/data/msadepth/compreps/seedrep_cand/protenix/8t4a_PR/d1824/seed4_r3/results/8t4a_pr/seed_0/predictions/8t4a_pr_sample_1.cif,8t4a_PR,seed4_r3,8t4a_pr_sample_1.cif,0.03318
/mnt/data/msadepth/compreps/seedrep_cand/protenix/8t4a_PR/d1824/seed4_r2/results/8t4a_pr/seed_0/predictions/8t4a_pr_sample_2.cif,8t4a_PR,seed4_r2,8t4a_pr_sample_2.cif,0.03484
/mnt/data/msadepth/compreps/seedrep_cand/protenix/8t4a_PR/d1824/seed4_r1/results/8t4a_pr/seed_0/predictions/8t4a_pr_sample_0.cif,8t4a_PR,seed4_r1,8t4a_pr_sample_0.cif,0.02592
/mnt/data/msadepth/compreps/seedrep_cand/protenix/8t4a_PR/d1824/seed4_r0/results/8t4a_pr/seed_0/predictions/8t4a_pr_sample_0.cif,8t4a_PR,seed4_r0,8t4a_pr_sample_0.cif,0.05703
/mnt/data/msadepth/compreps/seedrep_cand/protenix/8t4a_PR/d1824/seed4_r1/results/8t4a_pr/seed_0/predictions/8t4a_pr_sample_1.cif,8t4a_PR,seed4_r1,8t4a_pr_sample_1.cif,0.02836
/mnt/data/msadepth/compreps/seedrep_cand/protenix/8t4a_PR/d1824/seed4_r3/results/8t4a_pr/seed_0/predictions/8t4a_pr_sample_3.cif,8t4a_PR,seed4_r3,8t4a_pr_sample_3.cif,0.03656
/mnt/data/msadepth/compreps/seedrep_cand/protenix/8t4a_PR/d1824/seed4_r1/results/8t4a_pr/seed_0/predictions/8t4a_pr_sample_3.cif,8t4a_PR,seed4_r1,8t4a_pr_sample_3.cif,0.02267
/mnt/data/msadepth/compreps/seedrep_cand/protenix/8t4a_PR/d1824/seed4_r3/results/8t4a_pr/seed_0/predictions/8t4a_pr_sample_4.cif,8t4a_PR,seed4_r3,8t4a_pr_sample_4.cif,0.05942
/mnt/data/msadepth/compreps/seedrep_cand/protenix/8t4a_PR/d1824/seed4_r0/results/8t4a_pr/seed_0/predictions/8t4a_pr_sample_3.cif,8t4a_PR,seed4_r0,8t4a_pr_sample_3.cif,0.03941
/mnt/data/msadepth/compreps/seedrep_cand/protenix/8t4a_PR/d1824/seed4_r2/results/8t4a_pr/seed_0/predictions/8t4a_pr_sample_3.cif,8t4a_PR,seed4_r2,8t4a_pr_sample_3.cif,0.04342
/mnt/data/msadepth/compreps/seedrep_cand/protenix/8t4a_PR/d1824/seed4_r0/results/8t4a_pr/seed_0/predictions/8t4a_pr_sample_1.cif,8t4a_PR,seed4_r0,8t4a_pr_sample_1.cif,0.13026
/mnt/data/msadepth/compreps/seedrep_cand/protenix/8t4a_PR/d1824/seed4_r1/results/8t4a_pr/seed_0/predictions/8t4a_pr_sample_2.cif,8t4a_PR,seed4_r1,8t4a_pr_sample_2.cif,0.03537
/mnt/data/msadepth/compreps/seedrep_cand/protenix/8t4a_PR/d1824/seed4_r2/results/8t4a_pr/seed_0/predictions/8t4a_pr_sample_1.cif,8t4a_PR,seed4_r2,8t4a_pr_sample_1.cif,0.03122
/mnt/data/msadepth/compreps/seedrep_cand/protenix/8t4a_PR/d1824/seed4_r2/results/8t4a_pr/seed_0/predictions/8t4a_pr_sample_0.cif,8t4a_PR,seed4_r2,8t4a_pr_sample_0.cif,0.02872
/mnt/data/msadepth/compreps/seedrep_cand/protenix/8t4a_PR/d1824/seed4_r0/results/8t4a_pr/seed_0/predictions/8t4a_pr_sample_2.cif,8t4a_PR,seed4_r0,8t4a_pr_sample_2.cif,0.08068
/mnt/data/msadepth/compreps/seedrep_cand/protenix/8t4a_PR/d1824/seed4_r3/results/8t4a_pr/seed_0/predictions/8t4a_pr_sample_2.cif,8t4a_PR,seed4_r3,8t4a_pr_sample_2.cif,0.07467
/mnt/data/msadepth/compreps/seedrep_cand/protenix/8t4a_PR/d1824/seed4_r0/results/8t4a_pr/seed_0/predictions/8t4a_pr_sample_4.cif,8t4a_PR,seed4_r0,8t4a_pr_sample_4.cif,0.10512
/mnt/data/msadepth/compreps/seedrep_cand/protenix/8t4a_PR/d1824/seed4_r3/results/8t4a_pr/seed_0/predictions/8t4a_pr_sample_0.cif,8t4a_PR,seed4_r3,8t4a_pr_sample_0.cif,0.0628
/mnt/data/msadepth/compreps/seedrep_cand/protenix/8t4a_PR/d1824/seed4_r1/results/8t4a_pr/seed_0/predictions/8t4a_pr_sample_4.cif,8t4a_PR,seed4_r1,8t4a_pr_sample_4.cif,0.0506
/mnt/data/msadepth/compreps/seedrep_cand/protenix/8t4a_PR/d1824/seed5_r1/results/8t4a_pr/seed_0/predictions/8t4a_pr_sample_0.cif,8t4a_PR,seed5_r1,8t4a_pr_sample_0.cif,0.03769
/mnt/data/msadepth/compreps/seedrep_cand/protenix/8t4a_PR/d1824/seed5_r2/results/8t4a_pr/seed_0/predictions/8t4a_pr_sample_2.cif,8t4a_PR,seed5_r2,8t4a_pr_sample_2.cif,0.0675
/mnt/data/msadepth/compreps/seedrep_cand/protenix/8t4a_PR/d1824/seed5_r2/results/8t4a_pr/seed_0/predictions/8t4a_pr_sample_4.cif,8t4a_PR,seed5_r2,8t4a_pr_sample_4.cif,0.05646
/mnt/data/msadepth/compreps/seedrep_cand/protenix/8t4a_PR/d1824/seed5_r1/results/8t4a_pr/seed_0/predictions/8t4a_pr_sample_2.cif,8t4a_PR,seed5_r1,8t4a_pr_sample_2.cif,0.02488
/mnt/data/msadepth/compreps/seedrep_cand/protenix/8t4a_PR/d1824/seed5_r1/results/8t4a_pr/seed_0/predictions/8t4a_pr_sample_4.cif,8t4a_PR,seed5_r1,8t4a_pr_sample_4.cif,0.03216
/mnt/data/msadepth/compreps/seedrep_cand/protenix/8t4a_PR/d1824/seed5_r1/results/8t4a_pr/seed_0/predictions/8t4a_pr_sample_1.cif,8t4a_PR,seed5_r1,8t4a_pr_sample_1.cif,0.06618
/mnt/data/msadepth/compreps/seedrep_cand/protenix/8t4a_PR/d1824/seed5_r0/results/8t4a_pr/seed_0/predictions/8t4a_pr_sample_2.cif,8t4a_PR,seed5_r0,8t4a_pr_sample_2.cif,0.02561
/mnt/data/msadepth/compreps/seedrep_cand/protenix/8t4a_PR/d1824/seed5_r2/results/8t4a_pr/seed_0/predictions/8t4a_pr_sample_3.cif,8t4a_PR,seed5_r2,8t4a_pr_sample_3.cif,0.02875
/mnt/data/msadepth/compreps/seedrep_cand/protenix/8t4a_PR/d1824/seed5_r0/results/8t4a_pr/seed_0/predictions/8t4a_pr_sample_4.cif,8t4a_PR,seed5_r0,8t4a_pr_sample_4.cif,0.07215
/mnt/data/msadepth/compreps/seedrep_cand/protenix/8t4a_PR/d1824/seed5_r0/results/8t4a_pr/seed_0/predictions/8t4a_pr_sample_1.cif,8t4a_PR,seed5_r0,8t4a_pr_sample_1.cif,0.02603
/mnt/data/msadepth/compreps/seedrep_cand/protenix/8t4a_PR/d1824/seed5_r0/results/8t4a_pr/seed_0/predictions/8t4a_pr_sample_0.cif,8t4a_PR,seed5_r0,8t4a_pr_sample_0.cif,0.04388
/mnt/data/msadepth/compreps/seedrep_cand/protenix/8t4a_PR/d1824/seed5_r3/results/8t4a_pr/seed_0/predictions/8t4a_pr_sample_3.cif,8t4a_PR,seed5_r3,8t4a_pr_sample_3.cif,0.02782
/mnt/data/msadepth/compreps/seedrep_cand/protenix/8t4a_PR/d1824/seed5_r2/results/8t4a_pr/seed_0/predictions/8t4a_pr_sample_0.cif,8t4a_PR,seed5_r2,8t4a_pr_sample_0.cif,0.02689
/mnt/data/msadepth/compreps/seedrep_cand/protenix/8t4a_PR/d1824/seed5_r2/results/8t4a_pr/seed_0/predictions/8t4a_pr_sample_1.cif,8t4a_PR,seed5_r2,8t4a_pr_sample_1.cif,0.02391
/mnt/data/msadepth/compreps/seedrep_cand/protenix/8t4a_PR/d1824/seed5_r3/results/8t4a_pr/seed_0/predictions/8t4a_pr_sample_1.cif,8t4a_PR,seed5_r3,8t4a_pr_sample_1.cif,0.02737
/mnt/data/msadepth/compreps/seedrep_cand/protenix/8t4a_PR/d1824/seed5_r3/results/8t4a_pr/seed_0/predictions/8t4a_pr_sample_0.cif,8t4a_PR,seed5_r3,8t4a_pr_sample_0.cif,0.04591
/mnt/data/msadepth/compreps/seedrep_cand/protenix/8t4a_PR/d1824/seed5_r0/results/8t4a_pr/seed_0/predictions/8t4a_pr_sample_3.cif,8t4a_PR,seed5_r0,8t4a_pr_sample_3.cif,0.02627
/mnt/data/msadepth/compreps/seedrep_cand/protenix/8t4a_PR/d1824/seed5_r1/results/8t4a_pr/seed_0/predictions/8t4a_pr_sample_3.cif,8t4a_PR,seed5_r1,8t4a_pr_sample_3.cif,0.05486
/mnt/data/msadepth/compreps/seedrep_cand/protenix/8t4a_PR/d1824/seed5_r3/results/8t4a_pr/seed_0/predictions/8t4a_pr_sample_4.cif,8t4a_PR,seed5_r3,8t4a_pr_sample_4.cif,0.03899
/mnt/data/msadepth/compreps/seedrep_cand/protenix/8t4a_PR/d1824/seed5_r3/results/8t4a_pr/seed_0/predictions/8t4a_pr_sample_2.cif,8t4a_PR,seed5_r3,8t4a_pr_sample_2.cif,0.02779
/mnt/data/msadepth/compreps/seedrep_cand/protenix/8t4a_PR/d1824/seedfull_r1/results/8t4a_pr/seed_0/predictions/8t4a_pr_sample_3.cif,8t4a_PR,seedfull_r1,8t4a_pr_sample_3.cif,0.02517
/mnt/data/msadepth/compreps/seedrep_cand/protenix/8t4a_PR/d1824/seedfull_r2/results/8t4a_pr/seed_0/predictions/8t4a_pr_sample_1.cif,8t4a_PR,seedfull_r2,8t4a_pr_sample_1.cif,0.03192
/mnt/data/msadepth/compreps/seedrep_cand/protenix/8t4a_PR/d1824/seedfull_r3/results/8t4a_pr/seed_0/predictions/8t4a_pr_sample_2.cif,8t4a_PR,seedfull_r3,8t4a_pr_sample_2.cif,0.02381
/mnt/data/msadepth/compreps/seedrep_cand/protenix/8t4a_PR/d1824/seedfull_r2/results/8t4a_pr/seed_0/predictions/8t4a_pr_sample_3.cif,8t4a_PR,seedfull_r2,8t4a_pr_sample_3.cif,0.0556
/mnt/data/msadepth/compreps/seedrep_cand/protenix/8t4a_PR/d1824/seedfull_r1/results/8t4a_pr/seed_0/predictions/8t4a_pr_sample_0.cif,8t4a_PR,seedfull_r1,8t4a_pr_sample_0.cif,0.05023
/mnt/data/msadepth/compreps/seedrep_cand/protenix/8t4a_PR/d1824/seedfull_r0/results/8t4a_pr/seed_0/predictions/8t4a_pr_sample_4.cif,8t4a_PR,seedfull_r0,8t4a_pr_sample_4.cif,0.07849
/mnt/data/msadepth/compreps/seedrep_cand/protenix/8t4a_PR/d1824/seedfull_r3/results/8t4a_pr/seed_0/predictions/8t4a_pr_sample_1.cif,8t4a_PR,seedfull_r3,8t4a_pr_sample_1.cif,0.03658
/mnt/data/msadepth/compreps/seedrep_cand/protenix/8t4a_PR/d1824/seedfull_r2/results/8t4a_pr/seed_0/predictions/8t4a_pr_sample_4.cif,8t4a_PR,seedfull_r2,8t4a_pr_sample_4.cif,0.06186
/mnt/data/msadepth/compreps/seedrep_cand/protenix/8t4a_PR/d1824/seedfull_r1/results/8t4a_pr/seed_0/predictions/8t4a_pr_sample_4.cif,8t4a_PR,seedfull_r1,8t4a_pr_sample_4.cif,0.05028
/mnt/data/msadepth/compreps/seedrep_cand/protenix/8t4a_PR/d1824/seedfull_r1/results/8t4a_pr/seed_0/predictions/8t4a_pr_sample_1.cif,8t4a_PR,seedfull_r1,8t4a_pr_sample_1.cif,0.05129
/mnt/data/msadepth/compreps/seedrep_cand/protenix/8t4a_PR/d1824/seedfull_r3/results/8t4a_pr/seed_0/predictions/8t4a_pr_sample_3.cif,8t4a_PR,seedfull_r3,8t4a_pr_sample_3.cif,0.055
/mnt/data/msadepth/compreps/seedrep_cand/protenix/8t4a_PR/d1824/seedfull_r2/results/8t4a_pr/seed_0/predictions/8t4a_pr_sample_2.cif,8t4a_PR,seedfull_r2,8t4a_pr_sample_2.cif,0.03826
/mnt/data/msadepth/compreps/seedrep_cand/protenix/8t4a_PR/d1824/seedfull_r2/results/8t4a_pr/seed_0/predictions/8t4a_pr_sample_0.cif,8t4a_PR,seedfull_r2,8t4a_pr_sample_0.cif,0.02235
/mnt/data/msadepth/compreps/seedrep_cand/protenix/8t4a_PR/d1824/seedfull_r3/results/8t4a_pr/seed_0/predictions/8t4a_pr_sample_4.cif,8t4a_PR,seedfull_r3,8t4a_pr_sample_4.cif,0.04063
/mnt/data/msadepth/compreps/seedrep_cand/protenix/8t4a_PR/d1824/seedfull_r3/results/8t4a_pr/seed_0/predictions/8t4a_pr_sample_0.cif,8t4a_PR,seedfull_r3,8t4a_pr_sample_0.cif,0.03388
/mnt/data/msadepth/compreps/seedrep_cand/protenix/8t4a_PR/d1824/seedfull_r1/results/8t4a_pr/seed_0/predictions/8t4a_pr_sample_2.cif,8t4a_PR,seedfull_r1,8t4a_pr_sample_2.cif,0.06815
/mnt/data/msadepth/compreps/seedrep_cand/protenix/8t4a_PR/d1824/seedfull_r0/results/8t4a_pr/seed_0/predictions/8t4a_pr_sample_2.cif,8t4a_PR,seedfull_r0,8t4a_pr_sample_2.cif,0.03167
/mnt/data/msadepth/compreps/seedrep_cand/protenix/8t4a_PR/d1824/seedfull_r0/results/8t4a_pr/seed_0/predictions/8t4a_pr_sample_1.cif,8t4a_PR,seedfull_r0,8t4a_pr_sample_1.cif,0.04447
/mnt/data/msadepth/compreps/seedrep_cand/protenix/8t4a_PR/d1824/seedfull_r0/results/8t4a_pr/seed_0/predictions/8t4a_pr_sample_0.cif,8t4a_PR,seedfull_r0,8t4a_pr_sample_0.cif,0.02409
/mnt/data/msadepth/compreps/seedrep_cand/protenix/8t4a_PR/d1824/seedfull_r0/results/8t4a_pr/seed_0/predictions/8t4a_pr_sample_3.cif,8t4a_PR,seedfull_r0,8t4a_pr_sample_3.cif,0.09412
/mnt/data/msadepth/compreps/seedrep_cand/protenix/8t4a_PR/d1824/seedfull_r6/results/8t4a_pr/seed_0/predictions/8t4a_pr_sample_2.cif,8t4a_PR,seedfull_r6,8t4a_pr_sample_2.cif,0.04415
/mnt/data/msadepth/compreps/seedrep_cand/protenix/8t4a_PR/d1824/seedfull_r4/results/8t4a_pr/seed_0/predictions/8t4a_pr_sample_0.cif,8t4a_PR,seedfull_r4,8t4a_pr_sample_0.cif,0.0255
/mnt/data/msadepth/compreps/seedrep_cand/protenix/8t4a_PR/d1824/seedfull_r5/results/8t4a_pr/seed_0/predictions/8t4a_pr_sample_2.cif,8t4a_PR,seedfull_r5,8t4a_pr_sample_2.cif,0.02411
/mnt/data/msadepth/compreps/seedrep_cand/protenix/8t4a_PR/d1824/seedfull_r4/results/8t4a_pr/seed_0/predictions/8t4a_pr_sample_2.cif,8t4a_PR,seedfull_r4,8t4a_pr_sample_2.cif,0.15065
/mnt/data/msadepth/compreps/seedrep_cand/protenix/8t4a_PR/d1824/seedfull_r6/results/8t4a_pr/seed_0/predictions/8t4a_pr_sample_4.cif,8t4a_PR,seedfull_r6,8t4a_pr_sample_4.cif,0.05424
/mnt/data/msadepth/compreps/seedrep_cand/protenix/8t4a_PR/d1824/seedfull_r7/results/8t4a_pr/seed_0/predictions/8t4a_pr_sample_4.cif,8t4a_PR,seedfull_r7,8t4a_pr_sample_4.cif,0.14602
/mnt/data/msadepth/compreps/seedrep_cand/protenix/8t4a_PR/d1824/seedfull_r5/results/8t4a_pr/seed_0/predictions/8t4a_pr_sample_0.cif,8t4a_PR,seedfull_r5,8t4a_pr_sample_0.cif,0.02298
/mnt/data/msadepth/compreps/seedrep_cand/protenix/8t4a_PR/d1824/seedfull_r5/results/8t4a_pr/seed_0/predictions/8t4a_pr_sample_1.cif,8t4a_PR,seedfull_r5,8t4a_pr_sample_1.cif,0.03223
/mnt/data/msadepth/compreps/seedrep_cand/protenix/8t4a_PR/d1824/seedfull_r4/results/8t4a_pr/seed_0/predictions/8t4a_pr_sample_3.cif,8t4a_PR,seedfull_r4,8t4a_pr_sample_3.cif,0.0432
/mnt/data/msadepth/compreps/seedrep_cand/protenix/8t4a_PR/d1824/seedfull_r5/results/8t4a_pr/seed_0/predictions/8t4a_pr_sample_3.cif,8t4a_PR,seedfull_r5,8t4a_pr_sample_3.cif,0.05131
/mnt/data/msadepth/compreps/seedrep_cand/protenix/8t4a_PR/d1824/seedfull_r7/results/8t4a_pr/seed_0/predictions/8t4a_pr_sample_0.cif,8t4a_PR,seedfull_r7,8t4a_pr_sample_0.cif,0.02479
/mnt/data/msadepth/compreps/seedrep_cand/protenix/8t4a_PR/d1824/seedfull_r6/results/8t4a_pr/seed_0/predictions/8t4a_pr_sample_1.cif,8t4a_PR,seedfull_r6,8t4a_pr_sample_1.cif,0.03251
/mnt/data/msadepth/compreps/seedrep_cand/protenix/8t4a_PR/d1824/seedfull_r4/results/8t4a_pr/seed_0/predictions/8t4a_pr_sample_1.cif,8t4a_PR,seedfull_r4,8t4a_pr_sample_1.cif,0.03521
/mnt/data/msadepth/compreps/seedrep_cand/protenix/8t4a_PR/d1824/seedfull_r5/results/8t4a_pr/seed_0/predictions/8t4a_pr_sample_4.cif,8t4a_PR,seedfull_r5,8t4a_pr_sample_4.cif,0.20023
/mnt/data/msadepth/compreps/seedrep_cand/protenix/8t4a_PR/d1824/seedfull_r7/results/8t4a_pr/seed_0/predictions/8t4a_pr_sample_1.cif,8t4a_PR,seedfull_r7,8t4a_pr_sample_1.cif,0.04484
/mnt/data/msadepth/compreps/seedrep_cand/protenix/8t4a_PR/d1824/seedfull_r4/results/8t4a_pr/seed_0/predictions/8t4a_pr_sample_4.cif,8t4a_PR,seedfull_r4,8t4a_pr_sample_4.cif,0.03963
/mnt/data/msadepth/compreps/seedrep_cand/protenix/8t4a_PR/d1824/seedfull_r7/results/8t4a_pr/seed_0/predictions/8t4a_pr_sample_3.cif,8t4a_PR,seedfull_r7,8t4a_pr_sample_3.cif,0.03016
/mnt/data/msadepth/compreps/seedrep_cand/protenix/8t4a_PR/d1824/seedfull_r6/results/8t4a_pr/seed_0/predictions/8t4a_pr_sample_0.cif,8t4a_PR,seedfull_r6,8t4a_pr_sample_0.cif,0.02658
/mnt/data/msadepth/compreps/seedrep_cand/protenix/8t4a_PR/d1824/seedfull_r6/results/8t4a_pr/seed_0/predictions/8t4a_pr_sample_3.cif,8t4a_PR,seedfull_r6,8t4a_pr_sample_3.cif,0.03263
/mnt/data/msadepth/compreps/seedrep_cand/protenix/8t4a_PR/d1824/seedfull_r7/results/8t4a_pr/seed_0/predictions/8t4a_pr_sample_2.cif,8t4a_PR,seedfull_r7,8t4a_pr_sample_2.cif,0.03321
/mnt/data/msadepth/compreps/seedrep_cand/protenix/8t4d_OQ/d150/seed0_r1/results/8t4d_oq/seed_0/predictions/8t4d_oq_sample_1.cif,8t4d_OQ,seed0_r1,8t4d_oq_sample_1.cif,0.13053
/mnt/data/msadepth/compreps/seedrep_cand/protenix/8t4d_OQ/d150/seed0_r1/results/8t4d_oq/seed_0/predictions/8t4d_oq_sample_4.cif,8t4d_OQ,seed0_r1,8t4d_oq_sample_4.cif,0.04494
/mnt/data/msadepth/compreps/seedrep_cand/protenix/8t4d_OQ/d150/seed0_r2/results/8t4d_oq/seed_0/predictions/8t4d_oq_sample_2.cif,8t4d_OQ,seed0_r2,8t4d_oq_sample_2.cif,0.07774
/mnt/data/msadepth/compreps/seedrep_cand/protenix/8t4d_OQ/d150/seed0_r2/results/8t4d_oq/seed_0/predictions/8t4d_oq_sample_1.cif,8t4d_OQ,seed0_r2,8t4d_oq_sample_1.cif,0.08328
/mnt/data/msadepth/compreps/seedrep_cand/protenix/8t4d_OQ/d150/seed0_r0/results/8t4d_oq/seed_0/predictions/8t4d_oq_sample_2.cif,8t4d_OQ,seed0_r0,8t4d_oq_sample_2.cif,0.06087
/mnt/data/msadepth/compreps/seedrep_cand/protenix/8t4d_OQ/d150/seed0_r1/results/8t4d_oq/seed_0/predictions/8t4d_oq_sample_3.cif,8t4d_OQ,seed0_r1,8t4d_oq_sample_3.cif,0.04948
/mnt/data/msadepth/compreps/seedrep_cand/protenix/8t4d_OQ/d150/seed0_r1/results/8t4d_oq/seed_0/predictions/8t4d_oq_sample_2.cif,8t4d_OQ,seed0_r1,8t4d_oq_sample_2.cif,0.08801
/mnt/data/msadepth/compreps/seedrep_cand/protenix/8t4d_OQ/d150/seed0_r2/results/8t4d_oq/seed_0/predictions/8t4d_oq_sample_0.cif,8t4d_OQ,seed0_r2,8t4d_oq_sample_0.cif,0.05342
/mnt/data/msadepth/compreps/seedrep_cand/protenix/8t4d_OQ/d150/seed0_r0/results/8t4d_oq/seed_0/predictions/8t4d_oq_sample_4.cif,8t4d_OQ,seed0_r0,8t4d_oq_sample_4.cif,0.21266
/mnt/data/msadepth/compreps/seedrep_cand/protenix/8t4d_OQ/d150/seed0_r2/results/8t4d_oq/seed_0/predictions/8t4d_oq_sample_4.cif,8t4d_OQ,seed0_r2,8t4d_oq_sample_4.cif,0.08077
/mnt/data/msadepth/compreps/seedrep_cand/protenix/8t4d_OQ/d150/seed0_r0/results/8t4d_oq/seed_0/predictions/8t4d_oq_sample_0.cif,8t4d_OQ,seed0_r0,8t4d_oq_sample_0.cif,0.02547
/mnt/data/msadepth/compreps/seedrep_cand/protenix/8t4d_OQ/d150/seed0_r3/results/8t4d_oq/seed_0/predictions/8t4d_oq_sample_2.cif,8t4d_OQ,seed0_r3,8t4d_oq_sample_2.cif,0.03591
/mnt/data/msadepth/compreps/seedrep_cand/protenix/8t4d_OQ/d150/seed0_r0/results/8t4d_oq/seed_0/predictions/8t4d_oq_sample_1.cif,8t4d_OQ,seed0_r0,8t4d_oq_sample_1.cif,0.12477
/mnt/data/msadepth/compreps/seedrep_cand/protenix/8t4d_OQ/d150/seed0_r3/results/8t4d_oq/seed_0/predictions/8t4d_oq_sample_0.cif,8t4d_OQ,seed0_r3,8t4d_oq_sample_0.cif,0.0797
/mnt/data/msadepth/compreps/seedrep_cand/protenix/8t4d_OQ/d150/seed0_r3/results/8t4d_oq/seed_0/predictions/8t4d_oq_sample_3.cif,8t4d_OQ,seed0_r3,8t4d_oq_sample_3.cif,0.06963
/mnt/data/msadepth/compreps/seedrep_cand/protenix/8t4d_OQ/d150/seed0_r3/results/8t4d_oq/seed_0/predictions/8t4d_oq_sample_4.cif,8t4d_OQ,seed0_r3,8t4d_oq_sample_4.cif,0.16963
/mnt/data/msadepth/compreps/seedrep_cand/protenix/8t4d_OQ/d150/seed0_r0/results/8t4d_oq/seed_0/predictions/8t4d_oq_sample_3.cif,8t4d_OQ,seed0_r0,8t4d_oq_sample_3.cif,0.08571
/mnt/data/msadepth/compreps/seedrep_cand/protenix/8t4d_OQ/d150/seed0_r3/results/8t4d_oq/seed_0/predictions/8t4d_oq_sample_1.cif,8t4d_OQ,seed0_r3,8t4d_oq_sample_1.cif,0.09841
/mnt/data/msadepth/compreps/seedrep_cand/protenix/8t4d_OQ/d150/seed0_r2/results/8t4d_oq/seed_0/predictions/8t4d_oq_sample_3.cif,8t4d_OQ,seed0_r2,8t4d_oq_sample_3.cif,0.06626
/mnt/data/msadepth/compreps/seedrep_cand/protenix/8t4d_OQ/d150/seed0_r1/results/8t4d_oq/seed_0/predictions/8t4d_oq_sample_0.cif,8t4d_OQ,seed0_r1,8t4d_oq_sample_0.cif,0.08362
/mnt/data/msadepth/compreps/seedrep_cand/protenix/8t4d_OQ/d150/seed1_r1/results/8t4d_oq/seed_0/predictions/8t4d_oq_sample_4.cif,8t4d_OQ,seed1_r1,8t4d_oq_sample_4.cif,0.06658
/mnt/data/msadepth/compreps/seedrep_cand/protenix/8t4d_OQ/d150/seed1_r3/results/8t4d_oq/seed_0/predictions/8t4d_oq_sample_2.cif,8t4d_OQ,seed1_r3,8t4d_oq_sample_2.cif,0.04053
/mnt/data/msadepth/compreps/seedrep_cand/protenix/8t4d_OQ/d150/seed1_r3/results/8t4d_oq/seed_0/predictions/8t4d_oq_sample_4.cif,8t4d_OQ,seed1_r3,8t4d_oq_sample_4.cif,0.03563
/mnt/data/msadepth/compreps/seedrep_cand/protenix/8t4d_OQ/d150/seed1_r3/results/8t4d_oq/seed_0/predictions/8t4d_oq_sample_0.cif,8t4d_OQ,seed1_r3,8t4d_oq_sample_0.cif,0.03686
/mnt/data/msadepth/compreps/seedrep_cand/protenix/8t4d_OQ/d150/seed1_r0/results/8t4d_oq/seed_0/predictions/8t4d_oq_sample_2.cif,8t4d_OQ,seed1_r0,8t4d_oq_sample_2.cif,0.02382
/mnt/data/msadepth/compreps/seedrep_cand/protenix/8t4d_OQ/d150/seed1_r3/results/8t4d_oq/seed_0/predictions/8t4d_oq_sample_3.cif,8t4d_OQ,seed1_r3,8t4d_oq_sample_3.cif,0.03613
/mnt/data/msadepth/compreps/seedrep_cand/protenix/8t4d_OQ/d150/seed1_r1/results/8t4d_oq/seed_0/predictions/8t4d_oq_sample_2.cif,8t4d_OQ,seed1_r1,8t4d_oq_sample_2.cif,0.03953
/mnt/data/msadepth/compreps/seedrep_cand/protenix/8t4d_OQ/d150/seed1_r2/results/8t4d_oq/seed_0/predictions/8t4d_oq_sample_4.cif,8t4d_OQ,seed1_r2,8t4d_oq_sample_4.cif,0.12074
/mnt/data/msadepth/compreps/seedrep_cand/protenix/8t4d_OQ/d150/seed1_r0/results/8t4d_oq/seed_0/predictions/8t4d_oq_sample_1.cif,8t4d_OQ,seed1_r0,8t4d_oq_sample_1.cif,0.08472
/mnt/data/msadepth/compreps/seedrep_cand/protenix/8t4d_OQ/d150/seed1_r3/results/8t4d_oq/seed_0/predictions/8t4d_oq_sample_1.cif,8t4d_OQ,seed1_r3,8t4d_oq_sample_1.cif,0.0698
/mnt/data/msadepth/compreps/seedrep_cand/protenix/8t4d_OQ/d150/seed1_r2/results/8t4d_oq/seed_0/predictions/8t4d_oq_sample_3.cif,8t4d_OQ,seed1_r2,8t4d_oq_sample_3.cif,0.0405
/mnt/data/msadepth/compreps/seedrep_cand/protenix/8t4d_OQ/d150/seed1_r2/results/8t4d_oq/seed_0/predictions/8t4d_oq_sample_2.cif,8t4d_OQ,seed1_r2,8t4d_oq_sample_2.cif,0.02427
/mnt/data/msadepth/compreps/seedrep_cand/protenix/8t4d_OQ/d150/seed1_r1/results/8t4d_oq/seed_0/predictions/8t4d_oq_sample_1.cif,8t4d_OQ,seed1_r1,8t4d_oq_sample_1.cif,0.04232
/mnt/data/msadepth/compreps/seedrep_cand/protenix/8t4d_OQ/d150/seed1_r0/results/8t4d_oq/seed_0/predictions/8t4d_oq_sample_4.cif,8t4d_OQ,seed1_r0,8t4d_oq_sample_4.cif,0.07062
/mnt/data/msadepth/compreps/seedrep_cand/protenix/8t4d_OQ/d150/seed1_r2/results/8t4d_oq/seed_0/predictions/8t4d_oq_sample_0.cif,8t4d_OQ,seed1_r2,8t4d_oq_sample_0.cif,0.0304
/mnt/data/msadepth/compreps/seedrep_cand/protenix/8t4d_OQ/d150/seed1_r1/results/8t4d_oq/seed_0/predictions/8t4d_oq_sample_3.cif,8t4d_OQ,seed1_r1,8t4d_oq_sample_3.cif,0.03503
/mnt/data/msadepth/compreps/seedrep_cand/protenix/8t4d_OQ/d150/seed1_r0/results/8t4d_oq/seed_0/predictions/8t4d_oq_sample_3.cif,8t4d_OQ,seed1_r0,8t4d_oq_sample_3.cif,0.05308
/mnt/data/msadepth/compreps/seedrep_cand/protenix/8t4d_OQ/d150/seed1_r2/results/8t4d_oq/seed_0/predictions/8t4d_oq_sample_1.cif,8t4d_OQ,seed1_r2,8t4d_oq_sample_1.cif,0.02918
/mnt/data/msadepth/compreps/seedrep_cand/protenix/8t4d_OQ/d150/seed1_r1/results/8t4d_oq/seed_0/predictions/8t4d_oq_sample_0.cif,8t4d_OQ,seed1_r1,8t4d_oq_sample_0.cif,0.03575
/mnt/data/msadepth/compreps/seedrep_cand/protenix/8t4d_OQ/d150/seed1_r0/results/8t4d_oq/seed_0/predictions/8t4d_oq_sample_0.cif,8t4d_OQ,seed1_r0,8t4d_oq_sample_0.cif,0.05143
/mnt/data/msadepth/compreps/seedrep_cand/protenix/8t4d_OQ/d150/seed2_r2/results/8t4d_oq/seed_0/predictions/8t4d_oq_sample_2.cif,8t4d_OQ,seed2_r2,8t4d_oq_sample_2.cif,0.05329
/mnt/data/msadepth/compreps/seedrep_cand/protenix/8t4d_OQ/d150/seed2_r0/results/8t4d_oq/seed_0/predictions/8t4d_oq_sample_1.cif,8t4d_OQ,seed2_r0,8t4d_oq_sample_1.cif,0.03425
/mnt/data/msadepth/compreps/seedrep_cand/protenix/8t4d_OQ/d150/seed2_r1/results/8t4d_oq/seed_0/predictions/8t4d_oq_sample_1.cif,8t4d_OQ,seed2_r1,8t4d_oq_sample_1.cif,0.03767
/mnt/data/msadepth/compreps/seedrep_cand/protenix/8t4d_OQ/d150/seed2_r1/results/8t4d_oq/seed_0/predictions/8t4d_oq_sample_4.cif,8t4d_OQ,seed2_r1,8t4d_oq_sample_4.cif,0.03424
/mnt/data/msadepth/compreps/seedrep_cand/protenix/8t4d_OQ/d150/seed2_r2/results/8t4d_oq/seed_0/predictions/8t4d_oq_sample_3.cif,8t4d_OQ,seed2_r2,8t4d_oq_sample_3.cif,0.03117
/mnt/data/msadepth/compreps/seedrep_cand/protenix/8t4d_OQ/d150/seed2_r0/results/8t4d_oq/seed_0/predictions/8t4d_oq_sample_2.cif,8t4d_OQ,seed2_r0,8t4d_oq_sample_2.cif,0.03063
/mnt/data/msadepth/compreps/seedrep_cand/protenix/8t4d_OQ/d150/seed2_r3/results/8t4d_oq/seed_0/predictions/8t4d_oq_sample_2.cif,8t4d_OQ,seed2_r3,8t4d_oq_sample_2.cif,0.02792
/mnt/data/msadepth/compreps/seedrep_cand/protenix/8t4d_OQ/d150/seed2_r3/results/8t4d_oq/seed_0/predictions/8t4d_oq_sample_1.cif,8t4d_OQ,seed2_r3,8t4d_oq_sample_1.cif,0.07365
/mnt/data/msadepth/compreps/seedrep_cand/protenix/8t4d_OQ/d150/seed2_r3/results/8t4d_oq/seed_0/predictions/8t4d_oq_sample_3.cif,8t4d_OQ,seed2_r3,8t4d_oq_sample_3.cif,0.03081
/mnt/data/msadepth/compreps/seedrep_cand/protenix/8t4d_OQ/d150/seed2_r1/results/8t4d_oq/seed_0/predictions/8t4d_oq_sample_2.cif,8t4d_OQ,seed2_r1,8t4d_oq_sample_2.cif,0.05404
/mnt/data/msadepth/compreps/seedrep_cand/protenix/8t4d_OQ/d150/seed2_r2/results/8t4d_oq/seed_0/predictions/8t4d_oq_sample_1.cif,8t4d_OQ,seed2_r2,8t4d_oq_sample_1.cif,0.03877
/mnt/data/msadepth/compreps/seedrep_cand/protenix/8t4d_OQ/d150/seed2_r2/results/8t4d_oq/seed_0/predictions/8t4d_oq_sample_0.cif,8t4d_OQ,seed2_r2,8t4d_oq_sample_0.cif,0.03312
/mnt/data/msadepth/compreps/seedrep_cand/protenix/8t4d_OQ/d150/seed2_r1/results/8t4d_oq/seed_0/predictions/8t4d_oq_sample_0.cif,8t4d_OQ,seed2_r1,8t4d_oq_sample_0.cif,0.16894
/mnt/data/msadepth/compreps/seedrep_cand/protenix/8t4d_OQ/d150/seed2_r3/results/8t4d_oq/seed_0/predictions/8t4d_oq_sample_0.cif,8t4d_OQ,seed2_r3,8t4d_oq_sample_0.cif,0.02492
/mnt/data/msadepth/compreps/seedrep_cand/protenix/8t4d_OQ/d150/seed2_r0/results/8t4d_oq/seed_0/predictions/8t4d_oq_sample_3.cif,8t4d_OQ,seed2_r0,8t4d_oq_sample_3.cif,0.02995
/mnt/data/msadepth/compreps/seedrep_cand/protenix/8t4d_OQ/d150/seed2_r3/results/8t4d_oq/seed_0/predictions/8t4d_oq_sample_4.cif,8t4d_OQ,seed2_r3,8t4d_oq_sample_4.cif,0.11551
/mnt/data/msadepth/compreps/seedrep_cand/protenix/8t4d_OQ/d150/seed2_r0/results/8t4d_oq/seed_0/predictions/8t4d_oq_sample_0.cif,8t4d_OQ,seed2_r0,8t4d_oq_sample_0.cif,0.03399
/mnt/data/msadepth/compreps/seedrep_cand/protenix/8t4d_OQ/d150/seed2_r1/results/8t4d_oq/seed_0/predictions/8t4d_oq_sample_3.cif,8t4d_OQ,seed2_r1,8t4d_oq_sample_3.cif,0.02359
/mnt/data/msadepth/compreps/seedrep_cand/protenix/8t4d_OQ/d150/seed2_r2/results/8t4d_oq/seed_0/predictions/8t4d_oq_sample_4.cif,8t4d_OQ,seed2_r2,8t4d_oq_sample_4.cif,0.04516
/mnt/data/msadepth/compreps/seedrep_cand/protenix/8t4d_OQ/d150/seed2_r0/results/8t4d_oq/seed_0/predictions/8t4d_oq_sample_4.cif,8t4d_OQ,seed2_r0,8t4d_oq_sample_4.cif,0.03164
/mnt/data/msadepth/compreps/seedrep_cand/protenix/8t4d_OQ/d150/seed3_r1/results/8t4d_oq/seed_0/predictions/8t4d_oq_sample_4.cif,8t4d_OQ,seed3_r1,8t4d_oq_sample_4.cif,0.05621
/mnt/data/msadepth/compreps/seedrep_cand/protenix/8t4d_OQ/d150/seed3_r3/results/8t4d_oq/seed_0/predictions/8t4d_oq_sample_4.cif,8t4d_OQ,seed3_r3,8t4d_oq_sample_4.cif,0.04977
/mnt/data/msadepth/compreps/seedrep_cand/protenix/8t4d_OQ/d150/seed3_r0/results/8t4d_oq/seed_0/predictions/8t4d_oq_sample_0.cif,8t4d_OQ,seed3_r0,8t4d_oq_sample_0.cif,0.05624
/mnt/data/msadepth/compreps/seedrep_cand/protenix/8t4d_OQ/d150/seed3_r3/results/8t4d_oq/seed_0/predictions/8t4d_oq_sample_2.cif,8t4d_OQ,seed3_r3,8t4d_oq_sample_2.cif,0.15127
/mnt/data/msadepth/compreps/seedrep_cand/protenix/8t4d_OQ/d150/seed3_r2/results/8t4d_oq/seed_0/predictions/8t4d_oq_sample_3.cif,8t4d_OQ,seed3_r2,8t4d_oq_sample_3.cif,0.04968
/mnt/data/msadepth/compreps/seedrep_cand/protenix/8t4d_OQ/d150/seed3_r2/results/8t4d_oq/seed_0/predictions/8t4d_oq_sample_4.cif,8t4d_OQ,seed3_r2,8t4d_oq_sample_4.cif,0.05406
/mnt/data/msadepth/compreps/seedrep_cand/protenix/8t4d_OQ/d150/seed3_r0/results/8t4d_oq/seed_0/predictions/8t4d_oq_sample_3.cif,8t4d_OQ,seed3_r0,8t4d_oq_sample_3.cif,0.03432
/mnt/data/msadepth/compreps/seedrep_cand/protenix/8t4d_OQ/d150/seed3_r2/results/8t4d_oq/seed_0/predictions/8t4d_oq_sample_0.cif,8t4d_OQ,seed3_r2,8t4d_oq_sample_0.cif,0.06083
/mnt/data/msadepth/compreps/seedrep_cand/protenix/8t4d_OQ/d150/seed3_r1/results/8t4d_oq/seed_0/predictions/8t4d_oq_sample_3.cif,8t4d_OQ,seed3_r1,8t4d_oq_sample_3.cif,0.06087
/mnt/data/msadepth/compreps/seedrep_cand/protenix/8t4d_OQ/d150/seed3_r0/results/8t4d_oq/seed_0/predictions/8t4d_oq_sample_1.cif,8t4d_OQ,seed3_r0,8t4d_oq_sample_1.cif,0.03847
/mnt/data/msadepth/compreps/seedrep_cand/protenix/8t4d_OQ/d150/seed3_r2/results/8t4d_oq/seed_0/predictions/8t4d_oq_sample_2.cif,8t4d_OQ,seed3_r2,8t4d_oq_sample_2.cif,0.05258
/mnt/data/msadepth/compreps/seedrep_cand/protenix/8t4d_OQ/d150/seed3_r0/results/8t4d_oq/seed_0/predictions/8t4d_oq_sample_4.cif,8t4d_OQ,seed3_r0,8t4d_oq_sample_4.cif,0.05696
/mnt/data/msadepth/compreps/seedrep_cand/protenix/8t4d_OQ/d150/seed3_r3/results/8t4d_oq/seed_0/predictions/8t4d_oq_sample_3.cif,8t4d_OQ,seed3_r3,8t4d_oq_sample_3.cif,0.05422
/mnt/data/msadepth/compreps/seedrep_cand/protenix/8t4d_OQ/d150/seed3_r1/results/8t4d_oq/seed_0/predictions/8t4d_oq_sample_2.cif,8t4d_OQ,seed3_r1,8t4d_oq_sample_2.cif,0.0484
/mnt/data/msadepth/compreps/seedrep_cand/protenix/8t4d_OQ/d150/seed3_r3/results/8t4d_oq/seed_0/predictions/8t4d_oq_sample_1.cif,8t4d_OQ,seed3_r3,8t4d_oq_sample_1.cif,0.04283
/mnt/data/msadepth/compreps/seedrep_cand/protenix/8t4d_OQ/d150/seed3_r2/results/8t4d_oq/seed_0/predictions/8t4d_oq_sample_1.cif,8t4d_OQ,seed3_r2,8t4d_oq_sample_1.cif,0.0398
/mnt/data/msadepth/compreps/seedrep_cand/protenix/8t4d_OQ/d150/seed3_r1/results/8t4d_oq/seed_0/predictions/8t4d_oq_sample_1.cif,8t4d_OQ,seed3_r1,8t4d_oq_sample_1.cif,0.04895
/mnt/data/msadepth/compreps/seedrep_cand/protenix/8t4d_OQ/d150/seed3_r0/results/8t4d_oq/seed_0/predictions/8t4d_oq_sample_2.cif,8t4d_OQ,seed3_r0,8t4d_oq_sample_2.cif,0.07189
/mnt/data/msadepth/compreps/seedrep_cand/protenix/8t4d_OQ/d150/seed3_r3/results/8t4d_oq/seed_0/predictions/8t4d_oq_sample_0.cif,8t4d_OQ,seed3_r3,8t4d_oq_sample_0.cif,0.04018
/mnt/data/msadepth/compreps/seedrep_cand/protenix/8t4d_OQ/d150/seed3_r1/results/8t4d_oq/seed_0/predictions/8t4d_oq_sample_0.cif,8t4d_OQ,seed3_r1,8t4d_oq_sample_0.cif,0.06217
/mnt/data/msadepth/compreps/seedrep_cand/protenix/8t4d_OQ/d150/seed4_r2/results/8t4d_oq/seed_0/predictions/8t4d_oq_sample_4.cif,8t4d_OQ,seed4_r2,8t4d_oq_sample_4.cif,0.02258
/mnt/data/msadepth/compreps/seedrep_cand/protenix/8t4d_OQ/d150/seed4_r3/results/8t4d_oq/seed_0/predictions/8t4d_oq_sample_1.cif,8t4d_OQ,seed4_r3,8t4d_oq_sample_1.cif,0.06351
/mnt/data/msadepth/compreps/seedrep_cand/protenix/8t4d_OQ/d150/seed4_r2/results/8t4d_oq/seed_0/predictions/8t4d_oq_sample_2.cif,8t4d_OQ,seed4_r2,8t4d_oq_sample_2.cif,0.0487
/mnt/data/msadepth/compreps/seedrep_cand/protenix/8t4d_OQ/d150/seed4_r1/results/8t4d_oq/seed_0/predictions/8t4d_oq_sample_0.cif,8t4d_OQ,seed4_r1,8t4d_oq_sample_0.cif,0.03266
/mnt/data/msadepth/compreps/seedrep_cand/protenix/8t4d_OQ/d150/seed4_r0/results/8t4d_oq/seed_0/predictions/8t4d_oq_sample_0.cif,8t4d_OQ,seed4_r0,8t4d_oq_sample_0.cif,0.06391
/mnt/data/msadepth/compreps/seedrep_cand/protenix/8t4d_OQ/d150/seed4_r1/results/8t4d_oq/seed_0/predictions/8t4d_oq_sample_1.cif,8t4d_OQ,seed4_r1,8t4d_oq_sample_1.cif,0.03151
/mnt/data/msadepth/compreps/seedrep_cand/protenix/8t4d_OQ/d150/seed4_r3/results/8t4d_oq/seed_0/predictions/8t4d_oq_sample_3.cif,8t4d_OQ,seed4_r3,8t4d_oq_sample_3.cif,0.03267
/mnt/data/msadepth/compreps/seedrep_cand/protenix/8t4d_OQ/d150/seed4_r1/results/8t4d_oq/seed_0/predictions/8t4d_oq_sample_3.cif,8t4d_OQ,seed4_r1,8t4d_oq_sample_3.cif,0.07306
/mnt/data/msadepth/compreps/seedrep_cand/protenix/8t4d_OQ/d150/seed4_r3/results/8t4d_oq/seed_0/predictions/8t4d_oq_sample_4.cif,8t4d_OQ,seed4_r3,8t4d_oq_sample_4.cif,0.12646
/mnt/data/msadepth/compreps/seedrep_cand/protenix/8t4d_OQ/d150/seed4_r0/results/8t4d_oq/seed_0/predictions/8t4d_oq_sample_3.cif,8t4d_OQ,seed4_r0,8t4d_oq_sample_3.cif,0.03564
/mnt/data/msadepth/compreps/seedrep_cand/protenix/8t4d_OQ/d150/seed4_r2/results/8t4d_oq/seed_0/predictions/8t4d_oq_sample_3.cif,8t4d_OQ,seed4_r2,8t4d_oq_sample_3.cif,0.13292
/mnt/data/msadepth/compreps/seedrep_cand/protenix/8t4d_OQ/d150/seed4_r0/results/8t4d_oq/seed_0/predictions/8t4d_oq_sample_1.cif,8t4d_OQ,seed4_r0,8t4d_oq_sample_1.cif,0.14956
/mnt/data/msadepth/compreps/seedrep_cand/protenix/8t4d_OQ/d150/seed4_r1/results/8t4d_oq/seed_0/predictions/8t4d_oq_sample_2.cif,8t4d_OQ,seed4_r1,8t4d_oq_sample_2.cif,0.04832
/mnt/data/msadepth/compreps/seedrep_cand/protenix/8t4d_OQ/d150/seed4_r2/results/8t4d_oq/seed_0/predictions/8t4d_oq_sample_1.cif,8t4d_OQ,seed4_r2,8t4d_oq_sample_1.cif,0.03066
/mnt/data/msadepth/compreps/seedrep_cand/protenix/8t4d_OQ/d150/seed4_r2/results/8t4d_oq/seed_0/predictions/8t4d_oq_sample_0.cif,8t4d_OQ,seed4_r2,8t4d_oq_sample_0.cif,0.12242
/mnt/data/msadepth/compreps/seedrep_cand/protenix/8t4d_OQ/d150/seed4_r0/results/8t4d_oq/seed_0/predictions/8t4d_oq_sample_2.cif,8t4d_OQ,seed4_r0,8t4d_oq_sample_2.cif,0.06207
/mnt/data/msadepth/compreps/seedrep_cand/protenix/8t4d_OQ/d150/seed4_r3/results/8t4d_oq/seed_0/predictions/8t4d_oq_sample_2.cif,8t4d_OQ,seed4_r3,8t4d_oq_sample_2.cif,0.04953
/mnt/data/msadepth/compreps/seedrep_cand/protenix/8t4d_OQ/d150/seed4_r0/results/8t4d_oq/seed_0/predictions/8t4d_oq_sample_4.cif,8t4d_OQ,seed4_r0,8t4d_oq_sample_4.cif,0.03168
/mnt/data/msadepth/compreps/seedrep_cand/protenix/8t4d_OQ/d150/seed4_r3/results/8t4d_oq/seed_0/predictions/8t4d_oq_sample_0.cif,8t4d_OQ,seed4_r3,8t4d_oq_sample_0.cif,0.02348
/mnt/data/msadepth/compreps/seedrep_cand/protenix/8t4d_OQ/d150/seed4_r1/results/8t4d_oq/seed_0/predictions/8t4d_oq_sample_4.cif,8t4d_OQ,seed4_r1,8t4d_oq_sample_4.cif,0.07585
/mnt/data/msadepth/compreps/seedrep_cand/protenix/8t4d_OQ/d150/seed5_r1/results/8t4d_oq/seed_0/predictions/8t4d_oq_sample_0.cif,8t4d_OQ,seed5_r1,8t4d_oq_sample_0.cif,0.05311
/mnt/data/msadepth/compreps/seedrep_cand/protenix/8t4d_OQ/d150/seed5_r2/results/8t4d_oq/seed_0/predictions/8t4d_oq_sample_2.cif,8t4d_OQ,seed5_r2,8t4d_oq_sample_2.cif,0.18926
/mnt/data/msadepth/compreps/seedrep_cand/protenix/8t4d_OQ/d150/seed5_r2/results/8t4d_oq/seed_0/predictions/8t4d_oq_sample_4.cif,8t4d_OQ,seed5_r2,8t4d_oq_sample_4.cif,0.08912
/mnt/data/msadepth/compreps/seedrep_cand/protenix/8t4d_OQ/d150/seed5_r1/results/8t4d_oq/seed_0/predictions/8t4d_oq_sample_2.cif,8t4d_OQ,seed5_r1,8t4d_oq_sample_2.cif,0.04601
/mnt/data/msadepth/compreps/seedrep_cand/protenix/8t4d_OQ/d150/seed5_r1/results/8t4d_oq/seed_0/predictions/8t4d_oq_sample_4.cif,8t4d_OQ,seed5_r1,8t4d_oq_sample_4.cif,0.038
/mnt/data/msadepth/compreps/seedrep_cand/protenix/8t4d_OQ/d150/seed5_r1/results/8t4d_oq/seed_0/predictions/8t4d_oq_sample_1.cif,8t4d_OQ,seed5_r1,8t4d_oq_sample_1.cif,0.09433
/mnt/data/msadepth/compreps/seedrep_cand/protenix/8t4d_OQ/d150/seed5_r0/results/8t4d_oq/seed_0/predictions/8t4d_oq_sample_2.cif,8t4d_OQ,seed5_r0,8t4d_oq_sample_2.cif,0.15639
/mnt/data/msadepth/compreps/seedrep_cand/protenix/8t4d_OQ/d150/seed5_r2/results/8t4d_oq/seed_0/predictions/8t4d_oq_sample_3.cif,8t4d_OQ,seed5_r2,8t4d_oq_sample_3.cif,0.02465
/mnt/data/msadepth/compreps/seedrep_cand/protenix/8t4d_OQ/d150/seed5_r0/results/8t4d_oq/seed_0/predictions/8t4d_oq_sample_4.cif,8t4d_OQ,seed5_r0,8t4d_oq_sample_4.cif,0.04906
/mnt/data/msadepth/compreps/seedrep_cand/protenix/8t4d_OQ/d150/seed5_r0/results/8t4d_oq/seed_0/predictions/8t4d_oq_sample_1.cif,8t4d_OQ,seed5_r0,8t4d_oq_sample_1.cif,0.09432
/mnt/data/msadepth/compreps/seedrep_cand/protenix/8t4d_OQ/d150/seed5_r0/results/8t4d_oq/seed_0/predictions/8t4d_oq_sample_0.cif,8t4d_OQ,seed5_r0,8t4d_oq_sample_0.cif,0.10689
/mnt/data/msadepth/compreps/seedrep_cand/protenix/8t4d_OQ/d150/seed5_r3/results/8t4d_oq/seed_0/predictions/8t4d_oq_sample_3.cif,8t4d_OQ,seed5_r3,8t4d_oq_sample_3.cif,0.07831
/mnt/data/msadepth/compreps/seedrep_cand/protenix/8t4d_OQ/d150/seed5_r2/results/8t4d_oq/seed_0/predictions/8t4d_oq_sample_0.cif,8t4d_OQ,seed5_r2,8t4d_oq_sample_0.cif,0.07167
/mnt/data/msadepth/compreps/seedrep_cand/protenix/8t4d_OQ/d150/seed5_r2/results/8t4d_oq/seed_0/predictions/8t4d_oq_sample_1.cif,8t4d_OQ,seed5_r2,8t4d_oq_sample_1.cif,0.027
/mnt/data/msadepth/compreps/seedrep_cand/protenix/8t4d_OQ/d150/seed5_r3/results/8t4d_oq/seed_0/predictions/8t4d_oq_sample_1.cif,8t4d_OQ,seed5_r3,8t4d_oq_sample_1.cif,0.05458
/mnt/data/msadepth/compreps/seedrep_cand/protenix/8t4d_OQ/d150/seed5_r3/results/8t4d_oq/seed_0/predictions/8t4d_oq_sample_0.cif,8t4d_OQ,seed5_r3,8t4d_oq_sample_0.cif,0.10139
/mnt/data/msadepth/compreps/seedrep_cand/protenix/8t4d_OQ/d150/seed5_r0/results/8t4d_oq/seed_0/predictions/8t4d_oq_sample_3.cif,8t4d_OQ,seed5_r0,8t4d_oq_sample_3.cif,0.11603
/mnt/data/msadepth/compreps/seedrep_cand/protenix/8t4d_OQ/d150/seed5_r1/results/8t4d_oq/seed_0/predictions/8t4d_oq_sample_3.cif,8t4d_OQ,seed5_r1,8t4d_oq_sample_3.cif,0.07176
/mnt/data/msadepth/compreps/seedrep_cand/protenix/8t4d_OQ/d150/seed5_r3/results/8t4d_oq/seed_0/predictions/8t4d_oq_sample_4.cif,8t4d_OQ,seed5_r3,8t4d_oq_sample_4.cif,0.07113
/mnt/data/msadepth/compreps/seedrep_cand/protenix/8t4d_OQ/d150/seed5_r3/results/8t4d_oq/seed_0/predictions/8t4d_oq_sample_2.cif,8t4d_OQ,seed5_r3,8t4d_oq_sample_2.cif,0.07967
/mnt/data/msadepth/compreps/seedrep_cand/protenix/8t4d_OQ/d150/seedfull_r1/results/8t4d_oq/seed_0/predictions/8t4d_oq_sample_3.cif,8t4d_OQ,seedfull_r1,8t4d_oq_sample_3.cif,0.0496
/mnt/data/msadepth/compreps/seedrep_cand/protenix/8t4d_OQ/d150/seedfull_r2/results/8t4d_oq/seed_0/predictions/8t4d_oq_sample_1.cif,8t4d_OQ,seedfull_r2,8t4d_oq_sample_1.cif,0.0541
/mnt/data/msadepth/compreps/seedrep_cand/protenix/8t4d_OQ/d150/seedfull_r3/results/8t4d_oq/seed_0/predictions/8t4d_oq_sample_2.cif,8t4d_OQ,seedfull_r3,8t4d_oq_sample_2.cif,0.03644
/mnt/data/msadepth/compreps/seedrep_cand/protenix/8t4d_OQ/d150/seedfull_r2/results/8t4d_oq/seed_0/predictions/8t4d_oq_sample_3.cif,8t4d_OQ,seedfull_r2,8t4d_oq_sample_3.cif,0.04166
/mnt/data/msadepth/compreps/seedrep_cand/protenix/8t4d_OQ/d150/seedfull_r1/results/8t4d_oq/seed_0/predictions/8t4d_oq_sample_0.cif,8t4d_OQ,seedfull_r1,8t4d_oq_sample_0.cif,0.04387
/mnt/data/msadepth/compreps/seedrep_cand/protenix/8t4d_OQ/d150/seedfull_r0/results/8t4d_oq/seed_0/predictions/8t4d_oq_sample_4.cif,8t4d_OQ,seedfull_r0,8t4d_oq_sample_4.cif,0.07346
/mnt/data/msadepth/compreps/seedrep_cand/protenix/8t4d_OQ/d150/seedfull_r3/results/8t4d_oq/seed_0/predictions/8t4d_oq_sample_1.cif,8t4d_OQ,seedfull_r3,8t4d_oq_sample_1.cif,0.04593
/mnt/data/msadepth/compreps/seedrep_cand/protenix/8t4d_OQ/d150/seedfull_r2/results/8t4d_oq/seed_0/predictions/8t4d_oq_sample_4.cif,8t4d_OQ,seedfull_r2,8t4d_oq_sample_4.cif,0.07381
/mnt/data/msadepth/compreps/seedrep_cand/protenix/8t4d_OQ/d150/seedfull_r1/results/8t4d_oq/seed_0/predictions/8t4d_oq_sample_4.cif,8t4d_OQ,seedfull_r1,8t4d_oq_sample_4.cif,0.03461
/mnt/data/msadepth/compreps/seedrep_cand/protenix/8t4d_OQ/d150/seedfull_r1/results/8t4d_oq/seed_0/predictions/8t4d_oq_sample_1.cif,8t4d_OQ,seedfull_r1,8t4d_oq_sample_1.cif,0.05803
/mnt/data/msadepth/compreps/seedrep_cand/protenix/8t4d_OQ/d150/seedfull_r3/results/8t4d_oq/seed_0/predictions/8t4d_oq_sample_3.cif,8t4d_OQ,seedfull_r3,8t4d_oq_sample_3.cif,0.06568
/mnt/data/msadepth/compreps/seedrep_cand/protenix/8t4d_OQ/d150/seedfull_r2/results/8t4d_oq/seed_0/predictions/8t4d_oq_sample_2.cif,8t4d_OQ,seedfull_r2,8t4d_oq_sample_2.cif,0.0814
/mnt/data/msadepth/compreps/seedrep_cand/protenix/8t4d_OQ/d150/seedfull_r2/results/8t4d_oq/seed_0/predictions/8t4d_oq_sample_0.cif,8t4d_OQ,seedfull_r2,8t4d_oq_sample_0.cif,0.05127
/mnt/data/msadepth/compreps/seedrep_cand/protenix/8t4d_OQ/d150/seedfull_r3/results/8t4d_oq/seed_0/predictions/8t4d_oq_sample_4.cif,8t4d_OQ,seedfull_r3,8t4d_oq_sample_4.cif,0.08736
/mnt/data/msadepth/compreps/seedrep_cand/protenix/8t4d_OQ/d150/seedfull_r3/results/8t4d_oq/seed_0/predictions/8t4d_oq_sample_0.cif,8t4d_OQ,seedfull_r3,8t4d_oq_sample_0.cif,0.06081
/mnt/data/msadepth/compreps/seedrep_cand/protenix/8t4d_OQ/d150/seedfull_r1/results/8t4d_oq/seed_0/predictions/8t4d_oq_sample_2.cif,8t4d_OQ,seedfull_r1,8t4d_oq_sample_2.cif,0.19572
/mnt/data/msadepth/compreps/seedrep_cand/protenix/8t4d_OQ/d150/seedfull_r0/results/8t4d_oq/seed_0/predictions/8t4d_oq_sample_2.cif,8t4d_OQ,seedfull_r0,8t4d_oq_sample_2.cif,0.08781
/mnt/data/msadepth/compreps/seedrep_cand/protenix/8t4d_OQ/d150/seedfull_r0/results/8t4d_oq/seed_0/predictions/8t4d_oq_sample_1.cif,8t4d_OQ,seedfull_r0,8t4d_oq_sample_1.cif,0.05068
/mnt/data/msadepth/compreps/seedrep_cand/protenix/8t4d_OQ/d150/seedfull_r0/results/8t4d_oq/seed_0/predictions/8t4d_oq_sample_0.cif,8t4d_OQ,seedfull_r0,8t4d_oq_sample_0.cif,0.07002
/mnt/data/msadepth/compreps/seedrep_cand/protenix/8t4d_OQ/d150/seedfull_r0/results/8t4d_oq/seed_0/predictions/8t4d_oq_sample_3.cif,8t4d_OQ,seedfull_r0,8t4d_oq_sample_3.cif,0.0278
/mnt/data/msadepth/compreps/seedrep_cand/protenix/8t4d_OQ/d150/seedfull_r6/results/8t4d_oq/seed_0/predictions/8t4d_oq_sample_2.cif,8t4d_OQ,seedfull_r6,8t4d_oq_sample_2.cif,0.03742
/mnt/data/msadepth/compreps/seedrep_cand/protenix/8t4d_OQ/d150/seedfull_r4/results/8t4d_oq/seed_0/predictions/8t4d_oq_sample_0.cif,8t4d_OQ,seedfull_r4,8t4d_oq_sample_0.cif,0.16505
/mnt/data/msadepth/compreps/seedrep_cand/protenix/8t4d_OQ/d150/seedfull_r5/results/8t4d_oq/seed_0/predictions/8t4d_oq_sample_2.cif,8t4d_OQ,seedfull_r5,8t4d_oq_sample_2.cif,0.12188
/mnt/data/msadepth/compreps/seedrep_cand/protenix/8t4d_OQ/d150/seedfull_r4/results/8t4d_oq/seed_0/predictions/8t4d_oq_sample_2.cif,8t4d_OQ,seedfull_r4,8t4d_oq_sample_2.cif,0.05867
/mnt/data/msadepth/compreps/seedrep_cand/protenix/8t4d_OQ/d150/seedfull_r6/results/8t4d_oq/seed_0/predictions/8t4d_oq_sample_4.cif,8t4d_OQ,seedfull_r6,8t4d_oq_sample_4.cif,0.04317
/mnt/data/msadepth/compreps/seedrep_cand/protenix/8t4d_OQ/d150/seedfull_r7/results/8t4d_oq/seed_0/predictions/8t4d_oq_sample_4.cif,8t4d_OQ,seedfull_r7,8t4d_oq_sample_4.cif,0.06637
/mnt/data/msadepth/compreps/seedrep_cand/protenix/8t4d_OQ/d150/seedfull_r5/results/8t4d_oq/seed_0/predictions/8t4d_oq_sample_0.cif,8t4d_OQ,seedfull_r5,8t4d_oq_sample_0.cif,0.04971
/mnt/data/msadepth/compreps/seedrep_cand/protenix/8t4d_OQ/d150/seedfull_r5/results/8t4d_oq/seed_0/predictions/8t4d_oq_sample_1.cif,8t4d_OQ,seedfull_r5,8t4d_oq_sample_1.cif,0.03837
/mnt/data/msadepth/compreps/seedrep_cand/protenix/8t4d_OQ/d150/seedfull_r4/results/8t4d_oq/seed_0/predictions/8t4d_oq_sample_3.cif,8t4d_OQ,seedfull_r4,8t4d_oq_sample_3.cif,0.03901
/mnt/data/msadepth/compreps/seedrep_cand/protenix/8t4d_OQ/d150/seedfull_r5/results/8t4d_oq/seed_0/predictions/8t4d_oq_sample_3.cif,8t4d_OQ,seedfull_r5,8t4d_oq_sample_3.cif,0.06505
/mnt/data/msadepth/compreps/seedrep_cand/protenix/8t4d_OQ/d150/seedfull_r7/results/8t4d_oq/seed_0/predictions/8t4d_oq_sample_0.cif,8t4d_OQ,seedfull_r7,8t4d_oq_sample_0.cif,0.11549
/mnt/data/msadepth/compreps/seedrep_cand/protenix/8t4d_OQ/d150/seedfull_r6/results/8t4d_oq/seed_0/predictions/8t4d_oq_sample_1.cif,8t4d_OQ,seedfull_r6,8t4d_oq_sample_1.cif,0.16385
/mnt/data/msadepth/compreps/seedrep_cand/protenix/8t4d_OQ/d150/seedfull_r4/results/8t4d_oq/seed_0/predictions/8t4d_oq_sample_1.cif,8t4d_OQ,seedfull_r4,8t4d_oq_sample_1.cif,0.04397
/mnt/data/msadepth/compreps/seedrep_cand/protenix/8t4d_OQ/d150/seedfull_r5/results/8t4d_oq/seed_0/predictions/8t4d_oq_sample_4.cif,8t4d_OQ,seedfull_r5,8t4d_oq_sample_4.cif,0.0859
/mnt/data/msadepth/compreps/seedrep_cand/protenix/8t4d_OQ/d150/seedfull_r7/results/8t4d_oq/seed_0/predictions/8t4d_oq_sample_1.cif,8t4d_OQ,seedfull_r7,8t4d_oq_sample_1.cif,0.02674
/mnt/data/msadepth/compreps/seedrep_cand/protenix/8t4d_OQ/d150/seedfull_r4/results/8t4d_oq/seed_0/predictions/8t4d_oq_sample_4.cif,8t4d_OQ,seedfull_r4,8t4d_oq_sample_4.cif,0.09331
/mnt/data/msadepth/compreps/seedrep_cand/protenix/8t4d_OQ/d150/seedfull_r7/results/8t4d_oq/seed_0/predictions/8t4d_oq_sample_3.cif,8t4d_OQ,seedfull_r7,8t4d_oq_sample_3.cif,0.06769
/mnt/data/msadepth/compreps/seedrep_cand/protenix/8t4d_OQ/d150/seedfull_r6/results/8t4d_oq/seed_0/predictions/8t4d_oq_sample_0.cif,8t4d_OQ,seedfull_r6,8t4d_oq_sample_0.cif,0.0388
/mnt/data/msadepth/compreps/seedrep_cand/protenix/8t4d_OQ/d150/seedfull_r6/results/8t4d_oq/seed_0/predictions/8t4d_oq_sample_3.cif,8t4d_OQ,seedfull_r6,8t4d_oq_sample_3.cif,0.06931
/mnt/data/msadepth/compreps/seedrep_cand/protenix/8t4d_OQ/d150/seedfull_r7/results/8t4d_oq/seed_0/predictions/8t4d_oq_sample_2.cif,8t4d_OQ,seedfull_r7,8t4d_oq_sample_2.cif,0.09924
/mnt/data/msadepth/compreps/seedrep_cand/protenix/8tp5_HL/d307/seed0_r1/results/8tp5_hl/seed_0/predictions/8tp5_hl_sample_1.cif,8tp5_HL,seed0_r1,8tp5_hl_sample_1.cif,0.24439
/mnt/data/msadepth/compreps/seedrep_cand/protenix/8tp5_HL/d307/seed0_r1/results/8tp5_hl/seed_0/predictions/8tp5_hl_sample_4.cif,8tp5_HL,seed0_r1,8tp5_hl_sample_4.cif,0.12717
/mnt/data/msadepth/compreps/seedrep_cand/protenix/8tp5_HL/d307/seed0_r2/results/8tp5_hl/seed_0/predictions/8tp5_hl_sample_2.cif,8tp5_HL,seed0_r2,8tp5_hl_sample_2.cif,0.18351
/mnt/data/msadepth/compreps/seedrep_cand/protenix/8tp5_HL/d307/seed0_r2/results/8tp5_hl/seed_0/predictions/8tp5_hl_sample_1.cif,8tp5_HL,seed0_r2,8tp5_hl_sample_1.cif,0.12527
/mnt/data/msadepth/compreps/seedrep_cand/protenix/8tp5_HL/d307/seed0_r0/results/8tp5_hl/seed_0/predictions/8tp5_hl_sample_2.cif,8tp5_HL,seed0_r0,8tp5_hl_sample_2.cif,0.1791
/mnt/data/msadepth/compreps/seedrep_cand/protenix/8tp5_HL/d307/seed0_r1/results/8tp5_hl/seed_0/predictions/8tp5_hl_sample_3.cif,8tp5_HL,seed0_r1,8tp5_hl_sample_3.cif,0.16691
/mnt/data/msadepth/compreps/seedrep_cand/protenix/8tp5_HL/d307/seed0_r1/results/8tp5_hl/seed_0/predictions/8tp5_hl_sample_2.cif,8tp5_HL,seed0_r1,8tp5_hl_sample_2.cif,0.03476
/mnt/data/msadepth/compreps/seedrep_cand/protenix/8tp5_HL/d307/seed0_r2/results/8tp5_hl/seed_0/predictions/8tp5_hl_sample_0.cif,8tp5_HL,seed0_r2,8tp5_hl_sample_0.cif,0.15959
/mnt/data/msadepth/compreps/seedrep_cand/protenix/8tp5_HL/d307/seed0_r0/results/8tp5_hl/seed_0/predictions/8tp5_hl_sample_4.cif,8tp5_HL,seed0_r0,8tp5_hl_sample_4.cif,0.17787
/mnt/data/msadepth/compreps/seedrep_cand/protenix/8tp5_HL/d307/seed0_r2/results/8tp5_hl/seed_0/predictions/8tp5_hl_sample_4.cif,8tp5_HL,seed0_r2,8tp5_hl_sample_4.cif,0.3101
/mnt/data/msadepth/compreps/seedrep_cand/protenix/8tp5_HL/d307/seed0_r0/results/8tp5_hl/seed_0/predictions/8tp5_hl_sample_0.cif,8tp5_HL,seed0_r0,8tp5_hl_sample_0.cif,0.11674
/mnt/data/msadepth/compreps/seedrep_cand/protenix/8tp5_HL/d307/seed0_r3/results/8tp5_hl/seed_0/predictions/8tp5_hl_sample_2.cif,8tp5_HL,seed0_r3,8tp5_hl_sample_2.cif,0.03779
/mnt/data/msadepth/compreps/seedrep_cand/protenix/8tp5_HL/d307/seed0_r0/results/8tp5_hl/seed_0/predictions/8tp5_hl_sample_1.cif,8tp5_HL,seed0_r0,8tp5_hl_sample_1.cif,0.18504
/mnt/data/msadepth/compreps/seedrep_cand/protenix/8tp5_HL/d307/seed0_r3/results/8tp5_hl/seed_0/predictions/8tp5_hl_sample_0.cif,8tp5_HL,seed0_r3,8tp5_hl_sample_0.cif,0.13707
/mnt/data/msadepth/compreps/seedrep_cand/protenix/8tp5_HL/d307/seed0_r3/results/8tp5_hl/seed_0/predictions/8tp5_hl_sample_3.cif,8tp5_HL,seed0_r3,8tp5_hl_sample_3.cif,0.08114
/mnt/data/msadepth/compreps/seedrep_cand/protenix/8tp5_HL/d307/seed0_r3/results/8tp5_hl/seed_0/predictions/8tp5_hl_sample_4.cif,8tp5_HL,seed0_r3,8tp5_hl_sample_4.cif,0.26335
/mnt/data/msadepth/compreps/seedrep_cand/protenix/8tp5_HL/d307/seed0_r0/results/8tp5_hl/seed_0/predictions/8tp5_hl_sample_3.cif,8tp5_HL,seed0_r0,8tp5_hl_sample_3.cif,0.14862
/mnt/data/msadepth/compreps/seedrep_cand/protenix/8tp5_HL/d307/seed0_r3/results/8tp5_hl/seed_0/predictions/8tp5_hl_sample_1.cif,8tp5_HL,seed0_r3,8tp5_hl_sample_1.cif,0.13863
/mnt/data/msadepth/compreps/seedrep_cand/protenix/8tp5_HL/d307/seed0_r2/results/8tp5_hl/seed_0/predictions/8tp5_hl_sample_3.cif,8tp5_HL,seed0_r2,8tp5_hl_sample_3.cif,0.28398
/mnt/data/msadepth/compreps/seedrep_cand/protenix/8tp5_HL/d307/seed0_r1/results/8tp5_hl/seed_0/predictions/8tp5_hl_sample_0.cif,8tp5_HL,seed0_r1,8tp5_hl_sample_0.cif,0.12289
/mnt/data/msadepth/compreps/seedrep_cand/protenix/8tp5_HL/d307/seed1_r1/results/8tp5_hl/seed_0/predictions/8tp5_hl_sample_4.cif,8tp5_HL,seed1_r1,8tp5_hl_sample_4.cif,0.04297
/mnt/data/msadepth/compreps/seedrep_cand/protenix/8tp5_HL/d307/seed1_r3/results/8tp5_hl/seed_0/predictions/8tp5_hl_sample_2.cif,8tp5_HL,seed1_r3,8tp5_hl_sample_2.cif,0.16781
/mnt/data/msadepth/compreps/seedrep_cand/protenix/8tp5_HL/d307/seed1_r3/results/8tp5_hl/seed_0/predictions/8tp5_hl_sample_4.cif,8tp5_HL,seed1_r3,8tp5_hl_sample_4.cif,0.12972
/mnt/data/msadepth/compreps/seedrep_cand/protenix/8tp5_HL/d307/seed1_r3/results/8tp5_hl/seed_0/predictions/8tp5_hl_sample_0.cif,8tp5_HL,seed1_r3,8tp5_hl_sample_0.cif,0.15593
/mnt/data/msadepth/compreps/seedrep_cand/protenix/8tp5_HL/d307/seed1_r0/results/8tp5_hl/seed_0/predictions/8tp5_hl_sample_2.cif,8tp5_HL,seed1_r0,8tp5_hl_sample_2.cif,0.21462
/mnt/data/msadepth/compreps/seedrep_cand/protenix/8tp5_HL/d307/seed1_r3/results/8tp5_hl/seed_0/predictions/8tp5_hl_sample_3.cif,8tp5_HL,seed1_r3,8tp5_hl_sample_3.cif,0.13047
/mnt/data/msadepth/compreps/seedrep_cand/protenix/8tp5_HL/d307/seed1_r1/results/8tp5_hl/seed_0/predictions/8tp5_hl_sample_2.cif,8tp5_HL,seed1_r1,8tp5_hl_sample_2.cif,0.22082
/mnt/data/msadepth/compreps/seedrep_cand/protenix/8tp5_HL/d307/seed1_r2/results/8tp5_hl/seed_0/predictions/8tp5_hl_sample_4.cif,8tp5_HL,seed1_r2,8tp5_hl_sample_4.cif,0.0976
/mnt/data/msadepth/compreps/seedrep_cand/protenix/8tp5_HL/d307/seed1_r0/results/8tp5_hl/seed_0/predictions/8tp5_hl_sample_1.cif,8tp5_HL,seed1_r0,8tp5_hl_sample_1.cif,0.13805
/mnt/data/msadepth/compreps/seedrep_cand/protenix/8tp5_HL/d307/seed1_r3/results/8tp5_hl/seed_0/predictions/8tp5_hl_sample_1.cif,8tp5_HL,seed1_r3,8tp5_hl_sample_1.cif,0.13232
/mnt/data/msadepth/compreps/seedrep_cand/protenix/8tp5_HL/d307/seed1_r2/results/8tp5_hl/seed_0/predictions/8tp5_hl_sample_3.cif,8tp5_HL,seed1_r2,8tp5_hl_sample_3.cif,0.09456
/mnt/data/msadepth/compreps/seedrep_cand/protenix/8tp5_HL/d307/seed1_r2/results/8tp5_hl/seed_0/predictions/8tp5_hl_sample_2.cif,8tp5_HL,seed1_r2,8tp5_hl_sample_2.cif,0.13219
/mnt/data/msadepth/compreps/seedrep_cand/protenix/8tp5_HL/d307/seed1_r1/results/8tp5_hl/seed_0/predictions/8tp5_hl_sample_1.cif,8tp5_HL,seed1_r1,8tp5_hl_sample_1.cif,0.1738
/mnt/data/msadepth/compreps/seedrep_cand/protenix/8tp5_HL/d307/seed1_r0/results/8tp5_hl/seed_0/predictions/8tp5_hl_sample_4.cif,8tp5_HL,seed1_r0,8tp5_hl_sample_4.cif,0.09481
/mnt/data/msadepth/compreps/seedrep_cand/protenix/8tp5_HL/d307/seed1_r2/results/8tp5_hl/seed_0/predictions/8tp5_hl_sample_0.cif,8tp5_HL,seed1_r2,8tp5_hl_sample_0.cif,0.237
/mnt/data/msadepth/compreps/seedrep_cand/protenix/8tp5_HL/d307/seed1_r1/results/8tp5_hl/seed_0/predictions/8tp5_hl_sample_3.cif,8tp5_HL,seed1_r1,8tp5_hl_sample_3.cif,0.1522
/mnt/data/msadepth/compreps/seedrep_cand/protenix/8tp5_HL/d307/seed1_r0/results/8tp5_hl/seed_0/predictions/8tp5_hl_sample_3.cif,8tp5_HL,seed1_r0,8tp5_hl_sample_3.cif,0.10492
/mnt/data/msadepth/compreps/seedrep_cand/protenix/8tp5_HL/d307/seed1_r2/results/8tp5_hl/seed_0/predictions/8tp5_hl_sample_1.cif,8tp5_HL,seed1_r2,8tp5_hl_sample_1.cif,0.25348
/mnt/data/msadepth/compreps/seedrep_cand/protenix/8tp5_HL/d307/seed1_r1/results/8tp5_hl/seed_0/predictions/8tp5_hl_sample_0.cif,8tp5_HL,seed1_r1,8tp5_hl_sample_0.cif,0.02847
/mnt/data/msadepth/compreps/seedrep_cand/protenix/8tp5_HL/d307/seed1_r0/results/8tp5_hl/seed_0/predictions/8tp5_hl_sample_0.cif,8tp5_HL,seed1_r0,8tp5_hl_sample_0.cif,0.15055
/mnt/data/msadepth/compreps/seedrep_cand/protenix/8tp5_HL/d307/seed2_r2/results/8tp5_hl/seed_0/predictions/8tp5_hl_sample_2.cif,8tp5_HL,seed2_r2,8tp5_hl_sample_2.cif,0.14207
/mnt/data/msadepth/compreps/seedrep_cand/protenix/8tp5_HL/d307/seed2_r0/results/8tp5_hl/seed_0/predictions/8tp5_hl_sample_1.cif,8tp5_HL,seed2_r0,8tp5_hl_sample_1.cif,0.15133
/mnt/data/msadepth/compreps/seedrep_cand/protenix/8tp5_HL/d307/seed2_r1/results/8tp5_hl/seed_0/predictions/8tp5_hl_sample_1.cif,8tp5_HL,seed2_r1,8tp5_hl_sample_1.cif,0.0721
/mnt/data/msadepth/compreps/seedrep_cand/protenix/8tp5_HL/d307/seed2_r1/results/8tp5_hl/seed_0/predictions/8tp5_hl_sample_4.cif,8tp5_HL,seed2_r1,8tp5_hl_sample_4.cif,0.10128
/mnt/data/msadepth/compreps/seedrep_cand/protenix/8tp5_HL/d307/seed2_r2/results/8tp5_hl/seed_0/predictions/8tp5_hl_sample_3.cif,8tp5_HL,seed2_r2,8tp5_hl_sample_3.cif,0.04692
/mnt/data/msadepth/compreps/seedrep_cand/protenix/8tp5_HL/d307/seed2_r0/results/8tp5_hl/seed_0/predictions/8tp5_hl_sample_2.cif,8tp5_HL,seed2_r0,8tp5_hl_sample_2.cif,0.08377
/mnt/data/msadepth/compreps/seedrep_cand/protenix/8tp5_HL/d307/seed2_r3/results/8tp5_hl/seed_0/predictions/8tp5_hl_sample_2.cif,8tp5_HL,seed2_r3,8tp5_hl_sample_2.cif,0.16863
/mnt/data/msadepth/compreps/seedrep_cand/protenix/8tp5_HL/d307/seed2_r3/results/8tp5_hl/seed_0/predictions/8tp5_hl_sample_1.cif,8tp5_HL,seed2_r3,8tp5_hl_sample_1.cif,0.12099
/mnt/data/msadepth/compreps/seedrep_cand/protenix/8tp5_HL/d307/seed2_r3/results/8tp5_hl/seed_0/predictions/8tp5_hl_sample_3.cif,8tp5_HL,seed2_r3,8tp5_hl_sample_3.cif,0.12242
/mnt/data/msadepth/compreps/seedrep_cand/protenix/8tp5_HL/d307/seed2_r1/results/8tp5_hl/seed_0/predictions/8tp5_hl_sample_2.cif,8tp5_HL,seed2_r1,8tp5_hl_sample_2.cif,0.10938
/mnt/data/msadepth/compreps/seedrep_cand/protenix/8tp5_HL/d307/seed2_r2/results/8tp5_hl/seed_0/predictions/8tp5_hl_sample_1.cif,8tp5_HL,seed2_r2,8tp5_hl_sample_1.cif,0.02729
/mnt/data/msadepth/compreps/seedrep_cand/protenix/8tp5_HL/d307/seed2_r2/results/8tp5_hl/seed_0/predictions/8tp5_hl_sample_0.cif,8tp5_HL,seed2_r2,8tp5_hl_sample_0.cif,0.22114
/mnt/data/msadepth/compreps/seedrep_cand/protenix/8tp5_HL/d307/seed2_r1/results/8tp5_hl/seed_0/predictions/8tp5_hl_sample_0.cif,8tp5_HL,seed2_r1,8tp5_hl_sample_0.cif,0.1365
/mnt/data/msadepth/compreps/seedrep_cand/protenix/8tp5_HL/d307/seed2_r3/results/8tp5_hl/seed_0/predictions/8tp5_hl_sample_0.cif,8tp5_HL,seed2_r3,8tp5_hl_sample_0.cif,0.17487
/mnt/data/msadepth/compreps/seedrep_cand/protenix/8tp5_HL/d307/seed2_r0/results/8tp5_hl/seed_0/predictions/8tp5_hl_sample_3.cif,8tp5_HL,seed2_r0,8tp5_hl_sample_3.cif,0.03831
/mnt/data/msadepth/compreps/seedrep_cand/protenix/8tp5_HL/d307/seed2_r3/results/8tp5_hl/seed_0/predictions/8tp5_hl_sample_4.cif,8tp5_HL,seed2_r3,8tp5_hl_sample_4.cif,0.26964
/mnt/data/msadepth/compreps/seedrep_cand/protenix/8tp5_HL/d307/seed2_r0/results/8tp5_hl/seed_0/predictions/8tp5_hl_sample_0.cif,8tp5_HL,seed2_r0,8tp5_hl_sample_0.cif,0.04055
/mnt/data/msadepth/compreps/seedrep_cand/protenix/8tp5_HL/d307/seed2_r1/results/8tp5_hl/seed_0/predictions/8tp5_hl_sample_3.cif,8tp5_HL,seed2_r1,8tp5_hl_sample_3.cif,0.23452
/mnt/data/msadepth/compreps/seedrep_cand/protenix/8tp5_HL/d307/seed2_r2/results/8tp5_hl/seed_0/predictions/8tp5_hl_sample_4.cif,8tp5_HL,seed2_r2,8tp5_hl_sample_4.cif,0.04327
/mnt/data/msadepth/compreps/seedrep_cand/protenix/8tp5_HL/d307/seed2_r0/results/8tp5_hl/seed_0/predictions/8tp5_hl_sample_4.cif,8tp5_HL,seed2_r0,8tp5_hl_sample_4.cif,0.11806
/mnt/data/msadepth/compreps/seedrep_cand/protenix/8tp5_HL/d307/seed3_r1/results/8tp5_hl/seed_0/predictions/8tp5_hl_sample_4.cif,8tp5_HL,seed3_r1,8tp5_hl_sample_4.cif,0.25363
/mnt/data/msadepth/compreps/seedrep_cand/protenix/8tp5_HL/d307/seed3_r3/results/8tp5_hl/seed_0/predictions/8tp5_hl_sample_4.cif,8tp5_HL,seed3_r3,8tp5_hl_sample_4.cif,0.10419
/mnt/data/msadepth/compreps/seedrep_cand/protenix/8tp5_HL/d307/seed3_r0/results/8tp5_hl/seed_0/predictions/8tp5_hl_sample_0.cif,8tp5_HL,seed3_r0,8tp5_hl_sample_0.cif,0.23957
/mnt/data/msadepth/compreps/seedrep_cand/protenix/8tp5_HL/d307/seed3_r3/results/8tp5_hl/seed_0/predictions/8tp5_hl_sample_2.cif,8tp5_HL,seed3_r3,8tp5_hl_sample_2.cif,0.07838
/mnt/data/msadepth/compreps/seedrep_cand/protenix/8tp5_HL/d307/seed3_r2/results/8tp5_hl/seed_0/predictions/8tp5_hl_sample_3.cif,8tp5_HL,seed3_r2,8tp5_hl_sample_3.cif,0.14859
/mnt/data/msadepth/compreps/seedrep_cand/protenix/8tp5_HL/d307/seed3_r2/results/8tp5_hl/seed_0/predictions/8tp5_hl_sample_4.cif,8tp5_HL,seed3_r2,8tp5_hl_sample_4.cif,0.20469
/mnt/data/msadepth/compreps/seedrep_cand/protenix/8tp5_HL/d307/seed3_r0/results/8tp5_hl/seed_0/predictions/8tp5_hl_sample_3.cif,8tp5_HL,seed3_r0,8tp5_hl_sample_3.cif,0.11167
/mnt/data/msadepth/compreps/seedrep_cand/protenix/8tp5_HL/d307/seed3_r2/results/8tp5_hl/seed_0/predictions/8tp5_hl_sample_0.cif,8tp5_HL,seed3_r2,8tp5_hl_sample_0.cif,0.2408
/mnt/data/msadepth/compreps/seedrep_cand/protenix/8tp5_HL/d307/seed3_r1/results/8tp5_hl/seed_0/predictions/8tp5_hl_sample_3.cif,8tp5_HL,seed3_r1,8tp5_hl_sample_3.cif,0.1365
/mnt/data/msadepth/compreps/seedrep_cand/protenix/8tp5_HL/d307/seed3_r0/results/8tp5_hl/seed_0/predictions/8tp5_hl_sample_1.cif,8tp5_HL,seed3_r0,8tp5_hl_sample_1.cif,0.19319
/mnt/data/msadepth/compreps/seedrep_cand/protenix/8tp5_HL/d307/seed3_r2/results/8tp5_hl/seed_0/predictions/8tp5_hl_sample_2.cif,8tp5_HL,seed3_r2,8tp5_hl_sample_2.cif,0.22003
/mnt/data/msadepth/compreps/seedrep_cand/protenix/8tp5_HL/d307/seed3_r0/results/8tp5_hl/seed_0/predictions/8tp5_hl_sample_4.cif,8tp5_HL,seed3_r0,8tp5_hl_sample_4.cif,0.11525
/mnt/data/msadepth/compreps/seedrep_cand/protenix/8tp5_HL/d307/seed3_r3/results/8tp5_hl/seed_0/predictions/8tp5_hl_sample_3.cif,8tp5_HL,seed3_r3,8tp5_hl_sample_3.cif,0.22773
/mnt/data/msadepth/compreps/seedrep_cand/protenix/8tp5_HL/d307/seed3_r1/results/8tp5_hl/seed_0/predictions/8tp5_hl_sample_2.cif,8tp5_HL,seed3_r1,8tp5_hl_sample_2.cif,0.15306
/mnt/data/msadepth/compreps/seedrep_cand/protenix/8tp5_HL/d307/seed3_r3/results/8tp5_hl/seed_0/predictions/8tp5_hl_sample_1.cif,8tp5_HL,seed3_r3,8tp5_hl_sample_1.cif,0.16755
/mnt/data/msadepth/compreps/seedrep_cand/protenix/8tp5_HL/d307/seed3_r2/results/8tp5_hl/seed_0/predictions/8tp5_hl_sample_1.cif,8tp5_HL,seed3_r2,8tp5_hl_sample_1.cif,0.13642
/mnt/data/msadepth/compreps/seedrep_cand/protenix/8tp5_HL/d307/seed3_r1/results/8tp5_hl/seed_0/predictions/8tp5_hl_sample_1.cif,8tp5_HL,seed3_r1,8tp5_hl_sample_1.cif,0.14625
/mnt/data/msadepth/compreps/seedrep_cand/protenix/8tp5_HL/d307/seed3_r0/results/8tp5_hl/seed_0/predictions/8tp5_hl_sample_2.cif,8tp5_HL,seed3_r0,8tp5_hl_sample_2.cif,0.19909
/mnt/data/msadepth/compreps/seedrep_cand/protenix/8tp5_HL/d307/seed3_r3/results/8tp5_hl/seed_0/predictions/8tp5_hl_sample_0.cif,8tp5_HL,seed3_r3,8tp5_hl_sample_0.cif,0.14847
/mnt/data/msadepth/compreps/seedrep_cand/protenix/8tp5_HL/d307/seed3_r1/results/8tp5_hl/seed_0/predictions/8tp5_hl_sample_0.cif,8tp5_HL,seed3_r1,8tp5_hl_sample_0.cif,0.08648
/mnt/data/msadepth/compreps/seedrep_cand/protenix/8tp5_HL/d307/seed4_r2/results/8tp5_hl/seed_0/predictions/8tp5_hl_sample_4.cif,8tp5_HL,seed4_r2,8tp5_hl_sample_4.cif,0.03067
/mnt/data/msadepth/compreps/seedrep_cand/protenix/8tp5_HL/d307/seed4_r3/results/8tp5_hl/seed_0/predictions/8tp5_hl_sample_1.cif,8tp5_HL,seed4_r3,8tp5_hl_sample_1.cif,0.11796
/mnt/data/msadepth/compreps/seedrep_cand/protenix/8tp5_HL/d307/seed4_r2/results/8tp5_hl/seed_0/predictions/8tp5_hl_sample_2.cif,8tp5_HL,seed4_r2,8tp5_hl_sample_2.cif,0.2883
/mnt/data/msadepth/compreps/seedrep_cand/protenix/8tp5_HL/d307/seed4_r1/results/8tp5_hl/seed_0/predictions/8tp5_hl_sample_0.cif,8tp5_HL,seed4_r1,8tp5_hl_sample_0.cif,0.29713
/mnt/data/msadepth/compreps/seedrep_cand/protenix/8tp5_HL/d307/seed4_r0/results/8tp5_hl/seed_0/predictions/8tp5_hl_sample_0.cif,8tp5_HL,seed4_r0,8tp5_hl_sample_0.cif,0.08543
/mnt/data/msadepth/compreps/seedrep_cand/protenix/8tp5_HL/d307/seed4_r1/results/8tp5_hl/seed_0/predictions/8tp5_hl_sample_1.cif,8tp5_HL,seed4_r1,8tp5_hl_sample_1.cif,0.16535
/mnt/data/msadepth/compreps/seedrep_cand/protenix/8tp5_HL/d307/seed4_r3/results/8tp5_hl/seed_0/predictions/8tp5_hl_sample_3.cif,8tp5_HL,seed4_r3,8tp5_hl_sample_3.cif,0.104
/mnt/data/msadepth/compreps/seedrep_cand/protenix/8tp5_HL/d307/seed4_r1/results/8tp5_hl/seed_0/predictions/8tp5_hl_sample_3.cif,8tp5_HL,seed4_r1,8tp5_hl_sample_3.cif,0.13232
/mnt/data/msadepth/compreps/seedrep_cand/protenix/8tp5_HL/d307/seed4_r3/results/8tp5_hl/seed_0/predictions/8tp5_hl_sample_4.cif,8tp5_HL,seed4_r3,8tp5_hl_sample_4.cif,0.09694
/mnt/data/msadepth/compreps/seedrep_cand/protenix/8tp5_HL/d307/seed4_r0/results/8tp5_hl/seed_0/predictions/8tp5_hl_sample_3.cif,8tp5_HL,seed4_r0,8tp5_hl_sample_3.cif,0.15493
/mnt/data/msadepth/compreps/seedrep_cand/protenix/8tp5_HL/d307/seed4_r2/results/8tp5_hl/seed_0/predictions/8tp5_hl_sample_3.cif,8tp5_HL,seed4_r2,8tp5_hl_sample_3.cif,0.1848
/mnt/data/msadepth/compreps/seedrep_cand/protenix/8tp5_HL/d307/seed4_r0/results/8tp5_hl/seed_0/predictions/8tp5_hl_sample_1.cif,8tp5_HL,seed4_r0,8tp5_hl_sample_1.cif,0.17566
/mnt/data/msadepth/compreps/seedrep_cand/protenix/8tp5_HL/d307/seed4_r1/results/8tp5_hl/seed_0/predictions/8tp5_hl_sample_2.cif,8tp5_HL,seed4_r1,8tp5_hl_sample_2.cif,0.27835
/mnt/data/msadepth/compreps/seedrep_cand/protenix/8tp5_HL/d307/seed4_r2/results/8tp5_hl/seed_0/predictions/8tp5_hl_sample_1.cif,8tp5_HL,seed4_r2,8tp5_hl_sample_1.cif,0.12034
/mnt/data/msadepth/compreps/seedrep_cand/protenix/8tp5_HL/d307/seed4_r2/results/8tp5_hl/seed_0/predictions/8tp5_hl_sample_0.cif,8tp5_HL,seed4_r2,8tp5_hl_sample_0.cif,0.13746
/mnt/data/msadepth/compreps/seedrep_cand/protenix/8tp5_HL/d307/seed4_r0/results/8tp5_hl/seed_0/predictions/8tp5_hl_sample_2.cif,8tp5_HL,seed4_r0,8tp5_hl_sample_2.cif,0.07399
/mnt/data/msadepth/compreps/seedrep_cand/protenix/8tp5_HL/d307/seed4_r3/results/8tp5_hl/seed_0/predictions/8tp5_hl_sample_2.cif,8tp5_HL,seed4_r3,8tp5_hl_sample_2.cif,0.21632
/mnt/data/msadepth/compreps/seedrep_cand/protenix/8tp5_HL/d307/seed4_r0/results/8tp5_hl/seed_0/predictions/8tp5_hl_sample_4.cif,8tp5_HL,seed4_r0,8tp5_hl_sample_4.cif,0.26865
/mnt/data/msadepth/compreps/seedrep_cand/protenix/8tp5_HL/d307/seed4_r3/results/8tp5_hl/seed_0/predictions/8tp5_hl_sample_0.cif,8tp5_HL,seed4_r3,8tp5_hl_sample_0.cif,0.09589
/mnt/data/msadepth/compreps/seedrep_cand/protenix/8tp5_HL/d307/seed4_r1/results/8tp5_hl/seed_0/predictions/8tp5_hl_sample_4.cif,8tp5_HL,seed4_r1,8tp5_hl_sample_4.cif,0.22619
/mnt/data/msadepth/compreps/seedrep_cand/protenix/8tp5_HL/d307/seed5_r1/results/8tp5_hl/seed_0/predictions/8tp5_hl_sample_0.cif,8tp5_HL,seed5_r1,8tp5_hl_sample_0.cif,0.27694
/mnt/data/msadepth/compreps/seedrep_cand/protenix/8tp5_HL/d307/seed5_r2/results/8tp5_hl/seed_0/predictions/8tp5_hl_sample_2.cif,8tp5_HL,seed5_r2,8tp5_hl_sample_2.cif,0.14859
/mnt/data/msadepth/compreps/seedrep_cand/protenix/8tp5_HL/d307/seed5_r2/results/8tp5_hl/seed_0/predictions/8tp5_hl_sample_4.cif,8tp5_HL,seed5_r2,8tp5_hl_sample_4.cif,0.21793
/mnt/data/msadepth/compreps/seedrep_cand/protenix/8tp5_HL/d307/seed5_r1/results/8tp5_hl/seed_0/predictions/8tp5_hl_sample_2.cif,8tp5_HL,seed5_r1,8tp5_hl_sample_2.cif,0.1181
/mnt/data/msadepth/compreps/seedrep_cand/protenix/8tp5_HL/d307/seed5_r1/results/8tp5_hl/seed_0/predictions/8tp5_hl_sample_4.cif,8tp5_HL,seed5_r1,8tp5_hl_sample_4.cif,0.07709
/mnt/data/msadepth/compreps/seedrep_cand/protenix/8tp5_HL/d307/seed5_r1/results/8tp5_hl/seed_0/predictions/8tp5_hl_sample_1.cif,8tp5_HL,seed5_r1,8tp5_hl_sample_1.cif,0.10549
/mnt/data/msadepth/compreps/seedrep_cand/protenix/8tp5_HL/d307/seed5_r0/results/8tp5_hl/seed_0/predictions/8tp5_hl_sample_2.cif,8tp5_HL,seed5_r0,8tp5_hl_sample_2.cif,0.07216
/mnt/data/msadepth/compreps/seedrep_cand/protenix/8tp5_HL/d307/seed5_r2/results/8tp5_hl/seed_0/predictions/8tp5_hl_sample_3.cif,8tp5_HL,seed5_r2,8tp5_hl_sample_3.cif,0.0468
/mnt/data/msadepth/compreps/seedrep_cand/protenix/8tp5_HL/d307/seed5_r0/results/8tp5_hl/seed_0/predictions/8tp5_hl_sample_4.cif,8tp5_HL,seed5_r0,8tp5_hl_sample_4.cif,0.04107
/mnt/data/msadepth/compreps/seedrep_cand/protenix/8tp5_HL/d307/seed5_r0/results/8tp5_hl/seed_0/predictions/8tp5_hl_sample_1.cif,8tp5_HL,seed5_r0,8tp5_hl_sample_1.cif,0.15947
/mnt/data/msadepth/compreps/seedrep_cand/protenix/8tp5_HL/d307/seed5_r0/results/8tp5_hl/seed_0/predictions/8tp5_hl_sample_0.cif,8tp5_HL,seed5_r0,8tp5_hl_sample_0.cif,0.14494
/mnt/data/msadepth/compreps/seedrep_cand/protenix/8tp5_HL/d307/seed5_r3/results/8tp5_hl/seed_0/predictions/8tp5_hl_sample_3.cif,8tp5_HL,seed5_r3,8tp5_hl_sample_3.cif,0.09146
/mnt/data/msadepth/compreps/seedrep_cand/protenix/8tp5_HL/d307/seed5_r2/results/8tp5_hl/seed_0/predictions/8tp5_hl_sample_0.cif,8tp5_HL,seed5_r2,8tp5_hl_sample_0.cif,0.1698
/mnt/data/msadepth/compreps/seedrep_cand/protenix/8tp5_HL/d307/seed5_r2/results/8tp5_hl/seed_0/predictions/8tp5_hl_sample_1.cif,8tp5_HL,seed5_r2,8tp5_hl_sample_1.cif,0.24982
/mnt/data/msadepth/compreps/seedrep_cand/protenix/8tp5_HL/d307/seed5_r3/results/8tp5_hl/seed_0/predictions/8tp5_hl_sample_1.cif,8tp5_HL,seed5_r3,8tp5_hl_sample_1.cif,0.06604
/mnt/data/msadepth/compreps/seedrep_cand/protenix/8tp5_HL/d307/seed5_r3/results/8tp5_hl/seed_0/predictions/8tp5_hl_sample_0.cif,8tp5_HL,seed5_r3,8tp5_hl_sample_0.cif,0.12645
/mnt/data/msadepth/compreps/seedrep_cand/protenix/8tp5_HL/d307/seed5_r0/results/8tp5_hl/seed_0/predictions/8tp5_hl_sample_3.cif,8tp5_HL,seed5_r0,8tp5_hl_sample_3.cif,0.10674
/mnt/data/msadepth/compreps/seedrep_cand/protenix/8tp5_HL/d307/seed5_r1/results/8tp5_hl/seed_0/predictions/8tp5_hl_sample_3.cif,8tp5_HL,seed5_r1,8tp5_hl_sample_3.cif,0.07597
/mnt/data/msadepth/compreps/seedrep_cand/protenix/8tp5_HL/d307/seed5_r3/results/8tp5_hl/seed_0/predictions/8tp5_hl_sample_4.cif,8tp5_HL,seed5_r3,8tp5_hl_sample_4.cif,0.17126
/mnt/data/msadepth/compreps/seedrep_cand/protenix/8tp5_HL/d307/seed5_r3/results/8tp5_hl/seed_0/predictions/8tp5_hl_sample_2.cif,8tp5_HL,seed5_r3,8tp5_hl_sample_2.cif,0.04976
/mnt/data/msadepth/compreps/seedrep_cand/protenix/8tp5_HL/d307/seedfull_r1/results/8tp5_hl/seed_0/predictions/8tp5_hl_sample_3.cif,8tp5_HL,seedfull_r1,8tp5_hl_sample_3.cif,0.08769
/mnt/data/msadepth/compreps/seedrep_cand/protenix/8tp5_HL/d307/seedfull_r10/results/8tp5_hl/seed_0/predictions/8tp5_hl_sample_1.cif,8tp5_HL,seedfull_r10,8tp5_hl_sample_1.cif,0.05479
/mnt/data/msadepth/compreps/seedrep_cand/protenix/8tp5_HL/d307/seedfull_r11/results/8tp5_hl/seed_0/predictions/8tp5_hl_sample_2.cif,8tp5_HL,seedfull_r11,8tp5_hl_sample_2.cif,0.13766
/mnt/data/msadepth/compreps/seedrep_cand/protenix/8tp5_HL/d307/seedfull_r10/results/8tp5_hl/seed_0/predictions/8tp5_hl_sample_3.cif,8tp5_HL,seedfull_r10,8tp5_hl_sample_3.cif,0.05483
/mnt/data/msadepth/compreps/seedrep_cand/protenix/8tp5_HL/d307/seedfull_r1/results/8tp5_hl/seed_0/predictions/8tp5_hl_sample_0.cif,8tp5_HL,seedfull_r1,8tp5_hl_sample_0.cif,0.13183
/mnt/data/msadepth/compreps/seedrep_cand/protenix/8tp5_HL/d307/seedfull_r0/results/8tp5_hl/seed_0/predictions/8tp5_hl_sample_4.cif,8tp5_HL,seedfull_r0,8tp5_hl_sample_4.cif,0.14734
/mnt/data/msadepth/compreps/seedrep_cand/protenix/8tp5_HL/d307/seedfull_r11/results/8tp5_hl/seed_0/predictions/8tp5_hl_sample_1.cif,8tp5_HL,seedfull_r11,8tp5_hl_sample_1.cif,0.21547
/mnt/data/msadepth/compreps/seedrep_cand/protenix/8tp5_HL/d307/seedfull_r10/results/8tp5_hl/seed_0/predictions/8tp5_hl_sample_4.cif,8tp5_HL,seedfull_r10,8tp5_hl_sample_4.cif,0.03656
/mnt/data/msadepth/compreps/seedrep_cand/protenix/8tp5_HL/d307/seedfull_r1/results/8tp5_hl/seed_0/predictions/8tp5_hl_sample_4.cif,8tp5_HL,seedfull_r1,8tp5_hl_sample_4.cif,0.09358
/mnt/data/msadepth/compreps/seedrep_cand/protenix/8tp5_HL/d307/seedfull_r1/results/8tp5_hl/seed_0/predictions/8tp5_hl_sample_1.cif,8tp5_HL,seedfull_r1,8tp5_hl_sample_1.cif,0.2508
/mnt/data/msadepth/compreps/seedrep_cand/protenix/8tp5_HL/d307/seedfull_r11/results/8tp5_hl/seed_0/predictions/8tp5_hl_sample_3.cif,8tp5_HL,seedfull_r11,8tp5_hl_sample_3.cif,0.1873
/mnt/data/msadepth/compreps/seedrep_cand/protenix/8tp5_HL/d307/seedfull_r10/results/8tp5_hl/seed_0/predictions/8tp5_hl_sample_2.cif,8tp5_HL,seedfull_r10,8tp5_hl_sample_2.cif,0.0581
/mnt/data/msadepth/compreps/seedrep_cand/protenix/8tp5_HL/d307/seedfull_r10/results/8tp5_hl/seed_0/predictions/8tp5_hl_sample_0.cif,8tp5_HL,seedfull_r10,8tp5_hl_sample_0.cif,0.09918
/mnt/data/msadepth/compreps/seedrep_cand/protenix/8tp5_HL/d307/seedfull_r11/results/8tp5_hl/seed_0/predictions/8tp5_hl_sample_4.cif,8tp5_HL,seedfull_r11,8tp5_hl_sample_4.cif,0.0464
/mnt/data/msadepth/compreps/seedrep_cand/protenix/8tp5_HL/d307/seedfull_r11/results/8tp5_hl/seed_0/predictions/8tp5_hl_sample_0.cif,8tp5_HL,seedfull_r11,8tp5_hl_sample_0.cif,0.19416
/mnt/data/msadepth/compreps/seedrep_cand/protenix/8tp5_HL/d307/seedfull_r1/results/8tp5_hl/seed_0/predictions/8tp5_hl_sample_2.cif,8tp5_HL,seedfull_r1,8tp5_hl_sample_2.cif,0.10194
/mnt/data/msadepth/compreps/seedrep_cand/protenix/8tp5_HL/d307/seedfull_r0/results/8tp5_hl/seed_0/predictions/8tp5_hl_sample_2.cif,8tp5_HL,seedfull_r0,8tp5_hl_sample_2.cif,0.05819
/mnt/data/msadepth/compreps/seedrep_cand/protenix/8tp5_HL/d307/seedfull_r0/results/8tp5_hl/seed_0/predictions/8tp5_hl_sample_1.cif,8tp5_HL,seedfull_r0,8tp5_hl_sample_1.cif,0.05967
/mnt/data/msadepth/compreps/seedrep_cand/protenix/8tp5_HL/d307/seedfull_r0/results/8tp5_hl/seed_0/predictions/8tp5_hl_sample_0.cif,8tp5_HL,seedfull_r0,8tp5_hl_sample_0.cif,0.15545
/mnt/data/msadepth/compreps/seedrep_cand/protenix/8tp5_HL/d307/seedfull_r0/results/8tp5_hl/seed_0/predictions/8tp5_hl_sample_3.cif,8tp5_HL,seedfull_r0,8tp5_hl_sample_3.cif,0.10099
/mnt/data/msadepth/compreps/seedrep_cand/protenix/8tp5_HL/d307/seedfull_r14/results/8tp5_hl/seed_0/predictions/8tp5_hl_sample_2.cif,8tp5_HL,seedfull_r14,8tp5_hl_sample_2.cif,0.07386
/mnt/data/msadepth/compreps/seedrep_cand/protenix/8tp5_HL/d307/seedfull_r12/results/8tp5_hl/seed_0/predictions/8tp5_hl_sample_0.cif,8tp5_HL,seedfull_r12,8tp5_hl_sample_0.cif,0.1237
/mnt/data/msadepth/compreps/seedrep_cand/protenix/8tp5_HL/d307/seedfull_r13/results/8tp5_hl/seed_0/predictions/8tp5_hl_sample_2.cif,8tp5_HL,seedfull_r13,8tp5_hl_sample_2.cif,0.22824
/mnt/data/msadepth/compreps/seedrep_cand/protenix/8tp5_HL/d307/seedfull_r12/results/8tp5_hl/seed_0/predictions/8tp5_hl_sample_2.cif,8tp5_HL,seedfull_r12,8tp5_hl_sample_2.cif,0.10269
/mnt/data/msadepth/compreps/seedrep_cand/protenix/8tp5_HL/d307/seedfull_r14/results/8tp5_hl/seed_0/predictions/8tp5_hl_sample_4.cif,8tp5_HL,seedfull_r14,8tp5_hl_sample_4.cif,0.08841
/mnt/data/msadepth/compreps/seedrep_cand/protenix/8tp5_HL/d307/seedfull_r15/results/8tp5_hl/seed_0/predictions/8tp5_hl_sample_4.cif,8tp5_HL,seedfull_r15,8tp5_hl_sample_4.cif,0.08297
/mnt/data/msadepth/compreps/seedrep_cand/protenix/8tp5_HL/d307/seedfull_r13/results/8tp5_hl/seed_0/predictions/8tp5_hl_sample_0.cif,8tp5_HL,seedfull_r13,8tp5_hl_sample_0.cif,0.19542
/mnt/data/msadepth/compreps/seedrep_cand/protenix/8tp5_HL/d307/seedfull_r13/results/8tp5_hl/seed_0/predictions/8tp5_hl_sample_1.cif,8tp5_HL,seedfull_r13,8tp5_hl_sample_1.cif,0.19233
/mnt/data/msadepth/compreps/seedrep_cand/protenix/8tp5_HL/d307/seedfull_r12/results/8tp5_hl/seed_0/predictions/8tp5_hl_sample_3.cif,8tp5_HL,seedfull_r12,8tp5_hl_sample_3.cif,0.15557
/mnt/data/msadepth/compreps/seedrep_cand/protenix/8tp5_HL/d307/seedfull_r13/results/8tp5_hl/seed_0/predictions/8tp5_hl_sample_3.cif,8tp5_HL,seedfull_r13,8tp5_hl_sample_3.cif,0.20625
/mnt/data/msadepth/compreps/seedrep_cand/protenix/8tp5_HL/d307/seedfull_r15/results/8tp5_hl/seed_0/predictions/8tp5_hl_sample_0.cif,8tp5_HL,seedfull_r15,8tp5_hl_sample_0.cif,0.18095
/mnt/data/msadepth/compreps/seedrep_cand/protenix/8tp5_HL/d307/seedfull_r14/results/8tp5_hl/seed_0/predictions/8tp5_hl_sample_1.cif,8tp5_HL,seedfull_r14,8tp5_hl_sample_1.cif,0.13138
/mnt/data/msadepth/compreps/seedrep_cand/protenix/8tp5_HL/d307/seedfull_r12/results/8tp5_hl/seed_0/predictions/8tp5_hl_sample_1.cif,8tp5_HL,seedfull_r12,8tp5_hl_sample_1.cif,0.25081
/mnt/data/msadepth/compreps/seedrep_cand/protenix/8tp5_HL/d307/seedfull_r13/results/8tp5_hl/seed_0/predictions/8tp5_hl_sample_4.cif,8tp5_HL,seedfull_r13,8tp5_hl_sample_4.cif,0.24443
/mnt/data/msadepth/compreps/seedrep_cand/protenix/8tp5_HL/d307/seedfull_r15/results/8tp5_hl/seed_0/predictions/8tp5_hl_sample_1.cif,8tp5_HL,seedfull_r15,8tp5_hl_sample_1.cif,0.10267
/mnt/data/msadepth/compreps/seedrep_cand/protenix/8tp5_HL/d307/seedfull_r12/results/8tp5_hl/seed_0/predictions/8tp5_hl_sample_4.cif,8tp5_HL,seedfull_r12,8tp5_hl_sample_4.cif,0.08294
/mnt/data/msadepth/compreps/seedrep_cand/protenix/8tp5_HL/d307/seedfull_r15/results/8tp5_hl/seed_0/predictions/8tp5_hl_sample_3.cif,8tp5_HL,seedfull_r15,8tp5_hl_sample_3.cif,0.04443
/mnt/data/msadepth/compreps/seedrep_cand/protenix/8tp5_HL/d307/seedfull_r14/results/8tp5_hl/seed_0/predictions/8tp5_hl_sample_0.cif,8tp5_HL,seedfull_r14,8tp5_hl_sample_0.cif,0.16519
/mnt/data/msadepth/compreps/seedrep_cand/protenix/8tp5_HL/d307/seedfull_r14/results/8tp5_hl/seed_0/predictions/8tp5_hl_sample_3.cif,8tp5_HL,seedfull_r14,8tp5_hl_sample_3.cif,0.1196
/mnt/data/msadepth/compreps/seedrep_cand/protenix/8tp5_HL/d307/seedfull_r15/results/8tp5_hl/seed_0/predictions/8tp5_hl_sample_2.cif,8tp5_HL,seedfull_r15,8tp5_hl_sample_2.cif,0.10868
/mnt/data/msadepth/compreps/seedrep_cand/protenix/8tp5_HL/d307/seedfull_r18/results/8tp5_hl/seed_0/predictions/8tp5_hl_sample_4.cif,8tp5_HL,seedfull_r18,8tp5_hl_sample_4.cif,0.03421
/mnt/data/msadepth/compreps/seedrep_cand/protenix/8tp5_HL/d307/seedfull_r19/results/8tp5_hl/seed_0/predictions/8tp5_hl_sample_1.cif,8tp5_HL,seedfull_r19,8tp5_hl_sample_1.cif,0.13174
/mnt/data/msadepth/compreps/seedrep_cand/protenix/8tp5_HL/d307/seedfull_r16/results/8tp5_hl/seed_0/predictions/8tp5_hl_sample_4.cif,8tp5_HL,seedfull_r16,8tp5_hl_sample_4.cif,0.15793
/mnt/data/msadepth/compreps/seedrep_cand/protenix/8tp5_HL/d307/seedfull_r16/results/8tp5_hl/seed_0/predictions/8tp5_hl_sample_0.cif,8tp5_HL,seedfull_r16,8tp5_hl_sample_0.cif,0.12618
/mnt/data/msadepth/compreps/seedrep_cand/protenix/8tp5_HL/d307/seedfull_r16/results/8tp5_hl/seed_0/predictions/8tp5_hl_sample_2.cif,8tp5_HL,seedfull_r16,8tp5_hl_sample_2.cif,0.09449
/mnt/data/msadepth/compreps/seedrep_cand/protenix/8tp5_HL/d307/seedfull_r18/results/8tp5_hl/seed_0/predictions/8tp5_hl_sample_0.cif,8tp5_HL,seedfull_r18,8tp5_hl_sample_0.cif,0.13935
/mnt/data/msadepth/compreps/seedrep_cand/protenix/8tp5_HL/d307/seedfull_r17/results/8tp5_hl/seed_0/predictions/8tp5_hl_sample_1.cif,8tp5_HL,seedfull_r17,8tp5_hl_sample_1.cif,0.09148
/mnt/data/msadepth/compreps/seedrep_cand/protenix/8tp5_HL/d307/seedfull_r18/results/8tp5_hl/seed_0/predictions/8tp5_hl_sample_3.cif,8tp5_HL,seedfull_r18,8tp5_hl_sample_3.cif,0.15404
/mnt/data/msadepth/compreps/seedrep_cand/protenix/8tp5_HL/d307/seedfull_r17/results/8tp5_hl/seed_0/predictions/8tp5_hl_sample_3.cif,8tp5_HL,seedfull_r17,8tp5_hl_sample_3.cif,0.08109
/mnt/data/msadepth/compreps/seedrep_cand/protenix/8tp5_HL/d307/seedfull_r17/results/8tp5_hl/seed_0/predictions/8tp5_hl_sample_4.cif,8tp5_HL,seedfull_r17,8tp5_hl_sample_4.cif,0.10093
/mnt/data/msadepth/compreps/seedrep_cand/protenix/8tp5_HL/d307/seedfull_r18/results/8tp5_hl/seed_0/predictions/8tp5_hl_sample_1.cif,8tp5_HL,seedfull_r18,8tp5_hl_sample_1.cif,0.248
/mnt/data/msadepth/compreps/seedrep_cand/protenix/8tp5_HL/d307/seedfull_r19/results/8tp5_hl/seed_0/predictions/8tp5_hl_sample_4.cif,8tp5_HL,seedfull_r19,8tp5_hl_sample_4.cif,0.13372
/mnt/data/msadepth/compreps/seedrep_cand/protenix/8tp5_HL/d307/seedfull_r19/results/8tp5_hl/seed_0/predictions/8tp5_hl_sample_0.cif,8tp5_HL,seedfull_r19,8tp5_hl_sample_0.cif,0.12181
/mnt/data/msadepth/compreps/seedrep_cand/protenix/8tp5_HL/d307/seedfull_r16/results/8tp5_hl/seed_0/predictions/8tp5_hl_sample_1.cif,8tp5_HL,seedfull_r16,8tp5_hl_sample_1.cif,0.16078
/mnt/data/msadepth/compreps/seedrep_cand/protenix/8tp5_HL/d307/seedfull_r17/results/8tp5_hl/seed_0/predictions/8tp5_hl_sample_2.cif,8tp5_HL,seedfull_r17,8tp5_hl_sample_2.cif,0.1515
/mnt/data/msadepth/compreps/seedrep_cand/protenix/8tp5_HL/d307/seedfull_r19/results/8tp5_hl/seed_0/predictions/8tp5_hl_sample_2.cif,8tp5_HL,seedfull_r19,8tp5_hl_sample_2.cif,0.18651
/mnt/data/msadepth/compreps/seedrep_cand/protenix/8tp5_HL/d307/seedfull_r18/results/8tp5_hl/seed_0/predictions/8tp5_hl_sample_2.cif,8tp5_HL,seedfull_r18,8tp5_hl_sample_2.cif,0.10397
/mnt/data/msadepth/compreps/seedrep_cand/protenix/8tp5_HL/d307/seedfull_r17/results/8tp5_hl/seed_0/predictions/8tp5_hl_sample_0.cif,8tp5_HL,seedfull_r17,8tp5_hl_sample_0.cif,0.20418
/mnt/data/msadepth/compreps/seedrep_cand/protenix/8tp5_HL/d307/seedfull_r16/results/8tp5_hl/seed_0/predictions/8tp5_hl_sample_3.cif,8tp5_HL,seedfull_r16,8tp5_hl_sample_3.cif,0.08826
/mnt/data/msadepth/compreps/seedrep_cand/protenix/8tp5_HL/d307/seedfull_r19/results/8tp5_hl/seed_0/predictions/8tp5_hl_sample_3.cif,8tp5_HL,seedfull_r19,8tp5_hl_sample_3.cif,0.14193
/mnt/data/msadepth/compreps/seedrep_cand/protenix/8tp5_HL/d307/seedfull_r3/results/8tp5_hl/seed_0/predictions/8tp5_hl_sample_3.cif,8tp5_HL,seedfull_r3,8tp5_hl_sample_3.cif,0.19154
/mnt/data/msadepth/compreps/seedrep_cand/protenix/8tp5_HL/d307/seedfull_r3/results/8tp5_hl/seed_0/predictions/8tp5_hl_sample_1.cif,8tp5_HL,seedfull_r3,8tp5_hl_sample_1.cif,0.15862
/mnt/data/msadepth/compreps/seedrep_cand/protenix/8tp5_HL/d307/seedfull_r2/results/8tp5_hl/seed_0/predictions/8tp5_hl_sample_0.cif,8tp5_HL,seedfull_r2,8tp5_hl_sample_0.cif,0.10139
/mnt/data/msadepth/compreps/seedrep_cand/protenix/8tp5_HL/d307/seedfull_r2/results/8tp5_hl/seed_0/predictions/8tp5_hl_sample_2.cif,8tp5_HL,seedfull_r2,8tp5_hl_sample_2.cif,0.0388
/mnt/data/msadepth/compreps/seedrep_cand/protenix/8tp5_HL/d307/seedfull_r5/results/8tp5_hl/seed_0/predictions/8tp5_hl_sample_2.cif,8tp5_HL,seedfull_r5,8tp5_hl_sample_2.cif,0.27664
/mnt/data/msadepth/compreps/seedrep_cand/protenix/8tp5_HL/d307/seedfull_r3/results/8tp5_hl/seed_0/predictions/8tp5_hl_sample_4.cif,8tp5_HL,seedfull_r3,8tp5_hl_sample_4.cif,0.1537
/mnt/data/msadepth/compreps/seedrep_cand/protenix/8tp5_HL/d307/seedfull_r4/results/8tp5_hl/seed_0/predictions/8tp5_hl_sample_3.cif,8tp5_HL,seedfull_r4,8tp5_hl_sample_3.cif,0.06811
/mnt/data/msadepth/compreps/seedrep_cand/protenix/8tp5_HL/d307/seedfull_r2/results/8tp5_hl/seed_0/predictions/8tp5_hl_sample_3.cif,8tp5_HL,seedfull_r2,8tp5_hl_sample_3.cif,0.05034
/mnt/data/msadepth/compreps/seedrep_cand/protenix/8tp5_HL/d307/seedfull_r5/results/8tp5_hl/seed_0/predictions/8tp5_hl_sample_4.cif,8tp5_HL,seedfull_r5,8tp5_hl_sample_4.cif,0.09357
/mnt/data/msadepth/compreps/seedrep_cand/protenix/8tp5_HL/d307/seedfull_r4/results/8tp5_hl/seed_0/predictions/8tp5_hl_sample_2.cif,8tp5_HL,seedfull_r4,8tp5_hl_sample_2.cif,0.13499
/mnt/data/msadepth/compreps/seedrep_cand/protenix/8tp5_HL/d307/seedfull_r5/results/8tp5_hl/seed_0/predictions/8tp5_hl_sample_3.cif,8tp5_HL,seedfull_r5,8tp5_hl_sample_3.cif,0.11618
/mnt/data/msadepth/compreps/seedrep_cand/protenix/8tp5_HL/d307/seedfull_r4/results/8tp5_hl/seed_0/predictions/8tp5_hl_sample_0.cif,8tp5_HL,seedfull_r4,8tp5_hl_sample_0.cif,0.21499
/mnt/data/msadepth/compreps/seedrep_cand/protenix/8tp5_HL/d307/seedfull_r5/results/8tp5_hl/seed_0/predictions/8tp5_hl_sample_1.cif,8tp5_HL,seedfull_r5,8tp5_hl_sample_1.cif,0.09184
/mnt/data/msadepth/compreps/seedrep_cand/protenix/8tp5_HL/d307/seedfull_r2/results/8tp5_hl/seed_0/predictions/8tp5_hl_sample_4.cif,8tp5_HL,seedfull_r2,8tp5_hl_sample_4.cif,0.11297
/mnt/data/msadepth/compreps/seedrep_cand/protenix/8tp5_HL/d307/seedfull_r3/results/8tp5_hl/seed_0/predictions/8tp5_hl_sample_2.cif,8tp5_HL,seedfull_r3,8tp5_hl_sample_2.cif,0.14951
/mnt/data/msadepth/compreps/seedrep_cand/protenix/8tp5_HL/d307/seedfull_r3/results/8tp5_hl/seed_0/predictions/8tp5_hl_sample_0.cif,8tp5_HL,seedfull_r3,8tp5_hl_sample_0.cif,0.17483
/mnt/data/msadepth/compreps/seedrep_cand/protenix/8tp5_HL/d307/seedfull_r5/results/8tp5_hl/seed_0/predictions/8tp5_hl_sample_0.cif,8tp5_HL,seedfull_r5,8tp5_hl_sample_0.cif,0.21232
/mnt/data/msadepth/compreps/seedrep_cand/protenix/8tp5_HL/d307/seedfull_r2/results/8tp5_hl/seed_0/predictions/8tp5_hl_sample_1.cif,8tp5_HL,seedfull_r2,8tp5_hl_sample_1.cif,0.10899
/mnt/data/msadepth/compreps/seedrep_cand/protenix/8tp5_HL/d307/seedfull_r4/results/8tp5_hl/seed_0/predictions/8tp5_hl_sample_4.cif,8tp5_HL,seedfull_r4,8tp5_hl_sample_4.cif,0.2565
/mnt/data/msadepth/compreps/seedrep_cand/protenix/8tp5_HL/d307/seedfull_r4/results/8tp5_hl/seed_0/predictions/8tp5_hl_sample_1.cif,8tp5_HL,seedfull_r4,8tp5_hl_sample_1.cif,0.20134
/mnt/data/msadepth/compreps/seedrep_cand/protenix/8tp5_HL/d307/seedfull_r6/results/8tp5_hl/seed_0/predictions/8tp5_hl_sample_0.cif,8tp5_HL,seedfull_r6,8tp5_hl_sample_0.cif,0.20291
/mnt/data/msadepth/compreps/seedrep_cand/protenix/8tp5_HL/d307/seedfull_r7/results/8tp5_hl/seed_0/predictions/8tp5_hl_sample_1.cif,8tp5_HL,seedfull_r7,8tp5_hl_sample_1.cif,0.13124
/mnt/data/msadepth/compreps/seedrep_cand/protenix/8tp5_HL/d307/seedfull_r9/results/8tp5_hl/seed_0/predictions/8tp5_hl_sample_2.cif,8tp5_HL,seedfull_r9,8tp5_hl_sample_2.cif,0.1416
/mnt/data/msadepth/compreps/seedrep_cand/protenix/8tp5_HL/d307/seedfull_r8/results/8tp5_hl/seed_0/predictions/8tp5_hl_sample_2.cif,8tp5_HL,seedfull_r8,8tp5_hl_sample_2.cif,0.19187
/mnt/data/msadepth/compreps/seedrep_cand/protenix/8tp5_HL/d307/seedfull_r6/results/8tp5_hl/seed_0/predictions/8tp5_hl_sample_1.cif,8tp5_HL,seedfull_r6,8tp5_hl_sample_1.cif,0.15187
/mnt/data/msadepth/compreps/seedrep_cand/protenix/8tp5_HL/d307/seedfull_r8/results/8tp5_hl/seed_0/predictions/8tp5_hl_sample_4.cif,8tp5_HL,seedfull_r8,8tp5_hl_sample_4.cif,0.21166
/mnt/data/msadepth/compreps/seedrep_cand/protenix/8tp5_HL/d307/seedfull_r6/results/8tp5_hl/seed_0/predictions/8tp5_hl_sample_3.cif,8tp5_HL,seedfull_r6,8tp5_hl_sample_3.cif,0.23613
/mnt/data/msadepth/compreps/seedrep_cand/protenix/8tp5_HL/d307/seedfull_r8/results/8tp5_hl/seed_0/predictions/8tp5_hl_sample_3.cif,8tp5_HL,seedfull_r8,8tp5_hl_sample_3.cif,0.19619
/mnt/data/msadepth/compreps/seedrep_cand/protenix/8tp5_HL/d307/seedfull_r8/results/8tp5_hl/seed_0/predictions/8tp5_hl_sample_1.cif,8tp5_HL,seedfull_r8,8tp5_hl_sample_1.cif,0.13705
/mnt/data/msadepth/compreps/seedrep_cand/protenix/8tp5_HL/d307/seedfull_r7/results/8tp5_hl/seed_0/predictions/8tp5_hl_sample_0.cif,8tp5_HL,seedfull_r7,8tp5_hl_sample_0.cif,0.03995
/mnt/data/msadepth/compreps/seedrep_cand/protenix/8tp5_HL/d307/seedfull_r6/results/8tp5_hl/seed_0/predictions/8tp5_hl_sample_2.cif,8tp5_HL,seedfull_r6,8tp5_hl_sample_2.cif,0.1838
/mnt/data/msadepth/compreps/seedrep_cand/protenix/8tp5_HL/d307/seedfull_r9/results/8tp5_hl/seed_0/predictions/8tp5_hl_sample_1.cif,8tp5_HL,seedfull_r9,8tp5_hl_sample_1.cif,0.03419
/mnt/data/msadepth/compreps/seedrep_cand/protenix/8tp5_HL/d307/seedfull_r9/results/8tp5_hl/seed_0/predictions/8tp5_hl_sample_3.cif,8tp5_HL,seedfull_r9,8tp5_hl_sample_3.cif,0.20771
/mnt/data/msadepth/compreps/seedrep_cand/protenix/8tp5_HL/d307/seedfull_r6/results/8tp5_hl/seed_0/predictions/8tp5_hl_sample_4.cif,8tp5_HL,seedfull_r6,8tp5_hl_sample_4.cif,0.12742
/mnt/data/msadepth/compreps/seedrep_cand/protenix/8tp5_HL/d307/seedfull_r9/results/8tp5_hl/seed_0/predictions/8tp5_hl_sample_0.cif,8tp5_HL,seedfull_r9,8tp5_hl_sample_0.cif,0.06038
/mnt/data/msadepth/compreps/seedrep_cand/protenix/8tp5_HL/d307/seedfull_r9/results/8tp5_hl/seed_0/predictions/8tp5_hl_sample_4.cif,8tp5_HL,seedfull_r9,8tp5_hl_sample_4.cif,0.10045
/mnt/data/msadepth/compreps/seedrep_cand/protenix/8tp5_HL/d307/seedfull_r7/results/8tp5_hl/seed_0/predictions/8tp5_hl_sample_2.cif,8tp5_HL,seedfull_r7,8tp5_hl_sample_2.cif,0.26724
/mnt/data/msadepth/compreps/seedrep_cand/protenix/8tp5_HL/d307/seedfull_r7/results/8tp5_hl/seed_0/predictions/8tp5_hl_sample_4.cif,8tp5_HL,seedfull_r7,8tp5_hl_sample_4.cif,0.12951
/mnt/data/msadepth/compreps/seedrep_cand/protenix/8tp5_HL/d307/seedfull_r7/results/8tp5_hl/seed_0/predictions/8tp5_hl_sample_3.cif,8tp5_HL,seedfull_r7,8tp5_hl_sample_3.cif,0.1535
/mnt/data/msadepth/compreps/seedrep_cand/protenix/8tp5_HL/d307/seedfull_r8/results/8tp5_hl/seed_0/predictions/8tp5_hl_sample_0.cif,8tp5_HL,seedfull_r8,8tp5_hl_sample_0.cif,0.24532
/mnt/data/msadepth/compreps/seedrep_cand/protenix/8u44_ST/d413/seed0_r1/results/8u44_st/seed_0/predictions/8u44_st_sample_1.cif,8u44_ST,seed0_r1,8u44_st_sample_1.cif,0.04393
/mnt/data/msadepth/compreps/seedrep_cand/protenix/8u44_ST/d413/seed0_r1/results/8u44_st/seed_0/predictions/8u44_st_sample_4.cif,8u44_ST,seed0_r1,8u44_st_sample_4.cif,0.04122
/mnt/data/msadepth/compreps/seedrep_cand/protenix/8u44_ST/d413/seed0_r2/results/8u44_st/seed_0/predictions/8u44_st_sample_2.cif,8u44_ST,seed0_r2,8u44_st_sample_2.cif,0.03308
/mnt/data/msadepth/compreps/seedrep_cand/protenix/8u44_ST/d413/seed0_r2/results/8u44_st/seed_0/predictions/8u44_st_sample_1.cif,8u44_ST,seed0_r2,8u44_st_sample_1.cif,0.02515
/mnt/data/msadepth/compreps/seedrep_cand/protenix/8u44_ST/d413/seed0_r0/results/8u44_st/seed_0/predictions/8u44_st_sample_2.cif,8u44_ST,seed0_r0,8u44_st_sample_2.cif,0.03172
/mnt/data/msadepth/compreps/seedrep_cand/protenix/8u44_ST/d413/seed0_r1/results/8u44_st/seed_0/predictions/8u44_st_sample_3.cif,8u44_ST,seed0_r1,8u44_st_sample_3.cif,0.04224
/mnt/data/msadepth/compreps/seedrep_cand/protenix/8u44_ST/d413/seed0_r1/results/8u44_st/seed_0/predictions/8u44_st_sample_2.cif,8u44_ST,seed0_r1,8u44_st_sample_2.cif,0.11986
/mnt/data/msadepth/compreps/seedrep_cand/protenix/8u44_ST/d413/seed0_r2/results/8u44_st/seed_0/predictions/8u44_st_sample_0.cif,8u44_ST,seed0_r2,8u44_st_sample_0.cif,0.02694
/mnt/data/msadepth/compreps/seedrep_cand/protenix/8u44_ST/d413/seed0_r0/results/8u44_st/seed_0/predictions/8u44_st_sample_4.cif,8u44_ST,seed0_r0,8u44_st_sample_4.cif,0.14392
/mnt/data/msadepth/compreps/seedrep_cand/protenix/8u44_ST/d413/seed0_r2/results/8u44_st/seed_0/predictions/8u44_st_sample_4.cif,8u44_ST,seed0_r2,8u44_st_sample_4.cif,0.02559
/mnt/data/msadepth/compreps/seedrep_cand/protenix/8u44_ST/d413/seed0_r0/results/8u44_st/seed_0/predictions/8u44_st_sample_0.cif,8u44_ST,seed0_r0,8u44_st_sample_0.cif,0.09378
/mnt/data/msadepth/compreps/seedrep_cand/protenix/8u44_ST/d413/seed0_r3/results/8u44_st/seed_0/predictions/8u44_st_sample_2.cif,8u44_ST,seed0_r3,8u44_st_sample_2.cif,0.03127
/mnt/data/msadepth/compreps/seedrep_cand/protenix/8u44_ST/d413/seed0_r0/results/8u44_st/seed_0/predictions/8u44_st_sample_1.cif,8u44_ST,seed0_r0,8u44_st_sample_1.cif,0.05541
/mnt/data/msadepth/compreps/seedrep_cand/protenix/8u44_ST/d413/seed0_r3/results/8u44_st/seed_0/predictions/8u44_st_sample_0.cif,8u44_ST,seed0_r3,8u44_st_sample_0.cif,0.02657
/mnt/data/msadepth/compreps/seedrep_cand/protenix/8u44_ST/d413/seed0_r3/results/8u44_st/seed_0/predictions/8u44_st_sample_3.cif,8u44_ST,seed0_r3,8u44_st_sample_3.cif,0.02243
/mnt/data/msadepth/compreps/seedrep_cand/protenix/8u44_ST/d413/seed0_r3/results/8u44_st/seed_0/predictions/8u44_st_sample_4.cif,8u44_ST,seed0_r3,8u44_st_sample_4.cif,0.03736
/mnt/data/msadepth/compreps/seedrep_cand/protenix/8u44_ST/d413/seed0_r0/results/8u44_st/seed_0/predictions/8u44_st_sample_3.cif,8u44_ST,seed0_r0,8u44_st_sample_3.cif,0.02517
/mnt/data/msadepth/compreps/seedrep_cand/protenix/8u44_ST/d413/seed0_r3/results/8u44_st/seed_0/predictions/8u44_st_sample_1.cif,8u44_ST,seed0_r3,8u44_st_sample_1.cif,0.02918
/mnt/data/msadepth/compreps/seedrep_cand/protenix/8u44_ST/d413/seed0_r2/results/8u44_st/seed_0/predictions/8u44_st_sample_3.cif,8u44_ST,seed0_r2,8u44_st_sample_3.cif,0.02607
/mnt/data/msadepth/compreps/seedrep_cand/protenix/8u44_ST/d413/seed0_r1/results/8u44_st/seed_0/predictions/8u44_st_sample_0.cif,8u44_ST,seed0_r1,8u44_st_sample_0.cif,0.02343
/mnt/data/msadepth/compreps/seedrep_cand/protenix/8u44_ST/d413/seed1_r1/results/8u44_st/seed_0/predictions/8u44_st_sample_4.cif,8u44_ST,seed1_r1,8u44_st_sample_4.cif,0.04436
/mnt/data/msadepth/compreps/seedrep_cand/protenix/8u44_ST/d413/seed1_r3/results/8u44_st/seed_0/predictions/8u44_st_sample_2.cif,8u44_ST,seed1_r3,8u44_st_sample_2.cif,0.0498
/mnt/data/msadepth/compreps/seedrep_cand/protenix/8u44_ST/d413/seed1_r3/results/8u44_st/seed_0/predictions/8u44_st_sample_4.cif,8u44_ST,seed1_r3,8u44_st_sample_4.cif,0.0261
/mnt/data/msadepth/compreps/seedrep_cand/protenix/8u44_ST/d413/seed1_r3/results/8u44_st/seed_0/predictions/8u44_st_sample_0.cif,8u44_ST,seed1_r3,8u44_st_sample_0.cif,0.02653
/mnt/data/msadepth/compreps/seedrep_cand/protenix/8u44_ST/d413/seed1_r0/results/8u44_st/seed_0/predictions/8u44_st_sample_2.cif,8u44_ST,seed1_r0,8u44_st_sample_2.cif,0.03005
/mnt/data/msadepth/compreps/seedrep_cand/protenix/8u44_ST/d413/seed1_r3/results/8u44_st/seed_0/predictions/8u44_st_sample_3.cif,8u44_ST,seed1_r3,8u44_st_sample_3.cif,0.06821
/mnt/data/msadepth/compreps/seedrep_cand/protenix/8u44_ST/d413/seed1_r1/results/8u44_st/seed_0/predictions/8u44_st_sample_2.cif,8u44_ST,seed1_r1,8u44_st_sample_2.cif,0.02892
/mnt/data/msadepth/compreps/seedrep_cand/protenix/8u44_ST/d413/seed1_r2/results/8u44_st/seed_0/predictions/8u44_st_sample_4.cif,8u44_ST,seed1_r2,8u44_st_sample_4.cif,0.03858
/mnt/data/msadepth/compreps/seedrep_cand/protenix/8u44_ST/d413/seed1_r0/results/8u44_st/seed_0/predictions/8u44_st_sample_1.cif,8u44_ST,seed1_r0,8u44_st_sample_1.cif,0.02398
/mnt/data/msadepth/compreps/seedrep_cand/protenix/8u44_ST/d413/seed1_r3/results/8u44_st/seed_0/predictions/8u44_st_sample_1.cif,8u44_ST,seed1_r3,8u44_st_sample_1.cif,0.02804
/mnt/data/msadepth/compreps/seedrep_cand/protenix/8u44_ST/d413/seed1_r2/results/8u44_st/seed_0/predictions/8u44_st_sample_3.cif,8u44_ST,seed1_r2,8u44_st_sample_3.cif,0.03147
/mnt/data/msadepth/compreps/seedrep_cand/protenix/8u44_ST/d413/seed1_r2/results/8u44_st/seed_0/predictions/8u44_st_sample_2.cif,8u44_ST,seed1_r2,8u44_st_sample_2.cif,0.02266
/mnt/data/msadepth/compreps/seedrep_cand/protenix/8u44_ST/d413/seed1_r1/results/8u44_st/seed_0/predictions/8u44_st_sample_1.cif,8u44_ST,seed1_r1,8u44_st_sample_1.cif,0.02993
/mnt/data/msadepth/compreps/seedrep_cand/protenix/8u44_ST/d413/seed1_r0/results/8u44_st/seed_0/predictions/8u44_st_sample_4.cif,8u44_ST,seed1_r0,8u44_st_sample_4.cif,0.0363
/mnt/data/msadepth/compreps/seedrep_cand/protenix/8u44_ST/d413/seed1_r2/results/8u44_st/seed_0/predictions/8u44_st_sample_0.cif,8u44_ST,seed1_r2,8u44_st_sample_0.cif,0.02397
/mnt/data/msadepth/compreps/seedrep_cand/protenix/8u44_ST/d413/seed1_r1/results/8u44_st/seed_0/predictions/8u44_st_sample_3.cif,8u44_ST,seed1_r1,8u44_st_sample_3.cif,0.02523
/mnt/data/msadepth/compreps/seedrep_cand/protenix/8u44_ST/d413/seed1_r0/results/8u44_st/seed_0/predictions/8u44_st_sample_3.cif,8u44_ST,seed1_r0,8u44_st_sample_3.cif,0.0595
/mnt/data/msadepth/compreps/seedrep_cand/protenix/8u44_ST/d413/seed1_r2/results/8u44_st/seed_0/predictions/8u44_st_sample_1.cif,8u44_ST,seed1_r2,8u44_st_sample_1.cif,0.0244
/mnt/data/msadepth/compreps/seedrep_cand/protenix/8u44_ST/d413/seed1_r1/results/8u44_st/seed_0/predictions/8u44_st_sample_0.cif,8u44_ST,seed1_r1,8u44_st_sample_0.cif,0.02379
/mnt/data/msadepth/compreps/seedrep_cand/protenix/8u44_ST/d413/seed1_r0/results/8u44_st/seed_0/predictions/8u44_st_sample_0.cif,8u44_ST,seed1_r0,8u44_st_sample_0.cif,0.02655
/mnt/data/msadepth/compreps/seedrep_cand/protenix/8u44_ST/d413/seed2_r2/results/8u44_st/seed_0/predictions/8u44_st_sample_2.cif,8u44_ST,seed2_r2,8u44_st_sample_2.cif,0.03296
/mnt/data/msadepth/compreps/seedrep_cand/protenix/8u44_ST/d413/seed2_r0/results/8u44_st/seed_0/predictions/8u44_st_sample_1.cif,8u44_ST,seed2_r0,8u44_st_sample_1.cif,0.08296
/mnt/data/msadepth/compreps/seedrep_cand/protenix/8u44_ST/d413/seed2_r1/results/8u44_st/seed_0/predictions/8u44_st_sample_1.cif,8u44_ST,seed2_r1,8u44_st_sample_1.cif,0.03417
/mnt/data/msadepth/compreps/seedrep_cand/protenix/8u44_ST/d413/seed2_r1/results/8u44_st/seed_0/predictions/8u44_st_sample_4.cif,8u44_ST,seed2_r1,8u44_st_sample_4.cif,0.02456
/mnt/data/msadepth/compreps/seedrep_cand/protenix/8u44_ST/d413/seed2_r2/results/8u44_st/seed_0/predictions/8u44_st_sample_3.cif,8u44_ST,seed2_r2,8u44_st_sample_3.cif,0.02538
/mnt/data/msadepth/compreps/seedrep_cand/protenix/8u44_ST/d413/seed2_r0/results/8u44_st/seed_0/predictions/8u44_st_sample_2.cif,8u44_ST,seed2_r0,8u44_st_sample_2.cif,0.05306
/mnt/data/msadepth/compreps/seedrep_cand/protenix/8u44_ST/d413/seed2_r3/results/8u44_st/seed_0/predictions/8u44_st_sample_2.cif,8u44_ST,seed2_r3,8u44_st_sample_2.cif,0.03321
/mnt/data/msadepth/compreps/seedrep_cand/protenix/8u44_ST/d413/seed2_r3/results/8u44_st/seed_0/predictions/8u44_st_sample_1.cif,8u44_ST,seed2_r3,8u44_st_sample_1.cif,0.02685
/mnt/data/msadepth/compreps/seedrep_cand/protenix/8u44_ST/d413/seed2_r3/results/8u44_st/seed_0/predictions/8u44_st_sample_3.cif,8u44_ST,seed2_r3,8u44_st_sample_3.cif,0.04688
/mnt/data/msadepth/compreps/seedrep_cand/protenix/8u44_ST/d413/seed2_r1/results/8u44_st/seed_0/predictions/8u44_st_sample_2.cif,8u44_ST,seed2_r1,8u44_st_sample_2.cif,0.03426
/mnt/data/msadepth/compreps/seedrep_cand/protenix/8u44_ST/d413/seed2_r2/results/8u44_st/seed_0/predictions/8u44_st_sample_1.cif,8u44_ST,seed2_r2,8u44_st_sample_1.cif,0.02823
/mnt/data/msadepth/compreps/seedrep_cand/protenix/8u44_ST/d413/seed2_r2/results/8u44_st/seed_0/predictions/8u44_st_sample_0.cif,8u44_ST,seed2_r2,8u44_st_sample_0.cif,0.03849
/mnt/data/msadepth/compreps/seedrep_cand/protenix/8u44_ST/d413/seed2_r1/results/8u44_st/seed_0/predictions/8u44_st_sample_0.cif,8u44_ST,seed2_r1,8u44_st_sample_0.cif,0.02214
/mnt/data/msadepth/compreps/seedrep_cand/protenix/8u44_ST/d413/seed2_r3/results/8u44_st/seed_0/predictions/8u44_st_sample_0.cif,8u44_ST,seed2_r3,8u44_st_sample_0.cif,0.0244
/mnt/data/msadepth/compreps/seedrep_cand/protenix/8u44_ST/d413/seed2_r0/results/8u44_st/seed_0/predictions/8u44_st_sample_3.cif,8u44_ST,seed2_r0,8u44_st_sample_3.cif,0.11792
/mnt/data/msadepth/compreps/seedrep_cand/protenix/8u44_ST/d413/seed2_r3/results/8u44_st/seed_0/predictions/8u44_st_sample_4.cif,8u44_ST,seed2_r3,8u44_st_sample_4.cif,0.07066
/mnt/data/msadepth/compreps/seedrep_cand/protenix/8u44_ST/d413/seed2_r0/results/8u44_st/seed_0/predictions/8u44_st_sample_0.cif,8u44_ST,seed2_r0,8u44_st_sample_0.cif,0.04072
/mnt/data/msadepth/compreps/seedrep_cand/protenix/8u44_ST/d413/seed2_r1/results/8u44_st/seed_0/predictions/8u44_st_sample_3.cif,8u44_ST,seed2_r1,8u44_st_sample_3.cif,0.04103
/mnt/data/msadepth/compreps/seedrep_cand/protenix/8u44_ST/d413/seed2_r2/results/8u44_st/seed_0/predictions/8u44_st_sample_4.cif,8u44_ST,seed2_r2,8u44_st_sample_4.cif,0.03352
/mnt/data/msadepth/compreps/seedrep_cand/protenix/8u44_ST/d413/seed2_r0/results/8u44_st/seed_0/predictions/8u44_st_sample_4.cif,8u44_ST,seed2_r0,8u44_st_sample_4.cif,0.02256
/mnt/data/msadepth/compreps/seedrep_cand/protenix/8u44_ST/d413/seed3_r1/results/8u44_st/seed_0/predictions/8u44_st_sample_4.cif,8u44_ST,seed3_r1,8u44_st_sample_4.cif,0.02757
/mnt/data/msadepth/compreps/seedrep_cand/protenix/8u44_ST/d413/seed3_r3/results/8u44_st/seed_0/predictions/8u44_st_sample_4.cif,8u44_ST,seed3_r3,8u44_st_sample_4.cif,0.03595
/mnt/data/msadepth/compreps/seedrep_cand/protenix/8u44_ST/d413/seed3_r0/results/8u44_st/seed_0/predictions/8u44_st_sample_0.cif,8u44_ST,seed3_r0,8u44_st_sample_0.cif,0.04135
/mnt/data/msadepth/compreps/seedrep_cand/protenix/8u44_ST/d413/seed3_r3/results/8u44_st/seed_0/predictions/8u44_st_sample_2.cif,8u44_ST,seed3_r3,8u44_st_sample_2.cif,0.02666
/mnt/data/msadepth/compreps/seedrep_cand/protenix/8u44_ST/d413/seed3_r2/results/8u44_st/seed_0/predictions/8u44_st_sample_3.cif,8u44_ST,seed3_r2,8u44_st_sample_3.cif,0.03915
/mnt/data/msadepth/compreps/seedrep_cand/protenix/8u44_ST/d413/seed3_r2/results/8u44_st/seed_0/predictions/8u44_st_sample_4.cif,8u44_ST,seed3_r2,8u44_st_sample_4.cif,0.0401
/mnt/data/msadepth/compreps/seedrep_cand/protenix/8u44_ST/d413/seed3_r0/results/8u44_st/seed_0/predictions/8u44_st_sample_3.cif,8u44_ST,seed3_r0,8u44_st_sample_3.cif,0.02958
/mnt/data/msadepth/compreps/seedrep_cand/protenix/8u44_ST/d413/seed3_r2/results/8u44_st/seed_0/predictions/8u44_st_sample_0.cif,8u44_ST,seed3_r2,8u44_st_sample_0.cif,0.02349
/mnt/data/msadepth/compreps/seedrep_cand/protenix/8u44_ST/d413/seed3_r1/results/8u44_st/seed_0/predictions/8u44_st_sample_3.cif,8u44_ST,seed3_r1,8u44_st_sample_3.cif,0.02243
/mnt/data/msadepth/compreps/seedrep_cand/protenix/8u44_ST/d413/seed3_r0/results/8u44_st/seed_0/predictions/8u44_st_sample_1.cif,8u44_ST,seed3_r0,8u44_st_sample_1.cif,0.0245
/mnt/data/msadepth/compreps/seedrep_cand/protenix/8u44_ST/d413/seed3_r2/results/8u44_st/seed_0/predictions/8u44_st_sample_2.cif,8u44_ST,seed3_r2,8u44_st_sample_2.cif,0.02429
/mnt/data/msadepth/compreps/seedrep_cand/protenix/8u44_ST/d413/seed3_r0/results/8u44_st/seed_0/predictions/8u44_st_sample_4.cif,8u44_ST,seed3_r0,8u44_st_sample_4.cif,0.02726
/mnt/data/msadepth/compreps/seedrep_cand/protenix/8u44_ST/d413/seed3_r3/results/8u44_st/seed_0/predictions/8u44_st_sample_3.cif,8u44_ST,seed3_r3,8u44_st_sample_3.cif,0.02316
/mnt/data/msadepth/compreps/seedrep_cand/protenix/8u44_ST/d413/seed3_r1/results/8u44_st/seed_0/predictions/8u44_st_sample_2.cif,8u44_ST,seed3_r1,8u44_st_sample_2.cif,0.03587
/mnt/data/msadepth/compreps/seedrep_cand/protenix/8u44_ST/d413/seed3_r3/results/8u44_st/seed_0/predictions/8u44_st_sample_1.cif,8u44_ST,seed3_r3,8u44_st_sample_1.cif,0.02618
/mnt/data/msadepth/compreps/seedrep_cand/protenix/8u44_ST/d413/seed3_r2/results/8u44_st/seed_0/predictions/8u44_st_sample_1.cif,8u44_ST,seed3_r2,8u44_st_sample_1.cif,0.02568
/mnt/data/msadepth/compreps/seedrep_cand/protenix/8u44_ST/d413/seed3_r1/results/8u44_st/seed_0/predictions/8u44_st_sample_1.cif,8u44_ST,seed3_r1,8u44_st_sample_1.cif,0.04192
/mnt/data/msadepth/compreps/seedrep_cand/protenix/8u44_ST/d413/seed3_r0/results/8u44_st/seed_0/predictions/8u44_st_sample_2.cif,8u44_ST,seed3_r0,8u44_st_sample_2.cif,0.02384
/mnt/data/msadepth/compreps/seedrep_cand/protenix/8u44_ST/d413/seed3_r3/results/8u44_st/seed_0/predictions/8u44_st_sample_0.cif,8u44_ST,seed3_r3,8u44_st_sample_0.cif,0.03154
/mnt/data/msadepth/compreps/seedrep_cand/protenix/8u44_ST/d413/seed3_r1/results/8u44_st/seed_0/predictions/8u44_st_sample_0.cif,8u44_ST,seed3_r1,8u44_st_sample_0.cif,0.03397
/mnt/data/msadepth/compreps/seedrep_cand/protenix/8u44_ST/d413/seed4_r2/results/8u44_st/seed_0/predictions/8u44_st_sample_4.cif,8u44_ST,seed4_r2,8u44_st_sample_4.cif,0.02278
/mnt/data/msadepth/compreps/seedrep_cand/protenix/8u44_ST/d413/seed4_r3/results/8u44_st/seed_0/predictions/8u44_st_sample_1.cif,8u44_ST,seed4_r3,8u44_st_sample_1.cif,0.03581
/mnt/data/msadepth/compreps/seedrep_cand/protenix/8u44_ST/d413/seed4_r2/results/8u44_st/seed_0/predictions/8u44_st_sample_2.cif,8u44_ST,seed4_r2,8u44_st_sample_2.cif,0.1125
/mnt/data/msadepth/compreps/seedrep_cand/protenix/8u44_ST/d413/seed4_r1/results/8u44_st/seed_0/predictions/8u44_st_sample_0.cif,8u44_ST,seed4_r1,8u44_st_sample_0.cif,0.04642
/mnt/data/msadepth/compreps/seedrep_cand/protenix/8u44_ST/d413/seed4_r0/results/8u44_st/seed_0/predictions/8u44_st_sample_0.cif,8u44_ST,seed4_r0,8u44_st_sample_0.cif,0.03045
/mnt/data/msadepth/compreps/seedrep_cand/protenix/8u44_ST/d413/seed4_r1/results/8u44_st/seed_0/predictions/8u44_st_sample_1.cif,8u44_ST,seed4_r1,8u44_st_sample_1.cif,0.0362
/mnt/data/msadepth/compreps/seedrep_cand/protenix/8u44_ST/d413/seed4_r3/results/8u44_st/seed_0/predictions/8u44_st_sample_3.cif,8u44_ST,seed4_r3,8u44_st_sample_3.cif,0.03113
/mnt/data/msadepth/compreps/seedrep_cand/protenix/8u44_ST/d413/seed4_r1/results/8u44_st/seed_0/predictions/8u44_st_sample_3.cif,8u44_ST,seed4_r1,8u44_st_sample_3.cif,0.0251
/mnt/data/msadepth/compreps/seedrep_cand/protenix/8u44_ST/d413/seed4_r3/results/8u44_st/seed_0/predictions/8u44_st_sample_4.cif,8u44_ST,seed4_r3,8u44_st_sample_4.cif,0.17241
/mnt/data/msadepth/compreps/seedrep_cand/protenix/8u44_ST/d413/seed4_r0/results/8u44_st/seed_0/predictions/8u44_st_sample_3.cif,8u44_ST,seed4_r0,8u44_st_sample_3.cif,0.04559
/mnt/data/msadepth/compreps/seedrep_cand/protenix/8u44_ST/d413/seed4_r2/results/8u44_st/seed_0/predictions/8u44_st_sample_3.cif,8u44_ST,seed4_r2,8u44_st_sample_3.cif,0.0348
/mnt/data/msadepth/compreps/seedrep_cand/protenix/8u44_ST/d413/seed4_r0/results/8u44_st/seed_0/predictions/8u44_st_sample_1.cif,8u44_ST,seed4_r0,8u44_st_sample_1.cif,0.05255
/mnt/data/msadepth/compreps/seedrep_cand/protenix/8u44_ST/d413/seed4_r1/results/8u44_st/seed_0/predictions/8u44_st_sample_2.cif,8u44_ST,seed4_r1,8u44_st_sample_2.cif,0.02858
/mnt/data/msadepth/compreps/seedrep_cand/protenix/8u44_ST/d413/seed4_r2/results/8u44_st/seed_0/predictions/8u44_st_sample_1.cif,8u44_ST,seed4_r2,8u44_st_sample_1.cif,0.07277
/mnt/data/msadepth/compreps/seedrep_cand/protenix/8u44_ST/d413/seed4_r2/results/8u44_st/seed_0/predictions/8u44_st_sample_0.cif,8u44_ST,seed4_r2,8u44_st_sample_0.cif,0.06062
/mnt/data/msadepth/compreps/seedrep_cand/protenix/8u44_ST/d413/seed4_r0/results/8u44_st/seed_0/predictions/8u44_st_sample_2.cif,8u44_ST,seed4_r0,8u44_st_sample_2.cif,0.02793
/mnt/data/msadepth/compreps/seedrep_cand/protenix/8u44_ST/d413/seed4_r3/results/8u44_st/seed_0/predictions/8u44_st_sample_2.cif,8u44_ST,seed4_r3,8u44_st_sample_2.cif,0.03219
/mnt/data/msadepth/compreps/seedrep_cand/protenix/8u44_ST/d413/seed4_r0/results/8u44_st/seed_0/predictions/8u44_st_sample_4.cif,8u44_ST,seed4_r0,8u44_st_sample_4.cif,0.02749
/mnt/data/msadepth/compreps/seedrep_cand/protenix/8u44_ST/d413/seed4_r3/results/8u44_st/seed_0/predictions/8u44_st_sample_0.cif,8u44_ST,seed4_r3,8u44_st_sample_0.cif,0.02427
/mnt/data/msadepth/compreps/seedrep_cand/protenix/8u44_ST/d413/seed4_r1/results/8u44_st/seed_0/predictions/8u44_st_sample_4.cif,8u44_ST,seed4_r1,8u44_st_sample_4.cif,0.02634
/mnt/data/msadepth/compreps/seedrep_cand/protenix/8u44_ST/d413/seed5_r1/results/8u44_st/seed_0/predictions/8u44_st_sample_0.cif,8u44_ST,seed5_r1,8u44_st_sample_0.cif,0.02207
/mnt/data/msadepth/compreps/seedrep_cand/protenix/8u44_ST/d413/seed5_r2/results/8u44_st/seed_0/predictions/8u44_st_sample_2.cif,8u44_ST,seed5_r2,8u44_st_sample_2.cif,0.02575
/mnt/data/msadepth/compreps/seedrep_cand/protenix/8u44_ST/d413/seed5_r2/results/8u44_st/seed_0/predictions/8u44_st_sample_4.cif,8u44_ST,seed5_r2,8u44_st_sample_4.cif,0.02284
/mnt/data/msadepth/compreps/seedrep_cand/protenix/8u44_ST/d413/seed5_r1/results/8u44_st/seed_0/predictions/8u44_st_sample_2.cif,8u44_ST,seed5_r1,8u44_st_sample_2.cif,0.02229
/mnt/data/msadepth/compreps/seedrep_cand/protenix/8u44_ST/d413/seed5_r1/results/8u44_st/seed_0/predictions/8u44_st_sample_4.cif,8u44_ST,seed5_r1,8u44_st_sample_4.cif,0.02519
/mnt/data/msadepth/compreps/seedrep_cand/protenix/8u44_ST/d413/seed5_r1/results/8u44_st/seed_0/predictions/8u44_st_sample_1.cif,8u44_ST,seed5_r1,8u44_st_sample_1.cif,0.02373
/mnt/data/msadepth/compreps/seedrep_cand/protenix/8u44_ST/d413/seed5_r0/results/8u44_st/seed_0/predictions/8u44_st_sample_2.cif,8u44_ST,seed5_r0,8u44_st_sample_2.cif,0.15659
/mnt/data/msadepth/compreps/seedrep_cand/protenix/8u44_ST/d413/seed5_r2/results/8u44_st/seed_0/predictions/8u44_st_sample_3.cif,8u44_ST,seed5_r2,8u44_st_sample_3.cif,0.02211
/mnt/data/msadepth/compreps/seedrep_cand/protenix/8u44_ST/d413/seed5_r0/results/8u44_st/seed_0/predictions/8u44_st_sample_4.cif,8u44_ST,seed5_r0,8u44_st_sample_4.cif,0.02256
/mnt/data/msadepth/compreps/seedrep_cand/protenix/8u44_ST/d413/seed5_r0/results/8u44_st/seed_0/predictions/8u44_st_sample_1.cif,8u44_ST,seed5_r0,8u44_st_sample_1.cif,0.02492
/mnt/data/msadepth/compreps/seedrep_cand/protenix/8u44_ST/d413/seed5_r0/results/8u44_st/seed_0/predictions/8u44_st_sample_0.cif,8u44_ST,seed5_r0,8u44_st_sample_0.cif,0.02377
/mnt/data/msadepth/compreps/seedrep_cand/protenix/8u44_ST/d413/seed5_r3/results/8u44_st/seed_0/predictions/8u44_st_sample_3.cif,8u44_ST,seed5_r3,8u44_st_sample_3.cif,0.03249
/mnt/data/msadepth/compreps/seedrep_cand/protenix/8u44_ST/d413/seed5_r2/results/8u44_st/seed_0/predictions/8u44_st_sample_0.cif,8u44_ST,seed5_r2,8u44_st_sample_0.cif,0.02351
/mnt/data/msadepth/compreps/seedrep_cand/protenix/8u44_ST/d413/seed5_r2/results/8u44_st/seed_0/predictions/8u44_st_sample_1.cif,8u44_ST,seed5_r2,8u44_st_sample_1.cif,0.02342
/mnt/data/msadepth/compreps/seedrep_cand/protenix/8u44_ST/d413/seed5_r3/results/8u44_st/seed_0/predictions/8u44_st_sample_1.cif,8u44_ST,seed5_r3,8u44_st_sample_1.cif,0.03411
/mnt/data/msadepth/compreps/seedrep_cand/protenix/8u44_ST/d413/seed5_r3/results/8u44_st/seed_0/predictions/8u44_st_sample_0.cif,8u44_ST,seed5_r3,8u44_st_sample_0.cif,0.02395
/mnt/data/msadepth/compreps/seedrep_cand/protenix/8u44_ST/d413/seed5_r0/results/8u44_st/seed_0/predictions/8u44_st_sample_3.cif,8u44_ST,seed5_r0,8u44_st_sample_3.cif,0.0941
/mnt/data/msadepth/compreps/seedrep_cand/protenix/8u44_ST/d413/seed5_r1/results/8u44_st/seed_0/predictions/8u44_st_sample_3.cif,8u44_ST,seed5_r1,8u44_st_sample_3.cif,0.02315
/mnt/data/msadepth/compreps/seedrep_cand/protenix/8u44_ST/d413/seed5_r3/results/8u44_st/seed_0/predictions/8u44_st_sample_4.cif,8u44_ST,seed5_r3,8u44_st_sample_4.cif,0.05768
/mnt/data/msadepth/compreps/seedrep_cand/protenix/8u44_ST/d413/seed5_r3/results/8u44_st/seed_0/predictions/8u44_st_sample_2.cif,8u44_ST,seed5_r3,8u44_st_sample_2.cif,0.02633
/mnt/data/msadepth/compreps/seedrep_cand/protenix/8u44_ST/d413/seedfull_r1/results/8u44_st/seed_0/predictions/8u44_st_sample_3.cif,8u44_ST,seedfull_r1,8u44_st_sample_3.cif,0.029
/mnt/data/msadepth/compreps/seedrep_cand/protenix/8u44_ST/d413/seedfull_r2/results/8u44_st/seed_0/predictions/8u44_st_sample_1.cif,8u44_ST,seedfull_r2,8u44_st_sample_1.cif,0.04519
/mnt/data/msadepth/compreps/seedrep_cand/protenix/8u44_ST/d413/seedfull_r3/results/8u44_st/seed_0/predictions/8u44_st_sample_2.cif,8u44_ST,seedfull_r3,8u44_st_sample_2.cif,0.02706
/mnt/data/msadepth/compreps/seedrep_cand/protenix/8u44_ST/d413/seedfull_r2/results/8u44_st/seed_0/predictions/8u44_st_sample_3.cif,8u44_ST,seedfull_r2,8u44_st_sample_3.cif,0.10107
/mnt/data/msadepth/compreps/seedrep_cand/protenix/8u44_ST/d413/seedfull_r1/results/8u44_st/seed_0/predictions/8u44_st_sample_0.cif,8u44_ST,seedfull_r1,8u44_st_sample_0.cif,0.02732
/mnt/data/msadepth/compreps/seedrep_cand/protenix/8u44_ST/d413/seedfull_r0/results/8u44_st/seed_0/predictions/8u44_st_sample_4.cif,8u44_ST,seedfull_r0,8u44_st_sample_4.cif,0.13957
/mnt/data/msadepth/compreps/seedrep_cand/protenix/8u44_ST/d413/seedfull_r3/results/8u44_st/seed_0/predictions/8u44_st_sample_1.cif,8u44_ST,seedfull_r3,8u44_st_sample_1.cif,0.03955
/mnt/data/msadepth/compreps/seedrep_cand/protenix/8u44_ST/d413/seedfull_r2/results/8u44_st/seed_0/predictions/8u44_st_sample_4.cif,8u44_ST,seedfull_r2,8u44_st_sample_4.cif,0.02597
/mnt/data/msadepth/compreps/seedrep_cand/protenix/8u44_ST/d413/seedfull_r1/results/8u44_st/seed_0/predictions/8u44_st_sample_4.cif,8u44_ST,seedfull_r1,8u44_st_sample_4.cif,0.02929
/mnt/data/msadepth/compreps/seedrep_cand/protenix/8u44_ST/d413/seedfull_r1/results/8u44_st/seed_0/predictions/8u44_st_sample_1.cif,8u44_ST,seedfull_r1,8u44_st_sample_1.cif,0.03598
/mnt/data/msadepth/compreps/seedrep_cand/protenix/8u44_ST/d413/seedfull_r3/results/8u44_st/seed_0/predictions/8u44_st_sample_3.cif,8u44_ST,seedfull_r3,8u44_st_sample_3.cif,0.03852
/mnt/data/msadepth/compreps/seedrep_cand/protenix/8u44_ST/d413/seedfull_r2/results/8u44_st/seed_0/predictions/8u44_st_sample_2.cif,8u44_ST,seedfull_r2,8u44_st_sample_2.cif,0.07349
/mnt/data/msadepth/compreps/seedrep_cand/protenix/8u44_ST/d413/seedfull_r2/results/8u44_st/seed_0/predictions/8u44_st_sample_0.cif,8u44_ST,seedfull_r2,8u44_st_sample_0.cif,0.29939
/mnt/data/msadepth/compreps/seedrep_cand/protenix/8u44_ST/d413/seedfull_r3/results/8u44_st/seed_0/predictions/8u44_st_sample_4.cif,8u44_ST,seedfull_r3,8u44_st_sample_4.cif,0.02835
/mnt/data/msadepth/compreps/seedrep_cand/protenix/8u44_ST/d413/seedfull_r3/results/8u44_st/seed_0/predictions/8u44_st_sample_0.cif,8u44_ST,seedfull_r3,8u44_st_sample_0.cif,0.02828
/mnt/data/msadepth/compreps/seedrep_cand/protenix/8u44_ST/d413/seedfull_r1/results/8u44_st/seed_0/predictions/8u44_st_sample_2.cif,8u44_ST,seedfull_r1,8u44_st_sample_2.cif,0.04035
/mnt/data/msadepth/compreps/seedrep_cand/protenix/8u44_ST/d413/seedfull_r0/results/8u44_st/seed_0/predictions/8u44_st_sample_2.cif,8u44_ST,seedfull_r0,8u44_st_sample_2.cif,0.05087
/mnt/data/msadepth/compreps/seedrep_cand/protenix/8u44_ST/d413/seedfull_r0/results/8u44_st/seed_0/predictions/8u44_st_sample_1.cif,8u44_ST,seedfull_r0,8u44_st_sample_1.cif,0.02979
/mnt/data/msadepth/compreps/seedrep_cand/protenix/8u44_ST/d413/seedfull_r0/results/8u44_st/seed_0/predictions/8u44_st_sample_0.cif,8u44_ST,seedfull_r0,8u44_st_sample_0.cif,0.04262
/mnt/data/msadepth/compreps/seedrep_cand/protenix/8u44_ST/d413/seedfull_r0/results/8u44_st/seed_0/predictions/8u44_st_sample_3.cif,8u44_ST,seedfull_r0,8u44_st_sample_3.cif,0.05398
/mnt/data/msadepth/compreps/seedrep_cand/protenix/8u44_ST/d413/seedfull_r6/results/8u44_st/seed_0/predictions/8u44_st_sample_2.cif,8u44_ST,seedfull_r6,8u44_st_sample_2.cif,0.03783
/mnt/data/msadepth/compreps/seedrep_cand/protenix/8u44_ST/d413/seedfull_r4/results/8u44_st/seed_0/predictions/8u44_st_sample_0.cif,8u44_ST,seedfull_r4,8u44_st_sample_0.cif,0.14472
/mnt/data/msadepth/compreps/seedrep_cand/protenix/8u44_ST/d413/seedfull_r5/results/8u44_st/seed_0/predictions/8u44_st_sample_2.cif,8u44_ST,seedfull_r5,8u44_st_sample_2.cif,0.02551
/mnt/data/msadepth/compreps/seedrep_cand/protenix/8u44_ST/d413/seedfull_r4/results/8u44_st/seed_0/predictions/8u44_st_sample_2.cif,8u44_ST,seedfull_r4,8u44_st_sample_2.cif,0.02479
/mnt/data/msadepth/compreps/seedrep_cand/protenix/8u44_ST/d413/seedfull_r6/results/8u44_st/seed_0/predictions/8u44_st_sample_4.cif,8u44_ST,seedfull_r6,8u44_st_sample_4.cif,0.02338
/mnt/data/msadepth/compreps/seedrep_cand/protenix/8u44_ST/d413/seedfull_r7/results/8u44_st/seed_0/predictions/8u44_st_sample_4.cif,8u44_ST,seedfull_r7,8u44_st_sample_4.cif,0.09415
/mnt/data/msadepth/compreps/seedrep_cand/protenix/8u44_ST/d413/seedfull_r5/results/8u44_st/seed_0/predictions/8u44_st_sample_0.cif,8u44_ST,seedfull_r5,8u44_st_sample_0.cif,0.02353
/mnt/data/msadepth/compreps/seedrep_cand/protenix/8u44_ST/d413/seedfull_r5/results/8u44_st/seed_0/predictions/8u44_st_sample_1.cif,8u44_ST,seedfull_r5,8u44_st_sample_1.cif,0.04089
/mnt/data/msadepth/compreps/seedrep_cand/protenix/8u44_ST/d413/seedfull_r4/results/8u44_st/seed_0/predictions/8u44_st_sample_3.cif,8u44_ST,seedfull_r4,8u44_st_sample_3.cif,0.03093
/mnt/data/msadepth/compreps/seedrep_cand/protenix/8u44_ST/d413/seedfull_r5/results/8u44_st/seed_0/predictions/8u44_st_sample_3.cif,8u44_ST,seedfull_r5,8u44_st_sample_3.cif,0.03928
/mnt/data/msadepth/compreps/seedrep_cand/protenix/8u44_ST/d413/seedfull_r7/results/8u44_st/seed_0/predictions/8u44_st_sample_0.cif,8u44_ST,seedfull_r7,8u44_st_sample_0.cif,0.11324
/mnt/data/msadepth/compreps/seedrep_cand/protenix/8u44_ST/d413/seedfull_r6/results/8u44_st/seed_0/predictions/8u44_st_sample_1.cif,8u44_ST,seedfull_r6,8u44_st_sample_1.cif,0.0419
/mnt/data/msadepth/compreps/seedrep_cand/protenix/8u44_ST/d413/seedfull_r4/results/8u44_st/seed_0/predictions/8u44_st_sample_1.cif,8u44_ST,seedfull_r4,8u44_st_sample_1.cif,0.03763
/mnt/data/msadepth/compreps/seedrep_cand/protenix/8u44_ST/d413/seedfull_r5/results/8u44_st/seed_0/predictions/8u44_st_sample_4.cif,8u44_ST,seedfull_r5,8u44_st_sample_4.cif,0.03142
/mnt/data/msadepth/compreps/seedrep_cand/protenix/8u44_ST/d413/seedfull_r7/results/8u44_st/seed_0/predictions/8u44_st_sample_1.cif,8u44_ST,seedfull_r7,8u44_st_sample_1.cif,0.10339
/mnt/data/msadepth/compreps/seedrep_cand/protenix/8u44_ST/d413/seedfull_r4/results/8u44_st/seed_0/predictions/8u44_st_sample_4.cif,8u44_ST,seedfull_r4,8u44_st_sample_4.cif,0.03028
/mnt/data/msadepth/compreps/seedrep_cand/protenix/8u44_ST/d413/seedfull_r7/results/8u44_st/seed_0/predictions/8u44_st_sample_3.cif,8u44_ST,seedfull_r7,8u44_st_sample_3.cif,0.04937
/mnt/data/msadepth/compreps/seedrep_cand/protenix/8u44_ST/d413/seedfull_r6/results/8u44_st/seed_0/predictions/8u44_st_sample_0.cif,8u44_ST,seedfull_r6,8u44_st_sample_0.cif,0.02836
/mnt/data/msadepth/compreps/seedrep_cand/protenix/8u44_ST/d413/seedfull_r6/results/8u44_st/seed_0/predictions/8u44_st_sample_3.cif,8u44_ST,seedfull_r6,8u44_st_sample_3.cif,0.02817
/mnt/data/msadepth/compreps/seedrep_cand/protenix/8u44_ST/d413/seedfull_r7/results/8u44_st/seed_0/predictions/8u44_st_sample_2.cif,8u44_ST,seedfull_r7,8u44_st_sample_2.cif,0.04917
/mnt/data/msadepth/compreps/seedrep_cand/protenix/8ulr_HL/d1746/seed0_r1/results/8ulr_hl/seed_0/predictions/8ulr_hl_sample_1.cif,8ulr_HL,seed0_r1,8ulr_hl_sample_1.cif,0.08702
/mnt/data/msadepth/compreps/seedrep_cand/protenix/8ulr_HL/d1746/seed0_r1/results/8ulr_hl/seed_0/predictions/8ulr_hl_sample_4.cif,8ulr_HL,seed0_r1,8ulr_hl_sample_4.cif,0.05623
/mnt/data/msadepth/compreps/seedrep_cand/protenix/8ulr_HL/d1746/seed0_r2/results/8ulr_hl/seed_0/predictions/8ulr_hl_sample_2.cif,8ulr_HL,seed0_r2,8ulr_hl_sample_2.cif,0.04123
/mnt/data/msadepth/compreps/seedrep_cand/protenix/8ulr_HL/d1746/seed0_r2/results/8ulr_hl/seed_0/predictions/8ulr_hl_sample_1.cif,8ulr_HL,seed0_r2,8ulr_hl_sample_1.cif,0.10593
/mnt/data/msadepth/compreps/seedrep_cand/protenix/8ulr_HL/d1746/seed0_r0/results/8ulr_hl/seed_0/predictions/8ulr_hl_sample_2.cif,8ulr_HL,seed0_r0,8ulr_hl_sample_2.cif,0.05196
/mnt/data/msadepth/compreps/seedrep_cand/protenix/8ulr_HL/d1746/seed0_r1/results/8ulr_hl/seed_0/predictions/8ulr_hl_sample_3.cif,8ulr_HL,seed0_r1,8ulr_hl_sample_3.cif,0.05669
/mnt/data/msadepth/compreps/seedrep_cand/protenix/8ulr_HL/d1746/seed0_r1/results/8ulr_hl/seed_0/predictions/8ulr_hl_sample_2.cif,8ulr_HL,seed0_r1,8ulr_hl_sample_2.cif,0.10776
/mnt/data/msadepth/compreps/seedrep_cand/protenix/8ulr_HL/d1746/seed0_r2/results/8ulr_hl/seed_0/predictions/8ulr_hl_sample_0.cif,8ulr_HL,seed0_r2,8ulr_hl_sample_0.cif,0.03657
/mnt/data/msadepth/compreps/seedrep_cand/protenix/8ulr_HL/d1746/seed0_r0/results/8ulr_hl/seed_0/predictions/8ulr_hl_sample_4.cif,8ulr_HL,seed0_r0,8ulr_hl_sample_4.cif,0.05877
/mnt/data/msadepth/compreps/seedrep_cand/protenix/8ulr_HL/d1746/seed0_r2/results/8ulr_hl/seed_0/predictions/8ulr_hl_sample_4.cif,8ulr_HL,seed0_r2,8ulr_hl_sample_4.cif,0.09469
/mnt/data/msadepth/compreps/seedrep_cand/protenix/8ulr_HL/d1746/seed0_r0/results/8ulr_hl/seed_0/predictions/8ulr_hl_sample_0.cif,8ulr_HL,seed0_r0,8ulr_hl_sample_0.cif,0.12589
/mnt/data/msadepth/compreps/seedrep_cand/protenix/8ulr_HL/d1746/seed0_r3/results/8ulr_hl/seed_0/predictions/8ulr_hl_sample_2.cif,8ulr_HL,seed0_r3,8ulr_hl_sample_2.cif,0.06175
/mnt/data/msadepth/compreps/seedrep_cand/protenix/8ulr_HL/d1746/seed0_r0/results/8ulr_hl/seed_0/predictions/8ulr_hl_sample_1.cif,8ulr_HL,seed0_r0,8ulr_hl_sample_1.cif,0.06409
/mnt/data/msadepth/compreps/seedrep_cand/protenix/8ulr_HL/d1746/seed0_r3/results/8ulr_hl/seed_0/predictions/8ulr_hl_sample_0.cif,8ulr_HL,seed0_r3,8ulr_hl_sample_0.cif,0.03059
/mnt/data/msadepth/compreps/seedrep_cand/protenix/8ulr_HL/d1746/seed0_r3/results/8ulr_hl/seed_0/predictions/8ulr_hl_sample_3.cif,8ulr_HL,seed0_r3,8ulr_hl_sample_3.cif,0.04685
/mnt/data/msadepth/compreps/seedrep_cand/protenix/8ulr_HL/d1746/seed0_r3/results/8ulr_hl/seed_0/predictions/8ulr_hl_sample_4.cif,8ulr_HL,seed0_r3,8ulr_hl_sample_4.cif,0.09421
/mnt/data/msadepth/compreps/seedrep_cand/protenix/8ulr_HL/d1746/seed0_r0/results/8ulr_hl/seed_0/predictions/8ulr_hl_sample_3.cif,8ulr_HL,seed0_r0,8ulr_hl_sample_3.cif,0.03932
/mnt/data/msadepth/compreps/seedrep_cand/protenix/8ulr_HL/d1746/seed0_r3/results/8ulr_hl/seed_0/predictions/8ulr_hl_sample_1.cif,8ulr_HL,seed0_r3,8ulr_hl_sample_1.cif,0.08717
/mnt/data/msadepth/compreps/seedrep_cand/protenix/8ulr_HL/d1746/seed0_r2/results/8ulr_hl/seed_0/predictions/8ulr_hl_sample_3.cif,8ulr_HL,seed0_r2,8ulr_hl_sample_3.cif,0.04954
/mnt/data/msadepth/compreps/seedrep_cand/protenix/8ulr_HL/d1746/seed0_r1/results/8ulr_hl/seed_0/predictions/8ulr_hl_sample_0.cif,8ulr_HL,seed0_r1,8ulr_hl_sample_0.cif,0.03106
/mnt/data/msadepth/compreps/seedrep_cand/protenix/8ulr_HL/d1746/seed1_r1/results/8ulr_hl/seed_0/predictions/8ulr_hl_sample_4.cif,8ulr_HL,seed1_r1,8ulr_hl_sample_4.cif,0.02954
/mnt/data/msadepth/compreps/seedrep_cand/protenix/8ulr_HL/d1746/seed1_r3/results/8ulr_hl/seed_0/predictions/8ulr_hl_sample_2.cif,8ulr_HL,seed1_r3,8ulr_hl_sample_2.cif,0.06375
/mnt/data/msadepth/compreps/seedrep_cand/protenix/8ulr_HL/d1746/seed1_r3/results/8ulr_hl/seed_0/predictions/8ulr_hl_sample_4.cif,8ulr_HL,seed1_r3,8ulr_hl_sample_4.cif,0.02942
/mnt/data/msadepth/compreps/seedrep_cand/protenix/8ulr_HL/d1746/seed1_r3/results/8ulr_hl/seed_0/predictions/8ulr_hl_sample_0.cif,8ulr_HL,seed1_r3,8ulr_hl_sample_0.cif,0.08618
/mnt/data/msadepth/compreps/seedrep_cand/protenix/8ulr_HL/d1746/seed1_r0/results/8ulr_hl/seed_0/predictions/8ulr_hl_sample_2.cif,8ulr_HL,seed1_r0,8ulr_hl_sample_2.cif,0.07656
/mnt/data/msadepth/compreps/seedrep_cand/protenix/8ulr_HL/d1746/seed1_r3/results/8ulr_hl/seed_0/predictions/8ulr_hl_sample_3.cif,8ulr_HL,seed1_r3,8ulr_hl_sample_3.cif,0.03785
/mnt/data/msadepth/compreps/seedrep_cand/protenix/8ulr_HL/d1746/seed1_r1/results/8ulr_hl/seed_0/predictions/8ulr_hl_sample_2.cif,8ulr_HL,seed1_r1,8ulr_hl_sample_2.cif,0.04292
/mnt/data/msadepth/compreps/seedrep_cand/protenix/8ulr_HL/d1746/seed1_r2/results/8ulr_hl/seed_0/predictions/8ulr_hl_sample_4.cif,8ulr_HL,seed1_r2,8ulr_hl_sample_4.cif,0.05413
/mnt/data/msadepth/compreps/seedrep_cand/protenix/8ulr_HL/d1746/seed1_r0/results/8ulr_hl/seed_0/predictions/8ulr_hl_sample_1.cif,8ulr_HL,seed1_r0,8ulr_hl_sample_1.cif,0.16246
/mnt/data/msadepth/compreps/seedrep_cand/protenix/8ulr_HL/d1746/seed1_r3/results/8ulr_hl/seed_0/predictions/8ulr_hl_sample_1.cif,8ulr_HL,seed1_r3,8ulr_hl_sample_1.cif,0.03787
/mnt/data/msadepth/compreps/seedrep_cand/protenix/8ulr_HL/d1746/seed1_r2/results/8ulr_hl/seed_0/predictions/8ulr_hl_sample_3.cif,8ulr_HL,seed1_r2,8ulr_hl_sample_3.cif,0.03569
/mnt/data/msadepth/compreps/seedrep_cand/protenix/8ulr_HL/d1746/seed1_r2/results/8ulr_hl/seed_0/predictions/8ulr_hl_sample_2.cif,8ulr_HL,seed1_r2,8ulr_hl_sample_2.cif,0.0654
/mnt/data/msadepth/compreps/seedrep_cand/protenix/8ulr_HL/d1746/seed1_r1/results/8ulr_hl/seed_0/predictions/8ulr_hl_sample_1.cif,8ulr_HL,seed1_r1,8ulr_hl_sample_1.cif,0.03384
/mnt/data/msadepth/compreps/seedrep_cand/protenix/8ulr_HL/d1746/seed1_r0/results/8ulr_hl/seed_0/predictions/8ulr_hl_sample_4.cif,8ulr_HL,seed1_r0,8ulr_hl_sample_4.cif,0.14011
/mnt/data/msadepth/compreps/seedrep_cand/protenix/8ulr_HL/d1746/seed1_r2/results/8ulr_hl/seed_0/predictions/8ulr_hl_sample_0.cif,8ulr_HL,seed1_r2,8ulr_hl_sample_0.cif,0.04207
/mnt/data/msadepth/compreps/seedrep_cand/protenix/8ulr_HL/d1746/seed1_r1/results/8ulr_hl/seed_0/predictions/8ulr_hl_sample_3.cif,8ulr_HL,seed1_r1,8ulr_hl_sample_3.cif,0.04657
/mnt/data/msadepth/compreps/seedrep_cand/protenix/8ulr_HL/d1746/seed1_r0/results/8ulr_hl/seed_0/predictions/8ulr_hl_sample_3.cif,8ulr_HL,seed1_r0,8ulr_hl_sample_3.cif,0.11111
/mnt/data/msadepth/compreps/seedrep_cand/protenix/8ulr_HL/d1746/seed1_r2/results/8ulr_hl/seed_0/predictions/8ulr_hl_sample_1.cif,8ulr_HL,seed1_r2,8ulr_hl_sample_1.cif,0.05848
/mnt/data/msadepth/compreps/seedrep_cand/protenix/8ulr_HL/d1746/seed1_r1/results/8ulr_hl/seed_0/predictions/8ulr_hl_sample_0.cif,8ulr_HL,seed1_r1,8ulr_hl_sample_0.cif,0.0789
/mnt/data/msadepth/compreps/seedrep_cand/protenix/8ulr_HL/d1746/seed1_r0/results/8ulr_hl/seed_0/predictions/8ulr_hl_sample_0.cif,8ulr_HL,seed1_r0,8ulr_hl_sample_0.cif,0.08843
/mnt/data/msadepth/compreps/seedrep_cand/protenix/8ulr_HL/d1746/seed2_r2/results/8ulr_hl/seed_0/predictions/8ulr_hl_sample_2.cif,8ulr_HL,seed2_r2,8ulr_hl_sample_2.cif,0.09876
/mnt/data/msadepth/compreps/seedrep_cand/protenix/8ulr_HL/d1746/seed2_r0/results/8ulr_hl/seed_0/predictions/8ulr_hl_sample_1.cif,8ulr_HL,seed2_r0,8ulr_hl_sample_1.cif,0.03063
/mnt/data/msadepth/compreps/seedrep_cand/protenix/8ulr_HL/d1746/seed2_r1/results/8ulr_hl/seed_0/predictions/8ulr_hl_sample_1.cif,8ulr_HL,seed2_r1,8ulr_hl_sample_1.cif,0.04262
/mnt/data/msadepth/compreps/seedrep_cand/protenix/8ulr_HL/d1746/seed2_r1/results/8ulr_hl/seed_0/predictions/8ulr_hl_sample_4.cif,8ulr_HL,seed2_r1,8ulr_hl_sample_4.cif,0.03439
/mnt/data/msadepth/compreps/seedrep_cand/protenix/8ulr_HL/d1746/seed2_r2/results/8ulr_hl/seed_0/predictions/8ulr_hl_sample_3.cif,8ulr_HL,seed2_r2,8ulr_hl_sample_3.cif,0.04402
/mnt/data/msadepth/compreps/seedrep_cand/protenix/8ulr_HL/d1746/seed2_r0/results/8ulr_hl/seed_0/predictions/8ulr_hl_sample_2.cif,8ulr_HL,seed2_r0,8ulr_hl_sample_2.cif,0.09063
/mnt/data/msadepth/compreps/seedrep_cand/protenix/8ulr_HL/d1746/seed2_r3/results/8ulr_hl/seed_0/predictions/8ulr_hl_sample_2.cif,8ulr_HL,seed2_r3,8ulr_hl_sample_2.cif,0.03572
/mnt/data/msadepth/compreps/seedrep_cand/protenix/8ulr_HL/d1746/seed2_r3/results/8ulr_hl/seed_0/predictions/8ulr_hl_sample_1.cif,8ulr_HL,seed2_r3,8ulr_hl_sample_1.cif,0.02585
/mnt/data/msadepth/compreps/seedrep_cand/protenix/8ulr_HL/d1746/seed2_r3/results/8ulr_hl/seed_0/predictions/8ulr_hl_sample_3.cif,8ulr_HL,seed2_r3,8ulr_hl_sample_3.cif,0.07635
/mnt/data/msadepth/compreps/seedrep_cand/protenix/8ulr_HL/d1746/seed2_r1/results/8ulr_hl/seed_0/predictions/8ulr_hl_sample_2.cif,8ulr_HL,seed2_r1,8ulr_hl_sample_2.cif,0.07759
/mnt/data/msadepth/compreps/seedrep_cand/protenix/8ulr_HL/d1746/seed2_r2/results/8ulr_hl/seed_0/predictions/8ulr_hl_sample_1.cif,8ulr_HL,seed2_r2,8ulr_hl_sample_1.cif,0.07153
/mnt/data/msadepth/compreps/seedrep_cand/protenix/8ulr_HL/d1746/seed2_r2/results/8ulr_hl/seed_0/predictions/8ulr_hl_sample_0.cif,8ulr_HL,seed2_r2,8ulr_hl_sample_0.cif,0.04339
/mnt/data/msadepth/compreps/seedrep_cand/protenix/8ulr_HL/d1746/seed2_r1/results/8ulr_hl/seed_0/predictions/8ulr_hl_sample_0.cif,8ulr_HL,seed2_r1,8ulr_hl_sample_0.cif,0.07428
/mnt/data/msadepth/compreps/seedrep_cand/protenix/8ulr_HL/d1746/seed2_r3/results/8ulr_hl/seed_0/predictions/8ulr_hl_sample_0.cif,8ulr_HL,seed2_r3,8ulr_hl_sample_0.cif,0.13614
/mnt/data/msadepth/compreps/seedrep_cand/protenix/8ulr_HL/d1746/seed2_r0/results/8ulr_hl/seed_0/predictions/8ulr_hl_sample_3.cif,8ulr_HL,seed2_r0,8ulr_hl_sample_3.cif,0.0678
/mnt/data/msadepth/compreps/seedrep_cand/protenix/8ulr_HL/d1746/seed2_r3/results/8ulr_hl/seed_0/predictions/8ulr_hl_sample_4.cif,8ulr_HL,seed2_r3,8ulr_hl_sample_4.cif,0.02476
/mnt/data/msadepth/compreps/seedrep_cand/protenix/8ulr_HL/d1746/seed2_r0/results/8ulr_hl/seed_0/predictions/8ulr_hl_sample_0.cif,8ulr_HL,seed2_r0,8ulr_hl_sample_0.cif,0.13178
/mnt/data/msadepth/compreps/seedrep_cand/protenix/8ulr_HL/d1746/seed2_r1/results/8ulr_hl/seed_0/predictions/8ulr_hl_sample_3.cif,8ulr_HL,seed2_r1,8ulr_hl_sample_3.cif,0.0274
/mnt/data/msadepth/compreps/seedrep_cand/protenix/8ulr_HL/d1746/seed2_r2/results/8ulr_hl/seed_0/predictions/8ulr_hl_sample_4.cif,8ulr_HL,seed2_r2,8ulr_hl_sample_4.cif,0.03414
/mnt/data/msadepth/compreps/seedrep_cand/protenix/8ulr_HL/d1746/seed2_r0/results/8ulr_hl/seed_0/predictions/8ulr_hl_sample_4.cif,8ulr_HL,seed2_r0,8ulr_hl_sample_4.cif,0.06725
/mnt/data/msadepth/compreps/seedrep_cand/protenix/8ulr_HL/d1746/seed3_r1/results/8ulr_hl/seed_0/predictions/8ulr_hl_sample_4.cif,8ulr_HL,seed3_r1,8ulr_hl_sample_4.cif,0.28615
/mnt/data/msadepth/compreps/seedrep_cand/protenix/8ulr_HL/d1746/seed3_r3/results/8ulr_hl/seed_0/predictions/8ulr_hl_sample_4.cif,8ulr_HL,seed3_r3,8ulr_hl_sample_4.cif,0.31374
/mnt/data/msadepth/compreps/seedrep_cand/protenix/8ulr_HL/d1746/seed3_r0/results/8ulr_hl/seed_0/predictions/8ulr_hl_sample_0.cif,8ulr_HL,seed3_r0,8ulr_hl_sample_0.cif,0.25482
/mnt/data/msadepth/compreps/seedrep_cand/protenix/8ulr_HL/d1746/seed3_r3/results/8ulr_hl/seed_0/predictions/8ulr_hl_sample_2.cif,8ulr_HL,seed3_r3,8ulr_hl_sample_2.cif,0.25086
/mnt/data/msadepth/compreps/seedrep_cand/protenix/8ulr_HL/d1746/seed3_r2/results/8ulr_hl/seed_0/predictions/8ulr_hl_sample_3.cif,8ulr_HL,seed3_r2,8ulr_hl_sample_3.cif,0.13747
/mnt/data/msadepth/compreps/seedrep_cand/protenix/8ulr_HL/d1746/seed3_r2/results/8ulr_hl/seed_0/predictions/8ulr_hl_sample_4.cif,8ulr_HL,seed3_r2,8ulr_hl_sample_4.cif,0.21446
/mnt/data/msadepth/compreps/seedrep_cand/protenix/8ulr_HL/d1746/seed3_r0/results/8ulr_hl/seed_0/predictions/8ulr_hl_sample_3.cif,8ulr_HL,seed3_r0,8ulr_hl_sample_3.cif,0.32135
/mnt/data/msadepth/compreps/seedrep_cand/protenix/8ulr_HL/d1746/seed3_r2/results/8ulr_hl/seed_0/predictions/8ulr_hl_sample_0.cif,8ulr_HL,seed3_r2,8ulr_hl_sample_0.cif,0.2216
/mnt/data/msadepth/compreps/seedrep_cand/protenix/8ulr_HL/d1746/seed3_r1/results/8ulr_hl/seed_0/predictions/8ulr_hl_sample_3.cif,8ulr_HL,seed3_r1,8ulr_hl_sample_3.cif,0.33339
/mnt/data/msadepth/compreps/seedrep_cand/protenix/8ulr_HL/d1746/seed3_r0/results/8ulr_hl/seed_0/predictions/8ulr_hl_sample_1.cif,8ulr_HL,seed3_r0,8ulr_hl_sample_1.cif,0.29663
/mnt/data/msadepth/compreps/seedrep_cand/protenix/8ulr_HL/d1746/seed3_r2/results/8ulr_hl/seed_0/predictions/8ulr_hl_sample_2.cif,8ulr_HL,seed3_r2,8ulr_hl_sample_2.cif,0.26207
/mnt/data/msadepth/compreps/seedrep_cand/protenix/8ulr_HL/d1746/seed3_r0/results/8ulr_hl/seed_0/predictions/8ulr_hl_sample_4.cif,8ulr_HL,seed3_r0,8ulr_hl_sample_4.cif,0.23369
/mnt/data/msadepth/compreps/seedrep_cand/protenix/8ulr_HL/d1746/seed3_r3/results/8ulr_hl/seed_0/predictions/8ulr_hl_sample_3.cif,8ulr_HL,seed3_r3,8ulr_hl_sample_3.cif,0.32532
/mnt/data/msadepth/compreps/seedrep_cand/protenix/8ulr_HL/d1746/seed3_r1/results/8ulr_hl/seed_0/predictions/8ulr_hl_sample_2.cif,8ulr_HL,seed3_r1,8ulr_hl_sample_2.cif,0.28518
/mnt/data/msadepth/compreps/seedrep_cand/protenix/8ulr_HL/d1746/seed3_r3/results/8ulr_hl/seed_0/predictions/8ulr_hl_sample_1.cif,8ulr_HL,seed3_r3,8ulr_hl_sample_1.cif,0.33428
/mnt/data/msadepth/compreps/seedrep_cand/protenix/8ulr_HL/d1746/seed3_r2/results/8ulr_hl/seed_0/predictions/8ulr_hl_sample_1.cif,8ulr_HL,seed3_r2,8ulr_hl_sample_1.cif,0.13828
/mnt/data/msadepth/compreps/seedrep_cand/protenix/8ulr_HL/d1746/seed3_r1/results/8ulr_hl/seed_0/predictions/8ulr_hl_sample_1.cif,8ulr_HL,seed3_r1,8ulr_hl_sample_1.cif,0.28538
/mnt/data/msadepth/compreps/seedrep_cand/protenix/8ulr_HL/d1746/seed3_r0/results/8ulr_hl/seed_0/predictions/8ulr_hl_sample_2.cif,8ulr_HL,seed3_r0,8ulr_hl_sample_2.cif,0.29274
/mnt/data/msadepth/compreps/seedrep_cand/protenix/8ulr_HL/d1746/seed3_r3/results/8ulr_hl/seed_0/predictions/8ulr_hl_sample_0.cif,8ulr_HL,seed3_r3,8ulr_hl_sample_0.cif,0.29692
/mnt/data/msadepth/compreps/seedrep_cand/protenix/8ulr_HL/d1746/seed3_r1/results/8ulr_hl/seed_0/predictions/8ulr_hl_sample_0.cif,8ulr_HL,seed3_r1,8ulr_hl_sample_0.cif,0.26144
/mnt/data/msadepth/compreps/seedrep_cand/protenix/8ulr_HL/d1746/seed4_r2/results/8ulr_hl/seed_0/predictions/8ulr_hl_sample_4.cif,8ulr_HL,seed4_r2,8ulr_hl_sample_4.cif,0.24847
/mnt/data/msadepth/compreps/seedrep_cand/protenix/8ulr_HL/d1746/seed4_r3/results/8ulr_hl/seed_0/predictions/8ulr_hl_sample_1.cif,8ulr_HL,seed4_r3,8ulr_hl_sample_1.cif,0.26672
/mnt/data/msadepth/compreps/seedrep_cand/protenix/8ulr_HL/d1746/seed4_r2/results/8ulr_hl/seed_0/predictions/8ulr_hl_sample_2.cif,8ulr_HL,seed4_r2,8ulr_hl_sample_2.cif,0.21551
/mnt/data/msadepth/compreps/seedrep_cand/protenix/8ulr_HL/d1746/seed4_r1/results/8ulr_hl/seed_0/predictions/8ulr_hl_sample_0.cif,8ulr_HL,seed4_r1,8ulr_hl_sample_0.cif,0.3854
/mnt/data/msadepth/compreps/seedrep_cand/protenix/8ulr_HL/d1746/seed4_r0/results/8ulr_hl/seed_0/predictions/8ulr_hl_sample_0.cif,8ulr_HL,seed4_r0,8ulr_hl_sample_0.cif,0.3127
/mnt/data/msadepth/compreps/seedrep_cand/protenix/8ulr_HL/d1746/seed4_r1/results/8ulr_hl/seed_0/predictions/8ulr_hl_sample_1.cif,8ulr_HL,seed4_r1,8ulr_hl_sample_1.cif,0.30373
/mnt/data/msadepth/compreps/seedrep_cand/protenix/8ulr_HL/d1746/seed4_r3/results/8ulr_hl/seed_0/predictions/8ulr_hl_sample_3.cif,8ulr_HL,seed4_r3,8ulr_hl_sample_3.cif,0.29856
/mnt/data/msadepth/compreps/seedrep_cand/protenix/8ulr_HL/d1746/seed4_r1/results/8ulr_hl/seed_0/predictions/8ulr_hl_sample_3.cif,8ulr_HL,seed4_r1,8ulr_hl_sample_3.cif,0.34206
/mnt/data/msadepth/compreps/seedrep_cand/protenix/8ulr_HL/d1746/seed4_r3/results/8ulr_hl/seed_0/predictions/8ulr_hl_sample_4.cif,8ulr_HL,seed4_r3,8ulr_hl_sample_4.cif,0.28671
/mnt/data/msadepth/compreps/seedrep_cand/protenix/8ulr_HL/d1746/seed4_r0/results/8ulr_hl/seed_0/predictions/8ulr_hl_sample_3.cif,8ulr_HL,seed4_r0,8ulr_hl_sample_3.cif,0.34341
/mnt/data/msadepth/compreps/seedrep_cand/protenix/8ulr_HL/d1746/seed4_r2/results/8ulr_hl/seed_0/predictions/8ulr_hl_sample_3.cif,8ulr_HL,seed4_r2,8ulr_hl_sample_3.cif,0.21924
/mnt/data/msadepth/compreps/seedrep_cand/protenix/8ulr_HL/d1746/seed4_r0/results/8ulr_hl/seed_0/predictions/8ulr_hl_sample_1.cif,8ulr_HL,seed4_r0,8ulr_hl_sample_1.cif,0.3819
/mnt/data/msadepth/compreps/seedrep_cand/protenix/8ulr_HL/d1746/seed4_r1/results/8ulr_hl/seed_0/predictions/8ulr_hl_sample_2.cif,8ulr_HL,seed4_r1,8ulr_hl_sample_2.cif,0.36263
/mnt/data/msadepth/compreps/seedrep_cand/protenix/8ulr_HL/d1746/seed4_r2/results/8ulr_hl/seed_0/predictions/8ulr_hl_sample_1.cif,8ulr_HL,seed4_r2,8ulr_hl_sample_1.cif,0.21271
/mnt/data/msadepth/compreps/seedrep_cand/protenix/8ulr_HL/d1746/seed4_r2/results/8ulr_hl/seed_0/predictions/8ulr_hl_sample_0.cif,8ulr_HL,seed4_r2,8ulr_hl_sample_0.cif,0.27676
/mnt/data/msadepth/compreps/seedrep_cand/protenix/8ulr_HL/d1746/seed4_r0/results/8ulr_hl/seed_0/predictions/8ulr_hl_sample_2.cif,8ulr_HL,seed4_r0,8ulr_hl_sample_2.cif,0.36379
/mnt/data/msadepth/compreps/seedrep_cand/protenix/8ulr_HL/d1746/seed4_r3/results/8ulr_hl/seed_0/predictions/8ulr_hl_sample_2.cif,8ulr_HL,seed4_r3,8ulr_hl_sample_2.cif,0.30165
/mnt/data/msadepth/compreps/seedrep_cand/protenix/8ulr_HL/d1746/seed4_r0/results/8ulr_hl/seed_0/predictions/8ulr_hl_sample_4.cif,8ulr_HL,seed4_r0,8ulr_hl_sample_4.cif,0.27311
/mnt/data/msadepth/compreps/seedrep_cand/protenix/8ulr_HL/d1746/seed4_r3/results/8ulr_hl/seed_0/predictions/8ulr_hl_sample_0.cif,8ulr_HL,seed4_r3,8ulr_hl_sample_0.cif,0.31761
/mnt/data/msadepth/compreps/seedrep_cand/protenix/8ulr_HL/d1746/seed4_r1/results/8ulr_hl/seed_0/predictions/8ulr_hl_sample_4.cif,8ulr_HL,seed4_r1,8ulr_hl_sample_4.cif,0.27871
/mnt/data/msadepth/compreps/seedrep_cand/protenix/8ulr_HL/d1746/seed5_r1/results/8ulr_hl/seed_0/predictions/8ulr_hl_sample_0.cif,8ulr_HL,seed5_r1,8ulr_hl_sample_0.cif,0.04973
/mnt/data/msadepth/compreps/seedrep_cand/protenix/8ulr_HL/d1746/seed5_r2/results/8ulr_hl/seed_0/predictions/8ulr_hl_sample_2.cif,8ulr_HL,seed5_r2,8ulr_hl_sample_2.cif,0.0957
/mnt/data/msadepth/compreps/seedrep_cand/protenix/8ulr_HL/d1746/seed5_r2/results/8ulr_hl/seed_0/predictions/8ulr_hl_sample_4.cif,8ulr_HL,seed5_r2,8ulr_hl_sample_4.cif,0.14321
/mnt/data/msadepth/compreps/seedrep_cand/protenix/8ulr_HL/d1746/seed5_r1/results/8ulr_hl/seed_0/predictions/8ulr_hl_sample_2.cif,8ulr_HL,seed5_r1,8ulr_hl_sample_2.cif,0.04125
/mnt/data/msadepth/compreps/seedrep_cand/protenix/8ulr_HL/d1746/seed5_r1/results/8ulr_hl/seed_0/predictions/8ulr_hl_sample_4.cif,8ulr_HL,seed5_r1,8ulr_hl_sample_4.cif,0.0408
/mnt/data/msadepth/compreps/seedrep_cand/protenix/8ulr_HL/d1746/seed5_r1/results/8ulr_hl/seed_0/predictions/8ulr_hl_sample_1.cif,8ulr_HL,seed5_r1,8ulr_hl_sample_1.cif,0.06401
/mnt/data/msadepth/compreps/seedrep_cand/protenix/8ulr_HL/d1746/seed5_r0/results/8ulr_hl/seed_0/predictions/8ulr_hl_sample_2.cif,8ulr_HL,seed5_r0,8ulr_hl_sample_2.cif,0.04943
/mnt/data/msadepth/compreps/seedrep_cand/protenix/8ulr_HL/d1746/seed5_r2/results/8ulr_hl/seed_0/predictions/8ulr_hl_sample_3.cif,8ulr_HL,seed5_r2,8ulr_hl_sample_3.cif,0.15325
/mnt/data/msadepth/compreps/seedrep_cand/protenix/8ulr_HL/d1746/seed5_r0/results/8ulr_hl/seed_0/predictions/8ulr_hl_sample_4.cif,8ulr_HL,seed5_r0,8ulr_hl_sample_4.cif,0.03237
/mnt/data/msadepth/compreps/seedrep_cand/protenix/8ulr_HL/d1746/seed5_r0/results/8ulr_hl/seed_0/predictions/8ulr_hl_sample_1.cif,8ulr_HL,seed5_r0,8ulr_hl_sample_1.cif,0.07741
/mnt/data/msadepth/compreps/seedrep_cand/protenix/8ulr_HL/d1746/seed5_r0/results/8ulr_hl/seed_0/predictions/8ulr_hl_sample_0.cif,8ulr_HL,seed5_r0,8ulr_hl_sample_0.cif,0.07947
/mnt/data/msadepth/compreps/seedrep_cand/protenix/8ulr_HL/d1746/seed5_r3/results/8ulr_hl/seed_0/predictions/8ulr_hl_sample_3.cif,8ulr_HL,seed5_r3,8ulr_hl_sample_3.cif,0.10907
/mnt/data/msadepth/compreps/seedrep_cand/protenix/8ulr_HL/d1746/seed5_r2/results/8ulr_hl/seed_0/predictions/8ulr_hl_sample_0.cif,8ulr_HL,seed5_r2,8ulr_hl_sample_0.cif,0.25577
/mnt/data/msadepth/compreps/seedrep_cand/protenix/8ulr_HL/d1746/seed5_r2/results/8ulr_hl/seed_0/predictions/8ulr_hl_sample_1.cif,8ulr_HL,seed5_r2,8ulr_hl_sample_1.cif,0.11922
/mnt/data/msadepth/compreps/seedrep_cand/protenix/8ulr_HL/d1746/seed5_r3/results/8ulr_hl/seed_0/predictions/8ulr_hl_sample_1.cif,8ulr_HL,seed5_r3,8ulr_hl_sample_1.cif,0.13614
/mnt/data/msadepth/compreps/seedrep_cand/protenix/8ulr_HL/d1746/seed5_r3/results/8ulr_hl/seed_0/predictions/8ulr_hl_sample_0.cif,8ulr_HL,seed5_r3,8ulr_hl_sample_0.cif,0.08853
/mnt/data/msadepth/compreps/seedrep_cand/protenix/8ulr_HL/d1746/seed5_r0/results/8ulr_hl/seed_0/predictions/8ulr_hl_sample_3.cif,8ulr_HL,seed5_r0,8ulr_hl_sample_3.cif,0.0721
/mnt/data/msadepth/compreps/seedrep_cand/protenix/8ulr_HL/d1746/seed5_r1/results/8ulr_hl/seed_0/predictions/8ulr_hl_sample_3.cif,8ulr_HL,seed5_r1,8ulr_hl_sample_3.cif,0.04388
/mnt/data/msadepth/compreps/seedrep_cand/protenix/8ulr_HL/d1746/seed5_r3/results/8ulr_hl/seed_0/predictions/8ulr_hl_sample_4.cif,8ulr_HL,seed5_r3,8ulr_hl_sample_4.cif,0.0979
/mnt/data/msadepth/compreps/seedrep_cand/protenix/8ulr_HL/d1746/seed5_r3/results/8ulr_hl/seed_0/predictions/8ulr_hl_sample_2.cif,8ulr_HL,seed5_r3,8ulr_hl_sample_2.cif,0.04495
/mnt/data/msadepth/compreps/seedrep_cand/protenix/8ulr_HL/d1746/seed6_r1/results/8ulr_hl/seed_0/predictions/8ulr_hl_sample_3.cif,8ulr_HL,seed6_r1,8ulr_hl_sample_3.cif,0.12263
/mnt/data/msadepth/compreps/seedrep_cand/protenix/8ulr_HL/d1746/seed6_r2/results/8ulr_hl/seed_0/predictions/8ulr_hl_sample_1.cif,8ulr_HL,seed6_r2,8ulr_hl_sample_1.cif,0.11585
/mnt/data/msadepth/compreps/seedrep_cand/protenix/8ulr_HL/d1746/seed6_r3/results/8ulr_hl/seed_0/predictions/8ulr_hl_sample_2.cif,8ulr_HL,seed6_r3,8ulr_hl_sample_2.cif,0.1054
/mnt/data/msadepth/compreps/seedrep_cand/protenix/8ulr_HL/d1746/seed6_r2/results/8ulr_hl/seed_0/predictions/8ulr_hl_sample_3.cif,8ulr_HL,seed6_r2,8ulr_hl_sample_3.cif,0.11448
/mnt/data/msadepth/compreps/seedrep_cand/protenix/8ulr_HL/d1746/seed6_r1/results/8ulr_hl/seed_0/predictions/8ulr_hl_sample_0.cif,8ulr_HL,seed6_r1,8ulr_hl_sample_0.cif,0.1804
/mnt/data/msadepth/compreps/seedrep_cand/protenix/8ulr_HL/d1746/seed6_r0/results/8ulr_hl/seed_0/predictions/8ulr_hl_sample_4.cif,8ulr_HL,seed6_r0,8ulr_hl_sample_4.cif,0.13918
/mnt/data/msadepth/compreps/seedrep_cand/protenix/8ulr_HL/d1746/seed6_r3/results/8ulr_hl/seed_0/predictions/8ulr_hl_sample_1.cif,8ulr_HL,seed6_r3,8ulr_hl_sample_1.cif,0.12943
/mnt/data/msadepth/compreps/seedrep_cand/protenix/8ulr_HL/d1746/seed6_r2/results/8ulr_hl/seed_0/predictions/8ulr_hl_sample_4.cif,8ulr_HL,seed6_r2,8ulr_hl_sample_4.cif,0.23733
/mnt/data/msadepth/compreps/seedrep_cand/protenix/8ulr_HL/d1746/seed6_r1/results/8ulr_hl/seed_0/predictions/8ulr_hl_sample_4.cif,8ulr_HL,seed6_r1,8ulr_hl_sample_4.cif,0.18688
/mnt/data/msadepth/compreps/seedrep_cand/protenix/8ulr_HL/d1746/seed6_r1/results/8ulr_hl/seed_0/predictions/8ulr_hl_sample_1.cif,8ulr_HL,seed6_r1,8ulr_hl_sample_1.cif,0.13873
/mnt/data/msadepth/compreps/seedrep_cand/protenix/8ulr_HL/d1746/seed6_r3/results/8ulr_hl/seed_0/predictions/8ulr_hl_sample_3.cif,8ulr_HL,seed6_r3,8ulr_hl_sample_3.cif,0.1823
/mnt/data/msadepth/compreps/seedrep_cand/protenix/8ulr_HL/d1746/seed6_r2/results/8ulr_hl/seed_0/predictions/8ulr_hl_sample_2.cif,8ulr_HL,seed6_r2,8ulr_hl_sample_2.cif,0.15903
/mnt/data/msadepth/compreps/seedrep_cand/protenix/8ulr_HL/d1746/seed6_r2/results/8ulr_hl/seed_0/predictions/8ulr_hl_sample_0.cif,8ulr_HL,seed6_r2,8ulr_hl_sample_0.cif,0.17807
/mnt/data/msadepth/compreps/seedrep_cand/protenix/8ulr_HL/d1746/seed6_r3/results/8ulr_hl/seed_0/predictions/8ulr_hl_sample_4.cif,8ulr_HL,seed6_r3,8ulr_hl_sample_4.cif,0.21941
/mnt/data/msadepth/compreps/seedrep_cand/protenix/8ulr_HL/d1746/seed6_r3/results/8ulr_hl/seed_0/predictions/8ulr_hl_sample_0.cif,8ulr_HL,seed6_r3,8ulr_hl_sample_0.cif,0.1238
/mnt/data/msadepth/compreps/seedrep_cand/protenix/8ulr_HL/d1746/seed6_r1/results/8ulr_hl/seed_0/predictions/8ulr_hl_sample_2.cif,8ulr_HL,seed6_r1,8ulr_hl_sample_2.cif,0.20854
/mnt/data/msadepth/compreps/seedrep_cand/protenix/8ulr_HL/d1746/seed6_r0/results/8ulr_hl/seed_0/predictions/8ulr_hl_sample_2.cif,8ulr_HL,seed6_r0,8ulr_hl_sample_2.cif,0.13728
/mnt/data/msadepth/compreps/seedrep_cand/protenix/8ulr_HL/d1746/seed6_r0/results/8ulr_hl/seed_0/predictions/8ulr_hl_sample_1.cif,8ulr_HL,seed6_r0,8ulr_hl_sample_1.cif,0.23118
/mnt/data/msadepth/compreps/seedrep_cand/protenix/8ulr_HL/d1746/seed6_r0/results/8ulr_hl/seed_0/predictions/8ulr_hl_sample_0.cif,8ulr_HL,seed6_r0,8ulr_hl_sample_0.cif,0.10068
/mnt/data/msadepth/compreps/seedrep_cand/protenix/8ulr_HL/d1746/seed6_r0/results/8ulr_hl/seed_0/predictions/8ulr_hl_sample_3.cif,8ulr_HL,seed6_r0,8ulr_hl_sample_3.cif,0.03993
/mnt/data/msadepth/compreps/seedrep_cand/protenix/8ulr_HL/d1746/seed7_r2/results/8ulr_hl/seed_0/predictions/8ulr_hl_sample_2.cif,8ulr_HL,seed7_r2,8ulr_hl_sample_2.cif,0.25413
/mnt/data/msadepth/compreps/seedrep_cand/protenix/8ulr_HL/d1746/seed7_r0/results/8ulr_hl/seed_0/predictions/8ulr_hl_sample_0.cif,8ulr_HL,seed7_r0,8ulr_hl_sample_0.cif,0.20233
/mnt/data/msadepth/compreps/seedrep_cand/protenix/8ulr_HL/d1746/seed7_r1/results/8ulr_hl/seed_0/predictions/8ulr_hl_sample_2.cif,8ulr_HL,seed7_r1,8ulr_hl_sample_2.cif,0.22487
/mnt/data/msadepth/compreps/seedrep_cand/protenix/8ulr_HL/d1746/seed7_r0/results/8ulr_hl/seed_0/predictions/8ulr_hl_sample_2.cif,8ulr_HL,seed7_r0,8ulr_hl_sample_2.cif,0.16068
/mnt/data/msadepth/compreps/seedrep_cand/protenix/8ulr_HL/d1746/seed7_r2/results/8ulr_hl/seed_0/predictions/8ulr_hl_sample_4.cif,8ulr_HL,seed7_r2,8ulr_hl_sample_4.cif,0.34078
/mnt/data/msadepth/compreps/seedrep_cand/protenix/8ulr_HL/d1746/seed7_r3/results/8ulr_hl/seed_0/predictions/8ulr_hl_sample_4.cif,8ulr_HL,seed7_r3,8ulr_hl_sample_4.cif,0.35041
/mnt/data/msadepth/compreps/seedrep_cand/protenix/8ulr_HL/d1746/seed7_r1/results/8ulr_hl/seed_0/predictions/8ulr_hl_sample_0.cif,8ulr_HL,seed7_r1,8ulr_hl_sample_0.cif,0.32076
/mnt/data/msadepth/compreps/seedrep_cand/protenix/8ulr_HL/d1746/seed7_r1/results/8ulr_hl/seed_0/predictions/8ulr_hl_sample_1.cif,8ulr_HL,seed7_r1,8ulr_hl_sample_1.cif,0.33419
/mnt/data/msadepth/compreps/seedrep_cand/protenix/8ulr_HL/d1746/seed7_r0/results/8ulr_hl/seed_0/predictions/8ulr_hl_sample_3.cif,8ulr_HL,seed7_r0,8ulr_hl_sample_3.cif,0.06042
/mnt/data/msadepth/compreps/seedrep_cand/protenix/8ulr_HL/d1746/seed7_r1/results/8ulr_hl/seed_0/predictions/8ulr_hl_sample_3.cif,8ulr_HL,seed7_r1,8ulr_hl_sample_3.cif,0.3226
/mnt/data/msadepth/compreps/seedrep_cand/protenix/8ulr_HL/d1746/seed7_r3/results/8ulr_hl/seed_0/predictions/8ulr_hl_sample_0.cif,8ulr_HL,seed7_r3,8ulr_hl_sample_0.cif,0.31327
/mnt/data/msadepth/compreps/seedrep_cand/protenix/8ulr_HL/d1746/seed7_r2/results/8ulr_hl/seed_0/predictions/8ulr_hl_sample_1.cif,8ulr_HL,seed7_r2,8ulr_hl_sample_1.cif,0.29366
/mnt/data/msadepth/compreps/seedrep_cand/protenix/8ulr_HL/d1746/seed7_r0/results/8ulr_hl/seed_0/predictions/8ulr_hl_sample_1.cif,8ulr_HL,seed7_r0,8ulr_hl_sample_1.cif,0.10861
/mnt/data/msadepth/compreps/seedrep_cand/protenix/8ulr_HL/d1746/seed7_r1/results/8ulr_hl/seed_0/predictions/8ulr_hl_sample_4.cif,8ulr_HL,seed7_r1,8ulr_hl_sample_4.cif,0.34192
/mnt/data/msadepth/compreps/seedrep_cand/protenix/8ulr_HL/d1746/seed7_r3/results/8ulr_hl/seed_0/predictions/8ulr_hl_sample_1.cif,8ulr_HL,seed7_r3,8ulr_hl_sample_1.cif,0.25628
/mnt/data/msadepth/compreps/seedrep_cand/protenix/8ulr_HL/d1746/seed7_r0/results/8ulr_hl/seed_0/predictions/8ulr_hl_sample_4.cif,8ulr_HL,seed7_r0,8ulr_hl_sample_4.cif,0.17378
/mnt/data/msadepth/compreps/seedrep_cand/protenix/8ulr_HL/d1746/seed7_r3/results/8ulr_hl/seed_0/predictions/8ulr_hl_sample_3.cif,8ulr_HL,seed7_r3,8ulr_hl_sample_3.cif,0.31443
/mnt/data/msadepth/compreps/seedrep_cand/protenix/8ulr_HL/d1746/seed7_r2/results/8ulr_hl/seed_0/predictions/8ulr_hl_sample_0.cif,8ulr_HL,seed7_r2,8ulr_hl_sample_0.cif,0.29358
/mnt/data/msadepth/compreps/seedrep_cand/protenix/8ulr_HL/d1746/seed7_r2/results/8ulr_hl/seed_0/predictions/8ulr_hl_sample_3.cif,8ulr_HL,seed7_r2,8ulr_hl_sample_3.cif,0.22664
/mnt/data/msadepth/compreps/seedrep_cand/protenix/8ulr_HL/d1746/seed7_r3/results/8ulr_hl/seed_0/predictions/8ulr_hl_sample_2.cif,8ulr_HL,seed7_r3,8ulr_hl_sample_2.cif,0.24328
/mnt/data/msadepth/compreps/seedrep_cand/protenix/8ulr_HL/d1746/seedfull_r10/results/8ulr_hl/seed_0/predictions/8ulr_hl_sample_4.cif,8ulr_HL,seedfull_r10,8ulr_hl_sample_4.cif,0.10278
/mnt/data/msadepth/compreps/seedrep_cand/protenix/8ulr_HL/d1746/seedfull_r11/results/8ulr_hl/seed_0/predictions/8ulr_hl_sample_1.cif,8ulr_HL,seedfull_r11,8ulr_hl_sample_1.cif,0.03643
/mnt/data/msadepth/compreps/seedrep_cand/protenix/8ulr_HL/d1746/seedfull_r0/results/8ulr_hl/seed_0/predictions/8ulr_hl_sample_4.cif,8ulr_HL,seedfull_r0,8ulr_hl_sample_4.cif,0.05209
/mnt/data/msadepth/compreps/seedrep_cand/protenix/8ulr_HL/d1746/seedfull_r0/results/8ulr_hl/seed_0/predictions/8ulr_hl_sample_0.cif,8ulr_HL,seedfull_r0,8ulr_hl_sample_0.cif,0.1327
/mnt/data/msadepth/compreps/seedrep_cand/protenix/8ulr_HL/d1746/seedfull_r0/results/8ulr_hl/seed_0/predictions/8ulr_hl_sample_2.cif,8ulr_HL,seedfull_r0,8ulr_hl_sample_2.cif,0.10358
/mnt/data/msadepth/compreps/seedrep_cand/protenix/8ulr_HL/d1746/seedfull_r10/results/8ulr_hl/seed_0/predictions/8ulr_hl_sample_0.cif,8ulr_HL,seedfull_r10,8ulr_hl_sample_0.cif,0.05042
/mnt/data/msadepth/compreps/seedrep_cand/protenix/8ulr_HL/d1746/seedfull_r1/results/8ulr_hl/seed_0/predictions/8ulr_hl_sample_1.cif,8ulr_HL,seedfull_r1,8ulr_hl_sample_1.cif,0.05793
/mnt/data/msadepth/compreps/seedrep_cand/protenix/8ulr_HL/d1746/seedfull_r10/results/8ulr_hl/seed_0/predictions/8ulr_hl_sample_3.cif,8ulr_HL,seedfull_r10,8ulr_hl_sample_3.cif,0.09833
/mnt/data/msadepth/compreps/seedrep_cand/protenix/8ulr_HL/d1746/seedfull_r1/results/8ulr_hl/seed_0/predictions/8ulr_hl_sample_3.cif,8ulr_HL,seedfull_r1,8ulr_hl_sample_3.cif,0.12109
/mnt/data/msadepth/compreps/seedrep_cand/protenix/8ulr_HL/d1746/seedfull_r1/results/8ulr_hl/seed_0/predictions/8ulr_hl_sample_4.cif,8ulr_HL,seedfull_r1,8ulr_hl_sample_4.cif,0.06731
/mnt/data/msadepth/compreps/seedrep_cand/protenix/8ulr_HL/d1746/seedfull_r10/results/8ulr_hl/seed_0/predictions/8ulr_hl_sample_1.cif,8ulr_HL,seedfull_r10,8ulr_hl_sample_1.cif,0.13845
/mnt/data/msadepth/compreps/seedrep_cand/protenix/8ulr_HL/d1746/seedfull_r11/results/8ulr_hl/seed_0/predictions/8ulr_hl_sample_4.cif,8ulr_HL,seedfull_r11,8ulr_hl_sample_4.cif,0.02861
/mnt/data/msadepth/compreps/seedrep_cand/protenix/8ulr_HL/d1746/seedfull_r11/results/8ulr_hl/seed_0/predictions/8ulr_hl_sample_0.cif,8ulr_HL,seedfull_r11,8ulr_hl_sample_0.cif,0.04343
/mnt/data/msadepth/compreps/seedrep_cand/protenix/8ulr_HL/d1746/seedfull_r0/results/8ulr_hl/seed_0/predictions/8ulr_hl_sample_1.cif,8ulr_HL,seedfull_r0,8ulr_hl_sample_1.cif,0.05383
/mnt/data/msadepth/compreps/seedrep_cand/protenix/8ulr_HL/d1746/seedfull_r1/results/8ulr_hl/seed_0/predictions/8ulr_hl_sample_2.cif,8ulr_HL,seedfull_r1,8ulr_hl_sample_2.cif,0.04294
/mnt/data/msadepth/compreps/seedrep_cand/protenix/8ulr_HL/d1746/seedfull_r11/results/8ulr_hl/seed_0/predictions/8ulr_hl_sample_2.cif,8ulr_HL,seedfull_r11,8ulr_hl_sample_2.cif,0.08483
/mnt/data/msadepth/compreps/seedrep_cand/protenix/8ulr_HL/d1746/seedfull_r10/results/8ulr_hl/seed_0/predictions/8ulr_hl_sample_2.cif,8ulr_HL,seedfull_r10,8ulr_hl_sample_2.cif,0.10905
/mnt/data/msadepth/compreps/seedrep_cand/protenix/8ulr_HL/d1746/seedfull_r1/results/8ulr_hl/seed_0/predictions/8ulr_hl_sample_0.cif,8ulr_HL,seedfull_r1,8ulr_hl_sample_0.cif,0.09973
/mnt/data/msadepth/compreps/seedrep_cand/protenix/8ulr_HL/d1746/seedfull_r0/results/8ulr_hl/seed_0/predictions/8ulr_hl_sample_3.cif,8ulr_HL,seedfull_r0,8ulr_hl_sample_3.cif,0.05303
/mnt/data/msadepth/compreps/seedrep_cand/protenix/8ulr_HL/d1746/seedfull_r11/results/8ulr_hl/seed_0/predictions/8ulr_hl_sample_3.cif,8ulr_HL,seedfull_r11,8ulr_hl_sample_3.cif,0.03908
/mnt/data/msadepth/compreps/seedrep_cand/protenix/8ulr_HL/d1746/seedfull_r13/results/8ulr_hl/seed_0/predictions/8ulr_hl_sample_3.cif,8ulr_HL,seedfull_r13,8ulr_hl_sample_3.cif,0.09059
/mnt/data/msadepth/compreps/seedrep_cand/protenix/8ulr_HL/d1746/seedfull_r13/results/8ulr_hl/seed_0/predictions/8ulr_hl_sample_1.cif,8ulr_HL,seedfull_r13,8ulr_hl_sample_1.cif,0.06038
/mnt/data/msadepth/compreps/seedrep_cand/protenix/8ulr_HL/d1746/seedfull_r12/results/8ulr_hl/seed_0/predictions/8ulr_hl_sample_0.cif,8ulr_HL,seedfull_r12,8ulr_hl_sample_0.cif,0.03813
/mnt/data/msadepth/compreps/seedrep_cand/protenix/8ulr_HL/d1746/seedfull_r12/results/8ulr_hl/seed_0/predictions/8ulr_hl_sample_2.cif,8ulr_HL,seedfull_r12,8ulr_hl_sample_2.cif,0.13433
/mnt/data/msadepth/compreps/seedrep_cand/protenix/8ulr_HL/d1746/seedfull_r15/results/8ulr_hl/seed_0/predictions/8ulr_hl_sample_2.cif,8ulr_HL,seedfull_r15,8ulr_hl_sample_2.cif,0.11648
/mnt/data/msadepth/compreps/seedrep_cand/protenix/8ulr_HL/d1746/seedfull_r13/results/8ulr_hl/seed_0/predictions/8ulr_hl_sample_4.cif,8ulr_HL,seedfull_r13,8ulr_hl_sample_4.cif,0.04122
/mnt/data/msadepth/compreps/seedrep_cand/protenix/8ulr_HL/d1746/seedfull_r14/results/8ulr_hl/seed_0/predictions/8ulr_hl_sample_3.cif,8ulr_HL,seedfull_r14,8ulr_hl_sample_3.cif,0.05239
/mnt/data/msadepth/compreps/seedrep_cand/protenix/8ulr_HL/d1746/seedfull_r12/results/8ulr_hl/seed_0/predictions/8ulr_hl_sample_3.cif,8ulr_HL,seedfull_r12,8ulr_hl_sample_3.cif,0.09769
/mnt/data/msadepth/compreps/seedrep_cand/protenix/8ulr_HL/d1746/seedfull_r15/results/8ulr_hl/seed_0/predictions/8ulr_hl_sample_4.cif,8ulr_HL,seedfull_r15,8ulr_hl_sample_4.cif,0.05641
/mnt/data/msadepth/compreps/seedrep_cand/protenix/8ulr_HL/d1746/seedfull_r14/results/8ulr_hl/seed_0/predictions/8ulr_hl_sample_2.cif,8ulr_HL,seedfull_r14,8ulr_hl_sample_2.cif,0.08525
/mnt/data/msadepth/compreps/seedrep_cand/protenix/8ulr_HL/d1746/seedfull_r15/results/8ulr_hl/seed_0/predictions/8ulr_hl_sample_3.cif,8ulr_HL,seedfull_r15,8ulr_hl_sample_3.cif,0.05888
/mnt/data/msadepth/compreps/seedrep_cand/protenix/8ulr_HL/d1746/seedfull_r14/results/8ulr_hl/seed_0/predictions/8ulr_hl_sample_0.cif,8ulr_HL,seedfull_r14,8ulr_hl_sample_0.cif,0.05473
/mnt/data/msadepth/compreps/seedrep_cand/protenix/8ulr_HL/d1746/seedfull_r15/results/8ulr_hl/seed_0/predictions/8ulr_hl_sample_1.cif,8ulr_HL,seedfull_r15,8ulr_hl_sample_1.cif,0.07301
/mnt/data/msadepth/compreps/seedrep_cand/protenix/8ulr_HL/d1746/seedfull_r12/results/8ulr_hl/seed_0/predictions/8ulr_hl_sample_4.cif,8ulr_HL,seedfull_r12,8ulr_hl_sample_4.cif,0.0473
/mnt/data/msadepth/compreps/seedrep_cand/protenix/8ulr_HL/d1746/seedfull_r13/results/8ulr_hl/seed_0/predictions/8ulr_hl_sample_2.cif,8ulr_HL,seedfull_r13,8ulr_hl_sample_2.cif,0.05046
/mnt/data/msadepth/compreps/seedrep_cand/protenix/8ulr_HL/d1746/seedfull_r13/results/8ulr_hl/seed_0/predictions/8ulr_hl_sample_0.cif,8ulr_HL,seedfull_r13,8ulr_hl_sample_0.cif,0.05782
/mnt/data/msadepth/compreps/seedrep_cand/protenix/8ulr_HL/d1746/seedfull_r15/results/8ulr_hl/seed_0/predictions/8ulr_hl_sample_0.cif,8ulr_HL,seedfull_r15,8ulr_hl_sample_0.cif,0.05801
/mnt/data/msadepth/compreps/seedrep_cand/protenix/8ulr_HL/d1746/seedfull_r12/results/8ulr_hl/seed_0/predictions/8ulr_hl_sample_1.cif,8ulr_HL,seedfull_r12,8ulr_hl_sample_1.cif,0.10921
/mnt/data/msadepth/compreps/seedrep_cand/protenix/8ulr_HL/d1746/seedfull_r14/results/8ulr_hl/seed_0/predictions/8ulr_hl_sample_4.cif,8ulr_HL,seedfull_r14,8ulr_hl_sample_4.cif,0.03386
/mnt/data/msadepth/compreps/seedrep_cand/protenix/8ulr_HL/d1746/seedfull_r14/results/8ulr_hl/seed_0/predictions/8ulr_hl_sample_1.cif,8ulr_HL,seedfull_r14,8ulr_hl_sample_1.cif,0.05935
/mnt/data/msadepth/compreps/seedrep_cand/protenix/8ulr_HL/d1746/seedfull_r16/results/8ulr_hl/seed_0/predictions/8ulr_hl_sample_0.cif,8ulr_HL,seedfull_r16,8ulr_hl_sample_0.cif,0.0442
/mnt/data/msadepth/compreps/seedrep_cand/protenix/8ulr_HL/d1746/seedfull_r17/results/8ulr_hl/seed_0/predictions/8ulr_hl_sample_1.cif,8ulr_HL,seedfull_r17,8ulr_hl_sample_1.cif,0.15474
/mnt/data/msadepth/compreps/seedrep_cand/protenix/8ulr_HL/d1746/seedfull_r19/results/8ulr_hl/seed_0/predictions/8ulr_hl_sample_2.cif,8ulr_HL,seedfull_r19,8ulr_hl_sample_2.cif,0.06706
/mnt/data/msadepth/compreps/seedrep_cand/protenix/8ulr_HL/d1746/seedfull_r18/results/8ulr_hl/seed_0/predictions/8ulr_hl_sample_2.cif,8ulr_HL,seedfull_r18,8ulr_hl_sample_2.cif,0.05225
/mnt/data/msadepth/compreps/seedrep_cand/protenix/8ulr_HL/d1746/seedfull_r16/results/8ulr_hl/seed_0/predictions/8ulr_hl_sample_1.cif,8ulr_HL,seedfull_r16,8ulr_hl_sample_1.cif,0.07591
/mnt/data/msadepth/compreps/seedrep_cand/protenix/8ulr_HL/d1746/seedfull_r18/results/8ulr_hl/seed_0/predictions/8ulr_hl_sample_4.cif,8ulr_HL,seedfull_r18,8ulr_hl_sample_4.cif,0.05266
/mnt/data/msadepth/compreps/seedrep_cand/protenix/8ulr_HL/d1746/seedfull_r16/results/8ulr_hl/seed_0/predictions/8ulr_hl_sample_3.cif,8ulr_HL,seedfull_r16,8ulr_hl_sample_3.cif,0.04389
/mnt/data/msadepth/compreps/seedrep_cand/protenix/8ulr_HL/d1746/seedfull_r18/results/8ulr_hl/seed_0/predictions/8ulr_hl_sample_3.cif,8ulr_HL,seedfull_r18,8ulr_hl_sample_3.cif,0.09247
/mnt/data/msadepth/compreps/seedrep_cand/protenix/8ulr_HL/d1746/seedfull_r18/results/8ulr_hl/seed_0/predictions/8ulr_hl_sample_1.cif,8ulr_HL,seedfull_r18,8ulr_hl_sample_1.cif,0.14012
/mnt/data/msadepth/compreps/seedrep_cand/protenix/8ulr_HL/d1746/seedfull_r17/results/8ulr_hl/seed_0/predictions/8ulr_hl_sample_0.cif,8ulr_HL,seedfull_r17,8ulr_hl_sample_0.cif,0.04182
/mnt/data/msadepth/compreps/seedrep_cand/protenix/8ulr_HL/d1746/seedfull_r16/results/8ulr_hl/seed_0/predictions/8ulr_hl_sample_2.cif,8ulr_HL,seedfull_r16,8ulr_hl_sample_2.cif,0.15704
/mnt/data/msadepth/compreps/seedrep_cand/protenix/8ulr_HL/d1746/seedfull_r19/results/8ulr_hl/seed_0/predictions/8ulr_hl_sample_1.cif,8ulr_HL,seedfull_r19,8ulr_hl_sample_1.cif,0.03817
/mnt/data/msadepth/compreps/seedrep_cand/protenix/8ulr_HL/d1746/seedfull_r19/results/8ulr_hl/seed_0/predictions/8ulr_hl_sample_3.cif,8ulr_HL,seedfull_r19,8ulr_hl_sample_3.cif,0.14701
/mnt/data/msadepth/compreps/seedrep_cand/protenix/8ulr_HL/d1746/seedfull_r16/results/8ulr_hl/seed_0/predictions/8ulr_hl_sample_4.cif,8ulr_HL,seedfull_r16,8ulr_hl_sample_4.cif,0.04262
/mnt/data/msadepth/compreps/seedrep_cand/protenix/8ulr_HL/d1746/seedfull_r19/results/8ulr_hl/seed_0/predictions/8ulr_hl_sample_0.cif,8ulr_HL,seedfull_r19,8ulr_hl_sample_0.cif,0.14572
/mnt/data/msadepth/compreps/seedrep_cand/protenix/8ulr_HL/d1746/seedfull_r19/results/8ulr_hl/seed_0/predictions/8ulr_hl_sample_4.cif,8ulr_HL,seedfull_r19,8ulr_hl_sample_4.cif,0.06217
/mnt/data/msadepth/compreps/seedrep_cand/protenix/8ulr_HL/d1746/seedfull_r17/results/8ulr_hl/seed_0/predictions/8ulr_hl_sample_2.cif,8ulr_HL,seedfull_r17,8ulr_hl_sample_2.cif,0.05685
/mnt/data/msadepth/compreps/seedrep_cand/protenix/8ulr_HL/d1746/seedfull_r17/results/8ulr_hl/seed_0/predictions/8ulr_hl_sample_4.cif,8ulr_HL,seedfull_r17,8ulr_hl_sample_4.cif,0.08034
/mnt/data/msadepth/compreps/seedrep_cand/protenix/8ulr_HL/d1746/seedfull_r17/results/8ulr_hl/seed_0/predictions/8ulr_hl_sample_3.cif,8ulr_HL,seedfull_r17,8ulr_hl_sample_3.cif,0.10627
/mnt/data/msadepth/compreps/seedrep_cand/protenix/8ulr_HL/d1746/seedfull_r18/results/8ulr_hl/seed_0/predictions/8ulr_hl_sample_0.cif,8ulr_HL,seedfull_r18,8ulr_hl_sample_0.cif,0.03418
/mnt/data/msadepth/compreps/seedrep_cand/protenix/8ulr_HL/d1746/seedfull_r20/results/8ulr_hl/seed_0/predictions/8ulr_hl_sample_1.cif,8ulr_HL,seedfull_r20,8ulr_hl_sample_1.cif,0.09643
/mnt/data/msadepth/compreps/seedrep_cand/protenix/8ulr_HL/d1746/seedfull_r2/results/8ulr_hl/seed_0/predictions/8ulr_hl_sample_1.cif,8ulr_HL,seedfull_r2,8ulr_hl_sample_1.cif,0.14435
/mnt/data/msadepth/compreps/seedrep_cand/protenix/8ulr_HL/d1746/seedfull_r22/results/8ulr_hl/seed_0/predictions/8ulr_hl_sample_1.cif,8ulr_HL,seedfull_r22,8ulr_hl_sample_1.cif,0.04341
/mnt/data/msadepth/compreps/seedrep_cand/protenix/8ulr_HL/d1746/seedfull_r22/results/8ulr_hl/seed_0/predictions/8ulr_hl_sample_0.cif,8ulr_HL,seedfull_r22,8ulr_hl_sample_0.cif,0.06502
/mnt/data/msadepth/compreps/seedrep_cand/protenix/8ulr_HL/d1746/seedfull_r22/results/8ulr_hl/seed_0/predictions/8ulr_hl_sample_3.cif,8ulr_HL,seedfull_r22,8ulr_hl_sample_3.cif,0.12919
/mnt/data/msadepth/compreps/seedrep_cand/protenix/8ulr_HL/d1746/seedfull_r22/results/8ulr_hl/seed_0/predictions/8ulr_hl_sample_4.cif,8ulr_HL,seedfull_r22,8ulr_hl_sample_4.cif,0.06042
/mnt/data/msadepth/compreps/seedrep_cand/protenix/8ulr_HL/d1746/seedfull_r21/results/8ulr_hl/seed_0/predictions/8ulr_hl_sample_3.cif,8ulr_HL,seedfull_r21,8ulr_hl_sample_3.cif,0.10547
/mnt/data/msadepth/compreps/seedrep_cand/protenix/8ulr_HL/d1746/seedfull_r21/results/8ulr_hl/seed_0/predictions/8ulr_hl_sample_4.cif,8ulr_HL,seedfull_r21,8ulr_hl_sample_4.cif,0.11051
/mnt/data/msadepth/compreps/seedrep_cand/protenix/8ulr_HL/d1746/seedfull_r21/results/8ulr_hl/seed_0/predictions/8ulr_hl_sample_1.cif,8ulr_HL,seedfull_r21,8ulr_hl_sample_1.cif,0.15117
/mnt/data/msadepth/compreps/seedrep_cand/protenix/8ulr_HL/d1746/seedfull_r2/results/8ulr_hl/seed_0/predictions/8ulr_hl_sample_3.cif,8ulr_HL,seedfull_r2,8ulr_hl_sample_3.cif,0.10466
/mnt/data/msadepth/compreps/seedrep_cand/protenix/8ulr_HL/d1746/seedfull_r20/results/8ulr_hl/seed_0/predictions/8ulr_hl_sample_0.cif,8ulr_HL,seedfull_r20,8ulr_hl_sample_0.cif,0.05886
/mnt/data/msadepth/compreps/seedrep_cand/protenix/8ulr_HL/d1746/seedfull_r2/results/8ulr_hl/seed_0/predictions/8ulr_hl_sample_2.cif,8ulr_HL,seedfull_r2,8ulr_hl_sample_2.cif,0.06871
/mnt/data/msadepth/compreps/seedrep_cand/protenix/8ulr_HL/d1746/seedfull_r21/results/8ulr_hl/seed_0/predictions/8ulr_hl_sample_0.cif,8ulr_HL,seedfull_r21,8ulr_hl_sample_0.cif,0.04362
/mnt/data/msadepth/compreps/seedrep_cand/protenix/8ulr_HL/d1746/seedfull_r2/results/8ulr_hl/seed_0/predictions/8ulr_hl_sample_4.cif,8ulr_HL,seedfull_r2,8ulr_hl_sample_4.cif,0.04097
/mnt/data/msadepth/compreps/seedrep_cand/protenix/8ulr_HL/d1746/seedfull_r2/results/8ulr_hl/seed_0/predictions/8ulr_hl_sample_0.cif,8ulr_HL,seedfull_r2,8ulr_hl_sample_0.cif,0.0379
/mnt/data/msadepth/compreps/seedrep_cand/protenix/8ulr_HL/d1746/seedfull_r22/results/8ulr_hl/seed_0/predictions/8ulr_hl_sample_2.cif,8ulr_HL,seedfull_r22,8ulr_hl_sample_2.cif,0.04572
/mnt/data/msadepth/compreps/seedrep_cand/protenix/8ulr_HL/d1746/seedfull_r20/results/8ulr_hl/seed_0/predictions/8ulr_hl_sample_2.cif,8ulr_HL,seedfull_r20,8ulr_hl_sample_2.cif,0.04042
/mnt/data/msadepth/compreps/seedrep_cand/protenix/8ulr_HL/d1746/seedfull_r21/results/8ulr_hl/seed_0/predictions/8ulr_hl_sample_2.cif,8ulr_HL,seedfull_r21,8ulr_hl_sample_2.cif,0.05563
/mnt/data/msadepth/compreps/seedrep_cand/protenix/8ulr_HL/d1746/seedfull_r20/results/8ulr_hl/seed_0/predictions/8ulr_hl_sample_3.cif,8ulr_HL,seedfull_r20,8ulr_hl_sample_3.cif,0.0875
/mnt/data/msadepth/compreps/seedrep_cand/protenix/8ulr_HL/d1746/seedfull_r20/results/8ulr_hl/seed_0/predictions/8ulr_hl_sample_4.cif,8ulr_HL,seedfull_r20,8ulr_hl_sample_4.cif,0.09436
/mnt/data/msadepth/compreps/seedrep_cand/protenix/8ulr_HL/d1746/seedfull_r26/results/8ulr_hl/seed_0/predictions/8ulr_hl_sample_3.cif,8ulr_HL,seedfull_r26,8ulr_hl_sample_3.cif,0.13467
/mnt/data/msadepth/compreps/seedrep_cand/protenix/8ulr_HL/d1746/seedfull_r23/results/8ulr_hl/seed_0/predictions/8ulr_hl_sample_2.cif,8ulr_HL,seedfull_r23,8ulr_hl_sample_2.cif,0.06086
/mnt/data/msadepth/compreps/seedrep_cand/protenix/8ulr_HL/d1746/seedfull_r24/results/8ulr_hl/seed_0/predictions/8ulr_hl_sample_3.cif,8ulr_HL,seedfull_r24,8ulr_hl_sample_3.cif,0.12238
/mnt/data/msadepth/compreps/seedrep_cand/protenix/8ulr_HL/d1746/seedfull_r23/results/8ulr_hl/seed_0/predictions/8ulr_hl_sample_4.cif,8ulr_HL,seedfull_r23,8ulr_hl_sample_4.cif,0.05847
/mnt/data/msadepth/compreps/seedrep_cand/protenix/8ulr_HL/d1746/seedfull_r25/results/8ulr_hl/seed_0/predictions/8ulr_hl_sample_0.cif,8ulr_HL,seedfull_r25,8ulr_hl_sample_0.cif,0.10572
/mnt/data/msadepth/compreps/seedrep_cand/protenix/8ulr_HL/d1746/seedfull_r26/results/8ulr_hl/seed_0/predictions/8ulr_hl_sample_0.cif,8ulr_HL,seedfull_r26,8ulr_hl_sample_0.cif,0.04085
/mnt/data/msadepth/compreps/seedrep_cand/protenix/8ulr_HL/d1746/seedfull_r23/results/8ulr_hl/seed_0/predictions/8ulr_hl_sample_1.cif,8ulr_HL,seedfull_r23,8ulr_hl_sample_1.cif,0.08598
/mnt/data/msadepth/compreps/seedrep_cand/protenix/8ulr_HL/d1746/seedfull_r24/results/8ulr_hl/seed_0/predictions/8ulr_hl_sample_4.cif,8ulr_HL,seedfull_r24,8ulr_hl_sample_4.cif,0.14644
/mnt/data/msadepth/compreps/seedrep_cand/protenix/8ulr_HL/d1746/seedfull_r25/results/8ulr_hl/seed_0/predictions/8ulr_hl_sample_3.cif,8ulr_HL,seedfull_r25,8ulr_hl_sample_3.cif,0.06987
/mnt/data/msadepth/compreps/seedrep_cand/protenix/8ulr_HL/d1746/seedfull_r23/results/8ulr_hl/seed_0/predictions/8ulr_hl_sample_3.cif,8ulr_HL,seedfull_r23,8ulr_hl_sample_3.cif,0.03668
/mnt/data/msadepth/compreps/seedrep_cand/protenix/8ulr_HL/d1746/seedfull_r25/results/8ulr_hl/seed_0/predictions/8ulr_hl_sample_2.cif,8ulr_HL,seedfull_r25,8ulr_hl_sample_2.cif,0.10839
/mnt/data/msadepth/compreps/seedrep_cand/protenix/8ulr_HL/d1746/seedfull_r24/results/8ulr_hl/seed_0/predictions/8ulr_hl_sample_2.cif,8ulr_HL,seedfull_r24,8ulr_hl_sample_2.cif,0.07448
/mnt/data/msadepth/compreps/seedrep_cand/protenix/8ulr_HL/d1746/seedfull_r24/results/8ulr_hl/seed_0/predictions/8ulr_hl_sample_1.cif,8ulr_HL,seedfull_r24,8ulr_hl_sample_1.cif,0.13164
/mnt/data/msadepth/compreps/seedrep_cand/protenix/8ulr_HL/d1746/seedfull_r26/results/8ulr_hl/seed_0/predictions/8ulr_hl_sample_2.cif,8ulr_HL,seedfull_r26,8ulr_hl_sample_2.cif,0.06587
/mnt/data/msadepth/compreps/seedrep_cand/protenix/8ulr_HL/d1746/seedfull_r25/results/8ulr_hl/seed_0/predictions/8ulr_hl_sample_1.cif,8ulr_HL,seedfull_r25,8ulr_hl_sample_1.cif,0.05132
/mnt/data/msadepth/compreps/seedrep_cand/protenix/8ulr_HL/d1746/seedfull_r23/results/8ulr_hl/seed_0/predictions/8ulr_hl_sample_0.cif,8ulr_HL,seedfull_r23,8ulr_hl_sample_0.cif,0.15048
/mnt/data/msadepth/compreps/seedrep_cand/protenix/8ulr_HL/d1746/seedfull_r25/results/8ulr_hl/seed_0/predictions/8ulr_hl_sample_4.cif,8ulr_HL,seedfull_r25,8ulr_hl_sample_4.cif,0.15047
/mnt/data/msadepth/compreps/seedrep_cand/protenix/8ulr_HL/d1746/seedfull_r26/results/8ulr_hl/seed_0/predictions/8ulr_hl_sample_1.cif,8ulr_HL,seedfull_r26,8ulr_hl_sample_1.cif,0.1033
/mnt/data/msadepth/compreps/seedrep_cand/protenix/8ulr_HL/d1746/seedfull_r26/results/8ulr_hl/seed_0/predictions/8ulr_hl_sample_4.cif,8ulr_HL,seedfull_r26,8ulr_hl_sample_4.cif,0.06527
/mnt/data/msadepth/compreps/seedrep_cand/protenix/8ulr_HL/d1746/seedfull_r24/results/8ulr_hl/seed_0/predictions/8ulr_hl_sample_0.cif,8ulr_HL,seedfull_r24,8ulr_hl_sample_0.cif,0.03889
/mnt/data/msadepth/compreps/seedrep_cand/protenix/8ulr_HL/d1746/seedfull_r28/results/8ulr_hl/seed_0/predictions/8ulr_hl_sample_0.cif,8ulr_HL,seedfull_r28,8ulr_hl_sample_0.cif,0.10871
/mnt/data/msadepth/compreps/seedrep_cand/protenix/8ulr_HL/d1746/seedfull_r29/results/8ulr_hl/seed_0/predictions/8ulr_hl_sample_2.cif,8ulr_HL,seedfull_r29,8ulr_hl_sample_2.cif,0.15172
/mnt/data/msadepth/compreps/seedrep_cand/protenix/8ulr_HL/d1746/seedfull_r29/results/8ulr_hl/seed_0/predictions/8ulr_hl_sample_3.cif,8ulr_HL,seedfull_r29,8ulr_hl_sample_3.cif,0.09053
/mnt/data/msadepth/compreps/seedrep_cand/protenix/8ulr_HL/d1746/seedfull_r27/results/8ulr_hl/seed_0/predictions/8ulr_hl_sample_2.cif,8ulr_HL,seedfull_r27,8ulr_hl_sample_2.cif,0.08056
/mnt/data/msadepth/compreps/seedrep_cand/protenix/8ulr_HL/d1746/seedfull_r28/results/8ulr_hl/seed_0/predictions/8ulr_hl_sample_2.cif,8ulr_HL,seedfull_r28,8ulr_hl_sample_2.cif,0.06839
/mnt/data/msadepth/compreps/seedrep_cand/protenix/8ulr_HL/d1746/seedfull_r27/results/8ulr_hl/seed_0/predictions/8ulr_hl_sample_1.cif,8ulr_HL,seedfull_r27,8ulr_hl_sample_1.cif,0.14415
/mnt/data/msadepth/compreps/seedrep_cand/protenix/8ulr_HL/d1746/seedfull_r27/results/8ulr_hl/seed_0/predictions/8ulr_hl_sample_4.cif,8ulr_HL,seedfull_r27,8ulr_hl_sample_4.cif,0.04518
/mnt/data/msadepth/compreps/seedrep_cand/protenix/8ulr_HL/d1746/seedfull_r29/results/8ulr_hl/seed_0/predictions/8ulr_hl_sample_0.cif,8ulr_HL,seedfull_r29,8ulr_hl_sample_0.cif,0.05526
/mnt/data/msadepth/compreps/seedrep_cand/protenix/8ulr_HL/d1746/seedfull_r27/results/8ulr_hl/seed_0/predictions/8ulr_hl_sample_0.cif,8ulr_HL,seedfull_r27,8ulr_hl_sample_0.cif,0.08087
/mnt/data/msadepth/compreps/seedrep_cand/protenix/8ulr_HL/d1746/seedfull_r3/results/8ulr_hl/seed_0/predictions/8ulr_hl_sample_1.cif,8ulr_HL,seedfull_r3,8ulr_hl_sample_1.cif,0.2771
/mnt/data/msadepth/compreps/seedrep_cand/protenix/8ulr_HL/d1746/seedfull_r29/results/8ulr_hl/seed_0/predictions/8ulr_hl_sample_1.cif,8ulr_HL,seedfull_r29,8ulr_hl_sample_1.cif,0.13803
/mnt/data/msadepth/compreps/seedrep_cand/protenix/8ulr_HL/d1746/seedfull_r28/results/8ulr_hl/seed_0/predictions/8ulr_hl_sample_3.cif,8ulr_HL,seedfull_r28,8ulr_hl_sample_3.cif,0.06644
/mnt/data/msadepth/compreps/seedrep_cand/protenix/8ulr_HL/d1746/seedfull_r27/results/8ulr_hl/seed_0/predictions/8ulr_hl_sample_3.cif,8ulr_HL,seedfull_r27,8ulr_hl_sample_3.cif,0.06496
/mnt/data/msadepth/compreps/seedrep_cand/protenix/8ulr_HL/d1746/seedfull_r28/results/8ulr_hl/seed_0/predictions/8ulr_hl_sample_4.cif,8ulr_HL,seedfull_r28,8ulr_hl_sample_4.cif,0.07502
/mnt/data/msadepth/compreps/seedrep_cand/protenix/8ulr_HL/d1746/seedfull_r3/results/8ulr_hl/seed_0/predictions/8ulr_hl_sample_2.cif,8ulr_HL,seedfull_r3,8ulr_hl_sample_2.cif,0.35497
/mnt/data/msadepth/compreps/seedrep_cand/protenix/8ulr_HL/d1746/seedfull_r3/results/8ulr_hl/seed_0/predictions/8ulr_hl_sample_4.cif,8ulr_HL,seedfull_r3,8ulr_hl_sample_4.cif,0.29788
/mnt/data/msadepth/compreps/seedrep_cand/protenix/8ulr_HL/d1746/seedfull_r28/results/8ulr_hl/seed_0/predictions/8ulr_hl_sample_1.cif,8ulr_HL,seedfull_r28,8ulr_hl_sample_1.cif,0.05514
/mnt/data/msadepth/compreps/seedrep_cand/protenix/8ulr_HL/d1746/seedfull_r3/results/8ulr_hl/seed_0/predictions/8ulr_hl_sample_3.cif,8ulr_HL,seedfull_r3,8ulr_hl_sample_3.cif,0.25099
/mnt/data/msadepth/compreps/seedrep_cand/protenix/8ulr_HL/d1746/seedfull_r3/results/8ulr_hl/seed_0/predictions/8ulr_hl_sample_0.cif,8ulr_HL,seedfull_r3,8ulr_hl_sample_0.cif,0.31794
/mnt/data/msadepth/compreps/seedrep_cand/protenix/8ulr_HL/d1746/seedfull_r29/results/8ulr_hl/seed_0/predictions/8ulr_hl_sample_4.cif,8ulr_HL,seedfull_r29,8ulr_hl_sample_4.cif,0.04657
/mnt/data/msadepth/compreps/seedrep_cand/protenix/8ulr_HL/d1746/seedfull_r7/results/8ulr_hl/seed_0/predictions/8ulr_hl_sample_4.cif,8ulr_HL,seedfull_r7,8ulr_hl_sample_4.cif,0.0792
/mnt/data/msadepth/compreps/seedrep_cand/protenix/8ulr_HL/d1746/seedfull_r6/results/8ulr_hl/seed_0/predictions/8ulr_hl_sample_4.cif,8ulr_HL,seedfull_r6,8ulr_hl_sample_4.cif,0.09097
/mnt/data/msadepth/compreps/seedrep_cand/protenix/8ulr_HL/d1746/seedfull_r4/results/8ulr_hl/seed_0/predictions/8ulr_hl_sample_1.cif,8ulr_HL,seedfull_r4,8ulr_hl_sample_1.cif,0.03869
/mnt/data/msadepth/compreps/seedrep_cand/protenix/8ulr_HL/d1746/seedfull_r4/results/8ulr_hl/seed_0/predictions/8ulr_hl_sample_4.cif,8ulr_HL,seedfull_r4,8ulr_hl_sample_4.cif,0.10168
/mnt/data/msadepth/compreps/seedrep_cand/protenix/8ulr_HL/d1746/seedfull_r6/results/8ulr_hl/seed_0/predictions/8ulr_hl_sample_0.cif,8ulr_HL,seedfull_r6,8ulr_hl_sample_0.cif,0.03551
/mnt/data/msadepth/compreps/seedrep_cand/protenix/8ulr_HL/d1746/seedfull_r6/results/8ulr_hl/seed_0/predictions/8ulr_hl_sample_3.cif,8ulr_HL,seedfull_r6,8ulr_hl_sample_3.cif,0.11143
/mnt/data/msadepth/compreps/seedrep_cand/protenix/8ulr_HL/d1746/seedfull_r5/results/8ulr_hl/seed_0/predictions/8ulr_hl_sample_0.cif,8ulr_HL,seedfull_r5,8ulr_hl_sample_0.cif,0.0489
/mnt/data/msadepth/compreps/seedrep_cand/protenix/8ulr_HL/d1746/seedfull_r6/results/8ulr_hl/seed_0/predictions/8ulr_hl_sample_1.cif,8ulr_HL,seedfull_r6,8ulr_hl_sample_1.cif,0.08365
/mnt/data/msadepth/compreps/seedrep_cand/protenix/8ulr_HL/d1746/seedfull_r6/results/8ulr_hl/seed_0/predictions/8ulr_hl_sample_2.cif,8ulr_HL,seedfull_r6,8ulr_hl_sample_2.cif,0.08698
/mnt/data/msadepth/compreps/seedrep_cand/protenix/8ulr_HL/d1746/seedfull_r7/results/8ulr_hl/seed_0/predictions/8ulr_hl_sample_2.cif,8ulr_HL,seedfull_r7,8ulr_hl_sample_2.cif,0.04858
/mnt/data/msadepth/compreps/seedrep_cand/protenix/8ulr_HL/d1746/seedfull_r5/results/8ulr_hl/seed_0/predictions/8ulr_hl_sample_4.cif,8ulr_HL,seedfull_r5,8ulr_hl_sample_4.cif,0.03278
/mnt/data/msadepth/compreps/seedrep_cand/protenix/8ulr_HL/d1746/seedfull_r5/results/8ulr_hl/seed_0/predictions/8ulr_hl_sample_1.cif,8ulr_HL,seedfull_r5,8ulr_hl_sample_1.cif,0.05587
/mnt/data/msadepth/compreps/seedrep_cand/protenix/8ulr_HL/d1746/seedfull_r4/results/8ulr_hl/seed_0/predictions/8ulr_hl_sample_2.cif,8ulr_HL,seedfull_r4,8ulr_hl_sample_2.cif,0.05813
/mnt/data/msadepth/compreps/seedrep_cand/protenix/8ulr_HL/d1746/seedfull_r7/results/8ulr_hl/seed_0/predictions/8ulr_hl_sample_3.cif,8ulr_HL,seedfull_r7,8ulr_hl_sample_3.cif,0.06367
/mnt/data/msadepth/compreps/seedrep_cand/protenix/8ulr_HL/d1746/seedfull_r7/results/8ulr_hl/seed_0/predictions/8ulr_hl_sample_0.cif,8ulr_HL,seedfull_r7,8ulr_hl_sample_0.cif,0.14611
/mnt/data/msadepth/compreps/seedrep_cand/protenix/8ulr_HL/d1746/seedfull_r7/results/8ulr_hl/seed_0/predictions/8ulr_hl_sample_1.cif,8ulr_HL,seedfull_r7,8ulr_hl_sample_1.cif,0.05454
/mnt/data/msadepth/compreps/seedrep_cand/protenix/8ulr_HL/d1746/seedfull_r4/results/8ulr_hl/seed_0/predictions/8ulr_hl_sample_3.cif,8ulr_HL,seedfull_r4,8ulr_hl_sample_3.cif,0.0696
/mnt/data/msadepth/compreps/seedrep_cand/protenix/8ulr_HL/d1746/seedfull_r5/results/8ulr_hl/seed_0/predictions/8ulr_hl_sample_2.cif,8ulr_HL,seedfull_r5,8ulr_hl_sample_2.cif,0.05411
/mnt/data/msadepth/compreps/seedrep_cand/protenix/8ulr_HL/d1746/seedfull_r5/results/8ulr_hl/seed_0/predictions/8ulr_hl_sample_3.cif,8ulr_HL,seedfull_r5,8ulr_hl_sample_3.cif,0.0781
/mnt/data/msadepth/compreps/seedrep_cand/protenix/8ulr_HL/d1746/seedfull_r4/results/8ulr_hl/seed_0/predictions/8ulr_hl_sample_0.cif,8ulr_HL,seedfull_r4,8ulr_hl_sample_0.cif,0.09856
/mnt/data/msadepth/compreps/seedrep_cand/protenix/8ulr_HL/d1746/seedfull_r9/results/8ulr_hl/seed_0/predictions/8ulr_hl_sample_0.cif,8ulr_HL,seedfull_r9,8ulr_hl_sample_0.cif,0.06759
/mnt/data/msadepth/compreps/seedrep_cand/protenix/8ulr_HL/d1746/seedfull_r8/results/8ulr_hl/seed_0/predictions/8ulr_hl_sample_4.cif,8ulr_HL,seedfull_r8,8ulr_hl_sample_4.cif,0.05784
/mnt/data/msadepth/compreps/seedrep_cand/protenix/8ulr_HL/d1746/seedfull_r9/results/8ulr_hl/seed_0/predictions/8ulr_hl_sample_3.cif,8ulr_HL,seedfull_r9,8ulr_hl_sample_3.cif,0.08321
/mnt/data/msadepth/compreps/seedrep_cand/protenix/8ulr_HL/d1746/seedfull_r9/results/8ulr_hl/seed_0/predictions/8ulr_hl_sample_1.cif,8ulr_HL,seedfull_r9,8ulr_hl_sample_1.cif,0.07532
/mnt/data/msadepth/compreps/seedrep_cand/protenix/8ulr_HL/d1746/seedfull_r8/results/8ulr_hl/seed_0/predictions/8ulr_hl_sample_2.cif,8ulr_HL,seedfull_r8,8ulr_hl_sample_2.cif,0.1536
/mnt/data/msadepth/compreps/seedrep_cand/protenix/8ulr_HL/d1746/seedfull_r8/results/8ulr_hl/seed_0/predictions/8ulr_hl_sample_3.cif,8ulr_HL,seedfull_r8,8ulr_hl_sample_3.cif,0.09804
/mnt/data/msadepth/compreps/seedrep_cand/protenix/8ulr_HL/d1746/seedfull_r9/results/8ulr_hl/seed_0/predictions/8ulr_hl_sample_2.cif,8ulr_HL,seedfull_r9,8ulr_hl_sample_2.cif,0.03937
/mnt/data/msadepth/compreps/seedrep_cand/protenix/8ulr_HL/d1746/seedfull_r9/results/8ulr_hl/seed_0/predictions/8ulr_hl_sample_4.cif,8ulr_HL,seedfull_r9,8ulr_hl_sample_4.cif,0.08814
/mnt/data/msadepth/compreps/seedrep_cand/protenix/8ulr_HL/d1746/seedfull_r8/results/8ulr_hl/seed_0/predictions/8ulr_hl_sample_1.cif,8ulr_HL,seedfull_r8,8ulr_hl_sample_1.cif,0.16049
/mnt/data/msadepth/compreps/seedrep_cand/protenix/8ulr_HL/d1746/seedfull_r8/results/8ulr_hl/seed_0/predictions/8ulr_hl_sample_0.cif,8ulr_HL,seedfull_r8,8ulr_hl_sample_0.cif,0.04394
/mnt/data/msadepth/compreps/seedrep_cand/protenix/8ume_HL/d653/seed0_r1/results/8ume_hl/seed_0/predictions/8ume_hl_sample_1.cif,8ume_HL,seed0_r1,8ume_hl_sample_1.cif,0.03562
/mnt/data/msadepth/compreps/seedrep_cand/protenix/8ume_HL/d653/seed0_r1/results/8ume_hl/seed_0/predictions/8ume_hl_sample_4.cif,8ume_HL,seed0_r1,8ume_hl_sample_4.cif,0.02985
/mnt/data/msadepth/compreps/seedrep_cand/protenix/8ume_HL/d653/seed0_r2/results/8ume_hl/seed_0/predictions/8ume_hl_sample_2.cif,8ume_HL,seed0_r2,8ume_hl_sample_2.cif,0.28576
/mnt/data/msadepth/compreps/seedrep_cand/protenix/8ume_HL/d653/seed0_r2/results/8ume_hl/seed_0/predictions/8ume_hl_sample_1.cif,8ume_HL,seed0_r2,8ume_hl_sample_1.cif,0.03398
/mnt/data/msadepth/compreps/seedrep_cand/protenix/8ume_HL/d653/seed0_r0/results/8ume_hl/seed_0/predictions/8ume_hl_sample_2.cif,8ume_HL,seed0_r0,8ume_hl_sample_2.cif,0.23403
/mnt/data/msadepth/compreps/seedrep_cand/protenix/8ume_HL/d653/seed0_r1/results/8ume_hl/seed_0/predictions/8ume_hl_sample_3.cif,8ume_HL,seed0_r1,8ume_hl_sample_3.cif,0.07928
/mnt/data/msadepth/compreps/seedrep_cand/protenix/8ume_HL/d653/seed0_r1/results/8ume_hl/seed_0/predictions/8ume_hl_sample_2.cif,8ume_HL,seed0_r1,8ume_hl_sample_2.cif,0.03709
/mnt/data/msadepth/compreps/seedrep_cand/protenix/8ume_HL/d653/seed0_r2/results/8ume_hl/seed_0/predictions/8ume_hl_sample_0.cif,8ume_HL,seed0_r2,8ume_hl_sample_0.cif,0.14039
/mnt/data/msadepth/compreps/seedrep_cand/protenix/8ume_HL/d653/seed0_r0/results/8ume_hl/seed_0/predictions/8ume_hl_sample_4.cif,8ume_HL,seed0_r0,8ume_hl_sample_4.cif,0.04513
/mnt/data/msadepth/compreps/seedrep_cand/protenix/8ume_HL/d653/seed0_r2/results/8ume_hl/seed_0/predictions/8ume_hl_sample_4.cif,8ume_HL,seed0_r2,8ume_hl_sample_4.cif,0.09605
/mnt/data/msadepth/compreps/seedrep_cand/protenix/8ume_HL/d653/seed0_r0/results/8ume_hl/seed_0/predictions/8ume_hl_sample_0.cif,8ume_HL,seed0_r0,8ume_hl_sample_0.cif,0.0356
/mnt/data/msadepth/compreps/seedrep_cand/protenix/8ume_HL/d653/seed0_r3/results/8ume_hl/seed_0/predictions/8ume_hl_sample_2.cif,8ume_HL,seed0_r3,8ume_hl_sample_2.cif,0.15435
/mnt/data/msadepth/compreps/seedrep_cand/protenix/8ume_HL/d653/seed0_r0/results/8ume_hl/seed_0/predictions/8ume_hl_sample_1.cif,8ume_HL,seed0_r0,8ume_hl_sample_1.cif,0.29905
/mnt/data/msadepth/compreps/seedrep_cand/protenix/8ume_HL/d653/seed0_r3/results/8ume_hl/seed_0/predictions/8ume_hl_sample_0.cif,8ume_HL,seed0_r3,8ume_hl_sample_0.cif,0.03006
/mnt/data/msadepth/compreps/seedrep_cand/protenix/8ume_HL/d653/seed0_r3/results/8ume_hl/seed_0/predictions/8ume_hl_sample_3.cif,8ume_HL,seed0_r3,8ume_hl_sample_3.cif,0.15516
/mnt/data/msadepth/compreps/seedrep_cand/protenix/8ume_HL/d653/seed0_r3/results/8ume_hl/seed_0/predictions/8ume_hl_sample_4.cif,8ume_HL,seed0_r3,8ume_hl_sample_4.cif,0.2093
/mnt/data/msadepth/compreps/seedrep_cand/protenix/8ume_HL/d653/seed0_r0/results/8ume_hl/seed_0/predictions/8ume_hl_sample_3.cif,8ume_HL,seed0_r0,8ume_hl_sample_3.cif,0.16477
/mnt/data/msadepth/compreps/seedrep_cand/protenix/8ume_HL/d653/seed0_r3/results/8ume_hl/seed_0/predictions/8ume_hl_sample_1.cif,8ume_HL,seed0_r3,8ume_hl_sample_1.cif,0.14331
/mnt/data/msadepth/compreps/seedrep_cand/protenix/8ume_HL/d653/seed0_r2/results/8ume_hl/seed_0/predictions/8ume_hl_sample_3.cif,8ume_HL,seed0_r2,8ume_hl_sample_3.cif,0.05853
/mnt/data/msadepth/compreps/seedrep_cand/protenix/8ume_HL/d653/seed0_r1/results/8ume_hl/seed_0/predictions/8ume_hl_sample_0.cif,8ume_HL,seed0_r1,8ume_hl_sample_0.cif,0.1066
/mnt/data/msadepth/compreps/seedrep_cand/protenix/8ume_HL/d653/seed1_r1/results/8ume_hl/seed_0/predictions/8ume_hl_sample_4.cif,8ume_HL,seed1_r1,8ume_hl_sample_4.cif,0.03958
/mnt/data/msadepth/compreps/seedrep_cand/protenix/8ume_HL/d653/seed1_r3/results/8ume_hl/seed_0/predictions/8ume_hl_sample_2.cif,8ume_HL,seed1_r3,8ume_hl_sample_2.cif,0.04595
/mnt/data/msadepth/compreps/seedrep_cand/protenix/8ume_HL/d653/seed1_r3/results/8ume_hl/seed_0/predictions/8ume_hl_sample_4.cif,8ume_HL,seed1_r3,8ume_hl_sample_4.cif,0.10224
/mnt/data/msadepth/compreps/seedrep_cand/protenix/8ume_HL/d653/seed1_r3/results/8ume_hl/seed_0/predictions/8ume_hl_sample_0.cif,8ume_HL,seed1_r3,8ume_hl_sample_0.cif,0.07117
/mnt/data/msadepth/compreps/seedrep_cand/protenix/8ume_HL/d653/seed1_r0/results/8ume_hl/seed_0/predictions/8ume_hl_sample_2.cif,8ume_HL,seed1_r0,8ume_hl_sample_2.cif,0.03734
/mnt/data/msadepth/compreps/seedrep_cand/protenix/8ume_HL/d653/seed1_r3/results/8ume_hl/seed_0/predictions/8ume_hl_sample_3.cif,8ume_HL,seed1_r3,8ume_hl_sample_3.cif,0.03616
/mnt/data/msadepth/compreps/seedrep_cand/protenix/8ume_HL/d653/seed1_r1/results/8ume_hl/seed_0/predictions/8ume_hl_sample_2.cif,8ume_HL,seed1_r1,8ume_hl_sample_2.cif,0.05135
/mnt/data/msadepth/compreps/seedrep_cand/protenix/8ume_HL/d653/seed1_r2/results/8ume_hl/seed_0/predictions/8ume_hl_sample_4.cif,8ume_HL,seed1_r2,8ume_hl_sample_4.cif,0.05836
/mnt/data/msadepth/compreps/seedrep_cand/protenix/8ume_HL/d653/seed1_r0/results/8ume_hl/seed_0/predictions/8ume_hl_sample_1.cif,8ume_HL,seed1_r0,8ume_hl_sample_1.cif,0.03091
/mnt/data/msadepth/compreps/seedrep_cand/protenix/8ume_HL/d653/seed1_r3/results/8ume_hl/seed_0/predictions/8ume_hl_sample_1.cif,8ume_HL,seed1_r3,8ume_hl_sample_1.cif,0.02472
/mnt/data/msadepth/compreps/seedrep_cand/protenix/8ume_HL/d653/seed1_r2/results/8ume_hl/seed_0/predictions/8ume_hl_sample_3.cif,8ume_HL,seed1_r2,8ume_hl_sample_3.cif,0.09427
/mnt/data/msadepth/compreps/seedrep_cand/protenix/8ume_HL/d653/seed1_r2/results/8ume_hl/seed_0/predictions/8ume_hl_sample_2.cif,8ume_HL,seed1_r2,8ume_hl_sample_2.cif,0.05472
/mnt/data/msadepth/compreps/seedrep_cand/protenix/8ume_HL/d653/seed1_r1/results/8ume_hl/seed_0/predictions/8ume_hl_sample_1.cif,8ume_HL,seed1_r1,8ume_hl_sample_1.cif,0.0787
/mnt/data/msadepth/compreps/seedrep_cand/protenix/8ume_HL/d653/seed1_r0/results/8ume_hl/seed_0/predictions/8ume_hl_sample_4.cif,8ume_HL,seed1_r0,8ume_hl_sample_4.cif,0.09903
/mnt/data/msadepth/compreps/seedrep_cand/protenix/8ume_HL/d653/seed1_r2/results/8ume_hl/seed_0/predictions/8ume_hl_sample_0.cif,8ume_HL,seed1_r2,8ume_hl_sample_0.cif,0.05108
/mnt/data/msadepth/compreps/seedrep_cand/protenix/8ume_HL/d653/seed1_r1/results/8ume_hl/seed_0/predictions/8ume_hl_sample_3.cif,8ume_HL,seed1_r1,8ume_hl_sample_3.cif,0.056
/mnt/data/msadepth/compreps/seedrep_cand/protenix/8ume_HL/d653/seed1_r0/results/8ume_hl/seed_0/predictions/8ume_hl_sample_3.cif,8ume_HL,seed1_r0,8ume_hl_sample_3.cif,0.15871
/mnt/data/msadepth/compreps/seedrep_cand/protenix/8ume_HL/d653/seed1_r2/results/8ume_hl/seed_0/predictions/8ume_hl_sample_1.cif,8ume_HL,seed1_r2,8ume_hl_sample_1.cif,0.11929
/mnt/data/msadepth/compreps/seedrep_cand/protenix/8ume_HL/d653/seed1_r1/results/8ume_hl/seed_0/predictions/8ume_hl_sample_0.cif,8ume_HL,seed1_r1,8ume_hl_sample_0.cif,0.15047
/mnt/data/msadepth/compreps/seedrep_cand/protenix/8ume_HL/d653/seed1_r0/results/8ume_hl/seed_0/predictions/8ume_hl_sample_0.cif,8ume_HL,seed1_r0,8ume_hl_sample_0.cif,0.03633
/mnt/data/msadepth/compreps/seedrep_cand/protenix/8ume_HL/d653/seed2_r2/results/8ume_hl/seed_0/predictions/8ume_hl_sample_2.cif,8ume_HL,seed2_r2,8ume_hl_sample_2.cif,0.12335
/mnt/data/msadepth/compreps/seedrep_cand/protenix/8ume_HL/d653/seed2_r0/results/8ume_hl/seed_0/predictions/8ume_hl_sample_1.cif,8ume_HL,seed2_r0,8ume_hl_sample_1.cif,0.03622
/mnt/data/msadepth/compreps/seedrep_cand/protenix/8ume_HL/d653/seed2_r1/results/8ume_hl/seed_0/predictions/8ume_hl_sample_1.cif,8ume_HL,seed2_r1,8ume_hl_sample_1.cif,0.18724
/mnt/data/msadepth/compreps/seedrep_cand/protenix/8ume_HL/d653/seed2_r1/results/8ume_hl/seed_0/predictions/8ume_hl_sample_4.cif,8ume_HL,seed2_r1,8ume_hl_sample_4.cif,0.03716
/mnt/data/msadepth/compreps/seedrep_cand/protenix/8ume_HL/d653/seed2_r2/results/8ume_hl/seed_0/predictions/8ume_hl_sample_3.cif,8ume_HL,seed2_r2,8ume_hl_sample_3.cif,0.04901
/mnt/data/msadepth/compreps/seedrep_cand/protenix/8ume_HL/d653/seed2_r0/results/8ume_hl/seed_0/predictions/8ume_hl_sample_2.cif,8ume_HL,seed2_r0,8ume_hl_sample_2.cif,0.16994
/mnt/data/msadepth/compreps/seedrep_cand/protenix/8ume_HL/d653/seed2_r3/results/8ume_hl/seed_0/predictions/8ume_hl_sample_2.cif,8ume_HL,seed2_r3,8ume_hl_sample_2.cif,0.21774
/mnt/data/msadepth/compreps/seedrep_cand/protenix/8ume_HL/d653/seed2_r3/results/8ume_hl/seed_0/predictions/8ume_hl_sample_1.cif,8ume_HL,seed2_r3,8ume_hl_sample_1.cif,0.02497
/mnt/data/msadepth/compreps/seedrep_cand/protenix/8ume_HL/d653/seed2_r3/results/8ume_hl/seed_0/predictions/8ume_hl_sample_3.cif,8ume_HL,seed2_r3,8ume_hl_sample_3.cif,0.20737
/mnt/data/msadepth/compreps/seedrep_cand/protenix/8ume_HL/d653/seed2_r1/results/8ume_hl/seed_0/predictions/8ume_hl_sample_2.cif,8ume_HL,seed2_r1,8ume_hl_sample_2.cif,0.05359
/mnt/data/msadepth/compreps/seedrep_cand/protenix/8ume_HL/d653/seed2_r2/results/8ume_hl/seed_0/predictions/8ume_hl_sample_1.cif,8ume_HL,seed2_r2,8ume_hl_sample_1.cif,0.25258
/mnt/data/msadepth/compreps/seedrep_cand/protenix/8ume_HL/d653/seed2_r2/results/8ume_hl/seed_0/predictions/8ume_hl_sample_0.cif,8ume_HL,seed2_r2,8ume_hl_sample_0.cif,0.04605
/mnt/data/msadepth/compreps/seedrep_cand/protenix/8ume_HL/d653/seed2_r1/results/8ume_hl/seed_0/predictions/8ume_hl_sample_0.cif,8ume_HL,seed2_r1,8ume_hl_sample_0.cif,0.04246
/mnt/data/msadepth/compreps/seedrep_cand/protenix/8ume_HL/d653/seed2_r3/results/8ume_hl/seed_0/predictions/8ume_hl_sample_0.cif,8ume_HL,seed2_r3,8ume_hl_sample_0.cif,0.15731
/mnt/data/msadepth/compreps/seedrep_cand/protenix/8ume_HL/d653/seed2_r0/results/8ume_hl/seed_0/predictions/8ume_hl_sample_3.cif,8ume_HL,seed2_r0,8ume_hl_sample_3.cif,0.03522
/mnt/data/msadepth/compreps/seedrep_cand/protenix/8ume_HL/d653/seed2_r3/results/8ume_hl/seed_0/predictions/8ume_hl_sample_4.cif,8ume_HL,seed2_r3,8ume_hl_sample_4.cif,0.13854
/mnt/data/msadepth/compreps/seedrep_cand/protenix/8ume_HL/d653/seed2_r0/results/8ume_hl/seed_0/predictions/8ume_hl_sample_0.cif,8ume_HL,seed2_r0,8ume_hl_sample_0.cif,0.22342
/mnt/data/msadepth/compreps/seedrep_cand/protenix/8ume_HL/d653/seed2_r1/results/8ume_hl/seed_0/predictions/8ume_hl_sample_3.cif,8ume_HL,seed2_r1,8ume_hl_sample_3.cif,0.19287
/mnt/data/msadepth/compreps/seedrep_cand/protenix/8ume_HL/d653/seed2_r2/results/8ume_hl/seed_0/predictions/8ume_hl_sample_4.cif,8ume_HL,seed2_r2,8ume_hl_sample_4.cif,0.11747
/mnt/data/msadepth/compreps/seedrep_cand/protenix/8ume_HL/d653/seed2_r0/results/8ume_hl/seed_0/predictions/8ume_hl_sample_4.cif,8ume_HL,seed2_r0,8ume_hl_sample_4.cif,0.02308
/mnt/data/msadepth/compreps/seedrep_cand/protenix/8ume_HL/d653/seed3_r1/results/8ume_hl/seed_0/predictions/8ume_hl_sample_4.cif,8ume_HL,seed3_r1,8ume_hl_sample_4.cif,0.20795
/mnt/data/msadepth/compreps/seedrep_cand/protenix/8ume_HL/d653/seed3_r3/results/8ume_hl/seed_0/predictions/8ume_hl_sample_4.cif,8ume_HL,seed3_r3,8ume_hl_sample_4.cif,0.03323
/mnt/data/msadepth/compreps/seedrep_cand/protenix/8ume_HL/d653/seed3_r0/results/8ume_hl/seed_0/predictions/8ume_hl_sample_0.cif,8ume_HL,seed3_r0,8ume_hl_sample_0.cif,0.24747
/mnt/data/msadepth/compreps/seedrep_cand/protenix/8ume_HL/d653/seed3_r3/results/8ume_hl/seed_0/predictions/8ume_hl_sample_2.cif,8ume_HL,seed3_r3,8ume_hl_sample_2.cif,0.19063
/mnt/data/msadepth/compreps/seedrep_cand/protenix/8ume_HL/d653/seed3_r2/results/8ume_hl/seed_0/predictions/8ume_hl_sample_3.cif,8ume_HL,seed3_r2,8ume_hl_sample_3.cif,0.03218
/mnt/data/msadepth/compreps/seedrep_cand/protenix/8ume_HL/d653/seed3_r2/results/8ume_hl/seed_0/predictions/8ume_hl_sample_4.cif,8ume_HL,seed3_r2,8ume_hl_sample_4.cif,0.02866
/mnt/data/msadepth/compreps/seedrep_cand/protenix/8ume_HL/d653/seed3_r0/results/8ume_hl/seed_0/predictions/8ume_hl_sample_3.cif,8ume_HL,seed3_r0,8ume_hl_sample_3.cif,0.0459
/mnt/data/msadepth/compreps/seedrep_cand/protenix/8ume_HL/d653/seed3_r2/results/8ume_hl/seed_0/predictions/8ume_hl_sample_0.cif,8ume_HL,seed3_r2,8ume_hl_sample_0.cif,0.30555
/mnt/data/msadepth/compreps/seedrep_cand/protenix/8ume_HL/d653/seed3_r1/results/8ume_hl/seed_0/predictions/8ume_hl_sample_3.cif,8ume_HL,seed3_r1,8ume_hl_sample_3.cif,0.1682
/mnt/data/msadepth/compreps/seedrep_cand/protenix/8ume_HL/d653/seed3_r0/results/8ume_hl/seed_0/predictions/8ume_hl_sample_1.cif,8ume_HL,seed3_r0,8ume_hl_sample_1.cif,0.24738
/mnt/data/msadepth/compreps/seedrep_cand/protenix/8ume_HL/d653/seed3_r2/results/8ume_hl/seed_0/predictions/8ume_hl_sample_2.cif,8ume_HL,seed3_r2,8ume_hl_sample_2.cif,0.17855
/mnt/data/msadepth/compreps/seedrep_cand/protenix/8ume_HL/d653/seed3_r0/results/8ume_hl/seed_0/predictions/8ume_hl_sample_4.cif,8ume_HL,seed3_r0,8ume_hl_sample_4.cif,0.02775
/mnt/data/msadepth/compreps/seedrep_cand/protenix/8ume_HL/d653/seed3_r3/results/8ume_hl/seed_0/predictions/8ume_hl_sample_3.cif,8ume_HL,seed3_r3,8ume_hl_sample_3.cif,0.11434
/mnt/data/msadepth/compreps/seedrep_cand/protenix/8ume_HL/d653/seed3_r1/results/8ume_hl/seed_0/predictions/8ume_hl_sample_2.cif,8ume_HL,seed3_r1,8ume_hl_sample_2.cif,0.20379
/mnt/data/msadepth/compreps/seedrep_cand/protenix/8ume_HL/d653/seed3_r3/results/8ume_hl/seed_0/predictions/8ume_hl_sample_1.cif,8ume_HL,seed3_r3,8ume_hl_sample_1.cif,0.05953
/mnt/data/msadepth/compreps/seedrep_cand/protenix/8ume_HL/d653/seed3_r2/results/8ume_hl/seed_0/predictions/8ume_hl_sample_1.cif,8ume_HL,seed3_r2,8ume_hl_sample_1.cif,0.08155
/mnt/data/msadepth/compreps/seedrep_cand/protenix/8ume_HL/d653/seed3_r1/results/8ume_hl/seed_0/predictions/8ume_hl_sample_1.cif,8ume_HL,seed3_r1,8ume_hl_sample_1.cif,0.25549
/mnt/data/msadepth/compreps/seedrep_cand/protenix/8ume_HL/d653/seed3_r0/results/8ume_hl/seed_0/predictions/8ume_hl_sample_2.cif,8ume_HL,seed3_r0,8ume_hl_sample_2.cif,0.32129
/mnt/data/msadepth/compreps/seedrep_cand/protenix/8ume_HL/d653/seed3_r3/results/8ume_hl/seed_0/predictions/8ume_hl_sample_0.cif,8ume_HL,seed3_r3,8ume_hl_sample_0.cif,0.03313
/mnt/data/msadepth/compreps/seedrep_cand/protenix/8ume_HL/d653/seed3_r1/results/8ume_hl/seed_0/predictions/8ume_hl_sample_0.cif,8ume_HL,seed3_r1,8ume_hl_sample_0.cif,0.28642
/mnt/data/msadepth/compreps/seedrep_cand/protenix/8ume_HL/d653/seed4_r2/results/8ume_hl/seed_0/predictions/8ume_hl_sample_4.cif,8ume_HL,seed4_r2,8ume_hl_sample_4.cif,0.0904
/mnt/data/msadepth/compreps/seedrep_cand/protenix/8ume_HL/d653/seed4_r3/results/8ume_hl/seed_0/predictions/8ume_hl_sample_1.cif,8ume_HL,seed4_r3,8ume_hl_sample_1.cif,0.06154
/mnt/data/msadepth/compreps/seedrep_cand/protenix/8ume_HL/d653/seed4_r2/results/8ume_hl/seed_0/predictions/8ume_hl_sample_2.cif,8ume_HL,seed4_r2,8ume_hl_sample_2.cif,0.08237
/mnt/data/msadepth/compreps/seedrep_cand/protenix/8ume_HL/d653/seed4_r1/results/8ume_hl/seed_0/predictions/8ume_hl_sample_0.cif,8ume_HL,seed4_r1,8ume_hl_sample_0.cif,0.20777
/mnt/data/msadepth/compreps/seedrep_cand/protenix/8ume_HL/d653/seed4_r0/results/8ume_hl/seed_0/predictions/8ume_hl_sample_0.cif,8ume_HL,seed4_r0,8ume_hl_sample_0.cif,0.09088
/mnt/data/msadepth/compreps/seedrep_cand/protenix/8ume_HL/d653/seed4_r1/results/8ume_hl/seed_0/predictions/8ume_hl_sample_1.cif,8ume_HL,seed4_r1,8ume_hl_sample_1.cif,0.11504
/mnt/data/msadepth/compreps/seedrep_cand/protenix/8ume_HL/d653/seed4_r3/results/8ume_hl/seed_0/predictions/8ume_hl_sample_3.cif,8ume_HL,seed4_r3,8ume_hl_sample_3.cif,0.0846
/mnt/data/msadepth/compreps/seedrep_cand/protenix/8ume_HL/d653/seed4_r1/results/8ume_hl/seed_0/predictions/8ume_hl_sample_3.cif,8ume_HL,seed4_r1,8ume_hl_sample_3.cif,0.11723
/mnt/data/msadepth/compreps/seedrep_cand/protenix/8ume_HL/d653/seed4_r3/results/8ume_hl/seed_0/predictions/8ume_hl_sample_4.cif,8ume_HL,seed4_r3,8ume_hl_sample_4.cif,0.10104
/mnt/data/msadepth/compreps/seedrep_cand/protenix/8ume_HL/d653/seed4_r0/results/8ume_hl/seed_0/predictions/8ume_hl_sample_3.cif,8ume_HL,seed4_r0,8ume_hl_sample_3.cif,0.02943
/mnt/data/msadepth/compreps/seedrep_cand/protenix/8ume_HL/d653/seed4_r2/results/8ume_hl/seed_0/predictions/8ume_hl_sample_3.cif,8ume_HL,seed4_r2,8ume_hl_sample_3.cif,0.12759
/mnt/data/msadepth/compreps/seedrep_cand/protenix/8ume_HL/d653/seed4_r0/results/8ume_hl/seed_0/predictions/8ume_hl_sample_1.cif,8ume_HL,seed4_r0,8ume_hl_sample_1.cif,0.0824
/mnt/data/msadepth/compreps/seedrep_cand/protenix/8ume_HL/d653/seed4_r1/results/8ume_hl/seed_0/predictions/8ume_hl_sample_2.cif,8ume_HL,seed4_r1,8ume_hl_sample_2.cif,0.26253
/mnt/data/msadepth/compreps/seedrep_cand/protenix/8ume_HL/d653/seed4_r2/results/8ume_hl/seed_0/predictions/8ume_hl_sample_1.cif,8ume_HL,seed4_r2,8ume_hl_sample_1.cif,0.03324
/mnt/data/msadepth/compreps/seedrep_cand/protenix/8ume_HL/d653/seed4_r2/results/8ume_hl/seed_0/predictions/8ume_hl_sample_0.cif,8ume_HL,seed4_r2,8ume_hl_sample_0.cif,0.03874
/mnt/data/msadepth/compreps/seedrep_cand/protenix/8ume_HL/d653/seed4_r0/results/8ume_hl/seed_0/predictions/8ume_hl_sample_2.cif,8ume_HL,seed4_r0,8ume_hl_sample_2.cif,0.02258
/mnt/data/msadepth/compreps/seedrep_cand/protenix/8ume_HL/d653/seed4_r3/results/8ume_hl/seed_0/predictions/8ume_hl_sample_2.cif,8ume_HL,seed4_r3,8ume_hl_sample_2.cif,0.10888
/mnt/data/msadepth/compreps/seedrep_cand/protenix/8ume_HL/d653/seed4_r0/results/8ume_hl/seed_0/predictions/8ume_hl_sample_4.cif,8ume_HL,seed4_r0,8ume_hl_sample_4.cif,0.04295
/mnt/data/msadepth/compreps/seedrep_cand/protenix/8ume_HL/d653/seed4_r3/results/8ume_hl/seed_0/predictions/8ume_hl_sample_0.cif,8ume_HL,seed4_r3,8ume_hl_sample_0.cif,0.08206
/mnt/data/msadepth/compreps/seedrep_cand/protenix/8ume_HL/d653/seed4_r1/results/8ume_hl/seed_0/predictions/8ume_hl_sample_4.cif,8ume_HL,seed4_r1,8ume_hl_sample_4.cif,0.1696
/mnt/data/msadepth/compreps/seedrep_cand/protenix/8ume_HL/d653/seed5_r1/results/8ume_hl/seed_0/predictions/8ume_hl_sample_0.cif,8ume_HL,seed5_r1,8ume_hl_sample_0.cif,0.13192
/mnt/data/msadepth/compreps/seedrep_cand/protenix/8ume_HL/d653/seed5_r2/results/8ume_hl/seed_0/predictions/8ume_hl_sample_2.cif,8ume_HL,seed5_r2,8ume_hl_sample_2.cif,0.15286
/mnt/data/msadepth/compreps/seedrep_cand/protenix/8ume_HL/d653/seed5_r2/results/8ume_hl/seed_0/predictions/8ume_hl_sample_4.cif,8ume_HL,seed5_r2,8ume_hl_sample_4.cif,0.03932
/mnt/data/msadepth/compreps/seedrep_cand/protenix/8ume_HL/d653/seed5_r1/results/8ume_hl/seed_0/predictions/8ume_hl_sample_2.cif,8ume_HL,seed5_r1,8ume_hl_sample_2.cif,0.09822
/mnt/data/msadepth/compreps/seedrep_cand/protenix/8ume_HL/d653/seed5_r1/results/8ume_hl/seed_0/predictions/8ume_hl_sample_4.cif,8ume_HL,seed5_r1,8ume_hl_sample_4.cif,0.07772
/mnt/data/msadepth/compreps/seedrep_cand/protenix/8ume_HL/d653/seed5_r1/results/8ume_hl/seed_0/predictions/8ume_hl_sample_1.cif,8ume_HL,seed5_r1,8ume_hl_sample_1.cif,0.10633
/mnt/data/msadepth/compreps/seedrep_cand/protenix/8ume_HL/d653/seed5_r0/results/8ume_hl/seed_0/predictions/8ume_hl_sample_2.cif,8ume_HL,seed5_r0,8ume_hl_sample_2.cif,0.10026
/mnt/data/msadepth/compreps/seedrep_cand/protenix/8ume_HL/d653/seed5_r2/results/8ume_hl/seed_0/predictions/8ume_hl_sample_3.cif,8ume_HL,seed5_r2,8ume_hl_sample_3.cif,0.13835
/mnt/data/msadepth/compreps/seedrep_cand/protenix/8ume_HL/d653/seed5_r0/results/8ume_hl/seed_0/predictions/8ume_hl_sample_4.cif,8ume_HL,seed5_r0,8ume_hl_sample_4.cif,0.15799
/mnt/data/msadepth/compreps/seedrep_cand/protenix/8ume_HL/d653/seed5_r0/results/8ume_hl/seed_0/predictions/8ume_hl_sample_1.cif,8ume_HL,seed5_r0,8ume_hl_sample_1.cif,0.0505
/mnt/data/msadepth/compreps/seedrep_cand/protenix/8ume_HL/d653/seed5_r0/results/8ume_hl/seed_0/predictions/8ume_hl_sample_0.cif,8ume_HL,seed5_r0,8ume_hl_sample_0.cif,0.07629
/mnt/data/msadepth/compreps/seedrep_cand/protenix/8ume_HL/d653/seed5_r3/results/8ume_hl/seed_0/predictions/8ume_hl_sample_3.cif,8ume_HL,seed5_r3,8ume_hl_sample_3.cif,0.08531
/mnt/data/msadepth/compreps/seedrep_cand/protenix/8ume_HL/d653/seed5_r2/results/8ume_hl/seed_0/predictions/8ume_hl_sample_0.cif,8ume_HL,seed5_r2,8ume_hl_sample_0.cif,0.09924
/mnt/data/msadepth/compreps/seedrep_cand/protenix/8ume_HL/d653/seed5_r2/results/8ume_hl/seed_0/predictions/8ume_hl_sample_1.cif,8ume_HL,seed5_r2,8ume_hl_sample_1.cif,0.12696
/mnt/data/msadepth/compreps/seedrep_cand/protenix/8ume_HL/d653/seed5_r3/results/8ume_hl/seed_0/predictions/8ume_hl_sample_1.cif,8ume_HL,seed5_r3,8ume_hl_sample_1.cif,0.18012
/mnt/data/msadepth/compreps/seedrep_cand/protenix/8ume_HL/d653/seed5_r3/results/8ume_hl/seed_0/predictions/8ume_hl_sample_0.cif,8ume_HL,seed5_r3,8ume_hl_sample_0.cif,0.07987
/mnt/data/msadepth/compreps/seedrep_cand/protenix/8ume_HL/d653/seed5_r0/results/8ume_hl/seed_0/predictions/8ume_hl_sample_3.cif,8ume_HL,seed5_r0,8ume_hl_sample_3.cif,0.03408
/mnt/data/msadepth/compreps/seedrep_cand/protenix/8ume_HL/d653/seed5_r1/results/8ume_hl/seed_0/predictions/8ume_hl_sample_3.cif,8ume_HL,seed5_r1,8ume_hl_sample_3.cif,0.07238
/mnt/data/msadepth/compreps/seedrep_cand/protenix/8ume_HL/d653/seed5_r3/results/8ume_hl/seed_0/predictions/8ume_hl_sample_4.cif,8ume_HL,seed5_r3,8ume_hl_sample_4.cif,0.08855
/mnt/data/msadepth/compreps/seedrep_cand/protenix/8ume_HL/d653/seed5_r3/results/8ume_hl/seed_0/predictions/8ume_hl_sample_2.cif,8ume_HL,seed5_r3,8ume_hl_sample_2.cif,0.06578
/mnt/data/msadepth/compreps/seedrep_cand/protenix/8ume_HL/d653/seedfull_r1/results/8ume_hl/seed_0/predictions/8ume_hl_sample_3.cif,8ume_HL,seedfull_r1,8ume_hl_sample_3.cif,0.03351
/mnt/data/msadepth/compreps/seedrep_cand/protenix/8ume_HL/d653/seedfull_r2/results/8ume_hl/seed_0/predictions/8ume_hl_sample_1.cif,8ume_HL,seedfull_r2,8ume_hl_sample_1.cif,0.09311
/mnt/data/msadepth/compreps/seedrep_cand/protenix/8ume_HL/d653/seedfull_r3/results/8ume_hl/seed_0/predictions/8ume_hl_sample_2.cif,8ume_HL,seedfull_r3,8ume_hl_sample_2.cif,0.03939
/mnt/data/msadepth/compreps/seedrep_cand/protenix/8ume_HL/d653/seedfull_r2/results/8ume_hl/seed_0/predictions/8ume_hl_sample_3.cif,8ume_HL,seedfull_r2,8ume_hl_sample_3.cif,0.08234
/mnt/data/msadepth/compreps/seedrep_cand/protenix/8ume_HL/d653/seedfull_r1/results/8ume_hl/seed_0/predictions/8ume_hl_sample_0.cif,8ume_HL,seedfull_r1,8ume_hl_sample_0.cif,0.26562
/mnt/data/msadepth/compreps/seedrep_cand/protenix/8ume_HL/d653/seedfull_r0/results/8ume_hl/seed_0/predictions/8ume_hl_sample_4.cif,8ume_HL,seedfull_r0,8ume_hl_sample_4.cif,0.05224
/mnt/data/msadepth/compreps/seedrep_cand/protenix/8ume_HL/d653/seedfull_r3/results/8ume_hl/seed_0/predictions/8ume_hl_sample_1.cif,8ume_HL,seedfull_r3,8ume_hl_sample_1.cif,0.04486
/mnt/data/msadepth/compreps/seedrep_cand/protenix/8ume_HL/d653/seedfull_r2/results/8ume_hl/seed_0/predictions/8ume_hl_sample_4.cif,8ume_HL,seedfull_r2,8ume_hl_sample_4.cif,0.0553
/mnt/data/msadepth/compreps/seedrep_cand/protenix/8ume_HL/d653/seedfull_r1/results/8ume_hl/seed_0/predictions/8ume_hl_sample_4.cif,8ume_HL,seedfull_r1,8ume_hl_sample_4.cif,0.03125
/mnt/data/msadepth/compreps/seedrep_cand/protenix/8ume_HL/d653/seedfull_r1/results/8ume_hl/seed_0/predictions/8ume_hl_sample_1.cif,8ume_HL,seedfull_r1,8ume_hl_sample_1.cif,0.18459
/mnt/data/msadepth/compreps/seedrep_cand/protenix/8ume_HL/d653/seedfull_r3/results/8ume_hl/seed_0/predictions/8ume_hl_sample_3.cif,8ume_HL,seedfull_r3,8ume_hl_sample_3.cif,0.03615
/mnt/data/msadepth/compreps/seedrep_cand/protenix/8ume_HL/d653/seedfull_r2/results/8ume_hl/seed_0/predictions/8ume_hl_sample_2.cif,8ume_HL,seedfull_r2,8ume_hl_sample_2.cif,0.1424
/mnt/data/msadepth/compreps/seedrep_cand/protenix/8ume_HL/d653/seedfull_r2/results/8ume_hl/seed_0/predictions/8ume_hl_sample_0.cif,8ume_HL,seedfull_r2,8ume_hl_sample_0.cif,0.03735
/mnt/data/msadepth/compreps/seedrep_cand/protenix/8ume_HL/d653/seedfull_r3/results/8ume_hl/seed_0/predictions/8ume_hl_sample_4.cif,8ume_HL,seedfull_r3,8ume_hl_sample_4.cif,0.1929
/mnt/data/msadepth/compreps/seedrep_cand/protenix/8ume_HL/d653/seedfull_r3/results/8ume_hl/seed_0/predictions/8ume_hl_sample_0.cif,8ume_HL,seedfull_r3,8ume_hl_sample_0.cif,0.03453
/mnt/data/msadepth/compreps/seedrep_cand/protenix/8ume_HL/d653/seedfull_r1/results/8ume_hl/seed_0/predictions/8ume_hl_sample_2.cif,8ume_HL,seedfull_r1,8ume_hl_sample_2.cif,0.04427
/mnt/data/msadepth/compreps/seedrep_cand/protenix/8ume_HL/d653/seedfull_r0/results/8ume_hl/seed_0/predictions/8ume_hl_sample_2.cif,8ume_HL,seedfull_r0,8ume_hl_sample_2.cif,0.06433
/mnt/data/msadepth/compreps/seedrep_cand/protenix/8ume_HL/d653/seedfull_r0/results/8ume_hl/seed_0/predictions/8ume_hl_sample_1.cif,8ume_HL,seedfull_r0,8ume_hl_sample_1.cif,0.08199
/mnt/data/msadepth/compreps/seedrep_cand/protenix/8ume_HL/d653/seedfull_r0/results/8ume_hl/seed_0/predictions/8ume_hl_sample_0.cif,8ume_HL,seedfull_r0,8ume_hl_sample_0.cif,0.05889
/mnt/data/msadepth/compreps/seedrep_cand/protenix/8ume_HL/d653/seedfull_r0/results/8ume_hl/seed_0/predictions/8ume_hl_sample_3.cif,8ume_HL,seedfull_r0,8ume_hl_sample_3.cif,0.16415
/mnt/data/msadepth/compreps/seedrep_cand/protenix/8ume_HL/d653/seedfull_r6/results/8ume_hl/seed_0/predictions/8ume_hl_sample_2.cif,8ume_HL,seedfull_r6,8ume_hl_sample_2.cif,0.04139
/mnt/data/msadepth/compreps/seedrep_cand/protenix/8ume_HL/d653/seedfull_r4/results/8ume_hl/seed_0/predictions/8ume_hl_sample_0.cif,8ume_HL,seedfull_r4,8ume_hl_sample_0.cif,0.11997
/mnt/data/msadepth/compreps/seedrep_cand/protenix/8ume_HL/d653/seedfull_r5/results/8ume_hl/seed_0/predictions/8ume_hl_sample_2.cif,8ume_HL,seedfull_r5,8ume_hl_sample_2.cif,0.08097
/mnt/data/msadepth/compreps/seedrep_cand/protenix/8ume_HL/d653/seedfull_r4/results/8ume_hl/seed_0/predictions/8ume_hl_sample_2.cif,8ume_HL,seedfull_r4,8ume_hl_sample_2.cif,0.11348
/mnt/data/msadepth/compreps/seedrep_cand/protenix/8ume_HL/d653/seedfull_r6/results/8ume_hl/seed_0/predictions/8ume_hl_sample_4.cif,8ume_HL,seedfull_r6,8ume_hl_sample_4.cif,0.19207
/mnt/data/msadepth/compreps/seedrep_cand/protenix/8ume_HL/d653/seedfull_r7/results/8ume_hl/seed_0/predictions/8ume_hl_sample_4.cif,8ume_HL,seedfull_r7,8ume_hl_sample_4.cif,0.04368
/mnt/data/msadepth/compreps/seedrep_cand/protenix/8ume_HL/d653/seedfull_r5/results/8ume_hl/seed_0/predictions/8ume_hl_sample_0.cif,8ume_HL,seedfull_r5,8ume_hl_sample_0.cif,0.18867
/mnt/data/msadepth/compreps/seedrep_cand/protenix/8ume_HL/d653/seedfull_r5/results/8ume_hl/seed_0/predictions/8ume_hl_sample_1.cif,8ume_HL,seedfull_r5,8ume_hl_sample_1.cif,0.10506
/mnt/data/msadepth/compreps/seedrep_cand/protenix/8ume_HL/d653/seedfull_r4/results/8ume_hl/seed_0/predictions/8ume_hl_sample_3.cif,8ume_HL,seedfull_r4,8ume_hl_sample_3.cif,0.04295
/mnt/data/msadepth/compreps/seedrep_cand/protenix/8ume_HL/d653/seedfull_r5/results/8ume_hl/seed_0/predictions/8ume_hl_sample_3.cif,8ume_HL,seedfull_r5,8ume_hl_sample_3.cif,0.02446
/mnt/data/msadepth/compreps/seedrep_cand/protenix/8ume_HL/d653/seedfull_r7/results/8ume_hl/seed_0/predictions/8ume_hl_sample_0.cif,8ume_HL,seedfull_r7,8ume_hl_sample_0.cif,0.04784
/mnt/data/msadepth/compreps/seedrep_cand/protenix/8ume_HL/d653/seedfull_r6/results/8ume_hl/seed_0/predictions/8ume_hl_sample_1.cif,8ume_HL,seedfull_r6,8ume_hl_sample_1.cif,0.02913
/mnt/data/msadepth/compreps/seedrep_cand/protenix/8ume_HL/d653/seedfull_r4/results/8ume_hl/seed_0/predictions/8ume_hl_sample_1.cif,8ume_HL,seedfull_r4,8ume_hl_sample_1.cif,0.04491
/mnt/data/msadepth/compreps/seedrep_cand/protenix/8ume_HL/d653/seedfull_r5/results/8ume_hl/seed_0/predictions/8ume_hl_sample_4.cif,8ume_HL,seedfull_r5,8ume_hl_sample_4.cif,0.0636
/mnt/data/msadepth/compreps/seedrep_cand/protenix/8ume_HL/d653/seedfull_r7/results/8ume_hl/seed_0/predictions/8ume_hl_sample_1.cif,8ume_HL,seedfull_r7,8ume_hl_sample_1.cif,0.05153
/mnt/data/msadepth/compreps/seedrep_cand/protenix/8ume_HL/d653/seedfull_r4/results/8ume_hl/seed_0/predictions/8ume_hl_sample_4.cif,8ume_HL,seedfull_r4,8ume_hl_sample_4.cif,0.03168
/mnt/data/msadepth/compreps/seedrep_cand/protenix/8ume_HL/d653/seedfull_r7/results/8ume_hl/seed_0/predictions/8ume_hl_sample_3.cif,8ume_HL,seedfull_r7,8ume_hl_sample_3.cif,0.02509
/mnt/data/msadepth/compreps/seedrep_cand/protenix/8ume_HL/d653/seedfull_r6/results/8ume_hl/seed_0/predictions/8ume_hl_sample_0.cif,8ume_HL,seedfull_r6,8ume_hl_sample_0.cif,0.20419
/mnt/data/msadepth/compreps/seedrep_cand/protenix/8ume_HL/d653/seedfull_r6/results/8ume_hl/seed_0/predictions/8ume_hl_sample_3.cif,8ume_HL,seedfull_r6,8ume_hl_sample_3.cif,0.07079
/mnt/data/msadepth/compreps/seedrep_cand/protenix/8ume_HL/d653/seedfull_r7/results/8ume_hl/seed_0/predictions/8ume_hl_sample_2.cif,8ume_HL,seedfull_r7,8ume_hl_sample_2.cif,0.02009
/mnt/data/msadepth/compreps/seedrep_cand/protenix/8xsi_HL/d8894/seed0_r1/results/8xsi_hl/seed_0/predictions/8xsi_hl_sample_1.cif,8xsi_HL,seed0_r1,8xsi_hl_sample_1.cif,0.11017
/mnt/data/msadepth/compreps/seedrep_cand/protenix/8xsi_HL/d8894/seed0_r1/results/8xsi_hl/seed_0/predictions/8xsi_hl_sample_4.cif,8xsi_HL,seed0_r1,8xsi_hl_sample_4.cif,0.27374
/mnt/data/msadepth/compreps/seedrep_cand/protenix/8xsi_HL/d8894/seed0_r2/results/8xsi_hl/seed_0/predictions/8xsi_hl_sample_2.cif,8xsi_HL,seed0_r2,8xsi_hl_sample_2.cif,0.22841
/mnt/data/msadepth/compreps/seedrep_cand/protenix/8xsi_HL/d8894/seed0_r2/results/8xsi_hl/seed_0/predictions/8xsi_hl_sample_1.cif,8xsi_HL,seed0_r2,8xsi_hl_sample_1.cif,0.25341
/mnt/data/msadepth/compreps/seedrep_cand/protenix/8xsi_HL/d8894/seed0_r0/results/8xsi_hl/seed_0/predictions/8xsi_hl_sample_2.cif,8xsi_HL,seed0_r0,8xsi_hl_sample_2.cif,0.09017
/mnt/data/msadepth/compreps/seedrep_cand/protenix/8xsi_HL/d8894/seed0_r1/results/8xsi_hl/seed_0/predictions/8xsi_hl_sample_3.cif,8xsi_HL,seed0_r1,8xsi_hl_sample_3.cif,0.03821
/mnt/data/msadepth/compreps/seedrep_cand/protenix/8xsi_HL/d8894/seed0_r1/results/8xsi_hl/seed_0/predictions/8xsi_hl_sample_2.cif,8xsi_HL,seed0_r1,8xsi_hl_sample_2.cif,0.16681
/mnt/data/msadepth/compreps/seedrep_cand/protenix/8xsi_HL/d8894/seed0_r2/results/8xsi_hl/seed_0/predictions/8xsi_hl_sample_0.cif,8xsi_HL,seed0_r2,8xsi_hl_sample_0.cif,0.09952
/mnt/data/msadepth/compreps/seedrep_cand/protenix/8xsi_HL/d8894/seed0_r0/results/8xsi_hl/seed_0/predictions/8xsi_hl_sample_4.cif,8xsi_HL,seed0_r0,8xsi_hl_sample_4.cif,0.11001
/mnt/data/msadepth/compreps/seedrep_cand/protenix/8xsi_HL/d8894/seed0_r2/results/8xsi_hl/seed_0/predictions/8xsi_hl_sample_4.cif,8xsi_HL,seed0_r2,8xsi_hl_sample_4.cif,0.16213
/mnt/data/msadepth/compreps/seedrep_cand/protenix/8xsi_HL/d8894/seed0_r0/results/8xsi_hl/seed_0/predictions/8xsi_hl_sample_0.cif,8xsi_HL,seed0_r0,8xsi_hl_sample_0.cif,0.17486
/mnt/data/msadepth/compreps/seedrep_cand/protenix/8xsi_HL/d8894/seed0_r3/results/8xsi_hl/seed_0/predictions/8xsi_hl_sample_2.cif,8xsi_HL,seed0_r3,8xsi_hl_sample_2.cif,0.07602
/mnt/data/msadepth/compreps/seedrep_cand/protenix/8xsi_HL/d8894/seed0_r0/results/8xsi_hl/seed_0/predictions/8xsi_hl_sample_1.cif,8xsi_HL,seed0_r0,8xsi_hl_sample_1.cif,0.06996
/mnt/data/msadepth/compreps/seedrep_cand/protenix/8xsi_HL/d8894/seed0_r3/results/8xsi_hl/seed_0/predictions/8xsi_hl_sample_0.cif,8xsi_HL,seed0_r3,8xsi_hl_sample_0.cif,0.24552
/mnt/data/msadepth/compreps/seedrep_cand/protenix/8xsi_HL/d8894/seed0_r3/results/8xsi_hl/seed_0/predictions/8xsi_hl_sample_3.cif,8xsi_HL,seed0_r3,8xsi_hl_sample_3.cif,0.03229
/mnt/data/msadepth/compreps/seedrep_cand/protenix/8xsi_HL/d8894/seed0_r3/results/8xsi_hl/seed_0/predictions/8xsi_hl_sample_4.cif,8xsi_HL,seed0_r3,8xsi_hl_sample_4.cif,0.15654
/mnt/data/msadepth/compreps/seedrep_cand/protenix/8xsi_HL/d8894/seed0_r0/results/8xsi_hl/seed_0/predictions/8xsi_hl_sample_3.cif,8xsi_HL,seed0_r0,8xsi_hl_sample_3.cif,0.14932
/mnt/data/msadepth/compreps/seedrep_cand/protenix/8xsi_HL/d8894/seed0_r3/results/8xsi_hl/seed_0/predictions/8xsi_hl_sample_1.cif,8xsi_HL,seed0_r3,8xsi_hl_sample_1.cif,0.39782
/mnt/data/msadepth/compreps/seedrep_cand/protenix/8xsi_HL/d8894/seed0_r2/results/8xsi_hl/seed_0/predictions/8xsi_hl_sample_3.cif,8xsi_HL,seed0_r2,8xsi_hl_sample_3.cif,0.06681
/mnt/data/msadepth/compreps/seedrep_cand/protenix/8xsi_HL/d8894/seed0_r1/results/8xsi_hl/seed_0/predictions/8xsi_hl_sample_0.cif,8xsi_HL,seed0_r1,8xsi_hl_sample_0.cif,0.23095
/mnt/data/msadepth/compreps/seedrep_cand/protenix/8xsi_HL/d8894/seed1_r1/results/8xsi_hl/seed_0/predictions/8xsi_hl_sample_4.cif,8xsi_HL,seed1_r1,8xsi_hl_sample_4.cif,0.04744
/mnt/data/msadepth/compreps/seedrep_cand/protenix/8xsi_HL/d8894/seed1_r3/results/8xsi_hl/seed_0/predictions/8xsi_hl_sample_2.cif,8xsi_HL,seed1_r3,8xsi_hl_sample_2.cif,0.23185
/mnt/data/msadepth/compreps/seedrep_cand/protenix/8xsi_HL/d8894/seed1_r3/results/8xsi_hl/seed_0/predictions/8xsi_hl_sample_4.cif,8xsi_HL,seed1_r3,8xsi_hl_sample_4.cif,0.16851
/mnt/data/msadepth/compreps/seedrep_cand/protenix/8xsi_HL/d8894/seed1_r3/results/8xsi_hl/seed_0/predictions/8xsi_hl_sample_0.cif,8xsi_HL,seed1_r3,8xsi_hl_sample_0.cif,0.23879
/mnt/data/msadepth/compreps/seedrep_cand/protenix/8xsi_HL/d8894/seed1_r0/results/8xsi_hl/seed_0/predictions/8xsi_hl_sample_2.cif,8xsi_HL,seed1_r0,8xsi_hl_sample_2.cif,0.23662
/mnt/data/msadepth/compreps/seedrep_cand/protenix/8xsi_HL/d8894/seed1_r3/results/8xsi_hl/seed_0/predictions/8xsi_hl_sample_3.cif,8xsi_HL,seed1_r3,8xsi_hl_sample_3.cif,0.19997
/mnt/data/msadepth/compreps/seedrep_cand/protenix/8xsi_HL/d8894/seed1_r1/results/8xsi_hl/seed_0/predictions/8xsi_hl_sample_2.cif,8xsi_HL,seed1_r1,8xsi_hl_sample_2.cif,0.15879
/mnt/data/msadepth/compreps/seedrep_cand/protenix/8xsi_HL/d8894/seed1_r2/results/8xsi_hl/seed_0/predictions/8xsi_hl_sample_4.cif,8xsi_HL,seed1_r2,8xsi_hl_sample_4.cif,0.03322
/mnt/data/msadepth/compreps/seedrep_cand/protenix/8xsi_HL/d8894/seed1_r0/results/8xsi_hl/seed_0/predictions/8xsi_hl_sample_1.cif,8xsi_HL,seed1_r0,8xsi_hl_sample_1.cif,0.36002
/mnt/data/msadepth/compreps/seedrep_cand/protenix/8xsi_HL/d8894/seed1_r3/results/8xsi_hl/seed_0/predictions/8xsi_hl_sample_1.cif,8xsi_HL,seed1_r3,8xsi_hl_sample_1.cif,0.2994
/mnt/data/msadepth/compreps/seedrep_cand/protenix/8xsi_HL/d8894/seed1_r2/results/8xsi_hl/seed_0/predictions/8xsi_hl_sample_3.cif,8xsi_HL,seed1_r2,8xsi_hl_sample_3.cif,0.11657
/mnt/data/msadepth/compreps/seedrep_cand/protenix/8xsi_HL/d8894/seed1_r2/results/8xsi_hl/seed_0/predictions/8xsi_hl_sample_2.cif,8xsi_HL,seed1_r2,8xsi_hl_sample_2.cif,0.04053
/mnt/data/msadepth/compreps/seedrep_cand/protenix/8xsi_HL/d8894/seed1_r1/results/8xsi_hl/seed_0/predictions/8xsi_hl_sample_1.cif,8xsi_HL,seed1_r1,8xsi_hl_sample_1.cif,0.17192
/mnt/data/msadepth/compreps/seedrep_cand/protenix/8xsi_HL/d8894/seed1_r0/results/8xsi_hl/seed_0/predictions/8xsi_hl_sample_4.cif,8xsi_HL,seed1_r0,8xsi_hl_sample_4.cif,0.18299
/mnt/data/msadepth/compreps/seedrep_cand/protenix/8xsi_HL/d8894/seed1_r2/results/8xsi_hl/seed_0/predictions/8xsi_hl_sample_0.cif,8xsi_HL,seed1_r2,8xsi_hl_sample_0.cif,0.26138
/mnt/data/msadepth/compreps/seedrep_cand/protenix/8xsi_HL/d8894/seed1_r1/results/8xsi_hl/seed_0/predictions/8xsi_hl_sample_3.cif,8xsi_HL,seed1_r1,8xsi_hl_sample_3.cif,0.0526
/mnt/data/msadepth/compreps/seedrep_cand/protenix/8xsi_HL/d8894/seed1_r0/results/8xsi_hl/seed_0/predictions/8xsi_hl_sample_3.cif,8xsi_HL,seed1_r0,8xsi_hl_sample_3.cif,0.09364
/mnt/data/msadepth/compreps/seedrep_cand/protenix/8xsi_HL/d8894/seed1_r2/results/8xsi_hl/seed_0/predictions/8xsi_hl_sample_1.cif,8xsi_HL,seed1_r2,8xsi_hl_sample_1.cif,0.26144
/mnt/data/msadepth/compreps/seedrep_cand/protenix/8xsi_HL/d8894/seed1_r1/results/8xsi_hl/seed_0/predictions/8xsi_hl_sample_0.cif,8xsi_HL,seed1_r1,8xsi_hl_sample_0.cif,0.16893
/mnt/data/msadepth/compreps/seedrep_cand/protenix/8xsi_HL/d8894/seed1_r0/results/8xsi_hl/seed_0/predictions/8xsi_hl_sample_0.cif,8xsi_HL,seed1_r0,8xsi_hl_sample_0.cif,0.2662
/mnt/data/msadepth/compreps/seedrep_cand/protenix/8xsi_HL/d8894/seed2_r2/results/8xsi_hl/seed_0/predictions/8xsi_hl_sample_2.cif,8xsi_HL,seed2_r2,8xsi_hl_sample_2.cif,0.21892
/mnt/data/msadepth/compreps/seedrep_cand/protenix/8xsi_HL/d8894/seed2_r0/results/8xsi_hl/seed_0/predictions/8xsi_hl_sample_1.cif,8xsi_HL,seed2_r0,8xsi_hl_sample_1.cif,0.12029
/mnt/data/msadepth/compreps/seedrep_cand/protenix/8xsi_HL/d8894/seed2_r1/results/8xsi_hl/seed_0/predictions/8xsi_hl_sample_1.cif,8xsi_HL,seed2_r1,8xsi_hl_sample_1.cif,0.09973
/mnt/data/msadepth/compreps/seedrep_cand/protenix/8xsi_HL/d8894/seed2_r1/results/8xsi_hl/seed_0/predictions/8xsi_hl_sample_4.cif,8xsi_HL,seed2_r1,8xsi_hl_sample_4.cif,0.24858
/mnt/data/msadepth/compreps/seedrep_cand/protenix/8xsi_HL/d8894/seed2_r2/results/8xsi_hl/seed_0/predictions/8xsi_hl_sample_3.cif,8xsi_HL,seed2_r2,8xsi_hl_sample_3.cif,0.09306
/mnt/data/msadepth/compreps/seedrep_cand/protenix/8xsi_HL/d8894/seed2_r0/results/8xsi_hl/seed_0/predictions/8xsi_hl_sample_2.cif,8xsi_HL,seed2_r0,8xsi_hl_sample_2.cif,0.21473
/mnt/data/msadepth/compreps/seedrep_cand/protenix/8xsi_HL/d8894/seed2_r3/results/8xsi_hl/seed_0/predictions/8xsi_hl_sample_2.cif,8xsi_HL,seed2_r3,8xsi_hl_sample_2.cif,0.21613
/mnt/data/msadepth/compreps/seedrep_cand/protenix/8xsi_HL/d8894/seed2_r3/results/8xsi_hl/seed_0/predictions/8xsi_hl_sample_1.cif,8xsi_HL,seed2_r3,8xsi_hl_sample_1.cif,0.04659
/mnt/data/msadepth/compreps/seedrep_cand/protenix/8xsi_HL/d8894/seed2_r3/results/8xsi_hl/seed_0/predictions/8xsi_hl_sample_3.cif,8xsi_HL,seed2_r3,8xsi_hl_sample_3.cif,0.12457
/mnt/data/msadepth/compreps/seedrep_cand/protenix/8xsi_HL/d8894/seed2_r1/results/8xsi_hl/seed_0/predictions/8xsi_hl_sample_2.cif,8xsi_HL,seed2_r1,8xsi_hl_sample_2.cif,0.12647
/mnt/data/msadepth/compreps/seedrep_cand/protenix/8xsi_HL/d8894/seed2_r2/results/8xsi_hl/seed_0/predictions/8xsi_hl_sample_1.cif,8xsi_HL,seed2_r2,8xsi_hl_sample_1.cif,0.05284
/mnt/data/msadepth/compreps/seedrep_cand/protenix/8xsi_HL/d8894/seed2_r2/results/8xsi_hl/seed_0/predictions/8xsi_hl_sample_0.cif,8xsi_HL,seed2_r2,8xsi_hl_sample_0.cif,0.21783
/mnt/data/msadepth/compreps/seedrep_cand/protenix/8xsi_HL/d8894/seed2_r1/results/8xsi_hl/seed_0/predictions/8xsi_hl_sample_0.cif,8xsi_HL,seed2_r1,8xsi_hl_sample_0.cif,0.19356
/mnt/data/msadepth/compreps/seedrep_cand/protenix/8xsi_HL/d8894/seed2_r3/results/8xsi_hl/seed_0/predictions/8xsi_hl_sample_0.cif,8xsi_HL,seed2_r3,8xsi_hl_sample_0.cif,0.12225
/mnt/data/msadepth/compreps/seedrep_cand/protenix/8xsi_HL/d8894/seed2_r0/results/8xsi_hl/seed_0/predictions/8xsi_hl_sample_3.cif,8xsi_HL,seed2_r0,8xsi_hl_sample_3.cif,0.11908
/mnt/data/msadepth/compreps/seedrep_cand/protenix/8xsi_HL/d8894/seed2_r3/results/8xsi_hl/seed_0/predictions/8xsi_hl_sample_4.cif,8xsi_HL,seed2_r3,8xsi_hl_sample_4.cif,0.14457
/mnt/data/msadepth/compreps/seedrep_cand/protenix/8xsi_HL/d8894/seed2_r0/results/8xsi_hl/seed_0/predictions/8xsi_hl_sample_0.cif,8xsi_HL,seed2_r0,8xsi_hl_sample_0.cif,0.11799
/mnt/data/msadepth/compreps/seedrep_cand/protenix/8xsi_HL/d8894/seed2_r1/results/8xsi_hl/seed_0/predictions/8xsi_hl_sample_3.cif,8xsi_HL,seed2_r1,8xsi_hl_sample_3.cif,0.22571
/mnt/data/msadepth/compreps/seedrep_cand/protenix/8xsi_HL/d8894/seed2_r2/results/8xsi_hl/seed_0/predictions/8xsi_hl_sample_4.cif,8xsi_HL,seed2_r2,8xsi_hl_sample_4.cif,0.05713
/mnt/data/msadepth/compreps/seedrep_cand/protenix/8xsi_HL/d8894/seed2_r0/results/8xsi_hl/seed_0/predictions/8xsi_hl_sample_4.cif,8xsi_HL,seed2_r0,8xsi_hl_sample_4.cif,0.09416
/mnt/data/msadepth/compreps/seedrep_cand/protenix/8xsi_HL/d8894/seed3_r1/results/8xsi_hl/seed_0/predictions/8xsi_hl_sample_4.cif,8xsi_HL,seed3_r1,8xsi_hl_sample_4.cif,0.23255
/mnt/data/msadepth/compreps/seedrep_cand/protenix/8xsi_HL/d8894/seed3_r3/results/8xsi_hl/seed_0/predictions/8xsi_hl_sample_4.cif,8xsi_HL,seed3_r3,8xsi_hl_sample_4.cif,0.1984
/mnt/data/msadepth/compreps/seedrep_cand/protenix/8xsi_HL/d8894/seed3_r0/results/8xsi_hl/seed_0/predictions/8xsi_hl_sample_0.cif,8xsi_HL,seed3_r0,8xsi_hl_sample_0.cif,0.24979
/mnt/data/msadepth/compreps/seedrep_cand/protenix/8xsi_HL/d8894/seed3_r3/results/8xsi_hl/seed_0/predictions/8xsi_hl_sample_2.cif,8xsi_HL,seed3_r3,8xsi_hl_sample_2.cif,0.10595
/mnt/data/msadepth/compreps/seedrep_cand/protenix/8xsi_HL/d8894/seed3_r2/results/8xsi_hl/seed_0/predictions/8xsi_hl_sample_3.cif,8xsi_HL,seed3_r2,8xsi_hl_sample_3.cif,0.20246
/mnt/data/msadepth/compreps/seedrep_cand/protenix/8xsi_HL/d8894/seed3_r2/results/8xsi_hl/seed_0/predictions/8xsi_hl_sample_4.cif,8xsi_HL,seed3_r2,8xsi_hl_sample_4.cif,0.03732
/mnt/data/msadepth/compreps/seedrep_cand/protenix/8xsi_HL/d8894/seed3_r0/results/8xsi_hl/seed_0/predictions/8xsi_hl_sample_3.cif,8xsi_HL,seed3_r0,8xsi_hl_sample_3.cif,0.08496
/mnt/data/msadepth/compreps/seedrep_cand/protenix/8xsi_HL/d8894/seed3_r2/results/8xsi_hl/seed_0/predictions/8xsi_hl_sample_0.cif,8xsi_HL,seed3_r2,8xsi_hl_sample_0.cif,0.09203
/mnt/data/msadepth/compreps/seedrep_cand/protenix/8xsi_HL/d8894/seed3_r1/results/8xsi_hl/seed_0/predictions/8xsi_hl_sample_3.cif,8xsi_HL,seed3_r1,8xsi_hl_sample_3.cif,0.24526
/mnt/data/msadepth/compreps/seedrep_cand/protenix/8xsi_HL/d8894/seed3_r0/results/8xsi_hl/seed_0/predictions/8xsi_hl_sample_1.cif,8xsi_HL,seed3_r0,8xsi_hl_sample_1.cif,0.06479
/mnt/data/msadepth/compreps/seedrep_cand/protenix/8xsi_HL/d8894/seed3_r2/results/8xsi_hl/seed_0/predictions/8xsi_hl_sample_2.cif,8xsi_HL,seed3_r2,8xsi_hl_sample_2.cif,0.10316
/mnt/data/msadepth/compreps/seedrep_cand/protenix/8xsi_HL/d8894/seed3_r0/results/8xsi_hl/seed_0/predictions/8xsi_hl_sample_4.cif,8xsi_HL,seed3_r0,8xsi_hl_sample_4.cif,0.08706
/mnt/data/msadepth/compreps/seedrep_cand/protenix/8xsi_HL/d8894/seed3_r3/results/8xsi_hl/seed_0/predictions/8xsi_hl_sample_3.cif,8xsi_HL,seed3_r3,8xsi_hl_sample_3.cif,0.16595
/mnt/data/msadepth/compreps/seedrep_cand/protenix/8xsi_HL/d8894/seed3_r1/results/8xsi_hl/seed_0/predictions/8xsi_hl_sample_2.cif,8xsi_HL,seed3_r1,8xsi_hl_sample_2.cif,0.18833
/mnt/data/msadepth/compreps/seedrep_cand/protenix/8xsi_HL/d8894/seed3_r3/results/8xsi_hl/seed_0/predictions/8xsi_hl_sample_1.cif,8xsi_HL,seed3_r3,8xsi_hl_sample_1.cif,0.2132
/mnt/data/msadepth/compreps/seedrep_cand/protenix/8xsi_HL/d8894/seed3_r2/results/8xsi_hl/seed_0/predictions/8xsi_hl_sample_1.cif,8xsi_HL,seed3_r2,8xsi_hl_sample_1.cif,0.06158
/mnt/data/msadepth/compreps/seedrep_cand/protenix/8xsi_HL/d8894/seed3_r1/results/8xsi_hl/seed_0/predictions/8xsi_hl_sample_1.cif,8xsi_HL,seed3_r1,8xsi_hl_sample_1.cif,0.07733
/mnt/data/msadepth/compreps/seedrep_cand/protenix/8xsi_HL/d8894/seed3_r0/results/8xsi_hl/seed_0/predictions/8xsi_hl_sample_2.cif,8xsi_HL,seed3_r0,8xsi_hl_sample_2.cif,0.09133
/mnt/data/msadepth/compreps/seedrep_cand/protenix/8xsi_HL/d8894/seed3_r3/results/8xsi_hl/seed_0/predictions/8xsi_hl_sample_0.cif,8xsi_HL,seed3_r3,8xsi_hl_sample_0.cif,0.12831
/mnt/data/msadepth/compreps/seedrep_cand/protenix/8xsi_HL/d8894/seed3_r1/results/8xsi_hl/seed_0/predictions/8xsi_hl_sample_0.cif,8xsi_HL,seed3_r1,8xsi_hl_sample_0.cif,0.21186
/mnt/data/msadepth/compreps/seedrep_cand/protenix/8xsi_HL/d8894/seed4_r2/results/8xsi_hl/seed_0/predictions/8xsi_hl_sample_4.cif,8xsi_HL,seed4_r2,8xsi_hl_sample_4.cif,0.10639
/mnt/data/msadepth/compreps/seedrep_cand/protenix/8xsi_HL/d8894/seed4_r3/results/8xsi_hl/seed_0/predictions/8xsi_hl_sample_1.cif,8xsi_HL,seed4_r3,8xsi_hl_sample_1.cif,0.23164
/mnt/data/msadepth/compreps/seedrep_cand/protenix/8xsi_HL/d8894/seed4_r2/results/8xsi_hl/seed_0/predictions/8xsi_hl_sample_2.cif,8xsi_HL,seed4_r2,8xsi_hl_sample_2.cif,0.15255
/mnt/data/msadepth/compreps/seedrep_cand/protenix/8xsi_HL/d8894/seed4_r1/results/8xsi_hl/seed_0/predictions/8xsi_hl_sample_0.cif,8xsi_HL,seed4_r1,8xsi_hl_sample_0.cif,0.08048
/mnt/data/msadepth/compreps/seedrep_cand/protenix/8xsi_HL/d8894/seed4_r0/results/8xsi_hl/seed_0/predictions/8xsi_hl_sample_0.cif,8xsi_HL,seed4_r0,8xsi_hl_sample_0.cif,0.04194
/mnt/data/msadepth/compreps/seedrep_cand/protenix/8xsi_HL/d8894/seed4_r1/results/8xsi_hl/seed_0/predictions/8xsi_hl_sample_1.cif,8xsi_HL,seed4_r1,8xsi_hl_sample_1.cif,0.12731
/mnt/data/msadepth/compreps/seedrep_cand/protenix/8xsi_HL/d8894/seed4_r3/results/8xsi_hl/seed_0/predictions/8xsi_hl_sample_3.cif,8xsi_HL,seed4_r3,8xsi_hl_sample_3.cif,0.056
/mnt/data/msadepth/compreps/seedrep_cand/protenix/8xsi_HL/d8894/seed4_r1/results/8xsi_hl/seed_0/predictions/8xsi_hl_sample_3.cif,8xsi_HL,seed4_r1,8xsi_hl_sample_3.cif,0.0848
/mnt/data/msadepth/compreps/seedrep_cand/protenix/8xsi_HL/d8894/seed4_r3/results/8xsi_hl/seed_0/predictions/8xsi_hl_sample_4.cif,8xsi_HL,seed4_r3,8xsi_hl_sample_4.cif,0.16416
/mnt/data/msadepth/compreps/seedrep_cand/protenix/8xsi_HL/d8894/seed4_r0/results/8xsi_hl/seed_0/predictions/8xsi_hl_sample_3.cif,8xsi_HL,seed4_r0,8xsi_hl_sample_3.cif,0.03582
/mnt/data/msadepth/compreps/seedrep_cand/protenix/8xsi_HL/d8894/seed4_r2/results/8xsi_hl/seed_0/predictions/8xsi_hl_sample_3.cif,8xsi_HL,seed4_r2,8xsi_hl_sample_3.cif,0.07831
/mnt/data/msadepth/compreps/seedrep_cand/protenix/8xsi_HL/d8894/seed4_r0/results/8xsi_hl/seed_0/predictions/8xsi_hl_sample_1.cif,8xsi_HL,seed4_r0,8xsi_hl_sample_1.cif,0.03759
/mnt/data/msadepth/compreps/seedrep_cand/protenix/8xsi_HL/d8894/seed4_r1/results/8xsi_hl/seed_0/predictions/8xsi_hl_sample_2.cif,8xsi_HL,seed4_r1,8xsi_hl_sample_2.cif,0.15829
/mnt/data/msadepth/compreps/seedrep_cand/protenix/8xsi_HL/d8894/seed4_r2/results/8xsi_hl/seed_0/predictions/8xsi_hl_sample_1.cif,8xsi_HL,seed4_r2,8xsi_hl_sample_1.cif,0.11632
/mnt/data/msadepth/compreps/seedrep_cand/protenix/8xsi_HL/d8894/seed4_r2/results/8xsi_hl/seed_0/predictions/8xsi_hl_sample_0.cif,8xsi_HL,seed4_r2,8xsi_hl_sample_0.cif,0.16894
/mnt/data/msadepth/compreps/seedrep_cand/protenix/8xsi_HL/d8894/seed4_r0/results/8xsi_hl/seed_0/predictions/8xsi_hl_sample_2.cif,8xsi_HL,seed4_r0,8xsi_hl_sample_2.cif,0.0504
/mnt/data/msadepth/compreps/seedrep_cand/protenix/8xsi_HL/d8894/seed4_r3/results/8xsi_hl/seed_0/predictions/8xsi_hl_sample_2.cif,8xsi_HL,seed4_r3,8xsi_hl_sample_2.cif,0.19032
/mnt/data/msadepth/compreps/seedrep_cand/protenix/8xsi_HL/d8894/seed4_r0/results/8xsi_hl/seed_0/predictions/8xsi_hl_sample_4.cif,8xsi_HL,seed4_r0,8xsi_hl_sample_4.cif,0.31383
/mnt/data/msadepth/compreps/seedrep_cand/protenix/8xsi_HL/d8894/seed4_r3/results/8xsi_hl/seed_0/predictions/8xsi_hl_sample_0.cif,8xsi_HL,seed4_r3,8xsi_hl_sample_0.cif,0.09594
/mnt/data/msadepth/compreps/seedrep_cand/protenix/8xsi_HL/d8894/seed4_r1/results/8xsi_hl/seed_0/predictions/8xsi_hl_sample_4.cif,8xsi_HL,seed4_r1,8xsi_hl_sample_4.cif,0.33315
/mnt/data/msadepth/compreps/seedrep_cand/protenix/8xsi_HL/d8894/seed5_r1/results/8xsi_hl/seed_0/predictions/8xsi_hl_sample_0.cif,8xsi_HL,seed5_r1,8xsi_hl_sample_0.cif,0.17992
/mnt/data/msadepth/compreps/seedrep_cand/protenix/8xsi_HL/d8894/seed5_r2/results/8xsi_hl/seed_0/predictions/8xsi_hl_sample_2.cif,8xsi_HL,seed5_r2,8xsi_hl_sample_2.cif,0.05667
/mnt/data/msadepth/compreps/seedrep_cand/protenix/8xsi_HL/d8894/seed5_r2/results/8xsi_hl/seed_0/predictions/8xsi_hl_sample_4.cif,8xsi_HL,seed5_r2,8xsi_hl_sample_4.cif,0.10039
/mnt/data/msadepth/compreps/seedrep_cand/protenix/8xsi_HL/d8894/seed5_r1/results/8xsi_hl/seed_0/predictions/8xsi_hl_sample_2.cif,8xsi_HL,seed5_r1,8xsi_hl_sample_2.cif,0.30716
/mnt/data/msadepth/compreps/seedrep_cand/protenix/8xsi_HL/d8894/seed5_r1/results/8xsi_hl/seed_0/predictions/8xsi_hl_sample_4.cif,8xsi_HL,seed5_r1,8xsi_hl_sample_4.cif,0.16238
/mnt/data/msadepth/compreps/seedrep_cand/protenix/8xsi_HL/d8894/seed5_r1/results/8xsi_hl/seed_0/predictions/8xsi_hl_sample_1.cif,8xsi_HL,seed5_r1,8xsi_hl_sample_1.cif,0.28165
/mnt/data/msadepth/compreps/seedrep_cand/protenix/8xsi_HL/d8894/seed5_r0/results/8xsi_hl/seed_0/predictions/8xsi_hl_sample_2.cif,8xsi_HL,seed5_r0,8xsi_hl_sample_2.cif,0.12186
/mnt/data/msadepth/compreps/seedrep_cand/protenix/8xsi_HL/d8894/seed5_r2/results/8xsi_hl/seed_0/predictions/8xsi_hl_sample_3.cif,8xsi_HL,seed5_r2,8xsi_hl_sample_3.cif,0.06915
/mnt/data/msadepth/compreps/seedrep_cand/protenix/8xsi_HL/d8894/seed5_r0/results/8xsi_hl/seed_0/predictions/8xsi_hl_sample_4.cif,8xsi_HL,seed5_r0,8xsi_hl_sample_4.cif,0.09592
/mnt/data/msadepth/compreps/seedrep_cand/protenix/8xsi_HL/d8894/seed5_r0/results/8xsi_hl/seed_0/predictions/8xsi_hl_sample_1.cif,8xsi_HL,seed5_r0,8xsi_hl_sample_1.cif,0.21257
/mnt/data/msadepth/compreps/seedrep_cand/protenix/8xsi_HL/d8894/seed5_r0/results/8xsi_hl/seed_0/predictions/8xsi_hl_sample_0.cif,8xsi_HL,seed5_r0,8xsi_hl_sample_0.cif,0.0893
/mnt/data/msadepth/compreps/seedrep_cand/protenix/8xsi_HL/d8894/seed5_r3/results/8xsi_hl/seed_0/predictions/8xsi_hl_sample_3.cif,8xsi_HL,seed5_r3,8xsi_hl_sample_3.cif,0.12442
/mnt/data/msadepth/compreps/seedrep_cand/protenix/8xsi_HL/d8894/seed5_r2/results/8xsi_hl/seed_0/predictions/8xsi_hl_sample_0.cif,8xsi_HL,seed5_r2,8xsi_hl_sample_0.cif,0.04806
/mnt/data/msadepth/compreps/seedrep_cand/protenix/8xsi_HL/d8894/seed5_r2/results/8xsi_hl/seed_0/predictions/8xsi_hl_sample_1.cif,8xsi_HL,seed5_r2,8xsi_hl_sample_1.cif,0.04443
/mnt/data/msadepth/compreps/seedrep_cand/protenix/8xsi_HL/d8894/seed5_r3/results/8xsi_hl/seed_0/predictions/8xsi_hl_sample_1.cif,8xsi_HL,seed5_r3,8xsi_hl_sample_1.cif,0.15322
/mnt/data/msadepth/compreps/seedrep_cand/protenix/8xsi_HL/d8894/seed5_r3/results/8xsi_hl/seed_0/predictions/8xsi_hl_sample_0.cif,8xsi_HL,seed5_r3,8xsi_hl_sample_0.cif,0.12064
/mnt/data/msadepth/compreps/seedrep_cand/protenix/8xsi_HL/d8894/seed5_r0/results/8xsi_hl/seed_0/predictions/8xsi_hl_sample_3.cif,8xsi_HL,seed5_r0,8xsi_hl_sample_3.cif,0.10044
/mnt/data/msadepth/compreps/seedrep_cand/protenix/8xsi_HL/d8894/seed5_r1/results/8xsi_hl/seed_0/predictions/8xsi_hl_sample_3.cif,8xsi_HL,seed5_r1,8xsi_hl_sample_3.cif,0.18067
/mnt/data/msadepth/compreps/seedrep_cand/protenix/8xsi_HL/d8894/seed5_r3/results/8xsi_hl/seed_0/predictions/8xsi_hl_sample_4.cif,8xsi_HL,seed5_r3,8xsi_hl_sample_4.cif,0.11089
/mnt/data/msadepth/compreps/seedrep_cand/protenix/8xsi_HL/d8894/seed5_r3/results/8xsi_hl/seed_0/predictions/8xsi_hl_sample_2.cif,8xsi_HL,seed5_r3,8xsi_hl_sample_2.cif,0.12838
/mnt/data/msadepth/compreps/seedrep_cand/protenix/8xsi_HL/d8894/seedfull_r1/results/8xsi_hl/seed_0/predictions/8xsi_hl_sample_3.cif,8xsi_HL,seedfull_r1,8xsi_hl_sample_3.cif,0.18864
/mnt/data/msadepth/compreps/seedrep_cand/protenix/8xsi_HL/d8894/seedfull_r2/results/8xsi_hl/seed_0/predictions/8xsi_hl_sample_1.cif,8xsi_HL,seedfull_r2,8xsi_hl_sample_1.cif,0.23075
/mnt/data/msadepth/compreps/seedrep_cand/protenix/8xsi_HL/d8894/seedfull_r3/results/8xsi_hl/seed_0/predictions/8xsi_hl_sample_2.cif,8xsi_HL,seedfull_r3,8xsi_hl_sample_2.cif,0.22865
/mnt/data/msadepth/compreps/seedrep_cand/protenix/8xsi_HL/d8894/seedfull_r2/results/8xsi_hl/seed_0/predictions/8xsi_hl_sample_3.cif,8xsi_HL,seedfull_r2,8xsi_hl_sample_3.cif,0.2751
/mnt/data/msadepth/compreps/seedrep_cand/protenix/8xsi_HL/d8894/seedfull_r1/results/8xsi_hl/seed_0/predictions/8xsi_hl_sample_0.cif,8xsi_HL,seedfull_r1,8xsi_hl_sample_0.cif,0.10576
/mnt/data/msadepth/compreps/seedrep_cand/protenix/8xsi_HL/d8894/seedfull_r0/results/8xsi_hl/seed_0/predictions/8xsi_hl_sample_4.cif,8xsi_HL,seedfull_r0,8xsi_hl_sample_4.cif,0.14521
/mnt/data/msadepth/compreps/seedrep_cand/protenix/8xsi_HL/d8894/seedfull_r3/results/8xsi_hl/seed_0/predictions/8xsi_hl_sample_1.cif,8xsi_HL,seedfull_r3,8xsi_hl_sample_1.cif,0.1684
/mnt/data/msadepth/compreps/seedrep_cand/protenix/8xsi_HL/d8894/seedfull_r2/results/8xsi_hl/seed_0/predictions/8xsi_hl_sample_4.cif,8xsi_HL,seedfull_r2,8xsi_hl_sample_4.cif,0.31652
/mnt/data/msadepth/compreps/seedrep_cand/protenix/8xsi_HL/d8894/seedfull_r1/results/8xsi_hl/seed_0/predictions/8xsi_hl_sample_4.cif,8xsi_HL,seedfull_r1,8xsi_hl_sample_4.cif,0.15789
/mnt/data/msadepth/compreps/seedrep_cand/protenix/8xsi_HL/d8894/seedfull_r1/results/8xsi_hl/seed_0/predictions/8xsi_hl_sample_1.cif,8xsi_HL,seedfull_r1,8xsi_hl_sample_1.cif,0.17528
/mnt/data/msadepth/compreps/seedrep_cand/protenix/8xsi_HL/d8894/seedfull_r3/results/8xsi_hl/seed_0/predictions/8xsi_hl_sample_3.cif,8xsi_HL,seedfull_r3,8xsi_hl_sample_3.cif,0.21177
/mnt/data/msadepth/compreps/seedrep_cand/protenix/8xsi_HL/d8894/seedfull_r2/results/8xsi_hl/seed_0/predictions/8xsi_hl_sample_2.cif,8xsi_HL,seedfull_r2,8xsi_hl_sample_2.cif,0.16471
/mnt/data/msadepth/compreps/seedrep_cand/protenix/8xsi_HL/d8894/seedfull_r2/results/8xsi_hl/seed_0/predictions/8xsi_hl_sample_0.cif,8xsi_HL,seedfull_r2,8xsi_hl_sample_0.cif,0.25161
/mnt/data/msadepth/compreps/seedrep_cand/protenix/8xsi_HL/d8894/seedfull_r3/results/8xsi_hl/seed_0/predictions/8xsi_hl_sample_4.cif,8xsi_HL,seedfull_r3,8xsi_hl_sample_4.cif,0.13036
/mnt/data/msadepth/compreps/seedrep_cand/protenix/8xsi_HL/d8894/seedfull_r3/results/8xsi_hl/seed_0/predictions/8xsi_hl_sample_0.cif,8xsi_HL,seedfull_r3,8xsi_hl_sample_0.cif,0.14105
/mnt/data/msadepth/compreps/seedrep_cand/protenix/8xsi_HL/d8894/seedfull_r1/results/8xsi_hl/seed_0/predictions/8xsi_hl_sample_2.cif,8xsi_HL,seedfull_r1,8xsi_hl_sample_2.cif,0.16241
/mnt/data/msadepth/compreps/seedrep_cand/protenix/8xsi_HL/d8894/seedfull_r0/results/8xsi_hl/seed_0/predictions/8xsi_hl_sample_2.cif,8xsi_HL,seedfull_r0,8xsi_hl_sample_2.cif,0.17817
/mnt/data/msadepth/compreps/seedrep_cand/protenix/8xsi_HL/d8894/seedfull_r0/results/8xsi_hl/seed_0/predictions/8xsi_hl_sample_1.cif,8xsi_HL,seedfull_r0,8xsi_hl_sample_1.cif,0.0786
/mnt/data/msadepth/compreps/seedrep_cand/protenix/8xsi_HL/d8894/seedfull_r0/results/8xsi_hl/seed_0/predictions/8xsi_hl_sample_0.cif,8xsi_HL,seedfull_r0,8xsi_hl_sample_0.cif,0.26672
/mnt/data/msadepth/compreps/seedrep_cand/protenix/8xsi_HL/d8894/seedfull_r0/results/8xsi_hl/seed_0/predictions/8xsi_hl_sample_3.cif,8xsi_HL,seedfull_r0,8xsi_hl_sample_3.cif,0.13721
/mnt/data/msadepth/compreps/seedrep_cand/protenix/8xsi_HL/d8894/seedfull_r6/results/8xsi_hl/seed_0/predictions/8xsi_hl_sample_2.cif,8xsi_HL,seedfull_r6,8xsi_hl_sample_2.cif,0.10465
/mnt/data/msadepth/compreps/seedrep_cand/protenix/8xsi_HL/d8894/seedfull_r4/results/8xsi_hl/seed_0/predictions/8xsi_hl_sample_0.cif,8xsi_HL,seedfull_r4,8xsi_hl_sample_0.cif,0.14381
/mnt/data/msadepth/compreps/seedrep_cand/protenix/8xsi_HL/d8894/seedfull_r5/results/8xsi_hl/seed_0/predictions/8xsi_hl_sample_2.cif,8xsi_HL,seedfull_r5,8xsi_hl_sample_2.cif,0.10403
/mnt/data/msadepth/compreps/seedrep_cand/protenix/8xsi_HL/d8894/seedfull_r4/results/8xsi_hl/seed_0/predictions/8xsi_hl_sample_2.cif,8xsi_HL,seedfull_r4,8xsi_hl_sample_2.cif,0.30475
/mnt/data/msadepth/compreps/seedrep_cand/protenix/8xsi_HL/d8894/seedfull_r6/results/8xsi_hl/seed_0/predictions/8xsi_hl_sample_4.cif,8xsi_HL,seedfull_r6,8xsi_hl_sample_4.cif,0.25448
/mnt/data/msadepth/compreps/seedrep_cand/protenix/8xsi_HL/d8894/seedfull_r7/results/8xsi_hl/seed_0/predictions/8xsi_hl_sample_4.cif,8xsi_HL,seedfull_r7,8xsi_hl_sample_4.cif,0.21805
/mnt/data/msadepth/compreps/seedrep_cand/protenix/8xsi_HL/d8894/seedfull_r5/results/8xsi_hl/seed_0/predictions/8xsi_hl_sample_0.cif,8xsi_HL,seedfull_r5,8xsi_hl_sample_0.cif,0.16102
/mnt/data/msadepth/compreps/seedrep_cand/protenix/8xsi_HL/d8894/seedfull_r5/results/8xsi_hl/seed_0/predictions/8xsi_hl_sample_1.cif,8xsi_HL,seedfull_r5,8xsi_hl_sample_1.cif,0.13304
/mnt/data/msadepth/compreps/seedrep_cand/protenix/8xsi_HL/d8894/seedfull_r4/results/8xsi_hl/seed_0/predictions/8xsi_hl_sample_3.cif,8xsi_HL,seedfull_r4,8xsi_hl_sample_3.cif,0.08729
/mnt/data/msadepth/compreps/seedrep_cand/protenix/8xsi_HL/d8894/seedfull_r5/results/8xsi_hl/seed_0/predictions/8xsi_hl_sample_3.cif,8xsi_HL,seedfull_r5,8xsi_hl_sample_3.cif,0.13157
/mnt/data/msadepth/compreps/seedrep_cand/protenix/8xsi_HL/d8894/seedfull_r7/results/8xsi_hl/seed_0/predictions/8xsi_hl_sample_0.cif,8xsi_HL,seedfull_r7,8xsi_hl_sample_0.cif,0.19943
/mnt/data/msadepth/compreps/seedrep_cand/protenix/8xsi_HL/d8894/seedfull_r6/results/8xsi_hl/seed_0/predictions/8xsi_hl_sample_1.cif,8xsi_HL,seedfull_r6,8xsi_hl_sample_1.cif,0.25052
/mnt/data/msadepth/compreps/seedrep_cand/protenix/8xsi_HL/d8894/seedfull_r4/results/8xsi_hl/seed_0/predictions/8xsi_hl_sample_1.cif,8xsi_HL,seedfull_r4,8xsi_hl_sample_1.cif,0.11185
/mnt/data/msadepth/compreps/seedrep_cand/protenix/8xsi_HL/d8894/seedfull_r5/results/8xsi_hl/seed_0/predictions/8xsi_hl_sample_4.cif,8xsi_HL,seedfull_r5,8xsi_hl_sample_4.cif,0.29365
/mnt/data/msadepth/compreps/seedrep_cand/protenix/8xsi_HL/d8894/seedfull_r7/results/8xsi_hl/seed_0/predictions/8xsi_hl_sample_1.cif,8xsi_HL,seedfull_r7,8xsi_hl_sample_1.cif,0.31794
/mnt/data/msadepth/compreps/seedrep_cand/protenix/8xsi_HL/d8894/seedfull_r4/results/8xsi_hl/seed_0/predictions/8xsi_hl_sample_4.cif,8xsi_HL,seedfull_r4,8xsi_hl_sample_4.cif,0.10391
/mnt/data/msadepth/compreps/seedrep_cand/protenix/8xsi_HL/d8894/seedfull_r7/results/8xsi_hl/seed_0/predictions/8xsi_hl_sample_3.cif,8xsi_HL,seedfull_r7,8xsi_hl_sample_3.cif,0.28929
/mnt/data/msadepth/compreps/seedrep_cand/protenix/8xsi_HL/d8894/seedfull_r6/results/8xsi_hl/seed_0/predictions/8xsi_hl_sample_0.cif,8xsi_HL,seedfull_r6,8xsi_hl_sample_0.cif,0.20402
/mnt/data/msadepth/compreps/seedrep_cand/protenix/8xsi_HL/d8894/seedfull_r6/results/8xsi_hl/seed_0/predictions/8xsi_hl_sample_3.cif,8xsi_HL,seedfull_r6,8xsi_hl_sample_3.cif,0.1559
/mnt/data/msadepth/compreps/seedrep_cand/protenix/8xsi_HL/d8894/seedfull_r7/results/8xsi_hl/seed_0/predictions/8xsi_hl_sample_2.cif,8xsi_HL,seedfull_r7,8xsi_hl_sample_2.cif,0.13084
/mnt/data/msadepth/compreps/seedrep_cand/protenix/9azr_HL/d552/seed0_r1/results/9azr_hl/seed_0/predictions/9azr_hl_sample_1.cif,9azr_HL,seed0_r1,9azr_hl_sample_1.cif,0.05874
/mnt/data/msadepth/compreps/seedrep_cand/protenix/9azr_HL/d552/seed0_r1/results/9azr_hl/seed_0/predictions/9azr_hl_sample_4.cif,9azr_HL,seed0_r1,9azr_hl_sample_4.cif,0.18793
/mnt/data/msadepth/compreps/seedrep_cand/protenix/9azr_HL/d552/seed0_r2/results/9azr_hl/seed_0/predictions/9azr_hl_sample_2.cif,9azr_HL,seed0_r2,9azr_hl_sample_2.cif,0.02532
/mnt/data/msadepth/compreps/seedrep_cand/protenix/9azr_HL/d552/seed0_r2/results/9azr_hl/seed_0/predictions/9azr_hl_sample_1.cif,9azr_HL,seed0_r2,9azr_hl_sample_1.cif,0.04737
/mnt/data/msadepth/compreps/seedrep_cand/protenix/9azr_HL/d552/seed0_r0/results/9azr_hl/seed_0/predictions/9azr_hl_sample_2.cif,9azr_HL,seed0_r0,9azr_hl_sample_2.cif,0.03359
/mnt/data/msadepth/compreps/seedrep_cand/protenix/9azr_HL/d552/seed0_r1/results/9azr_hl/seed_0/predictions/9azr_hl_sample_3.cif,9azr_HL,seed0_r1,9azr_hl_sample_3.cif,0.1053
/mnt/data/msadepth/compreps/seedrep_cand/protenix/9azr_HL/d552/seed0_r1/results/9azr_hl/seed_0/predictions/9azr_hl_sample_2.cif,9azr_HL,seed0_r1,9azr_hl_sample_2.cif,0.05394
/mnt/data/msadepth/compreps/seedrep_cand/protenix/9azr_HL/d552/seed0_r2/results/9azr_hl/seed_0/predictions/9azr_hl_sample_0.cif,9azr_HL,seed0_r2,9azr_hl_sample_0.cif,0.03816
/mnt/data/msadepth/compreps/seedrep_cand/protenix/9azr_HL/d552/seed0_r0/results/9azr_hl/seed_0/predictions/9azr_hl_sample_4.cif,9azr_HL,seed0_r0,9azr_hl_sample_4.cif,0.04426
/mnt/data/msadepth/compreps/seedrep_cand/protenix/9azr_HL/d552/seed0_r2/results/9azr_hl/seed_0/predictions/9azr_hl_sample_4.cif,9azr_HL,seed0_r2,9azr_hl_sample_4.cif,0.12501
/mnt/data/msadepth/compreps/seedrep_cand/protenix/9azr_HL/d552/seed0_r0/results/9azr_hl/seed_0/predictions/9azr_hl_sample_0.cif,9azr_HL,seed0_r0,9azr_hl_sample_0.cif,0.11122
/mnt/data/msadepth/compreps/seedrep_cand/protenix/9azr_HL/d552/seed0_r3/results/9azr_hl/seed_0/predictions/9azr_hl_sample_2.cif,9azr_HL,seed0_r3,9azr_hl_sample_2.cif,0.18486
/mnt/data/msadepth/compreps/seedrep_cand/protenix/9azr_HL/d552/seed0_r0/results/9azr_hl/seed_0/predictions/9azr_hl_sample_1.cif,9azr_HL,seed0_r0,9azr_hl_sample_1.cif,0.27128
/mnt/data/msadepth/compreps/seedrep_cand/protenix/9azr_HL/d552/seed0_r3/results/9azr_hl/seed_0/predictions/9azr_hl_sample_0.cif,9azr_HL,seed0_r3,9azr_hl_sample_0.cif,0.05546
/mnt/data/msadepth/compreps/seedrep_cand/protenix/9azr_HL/d552/seed0_r3/results/9azr_hl/seed_0/predictions/9azr_hl_sample_3.cif,9azr_HL,seed0_r3,9azr_hl_sample_3.cif,0.0309
/mnt/data/msadepth/compreps/seedrep_cand/protenix/9azr_HL/d552/seed0_r3/results/9azr_hl/seed_0/predictions/9azr_hl_sample_4.cif,9azr_HL,seed0_r3,9azr_hl_sample_4.cif,0.24822
/mnt/data/msadepth/compreps/seedrep_cand/protenix/9azr_HL/d552/seed0_r0/results/9azr_hl/seed_0/predictions/9azr_hl_sample_3.cif,9azr_HL,seed0_r0,9azr_hl_sample_3.cif,0.05455
/mnt/data/msadepth/compreps/seedrep_cand/protenix/9azr_HL/d552/seed0_r3/results/9azr_hl/seed_0/predictions/9azr_hl_sample_1.cif,9azr_HL,seed0_r3,9azr_hl_sample_1.cif,0.1412
/mnt/data/msadepth/compreps/seedrep_cand/protenix/9azr_HL/d552/seed0_r2/results/9azr_hl/seed_0/predictions/9azr_hl_sample_3.cif,9azr_HL,seed0_r2,9azr_hl_sample_3.cif,0.06159
/mnt/data/msadepth/compreps/seedrep_cand/protenix/9azr_HL/d552/seed0_r1/results/9azr_hl/seed_0/predictions/9azr_hl_sample_0.cif,9azr_HL,seed0_r1,9azr_hl_sample_0.cif,0.18021
/mnt/data/msadepth/compreps/seedrep_cand/protenix/9azr_HL/d552/seed1_r1/results/9azr_hl/seed_0/predictions/9azr_hl_sample_4.cif,9azr_HL,seed1_r1,9azr_hl_sample_4.cif,0.06676
/mnt/data/msadepth/compreps/seedrep_cand/protenix/9azr_HL/d552/seed1_r3/results/9azr_hl/seed_0/predictions/9azr_hl_sample_2.cif,9azr_HL,seed1_r3,9azr_hl_sample_2.cif,0.16101
/mnt/data/msadepth/compreps/seedrep_cand/protenix/9azr_HL/d552/seed1_r3/results/9azr_hl/seed_0/predictions/9azr_hl_sample_4.cif,9azr_HL,seed1_r3,9azr_hl_sample_4.cif,0.24063
/mnt/data/msadepth/compreps/seedrep_cand/protenix/9azr_HL/d552/seed1_r3/results/9azr_hl/seed_0/predictions/9azr_hl_sample_0.cif,9azr_HL,seed1_r3,9azr_hl_sample_0.cif,0.25737
/mnt/data/msadepth/compreps/seedrep_cand/protenix/9azr_HL/d552/seed1_r0/results/9azr_hl/seed_0/predictions/9azr_hl_sample_2.cif,9azr_HL,seed1_r0,9azr_hl_sample_2.cif,0.2195
/mnt/data/msadepth/compreps/seedrep_cand/protenix/9azr_HL/d552/seed1_r3/results/9azr_hl/seed_0/predictions/9azr_hl_sample_3.cif,9azr_HL,seed1_r3,9azr_hl_sample_3.cif,0.35781
/mnt/data/msadepth/compreps/seedrep_cand/protenix/9azr_HL/d552/seed1_r1/results/9azr_hl/seed_0/predictions/9azr_hl_sample_2.cif,9azr_HL,seed1_r1,9azr_hl_sample_2.cif,0.08972
/mnt/data/msadepth/compreps/seedrep_cand/protenix/9azr_HL/d552/seed1_r2/results/9azr_hl/seed_0/predictions/9azr_hl_sample_4.cif,9azr_HL,seed1_r2,9azr_hl_sample_4.cif,0.33482
/mnt/data/msadepth/compreps/seedrep_cand/protenix/9azr_HL/d552/seed1_r0/results/9azr_hl/seed_0/predictions/9azr_hl_sample_1.cif,9azr_HL,seed1_r0,9azr_hl_sample_1.cif,0.13934
/mnt/data/msadepth/compreps/seedrep_cand/protenix/9azr_HL/d552/seed1_r3/results/9azr_hl/seed_0/predictions/9azr_hl_sample_1.cif,9azr_HL,seed1_r3,9azr_hl_sample_1.cif,0.30094
/mnt/data/msadepth/compreps/seedrep_cand/protenix/9azr_HL/d552/seed1_r2/results/9azr_hl/seed_0/predictions/9azr_hl_sample_3.cif,9azr_HL,seed1_r2,9azr_hl_sample_3.cif,0.22241
/mnt/data/msadepth/compreps/seedrep_cand/protenix/9azr_HL/d552/seed1_r2/results/9azr_hl/seed_0/predictions/9azr_hl_sample_2.cif,9azr_HL,seed1_r2,9azr_hl_sample_2.cif,0.11795
/mnt/data/msadepth/compreps/seedrep_cand/protenix/9azr_HL/d552/seed1_r1/results/9azr_hl/seed_0/predictions/9azr_hl_sample_1.cif,9azr_HL,seed1_r1,9azr_hl_sample_1.cif,0.10645
/mnt/data/msadepth/compreps/seedrep_cand/protenix/9azr_HL/d552/seed1_r0/results/9azr_hl/seed_0/predictions/9azr_hl_sample_4.cif,9azr_HL,seed1_r0,9azr_hl_sample_4.cif,0.29423
/mnt/data/msadepth/compreps/seedrep_cand/protenix/9azr_HL/d552/seed1_r2/results/9azr_hl/seed_0/predictions/9azr_hl_sample_0.cif,9azr_HL,seed1_r2,9azr_hl_sample_0.cif,0.38376
/mnt/data/msadepth/compreps/seedrep_cand/protenix/9azr_HL/d552/seed1_r1/results/9azr_hl/seed_0/predictions/9azr_hl_sample_3.cif,9azr_HL,seed1_r1,9azr_hl_sample_3.cif,0.24237
/mnt/data/msadepth/compreps/seedrep_cand/protenix/9azr_HL/d552/seed1_r0/results/9azr_hl/seed_0/predictions/9azr_hl_sample_3.cif,9azr_HL,seed1_r0,9azr_hl_sample_3.cif,0.24622
/mnt/data/msadepth/compreps/seedrep_cand/protenix/9azr_HL/d552/seed1_r2/results/9azr_hl/seed_0/predictions/9azr_hl_sample_1.cif,9azr_HL,seed1_r2,9azr_hl_sample_1.cif,0.24122
/mnt/data/msadepth/compreps/seedrep_cand/protenix/9azr_HL/d552/seed1_r1/results/9azr_hl/seed_0/predictions/9azr_hl_sample_0.cif,9azr_HL,seed1_r1,9azr_hl_sample_0.cif,0.16973
/mnt/data/msadepth/compreps/seedrep_cand/protenix/9azr_HL/d552/seed1_r0/results/9azr_hl/seed_0/predictions/9azr_hl_sample_0.cif,9azr_HL,seed1_r0,9azr_hl_sample_0.cif,0.26128
/mnt/data/msadepth/compreps/seedrep_cand/protenix/9azr_HL/d552/seed2_r2/results/9azr_hl/seed_0/predictions/9azr_hl_sample_2.cif,9azr_HL,seed2_r2,9azr_hl_sample_2.cif,0.05736
/mnt/data/msadepth/compreps/seedrep_cand/protenix/9azr_HL/d552/seed2_r0/results/9azr_hl/seed_0/predictions/9azr_hl_sample_1.cif,9azr_HL,seed2_r0,9azr_hl_sample_1.cif,0.23567
/mnt/data/msadepth/compreps/seedrep_cand/protenix/9azr_HL/d552/seed2_r1/results/9azr_hl/seed_0/predictions/9azr_hl_sample_1.cif,9azr_HL,seed2_r1,9azr_hl_sample_1.cif,0.21837
/mnt/data/msadepth/compreps/seedrep_cand/protenix/9azr_HL/d552/seed2_r1/results/9azr_hl/seed_0/predictions/9azr_hl_sample_4.cif,9azr_HL,seed2_r1,9azr_hl_sample_4.cif,0.12628
/mnt/data/msadepth/compreps/seedrep_cand/protenix/9azr_HL/d552/seed2_r2/results/9azr_hl/seed_0/predictions/9azr_hl_sample_3.cif,9azr_HL,seed2_r2,9azr_hl_sample_3.cif,0.07874
/mnt/data/msadepth/compreps/seedrep_cand/protenix/9azr_HL/d552/seed2_r0/results/9azr_hl/seed_0/predictions/9azr_hl_sample_2.cif,9azr_HL,seed2_r0,9azr_hl_sample_2.cif,0.06181
/mnt/data/msadepth/compreps/seedrep_cand/protenix/9azr_HL/d552/seed2_r3/results/9azr_hl/seed_0/predictions/9azr_hl_sample_2.cif,9azr_HL,seed2_r3,9azr_hl_sample_2.cif,0.20916
/mnt/data/msadepth/compreps/seedrep_cand/protenix/9azr_HL/d552/seed2_r3/results/9azr_hl/seed_0/predictions/9azr_hl_sample_1.cif,9azr_HL,seed2_r3,9azr_hl_sample_1.cif,0.30191
/mnt/data/msadepth/compreps/seedrep_cand/protenix/9azr_HL/d552/seed2_r3/results/9azr_hl/seed_0/predictions/9azr_hl_sample_3.cif,9azr_HL,seed2_r3,9azr_hl_sample_3.cif,0.15668
/mnt/data/msadepth/compreps/seedrep_cand/protenix/9azr_HL/d552/seed2_r1/results/9azr_hl/seed_0/predictions/9azr_hl_sample_2.cif,9azr_HL,seed2_r1,9azr_hl_sample_2.cif,0.1751
/mnt/data/msadepth/compreps/seedrep_cand/protenix/9azr_HL/d552/seed2_r2/results/9azr_hl/seed_0/predictions/9azr_hl_sample_1.cif,9azr_HL,seed2_r2,9azr_hl_sample_1.cif,0.13239
/mnt/data/msadepth/compreps/seedrep_cand/protenix/9azr_HL/d552/seed2_r2/results/9azr_hl/seed_0/predictions/9azr_hl_sample_0.cif,9azr_HL,seed2_r2,9azr_hl_sample_0.cif,0.1479
/mnt/data/msadepth/compreps/seedrep_cand/protenix/9azr_HL/d552/seed2_r1/results/9azr_hl/seed_0/predictions/9azr_hl_sample_0.cif,9azr_HL,seed2_r1,9azr_hl_sample_0.cif,0.33565
/mnt/data/msadepth/compreps/seedrep_cand/protenix/9azr_HL/d552/seed2_r3/results/9azr_hl/seed_0/predictions/9azr_hl_sample_0.cif,9azr_HL,seed2_r3,9azr_hl_sample_0.cif,0.20326
/mnt/data/msadepth/compreps/seedrep_cand/protenix/9azr_HL/d552/seed2_r0/results/9azr_hl/seed_0/predictions/9azr_hl_sample_3.cif,9azr_HL,seed2_r0,9azr_hl_sample_3.cif,0.16169
/mnt/data/msadepth/compreps/seedrep_cand/protenix/9azr_HL/d552/seed2_r3/results/9azr_hl/seed_0/predictions/9azr_hl_sample_4.cif,9azr_HL,seed2_r3,9azr_hl_sample_4.cif,0.25658
/mnt/data/msadepth/compreps/seedrep_cand/protenix/9azr_HL/d552/seed2_r0/results/9azr_hl/seed_0/predictions/9azr_hl_sample_0.cif,9azr_HL,seed2_r0,9azr_hl_sample_0.cif,0.18646
/mnt/data/msadepth/compreps/seedrep_cand/protenix/9azr_HL/d552/seed2_r1/results/9azr_hl/seed_0/predictions/9azr_hl_sample_3.cif,9azr_HL,seed2_r1,9azr_hl_sample_3.cif,0.08974
/mnt/data/msadepth/compreps/seedrep_cand/protenix/9azr_HL/d552/seed2_r2/results/9azr_hl/seed_0/predictions/9azr_hl_sample_4.cif,9azr_HL,seed2_r2,9azr_hl_sample_4.cif,0.13279
/mnt/data/msadepth/compreps/seedrep_cand/protenix/9azr_HL/d552/seed2_r0/results/9azr_hl/seed_0/predictions/9azr_hl_sample_4.cif,9azr_HL,seed2_r0,9azr_hl_sample_4.cif,0.16312
/mnt/data/msadepth/compreps/seedrep_cand/protenix/9azr_HL/d552/seed3_r1/results/9azr_hl/seed_0/predictions/9azr_hl_sample_4.cif,9azr_HL,seed3_r1,9azr_hl_sample_4.cif,0.11494
/mnt/data/msadepth/compreps/seedrep_cand/protenix/9azr_HL/d552/seed3_r3/results/9azr_hl/seed_0/predictions/9azr_hl_sample_4.cif,9azr_HL,seed3_r3,9azr_hl_sample_4.cif,0.12828
/mnt/data/msadepth/compreps/seedrep_cand/protenix/9azr_HL/d552/seed3_r0/results/9azr_hl/seed_0/predictions/9azr_hl_sample_0.cif,9azr_HL,seed3_r0,9azr_hl_sample_0.cif,0.25225
/mnt/data/msadepth/compreps/seedrep_cand/protenix/9azr_HL/d552/seed3_r3/results/9azr_hl/seed_0/predictions/9azr_hl_sample_2.cif,9azr_HL,seed3_r3,9azr_hl_sample_2.cif,0.0821
/mnt/data/msadepth/compreps/seedrep_cand/protenix/9azr_HL/d552/seed3_r2/results/9azr_hl/seed_0/predictions/9azr_hl_sample_3.cif,9azr_HL,seed3_r2,9azr_hl_sample_3.cif,0.14233
/mnt/data/msadepth/compreps/seedrep_cand/protenix/9azr_HL/d552/seed3_r2/results/9azr_hl/seed_0/predictions/9azr_hl_sample_4.cif,9azr_HL,seed3_r2,9azr_hl_sample_4.cif,0.0939
/mnt/data/msadepth/compreps/seedrep_cand/protenix/9azr_HL/d552/seed3_r0/results/9azr_hl/seed_0/predictions/9azr_hl_sample_3.cif,9azr_HL,seed3_r0,9azr_hl_sample_3.cif,0.22228
/mnt/data/msadepth/compreps/seedrep_cand/protenix/9azr_HL/d552/seed3_r2/results/9azr_hl/seed_0/predictions/9azr_hl_sample_0.cif,9azr_HL,seed3_r2,9azr_hl_sample_0.cif,0.11883
/mnt/data/msadepth/compreps/seedrep_cand/protenix/9azr_HL/d552/seed3_r1/results/9azr_hl/seed_0/predictions/9azr_hl_sample_3.cif,9azr_HL,seed3_r1,9azr_hl_sample_3.cif,0.07399
/mnt/data/msadepth/compreps/seedrep_cand/protenix/9azr_HL/d552/seed3_r0/results/9azr_hl/seed_0/predictions/9azr_hl_sample_1.cif,9azr_HL,seed3_r0,9azr_hl_sample_1.cif,0.18367
/mnt/data/msadepth/compreps/seedrep_cand/protenix/9azr_HL/d552/seed3_r2/results/9azr_hl/seed_0/predictions/9azr_hl_sample_2.cif,9azr_HL,seed3_r2,9azr_hl_sample_2.cif,0.23205
/mnt/data/msadepth/compreps/seedrep_cand/protenix/9azr_HL/d552/seed3_r0/results/9azr_hl/seed_0/predictions/9azr_hl_sample_4.cif,9azr_HL,seed3_r0,9azr_hl_sample_4.cif,0.17571
/mnt/data/msadepth/compreps/seedrep_cand/protenix/9azr_HL/d552/seed3_r3/results/9azr_hl/seed_0/predictions/9azr_hl_sample_3.cif,9azr_HL,seed3_r3,9azr_hl_sample_3.cif,0.12897
/mnt/data/msadepth/compreps/seedrep_cand/protenix/9azr_HL/d552/seed3_r1/results/9azr_hl/seed_0/predictions/9azr_hl_sample_2.cif,9azr_HL,seed3_r1,9azr_hl_sample_2.cif,0.05148
/mnt/data/msadepth/compreps/seedrep_cand/protenix/9azr_HL/d552/seed3_r3/results/9azr_hl/seed_0/predictions/9azr_hl_sample_1.cif,9azr_HL,seed3_r3,9azr_hl_sample_1.cif,0.21595
/mnt/data/msadepth/compreps/seedrep_cand/protenix/9azr_HL/d552/seed3_r2/results/9azr_hl/seed_0/predictions/9azr_hl_sample_1.cif,9azr_HL,seed3_r2,9azr_hl_sample_1.cif,0.19161
/mnt/data/msadepth/compreps/seedrep_cand/protenix/9azr_HL/d552/seed3_r1/results/9azr_hl/seed_0/predictions/9azr_hl_sample_1.cif,9azr_HL,seed3_r1,9azr_hl_sample_1.cif,0.18478
/mnt/data/msadepth/compreps/seedrep_cand/protenix/9azr_HL/d552/seed3_r0/results/9azr_hl/seed_0/predictions/9azr_hl_sample_2.cif,9azr_HL,seed3_r0,9azr_hl_sample_2.cif,0.27155
/mnt/data/msadepth/compreps/seedrep_cand/protenix/9azr_HL/d552/seed3_r3/results/9azr_hl/seed_0/predictions/9azr_hl_sample_0.cif,9azr_HL,seed3_r3,9azr_hl_sample_0.cif,0.22787
/mnt/data/msadepth/compreps/seedrep_cand/protenix/9azr_HL/d552/seed3_r1/results/9azr_hl/seed_0/predictions/9azr_hl_sample_0.cif,9azr_HL,seed3_r1,9azr_hl_sample_0.cif,0.25929
/mnt/data/msadepth/compreps/seedrep_cand/protenix/9azr_HL/d552/seed4_r2/results/9azr_hl/seed_0/predictions/9azr_hl_sample_4.cif,9azr_HL,seed4_r2,9azr_hl_sample_4.cif,0.38321
/mnt/data/msadepth/compreps/seedrep_cand/protenix/9azr_HL/d552/seed4_r3/results/9azr_hl/seed_0/predictions/9azr_hl_sample_1.cif,9azr_HL,seed4_r3,9azr_hl_sample_1.cif,0.02573
/mnt/data/msadepth/compreps/seedrep_cand/protenix/9azr_HL/d552/seed4_r2/results/9azr_hl/seed_0/predictions/9azr_hl_sample_2.cif,9azr_HL,seed4_r2,9azr_hl_sample_2.cif,0.05097
/mnt/data/msadepth/compreps/seedrep_cand/protenix/9azr_HL/d552/seed4_r1/results/9azr_hl/seed_0/predictions/9azr_hl_sample_0.cif,9azr_HL,seed4_r1,9azr_hl_sample_0.cif,0.17325
/mnt/data/msadepth/compreps/seedrep_cand/protenix/9azr_HL/d552/seed4_r0/results/9azr_hl/seed_0/predictions/9azr_hl_sample_0.cif,9azr_HL,seed4_r0,9azr_hl_sample_0.cif,0.09594
/mnt/data/msadepth/compreps/seedrep_cand/protenix/9azr_HL/d552/seed4_r1/results/9azr_hl/seed_0/predictions/9azr_hl_sample_1.cif,9azr_HL,seed4_r1,9azr_hl_sample_1.cif,0.36344
/mnt/data/msadepth/compreps/seedrep_cand/protenix/9azr_HL/d552/seed4_r3/results/9azr_hl/seed_0/predictions/9azr_hl_sample_3.cif,9azr_HL,seed4_r3,9azr_hl_sample_3.cif,0.09302
/mnt/data/msadepth/compreps/seedrep_cand/protenix/9azr_HL/d552/seed4_r1/results/9azr_hl/seed_0/predictions/9azr_hl_sample_3.cif,9azr_HL,seed4_r1,9azr_hl_sample_3.cif,0.24192
/mnt/data/msadepth/compreps/seedrep_cand/protenix/9azr_HL/d552/seed4_r3/results/9azr_hl/seed_0/predictions/9azr_hl_sample_4.cif,9azr_HL,seed4_r3,9azr_hl_sample_4.cif,0.10169
/mnt/data/msadepth/compreps/seedrep_cand/protenix/9azr_HL/d552/seed4_r0/results/9azr_hl/seed_0/predictions/9azr_hl_sample_3.cif,9azr_HL,seed4_r0,9azr_hl_sample_3.cif,0.2243
/mnt/data/msadepth/compreps/seedrep_cand/protenix/9azr_HL/d552/seed4_r2/results/9azr_hl/seed_0/predictions/9azr_hl_sample_3.cif,9azr_HL,seed4_r2,9azr_hl_sample_3.cif,0.12384
/mnt/data/msadepth/compreps/seedrep_cand/protenix/9azr_HL/d552/seed4_r0/results/9azr_hl/seed_0/predictions/9azr_hl_sample_1.cif,9azr_HL,seed4_r0,9azr_hl_sample_1.cif,0.2995
/mnt/data/msadepth/compreps/seedrep_cand/protenix/9azr_HL/d552/seed4_r1/results/9azr_hl/seed_0/predictions/9azr_hl_sample_2.cif,9azr_HL,seed4_r1,9azr_hl_sample_2.cif,0.14591
/mnt/data/msadepth/compreps/seedrep_cand/protenix/9azr_HL/d552/seed4_r2/results/9azr_hl/seed_0/predictions/9azr_hl_sample_1.cif,9azr_HL,seed4_r2,9azr_hl_sample_1.cif,0.12326
/mnt/data/msadepth/compreps/seedrep_cand/protenix/9azr_HL/d552/seed4_r2/results/9azr_hl/seed_0/predictions/9azr_hl_sample_0.cif,9azr_HL,seed4_r2,9azr_hl_sample_0.cif,0.19023
/mnt/data/msadepth/compreps/seedrep_cand/protenix/9azr_HL/d552/seed4_r0/results/9azr_hl/seed_0/predictions/9azr_hl_sample_2.cif,9azr_HL,seed4_r0,9azr_hl_sample_2.cif,0.17164
/mnt/data/msadepth/compreps/seedrep_cand/protenix/9azr_HL/d552/seed4_r3/results/9azr_hl/seed_0/predictions/9azr_hl_sample_2.cif,9azr_HL,seed4_r3,9azr_hl_sample_2.cif,0.04749
/mnt/data/msadepth/compreps/seedrep_cand/protenix/9azr_HL/d552/seed4_r0/results/9azr_hl/seed_0/predictions/9azr_hl_sample_4.cif,9azr_HL,seed4_r0,9azr_hl_sample_4.cif,0.04647
/mnt/data/msadepth/compreps/seedrep_cand/protenix/9azr_HL/d552/seed4_r3/results/9azr_hl/seed_0/predictions/9azr_hl_sample_0.cif,9azr_HL,seed4_r3,9azr_hl_sample_0.cif,0.03176
/mnt/data/msadepth/compreps/seedrep_cand/protenix/9azr_HL/d552/seed4_r1/results/9azr_hl/seed_0/predictions/9azr_hl_sample_4.cif,9azr_HL,seed4_r1,9azr_hl_sample_4.cif,0.03414
/mnt/data/msadepth/compreps/seedrep_cand/protenix/9azr_HL/d552/seed5_r1/results/9azr_hl/seed_0/predictions/9azr_hl_sample_0.cif,9azr_HL,seed5_r1,9azr_hl_sample_0.cif,0.18056
/mnt/data/msadepth/compreps/seedrep_cand/protenix/9azr_HL/d552/seed5_r2/results/9azr_hl/seed_0/predictions/9azr_hl_sample_2.cif,9azr_HL,seed5_r2,9azr_hl_sample_2.cif,0.09801
/mnt/data/msadepth/compreps/seedrep_cand/protenix/9azr_HL/d552/seed5_r2/results/9azr_hl/seed_0/predictions/9azr_hl_sample_4.cif,9azr_HL,seed5_r2,9azr_hl_sample_4.cif,0.32697
/mnt/data/msadepth/compreps/seedrep_cand/protenix/9azr_HL/d552/seed5_r1/results/9azr_hl/seed_0/predictions/9azr_hl_sample_2.cif,9azr_HL,seed5_r1,9azr_hl_sample_2.cif,0.11148
/mnt/data/msadepth/compreps/seedrep_cand/protenix/9azr_HL/d552/seed5_r1/results/9azr_hl/seed_0/predictions/9azr_hl_sample_4.cif,9azr_HL,seed5_r1,9azr_hl_sample_4.cif,0.16232
/mnt/data/msadepth/compreps/seedrep_cand/protenix/9azr_HL/d552/seed5_r1/results/9azr_hl/seed_0/predictions/9azr_hl_sample_1.cif,9azr_HL,seed5_r1,9azr_hl_sample_1.cif,0.06088
/mnt/data/msadepth/compreps/seedrep_cand/protenix/9azr_HL/d552/seed5_r0/results/9azr_hl/seed_0/predictions/9azr_hl_sample_2.cif,9azr_HL,seed5_r0,9azr_hl_sample_2.cif,0.3142
/mnt/data/msadepth/compreps/seedrep_cand/protenix/9azr_HL/d552/seed5_r2/results/9azr_hl/seed_0/predictions/9azr_hl_sample_3.cif,9azr_HL,seed5_r2,9azr_hl_sample_3.cif,0.14452
/mnt/data/msadepth/compreps/seedrep_cand/protenix/9azr_HL/d552/seed5_r0/results/9azr_hl/seed_0/predictions/9azr_hl_sample_4.cif,9azr_HL,seed5_r0,9azr_hl_sample_4.cif,0.27431
/mnt/data/msadepth/compreps/seedrep_cand/protenix/9azr_HL/d552/seed5_r0/results/9azr_hl/seed_0/predictions/9azr_hl_sample_1.cif,9azr_HL,seed5_r0,9azr_hl_sample_1.cif,0.05835
/mnt/data/msadepth/compreps/seedrep_cand/protenix/9azr_HL/d552/seed5_r0/results/9azr_hl/seed_0/predictions/9azr_hl_sample_0.cif,9azr_HL,seed5_r0,9azr_hl_sample_0.cif,0.1007
/mnt/data/msadepth/compreps/seedrep_cand/protenix/9azr_HL/d552/seed5_r3/results/9azr_hl/seed_0/predictions/9azr_hl_sample_3.cif,9azr_HL,seed5_r3,9azr_hl_sample_3.cif,0.08261
/mnt/data/msadepth/compreps/seedrep_cand/protenix/9azr_HL/d552/seed5_r2/results/9azr_hl/seed_0/predictions/9azr_hl_sample_0.cif,9azr_HL,seed5_r2,9azr_hl_sample_0.cif,0.06233
/mnt/data/msadepth/compreps/seedrep_cand/protenix/9azr_HL/d552/seed5_r2/results/9azr_hl/seed_0/predictions/9azr_hl_sample_1.cif,9azr_HL,seed5_r2,9azr_hl_sample_1.cif,0.25583
/mnt/data/msadepth/compreps/seedrep_cand/protenix/9azr_HL/d552/seed5_r3/results/9azr_hl/seed_0/predictions/9azr_hl_sample_1.cif,9azr_HL,seed5_r3,9azr_hl_sample_1.cif,0.08873
/mnt/data/msadepth/compreps/seedrep_cand/protenix/9azr_HL/d552/seed5_r3/results/9azr_hl/seed_0/predictions/9azr_hl_sample_0.cif,9azr_HL,seed5_r3,9azr_hl_sample_0.cif,0.22472
/mnt/data/msadepth/compreps/seedrep_cand/protenix/9azr_HL/d552/seed5_r0/results/9azr_hl/seed_0/predictions/9azr_hl_sample_3.cif,9azr_HL,seed5_r0,9azr_hl_sample_3.cif,0.05153
/mnt/data/msadepth/compreps/seedrep_cand/protenix/9azr_HL/d552/seed5_r1/results/9azr_hl/seed_0/predictions/9azr_hl_sample_3.cif,9azr_HL,seed5_r1,9azr_hl_sample_3.cif,0.20609
/mnt/data/msadepth/compreps/seedrep_cand/protenix/9azr_HL/d552/seed5_r3/results/9azr_hl/seed_0/predictions/9azr_hl_sample_4.cif,9azr_HL,seed5_r3,9azr_hl_sample_4.cif,0.03753
/mnt/data/msadepth/compreps/seedrep_cand/protenix/9azr_HL/d552/seed5_r3/results/9azr_hl/seed_0/predictions/9azr_hl_sample_2.cif,9azr_HL,seed5_r3,9azr_hl_sample_2.cif,0.04305
/mnt/data/msadepth/compreps/seedrep_cand/protenix/9azr_HL/d552/seedfull_r1/results/9azr_hl/seed_0/predictions/9azr_hl_sample_3.cif,9azr_HL,seedfull_r1,9azr_hl_sample_3.cif,0.15918
/mnt/data/msadepth/compreps/seedrep_cand/protenix/9azr_HL/d552/seedfull_r2/results/9azr_hl/seed_0/predictions/9azr_hl_sample_1.cif,9azr_HL,seedfull_r2,9azr_hl_sample_1.cif,0.22585
/mnt/data/msadepth/compreps/seedrep_cand/protenix/9azr_HL/d552/seedfull_r3/results/9azr_hl/seed_0/predictions/9azr_hl_sample_2.cif,9azr_HL,seedfull_r3,9azr_hl_sample_2.cif,0.23828
/mnt/data/msadepth/compreps/seedrep_cand/protenix/9azr_HL/d552/seedfull_r2/results/9azr_hl/seed_0/predictions/9azr_hl_sample_3.cif,9azr_HL,seedfull_r2,9azr_hl_sample_3.cif,0.23571
/mnt/data/msadepth/compreps/seedrep_cand/protenix/9azr_HL/d552/seedfull_r1/results/9azr_hl/seed_0/predictions/9azr_hl_sample_0.cif,9azr_HL,seedfull_r1,9azr_hl_sample_0.cif,0.11523
/mnt/data/msadepth/compreps/seedrep_cand/protenix/9azr_HL/d552/seedfull_r0/results/9azr_hl/seed_0/predictions/9azr_hl_sample_4.cif,9azr_HL,seedfull_r0,9azr_hl_sample_4.cif,0.08485
/mnt/data/msadepth/compreps/seedrep_cand/protenix/9azr_HL/d552/seedfull_r3/results/9azr_hl/seed_0/predictions/9azr_hl_sample_1.cif,9azr_HL,seedfull_r3,9azr_hl_sample_1.cif,0.14501
/mnt/data/msadepth/compreps/seedrep_cand/protenix/9azr_HL/d552/seedfull_r2/results/9azr_hl/seed_0/predictions/9azr_hl_sample_4.cif,9azr_HL,seedfull_r2,9azr_hl_sample_4.cif,0.19627
/mnt/data/msadepth/compreps/seedrep_cand/protenix/9azr_HL/d552/seedfull_r1/results/9azr_hl/seed_0/predictions/9azr_hl_sample_4.cif,9azr_HL,seedfull_r1,9azr_hl_sample_4.cif,0.15187
/mnt/data/msadepth/compreps/seedrep_cand/protenix/9azr_HL/d552/seedfull_r1/results/9azr_hl/seed_0/predictions/9azr_hl_sample_1.cif,9azr_HL,seedfull_r1,9azr_hl_sample_1.cif,0.2639
/mnt/data/msadepth/compreps/seedrep_cand/protenix/9azr_HL/d552/seedfull_r3/results/9azr_hl/seed_0/predictions/9azr_hl_sample_3.cif,9azr_HL,seedfull_r3,9azr_hl_sample_3.cif,0.23604
/mnt/data/msadepth/compreps/seedrep_cand/protenix/9azr_HL/d552/seedfull_r2/results/9azr_hl/seed_0/predictions/9azr_hl_sample_2.cif,9azr_HL,seedfull_r2,9azr_hl_sample_2.cif,0.08717
/mnt/data/msadepth/compreps/seedrep_cand/protenix/9azr_HL/d552/seedfull_r2/results/9azr_hl/seed_0/predictions/9azr_hl_sample_0.cif,9azr_HL,seedfull_r2,9azr_hl_sample_0.cif,0.15329
/mnt/data/msadepth/compreps/seedrep_cand/protenix/9azr_HL/d552/seedfull_r3/results/9azr_hl/seed_0/predictions/9azr_hl_sample_4.cif,9azr_HL,seedfull_r3,9azr_hl_sample_4.cif,0.15851
/mnt/data/msadepth/compreps/seedrep_cand/protenix/9azr_HL/d552/seedfull_r3/results/9azr_hl/seed_0/predictions/9azr_hl_sample_0.cif,9azr_HL,seedfull_r3,9azr_hl_sample_0.cif,0.26626
/mnt/data/msadepth/compreps/seedrep_cand/protenix/9azr_HL/d552/seedfull_r1/results/9azr_hl/seed_0/predictions/9azr_hl_sample_2.cif,9azr_HL,seedfull_r1,9azr_hl_sample_2.cif,0.18218
/mnt/data/msadepth/compreps/seedrep_cand/protenix/9azr_HL/d552/seedfull_r0/results/9azr_hl/seed_0/predictions/9azr_hl_sample_2.cif,9azr_HL,seedfull_r0,9azr_hl_sample_2.cif,0.2521
/mnt/data/msadepth/compreps/seedrep_cand/protenix/9azr_HL/d552/seedfull_r0/results/9azr_hl/seed_0/predictions/9azr_hl_sample_1.cif,9azr_HL,seedfull_r0,9azr_hl_sample_1.cif,0.2589
/mnt/data/msadepth/compreps/seedrep_cand/protenix/9azr_HL/d552/seedfull_r0/results/9azr_hl/seed_0/predictions/9azr_hl_sample_0.cif,9azr_HL,seedfull_r0,9azr_hl_sample_0.cif,0.31278
/mnt/data/msadepth/compreps/seedrep_cand/protenix/9azr_HL/d552/seedfull_r0/results/9azr_hl/seed_0/predictions/9azr_hl_sample_3.cif,9azr_HL,seedfull_r0,9azr_hl_sample_3.cif,0.13802
/mnt/data/msadepth/compreps/seedrep_cand/protenix/9azr_HL/d552/seedfull_r6/results/9azr_hl/seed_0/predictions/9azr_hl_sample_2.cif,9azr_HL,seedfull_r6,9azr_hl_sample_2.cif,0.10893
/mnt/data/msadepth/compreps/seedrep_cand/protenix/9azr_HL/d552/seedfull_r4/results/9azr_hl/seed_0/predictions/9azr_hl_sample_0.cif,9azr_HL,seedfull_r4,9azr_hl_sample_0.cif,0.19641
/mnt/data/msadepth/compreps/seedrep_cand/protenix/9azr_HL/d552/seedfull_r5/results/9azr_hl/seed_0/predictions/9azr_hl_sample_2.cif,9azr_HL,seedfull_r5,9azr_hl_sample_2.cif,0.29396
/mnt/data/msadepth/compreps/seedrep_cand/protenix/9azr_HL/d552/seedfull_r4/results/9azr_hl/seed_0/predictions/9azr_hl_sample_2.cif,9azr_HL,seedfull_r4,9azr_hl_sample_2.cif,0.13604
/mnt/data/msadepth/compreps/seedrep_cand/protenix/9azr_HL/d552/seedfull_r6/results/9azr_hl/seed_0/predictions/9azr_hl_sample_4.cif,9azr_HL,seedfull_r6,9azr_hl_sample_4.cif,0.19654
/mnt/data/msadepth/compreps/seedrep_cand/protenix/9azr_HL/d552/seedfull_r7/results/9azr_hl/seed_0/predictions/9azr_hl_sample_4.cif,9azr_HL,seedfull_r7,9azr_hl_sample_4.cif,0.07955
/mnt/data/msadepth/compreps/seedrep_cand/protenix/9azr_HL/d552/seedfull_r5/results/9azr_hl/seed_0/predictions/9azr_hl_sample_0.cif,9azr_HL,seedfull_r5,9azr_hl_sample_0.cif,0.27438
/mnt/data/msadepth/compreps/seedrep_cand/protenix/9azr_HL/d552/seedfull_r5/results/9azr_hl/seed_0/predictions/9azr_hl_sample_1.cif,9azr_HL,seedfull_r5,9azr_hl_sample_1.cif,0.23084
/mnt/data/msadepth/compreps/seedrep_cand/protenix/9azr_HL/d552/seedfull_r4/results/9azr_hl/seed_0/predictions/9azr_hl_sample_3.cif,9azr_HL,seedfull_r4,9azr_hl_sample_3.cif,0.18784
/mnt/data/msadepth/compreps/seedrep_cand/protenix/9azr_HL/d552/seedfull_r5/results/9azr_hl/seed_0/predictions/9azr_hl_sample_3.cif,9azr_HL,seedfull_r5,9azr_hl_sample_3.cif,0.13326
/mnt/data/msadepth/compreps/seedrep_cand/protenix/9azr_HL/d552/seedfull_r7/results/9azr_hl/seed_0/predictions/9azr_hl_sample_0.cif,9azr_HL,seedfull_r7,9azr_hl_sample_0.cif,0.29084
/mnt/data/msadepth/compreps/seedrep_cand/protenix/9azr_HL/d552/seedfull_r6/results/9azr_hl/seed_0/predictions/9azr_hl_sample_1.cif,9azr_HL,seedfull_r6,9azr_hl_sample_1.cif,0.19511
/mnt/data/msadepth/compreps/seedrep_cand/protenix/9azr_HL/d552/seedfull_r4/results/9azr_hl/seed_0/predictions/9azr_hl_sample_1.cif,9azr_HL,seedfull_r4,9azr_hl_sample_1.cif,0.22626
/mnt/data/msadepth/compreps/seedrep_cand/protenix/9azr_HL/d552/seedfull_r5/results/9azr_hl/seed_0/predictions/9azr_hl_sample_4.cif,9azr_HL,seedfull_r5,9azr_hl_sample_4.cif,0.3103
/mnt/data/msadepth/compreps/seedrep_cand/protenix/9azr_HL/d552/seedfull_r7/results/9azr_hl/seed_0/predictions/9azr_hl_sample_1.cif,9azr_HL,seedfull_r7,9azr_hl_sample_1.cif,0.07486
/mnt/data/msadepth/compreps/seedrep_cand/protenix/9azr_HL/d552/seedfull_r4/results/9azr_hl/seed_0/predictions/9azr_hl_sample_4.cif,9azr_HL,seedfull_r4,9azr_hl_sample_4.cif,0.04569
/mnt/data/msadepth/compreps/seedrep_cand/protenix/9azr_HL/d552/seedfull_r7/results/9azr_hl/seed_0/predictions/9azr_hl_sample_3.cif,9azr_HL,seedfull_r7,9azr_hl_sample_3.cif,0.15219
/mnt/data/msadepth/compreps/seedrep_cand/protenix/9azr_HL/d552/seedfull_r6/results/9azr_hl/seed_0/predictions/9azr_hl_sample_0.cif,9azr_HL,seedfull_r6,9azr_hl_sample_0.cif,0.25043
/mnt/data/msadepth/compreps/seedrep_cand/protenix/9azr_HL/d552/seedfull_r6/results/9azr_hl/seed_0/predictions/9azr_hl_sample_3.cif,9azr_HL,seedfull_r6,9azr_hl_sample_3.cif,0.28079
/mnt/data/msadepth/compreps/seedrep_cand/protenix/9azr_HL/d552/seedfull_r7/results/9azr_hl/seed_0/predictions/9azr_hl_sample_2.cif,9azr_HL,seedfull_r7,9azr_hl_sample_2.cif,0.16441
/mnt/data/msadepth/compreps/seedrep_cand/protenix/9azr_HL/d83/seed2_r0/results/9azr_hl/seed_0/predictions/9azr_hl_sample_4.cif,9azr_HL,seed2_r0,9azr_hl_sample_4.cif,0.03209
/mnt/data/msadepth/compreps/seedrep_cand/protenix/9azr_HL/d83/seed3_r0/results/9azr_hl/seed_0/predictions/9azr_hl_sample_1.cif,9azr_HL,seed3_r0,9azr_hl_sample_1.cif,0.13104
/mnt/data/msadepth/compreps/seedrep_cand/protenix/9azr_HL/d83/seed0_r0/results/9azr_hl/seed_0/predictions/9azr_hl_sample_4.cif,9azr_HL,seed0_r0,9azr_hl_sample_4.cif,0.15233
/mnt/data/msadepth/compreps/seedrep_cand/protenix/9azr_HL/d83/seed0_r0/results/9azr_hl/seed_0/predictions/9azr_hl_sample_0.cif,9azr_HL,seed0_r0,9azr_hl_sample_0.cif,0.26992
/mnt/data/msadepth/compreps/seedrep_cand/protenix/9azr_HL/d83/seed0_r0/results/9azr_hl/seed_0/predictions/9azr_hl_sample_2.cif,9azr_HL,seed0_r0,9azr_hl_sample_2.cif,0.27097
/mnt/data/msadepth/compreps/seedrep_cand/protenix/9azr_HL/d83/seed2_r0/results/9azr_hl/seed_0/predictions/9azr_hl_sample_0.cif,9azr_HL,seed2_r0,9azr_hl_sample_0.cif,0.03997
/mnt/data/msadepth/compreps/seedrep_cand/protenix/9azr_HL/d83/seed1_r0/results/9azr_hl/seed_0/predictions/9azr_hl_sample_1.cif,9azr_HL,seed1_r0,9azr_hl_sample_1.cif,0.24534
/mnt/data/msadepth/compreps/seedrep_cand/protenix/9azr_HL/d83/seed2_r0/results/9azr_hl/seed_0/predictions/9azr_hl_sample_3.cif,9azr_HL,seed2_r0,9azr_hl_sample_3.cif,0.0368
/mnt/data/msadepth/compreps/seedrep_cand/protenix/9azr_HL/d83/seed1_r0/results/9azr_hl/seed_0/predictions/9azr_hl_sample_3.cif,9azr_HL,seed1_r0,9azr_hl_sample_3.cif,0.23525
/mnt/data/msadepth/compreps/seedrep_cand/protenix/9azr_HL/d83/seed1_r0/results/9azr_hl/seed_0/predictions/9azr_hl_sample_4.cif,9azr_HL,seed1_r0,9azr_hl_sample_4.cif,0.08467
/mnt/data/msadepth/compreps/seedrep_cand/protenix/9azr_HL/d83/seed2_r0/results/9azr_hl/seed_0/predictions/9azr_hl_sample_1.cif,9azr_HL,seed2_r0,9azr_hl_sample_1.cif,0.04081
/mnt/data/msadepth/compreps/seedrep_cand/protenix/9azr_HL/d83/seed3_r0/results/9azr_hl/seed_0/predictions/9azr_hl_sample_4.cif,9azr_HL,seed3_r0,9azr_hl_sample_4.cif,0.13627
/mnt/data/msadepth/compreps/seedrep_cand/protenix/9azr_HL/d83/seed3_r0/results/9azr_hl/seed_0/predictions/9azr_hl_sample_0.cif,9azr_HL,seed3_r0,9azr_hl_sample_0.cif,0.28784
/mnt/data/msadepth/compreps/seedrep_cand/protenix/9azr_HL/d83/seed0_r0/results/9azr_hl/seed_0/predictions/9azr_hl_sample_1.cif,9azr_HL,seed0_r0,9azr_hl_sample_1.cif,0.18977
/mnt/data/msadepth/compreps/seedrep_cand/protenix/9azr_HL/d83/seed1_r0/results/9azr_hl/seed_0/predictions/9azr_hl_sample_2.cif,9azr_HL,seed1_r0,9azr_hl_sample_2.cif,0.15434
/mnt/data/msadepth/compreps/seedrep_cand/protenix/9azr_HL/d83/seed3_r0/results/9azr_hl/seed_0/predictions/9azr_hl_sample_2.cif,9azr_HL,seed3_r0,9azr_hl_sample_2.cif,0.16785
/mnt/data/msadepth/compreps/seedrep_cand/protenix/9azr_HL/d83/seed2_r0/results/9azr_hl/seed_0/predictions/9azr_hl_sample_2.cif,9azr_HL,seed2_r0,9azr_hl_sample_2.cif,0.13517
/mnt/data/msadepth/compreps/seedrep_cand/protenix/9azr_HL/d83/seed1_r0/results/9azr_hl/seed_0/predictions/9azr_hl_sample_0.cif,9azr_HL,seed1_r0,9azr_hl_sample_0.cif,0.30374
/mnt/data/msadepth/compreps/seedrep_cand/protenix/9azr_HL/d83/seed0_r0/results/9azr_hl/seed_0/predictions/9azr_hl_sample_3.cif,9azr_HL,seed0_r0,9azr_hl_sample_3.cif,0.18602
/mnt/data/msadepth/compreps/seedrep_cand/protenix/9azr_HL/d83/seed3_r0/results/9azr_hl/seed_0/predictions/9azr_hl_sample_3.cif,9azr_HL,seed3_r0,9azr_hl_sample_3.cif,0.16494
/mnt/data/msadepth/compreps/seedrep_cand/protenix/9azr_HL/d83/seedfull_r0/results/9azr_hl/seed_0/predictions/9azr_hl_sample_3.cif,9azr_HL,seedfull_r0,9azr_hl_sample_3.cif,0.25628
/mnt/data/msadepth/compreps/seedrep_cand/protenix/9azr_HL/d83/seedfull_r0/results/9azr_hl/seed_0/predictions/9azr_hl_sample_1.cif,9azr_HL,seedfull_r0,9azr_hl_sample_1.cif,0.15802
/mnt/data/msadepth/compreps/seedrep_cand/protenix/9azr_HL/d83/seed4_r0/results/9azr_hl/seed_0/predictions/9azr_hl_sample_0.cif,9azr_HL,seed4_r0,9azr_hl_sample_0.cif,0.28762
/mnt/data/msadepth/compreps/seedrep_cand/protenix/9azr_HL/d83/seed4_r0/results/9azr_hl/seed_0/predictions/9azr_hl_sample_2.cif,9azr_HL,seed4_r0,9azr_hl_sample_2.cif,0.22846
/mnt/data/msadepth/compreps/seedrep_cand/protenix/9azr_HL/d83/seedfull_r2/results/9azr_hl/seed_0/predictions/9azr_hl_sample_2.cif,9azr_HL,seedfull_r2,9azr_hl_sample_2.cif,0.14386
/mnt/data/msadepth/compreps/seedrep_cand/protenix/9azr_HL/d83/seedfull_r0/results/9azr_hl/seed_0/predictions/9azr_hl_sample_4.cif,9azr_HL,seedfull_r0,9azr_hl_sample_4.cif,0.16388
/mnt/data/msadepth/compreps/seedrep_cand/protenix/9azr_HL/d83/seedfull_r1/results/9azr_hl/seed_0/predictions/9azr_hl_sample_3.cif,9azr_HL,seedfull_r1,9azr_hl_sample_3.cif,0.22236
/mnt/data/msadepth/compreps/seedrep_cand/protenix/9azr_HL/d83/seed4_r0/results/9azr_hl/seed_0/predictions/9azr_hl_sample_3.cif,9azr_HL,seed4_r0,9azr_hl_sample_3.cif,0.27723
/mnt/data/msadepth/compreps/seedrep_cand/protenix/9azr_HL/d83/seedfull_r2/results/9azr_hl/seed_0/predictions/9azr_hl_sample_4.cif,9azr_HL,seedfull_r2,9azr_hl_sample_4.cif,0.14358
/mnt/data/msadepth/compreps/seedrep_cand/protenix/9azr_HL/d83/seedfull_r1/results/9azr_hl/seed_0/predictions/9azr_hl_sample_2.cif,9azr_HL,seedfull_r1,9azr_hl_sample_2.cif,0.36411
/mnt/data/msadepth/compreps/seedrep_cand/protenix/9azr_HL/d83/seedfull_r2/results/9azr_hl/seed_0/predictions/9azr_hl_sample_3.cif,9azr_HL,seedfull_r2,9azr_hl_sample_3.cif,0.09579
/mnt/data/msadepth/compreps/seedrep_cand/protenix/9azr_HL/d83/seedfull_r1/results/9azr_hl/seed_0/predictions/9azr_hl_sample_0.cif,9azr_HL,seedfull_r1,9azr_hl_sample_0.cif,0.24184
/mnt/data/msadepth/compreps/seedrep_cand/protenix/9azr_HL/d83/seedfull_r2/results/9azr_hl/seed_0/predictions/9azr_hl_sample_1.cif,9azr_HL,seedfull_r2,9azr_hl_sample_1.cif,0.09131
/mnt/data/msadepth/compreps/seedrep_cand/protenix/9azr_HL/d83/seed4_r0/results/9azr_hl/seed_0/predictions/9azr_hl_sample_4.cif,9azr_HL,seed4_r0,9azr_hl_sample_4.cif,0.30831
/mnt/data/msadepth/compreps/seedrep_cand/protenix/9azr_HL/d83/seedfull_r0/results/9azr_hl/seed_0/predictions/9azr_hl_sample_2.cif,9azr_HL,seedfull_r0,9azr_hl_sample_2.cif,0.16612
/mnt/data/msadepth/compreps/seedrep_cand/protenix/9azr_HL/d83/seedfull_r0/results/9azr_hl/seed_0/predictions/9azr_hl_sample_0.cif,9azr_HL,seedfull_r0,9azr_hl_sample_0.cif,0.10124
/mnt/data/msadepth/compreps/seedrep_cand/protenix/9azr_HL/d83/seedfull_r2/results/9azr_hl/seed_0/predictions/9azr_hl_sample_0.cif,9azr_HL,seedfull_r2,9azr_hl_sample_0.cif,0.15519
/mnt/data/msadepth/compreps/seedrep_cand/protenix/9azr_HL/d83/seed4_r0/results/9azr_hl/seed_0/predictions/9azr_hl_sample_1.cif,9azr_HL,seed4_r0,9azr_hl_sample_1.cif,0.23096
/mnt/data/msadepth/compreps/seedrep_cand/protenix/9azr_HL/d83/seedfull_r1/results/9azr_hl/seed_0/predictions/9azr_hl_sample_4.cif,9azr_HL,seedfull_r1,9azr_hl_sample_4.cif,0.20019
/mnt/data/msadepth/compreps/seedrep_cand/protenix/9azr_HL/d83/seedfull_r1/results/9azr_hl/seed_0/predictions/9azr_hl_sample_1.cif,9azr_HL,seedfull_r1,9azr_hl_sample_1.cif,0.18369
/mnt/data/msadepth/compreps/seedrep_cand/protenix/9azr_HL/d83/seedfull_r3/results/9azr_hl/seed_0/predictions/9azr_hl_sample_0.cif,9azr_HL,seedfull_r3,9azr_hl_sample_0.cif,0.26239
/mnt/data/msadepth/compreps/seedrep_cand/protenix/9azr_HL/d83/seedfull_r4/results/9azr_hl/seed_0/predictions/9azr_hl_sample_1.cif,9azr_HL,seedfull_r4,9azr_hl_sample_1.cif,0.11559
/mnt/data/msadepth/compreps/seedrep_cand/protenix/9azr_HL/d83/seedfull_r3/results/9azr_hl/seed_0/predictions/9azr_hl_sample_1.cif,9azr_HL,seedfull_r3,9azr_hl_sample_1.cif,0.34992
/mnt/data/msadepth/compreps/seedrep_cand/protenix/9azr_HL/d83/seedfull_r3/results/9azr_hl/seed_0/predictions/9azr_hl_sample_3.cif,9azr_HL,seedfull_r3,9azr_hl_sample_3.cif,0.2144
/mnt/data/msadepth/compreps/seedrep_cand/protenix/9azr_HL/d83/seedfull_r4/results/9azr_hl/seed_0/predictions/9azr_hl_sample_0.cif,9azr_HL,seedfull_r4,9azr_hl_sample_0.cif,0.25088
/mnt/data/msadepth/compreps/seedrep_cand/protenix/9azr_HL/d83/seedfull_r3/results/9azr_hl/seed_0/predictions/9azr_hl_sample_2.cif,9azr_HL,seedfull_r3,9azr_hl_sample_2.cif,0.12731
/mnt/data/msadepth/compreps/seedrep_cand/protenix/9azr_HL/d83/seedfull_r3/results/9azr_hl/seed_0/predictions/9azr_hl_sample_4.cif,9azr_HL,seedfull_r3,9azr_hl_sample_4.cif,0.15622
/mnt/data/msadepth/compreps/seedrep_cand/protenix/9azr_HL/d83/seedfull_r4/results/9azr_hl/seed_0/predictions/9azr_hl_sample_2.cif,9azr_HL,seedfull_r4,9azr_hl_sample_2.cif,0.26754
/mnt/data/msadepth/compreps/seedrep_cand/protenix/9azr_HL/d83/seedfull_r4/results/9azr_hl/seed_0/predictions/9azr_hl_sample_4.cif,9azr_HL,seedfull_r4,9azr_hl_sample_4.cif,0.03733
/mnt/data/msadepth/compreps/seedrep_cand/protenix/9azr_HL/d83/seedfull_r4/results/9azr_hl/seed_0/predictions/9azr_hl_sample_3.cif,9azr_HL,seedfull_r4,9azr_hl_sample_3.cif,0.24959
/mnt/data/msadepth/compreps/seedrep_cand/protenix/9azt_HL/d4/seed0_r1/results/9azt_hl/seed_0/predictions/9azt_hl_sample_1.cif,9azt_HL,seed0_r1,9azt_hl_sample_1.cif,0.03402
/mnt/data/msadepth/compreps/seedrep_cand/protenix/9azt_HL/d4/seed0_r1/results/9azt_hl/seed_0/predictions/9azt_hl_sample_4.cif,9azt_HL,seed0_r1,9azt_hl_sample_4.cif,0.2346
/mnt/data/msadepth/compreps/seedrep_cand/protenix/9azt_HL/d4/seed0_r2/results/9azt_hl/seed_0/predictions/9azt_hl_sample_2.cif,9azt_HL,seed0_r2,9azt_hl_sample_2.cif,0.03611
/mnt/data/msadepth/compreps/seedrep_cand/protenix/9azt_HL/d4/seed0_r2/results/9azt_hl/seed_0/predictions/9azt_hl_sample_1.cif,9azt_HL,seed0_r2,9azt_hl_sample_1.cif,0.06248
/mnt/data/msadepth/compreps/seedrep_cand/protenix/9azt_HL/d4/seed0_r0/results/9azt_hl/seed_0/predictions/9azt_hl_sample_2.cif,9azt_HL,seed0_r0,9azt_hl_sample_2.cif,0.15063
/mnt/data/msadepth/compreps/seedrep_cand/protenix/9azt_HL/d4/seed0_r1/results/9azt_hl/seed_0/predictions/9azt_hl_sample_3.cif,9azt_HL,seed0_r1,9azt_hl_sample_3.cif,0.04597
/mnt/data/msadepth/compreps/seedrep_cand/protenix/9azt_HL/d4/seed0_r1/results/9azt_hl/seed_0/predictions/9azt_hl_sample_2.cif,9azt_HL,seed0_r1,9azt_hl_sample_2.cif,0.07517
/mnt/data/msadepth/compreps/seedrep_cand/protenix/9azt_HL/d4/seed0_r2/results/9azt_hl/seed_0/predictions/9azt_hl_sample_0.cif,9azt_HL,seed0_r2,9azt_hl_sample_0.cif,0.04413
/mnt/data/msadepth/compreps/seedrep_cand/protenix/9azt_HL/d4/seed0_r0/results/9azt_hl/seed_0/predictions/9azt_hl_sample_4.cif,9azt_HL,seed0_r0,9azt_hl_sample_4.cif,0.07538
/mnt/data/msadepth/compreps/seedrep_cand/protenix/9azt_HL/d4/seed0_r2/results/9azt_hl/seed_0/predictions/9azt_hl_sample_4.cif,9azt_HL,seed0_r2,9azt_hl_sample_4.cif,0.09534
/mnt/data/msadepth/compreps/seedrep_cand/protenix/9azt_HL/d4/seed0_r0/results/9azt_hl/seed_0/predictions/9azt_hl_sample_0.cif,9azt_HL,seed0_r0,9azt_hl_sample_0.cif,0.02401
/mnt/data/msadepth/compreps/seedrep_cand/protenix/9azt_HL/d4/seed0_r3/results/9azt_hl/seed_0/predictions/9azt_hl_sample_2.cif,9azt_HL,seed0_r3,9azt_hl_sample_2.cif,0.07207
/mnt/data/msadepth/compreps/seedrep_cand/protenix/9azt_HL/d4/seed0_r0/results/9azt_hl/seed_0/predictions/9azt_hl_sample_1.cif,9azt_HL,seed0_r0,9azt_hl_sample_1.cif,0.081
/mnt/data/msadepth/compreps/seedrep_cand/protenix/9azt_HL/d4/seed0_r3/results/9azt_hl/seed_0/predictions/9azt_hl_sample_0.cif,9azt_HL,seed0_r3,9azt_hl_sample_0.cif,0.06569
/mnt/data/msadepth/compreps/seedrep_cand/protenix/9azt_HL/d4/seed0_r3/results/9azt_hl/seed_0/predictions/9azt_hl_sample_3.cif,9azt_HL,seed0_r3,9azt_hl_sample_3.cif,0.05604
/mnt/data/msadepth/compreps/seedrep_cand/protenix/9azt_HL/d4/seed0_r3/results/9azt_hl/seed_0/predictions/9azt_hl_sample_4.cif,9azt_HL,seed0_r3,9azt_hl_sample_4.cif,0.04015
/mnt/data/msadepth/compreps/seedrep_cand/protenix/9azt_HL/d4/seed0_r0/results/9azt_hl/seed_0/predictions/9azt_hl_sample_3.cif,9azt_HL,seed0_r0,9azt_hl_sample_3.cif,0.09902
/mnt/data/msadepth/compreps/seedrep_cand/protenix/9azt_HL/d4/seed0_r3/results/9azt_hl/seed_0/predictions/9azt_hl_sample_1.cif,9azt_HL,seed0_r3,9azt_hl_sample_1.cif,0.07034
/mnt/data/msadepth/compreps/seedrep_cand/protenix/9azt_HL/d4/seed0_r2/results/9azt_hl/seed_0/predictions/9azt_hl_sample_3.cif,9azt_HL,seed0_r2,9azt_hl_sample_3.cif,0.09891
/mnt/data/msadepth/compreps/seedrep_cand/protenix/9azt_HL/d4/seed0_r1/results/9azt_hl/seed_0/predictions/9azt_hl_sample_0.cif,9azt_HL,seed0_r1,9azt_hl_sample_0.cif,0.06459
/mnt/data/msadepth/compreps/seedrep_cand/protenix/9azt_HL/d4/seed1_r1/results/9azt_hl/seed_0/predictions/9azt_hl_sample_4.cif,9azt_HL,seed1_r1,9azt_hl_sample_4.cif,0.04576
/mnt/data/msadepth/compreps/seedrep_cand/protenix/9azt_HL/d4/seed1_r3/results/9azt_hl/seed_0/predictions/9azt_hl_sample_2.cif,9azt_HL,seed1_r3,9azt_hl_sample_2.cif,0.04628
/mnt/data/msadepth/compreps/seedrep_cand/protenix/9azt_HL/d4/seed1_r3/results/9azt_hl/seed_0/predictions/9azt_hl_sample_4.cif,9azt_HL,seed1_r3,9azt_hl_sample_4.cif,0.02797
/mnt/data/msadepth/compreps/seedrep_cand/protenix/9azt_HL/d4/seed1_r3/results/9azt_hl/seed_0/predictions/9azt_hl_sample_0.cif,9azt_HL,seed1_r3,9azt_hl_sample_0.cif,0.02458
/mnt/data/msadepth/compreps/seedrep_cand/protenix/9azt_HL/d4/seed1_r0/results/9azt_hl/seed_0/predictions/9azt_hl_sample_2.cif,9azt_HL,seed1_r0,9azt_hl_sample_2.cif,0.10267
/mnt/data/msadepth/compreps/seedrep_cand/protenix/9azt_HL/d4/seed1_r3/results/9azt_hl/seed_0/predictions/9azt_hl_sample_3.cif,9azt_HL,seed1_r3,9azt_hl_sample_3.cif,0.05498
/mnt/data/msadepth/compreps/seedrep_cand/protenix/9azt_HL/d4/seed1_r1/results/9azt_hl/seed_0/predictions/9azt_hl_sample_2.cif,9azt_HL,seed1_r1,9azt_hl_sample_2.cif,0.02726
/mnt/data/msadepth/compreps/seedrep_cand/protenix/9azt_HL/d4/seed1_r2/results/9azt_hl/seed_0/predictions/9azt_hl_sample_4.cif,9azt_HL,seed1_r2,9azt_hl_sample_4.cif,0.08494
/mnt/data/msadepth/compreps/seedrep_cand/protenix/9azt_HL/d4/seed1_r0/results/9azt_hl/seed_0/predictions/9azt_hl_sample_1.cif,9azt_HL,seed1_r0,9azt_hl_sample_1.cif,0.04801
/mnt/data/msadepth/compreps/seedrep_cand/protenix/9azt_HL/d4/seed1_r3/results/9azt_hl/seed_0/predictions/9azt_hl_sample_1.cif,9azt_HL,seed1_r3,9azt_hl_sample_1.cif,0.05012
/mnt/data/msadepth/compreps/seedrep_cand/protenix/9azt_HL/d4/seed1_r2/results/9azt_hl/seed_0/predictions/9azt_hl_sample_3.cif,9azt_HL,seed1_r2,9azt_hl_sample_3.cif,0.0216
/mnt/data/msadepth/compreps/seedrep_cand/protenix/9azt_HL/d4/seed1_r2/results/9azt_hl/seed_0/predictions/9azt_hl_sample_2.cif,9azt_HL,seed1_r2,9azt_hl_sample_2.cif,0.12261
/mnt/data/msadepth/compreps/seedrep_cand/protenix/9azt_HL/d4/seed1_r1/results/9azt_hl/seed_0/predictions/9azt_hl_sample_1.cif,9azt_HL,seed1_r1,9azt_hl_sample_1.cif,0.053
/mnt/data/msadepth/compreps/seedrep_cand/protenix/9azt_HL/d4/seed1_r0/results/9azt_hl/seed_0/predictions/9azt_hl_sample_4.cif,9azt_HL,seed1_r0,9azt_hl_sample_4.cif,0.03206
/mnt/data/msadepth/compreps/seedrep_cand/protenix/9azt_HL/d4/seed1_r2/results/9azt_hl/seed_0/predictions/9azt_hl_sample_0.cif,9azt_HL,seed1_r2,9azt_hl_sample_0.cif,0.04545
/mnt/data/msadepth/compreps/seedrep_cand/protenix/9azt_HL/d4/seed1_r1/results/9azt_hl/seed_0/predictions/9azt_hl_sample_3.cif,9azt_HL,seed1_r1,9azt_hl_sample_3.cif,0.02608
/mnt/data/msadepth/compreps/seedrep_cand/protenix/9azt_HL/d4/seed1_r0/results/9azt_hl/seed_0/predictions/9azt_hl_sample_3.cif,9azt_HL,seed1_r0,9azt_hl_sample_3.cif,0.07483
/mnt/data/msadepth/compreps/seedrep_cand/protenix/9azt_HL/d4/seed1_r2/results/9azt_hl/seed_0/predictions/9azt_hl_sample_1.cif,9azt_HL,seed1_r2,9azt_hl_sample_1.cif,0.07351
/mnt/data/msadepth/compreps/seedrep_cand/protenix/9azt_HL/d4/seed1_r1/results/9azt_hl/seed_0/predictions/9azt_hl_sample_0.cif,9azt_HL,seed1_r1,9azt_hl_sample_0.cif,0.03807
/mnt/data/msadepth/compreps/seedrep_cand/protenix/9azt_HL/d4/seed1_r0/results/9azt_hl/seed_0/predictions/9azt_hl_sample_0.cif,9azt_HL,seed1_r0,9azt_hl_sample_0.cif,0.0723
/mnt/data/msadepth/compreps/seedrep_cand/protenix/9azt_HL/d4/seed2_r2/results/9azt_hl/seed_0/predictions/9azt_hl_sample_2.cif,9azt_HL,seed2_r2,9azt_hl_sample_2.cif,0.05044
/mnt/data/msadepth/compreps/seedrep_cand/protenix/9azt_HL/d4/seed2_r0/results/9azt_hl/seed_0/predictions/9azt_hl_sample_1.cif,9azt_HL,seed2_r0,9azt_hl_sample_1.cif,0.10168
/mnt/data/msadepth/compreps/seedrep_cand/protenix/9azt_HL/d4/seed2_r1/results/9azt_hl/seed_0/predictions/9azt_hl_sample_1.cif,9azt_HL,seed2_r1,9azt_hl_sample_1.cif,0.12174
/mnt/data/msadepth/compreps/seedrep_cand/protenix/9azt_HL/d4/seed2_r1/results/9azt_hl/seed_0/predictions/9azt_hl_sample_4.cif,9azt_HL,seed2_r1,9azt_hl_sample_4.cif,0.05863
/mnt/data/msadepth/compreps/seedrep_cand/protenix/9azt_HL/d4/seed2_r2/results/9azt_hl/seed_0/predictions/9azt_hl_sample_3.cif,9azt_HL,seed2_r2,9azt_hl_sample_3.cif,0.0897
/mnt/data/msadepth/compreps/seedrep_cand/protenix/9azt_HL/d4/seed2_r0/results/9azt_hl/seed_0/predictions/9azt_hl_sample_2.cif,9azt_HL,seed2_r0,9azt_hl_sample_2.cif,0.02665
/mnt/data/msadepth/compreps/seedrep_cand/protenix/9azt_HL/d4/seed2_r3/results/9azt_hl/seed_0/predictions/9azt_hl_sample_2.cif,9azt_HL,seed2_r3,9azt_hl_sample_2.cif,0.06842
/mnt/data/msadepth/compreps/seedrep_cand/protenix/9azt_HL/d4/seed2_r3/results/9azt_hl/seed_0/predictions/9azt_hl_sample_1.cif,9azt_HL,seed2_r3,9azt_hl_sample_1.cif,0.03762
/mnt/data/msadepth/compreps/seedrep_cand/protenix/9azt_HL/d4/seed2_r3/results/9azt_hl/seed_0/predictions/9azt_hl_sample_3.cif,9azt_HL,seed2_r3,9azt_hl_sample_3.cif,0.14822
/mnt/data/msadepth/compreps/seedrep_cand/protenix/9azt_HL/d4/seed2_r1/results/9azt_hl/seed_0/predictions/9azt_hl_sample_2.cif,9azt_HL,seed2_r1,9azt_hl_sample_2.cif,0.10567
/mnt/data/msadepth/compreps/seedrep_cand/protenix/9azt_HL/d4/seed2_r2/results/9azt_hl/seed_0/predictions/9azt_hl_sample_1.cif,9azt_HL,seed2_r2,9azt_hl_sample_1.cif,0.06438
/mnt/data/msadepth/compreps/seedrep_cand/protenix/9azt_HL/d4/seed2_r2/results/9azt_hl/seed_0/predictions/9azt_hl_sample_0.cif,9azt_HL,seed2_r2,9azt_hl_sample_0.cif,0.06521
/mnt/data/msadepth/compreps/seedrep_cand/protenix/9azt_HL/d4/seed2_r1/results/9azt_hl/seed_0/predictions/9azt_hl_sample_0.cif,9azt_HL,seed2_r1,9azt_hl_sample_0.cif,0.09513
/mnt/data/msadepth/compreps/seedrep_cand/protenix/9azt_HL/d4/seed2_r3/results/9azt_hl/seed_0/predictions/9azt_hl_sample_0.cif,9azt_HL,seed2_r3,9azt_hl_sample_0.cif,0.06121
/mnt/data/msadepth/compreps/seedrep_cand/protenix/9azt_HL/d4/seed2_r0/results/9azt_hl/seed_0/predictions/9azt_hl_sample_3.cif,9azt_HL,seed2_r0,9azt_hl_sample_3.cif,0.0409
/mnt/data/msadepth/compreps/seedrep_cand/protenix/9azt_HL/d4/seed2_r3/results/9azt_hl/seed_0/predictions/9azt_hl_sample_4.cif,9azt_HL,seed2_r3,9azt_hl_sample_4.cif,0.10534
/mnt/data/msadepth/compreps/seedrep_cand/protenix/9azt_HL/d4/seed2_r0/results/9azt_hl/seed_0/predictions/9azt_hl_sample_0.cif,9azt_HL,seed2_r0,9azt_hl_sample_0.cif,0.05583
/mnt/data/msadepth/compreps/seedrep_cand/protenix/9azt_HL/d4/seed2_r1/results/9azt_hl/seed_0/predictions/9azt_hl_sample_3.cif,9azt_HL,seed2_r1,9azt_hl_sample_3.cif,0.08979
/mnt/data/msadepth/compreps/seedrep_cand/protenix/9azt_HL/d4/seed2_r2/results/9azt_hl/seed_0/predictions/9azt_hl_sample_4.cif,9azt_HL,seed2_r2,9azt_hl_sample_4.cif,0.06334
/mnt/data/msadepth/compreps/seedrep_cand/protenix/9azt_HL/d4/seed2_r0/results/9azt_hl/seed_0/predictions/9azt_hl_sample_4.cif,9azt_HL,seed2_r0,9azt_hl_sample_4.cif,0.02578
/mnt/data/msadepth/compreps/seedrep_cand/protenix/9azt_HL/d4/seed3_r1/results/9azt_hl/seed_0/predictions/9azt_hl_sample_4.cif,9azt_HL,seed3_r1,9azt_hl_sample_4.cif,0.02327
/mnt/data/msadepth/compreps/seedrep_cand/protenix/9azt_HL/d4/seed3_r3/results/9azt_hl/seed_0/predictions/9azt_hl_sample_4.cif,9azt_HL,seed3_r3,9azt_hl_sample_4.cif,0.03908
/mnt/data/msadepth/compreps/seedrep_cand/protenix/9azt_HL/d4/seed3_r0/results/9azt_hl/seed_0/predictions/9azt_hl_sample_0.cif,9azt_HL,seed3_r0,9azt_hl_sample_0.cif,0.18581
/mnt/data/msadepth/compreps/seedrep_cand/protenix/9azt_HL/d4/seed3_r3/results/9azt_hl/seed_0/predictions/9azt_hl_sample_2.cif,9azt_HL,seed3_r3,9azt_hl_sample_2.cif,0.03257
/mnt/data/msadepth/compreps/seedrep_cand/protenix/9azt_HL/d4/seed3_r2/results/9azt_hl/seed_0/predictions/9azt_hl_sample_3.cif,9azt_HL,seed3_r2,9azt_hl_sample_3.cif,0.09601
/mnt/data/msadepth/compreps/seedrep_cand/protenix/9azt_HL/d4/seed3_r2/results/9azt_hl/seed_0/predictions/9azt_hl_sample_4.cif,9azt_HL,seed3_r2,9azt_hl_sample_4.cif,0.08334
/mnt/data/msadepth/compreps/seedrep_cand/protenix/9azt_HL/d4/seed3_r0/results/9azt_hl/seed_0/predictions/9azt_hl_sample_3.cif,9azt_HL,seed3_r0,9azt_hl_sample_3.cif,0.09122
/mnt/data/msadepth/compreps/seedrep_cand/protenix/9azt_HL/d4/seed3_r2/results/9azt_hl/seed_0/predictions/9azt_hl_sample_0.cif,9azt_HL,seed3_r2,9azt_hl_sample_0.cif,0.15621
/mnt/data/msadepth/compreps/seedrep_cand/protenix/9azt_HL/d4/seed3_r1/results/9azt_hl/seed_0/predictions/9azt_hl_sample_3.cif,9azt_HL,seed3_r1,9azt_hl_sample_3.cif,0.04636
/mnt/data/msadepth/compreps/seedrep_cand/protenix/9azt_HL/d4/seed3_r0/results/9azt_hl/seed_0/predictions/9azt_hl_sample_1.cif,9azt_HL,seed3_r0,9azt_hl_sample_1.cif,0.0826
/mnt/data/msadepth/compreps/seedrep_cand/protenix/9azt_HL/d4/seed3_r2/results/9azt_hl/seed_0/predictions/9azt_hl_sample_2.cif,9azt_HL,seed3_r2,9azt_hl_sample_2.cif,0.06505
/mnt/data/msadepth/compreps/seedrep_cand/protenix/9azt_HL/d4/seed3_r0/results/9azt_hl/seed_0/predictions/9azt_hl_sample_4.cif,9azt_HL,seed3_r0,9azt_hl_sample_4.cif,0.04995
/mnt/data/msadepth/compreps/seedrep_cand/protenix/9azt_HL/d4/seed3_r3/results/9azt_hl/seed_0/predictions/9azt_hl_sample_3.cif,9azt_HL,seed3_r3,9azt_hl_sample_3.cif,0.02337
/mnt/data/msadepth/compreps/seedrep_cand/protenix/9azt_HL/d4/seed3_r1/results/9azt_hl/seed_0/predictions/9azt_hl_sample_2.cif,9azt_HL,seed3_r1,9azt_hl_sample_2.cif,0.03096
/mnt/data/msadepth/compreps/seedrep_cand/protenix/9azt_HL/d4/seed3_r3/results/9azt_hl/seed_0/predictions/9azt_hl_sample_1.cif,9azt_HL,seed3_r3,9azt_hl_sample_1.cif,0.06942
/mnt/data/msadepth/compreps/seedrep_cand/protenix/9azt_HL/d4/seed3_r2/results/9azt_hl/seed_0/predictions/9azt_hl_sample_1.cif,9azt_HL,seed3_r2,9azt_hl_sample_1.cif,0.21352
/mnt/data/msadepth/compreps/seedrep_cand/protenix/9azt_HL/d4/seed3_r1/results/9azt_hl/seed_0/predictions/9azt_hl_sample_1.cif,9azt_HL,seed3_r1,9azt_hl_sample_1.cif,0.07671
/mnt/data/msadepth/compreps/seedrep_cand/protenix/9azt_HL/d4/seed3_r0/results/9azt_hl/seed_0/predictions/9azt_hl_sample_2.cif,9azt_HL,seed3_r0,9azt_hl_sample_2.cif,0.08432
/mnt/data/msadepth/compreps/seedrep_cand/protenix/9azt_HL/d4/seed3_r3/results/9azt_hl/seed_0/predictions/9azt_hl_sample_0.cif,9azt_HL,seed3_r3,9azt_hl_sample_0.cif,0.03928
/mnt/data/msadepth/compreps/seedrep_cand/protenix/9azt_HL/d4/seed3_r1/results/9azt_hl/seed_0/predictions/9azt_hl_sample_0.cif,9azt_HL,seed3_r1,9azt_hl_sample_0.cif,0.08029
/mnt/data/msadepth/compreps/seedrep_cand/protenix/9azt_HL/d4/seed4_r2/results/9azt_hl/seed_0/predictions/9azt_hl_sample_4.cif,9azt_HL,seed4_r2,9azt_hl_sample_4.cif,0.05502
/mnt/data/msadepth/compreps/seedrep_cand/protenix/9azt_HL/d4/seed4_r3/results/9azt_hl/seed_0/predictions/9azt_hl_sample_1.cif,9azt_HL,seed4_r3,9azt_hl_sample_1.cif,0.19769
/mnt/data/msadepth/compreps/seedrep_cand/protenix/9azt_HL/d4/seed4_r2/results/9azt_hl/seed_0/predictions/9azt_hl_sample_2.cif,9azt_HL,seed4_r2,9azt_hl_sample_2.cif,0.11336
/mnt/data/msadepth/compreps/seedrep_cand/protenix/9azt_HL/d4/seed4_r1/results/9azt_hl/seed_0/predictions/9azt_hl_sample_0.cif,9azt_HL,seed4_r1,9azt_hl_sample_0.cif,0.09319
/mnt/data/msadepth/compreps/seedrep_cand/protenix/9azt_HL/d4/seed4_r0/results/9azt_hl/seed_0/predictions/9azt_hl_sample_0.cif,9azt_HL,seed4_r0,9azt_hl_sample_0.cif,0.03038
/mnt/data/msadepth/compreps/seedrep_cand/protenix/9azt_HL/d4/seed4_r1/results/9azt_hl/seed_0/predictions/9azt_hl_sample_1.cif,9azt_HL,seed4_r1,9azt_hl_sample_1.cif,0.05398
/mnt/data/msadepth/compreps/seedrep_cand/protenix/9azt_HL/d4/seed4_r3/results/9azt_hl/seed_0/predictions/9azt_hl_sample_3.cif,9azt_HL,seed4_r3,9azt_hl_sample_3.cif,0.18844
/mnt/data/msadepth/compreps/seedrep_cand/protenix/9azt_HL/d4/seed4_r1/results/9azt_hl/seed_0/predictions/9azt_hl_sample_3.cif,9azt_HL,seed4_r1,9azt_hl_sample_3.cif,0.12043
/mnt/data/msadepth/compreps/seedrep_cand/protenix/9azt_HL/d4/seed4_r3/results/9azt_hl/seed_0/predictions/9azt_hl_sample_4.cif,9azt_HL,seed4_r3,9azt_hl_sample_4.cif,0.06547
/mnt/data/msadepth/compreps/seedrep_cand/protenix/9azt_HL/d4/seed4_r0/results/9azt_hl/seed_0/predictions/9azt_hl_sample_3.cif,9azt_HL,seed4_r0,9azt_hl_sample_3.cif,0.04343
/mnt/data/msadepth/compreps/seedrep_cand/protenix/9azt_HL/d4/seed4_r2/results/9azt_hl/seed_0/predictions/9azt_hl_sample_3.cif,9azt_HL,seed4_r2,9azt_hl_sample_3.cif,0.05417
/mnt/data/msadepth/compreps/seedrep_cand/protenix/9azt_HL/d4/seed4_r0/results/9azt_hl/seed_0/predictions/9azt_hl_sample_1.cif,9azt_HL,seed4_r0,9azt_hl_sample_1.cif,0.03503
/mnt/data/msadepth/compreps/seedrep_cand/protenix/9azt_HL/d4/seed4_r1/results/9azt_hl/seed_0/predictions/9azt_hl_sample_2.cif,9azt_HL,seed4_r1,9azt_hl_sample_2.cif,0.02677
/mnt/data/msadepth/compreps/seedrep_cand/protenix/9azt_HL/d4/seed4_r2/results/9azt_hl/seed_0/predictions/9azt_hl_sample_1.cif,9azt_HL,seed4_r2,9azt_hl_sample_1.cif,0.03882
/mnt/data/msadepth/compreps/seedrep_cand/protenix/9azt_HL/d4/seed4_r2/results/9azt_hl/seed_0/predictions/9azt_hl_sample_0.cif,9azt_HL,seed4_r2,9azt_hl_sample_0.cif,0.05365
/mnt/data/msadepth/compreps/seedrep_cand/protenix/9azt_HL/d4/seed4_r0/results/9azt_hl/seed_0/predictions/9azt_hl_sample_2.cif,9azt_HL,seed4_r0,9azt_hl_sample_2.cif,0.04197
/mnt/data/msadepth/compreps/seedrep_cand/protenix/9azt_HL/d4/seed4_r3/results/9azt_hl/seed_0/predictions/9azt_hl_sample_2.cif,9azt_HL,seed4_r3,9azt_hl_sample_2.cif,0.03514
/mnt/data/msadepth/compreps/seedrep_cand/protenix/9azt_HL/d4/seed4_r0/results/9azt_hl/seed_0/predictions/9azt_hl_sample_4.cif,9azt_HL,seed4_r0,9azt_hl_sample_4.cif,0.09487
/mnt/data/msadepth/compreps/seedrep_cand/protenix/9azt_HL/d4/seed4_r3/results/9azt_hl/seed_0/predictions/9azt_hl_sample_0.cif,9azt_HL,seed4_r3,9azt_hl_sample_0.cif,0.11109
/mnt/data/msadepth/compreps/seedrep_cand/protenix/9azt_HL/d4/seed4_r1/results/9azt_hl/seed_0/predictions/9azt_hl_sample_4.cif,9azt_HL,seed4_r1,9azt_hl_sample_4.cif,0.07946
/mnt/data/msadepth/compreps/seedrep_cand/protenix/9azt_HL/d4/seed5_r1/results/9azt_hl/seed_0/predictions/9azt_hl_sample_0.cif,9azt_HL,seed5_r1,9azt_hl_sample_0.cif,0.0352
/mnt/data/msadepth/compreps/seedrep_cand/protenix/9azt_HL/d4/seed5_r2/results/9azt_hl/seed_0/predictions/9azt_hl_sample_2.cif,9azt_HL,seed5_r2,9azt_hl_sample_2.cif,0.06866
/mnt/data/msadepth/compreps/seedrep_cand/protenix/9azt_HL/d4/seed5_r2/results/9azt_hl/seed_0/predictions/9azt_hl_sample_4.cif,9azt_HL,seed5_r2,9azt_hl_sample_4.cif,0.03567
/mnt/data/msadepth/compreps/seedrep_cand/protenix/9azt_HL/d4/seed5_r1/results/9azt_hl/seed_0/predictions/9azt_hl_sample_2.cif,9azt_HL,seed5_r1,9azt_hl_sample_2.cif,0.05222
/mnt/data/msadepth/compreps/seedrep_cand/protenix/9azt_HL/d4/seed5_r1/results/9azt_hl/seed_0/predictions/9azt_hl_sample_4.cif,9azt_HL,seed5_r1,9azt_hl_sample_4.cif,0.02724
/mnt/data/msadepth/compreps/seedrep_cand/protenix/9azt_HL/d4/seed5_r1/results/9azt_hl/seed_0/predictions/9azt_hl_sample_1.cif,9azt_HL,seed5_r1,9azt_hl_sample_1.cif,0.04928
/mnt/data/msadepth/compreps/seedrep_cand/protenix/9azt_HL/d4/seed5_r0/results/9azt_hl/seed_0/predictions/9azt_hl_sample_2.cif,9azt_HL,seed5_r0,9azt_hl_sample_2.cif,0.12831
/mnt/data/msadepth/compreps/seedrep_cand/protenix/9azt_HL/d4/seed5_r2/results/9azt_hl/seed_0/predictions/9azt_hl_sample_3.cif,9azt_HL,seed5_r2,9azt_hl_sample_3.cif,0.02861
/mnt/data/msadepth/compreps/seedrep_cand/protenix/9azt_HL/d4/seed5_r0/results/9azt_hl/seed_0/predictions/9azt_hl_sample_4.cif,9azt_HL,seed5_r0,9azt_hl_sample_4.cif,0.02301
/mnt/data/msadepth/compreps/seedrep_cand/protenix/9azt_HL/d4/seed5_r0/results/9azt_hl/seed_0/predictions/9azt_hl_sample_1.cif,9azt_HL,seed5_r0,9azt_hl_sample_1.cif,0.09491
/mnt/data/msadepth/compreps/seedrep_cand/protenix/9azt_HL/d4/seed5_r0/results/9azt_hl/seed_0/predictions/9azt_hl_sample_0.cif,9azt_HL,seed5_r0,9azt_hl_sample_0.cif,0.02993
/mnt/data/msadepth/compreps/seedrep_cand/protenix/9azt_HL/d4/seed5_r3/results/9azt_hl/seed_0/predictions/9azt_hl_sample_3.cif,9azt_HL,seed5_r3,9azt_hl_sample_3.cif,0.02673
/mnt/data/msadepth/compreps/seedrep_cand/protenix/9azt_HL/d4/seed5_r2/results/9azt_hl/seed_0/predictions/9azt_hl_sample_0.cif,9azt_HL,seed5_r2,9azt_hl_sample_0.cif,0.04853
/mnt/data/msadepth/compreps/seedrep_cand/protenix/9azt_HL/d4/seed5_r2/results/9azt_hl/seed_0/predictions/9azt_hl_sample_1.cif,9azt_HL,seed5_r2,9azt_hl_sample_1.cif,0.02205
/mnt/data/msadepth/compreps/seedrep_cand/protenix/9azt_HL/d4/seed5_r3/results/9azt_hl/seed_0/predictions/9azt_hl_sample_1.cif,9azt_HL,seed5_r3,9azt_hl_sample_1.cif,0.04665
/mnt/data/msadepth/compreps/seedrep_cand/protenix/9azt_HL/d4/seed5_r3/results/9azt_hl/seed_0/predictions/9azt_hl_sample_0.cif,9azt_HL,seed5_r3,9azt_hl_sample_0.cif,0.13392
/mnt/data/msadepth/compreps/seedrep_cand/protenix/9azt_HL/d4/seed5_r0/results/9azt_hl/seed_0/predictions/9azt_hl_sample_3.cif,9azt_HL,seed5_r0,9azt_hl_sample_3.cif,0.03197
/mnt/data/msadepth/compreps/seedrep_cand/protenix/9azt_HL/d4/seed5_r1/results/9azt_hl/seed_0/predictions/9azt_hl_sample_3.cif,9azt_HL,seed5_r1,9azt_hl_sample_3.cif,0.03234
/mnt/data/msadepth/compreps/seedrep_cand/protenix/9azt_HL/d4/seed5_r3/results/9azt_hl/seed_0/predictions/9azt_hl_sample_4.cif,9azt_HL,seed5_r3,9azt_hl_sample_4.cif,0.0296
/mnt/data/msadepth/compreps/seedrep_cand/protenix/9azt_HL/d4/seed5_r3/results/9azt_hl/seed_0/predictions/9azt_hl_sample_2.cif,9azt_HL,seed5_r3,9azt_hl_sample_2.cif,0.09438
/mnt/data/msadepth/compreps/seedrep_cand/protenix/9azt_HL/d4/seedfull_r1/results/9azt_hl/seed_0/predictions/9azt_hl_sample_3.cif,9azt_HL,seedfull_r1,9azt_hl_sample_3.cif,0.0335
/mnt/data/msadepth/compreps/seedrep_cand/protenix/9azt_HL/d4/seedfull_r2/results/9azt_hl/seed_0/predictions/9azt_hl_sample_1.cif,9azt_HL,seedfull_r2,9azt_hl_sample_1.cif,0.10456
/mnt/data/msadepth/compreps/seedrep_cand/protenix/9azt_HL/d4/seedfull_r3/results/9azt_hl/seed_0/predictions/9azt_hl_sample_2.cif,9azt_HL,seedfull_r3,9azt_hl_sample_2.cif,0.04263
/mnt/data/msadepth/compreps/seedrep_cand/protenix/9azt_HL/d4/seedfull_r2/results/9azt_hl/seed_0/predictions/9azt_hl_sample_3.cif,9azt_HL,seedfull_r2,9azt_hl_sample_3.cif,0.04061
/mnt/data/msadepth/compreps/seedrep_cand/protenix/9azt_HL/d4/seedfull_r1/results/9azt_hl/seed_0/predictions/9azt_hl_sample_0.cif,9azt_HL,seedfull_r1,9azt_hl_sample_0.cif,0.21977
/mnt/data/msadepth/compreps/seedrep_cand/protenix/9azt_HL/d4/seedfull_r0/results/9azt_hl/seed_0/predictions/9azt_hl_sample_4.cif,9azt_HL,seedfull_r0,9azt_hl_sample_4.cif,0.17482
/mnt/data/msadepth/compreps/seedrep_cand/protenix/9azt_HL/d4/seedfull_r3/results/9azt_hl/seed_0/predictions/9azt_hl_sample_1.cif,9azt_HL,seedfull_r3,9azt_hl_sample_1.cif,0.17387
/mnt/data/msadepth/compreps/seedrep_cand/protenix/9azt_HL/d4/seedfull_r2/results/9azt_hl/seed_0/predictions/9azt_hl_sample_4.cif,9azt_HL,seedfull_r2,9azt_hl_sample_4.cif,0.03535
/mnt/data/msadepth/compreps/seedrep_cand/protenix/9azt_HL/d4/seedfull_r1/results/9azt_hl/seed_0/predictions/9azt_hl_sample_4.cif,9azt_HL,seedfull_r1,9azt_hl_sample_4.cif,0.12757
/mnt/data/msadepth/compreps/seedrep_cand/protenix/9azt_HL/d4/seedfull_r1/results/9azt_hl/seed_0/predictions/9azt_hl_sample_1.cif,9azt_HL,seedfull_r1,9azt_hl_sample_1.cif,0.09479
/mnt/data/msadepth/compreps/seedrep_cand/protenix/9azt_HL/d4/seedfull_r3/results/9azt_hl/seed_0/predictions/9azt_hl_sample_3.cif,9azt_HL,seedfull_r3,9azt_hl_sample_3.cif,0.13538
/mnt/data/msadepth/compreps/seedrep_cand/protenix/9azt_HL/d4/seedfull_r2/results/9azt_hl/seed_0/predictions/9azt_hl_sample_2.cif,9azt_HL,seedfull_r2,9azt_hl_sample_2.cif,0.02885
/mnt/data/msadepth/compreps/seedrep_cand/protenix/9azt_HL/d4/seedfull_r2/results/9azt_hl/seed_0/predictions/9azt_hl_sample_0.cif,9azt_HL,seedfull_r2,9azt_hl_sample_0.cif,0.27987
/mnt/data/msadepth/compreps/seedrep_cand/protenix/9azt_HL/d4/seedfull_r3/results/9azt_hl/seed_0/predictions/9azt_hl_sample_4.cif,9azt_HL,seedfull_r3,9azt_hl_sample_4.cif,0.10487
/mnt/data/msadepth/compreps/seedrep_cand/protenix/9azt_HL/d4/seedfull_r3/results/9azt_hl/seed_0/predictions/9azt_hl_sample_0.cif,9azt_HL,seedfull_r3,9azt_hl_sample_0.cif,0.04264
/mnt/data/msadepth/compreps/seedrep_cand/protenix/9azt_HL/d4/seedfull_r1/results/9azt_hl/seed_0/predictions/9azt_hl_sample_2.cif,9azt_HL,seedfull_r1,9azt_hl_sample_2.cif,0.13032
/mnt/data/msadepth/compreps/seedrep_cand/protenix/9azt_HL/d4/seedfull_r0/results/9azt_hl/seed_0/predictions/9azt_hl_sample_2.cif,9azt_HL,seedfull_r0,9azt_hl_sample_2.cif,0.07244
/mnt/data/msadepth/compreps/seedrep_cand/protenix/9azt_HL/d4/seedfull_r0/results/9azt_hl/seed_0/predictions/9azt_hl_sample_1.cif,9azt_HL,seedfull_r0,9azt_hl_sample_1.cif,0.10302
/mnt/data/msadepth/compreps/seedrep_cand/protenix/9azt_HL/d4/seedfull_r0/results/9azt_hl/seed_0/predictions/9azt_hl_sample_0.cif,9azt_HL,seedfull_r0,9azt_hl_sample_0.cif,0.23478
/mnt/data/msadepth/compreps/seedrep_cand/protenix/9azt_HL/d4/seedfull_r0/results/9azt_hl/seed_0/predictions/9azt_hl_sample_3.cif,9azt_HL,seedfull_r0,9azt_hl_sample_3.cif,0.06179
/mnt/data/msadepth/compreps/seedrep_cand/protenix/9azt_HL/d4/seedfull_r6/results/9azt_hl/seed_0/predictions/9azt_hl_sample_2.cif,9azt_HL,seedfull_r6,9azt_hl_sample_2.cif,0.10464
/mnt/data/msadepth/compreps/seedrep_cand/protenix/9azt_HL/d4/seedfull_r4/results/9azt_hl/seed_0/predictions/9azt_hl_sample_0.cif,9azt_HL,seedfull_r4,9azt_hl_sample_0.cif,0.20327
/mnt/data/msadepth/compreps/seedrep_cand/protenix/9azt_HL/d4/seedfull_r5/results/9azt_hl/seed_0/predictions/9azt_hl_sample_2.cif,9azt_HL,seedfull_r5,9azt_hl_sample_2.cif,0.0765
/mnt/data/msadepth/compreps/seedrep_cand/protenix/9azt_HL/d4/seedfull_r4/results/9azt_hl/seed_0/predictions/9azt_hl_sample_2.cif,9azt_HL,seedfull_r4,9azt_hl_sample_2.cif,0.16123
/mnt/data/msadepth/compreps/seedrep_cand/protenix/9azt_HL/d4/seedfull_r6/results/9azt_hl/seed_0/predictions/9azt_hl_sample_4.cif,9azt_HL,seedfull_r6,9azt_hl_sample_4.cif,0.07495
/mnt/data/msadepth/compreps/seedrep_cand/protenix/9azt_HL/d4/seedfull_r7/results/9azt_hl/seed_0/predictions/9azt_hl_sample_4.cif,9azt_HL,seedfull_r7,9azt_hl_sample_4.cif,0.21009
/mnt/data/msadepth/compreps/seedrep_cand/protenix/9azt_HL/d4/seedfull_r5/results/9azt_hl/seed_0/predictions/9azt_hl_sample_0.cif,9azt_HL,seedfull_r5,9azt_hl_sample_0.cif,0.16548
/mnt/data/msadepth/compreps/seedrep_cand/protenix/9azt_HL/d4/seedfull_r5/results/9azt_hl/seed_0/predictions/9azt_hl_sample_1.cif,9azt_HL,seedfull_r5,9azt_hl_sample_1.cif,0.07882
/mnt/data/msadepth/compreps/seedrep_cand/protenix/9azt_HL/d4/seedfull_r4/results/9azt_hl/seed_0/predictions/9azt_hl_sample_3.cif,9azt_HL,seedfull_r4,9azt_hl_sample_3.cif,0.24405
/mnt/data/msadepth/compreps/seedrep_cand/protenix/9azt_HL/d4/seedfull_r5/results/9azt_hl/seed_0/predictions/9azt_hl_sample_3.cif,9azt_HL,seedfull_r5,9azt_hl_sample_3.cif,0.2101
/mnt/data/msadepth/compreps/seedrep_cand/protenix/9azt_HL/d4/seedfull_r7/results/9azt_hl/seed_0/predictions/9azt_hl_sample_0.cif,9azt_HL,seedfull_r7,9azt_hl_sample_0.cif,0.19059
/mnt/data/msadepth/compreps/seedrep_cand/protenix/9azt_HL/d4/seedfull_r6/results/9azt_hl/seed_0/predictions/9azt_hl_sample_1.cif,9azt_HL,seedfull_r6,9azt_hl_sample_1.cif,0.16075
/mnt/data/msadepth/compreps/seedrep_cand/protenix/9azt_HL/d4/seedfull_r4/results/9azt_hl/seed_0/predictions/9azt_hl_sample_1.cif,9azt_HL,seedfull_r4,9azt_hl_sample_1.cif,0.07076
/mnt/data/msadepth/compreps/seedrep_cand/protenix/9azt_HL/d4/seedfull_r5/results/9azt_hl/seed_0/predictions/9azt_hl_sample_4.cif,9azt_HL,seedfull_r5,9azt_hl_sample_4.cif,0.21354
/mnt/data/msadepth/compreps/seedrep_cand/protenix/9azt_HL/d4/seedfull_r7/results/9azt_hl/seed_0/predictions/9azt_hl_sample_1.cif,9azt_HL,seedfull_r7,9azt_hl_sample_1.cif,0.04307
/mnt/data/msadepth/compreps/seedrep_cand/protenix/9azt_HL/d4/seedfull_r4/results/9azt_hl/seed_0/predictions/9azt_hl_sample_4.cif,9azt_HL,seedfull_r4,9azt_hl_sample_4.cif,0.10076
/mnt/data/msadepth/compreps/seedrep_cand/protenix/9azt_HL/d4/seedfull_r7/results/9azt_hl/seed_0/predictions/9azt_hl_sample_3.cif,9azt_HL,seedfull_r7,9azt_hl_sample_3.cif,0.04796
/mnt/data/msadepth/compreps/seedrep_cand/protenix/9azt_HL/d4/seedfull_r6/results/9azt_hl/seed_0/predictions/9azt_hl_sample_0.cif,9azt_HL,seedfull_r6,9azt_hl_sample_0.cif,0.12861
/mnt/data/msadepth/compreps/seedrep_cand/protenix/9azt_HL/d4/seedfull_r6/results/9azt_hl/seed_0/predictions/9azt_hl_sample_3.cif,9azt_HL,seedfull_r6,9azt_hl_sample_3.cif,0.07871
/mnt/data/msadepth/compreps/seedrep_cand/protenix/9azt_HL/d4/seedfull_r7/results/9azt_hl/seed_0/predictions/9azt_hl_sample_2.cif,9azt_HL,seedfull_r7,9azt_hl_sample_2.cif,0.09387
/mnt/data/msadepth/compreps/seedrep_cand/protenix/9azv_HL/d293/seed0_r1/results/9azv_hl/seed_0/predictions/9azv_hl_sample_1.cif,9azv_HL,seed0_r1,9azv_hl_sample_1.cif,0.10849
/mnt/data/msadepth/compreps/seedrep_cand/protenix/9azv_HL/d293/seed0_r1/results/9azv_hl/seed_0/predictions/9azv_hl_sample_4.cif,9azv_HL,seed0_r1,9azv_hl_sample_4.cif,0.25324
/mnt/data/msadepth/compreps/seedrep_cand/protenix/9azv_HL/d293/seed0_r2/results/9azv_hl/seed_0/predictions/9azv_hl_sample_2.cif,9azv_HL,seed0_r2,9azv_hl_sample_2.cif,0.03914
/mnt/data/msadepth/compreps/seedrep_cand/protenix/9azv_HL/d293/seed0_r2/results/9azv_hl/seed_0/predictions/9azv_hl_sample_1.cif,9azv_HL,seed0_r2,9azv_hl_sample_1.cif,0.30336
/mnt/data/msadepth/compreps/seedrep_cand/protenix/9azv_HL/d293/seed0_r0/results/9azv_hl/seed_0/predictions/9azv_hl_sample_2.cif,9azv_HL,seed0_r0,9azv_hl_sample_2.cif,0.23106
/mnt/data/msadepth/compreps/seedrep_cand/protenix/9azv_HL/d293/seed0_r1/results/9azv_hl/seed_0/predictions/9azv_hl_sample_3.cif,9azv_HL,seed0_r1,9azv_hl_sample_3.cif,0.05288
/mnt/data/msadepth/compreps/seedrep_cand/protenix/9azv_HL/d293/seed0_r1/results/9azv_hl/seed_0/predictions/9azv_hl_sample_2.cif,9azv_HL,seed0_r1,9azv_hl_sample_2.cif,0.02961
/mnt/data/msadepth/compreps/seedrep_cand/protenix/9azv_HL/d293/seed0_r2/results/9azv_hl/seed_0/predictions/9azv_hl_sample_0.cif,9azv_HL,seed0_r2,9azv_hl_sample_0.cif,0.18578
/mnt/data/msadepth/compreps/seedrep_cand/protenix/9azv_HL/d293/seed0_r0/results/9azv_hl/seed_0/predictions/9azv_hl_sample_4.cif,9azv_HL,seed0_r0,9azv_hl_sample_4.cif,0.14207
/mnt/data/msadepth/compreps/seedrep_cand/protenix/9azv_HL/d293/seed0_r2/results/9azv_hl/seed_0/predictions/9azv_hl_sample_4.cif,9azv_HL,seed0_r2,9azv_hl_sample_4.cif,0.22235
/mnt/data/msadepth/compreps/seedrep_cand/protenix/9azv_HL/d293/seed0_r0/results/9azv_hl/seed_0/predictions/9azv_hl_sample_0.cif,9azv_HL,seed0_r0,9azv_hl_sample_0.cif,0.15433
/mnt/data/msadepth/compreps/seedrep_cand/protenix/9azv_HL/d293/seed0_r3/results/9azv_hl/seed_0/predictions/9azv_hl_sample_2.cif,9azv_HL,seed0_r3,9azv_hl_sample_2.cif,0.11471
/mnt/data/msadepth/compreps/seedrep_cand/protenix/9azv_HL/d293/seed0_r0/results/9azv_hl/seed_0/predictions/9azv_hl_sample_1.cif,9azv_HL,seed0_r0,9azv_hl_sample_1.cif,0.0571
/mnt/data/msadepth/compreps/seedrep_cand/protenix/9azv_HL/d293/seed0_r3/results/9azv_hl/seed_0/predictions/9azv_hl_sample_0.cif,9azv_HL,seed0_r3,9azv_hl_sample_0.cif,0.30081
/mnt/data/msadepth/compreps/seedrep_cand/protenix/9azv_HL/d293/seed0_r3/results/9azv_hl/seed_0/predictions/9azv_hl_sample_3.cif,9azv_HL,seed0_r3,9azv_hl_sample_3.cif,0.18228
/mnt/data/msadepth/compreps/seedrep_cand/protenix/9azv_HL/d293/seed0_r3/results/9azv_hl/seed_0/predictions/9azv_hl_sample_4.cif,9azv_HL,seed0_r3,9azv_hl_sample_4.cif,0.17885
/mnt/data/msadepth/compreps/seedrep_cand/protenix/9azv_HL/d293/seed0_r0/results/9azv_hl/seed_0/predictions/9azv_hl_sample_3.cif,9azv_HL,seed0_r0,9azv_hl_sample_3.cif,0.12082
/mnt/data/msadepth/compreps/seedrep_cand/protenix/9azv_HL/d293/seed0_r3/results/9azv_hl/seed_0/predictions/9azv_hl_sample_1.cif,9azv_HL,seed0_r3,9azv_hl_sample_1.cif,0.09499
/mnt/data/msadepth/compreps/seedrep_cand/protenix/9azv_HL/d293/seed0_r2/results/9azv_hl/seed_0/predictions/9azv_hl_sample_3.cif,9azv_HL,seed0_r2,9azv_hl_sample_3.cif,0.27022
/mnt/data/msadepth/compreps/seedrep_cand/protenix/9azv_HL/d293/seed0_r1/results/9azv_hl/seed_0/predictions/9azv_hl_sample_0.cif,9azv_HL,seed0_r1,9azv_hl_sample_0.cif,0.03784
/mnt/data/msadepth/compreps/seedrep_cand/protenix/9azv_HL/d293/seed1_r1/results/9azv_hl/seed_0/predictions/9azv_hl_sample_4.cif,9azv_HL,seed1_r1,9azv_hl_sample_4.cif,0.07706
/mnt/data/msadepth/compreps/seedrep_cand/protenix/9azv_HL/d293/seed1_r3/results/9azv_hl/seed_0/predictions/9azv_hl_sample_2.cif,9azv_HL,seed1_r3,9azv_hl_sample_2.cif,0.03529
/mnt/data/msadepth/compreps/seedrep_cand/protenix/9azv_HL/d293/seed1_r3/results/9azv_hl/seed_0/predictions/9azv_hl_sample_4.cif,9azv_HL,seed1_r3,9azv_hl_sample_4.cif,0.06353
/mnt/data/msadepth/compreps/seedrep_cand/protenix/9azv_HL/d293/seed1_r3/results/9azv_hl/seed_0/predictions/9azv_hl_sample_0.cif,9azv_HL,seed1_r3,9azv_hl_sample_0.cif,0.13829
/mnt/data/msadepth/compreps/seedrep_cand/protenix/9azv_HL/d293/seed1_r0/results/9azv_hl/seed_0/predictions/9azv_hl_sample_2.cif,9azv_HL,seed1_r0,9azv_hl_sample_2.cif,0.0806
/mnt/data/msadepth/compreps/seedrep_cand/protenix/9azv_HL/d293/seed1_r3/results/9azv_hl/seed_0/predictions/9azv_hl_sample_3.cif,9azv_HL,seed1_r3,9azv_hl_sample_3.cif,0.0585
/mnt/data/msadepth/compreps/seedrep_cand/protenix/9azv_HL/d293/seed1_r1/results/9azv_hl/seed_0/predictions/9azv_hl_sample_2.cif,9azv_HL,seed1_r1,9azv_hl_sample_2.cif,0.14841
/mnt/data/msadepth/compreps/seedrep_cand/protenix/9azv_HL/d293/seed1_r2/results/9azv_hl/seed_0/predictions/9azv_hl_sample_4.cif,9azv_HL,seed1_r2,9azv_hl_sample_4.cif,0.02754
/mnt/data/msadepth/compreps/seedrep_cand/protenix/9azv_HL/d293/seed1_r0/results/9azv_hl/seed_0/predictions/9azv_hl_sample_1.cif,9azv_HL,seed1_r0,9azv_hl_sample_1.cif,0.10202
/mnt/data/msadepth/compreps/seedrep_cand/protenix/9azv_HL/d293/seed1_r3/results/9azv_hl/seed_0/predictions/9azv_hl_sample_1.cif,9azv_HL,seed1_r3,9azv_hl_sample_1.cif,0.06892
/mnt/data/msadepth/compreps/seedrep_cand/protenix/9azv_HL/d293/seed1_r2/results/9azv_hl/seed_0/predictions/9azv_hl_sample_3.cif,9azv_HL,seed1_r2,9azv_hl_sample_3.cif,0.03195
/mnt/data/msadepth/compreps/seedrep_cand/protenix/9azv_HL/d293/seed1_r2/results/9azv_hl/seed_0/predictions/9azv_hl_sample_2.cif,9azv_HL,seed1_r2,9azv_hl_sample_2.cif,0.07709
/mnt/data/msadepth/compreps/seedrep_cand/protenix/9azv_HL/d293/seed1_r1/results/9azv_hl/seed_0/predictions/9azv_hl_sample_1.cif,9azv_HL,seed1_r1,9azv_hl_sample_1.cif,0.11498
/mnt/data/msadepth/compreps/seedrep_cand/protenix/9azv_HL/d293/seed1_r0/results/9azv_hl/seed_0/predictions/9azv_hl_sample_4.cif,9azv_HL,seed1_r0,9azv_hl_sample_4.cif,0.25976
/mnt/data/msadepth/compreps/seedrep_cand/protenix/9azv_HL/d293/seed1_r2/results/9azv_hl/seed_0/predictions/9azv_hl_sample_0.cif,9azv_HL,seed1_r2,9azv_hl_sample_0.cif,0.06777
/mnt/data/msadepth/compreps/seedrep_cand/protenix/9azv_HL/d293/seed1_r1/results/9azv_hl/seed_0/predictions/9azv_hl_sample_3.cif,9azv_HL,seed1_r1,9azv_hl_sample_3.cif,0.05488
/mnt/data/msadepth/compreps/seedrep_cand/protenix/9azv_HL/d293/seed1_r0/results/9azv_hl/seed_0/predictions/9azv_hl_sample_3.cif,9azv_HL,seed1_r0,9azv_hl_sample_3.cif,0.02943
/mnt/data/msadepth/compreps/seedrep_cand/protenix/9azv_HL/d293/seed1_r2/results/9azv_hl/seed_0/predictions/9azv_hl_sample_1.cif,9azv_HL,seed1_r2,9azv_hl_sample_1.cif,0.05651
/mnt/data/msadepth/compreps/seedrep_cand/protenix/9azv_HL/d293/seed1_r1/results/9azv_hl/seed_0/predictions/9azv_hl_sample_0.cif,9azv_HL,seed1_r1,9azv_hl_sample_0.cif,0.14314
/mnt/data/msadepth/compreps/seedrep_cand/protenix/9azv_HL/d293/seed1_r0/results/9azv_hl/seed_0/predictions/9azv_hl_sample_0.cif,9azv_HL,seed1_r0,9azv_hl_sample_0.cif,0.11613
/mnt/data/msadepth/compreps/seedrep_cand/protenix/9azv_HL/d293/seed2_r2/results/9azv_hl/seed_0/predictions/9azv_hl_sample_2.cif,9azv_HL,seed2_r2,9azv_hl_sample_2.cif,0.11118
/mnt/data/msadepth/compreps/seedrep_cand/protenix/9azv_HL/d293/seed2_r0/results/9azv_hl/seed_0/predictions/9azv_hl_sample_1.cif,9azv_HL,seed2_r0,9azv_hl_sample_1.cif,0.03897
/mnt/data/msadepth/compreps/seedrep_cand/protenix/9azv_HL/d293/seed2_r1/results/9azv_hl/seed_0/predictions/9azv_hl_sample_1.cif,9azv_HL,seed2_r1,9azv_hl_sample_1.cif,0.03344
/mnt/data/msadepth/compreps/seedrep_cand/protenix/9azv_HL/d293/seed2_r1/results/9azv_hl/seed_0/predictions/9azv_hl_sample_4.cif,9azv_HL,seed2_r1,9azv_hl_sample_4.cif,0.06386
/mnt/data/msadepth/compreps/seedrep_cand/protenix/9azv_HL/d293/seed2_r2/results/9azv_hl/seed_0/predictions/9azv_hl_sample_3.cif,9azv_HL,seed2_r2,9azv_hl_sample_3.cif,0.04532
/mnt/data/msadepth/compreps/seedrep_cand/protenix/9azv_HL/d293/seed2_r0/results/9azv_hl/seed_0/predictions/9azv_hl_sample_2.cif,9azv_HL,seed2_r0,9azv_hl_sample_2.cif,0.0762
/mnt/data/msadepth/compreps/seedrep_cand/protenix/9azv_HL/d293/seed2_r3/results/9azv_hl/seed_0/predictions/9azv_hl_sample_2.cif,9azv_HL,seed2_r3,9azv_hl_sample_2.cif,0.14418
/mnt/data/msadepth/compreps/seedrep_cand/protenix/9azv_HL/d293/seed2_r3/results/9azv_hl/seed_0/predictions/9azv_hl_sample_1.cif,9azv_HL,seed2_r3,9azv_hl_sample_1.cif,0.09994
/mnt/data/msadepth/compreps/seedrep_cand/protenix/9azv_HL/d293/seed2_r3/results/9azv_hl/seed_0/predictions/9azv_hl_sample_3.cif,9azv_HL,seed2_r3,9azv_hl_sample_3.cif,0.04654
/mnt/data/msadepth/compreps/seedrep_cand/protenix/9azv_HL/d293/seed2_r1/results/9azv_hl/seed_0/predictions/9azv_hl_sample_2.cif,9azv_HL,seed2_r1,9azv_hl_sample_2.cif,0.04982
/mnt/data/msadepth/compreps/seedrep_cand/protenix/9azv_HL/d293/seed2_r2/results/9azv_hl/seed_0/predictions/9azv_hl_sample_1.cif,9azv_HL,seed2_r2,9azv_hl_sample_1.cif,0.14752
/mnt/data/msadepth/compreps/seedrep_cand/protenix/9azv_HL/d293/seed2_r2/results/9azv_hl/seed_0/predictions/9azv_hl_sample_0.cif,9azv_HL,seed2_r2,9azv_hl_sample_0.cif,0.13596
/mnt/data/msadepth/compreps/seedrep_cand/protenix/9azv_HL/d293/seed2_r1/results/9azv_hl/seed_0/predictions/9azv_hl_sample_0.cif,9azv_HL,seed2_r1,9azv_hl_sample_0.cif,0.02426
/mnt/data/msadepth/compreps/seedrep_cand/protenix/9azv_HL/d293/seed2_r3/results/9azv_hl/seed_0/predictions/9azv_hl_sample_0.cif,9azv_HL,seed2_r3,9azv_hl_sample_0.cif,0.20424
/mnt/data/msadepth/compreps/seedrep_cand/protenix/9azv_HL/d293/seed2_r0/results/9azv_hl/seed_0/predictions/9azv_hl_sample_3.cif,9azv_HL,seed2_r0,9azv_hl_sample_3.cif,0.02446
/mnt/data/msadepth/compreps/seedrep_cand/protenix/9azv_HL/d293/seed2_r3/results/9azv_hl/seed_0/predictions/9azv_hl_sample_4.cif,9azv_HL,seed2_r3,9azv_hl_sample_4.cif,0.06867
/mnt/data/msadepth/compreps/seedrep_cand/protenix/9azv_HL/d293/seed2_r0/results/9azv_hl/seed_0/predictions/9azv_hl_sample_0.cif,9azv_HL,seed2_r0,9azv_hl_sample_0.cif,0.0639
/mnt/data/msadepth/compreps/seedrep_cand/protenix/9azv_HL/d293/seed2_r1/results/9azv_hl/seed_0/predictions/9azv_hl_sample_3.cif,9azv_HL,seed2_r1,9azv_hl_sample_3.cif,0.13507
/mnt/data/msadepth/compreps/seedrep_cand/protenix/9azv_HL/d293/seed2_r2/results/9azv_hl/seed_0/predictions/9azv_hl_sample_4.cif,9azv_HL,seed2_r2,9azv_hl_sample_4.cif,0.13939
/mnt/data/msadepth/compreps/seedrep_cand/protenix/9azv_HL/d293/seed2_r0/results/9azv_hl/seed_0/predictions/9azv_hl_sample_4.cif,9azv_HL,seed2_r0,9azv_hl_sample_4.cif,0.27353
/mnt/data/msadepth/compreps/seedrep_cand/protenix/9azv_HL/d293/seed3_r1/results/9azv_hl/seed_0/predictions/9azv_hl_sample_4.cif,9azv_HL,seed3_r1,9azv_hl_sample_4.cif,0.188
/mnt/data/msadepth/compreps/seedrep_cand/protenix/9azv_HL/d293/seed3_r3/results/9azv_hl/seed_0/predictions/9azv_hl_sample_4.cif,9azv_HL,seed3_r3,9azv_hl_sample_4.cif,0.13717
/mnt/data/msadepth/compreps/seedrep_cand/protenix/9azv_HL/d293/seed3_r0/results/9azv_hl/seed_0/predictions/9azv_hl_sample_0.cif,9azv_HL,seed3_r0,9azv_hl_sample_0.cif,0.17621
/mnt/data/msadepth/compreps/seedrep_cand/protenix/9azv_HL/d293/seed3_r3/results/9azv_hl/seed_0/predictions/9azv_hl_sample_2.cif,9azv_HL,seed3_r3,9azv_hl_sample_2.cif,0.09592
/mnt/data/msadepth/compreps/seedrep_cand/protenix/9azv_HL/d293/seed3_r2/results/9azv_hl/seed_0/predictions/9azv_hl_sample_3.cif,9azv_HL,seed3_r2,9azv_hl_sample_3.cif,0.17094
/mnt/data/msadepth/compreps/seedrep_cand/protenix/9azv_HL/d293/seed3_r2/results/9azv_hl/seed_0/predictions/9azv_hl_sample_4.cif,9azv_HL,seed3_r2,9azv_hl_sample_4.cif,0.21034
/mnt/data/msadepth/compreps/seedrep_cand/protenix/9azv_HL/d293/seed3_r0/results/9azv_hl/seed_0/predictions/9azv_hl_sample_3.cif,9azv_HL,seed3_r0,9azv_hl_sample_3.cif,0.1217
/mnt/data/msadepth/compreps/seedrep_cand/protenix/9azv_HL/d293/seed3_r2/results/9azv_hl/seed_0/predictions/9azv_hl_sample_0.cif,9azv_HL,seed3_r2,9azv_hl_sample_0.cif,0.19418
/mnt/data/msadepth/compreps/seedrep_cand/protenix/9azv_HL/d293/seed3_r1/results/9azv_hl/seed_0/predictions/9azv_hl_sample_3.cif,9azv_HL,seed3_r1,9azv_hl_sample_3.cif,0.19833
/mnt/data/msadepth/compreps/seedrep_cand/protenix/9azv_HL/d293/seed3_r0/results/9azv_hl/seed_0/predictions/9azv_hl_sample_1.cif,9azv_HL,seed3_r0,9azv_hl_sample_1.cif,0.09193
/mnt/data/msadepth/compreps/seedrep_cand/protenix/9azv_HL/d293/seed3_r2/results/9azv_hl/seed_0/predictions/9azv_hl_sample_2.cif,9azv_HL,seed3_r2,9azv_hl_sample_2.cif,0.20436
/mnt/data/msadepth/compreps/seedrep_cand/protenix/9azv_HL/d293/seed3_r0/results/9azv_hl/seed_0/predictions/9azv_hl_sample_4.cif,9azv_HL,seed3_r0,9azv_hl_sample_4.cif,0.33808
/mnt/data/msadepth/compreps/seedrep_cand/protenix/9azv_HL/d293/seed3_r3/results/9azv_hl/seed_0/predictions/9azv_hl_sample_3.cif,9azv_HL,seed3_r3,9azv_hl_sample_3.cif,0.14559
/mnt/data/msadepth/compreps/seedrep_cand/protenix/9azv_HL/d293/seed3_r1/results/9azv_hl/seed_0/predictions/9azv_hl_sample_2.cif,9azv_HL,seed3_r1,9azv_hl_sample_2.cif,0.28192
/mnt/data/msadepth/compreps/seedrep_cand/protenix/9azv_HL/d293/seed3_r3/results/9azv_hl/seed_0/predictions/9azv_hl_sample_1.cif,9azv_HL,seed3_r3,9azv_hl_sample_1.cif,0.13848
/mnt/data/msadepth/compreps/seedrep_cand/protenix/9azv_HL/d293/seed3_r2/results/9azv_hl/seed_0/predictions/9azv_hl_sample_1.cif,9azv_HL,seed3_r2,9azv_hl_sample_1.cif,0.17558
/mnt/data/msadepth/compreps/seedrep_cand/protenix/9azv_HL/d293/seed3_r1/results/9azv_hl/seed_0/predictions/9azv_hl_sample_1.cif,9azv_HL,seed3_r1,9azv_hl_sample_1.cif,0.16142
/mnt/data/msadepth/compreps/seedrep_cand/protenix/9azv_HL/d293/seed3_r0/results/9azv_hl/seed_0/predictions/9azv_hl_sample_2.cif,9azv_HL,seed3_r0,9azv_hl_sample_2.cif,0.29088
/mnt/data/msadepth/compreps/seedrep_cand/protenix/9azv_HL/d293/seed3_r3/results/9azv_hl/seed_0/predictions/9azv_hl_sample_0.cif,9azv_HL,seed3_r3,9azv_hl_sample_0.cif,0.14309
/mnt/data/msadepth/compreps/seedrep_cand/protenix/9azv_HL/d293/seed3_r1/results/9azv_hl/seed_0/predictions/9azv_hl_sample_0.cif,9azv_HL,seed3_r1,9azv_hl_sample_0.cif,0.22306
/mnt/data/msadepth/compreps/seedrep_cand/protenix/9azv_HL/d293/seed4_r2/results/9azv_hl/seed_0/predictions/9azv_hl_sample_4.cif,9azv_HL,seed4_r2,9azv_hl_sample_4.cif,0.08133
/mnt/data/msadepth/compreps/seedrep_cand/protenix/9azv_HL/d293/seed4_r3/results/9azv_hl/seed_0/predictions/9azv_hl_sample_1.cif,9azv_HL,seed4_r3,9azv_hl_sample_1.cif,0.20191
/mnt/data/msadepth/compreps/seedrep_cand/protenix/9azv_HL/d293/seed4_r2/results/9azv_hl/seed_0/predictions/9azv_hl_sample_2.cif,9azv_HL,seed4_r2,9azv_hl_sample_2.cif,0.12271
/mnt/data/msadepth/compreps/seedrep_cand/protenix/9azv_HL/d293/seed4_r1/results/9azv_hl/seed_0/predictions/9azv_hl_sample_0.cif,9azv_HL,seed4_r1,9azv_hl_sample_0.cif,0.06089
/mnt/data/msadepth/compreps/seedrep_cand/protenix/9azv_HL/d293/seed4_r0/results/9azv_hl/seed_0/predictions/9azv_hl_sample_0.cif,9azv_HL,seed4_r0,9azv_hl_sample_0.cif,0.30745
/mnt/data/msadepth/compreps/seedrep_cand/protenix/9azv_HL/d293/seed4_r1/results/9azv_hl/seed_0/predictions/9azv_hl_sample_1.cif,9azv_HL,seed4_r1,9azv_hl_sample_1.cif,0.2505
/mnt/data/msadepth/compreps/seedrep_cand/protenix/9azv_HL/d293/seed4_r3/results/9azv_hl/seed_0/predictions/9azv_hl_sample_3.cif,9azv_HL,seed4_r3,9azv_hl_sample_3.cif,0.04671
/mnt/data/msadepth/compreps/seedrep_cand/protenix/9azv_HL/d293/seed4_r1/results/9azv_hl/seed_0/predictions/9azv_hl_sample_3.cif,9azv_HL,seed4_r1,9azv_hl_sample_3.cif,0.19955
/mnt/data/msadepth/compreps/seedrep_cand/protenix/9azv_HL/d293/seed4_r3/results/9azv_hl/seed_0/predictions/9azv_hl_sample_4.cif,9azv_HL,seed4_r3,9azv_hl_sample_4.cif,0.03747
/mnt/data/msadepth/compreps/seedrep_cand/protenix/9azv_HL/d293/seed4_r0/results/9azv_hl/seed_0/predictions/9azv_hl_sample_3.cif,9azv_HL,seed4_r0,9azv_hl_sample_3.cif,0.12466
/mnt/data/msadepth/compreps/seedrep_cand/protenix/9azv_HL/d293/seed4_r2/results/9azv_hl/seed_0/predictions/9azv_hl_sample_3.cif,9azv_HL,seed4_r2,9azv_hl_sample_3.cif,0.21209
/mnt/data/msadepth/compreps/seedrep_cand/protenix/9azv_HL/d293/seed4_r0/results/9azv_hl/seed_0/predictions/9azv_hl_sample_1.cif,9azv_HL,seed4_r0,9azv_hl_sample_1.cif,0.04479
/mnt/data/msadepth/compreps/seedrep_cand/protenix/9azv_HL/d293/seed4_r1/results/9azv_hl/seed_0/predictions/9azv_hl_sample_2.cif,9azv_HL,seed4_r1,9azv_hl_sample_2.cif,0.09292
/mnt/data/msadepth/compreps/seedrep_cand/protenix/9azv_HL/d293/seed4_r2/results/9azv_hl/seed_0/predictions/9azv_hl_sample_1.cif,9azv_HL,seed4_r2,9azv_hl_sample_1.cif,0.21047
/mnt/data/msadepth/compreps/seedrep_cand/protenix/9azv_HL/d293/seed4_r2/results/9azv_hl/seed_0/predictions/9azv_hl_sample_0.cif,9azv_HL,seed4_r2,9azv_hl_sample_0.cif,0.19381
/mnt/data/msadepth/compreps/seedrep_cand/protenix/9azv_HL/d293/seed4_r0/results/9azv_hl/seed_0/predictions/9azv_hl_sample_2.cif,9azv_HL,seed4_r0,9azv_hl_sample_2.cif,0.02355
/mnt/data/msadepth/compreps/seedrep_cand/protenix/9azv_HL/d293/seed4_r3/results/9azv_hl/seed_0/predictions/9azv_hl_sample_2.cif,9azv_HL,seed4_r3,9azv_hl_sample_2.cif,0.03913
/mnt/data/msadepth/compreps/seedrep_cand/protenix/9azv_HL/d293/seed4_r0/results/9azv_hl/seed_0/predictions/9azv_hl_sample_4.cif,9azv_HL,seed4_r0,9azv_hl_sample_4.cif,0.13709
/mnt/data/msadepth/compreps/seedrep_cand/protenix/9azv_HL/d293/seed4_r3/results/9azv_hl/seed_0/predictions/9azv_hl_sample_0.cif,9azv_HL,seed4_r3,9azv_hl_sample_0.cif,0.0551
/mnt/data/msadepth/compreps/seedrep_cand/protenix/9azv_HL/d293/seed4_r1/results/9azv_hl/seed_0/predictions/9azv_hl_sample_4.cif,9azv_HL,seed4_r1,9azv_hl_sample_4.cif,0.24912
/mnt/data/msadepth/compreps/seedrep_cand/protenix/9azv_HL/d293/seed5_r1/results/9azv_hl/seed_0/predictions/9azv_hl_sample_0.cif,9azv_HL,seed5_r1,9azv_hl_sample_0.cif,0.16797
/mnt/data/msadepth/compreps/seedrep_cand/protenix/9azv_HL/d293/seed5_r2/results/9azv_hl/seed_0/predictions/9azv_hl_sample_2.cif,9azv_HL,seed5_r2,9azv_hl_sample_2.cif,0.0514
/mnt/data/msadepth/compreps/seedrep_cand/protenix/9azv_HL/d293/seed5_r2/results/9azv_hl/seed_0/predictions/9azv_hl_sample_4.cif,9azv_HL,seed5_r2,9azv_hl_sample_4.cif,0.02422
/mnt/data/msadepth/compreps/seedrep_cand/protenix/9azv_HL/d293/seed5_r1/results/9azv_hl/seed_0/predictions/9azv_hl_sample_2.cif,9azv_HL,seed5_r1,9azv_hl_sample_2.cif,0.03349
/mnt/data/msadepth/compreps/seedrep_cand/protenix/9azv_HL/d293/seed5_r1/results/9azv_hl/seed_0/predictions/9azv_hl_sample_4.cif,9azv_HL,seed5_r1,9azv_hl_sample_4.cif,0.36874
/mnt/data/msadepth/compreps/seedrep_cand/protenix/9azv_HL/d293/seed5_r1/results/9azv_hl/seed_0/predictions/9azv_hl_sample_1.cif,9azv_HL,seed5_r1,9azv_hl_sample_1.cif,0.05947
/mnt/data/msadepth/compreps/seedrep_cand/protenix/9azv_HL/d293/seed5_r0/results/9azv_hl/seed_0/predictions/9azv_hl_sample_2.cif,9azv_HL,seed5_r0,9azv_hl_sample_2.cif,0.0649
/mnt/data/msadepth/compreps/seedrep_cand/protenix/9azv_HL/d293/seed5_r2/results/9azv_hl/seed_0/predictions/9azv_hl_sample_3.cif,9azv_HL,seed5_r2,9azv_hl_sample_3.cif,0.03529
/mnt/data/msadepth/compreps/seedrep_cand/protenix/9azv_HL/d293/seed5_r0/results/9azv_hl/seed_0/predictions/9azv_hl_sample_4.cif,9azv_HL,seed5_r0,9azv_hl_sample_4.cif,0.03029
/mnt/data/msadepth/compreps/seedrep_cand/protenix/9azv_HL/d293/seed5_r0/results/9azv_hl/seed_0/predictions/9azv_hl_sample_1.cif,9azv_HL,seed5_r0,9azv_hl_sample_1.cif,0.21042
/mnt/data/msadepth/compreps/seedrep_cand/protenix/9azv_HL/d293/seed5_r0/results/9azv_hl/seed_0/predictions/9azv_hl_sample_0.cif,9azv_HL,seed5_r0,9azv_hl_sample_0.cif,0.07105
/mnt/data/msadepth/compreps/seedrep_cand/protenix/9azv_HL/d293/seed5_r3/results/9azv_hl/seed_0/predictions/9azv_hl_sample_3.cif,9azv_HL,seed5_r3,9azv_hl_sample_3.cif,0.19763
/mnt/data/msadepth/compreps/seedrep_cand/protenix/9azv_HL/d293/seed5_r2/results/9azv_hl/seed_0/predictions/9azv_hl_sample_0.cif,9azv_HL,seed5_r2,9azv_hl_sample_0.cif,0.10525
/mnt/data/msadepth/compreps/seedrep_cand/protenix/9azv_HL/d293/seed5_r2/results/9azv_hl/seed_0/predictions/9azv_hl_sample_1.cif,9azv_HL,seed5_r2,9azv_hl_sample_1.cif,0.08628
/mnt/data/msadepth/compreps/seedrep_cand/protenix/9azv_HL/d293/seed5_r3/results/9azv_hl/seed_0/predictions/9azv_hl_sample_1.cif,9azv_HL,seed5_r3,9azv_hl_sample_1.cif,0.20533
/mnt/data/msadepth/compreps/seedrep_cand/protenix/9azv_HL/d293/seed5_r3/results/9azv_hl/seed_0/predictions/9azv_hl_sample_0.cif,9azv_HL,seed5_r3,9azv_hl_sample_0.cif,0.1087
/mnt/data/msadepth/compreps/seedrep_cand/protenix/9azv_HL/d293/seed5_r0/results/9azv_hl/seed_0/predictions/9azv_hl_sample_3.cif,9azv_HL,seed5_r0,9azv_hl_sample_3.cif,0.15779
/mnt/data/msadepth/compreps/seedrep_cand/protenix/9azv_HL/d293/seed5_r1/results/9azv_hl/seed_0/predictions/9azv_hl_sample_3.cif,9azv_HL,seed5_r1,9azv_hl_sample_3.cif,0.13543
/mnt/data/msadepth/compreps/seedrep_cand/protenix/9azv_HL/d293/seed5_r3/results/9azv_hl/seed_0/predictions/9azv_hl_sample_4.cif,9azv_HL,seed5_r3,9azv_hl_sample_4.cif,0.20641
/mnt/data/msadepth/compreps/seedrep_cand/protenix/9azv_HL/d293/seed5_r3/results/9azv_hl/seed_0/predictions/9azv_hl_sample_2.cif,9azv_HL,seed5_r3,9azv_hl_sample_2.cif,0.1255
/mnt/data/msadepth/compreps/seedrep_cand/protenix/9azv_HL/d293/seedfull_r1/results/9azv_hl/seed_0/predictions/9azv_hl_sample_3.cif,9azv_HL,seedfull_r1,9azv_hl_sample_3.cif,0.15863
/mnt/data/msadepth/compreps/seedrep_cand/protenix/9azv_HL/d293/seedfull_r2/results/9azv_hl/seed_0/predictions/9azv_hl_sample_1.cif,9azv_HL,seedfull_r2,9azv_hl_sample_1.cif,0.27753
/mnt/data/msadepth/compreps/seedrep_cand/protenix/9azv_HL/d293/seedfull_r3/results/9azv_hl/seed_0/predictions/9azv_hl_sample_2.cif,9azv_HL,seedfull_r3,9azv_hl_sample_2.cif,0.17816
/mnt/data/msadepth/compreps/seedrep_cand/protenix/9azv_HL/d293/seedfull_r2/results/9azv_hl/seed_0/predictions/9azv_hl_sample_3.cif,9azv_HL,seedfull_r2,9azv_hl_sample_3.cif,0.15632
/mnt/data/msadepth/compreps/seedrep_cand/protenix/9azv_HL/d293/seedfull_r1/results/9azv_hl/seed_0/predictions/9azv_hl_sample_0.cif,9azv_HL,seedfull_r1,9azv_hl_sample_0.cif,0.16851
/mnt/data/msadepth/compreps/seedrep_cand/protenix/9azv_HL/d293/seedfull_r0/results/9azv_hl/seed_0/predictions/9azv_hl_sample_4.cif,9azv_HL,seedfull_r0,9azv_hl_sample_4.cif,0.09063
/mnt/data/msadepth/compreps/seedrep_cand/protenix/9azv_HL/d293/seedfull_r3/results/9azv_hl/seed_0/predictions/9azv_hl_sample_1.cif,9azv_HL,seedfull_r3,9azv_hl_sample_1.cif,0.04411
/mnt/data/msadepth/compreps/seedrep_cand/protenix/9azv_HL/d293/seedfull_r2/results/9azv_hl/seed_0/predictions/9azv_hl_sample_4.cif,9azv_HL,seedfull_r2,9azv_hl_sample_4.cif,0.08228
/mnt/data/msadepth/compreps/seedrep_cand/protenix/9azv_HL/d293/seedfull_r1/results/9azv_hl/seed_0/predictions/9azv_hl_sample_4.cif,9azv_HL,seedfull_r1,9azv_hl_sample_4.cif,0.2564
/mnt/data/msadepth/compreps/seedrep_cand/protenix/9azv_HL/d293/seedfull_r1/results/9azv_hl/seed_0/predictions/9azv_hl_sample_1.cif,9azv_HL,seedfull_r1,9azv_hl_sample_1.cif,0.27839
/mnt/data/msadepth/compreps/seedrep_cand/protenix/9azv_HL/d293/seedfull_r3/results/9azv_hl/seed_0/predictions/9azv_hl_sample_3.cif,9azv_HL,seedfull_r3,9azv_hl_sample_3.cif,0.07196
/mnt/data/msadepth/compreps/seedrep_cand/protenix/9azv_HL/d293/seedfull_r2/results/9azv_hl/seed_0/predictions/9azv_hl_sample_2.cif,9azv_HL,seedfull_r2,9azv_hl_sample_2.cif,0.08922
/mnt/data/msadepth/compreps/seedrep_cand/protenix/9azv_HL/d293/seedfull_r2/results/9azv_hl/seed_0/predictions/9azv_hl_sample_0.cif,9azv_HL,seedfull_r2,9azv_hl_sample_0.cif,0.12508
/mnt/data/msadepth/compreps/seedrep_cand/protenix/9azv_HL/d293/seedfull_r3/results/9azv_hl/seed_0/predictions/9azv_hl_sample_4.cif,9azv_HL,seedfull_r3,9azv_hl_sample_4.cif,0.24834
/mnt/data/msadepth/compreps/seedrep_cand/protenix/9azv_HL/d293/seedfull_r3/results/9azv_hl/seed_0/predictions/9azv_hl_sample_0.cif,9azv_HL,seedfull_r3,9azv_hl_sample_0.cif,0.16375
/mnt/data/msadepth/compreps/seedrep_cand/protenix/9azv_HL/d293/seedfull_r1/results/9azv_hl/seed_0/predictions/9azv_hl_sample_2.cif,9azv_HL,seedfull_r1,9azv_hl_sample_2.cif,0.23612
/mnt/data/msadepth/compreps/seedrep_cand/protenix/9azv_HL/d293/seedfull_r0/results/9azv_hl/seed_0/predictions/9azv_hl_sample_2.cif,9azv_HL,seedfull_r0,9azv_hl_sample_2.cif,0.17268
/mnt/data/msadepth/compreps/seedrep_cand/protenix/9azv_HL/d293/seedfull_r0/results/9azv_hl/seed_0/predictions/9azv_hl_sample_1.cif,9azv_HL,seedfull_r0,9azv_hl_sample_1.cif,0.14045
/mnt/data/msadepth/compreps/seedrep_cand/protenix/9azv_HL/d293/seedfull_r0/results/9azv_hl/seed_0/predictions/9azv_hl_sample_0.cif,9azv_HL,seedfull_r0,9azv_hl_sample_0.cif,0.12523
/mnt/data/msadepth/compreps/seedrep_cand/protenix/9azv_HL/d293/seedfull_r0/results/9azv_hl/seed_0/predictions/9azv_hl_sample_3.cif,9azv_HL,seedfull_r0,9azv_hl_sample_3.cif,0.07789
/mnt/data/msadepth/compreps/seedrep_cand/protenix/9azv_HL/d293/seedfull_r6/results/9azv_hl/seed_0/predictions/9azv_hl_sample_2.cif,9azv_HL,seedfull_r6,9azv_hl_sample_2.cif,0.13694
/mnt/data/msadepth/compreps/seedrep_cand/protenix/9azv_HL/d293/seedfull_r4/results/9azv_hl/seed_0/predictions/9azv_hl_sample_0.cif,9azv_HL,seedfull_r4,9azv_hl_sample_0.cif,0.14662
/mnt/data/msadepth/compreps/seedrep_cand/protenix/9azv_HL/d293/seedfull_r5/results/9azv_hl/seed_0/predictions/9azv_hl_sample_2.cif,9azv_HL,seedfull_r5,9azv_hl_sample_2.cif,0.14338
/mnt/data/msadepth/compreps/seedrep_cand/protenix/9azv_HL/d293/seedfull_r4/results/9azv_hl/seed_0/predictions/9azv_hl_sample_2.cif,9azv_HL,seedfull_r4,9azv_hl_sample_2.cif,0.18569
/mnt/data/msadepth/compreps/seedrep_cand/protenix/9azv_HL/d293/seedfull_r6/results/9azv_hl/seed_0/predictions/9azv_hl_sample_4.cif,9azv_HL,seedfull_r6,9azv_hl_sample_4.cif,0.08666
/mnt/data/msadepth/compreps/seedrep_cand/protenix/9azv_HL/d293/seedfull_r7/results/9azv_hl/seed_0/predictions/9azv_hl_sample_4.cif,9azv_HL,seedfull_r7,9azv_hl_sample_4.cif,0.17488
/mnt/data/msadepth/compreps/seedrep_cand/protenix/9azv_HL/d293/seedfull_r5/results/9azv_hl/seed_0/predictions/9azv_hl_sample_0.cif,9azv_HL,seedfull_r5,9azv_hl_sample_0.cif,0.19337
/mnt/data/msadepth/compreps/seedrep_cand/protenix/9azv_HL/d293/seedfull_r5/results/9azv_hl/seed_0/predictions/9azv_hl_sample_1.cif,9azv_HL,seedfull_r5,9azv_hl_sample_1.cif,0.18285
/mnt/data/msadepth/compreps/seedrep_cand/protenix/9azv_HL/d293/seedfull_r4/results/9azv_hl/seed_0/predictions/9azv_hl_sample_3.cif,9azv_HL,seedfull_r4,9azv_hl_sample_3.cif,0.30811
/mnt/data/msadepth/compreps/seedrep_cand/protenix/9azv_HL/d293/seedfull_r5/results/9azv_hl/seed_0/predictions/9azv_hl_sample_3.cif,9azv_HL,seedfull_r5,9azv_hl_sample_3.cif,0.24583
/mnt/data/msadepth/compreps/seedrep_cand/protenix/9azv_HL/d293/seedfull_r7/results/9azv_hl/seed_0/predictions/9azv_hl_sample_0.cif,9azv_HL,seedfull_r7,9azv_hl_sample_0.cif,0.2926
/mnt/data/msadepth/compreps/seedrep_cand/protenix/9azv_HL/d293/seedfull_r6/results/9azv_hl/seed_0/predictions/9azv_hl_sample_1.cif,9azv_HL,seedfull_r6,9azv_hl_sample_1.cif,0.08799
/mnt/data/msadepth/compreps/seedrep_cand/protenix/9azv_HL/d293/seedfull_r4/results/9azv_hl/seed_0/predictions/9azv_hl_sample_1.cif,9azv_HL,seedfull_r4,9azv_hl_sample_1.cif,0.13949
/mnt/data/msadepth/compreps/seedrep_cand/protenix/9azv_HL/d293/seedfull_r5/results/9azv_hl/seed_0/predictions/9azv_hl_sample_4.cif,9azv_HL,seedfull_r5,9azv_hl_sample_4.cif,0.06438
/mnt/data/msadepth/compreps/seedrep_cand/protenix/9azv_HL/d293/seedfull_r7/results/9azv_hl/seed_0/predictions/9azv_hl_sample_1.cif,9azv_HL,seedfull_r7,9azv_hl_sample_1.cif,0.14327
/mnt/data/msadepth/compreps/seedrep_cand/protenix/9azv_HL/d293/seedfull_r4/results/9azv_hl/seed_0/predictions/9azv_hl_sample_4.cif,9azv_HL,seedfull_r4,9azv_hl_sample_4.cif,0.12814
/mnt/data/msadepth/compreps/seedrep_cand/protenix/9azv_HL/d293/seedfull_r7/results/9azv_hl/seed_0/predictions/9azv_hl_sample_3.cif,9azv_HL,seedfull_r7,9azv_hl_sample_3.cif,0.13682
/mnt/data/msadepth/compreps/seedrep_cand/protenix/9azv_HL/d293/seedfull_r6/results/9azv_hl/seed_0/predictions/9azv_hl_sample_0.cif,9azv_HL,seedfull_r6,9azv_hl_sample_0.cif,0.13009
/mnt/data/msadepth/compreps/seedrep_cand/protenix/9azv_HL/d293/seedfull_r6/results/9azv_hl/seed_0/predictions/9azv_hl_sample_3.cif,9azv_HL,seedfull_r6,9azv_hl_sample_3.cif,0.1695
/mnt/data/msadepth/compreps/seedrep_cand/protenix/9azv_HL/d293/seedfull_r7/results/9azv_hl/seed_0/predictions/9azv_hl_sample_2.cif,9azv_HL,seedfull_r7,9azv_hl_sample_2.cif,0.11842
/mnt/data/msadepth/compreps/seedrep_cand/protenix/9b7g_QP/d625/seed0_r1/results/9b7g_qp/seed_0/predictions/9b7g_qp_sample_1.cif,9b7g_QP,seed0_r1,9b7g_qp_sample_1.cif,0.27226
/mnt/data/msadepth/compreps/seedrep_cand/protenix/9b7g_QP/d625/seed0_r1/results/9b7g_qp/seed_0/predictions/9b7g_qp_sample_4.cif,9b7g_QP,seed0_r1,9b7g_qp_sample_4.cif,0.10574
/mnt/data/msadepth/compreps/seedrep_cand/protenix/9b7g_QP/d625/seed0_r2/results/9b7g_qp/seed_0/predictions/9b7g_qp_sample_2.cif,9b7g_QP,seed0_r2,9b7g_qp_sample_2.cif,0.11039
/mnt/data/msadepth/compreps/seedrep_cand/protenix/9b7g_QP/d625/seed0_r2/results/9b7g_qp/seed_0/predictions/9b7g_qp_sample_1.cif,9b7g_QP,seed0_r2,9b7g_qp_sample_1.cif,0.03963
/mnt/data/msadepth/compreps/seedrep_cand/protenix/9b7g_QP/d625/seed0_r0/results/9b7g_qp/seed_0/predictions/9b7g_qp_sample_2.cif,9b7g_QP,seed0_r0,9b7g_qp_sample_2.cif,0.08829
/mnt/data/msadepth/compreps/seedrep_cand/protenix/9b7g_QP/d625/seed0_r1/results/9b7g_qp/seed_0/predictions/9b7g_qp_sample_3.cif,9b7g_QP,seed0_r1,9b7g_qp_sample_3.cif,0.09506
/mnt/data/msadepth/compreps/seedrep_cand/protenix/9b7g_QP/d625/seed0_r1/results/9b7g_qp/seed_0/predictions/9b7g_qp_sample_2.cif,9b7g_QP,seed0_r1,9b7g_qp_sample_2.cif,0.0541
/mnt/data/msadepth/compreps/seedrep_cand/protenix/9b7g_QP/d625/seed0_r2/results/9b7g_qp/seed_0/predictions/9b7g_qp_sample_0.cif,9b7g_QP,seed0_r2,9b7g_qp_sample_0.cif,0.05
/mnt/data/msadepth/compreps/seedrep_cand/protenix/9b7g_QP/d625/seed0_r0/results/9b7g_qp/seed_0/predictions/9b7g_qp_sample_4.cif,9b7g_QP,seed0_r0,9b7g_qp_sample_4.cif,0.05905
/mnt/data/msadepth/compreps/seedrep_cand/protenix/9b7g_QP/d625/seed0_r2/results/9b7g_qp/seed_0/predictions/9b7g_qp_sample_4.cif,9b7g_QP,seed0_r2,9b7g_qp_sample_4.cif,0.09224
/mnt/data/msadepth/compreps/seedrep_cand/protenix/9b7g_QP/d625/seed0_r0/results/9b7g_qp/seed_0/predictions/9b7g_qp_sample_0.cif,9b7g_QP,seed0_r0,9b7g_qp_sample_0.cif,0.04444
/mnt/data/msadepth/compreps/seedrep_cand/protenix/9b7g_QP/d625/seed0_r3/results/9b7g_qp/seed_0/predictions/9b7g_qp_sample_2.cif,9b7g_QP,seed0_r3,9b7g_qp_sample_2.cif,0.0625
/mnt/data/msadepth/compreps/seedrep_cand/protenix/9b7g_QP/d625/seed0_r0/results/9b7g_qp/seed_0/predictions/9b7g_qp_sample_1.cif,9b7g_QP,seed0_r0,9b7g_qp_sample_1.cif,0.0541
/mnt/data/msadepth/compreps/seedrep_cand/protenix/9b7g_QP/d625/seed0_r3/results/9b7g_qp/seed_0/predictions/9b7g_qp_sample_0.cif,9b7g_QP,seed0_r3,9b7g_qp_sample_0.cif,0.07427
/mnt/data/msadepth/compreps/seedrep_cand/protenix/9b7g_QP/d625/seed0_r3/results/9b7g_qp/seed_0/predictions/9b7g_qp_sample_3.cif,9b7g_QP,seed0_r3,9b7g_qp_sample_3.cif,0.11431
/mnt/data/msadepth/compreps/seedrep_cand/protenix/9b7g_QP/d625/seed0_r3/results/9b7g_qp/seed_0/predictions/9b7g_qp_sample_4.cif,9b7g_QP,seed0_r3,9b7g_qp_sample_4.cif,0.25471
/mnt/data/msadepth/compreps/seedrep_cand/protenix/9b7g_QP/d625/seed0_r0/results/9b7g_qp/seed_0/predictions/9b7g_qp_sample_3.cif,9b7g_QP,seed0_r0,9b7g_qp_sample_3.cif,0.11117
/mnt/data/msadepth/compreps/seedrep_cand/protenix/9b7g_QP/d625/seed0_r3/results/9b7g_qp/seed_0/predictions/9b7g_qp_sample_1.cif,9b7g_QP,seed0_r3,9b7g_qp_sample_1.cif,0.11286
/mnt/data/msadepth/compreps/seedrep_cand/protenix/9b7g_QP/d625/seed0_r2/results/9b7g_qp/seed_0/predictions/9b7g_qp_sample_3.cif,9b7g_QP,seed0_r2,9b7g_qp_sample_3.cif,0.07612
/mnt/data/msadepth/compreps/seedrep_cand/protenix/9b7g_QP/d625/seed0_r1/results/9b7g_qp/seed_0/predictions/9b7g_qp_sample_0.cif,9b7g_QP,seed0_r1,9b7g_qp_sample_0.cif,0.08082
/mnt/data/msadepth/compreps/seedrep_cand/protenix/9b7g_QP/d625/seed1_r1/results/9b7g_qp/seed_0/predictions/9b7g_qp_sample_4.cif,9b7g_QP,seed1_r1,9b7g_qp_sample_4.cif,0.17425
/mnt/data/msadepth/compreps/seedrep_cand/protenix/9b7g_QP/d625/seed1_r3/results/9b7g_qp/seed_0/predictions/9b7g_qp_sample_2.cif,9b7g_QP,seed1_r3,9b7g_qp_sample_2.cif,0.07778
/mnt/data/msadepth/compreps/seedrep_cand/protenix/9b7g_QP/d625/seed1_r3/results/9b7g_qp/seed_0/predictions/9b7g_qp_sample_4.cif,9b7g_QP,seed1_r3,9b7g_qp_sample_4.cif,0.14889
/mnt/data/msadepth/compreps/seedrep_cand/protenix/9b7g_QP/d625/seed1_r3/results/9b7g_qp/seed_0/predictions/9b7g_qp_sample_0.cif,9b7g_QP,seed1_r3,9b7g_qp_sample_0.cif,0.04799
/mnt/data/msadepth/compreps/seedrep_cand/protenix/9b7g_QP/d625/seed1_r0/results/9b7g_qp/seed_0/predictions/9b7g_qp_sample_2.cif,9b7g_QP,seed1_r0,9b7g_qp_sample_2.cif,0.1554
/mnt/data/msadepth/compreps/seedrep_cand/protenix/9b7g_QP/d625/seed1_r3/results/9b7g_qp/seed_0/predictions/9b7g_qp_sample_3.cif,9b7g_QP,seed1_r3,9b7g_qp_sample_3.cif,0.04574
/mnt/data/msadepth/compreps/seedrep_cand/protenix/9b7g_QP/d625/seed1_r1/results/9b7g_qp/seed_0/predictions/9b7g_qp_sample_2.cif,9b7g_QP,seed1_r1,9b7g_qp_sample_2.cif,0.30818
/mnt/data/msadepth/compreps/seedrep_cand/protenix/9b7g_QP/d625/seed1_r2/results/9b7g_qp/seed_0/predictions/9b7g_qp_sample_4.cif,9b7g_QP,seed1_r2,9b7g_qp_sample_4.cif,0.08713
/mnt/data/msadepth/compreps/seedrep_cand/protenix/9b7g_QP/d625/seed1_r0/results/9b7g_qp/seed_0/predictions/9b7g_qp_sample_1.cif,9b7g_QP,seed1_r0,9b7g_qp_sample_1.cif,0.02759
/mnt/data/msadepth/compreps/seedrep_cand/protenix/9b7g_QP/d625/seed1_r3/results/9b7g_qp/seed_0/predictions/9b7g_qp_sample_1.cif,9b7g_QP,seed1_r3,9b7g_qp_sample_1.cif,0.22094
/mnt/data/msadepth/compreps/seedrep_cand/protenix/9b7g_QP/d625/seed1_r2/results/9b7g_qp/seed_0/predictions/9b7g_qp_sample_3.cif,9b7g_QP,seed1_r2,9b7g_qp_sample_3.cif,0.11257
/mnt/data/msadepth/compreps/seedrep_cand/protenix/9b7g_QP/d625/seed1_r2/results/9b7g_qp/seed_0/predictions/9b7g_qp_sample_2.cif,9b7g_QP,seed1_r2,9b7g_qp_sample_2.cif,0.09314
/mnt/data/msadepth/compreps/seedrep_cand/protenix/9b7g_QP/d625/seed1_r1/results/9b7g_qp/seed_0/predictions/9b7g_qp_sample_1.cif,9b7g_QP,seed1_r1,9b7g_qp_sample_1.cif,0.08958
/mnt/data/msadepth/compreps/seedrep_cand/protenix/9b7g_QP/d625/seed1_r0/results/9b7g_qp/seed_0/predictions/9b7g_qp_sample_4.cif,9b7g_QP,seed1_r0,9b7g_qp_sample_4.cif,0.26197
/mnt/data/msadepth/compreps/seedrep_cand/protenix/9b7g_QP/d625/seed1_r2/results/9b7g_qp/seed_0/predictions/9b7g_qp_sample_0.cif,9b7g_QP,seed1_r2,9b7g_qp_sample_0.cif,0.27133
/mnt/data/msadepth/compreps/seedrep_cand/protenix/9b7g_QP/d625/seed1_r1/results/9b7g_qp/seed_0/predictions/9b7g_qp_sample_3.cif,9b7g_QP,seed1_r1,9b7g_qp_sample_3.cif,0.08888
/mnt/data/msadepth/compreps/seedrep_cand/protenix/9b7g_QP/d625/seed1_r0/results/9b7g_qp/seed_0/predictions/9b7g_qp_sample_3.cif,9b7g_QP,seed1_r0,9b7g_qp_sample_3.cif,0.15119
/mnt/data/msadepth/compreps/seedrep_cand/protenix/9b7g_QP/d625/seed1_r2/results/9b7g_qp/seed_0/predictions/9b7g_qp_sample_1.cif,9b7g_QP,seed1_r2,9b7g_qp_sample_1.cif,0.24366
/mnt/data/msadepth/compreps/seedrep_cand/protenix/9b7g_QP/d625/seed1_r1/results/9b7g_qp/seed_0/predictions/9b7g_qp_sample_0.cif,9b7g_QP,seed1_r1,9b7g_qp_sample_0.cif,0.24182
/mnt/data/msadepth/compreps/seedrep_cand/protenix/9b7g_QP/d625/seed1_r0/results/9b7g_qp/seed_0/predictions/9b7g_qp_sample_0.cif,9b7g_QP,seed1_r0,9b7g_qp_sample_0.cif,0.10967
/mnt/data/msadepth/compreps/seedrep_cand/protenix/9b7g_QP/d625/seed2_r2/results/9b7g_qp/seed_0/predictions/9b7g_qp_sample_2.cif,9b7g_QP,seed2_r2,9b7g_qp_sample_2.cif,0.09343
/mnt/data/msadepth/compreps/seedrep_cand/protenix/9b7g_QP/d625/seed2_r0/results/9b7g_qp/seed_0/predictions/9b7g_qp_sample_1.cif,9b7g_QP,seed2_r0,9b7g_qp_sample_1.cif,0.12366
/mnt/data/msadepth/compreps/seedrep_cand/protenix/9b7g_QP/d625/seed2_r1/results/9b7g_qp/seed_0/predictions/9b7g_qp_sample_1.cif,9b7g_QP,seed2_r1,9b7g_qp_sample_1.cif,0.25462
/mnt/data/msadepth/compreps/seedrep_cand/protenix/9b7g_QP/d625/seed2_r1/results/9b7g_qp/seed_0/predictions/9b7g_qp_sample_4.cif,9b7g_QP,seed2_r1,9b7g_qp_sample_4.cif,0.33475
/mnt/data/msadepth/compreps/seedrep_cand/protenix/9b7g_QP/d625/seed2_r2/results/9b7g_qp/seed_0/predictions/9b7g_qp_sample_3.cif,9b7g_QP,seed2_r2,9b7g_qp_sample_3.cif,0.0567
/mnt/data/msadepth/compreps/seedrep_cand/protenix/9b7g_QP/d625/seed2_r0/results/9b7g_qp/seed_0/predictions/9b7g_qp_sample_2.cif,9b7g_QP,seed2_r0,9b7g_qp_sample_2.cif,0.18948
/mnt/data/msadepth/compreps/seedrep_cand/protenix/9b7g_QP/d625/seed2_r3/results/9b7g_qp/seed_0/predictions/9b7g_qp_sample_2.cif,9b7g_QP,seed2_r3,9b7g_qp_sample_2.cif,0.15567
/mnt/data/msadepth/compreps/seedrep_cand/protenix/9b7g_QP/d625/seed2_r3/results/9b7g_qp/seed_0/predictions/9b7g_qp_sample_1.cif,9b7g_QP,seed2_r3,9b7g_qp_sample_1.cif,0.21385
/mnt/data/msadepth/compreps/seedrep_cand/protenix/9b7g_QP/d625/seed2_r3/results/9b7g_qp/seed_0/predictions/9b7g_qp_sample_3.cif,9b7g_QP,seed2_r3,9b7g_qp_sample_3.cif,0.18186
/mnt/data/msadepth/compreps/seedrep_cand/protenix/9b7g_QP/d625/seed2_r1/results/9b7g_qp/seed_0/predictions/9b7g_qp_sample_2.cif,9b7g_QP,seed2_r1,9b7g_qp_sample_2.cif,0.22158
/mnt/data/msadepth/compreps/seedrep_cand/protenix/9b7g_QP/d625/seed2_r2/results/9b7g_qp/seed_0/predictions/9b7g_qp_sample_1.cif,9b7g_QP,seed2_r2,9b7g_qp_sample_1.cif,0.20751
/mnt/data/msadepth/compreps/seedrep_cand/protenix/9b7g_QP/d625/seed2_r2/results/9b7g_qp/seed_0/predictions/9b7g_qp_sample_0.cif,9b7g_QP,seed2_r2,9b7g_qp_sample_0.cif,0.18932
/mnt/data/msadepth/compreps/seedrep_cand/protenix/9b7g_QP/d625/seed2_r1/results/9b7g_qp/seed_0/predictions/9b7g_qp_sample_0.cif,9b7g_QP,seed2_r1,9b7g_qp_sample_0.cif,0.17822
/mnt/data/msadepth/compreps/seedrep_cand/protenix/9b7g_QP/d625/seed2_r3/results/9b7g_qp/seed_0/predictions/9b7g_qp_sample_0.cif,9b7g_QP,seed2_r3,9b7g_qp_sample_0.cif,0.15406
/mnt/data/msadepth/compreps/seedrep_cand/protenix/9b7g_QP/d625/seed2_r0/results/9b7g_qp/seed_0/predictions/9b7g_qp_sample_3.cif,9b7g_QP,seed2_r0,9b7g_qp_sample_3.cif,0.14246
/mnt/data/msadepth/compreps/seedrep_cand/protenix/9b7g_QP/d625/seed2_r3/results/9b7g_qp/seed_0/predictions/9b7g_qp_sample_4.cif,9b7g_QP,seed2_r3,9b7g_qp_sample_4.cif,0.20827
/mnt/data/msadepth/compreps/seedrep_cand/protenix/9b7g_QP/d625/seed2_r0/results/9b7g_qp/seed_0/predictions/9b7g_qp_sample_0.cif,9b7g_QP,seed2_r0,9b7g_qp_sample_0.cif,0.22335
/mnt/data/msadepth/compreps/seedrep_cand/protenix/9b7g_QP/d625/seed2_r1/results/9b7g_qp/seed_0/predictions/9b7g_qp_sample_3.cif,9b7g_QP,seed2_r1,9b7g_qp_sample_3.cif,0.10691
/mnt/data/msadepth/compreps/seedrep_cand/protenix/9b7g_QP/d625/seed2_r2/results/9b7g_qp/seed_0/predictions/9b7g_qp_sample_4.cif,9b7g_QP,seed2_r2,9b7g_qp_sample_4.cif,0.22497
/mnt/data/msadepth/compreps/seedrep_cand/protenix/9b7g_QP/d625/seed2_r0/results/9b7g_qp/seed_0/predictions/9b7g_qp_sample_4.cif,9b7g_QP,seed2_r0,9b7g_qp_sample_4.cif,0.43969
/mnt/data/msadepth/compreps/seedrep_cand/protenix/9b7g_QP/d625/seed3_r1/results/9b7g_qp/seed_0/predictions/9b7g_qp_sample_4.cif,9b7g_QP,seed3_r1,9b7g_qp_sample_4.cif,0.03023
/mnt/data/msadepth/compreps/seedrep_cand/protenix/9b7g_QP/d625/seed3_r3/results/9b7g_qp/seed_0/predictions/9b7g_qp_sample_4.cif,9b7g_QP,seed3_r3,9b7g_qp_sample_4.cif,0.33167
/mnt/data/msadepth/compreps/seedrep_cand/protenix/9b7g_QP/d625/seed3_r0/results/9b7g_qp/seed_0/predictions/9b7g_qp_sample_0.cif,9b7g_QP,seed3_r0,9b7g_qp_sample_0.cif,0.30777
/mnt/data/msadepth/compreps/seedrep_cand/protenix/9b7g_QP/d625/seed3_r3/results/9b7g_qp/seed_0/predictions/9b7g_qp_sample_2.cif,9b7g_QP,seed3_r3,9b7g_qp_sample_2.cif,0.11557
/mnt/data/msadepth/compreps/seedrep_cand/protenix/9b7g_QP/d625/seed3_r2/results/9b7g_qp/seed_0/predictions/9b7g_qp_sample_3.cif,9b7g_QP,seed3_r2,9b7g_qp_sample_3.cif,0.07649
/mnt/data/msadepth/compreps/seedrep_cand/protenix/9b7g_QP/d625/seed3_r2/results/9b7g_qp/seed_0/predictions/9b7g_qp_sample_4.cif,9b7g_QP,seed3_r2,9b7g_qp_sample_4.cif,0.06489
/mnt/data/msadepth/compreps/seedrep_cand/protenix/9b7g_QP/d625/seed3_r0/results/9b7g_qp/seed_0/predictions/9b7g_qp_sample_3.cif,9b7g_QP,seed3_r0,9b7g_qp_sample_3.cif,0.12053
/mnt/data/msadepth/compreps/seedrep_cand/protenix/9b7g_QP/d625/seed3_r2/results/9b7g_qp/seed_0/predictions/9b7g_qp_sample_0.cif,9b7g_QP,seed3_r2,9b7g_qp_sample_0.cif,0.15076
/mnt/data/msadepth/compreps/seedrep_cand/protenix/9b7g_QP/d625/seed3_r1/results/9b7g_qp/seed_0/predictions/9b7g_qp_sample_3.cif,9b7g_QP,seed3_r1,9b7g_qp_sample_3.cif,0.19173
/mnt/data/msadepth/compreps/seedrep_cand/protenix/9b7g_QP/d625/seed3_r0/results/9b7g_qp/seed_0/predictions/9b7g_qp_sample_1.cif,9b7g_QP,seed3_r0,9b7g_qp_sample_1.cif,0.05425
/mnt/data/msadepth/compreps/seedrep_cand/protenix/9b7g_QP/d625/seed3_r2/results/9b7g_qp/seed_0/predictions/9b7g_qp_sample_2.cif,9b7g_QP,seed3_r2,9b7g_qp_sample_2.cif,0.02883
/mnt/data/msadepth/compreps/seedrep_cand/protenix/9b7g_QP/d625/seed3_r0/results/9b7g_qp/seed_0/predictions/9b7g_qp_sample_4.cif,9b7g_QP,seed3_r0,9b7g_qp_sample_4.cif,0.14615
/mnt/data/msadepth/compreps/seedrep_cand/protenix/9b7g_QP/d625/seed3_r3/results/9b7g_qp/seed_0/predictions/9b7g_qp_sample_3.cif,9b7g_QP,seed3_r3,9b7g_qp_sample_3.cif,0.04929
/mnt/data/msadepth/compreps/seedrep_cand/protenix/9b7g_QP/d625/seed3_r1/results/9b7g_qp/seed_0/predictions/9b7g_qp_sample_2.cif,9b7g_QP,seed3_r1,9b7g_qp_sample_2.cif,0.25294
/mnt/data/msadepth/compreps/seedrep_cand/protenix/9b7g_QP/d625/seed3_r3/results/9b7g_qp/seed_0/predictions/9b7g_qp_sample_1.cif,9b7g_QP,seed3_r3,9b7g_qp_sample_1.cif,0.20671
/mnt/data/msadepth/compreps/seedrep_cand/protenix/9b7g_QP/d625/seed3_r2/results/9b7g_qp/seed_0/predictions/9b7g_qp_sample_1.cif,9b7g_QP,seed3_r2,9b7g_qp_sample_1.cif,0.30191
/mnt/data/msadepth/compreps/seedrep_cand/protenix/9b7g_QP/d625/seed3_r1/results/9b7g_qp/seed_0/predictions/9b7g_qp_sample_1.cif,9b7g_QP,seed3_r1,9b7g_qp_sample_1.cif,0.31941
/mnt/data/msadepth/compreps/seedrep_cand/protenix/9b7g_QP/d625/seed3_r0/results/9b7g_qp/seed_0/predictions/9b7g_qp_sample_2.cif,9b7g_QP,seed3_r0,9b7g_qp_sample_2.cif,0.14737
/mnt/data/msadepth/compreps/seedrep_cand/protenix/9b7g_QP/d625/seed3_r3/results/9b7g_qp/seed_0/predictions/9b7g_qp_sample_0.cif,9b7g_QP,seed3_r3,9b7g_qp_sample_0.cif,0.20117
/mnt/data/msadepth/compreps/seedrep_cand/protenix/9b7g_QP/d625/seed3_r1/results/9b7g_qp/seed_0/predictions/9b7g_qp_sample_0.cif,9b7g_QP,seed3_r1,9b7g_qp_sample_0.cif,0.19262
/mnt/data/msadepth/compreps/seedrep_cand/protenix/9b7g_QP/d625/seed4_r2/results/9b7g_qp/seed_0/predictions/9b7g_qp_sample_4.cif,9b7g_QP,seed4_r2,9b7g_qp_sample_4.cif,0.07201
/mnt/data/msadepth/compreps/seedrep_cand/protenix/9b7g_QP/d625/seed4_r3/results/9b7g_qp/seed_0/predictions/9b7g_qp_sample_1.cif,9b7g_QP,seed4_r3,9b7g_qp_sample_1.cif,0.29379
/mnt/data/msadepth/compreps/seedrep_cand/protenix/9b7g_QP/d625/seed4_r2/results/9b7g_qp/seed_0/predictions/9b7g_qp_sample_2.cif,9b7g_QP,seed4_r2,9b7g_qp_sample_2.cif,0.08908
/mnt/data/msadepth/compreps/seedrep_cand/protenix/9b7g_QP/d625/seed4_r1/results/9b7g_qp/seed_0/predictions/9b7g_qp_sample_0.cif,9b7g_QP,seed4_r1,9b7g_qp_sample_0.cif,0.07803
/mnt/data/msadepth/compreps/seedrep_cand/protenix/9b7g_QP/d625/seed4_r0/results/9b7g_qp/seed_0/predictions/9b7g_qp_sample_0.cif,9b7g_QP,seed4_r0,9b7g_qp_sample_0.cif,0.06701
/mnt/data/msadepth/compreps/seedrep_cand/protenix/9b7g_QP/d625/seed4_r1/results/9b7g_qp/seed_0/predictions/9b7g_qp_sample_1.cif,9b7g_QP,seed4_r1,9b7g_qp_sample_1.cif,0.13278
/mnt/data/msadepth/compreps/seedrep_cand/protenix/9b7g_QP/d625/seed4_r3/results/9b7g_qp/seed_0/predictions/9b7g_qp_sample_3.cif,9b7g_QP,seed4_r3,9b7g_qp_sample_3.cif,0.20251
/mnt/data/msadepth/compreps/seedrep_cand/protenix/9b7g_QP/d625/seed4_r1/results/9b7g_qp/seed_0/predictions/9b7g_qp_sample_3.cif,9b7g_QP,seed4_r1,9b7g_qp_sample_3.cif,0.06588
/mnt/data/msadepth/compreps/seedrep_cand/protenix/9b7g_QP/d625/seed4_r3/results/9b7g_qp/seed_0/predictions/9b7g_qp_sample_4.cif,9b7g_QP,seed4_r3,9b7g_qp_sample_4.cif,0.20281
/mnt/data/msadepth/compreps/seedrep_cand/protenix/9b7g_QP/d625/seed4_r0/results/9b7g_qp/seed_0/predictions/9b7g_qp_sample_3.cif,9b7g_QP,seed4_r0,9b7g_qp_sample_3.cif,0.08695
/mnt/data/msadepth/compreps/seedrep_cand/protenix/9b7g_QP/d625/seed4_r2/results/9b7g_qp/seed_0/predictions/9b7g_qp_sample_3.cif,9b7g_QP,seed4_r2,9b7g_qp_sample_3.cif,0.21973
/mnt/data/msadepth/compreps/seedrep_cand/protenix/9b7g_QP/d625/seed4_r0/results/9b7g_qp/seed_0/predictions/9b7g_qp_sample_1.cif,9b7g_QP,seed4_r0,9b7g_qp_sample_1.cif,0.1591
/mnt/data/msadepth/compreps/seedrep_cand/protenix/9b7g_QP/d625/seed4_r1/results/9b7g_qp/seed_0/predictions/9b7g_qp_sample_2.cif,9b7g_QP,seed4_r1,9b7g_qp_sample_2.cif,0.06763
/mnt/data/msadepth/compreps/seedrep_cand/protenix/9b7g_QP/d625/seed4_r2/results/9b7g_qp/seed_0/predictions/9b7g_qp_sample_1.cif,9b7g_QP,seed4_r2,9b7g_qp_sample_1.cif,0.18854
/mnt/data/msadepth/compreps/seedrep_cand/protenix/9b7g_QP/d625/seed4_r2/results/9b7g_qp/seed_0/predictions/9b7g_qp_sample_0.cif,9b7g_QP,seed4_r2,9b7g_qp_sample_0.cif,0.18646
/mnt/data/msadepth/compreps/seedrep_cand/protenix/9b7g_QP/d625/seed4_r0/results/9b7g_qp/seed_0/predictions/9b7g_qp_sample_2.cif,9b7g_QP,seed4_r0,9b7g_qp_sample_2.cif,0.08854
/mnt/data/msadepth/compreps/seedrep_cand/protenix/9b7g_QP/d625/seed4_r3/results/9b7g_qp/seed_0/predictions/9b7g_qp_sample_2.cif,9b7g_QP,seed4_r3,9b7g_qp_sample_2.cif,0.14124
/mnt/data/msadepth/compreps/seedrep_cand/protenix/9b7g_QP/d625/seed4_r0/results/9b7g_qp/seed_0/predictions/9b7g_qp_sample_4.cif,9b7g_QP,seed4_r0,9b7g_qp_sample_4.cif,0.26733
/mnt/data/msadepth/compreps/seedrep_cand/protenix/9b7g_QP/d625/seed4_r3/results/9b7g_qp/seed_0/predictions/9b7g_qp_sample_0.cif,9b7g_QP,seed4_r3,9b7g_qp_sample_0.cif,0.13838
/mnt/data/msadepth/compreps/seedrep_cand/protenix/9b7g_QP/d625/seed4_r1/results/9b7g_qp/seed_0/predictions/9b7g_qp_sample_4.cif,9b7g_QP,seed4_r1,9b7g_qp_sample_4.cif,0.26879
/mnt/data/msadepth/compreps/seedrep_cand/protenix/9b7g_QP/d625/seed5_r1/results/9b7g_qp/seed_0/predictions/9b7g_qp_sample_0.cif,9b7g_QP,seed5_r1,9b7g_qp_sample_0.cif,0.05833
/mnt/data/msadepth/compreps/seedrep_cand/protenix/9b7g_QP/d625/seed5_r2/results/9b7g_qp/seed_0/predictions/9b7g_qp_sample_2.cif,9b7g_QP,seed5_r2,9b7g_qp_sample_2.cif,0.04153
/mnt/data/msadepth/compreps/seedrep_cand/protenix/9b7g_QP/d625/seed5_r2/results/9b7g_qp/seed_0/predictions/9b7g_qp_sample_4.cif,9b7g_QP,seed5_r2,9b7g_qp_sample_4.cif,0.02428
/mnt/data/msadepth/compreps/seedrep_cand/protenix/9b7g_QP/d625/seed5_r1/results/9b7g_qp/seed_0/predictions/9b7g_qp_sample_2.cif,9b7g_QP,seed5_r1,9b7g_qp_sample_2.cif,0.04861
/mnt/data/msadepth/compreps/seedrep_cand/protenix/9b7g_QP/d625/seed5_r1/results/9b7g_qp/seed_0/predictions/9b7g_qp_sample_4.cif,9b7g_QP,seed5_r1,9b7g_qp_sample_4.cif,0.09491
/mnt/data/msadepth/compreps/seedrep_cand/protenix/9b7g_QP/d625/seed5_r1/results/9b7g_qp/seed_0/predictions/9b7g_qp_sample_1.cif,9b7g_QP,seed5_r1,9b7g_qp_sample_1.cif,0.06416
/mnt/data/msadepth/compreps/seedrep_cand/protenix/9b7g_QP/d625/seed5_r0/results/9b7g_qp/seed_0/predictions/9b7g_qp_sample_2.cif,9b7g_QP,seed5_r0,9b7g_qp_sample_2.cif,0.04714
/mnt/data/msadepth/compreps/seedrep_cand/protenix/9b7g_QP/d625/seed5_r2/results/9b7g_qp/seed_0/predictions/9b7g_qp_sample_3.cif,9b7g_QP,seed5_r2,9b7g_qp_sample_3.cif,0.06906
/mnt/data/msadepth/compreps/seedrep_cand/protenix/9b7g_QP/d625/seed5_r0/results/9b7g_qp/seed_0/predictions/9b7g_qp_sample_4.cif,9b7g_QP,seed5_r0,9b7g_qp_sample_4.cif,0.04487
/mnt/data/msadepth/compreps/seedrep_cand/protenix/9b7g_QP/d625/seed5_r0/results/9b7g_qp/seed_0/predictions/9b7g_qp_sample_1.cif,9b7g_QP,seed5_r0,9b7g_qp_sample_1.cif,0.19841
/mnt/data/msadepth/compreps/seedrep_cand/protenix/9b7g_QP/d625/seed5_r0/results/9b7g_qp/seed_0/predictions/9b7g_qp_sample_0.cif,9b7g_QP,seed5_r0,9b7g_qp_sample_0.cif,0.03626
/mnt/data/msadepth/compreps/seedrep_cand/protenix/9b7g_QP/d625/seed5_r3/results/9b7g_qp/seed_0/predictions/9b7g_qp_sample_3.cif,9b7g_QP,seed5_r3,9b7g_qp_sample_3.cif,0.10318
/mnt/data/msadepth/compreps/seedrep_cand/protenix/9b7g_QP/d625/seed5_r2/results/9b7g_qp/seed_0/predictions/9b7g_qp_sample_0.cif,9b7g_QP,seed5_r2,9b7g_qp_sample_0.cif,0.03293
/mnt/data/msadepth/compreps/seedrep_cand/protenix/9b7g_QP/d625/seed5_r2/results/9b7g_qp/seed_0/predictions/9b7g_qp_sample_1.cif,9b7g_QP,seed5_r2,9b7g_qp_sample_1.cif,0.0329
/mnt/data/msadepth/compreps/seedrep_cand/protenix/9b7g_QP/d625/seed5_r3/results/9b7g_qp/seed_0/predictions/9b7g_qp_sample_1.cif,9b7g_QP,seed5_r3,9b7g_qp_sample_1.cif,0.21461
/mnt/data/msadepth/compreps/seedrep_cand/protenix/9b7g_QP/d625/seed5_r3/results/9b7g_qp/seed_0/predictions/9b7g_qp_sample_0.cif,9b7g_QP,seed5_r3,9b7g_qp_sample_0.cif,0.04947
/mnt/data/msadepth/compreps/seedrep_cand/protenix/9b7g_QP/d625/seed5_r0/results/9b7g_qp/seed_0/predictions/9b7g_qp_sample_3.cif,9b7g_QP,seed5_r0,9b7g_qp_sample_3.cif,0.10207
/mnt/data/msadepth/compreps/seedrep_cand/protenix/9b7g_QP/d625/seed5_r1/results/9b7g_qp/seed_0/predictions/9b7g_qp_sample_3.cif,9b7g_QP,seed5_r1,9b7g_qp_sample_3.cif,0.04157
/mnt/data/msadepth/compreps/seedrep_cand/protenix/9b7g_QP/d625/seed5_r3/results/9b7g_qp/seed_0/predictions/9b7g_qp_sample_4.cif,9b7g_QP,seed5_r3,9b7g_qp_sample_4.cif,0.20135
/mnt/data/msadepth/compreps/seedrep_cand/protenix/9b7g_QP/d625/seed5_r3/results/9b7g_qp/seed_0/predictions/9b7g_qp_sample_2.cif,9b7g_QP,seed5_r3,9b7g_qp_sample_2.cif,0.03845
/mnt/data/msadepth/compreps/seedrep_cand/protenix/9b7g_QP/d625/seedfull_r1/results/9b7g_qp/seed_0/predictions/9b7g_qp_sample_3.cif,9b7g_QP,seedfull_r1,9b7g_qp_sample_3.cif,0.05952
/mnt/data/msadepth/compreps/seedrep_cand/protenix/9b7g_QP/d625/seedfull_r2/results/9b7g_qp/seed_0/predictions/9b7g_qp_sample_1.cif,9b7g_QP,seedfull_r2,9b7g_qp_sample_1.cif,0.07212
/mnt/data/msadepth/compreps/seedrep_cand/protenix/9b7g_QP/d625/seedfull_r3/results/9b7g_qp/seed_0/predictions/9b7g_qp_sample_2.cif,9b7g_QP,seedfull_r3,9b7g_qp_sample_2.cif,0.08088
/mnt/data/msadepth/compreps/seedrep_cand/protenix/9b7g_QP/d625/seedfull_r2/results/9b7g_qp/seed_0/predictions/9b7g_qp_sample_3.cif,9b7g_QP,seedfull_r2,9b7g_qp_sample_3.cif,0.05582
/mnt/data/msadepth/compreps/seedrep_cand/protenix/9b7g_QP/d625/seedfull_r1/results/9b7g_qp/seed_0/predictions/9b7g_qp_sample_0.cif,9b7g_QP,seedfull_r1,9b7g_qp_sample_0.cif,0.05345
/mnt/data/msadepth/compreps/seedrep_cand/protenix/9b7g_QP/d625/seedfull_r0/results/9b7g_qp/seed_0/predictions/9b7g_qp_sample_4.cif,9b7g_QP,seedfull_r0,9b7g_qp_sample_4.cif,0.16646
/mnt/data/msadepth/compreps/seedrep_cand/protenix/9b7g_QP/d625/seedfull_r3/results/9b7g_qp/seed_0/predictions/9b7g_qp_sample_1.cif,9b7g_QP,seedfull_r3,9b7g_qp_sample_1.cif,0.1901
/mnt/data/msadepth/compreps/seedrep_cand/protenix/9b7g_QP/d625/seedfull_r2/results/9b7g_qp/seed_0/predictions/9b7g_qp_sample_4.cif,9b7g_QP,seedfull_r2,9b7g_qp_sample_4.cif,0.2325
/mnt/data/msadepth/compreps/seedrep_cand/protenix/9b7g_QP/d625/seedfull_r1/results/9b7g_qp/seed_0/predictions/9b7g_qp_sample_4.cif,9b7g_QP,seedfull_r1,9b7g_qp_sample_4.cif,0.19283
/mnt/data/msadepth/compreps/seedrep_cand/protenix/9b7g_QP/d625/seedfull_r1/results/9b7g_qp/seed_0/predictions/9b7g_qp_sample_1.cif,9b7g_QP,seedfull_r1,9b7g_qp_sample_1.cif,0.11708
/mnt/data/msadepth/compreps/seedrep_cand/protenix/9b7g_QP/d625/seedfull_r3/results/9b7g_qp/seed_0/predictions/9b7g_qp_sample_3.cif,9b7g_QP,seedfull_r3,9b7g_qp_sample_3.cif,0.12099
/mnt/data/msadepth/compreps/seedrep_cand/protenix/9b7g_QP/d625/seedfull_r2/results/9b7g_qp/seed_0/predictions/9b7g_qp_sample_2.cif,9b7g_QP,seedfull_r2,9b7g_qp_sample_2.cif,0.13828
/mnt/data/msadepth/compreps/seedrep_cand/protenix/9b7g_QP/d625/seedfull_r2/results/9b7g_qp/seed_0/predictions/9b7g_qp_sample_0.cif,9b7g_QP,seedfull_r2,9b7g_qp_sample_0.cif,0.07332
/mnt/data/msadepth/compreps/seedrep_cand/protenix/9b7g_QP/d625/seedfull_r3/results/9b7g_qp/seed_0/predictions/9b7g_qp_sample_4.cif,9b7g_QP,seedfull_r3,9b7g_qp_sample_4.cif,0.13568
/mnt/data/msadepth/compreps/seedrep_cand/protenix/9b7g_QP/d625/seedfull_r3/results/9b7g_qp/seed_0/predictions/9b7g_qp_sample_0.cif,9b7g_QP,seedfull_r3,9b7g_qp_sample_0.cif,0.04596
/mnt/data/msadepth/compreps/seedrep_cand/protenix/9b7g_QP/d625/seedfull_r1/results/9b7g_qp/seed_0/predictions/9b7g_qp_sample_2.cif,9b7g_QP,seedfull_r1,9b7g_qp_sample_2.cif,0.2161
/mnt/data/msadepth/compreps/seedrep_cand/protenix/9b7g_QP/d625/seedfull_r0/results/9b7g_qp/seed_0/predictions/9b7g_qp_sample_2.cif,9b7g_QP,seedfull_r0,9b7g_qp_sample_2.cif,0.20402
/mnt/data/msadepth/compreps/seedrep_cand/protenix/9b7g_QP/d625/seedfull_r0/results/9b7g_qp/seed_0/predictions/9b7g_qp_sample_1.cif,9b7g_QP,seedfull_r0,9b7g_qp_sample_1.cif,0.05607
/mnt/data/msadepth/compreps/seedrep_cand/protenix/9b7g_QP/d625/seedfull_r0/results/9b7g_qp/seed_0/predictions/9b7g_qp_sample_0.cif,9b7g_QP,seedfull_r0,9b7g_qp_sample_0.cif,0.13342
/mnt/data/msadepth/compreps/seedrep_cand/protenix/9b7g_QP/d625/seedfull_r0/results/9b7g_qp/seed_0/predictions/9b7g_qp_sample_3.cif,9b7g_QP,seedfull_r0,9b7g_qp_sample_3.cif,0.27722
/mnt/data/msadepth/compreps/seedrep_cand/protenix/9b7g_QP/d625/seedfull_r6/results/9b7g_qp/seed_0/predictions/9b7g_qp_sample_2.cif,9b7g_QP,seedfull_r6,9b7g_qp_sample_2.cif,0.03082
/mnt/data/msadepth/compreps/seedrep_cand/protenix/9b7g_QP/d625/seedfull_r4/results/9b7g_qp/seed_0/predictions/9b7g_qp_sample_0.cif,9b7g_QP,seedfull_r4,9b7g_qp_sample_0.cif,0.14961
/mnt/data/msadepth/compreps/seedrep_cand/protenix/9b7g_QP/d625/seedfull_r5/results/9b7g_qp/seed_0/predictions/9b7g_qp_sample_2.cif,9b7g_QP,seedfull_r5,9b7g_qp_sample_2.cif,0.26014
/mnt/data/msadepth/compreps/seedrep_cand/protenix/9b7g_QP/d625/seedfull_r4/results/9b7g_qp/seed_0/predictions/9b7g_qp_sample_2.cif,9b7g_QP,seedfull_r4,9b7g_qp_sample_2.cif,0.03739
/mnt/data/msadepth/compreps/seedrep_cand/protenix/9b7g_QP/d625/seedfull_r6/results/9b7g_qp/seed_0/predictions/9b7g_qp_sample_4.cif,9b7g_QP,seedfull_r6,9b7g_qp_sample_4.cif,0.13459
/mnt/data/msadepth/compreps/seedrep_cand/protenix/9b7g_QP/d625/seedfull_r7/results/9b7g_qp/seed_0/predictions/9b7g_qp_sample_4.cif,9b7g_QP,seedfull_r7,9b7g_qp_sample_4.cif,0.22427
/mnt/data/msadepth/compreps/seedrep_cand/protenix/9b7g_QP/d625/seedfull_r5/results/9b7g_qp/seed_0/predictions/9b7g_qp_sample_0.cif,9b7g_QP,seedfull_r5,9b7g_qp_sample_0.cif,0.12547
/mnt/data/msadepth/compreps/seedrep_cand/protenix/9b7g_QP/d625/seedfull_r5/results/9b7g_qp/seed_0/predictions/9b7g_qp_sample_1.cif,9b7g_QP,seedfull_r5,9b7g_qp_sample_1.cif,0.067
/mnt/data/msadepth/compreps/seedrep_cand/protenix/9b7g_QP/d625/seedfull_r4/results/9b7g_qp/seed_0/predictions/9b7g_qp_sample_3.cif,9b7g_QP,seedfull_r4,9b7g_qp_sample_3.cif,0.05497
/mnt/data/msadepth/compreps/seedrep_cand/protenix/9b7g_QP/d625/seedfull_r5/results/9b7g_qp/seed_0/predictions/9b7g_qp_sample_3.cif,9b7g_QP,seedfull_r5,9b7g_qp_sample_3.cif,0.07872
/mnt/data/msadepth/compreps/seedrep_cand/protenix/9b7g_QP/d625/seedfull_r7/results/9b7g_qp/seed_0/predictions/9b7g_qp_sample_0.cif,9b7g_QP,seedfull_r7,9b7g_qp_sample_0.cif,0.17322
/mnt/data/msadepth/compreps/seedrep_cand/protenix/9b7g_QP/d625/seedfull_r6/results/9b7g_qp/seed_0/predictions/9b7g_qp_sample_1.cif,9b7g_QP,seedfull_r6,9b7g_qp_sample_1.cif,0.13238
/mnt/data/msadepth/compreps/seedrep_cand/protenix/9b7g_QP/d625/seedfull_r4/results/9b7g_qp/seed_0/predictions/9b7g_qp_sample_1.cif,9b7g_QP,seedfull_r4,9b7g_qp_sample_1.cif,0.04799
/mnt/data/msadepth/compreps/seedrep_cand/protenix/9b7g_QP/d625/seedfull_r5/results/9b7g_qp/seed_0/predictions/9b7g_qp_sample_4.cif,9b7g_QP,seedfull_r5,9b7g_qp_sample_4.cif,0.11413
/mnt/data/msadepth/compreps/seedrep_cand/protenix/9b7g_QP/d625/seedfull_r7/results/9b7g_qp/seed_0/predictions/9b7g_qp_sample_1.cif,9b7g_QP,seedfull_r7,9b7g_qp_sample_1.cif,0.09511
/mnt/data/msadepth/compreps/seedrep_cand/protenix/9b7g_QP/d625/seedfull_r4/results/9b7g_qp/seed_0/predictions/9b7g_qp_sample_4.cif,9b7g_QP,seedfull_r4,9b7g_qp_sample_4.cif,0.04143
/mnt/data/msadepth/compreps/seedrep_cand/protenix/9b7g_QP/d625/seedfull_r7/results/9b7g_qp/seed_0/predictions/9b7g_qp_sample_3.cif,9b7g_QP,seedfull_r7,9b7g_qp_sample_3.cif,0.04519
/mnt/data/msadepth/compreps/seedrep_cand/protenix/9b7g_QP/d625/seedfull_r6/results/9b7g_qp/seed_0/predictions/9b7g_qp_sample_0.cif,9b7g_QP,seedfull_r6,9b7g_qp_sample_0.cif,0.07713
/mnt/data/msadepth/compreps/seedrep_cand/protenix/9b7g_QP/d625/seedfull_r6/results/9b7g_qp/seed_0/predictions/9b7g_qp_sample_3.cif,9b7g_QP,seedfull_r6,9b7g_qp_sample_3.cif,0.06419
/mnt/data/msadepth/compreps/seedrep_cand/protenix/9b7g_QP/d625/seedfull_r7/results/9b7g_qp/seed_0/predictions/9b7g_qp_sample_2.cif,9b7g_QP,seedfull_r7,9b7g_qp_sample_2.cif,0.05495
/mnt/data/msadepth/compreps/seedrep_cand/protenix/9bdg_FI/d173/seed0_r1/results/9bdg_fi/seed_0/predictions/9bdg_fi_sample_1.cif,9bdg_FI,seed0_r1,9bdg_fi_sample_1.cif,0.1181
/mnt/data/msadepth/compreps/seedrep_cand/protenix/9bdg_FI/d173/seed0_r1/results/9bdg_fi/seed_0/predictions/9bdg_fi_sample_4.cif,9bdg_FI,seed0_r1,9bdg_fi_sample_4.cif,0.02856
/mnt/data/msadepth/compreps/seedrep_cand/protenix/9bdg_FI/d173/seed0_r2/results/9bdg_fi/seed_0/predictions/9bdg_fi_sample_2.cif,9bdg_FI,seed0_r2,9bdg_fi_sample_2.cif,0.16099
/mnt/data/msadepth/compreps/seedrep_cand/protenix/9bdg_FI/d173/seed0_r2/results/9bdg_fi/seed_0/predictions/9bdg_fi_sample_1.cif,9bdg_FI,seed0_r2,9bdg_fi_sample_1.cif,0.09714
/mnt/data/msadepth/compreps/seedrep_cand/protenix/9bdg_FI/d173/seed0_r0/results/9bdg_fi/seed_0/predictions/9bdg_fi_sample_2.cif,9bdg_FI,seed0_r0,9bdg_fi_sample_2.cif,0.17133
/mnt/data/msadepth/compreps/seedrep_cand/protenix/9bdg_FI/d173/seed0_r1/results/9bdg_fi/seed_0/predictions/9bdg_fi_sample_3.cif,9bdg_FI,seed0_r1,9bdg_fi_sample_3.cif,0.15369
/mnt/data/msadepth/compreps/seedrep_cand/protenix/9bdg_FI/d173/seed0_r1/results/9bdg_fi/seed_0/predictions/9bdg_fi_sample_2.cif,9bdg_FI,seed0_r1,9bdg_fi_sample_2.cif,0.05881
/mnt/data/msadepth/compreps/seedrep_cand/protenix/9bdg_FI/d173/seed0_r2/results/9bdg_fi/seed_0/predictions/9bdg_fi_sample_0.cif,9bdg_FI,seed0_r2,9bdg_fi_sample_0.cif,0.07443
/mnt/data/msadepth/compreps/seedrep_cand/protenix/9bdg_FI/d173/seed0_r0/results/9bdg_fi/seed_0/predictions/9bdg_fi_sample_4.cif,9bdg_FI,seed0_r0,9bdg_fi_sample_4.cif,0.1259
/mnt/data/msadepth/compreps/seedrep_cand/protenix/9bdg_FI/d173/seed0_r2/results/9bdg_fi/seed_0/predictions/9bdg_fi_sample_4.cif,9bdg_FI,seed0_r2,9bdg_fi_sample_4.cif,0.20188
/mnt/data/msadepth/compreps/seedrep_cand/protenix/9bdg_FI/d173/seed0_r0/results/9bdg_fi/seed_0/predictions/9bdg_fi_sample_0.cif,9bdg_FI,seed0_r0,9bdg_fi_sample_0.cif,0.10819
/mnt/data/msadepth/compreps/seedrep_cand/protenix/9bdg_FI/d173/seed0_r3/results/9bdg_fi/seed_0/predictions/9bdg_fi_sample_2.cif,9bdg_FI,seed0_r3,9bdg_fi_sample_2.cif,0.04909
/mnt/data/msadepth/compreps/seedrep_cand/protenix/9bdg_FI/d173/seed0_r0/results/9bdg_fi/seed_0/predictions/9bdg_fi_sample_1.cif,9bdg_FI,seed0_r0,9bdg_fi_sample_1.cif,0.03042
/mnt/data/msadepth/compreps/seedrep_cand/protenix/9bdg_FI/d173/seed0_r3/results/9bdg_fi/seed_0/predictions/9bdg_fi_sample_0.cif,9bdg_FI,seed0_r3,9bdg_fi_sample_0.cif,0.26887
/mnt/data/msadepth/compreps/seedrep_cand/protenix/9bdg_FI/d173/seed0_r3/results/9bdg_fi/seed_0/predictions/9bdg_fi_sample_3.cif,9bdg_FI,seed0_r3,9bdg_fi_sample_3.cif,0.19673
/mnt/data/msadepth/compreps/seedrep_cand/protenix/9bdg_FI/d173/seed0_r3/results/9bdg_fi/seed_0/predictions/9bdg_fi_sample_4.cif,9bdg_FI,seed0_r3,9bdg_fi_sample_4.cif,0.10781
/mnt/data/msadepth/compreps/seedrep_cand/protenix/9bdg_FI/d173/seed0_r0/results/9bdg_fi/seed_0/predictions/9bdg_fi_sample_3.cif,9bdg_FI,seed0_r0,9bdg_fi_sample_3.cif,0.0281
/mnt/data/msadepth/compreps/seedrep_cand/protenix/9bdg_FI/d173/seed0_r3/results/9bdg_fi/seed_0/predictions/9bdg_fi_sample_1.cif,9bdg_FI,seed0_r3,9bdg_fi_sample_1.cif,0.12823
/mnt/data/msadepth/compreps/seedrep_cand/protenix/9bdg_FI/d173/seed0_r2/results/9bdg_fi/seed_0/predictions/9bdg_fi_sample_3.cif,9bdg_FI,seed0_r2,9bdg_fi_sample_3.cif,0.1721
/mnt/data/msadepth/compreps/seedrep_cand/protenix/9bdg_FI/d173/seed0_r1/results/9bdg_fi/seed_0/predictions/9bdg_fi_sample_0.cif,9bdg_FI,seed0_r1,9bdg_fi_sample_0.cif,0.29513
/mnt/data/msadepth/compreps/seedrep_cand/protenix/9bdg_FI/d173/seed1_r1/results/9bdg_fi/seed_0/predictions/9bdg_fi_sample_4.cif,9bdg_FI,seed1_r1,9bdg_fi_sample_4.cif,0.15252
/mnt/data/msadepth/compreps/seedrep_cand/protenix/9bdg_FI/d173/seed1_r3/results/9bdg_fi/seed_0/predictions/9bdg_fi_sample_2.cif,9bdg_FI,seed1_r3,9bdg_fi_sample_2.cif,0.15043
/mnt/data/msadepth/compreps/seedrep_cand/protenix/9bdg_FI/d173/seed1_r3/results/9bdg_fi/seed_0/predictions/9bdg_fi_sample_4.cif,9bdg_FI,seed1_r3,9bdg_fi_sample_4.cif,0.0478
/mnt/data/msadepth/compreps/seedrep_cand/protenix/9bdg_FI/d173/seed1_r3/results/9bdg_fi/seed_0/predictions/9bdg_fi_sample_0.cif,9bdg_FI,seed1_r3,9bdg_fi_sample_0.cif,0.03233
/mnt/data/msadepth/compreps/seedrep_cand/protenix/9bdg_FI/d173/seed1_r0/results/9bdg_fi/seed_0/predictions/9bdg_fi_sample_2.cif,9bdg_FI,seed1_r0,9bdg_fi_sample_2.cif,0.29565
/mnt/data/msadepth/compreps/seedrep_cand/protenix/9bdg_FI/d173/seed1_r3/results/9bdg_fi/seed_0/predictions/9bdg_fi_sample_3.cif,9bdg_FI,seed1_r3,9bdg_fi_sample_3.cif,0.0353
/mnt/data/msadepth/compreps/seedrep_cand/protenix/9bdg_FI/d173/seed1_r1/results/9bdg_fi/seed_0/predictions/9bdg_fi_sample_2.cif,9bdg_FI,seed1_r1,9bdg_fi_sample_2.cif,0.07551
/mnt/data/msadepth/compreps/seedrep_cand/protenix/9bdg_FI/d173/seed1_r2/results/9bdg_fi/seed_0/predictions/9bdg_fi_sample_4.cif,9bdg_FI,seed1_r2,9bdg_fi_sample_4.cif,0.10332
/mnt/data/msadepth/compreps/seedrep_cand/protenix/9bdg_FI/d173/seed1_r0/results/9bdg_fi/seed_0/predictions/9bdg_fi_sample_1.cif,9bdg_FI,seed1_r0,9bdg_fi_sample_1.cif,0.12737
/mnt/data/msadepth/compreps/seedrep_cand/protenix/9bdg_FI/d173/seed1_r3/results/9bdg_fi/seed_0/predictions/9bdg_fi_sample_1.cif,9bdg_FI,seed1_r3,9bdg_fi_sample_1.cif,0.18209
/mnt/data/msadepth/compreps/seedrep_cand/protenix/9bdg_FI/d173/seed1_r2/results/9bdg_fi/seed_0/predictions/9bdg_fi_sample_3.cif,9bdg_FI,seed1_r2,9bdg_fi_sample_3.cif,0.0617
/mnt/data/msadepth/compreps/seedrep_cand/protenix/9bdg_FI/d173/seed1_r2/results/9bdg_fi/seed_0/predictions/9bdg_fi_sample_2.cif,9bdg_FI,seed1_r2,9bdg_fi_sample_2.cif,0.04891
/mnt/data/msadepth/compreps/seedrep_cand/protenix/9bdg_FI/d173/seed1_r1/results/9bdg_fi/seed_0/predictions/9bdg_fi_sample_1.cif,9bdg_FI,seed1_r1,9bdg_fi_sample_1.cif,0.03612
/mnt/data/msadepth/compreps/seedrep_cand/protenix/9bdg_FI/d173/seed1_r0/results/9bdg_fi/seed_0/predictions/9bdg_fi_sample_4.cif,9bdg_FI,seed1_r0,9bdg_fi_sample_4.cif,0.04798
/mnt/data/msadepth/compreps/seedrep_cand/protenix/9bdg_FI/d173/seed1_r2/results/9bdg_fi/seed_0/predictions/9bdg_fi_sample_0.cif,9bdg_FI,seed1_r2,9bdg_fi_sample_0.cif,0.10471
/mnt/data/msadepth/compreps/seedrep_cand/protenix/9bdg_FI/d173/seed1_r1/results/9bdg_fi/seed_0/predictions/9bdg_fi_sample_3.cif,9bdg_FI,seed1_r1,9bdg_fi_sample_3.cif,0.05863
/mnt/data/msadepth/compreps/seedrep_cand/protenix/9bdg_FI/d173/seed1_r0/results/9bdg_fi/seed_0/predictions/9bdg_fi_sample_3.cif,9bdg_FI,seed1_r0,9bdg_fi_sample_3.cif,0.04759
/mnt/data/msadepth/compreps/seedrep_cand/protenix/9bdg_FI/d173/seed1_r2/results/9bdg_fi/seed_0/predictions/9bdg_fi_sample_1.cif,9bdg_FI,seed1_r2,9bdg_fi_sample_1.cif,0.0932
/mnt/data/msadepth/compreps/seedrep_cand/protenix/9bdg_FI/d173/seed1_r1/results/9bdg_fi/seed_0/predictions/9bdg_fi_sample_0.cif,9bdg_FI,seed1_r1,9bdg_fi_sample_0.cif,0.07039
/mnt/data/msadepth/compreps/seedrep_cand/protenix/9bdg_FI/d173/seed1_r0/results/9bdg_fi/seed_0/predictions/9bdg_fi_sample_0.cif,9bdg_FI,seed1_r0,9bdg_fi_sample_0.cif,0.05207
/mnt/data/msadepth/compreps/seedrep_cand/protenix/9bdg_FI/d173/seed2_r2/results/9bdg_fi/seed_0/predictions/9bdg_fi_sample_2.cif,9bdg_FI,seed2_r2,9bdg_fi_sample_2.cif,0.11886
/mnt/data/msadepth/compreps/seedrep_cand/protenix/9bdg_FI/d173/seed2_r0/results/9bdg_fi/seed_0/predictions/9bdg_fi_sample_1.cif,9bdg_FI,seed2_r0,9bdg_fi_sample_1.cif,0.04879
/mnt/data/msadepth/compreps/seedrep_cand/protenix/9bdg_FI/d173/seed2_r1/results/9bdg_fi/seed_0/predictions/9bdg_fi_sample_1.cif,9bdg_FI,seed2_r1,9bdg_fi_sample_1.cif,0.05609
/mnt/data/msadepth/compreps/seedrep_cand/protenix/9bdg_FI/d173/seed2_r1/results/9bdg_fi/seed_0/predictions/9bdg_fi_sample_4.cif,9bdg_FI,seed2_r1,9bdg_fi_sample_4.cif,0.09603
/mnt/data/msadepth/compreps/seedrep_cand/protenix/9bdg_FI/d173/seed2_r2/results/9bdg_fi/seed_0/predictions/9bdg_fi_sample_3.cif,9bdg_FI,seed2_r2,9bdg_fi_sample_3.cif,0.10138
/mnt/data/msadepth/compreps/seedrep_cand/protenix/9bdg_FI/d173/seed2_r0/results/9bdg_fi/seed_0/predictions/9bdg_fi_sample_2.cif,9bdg_FI,seed2_r0,9bdg_fi_sample_2.cif,0.08788
/mnt/data/msadepth/compreps/seedrep_cand/protenix/9bdg_FI/d173/seed2_r3/results/9bdg_fi/seed_0/predictions/9bdg_fi_sample_2.cif,9bdg_FI,seed2_r3,9bdg_fi_sample_2.cif,0.03143
/mnt/data/msadepth/compreps/seedrep_cand/protenix/9bdg_FI/d173/seed2_r3/results/9bdg_fi/seed_0/predictions/9bdg_fi_sample_1.cif,9bdg_FI,seed2_r3,9bdg_fi_sample_1.cif,0.03636
/mnt/data/msadepth/compreps/seedrep_cand/protenix/9bdg_FI/d173/seed2_r3/results/9bdg_fi/seed_0/predictions/9bdg_fi_sample_3.cif,9bdg_FI,seed2_r3,9bdg_fi_sample_3.cif,0.09645
/mnt/data/msadepth/compreps/seedrep_cand/protenix/9bdg_FI/d173/seed2_r1/results/9bdg_fi/seed_0/predictions/9bdg_fi_sample_2.cif,9bdg_FI,seed2_r1,9bdg_fi_sample_2.cif,0.0885
/mnt/data/msadepth/compreps/seedrep_cand/protenix/9bdg_FI/d173/seed2_r2/results/9bdg_fi/seed_0/predictions/9bdg_fi_sample_1.cif,9bdg_FI,seed2_r2,9bdg_fi_sample_1.cif,0.0324
/mnt/data/msadepth/compreps/seedrep_cand/protenix/9bdg_FI/d173/seed2_r2/results/9bdg_fi/seed_0/predictions/9bdg_fi_sample_0.cif,9bdg_FI,seed2_r2,9bdg_fi_sample_0.cif,0.02579
/mnt/data/msadepth/compreps/seedrep_cand/protenix/9bdg_FI/d173/seed2_r1/results/9bdg_fi/seed_0/predictions/9bdg_fi_sample_0.cif,9bdg_FI,seed2_r1,9bdg_fi_sample_0.cif,0.10986
/mnt/data/msadepth/compreps/seedrep_cand/protenix/9bdg_FI/d173/seed2_r3/results/9bdg_fi/seed_0/predictions/9bdg_fi_sample_0.cif,9bdg_FI,seed2_r3,9bdg_fi_sample_0.cif,0.03558
/mnt/data/msadepth/compreps/seedrep_cand/protenix/9bdg_FI/d173/seed2_r0/results/9bdg_fi/seed_0/predictions/9bdg_fi_sample_3.cif,9bdg_FI,seed2_r0,9bdg_fi_sample_3.cif,0.13085
/mnt/data/msadepth/compreps/seedrep_cand/protenix/9bdg_FI/d173/seed2_r3/results/9bdg_fi/seed_0/predictions/9bdg_fi_sample_4.cif,9bdg_FI,seed2_r3,9bdg_fi_sample_4.cif,0.15324
/mnt/data/msadepth/compreps/seedrep_cand/protenix/9bdg_FI/d173/seed2_r0/results/9bdg_fi/seed_0/predictions/9bdg_fi_sample_0.cif,9bdg_FI,seed2_r0,9bdg_fi_sample_0.cif,0.06967
/mnt/data/msadepth/compreps/seedrep_cand/protenix/9bdg_FI/d173/seed2_r1/results/9bdg_fi/seed_0/predictions/9bdg_fi_sample_3.cif,9bdg_FI,seed2_r1,9bdg_fi_sample_3.cif,0.02452
/mnt/data/msadepth/compreps/seedrep_cand/protenix/9bdg_FI/d173/seed2_r2/results/9bdg_fi/seed_0/predictions/9bdg_fi_sample_4.cif,9bdg_FI,seed2_r2,9bdg_fi_sample_4.cif,0.13413
/mnt/data/msadepth/compreps/seedrep_cand/protenix/9bdg_FI/d173/seed2_r0/results/9bdg_fi/seed_0/predictions/9bdg_fi_sample_4.cif,9bdg_FI,seed2_r0,9bdg_fi_sample_4.cif,0.15337
/mnt/data/msadepth/compreps/seedrep_cand/protenix/9bdg_FI/d173/seed3_r1/results/9bdg_fi/seed_0/predictions/9bdg_fi_sample_4.cif,9bdg_FI,seed3_r1,9bdg_fi_sample_4.cif,0.0328
/mnt/data/msadepth/compreps/seedrep_cand/protenix/9bdg_FI/d173/seed3_r3/results/9bdg_fi/seed_0/predictions/9bdg_fi_sample_4.cif,9bdg_FI,seed3_r3,9bdg_fi_sample_4.cif,0.17377
/mnt/data/msadepth/compreps/seedrep_cand/protenix/9bdg_FI/d173/seed3_r0/results/9bdg_fi/seed_0/predictions/9bdg_fi_sample_0.cif,9bdg_FI,seed3_r0,9bdg_fi_sample_0.cif,0.20608
/mnt/data/msadepth/compreps/seedrep_cand/protenix/9bdg_FI/d173/seed3_r3/results/9bdg_fi/seed_0/predictions/9bdg_fi_sample_2.cif,9bdg_FI,seed3_r3,9bdg_fi_sample_2.cif,0.08957
/mnt/data/msadepth/compreps/seedrep_cand/protenix/9bdg_FI/d173/seed3_r2/results/9bdg_fi/seed_0/predictions/9bdg_fi_sample_3.cif,9bdg_FI,seed3_r2,9bdg_fi_sample_3.cif,0.03276
/mnt/data/msadepth/compreps/seedrep_cand/protenix/9bdg_FI/d173/seed3_r2/results/9bdg_fi/seed_0/predictions/9bdg_fi_sample_4.cif,9bdg_FI,seed3_r2,9bdg_fi_sample_4.cif,0.04522
/mnt/data/msadepth/compreps/seedrep_cand/protenix/9bdg_FI/d173/seed3_r0/results/9bdg_fi/seed_0/predictions/9bdg_fi_sample_3.cif,9bdg_FI,seed3_r0,9bdg_fi_sample_3.cif,0.0653
/mnt/data/msadepth/compreps/seedrep_cand/protenix/9bdg_FI/d173/seed3_r2/results/9bdg_fi/seed_0/predictions/9bdg_fi_sample_0.cif,9bdg_FI,seed3_r2,9bdg_fi_sample_0.cif,0.04148
/mnt/data/msadepth/compreps/seedrep_cand/protenix/9bdg_FI/d173/seed3_r1/results/9bdg_fi/seed_0/predictions/9bdg_fi_sample_3.cif,9bdg_FI,seed3_r1,9bdg_fi_sample_3.cif,0.02707
/mnt/data/msadepth/compreps/seedrep_cand/protenix/9bdg_FI/d173/seed3_r0/results/9bdg_fi/seed_0/predictions/9bdg_fi_sample_1.cif,9bdg_FI,seed3_r0,9bdg_fi_sample_1.cif,0.18031
/mnt/data/msadepth/compreps/seedrep_cand/protenix/9bdg_FI/d173/seed3_r2/results/9bdg_fi/seed_0/predictions/9bdg_fi_sample_2.cif,9bdg_FI,seed3_r2,9bdg_fi_sample_2.cif,0.09914
/mnt/data/msadepth/compreps/seedrep_cand/protenix/9bdg_FI/d173/seed3_r0/results/9bdg_fi/seed_0/predictions/9bdg_fi_sample_4.cif,9bdg_FI,seed3_r0,9bdg_fi_sample_4.cif,0.08545
/mnt/data/msadepth/compreps/seedrep_cand/protenix/9bdg_FI/d173/seed3_r3/results/9bdg_fi/seed_0/predictions/9bdg_fi_sample_3.cif,9bdg_FI,seed3_r3,9bdg_fi_sample_3.cif,0.19286
/mnt/data/msadepth/compreps/seedrep_cand/protenix/9bdg_FI/d173/seed3_r1/results/9bdg_fi/seed_0/predictions/9bdg_fi_sample_2.cif,9bdg_FI,seed3_r1,9bdg_fi_sample_2.cif,0.09173
/mnt/data/msadepth/compreps/seedrep_cand/protenix/9bdg_FI/d173/seed3_r3/results/9bdg_fi/seed_0/predictions/9bdg_fi_sample_1.cif,9bdg_FI,seed3_r3,9bdg_fi_sample_1.cif,0.05786
/mnt/data/msadepth/compreps/seedrep_cand/protenix/9bdg_FI/d173/seed3_r2/results/9bdg_fi/seed_0/predictions/9bdg_fi_sample_1.cif,9bdg_FI,seed3_r2,9bdg_fi_sample_1.cif,0.11347
/mnt/data/msadepth/compreps/seedrep_cand/protenix/9bdg_FI/d173/seed3_r1/results/9bdg_fi/seed_0/predictions/9bdg_fi_sample_1.cif,9bdg_FI,seed3_r1,9bdg_fi_sample_1.cif,0.16669
/mnt/data/msadepth/compreps/seedrep_cand/protenix/9bdg_FI/d173/seed3_r0/results/9bdg_fi/seed_0/predictions/9bdg_fi_sample_2.cif,9bdg_FI,seed3_r0,9bdg_fi_sample_2.cif,0.06196
/mnt/data/msadepth/compreps/seedrep_cand/protenix/9bdg_FI/d173/seed3_r3/results/9bdg_fi/seed_0/predictions/9bdg_fi_sample_0.cif,9bdg_FI,seed3_r3,9bdg_fi_sample_0.cif,0.05219
/mnt/data/msadepth/compreps/seedrep_cand/protenix/9bdg_FI/d173/seed3_r1/results/9bdg_fi/seed_0/predictions/9bdg_fi_sample_0.cif,9bdg_FI,seed3_r1,9bdg_fi_sample_0.cif,0.09826
/mnt/data/msadepth/compreps/seedrep_cand/protenix/9bdg_FI/d173/seed4_r2/results/9bdg_fi/seed_0/predictions/9bdg_fi_sample_4.cif,9bdg_FI,seed4_r2,9bdg_fi_sample_4.cif,0.14118
/mnt/data/msadepth/compreps/seedrep_cand/protenix/9bdg_FI/d173/seed4_r3/results/9bdg_fi/seed_0/predictions/9bdg_fi_sample_1.cif,9bdg_FI,seed4_r3,9bdg_fi_sample_1.cif,0.2326
/mnt/data/msadepth/compreps/seedrep_cand/protenix/9bdg_FI/d173/seed4_r2/results/9bdg_fi/seed_0/predictions/9bdg_fi_sample_2.cif,9bdg_FI,seed4_r2,9bdg_fi_sample_2.cif,0.15035
/mnt/data/msadepth/compreps/seedrep_cand/protenix/9bdg_FI/d173/seed4_r1/results/9bdg_fi/seed_0/predictions/9bdg_fi_sample_0.cif,9bdg_FI,seed4_r1,9bdg_fi_sample_0.cif,0.11793
/mnt/data/msadepth/compreps/seedrep_cand/protenix/9bdg_FI/d173/seed4_r0/results/9bdg_fi/seed_0/predictions/9bdg_fi_sample_0.cif,9bdg_FI,seed4_r0,9bdg_fi_sample_0.cif,0.20437
/mnt/data/msadepth/compreps/seedrep_cand/protenix/9bdg_FI/d173/seed4_r1/results/9bdg_fi/seed_0/predictions/9bdg_fi_sample_1.cif,9bdg_FI,seed4_r1,9bdg_fi_sample_1.cif,0.05031
/mnt/data/msadepth/compreps/seedrep_cand/protenix/9bdg_FI/d173/seed4_r3/results/9bdg_fi/seed_0/predictions/9bdg_fi_sample_3.cif,9bdg_FI,seed4_r3,9bdg_fi_sample_3.cif,0.03339
/mnt/data/msadepth/compreps/seedrep_cand/protenix/9bdg_FI/d173/seed4_r1/results/9bdg_fi/seed_0/predictions/9bdg_fi_sample_3.cif,9bdg_FI,seed4_r1,9bdg_fi_sample_3.cif,0.11026
/mnt/data/msadepth/compreps/seedrep_cand/protenix/9bdg_FI/d173/seed4_r3/results/9bdg_fi/seed_0/predictions/9bdg_fi_sample_4.cif,9bdg_FI,seed4_r3,9bdg_fi_sample_4.cif,0.09649
/mnt/data/msadepth/compreps/seedrep_cand/protenix/9bdg_FI/d173/seed4_r0/results/9bdg_fi/seed_0/predictions/9bdg_fi_sample_3.cif,9bdg_FI,seed4_r0,9bdg_fi_sample_3.cif,0.32468
/mnt/data/msadepth/compreps/seedrep_cand/protenix/9bdg_FI/d173/seed4_r2/results/9bdg_fi/seed_0/predictions/9bdg_fi_sample_3.cif,9bdg_FI,seed4_r2,9bdg_fi_sample_3.cif,0.11337
/mnt/data/msadepth/compreps/seedrep_cand/protenix/9bdg_FI/d173/seed4_r0/results/9bdg_fi/seed_0/predictions/9bdg_fi_sample_1.cif,9bdg_FI,seed4_r0,9bdg_fi_sample_1.cif,0.19935
/mnt/data/msadepth/compreps/seedrep_cand/protenix/9bdg_FI/d173/seed4_r1/results/9bdg_fi/seed_0/predictions/9bdg_fi_sample_2.cif,9bdg_FI,seed4_r1,9bdg_fi_sample_2.cif,0.18314
/mnt/data/msadepth/compreps/seedrep_cand/protenix/9bdg_FI/d173/seed4_r2/results/9bdg_fi/seed_0/predictions/9bdg_fi_sample_1.cif,9bdg_FI,seed4_r2,9bdg_fi_sample_1.cif,0.31723
/mnt/data/msadepth/compreps/seedrep_cand/protenix/9bdg_FI/d173/seed4_r2/results/9bdg_fi/seed_0/predictions/9bdg_fi_sample_0.cif,9bdg_FI,seed4_r2,9bdg_fi_sample_0.cif,0.10062
/mnt/data/msadepth/compreps/seedrep_cand/protenix/9bdg_FI/d173/seed4_r0/results/9bdg_fi/seed_0/predictions/9bdg_fi_sample_2.cif,9bdg_FI,seed4_r0,9bdg_fi_sample_2.cif,0.31308
/mnt/data/msadepth/compreps/seedrep_cand/protenix/9bdg_FI/d173/seed4_r3/results/9bdg_fi/seed_0/predictions/9bdg_fi_sample_2.cif,9bdg_FI,seed4_r3,9bdg_fi_sample_2.cif,0.08036
/mnt/data/msadepth/compreps/seedrep_cand/protenix/9bdg_FI/d173/seed4_r0/results/9bdg_fi/seed_0/predictions/9bdg_fi_sample_4.cif,9bdg_FI,seed4_r0,9bdg_fi_sample_4.cif,0.13949
/mnt/data/msadepth/compreps/seedrep_cand/protenix/9bdg_FI/d173/seed4_r3/results/9bdg_fi/seed_0/predictions/9bdg_fi_sample_0.cif,9bdg_FI,seed4_r3,9bdg_fi_sample_0.cif,0.06076
/mnt/data/msadepth/compreps/seedrep_cand/protenix/9bdg_FI/d173/seed4_r1/results/9bdg_fi/seed_0/predictions/9bdg_fi_sample_4.cif,9bdg_FI,seed4_r1,9bdg_fi_sample_4.cif,0.15583
/mnt/data/msadepth/compreps/seedrep_cand/protenix/9bdg_FI/d173/seed5_r1/results/9bdg_fi/seed_0/predictions/9bdg_fi_sample_0.cif,9bdg_FI,seed5_r1,9bdg_fi_sample_0.cif,0.12616
/mnt/data/msadepth/compreps/seedrep_cand/protenix/9bdg_FI/d173/seed5_r2/results/9bdg_fi/seed_0/predictions/9bdg_fi_sample_2.cif,9bdg_FI,seed5_r2,9bdg_fi_sample_2.cif,0.17502
/mnt/data/msadepth/compreps/seedrep_cand/protenix/9bdg_FI/d173/seed5_r2/results/9bdg_fi/seed_0/predictions/9bdg_fi_sample_4.cif,9bdg_FI,seed5_r2,9bdg_fi_sample_4.cif,0.10019
/mnt/data/msadepth/compreps/seedrep_cand/protenix/9bdg_FI/d173/seed5_r1/results/9bdg_fi/seed_0/predictions/9bdg_fi_sample_2.cif,9bdg_FI,seed5_r1,9bdg_fi_sample_2.cif,0.13486
/mnt/data/msadepth/compreps/seedrep_cand/protenix/9bdg_FI/d173/seed5_r1/results/9bdg_fi/seed_0/predictions/9bdg_fi_sample_4.cif,9bdg_FI,seed5_r1,9bdg_fi_sample_4.cif,0.2004
/mnt/data/msadepth/compreps/seedrep_cand/protenix/9bdg_FI/d173/seed5_r1/results/9bdg_fi/seed_0/predictions/9bdg_fi_sample_1.cif,9bdg_FI,seed5_r1,9bdg_fi_sample_1.cif,0.35982
/mnt/data/msadepth/compreps/seedrep_cand/protenix/9bdg_FI/d173/seed5_r0/results/9bdg_fi/seed_0/predictions/9bdg_fi_sample_2.cif,9bdg_FI,seed5_r0,9bdg_fi_sample_2.cif,0.28944
/mnt/data/msadepth/compreps/seedrep_cand/protenix/9bdg_FI/d173/seed5_r2/results/9bdg_fi/seed_0/predictions/9bdg_fi_sample_3.cif,9bdg_FI,seed5_r2,9bdg_fi_sample_3.cif,0.17068
/mnt/data/msadepth/compreps/seedrep_cand/protenix/9bdg_FI/d173/seed5_r0/results/9bdg_fi/seed_0/predictions/9bdg_fi_sample_4.cif,9bdg_FI,seed5_r0,9bdg_fi_sample_4.cif,0.22263
/mnt/data/msadepth/compreps/seedrep_cand/protenix/9bdg_FI/d173/seed5_r0/results/9bdg_fi/seed_0/predictions/9bdg_fi_sample_1.cif,9bdg_FI,seed5_r0,9bdg_fi_sample_1.cif,0.18583
/mnt/data/msadepth/compreps/seedrep_cand/protenix/9bdg_FI/d173/seed5_r0/results/9bdg_fi/seed_0/predictions/9bdg_fi_sample_0.cif,9bdg_FI,seed5_r0,9bdg_fi_sample_0.cif,0.05903
/mnt/data/msadepth/compreps/seedrep_cand/protenix/9bdg_FI/d173/seed5_r3/results/9bdg_fi/seed_0/predictions/9bdg_fi_sample_3.cif,9bdg_FI,seed5_r3,9bdg_fi_sample_3.cif,0.2644
/mnt/data/msadepth/compreps/seedrep_cand/protenix/9bdg_FI/d173/seed5_r2/results/9bdg_fi/seed_0/predictions/9bdg_fi_sample_0.cif,9bdg_FI,seed5_r2,9bdg_fi_sample_0.cif,0.073
/mnt/data/msadepth/compreps/seedrep_cand/protenix/9bdg_FI/d173/seed5_r2/results/9bdg_fi/seed_0/predictions/9bdg_fi_sample_1.cif,9bdg_FI,seed5_r2,9bdg_fi_sample_1.cif,0.0775
/mnt/data/msadepth/compreps/seedrep_cand/protenix/9bdg_FI/d173/seed5_r3/results/9bdg_fi/seed_0/predictions/9bdg_fi_sample_1.cif,9bdg_FI,seed5_r3,9bdg_fi_sample_1.cif,0.06301
/mnt/data/msadepth/compreps/seedrep_cand/protenix/9bdg_FI/d173/seed5_r3/results/9bdg_fi/seed_0/predictions/9bdg_fi_sample_0.cif,9bdg_FI,seed5_r3,9bdg_fi_sample_0.cif,0.05904
/mnt/data/msadepth/compreps/seedrep_cand/protenix/9bdg_FI/d173/seed5_r0/results/9bdg_fi/seed_0/predictions/9bdg_fi_sample_3.cif,9bdg_FI,seed5_r0,9bdg_fi_sample_3.cif,0.06062
/mnt/data/msadepth/compreps/seedrep_cand/protenix/9bdg_FI/d173/seed5_r1/results/9bdg_fi/seed_0/predictions/9bdg_fi_sample_3.cif,9bdg_FI,seed5_r1,9bdg_fi_sample_3.cif,0.19935
/mnt/data/msadepth/compreps/seedrep_cand/protenix/9bdg_FI/d173/seed5_r3/results/9bdg_fi/seed_0/predictions/9bdg_fi_sample_4.cif,9bdg_FI,seed5_r3,9bdg_fi_sample_4.cif,0.0326
/mnt/data/msadepth/compreps/seedrep_cand/protenix/9bdg_FI/d173/seed5_r3/results/9bdg_fi/seed_0/predictions/9bdg_fi_sample_2.cif,9bdg_FI,seed5_r3,9bdg_fi_sample_2.cif,0.09381
/mnt/data/msadepth/compreps/seedrep_cand/protenix/9bdg_FI/d173/seedfull_r1/results/9bdg_fi/seed_0/predictions/9bdg_fi_sample_3.cif,9bdg_FI,seedfull_r1,9bdg_fi_sample_3.cif,0.11817
/mnt/data/msadepth/compreps/seedrep_cand/protenix/9bdg_FI/d173/seedfull_r2/results/9bdg_fi/seed_0/predictions/9bdg_fi_sample_1.cif,9bdg_FI,seedfull_r2,9bdg_fi_sample_1.cif,0.23963
/mnt/data/msadepth/compreps/seedrep_cand/protenix/9bdg_FI/d173/seedfull_r3/results/9bdg_fi/seed_0/predictions/9bdg_fi_sample_2.cif,9bdg_FI,seedfull_r3,9bdg_fi_sample_2.cif,0.09667
/mnt/data/msadepth/compreps/seedrep_cand/protenix/9bdg_FI/d173/seedfull_r2/results/9bdg_fi/seed_0/predictions/9bdg_fi_sample_3.cif,9bdg_FI,seedfull_r2,9bdg_fi_sample_3.cif,0.0389
/mnt/data/msadepth/compreps/seedrep_cand/protenix/9bdg_FI/d173/seedfull_r1/results/9bdg_fi/seed_0/predictions/9bdg_fi_sample_0.cif,9bdg_FI,seedfull_r1,9bdg_fi_sample_0.cif,0.05069
/mnt/data/msadepth/compreps/seedrep_cand/protenix/9bdg_FI/d173/seedfull_r0/results/9bdg_fi/seed_0/predictions/9bdg_fi_sample_4.cif,9bdg_FI,seedfull_r0,9bdg_fi_sample_4.cif,0.22872
/mnt/data/msadepth/compreps/seedrep_cand/protenix/9bdg_FI/d173/seedfull_r3/results/9bdg_fi/seed_0/predictions/9bdg_fi_sample_1.cif,9bdg_FI,seedfull_r3,9bdg_fi_sample_1.cif,0.02875
/mnt/data/msadepth/compreps/seedrep_cand/protenix/9bdg_FI/d173/seedfull_r2/results/9bdg_fi/seed_0/predictions/9bdg_fi_sample_4.cif,9bdg_FI,seedfull_r2,9bdg_fi_sample_4.cif,0.07512
/mnt/data/msadepth/compreps/seedrep_cand/protenix/9bdg_FI/d173/seedfull_r1/results/9bdg_fi/seed_0/predictions/9bdg_fi_sample_4.cif,9bdg_FI,seedfull_r1,9bdg_fi_sample_4.cif,0.23217
/mnt/data/msadepth/compreps/seedrep_cand/protenix/9bdg_FI/d173/seedfull_r1/results/9bdg_fi/seed_0/predictions/9bdg_fi_sample_1.cif,9bdg_FI,seedfull_r1,9bdg_fi_sample_1.cif,0.03081
/mnt/data/msadepth/compreps/seedrep_cand/protenix/9bdg_FI/d173/seedfull_r3/results/9bdg_fi/seed_0/predictions/9bdg_fi_sample_3.cif,9bdg_FI,seedfull_r3,9bdg_fi_sample_3.cif,0.13154
/mnt/data/msadepth/compreps/seedrep_cand/protenix/9bdg_FI/d173/seedfull_r2/results/9bdg_fi/seed_0/predictions/9bdg_fi_sample_2.cif,9bdg_FI,seedfull_r2,9bdg_fi_sample_2.cif,0.27816
/mnt/data/msadepth/compreps/seedrep_cand/protenix/9bdg_FI/d173/seedfull_r2/results/9bdg_fi/seed_0/predictions/9bdg_fi_sample_0.cif,9bdg_FI,seedfull_r2,9bdg_fi_sample_0.cif,0.21221
/mnt/data/msadepth/compreps/seedrep_cand/protenix/9bdg_FI/d173/seedfull_r3/results/9bdg_fi/seed_0/predictions/9bdg_fi_sample_4.cif,9bdg_FI,seedfull_r3,9bdg_fi_sample_4.cif,0.16413
/mnt/data/msadepth/compreps/seedrep_cand/protenix/9bdg_FI/d173/seedfull_r3/results/9bdg_fi/seed_0/predictions/9bdg_fi_sample_0.cif,9bdg_FI,seedfull_r3,9bdg_fi_sample_0.cif,0.0948
/mnt/data/msadepth/compreps/seedrep_cand/protenix/9bdg_FI/d173/seedfull_r1/results/9bdg_fi/seed_0/predictions/9bdg_fi_sample_2.cif,9bdg_FI,seedfull_r1,9bdg_fi_sample_2.cif,0.06154
/mnt/data/msadepth/compreps/seedrep_cand/protenix/9bdg_FI/d173/seedfull_r0/results/9bdg_fi/seed_0/predictions/9bdg_fi_sample_2.cif,9bdg_FI,seedfull_r0,9bdg_fi_sample_2.cif,0.26149
/mnt/data/msadepth/compreps/seedrep_cand/protenix/9bdg_FI/d173/seedfull_r0/results/9bdg_fi/seed_0/predictions/9bdg_fi_sample_1.cif,9bdg_FI,seedfull_r0,9bdg_fi_sample_1.cif,0.19494
/mnt/data/msadepth/compreps/seedrep_cand/protenix/9bdg_FI/d173/seedfull_r0/results/9bdg_fi/seed_0/predictions/9bdg_fi_sample_0.cif,9bdg_FI,seedfull_r0,9bdg_fi_sample_0.cif,0.3042
/mnt/data/msadepth/compreps/seedrep_cand/protenix/9bdg_FI/d173/seedfull_r0/results/9bdg_fi/seed_0/predictions/9bdg_fi_sample_3.cif,9bdg_FI,seedfull_r0,9bdg_fi_sample_3.cif,0.13909
/mnt/data/msadepth/compreps/seedrep_cand/protenix/9bdg_FI/d173/seedfull_r6/results/9bdg_fi/seed_0/predictions/9bdg_fi_sample_2.cif,9bdg_FI,seedfull_r6,9bdg_fi_sample_2.cif,0.26368
/mnt/data/msadepth/compreps/seedrep_cand/protenix/9bdg_FI/d173/seedfull_r4/results/9bdg_fi/seed_0/predictions/9bdg_fi_sample_0.cif,9bdg_FI,seedfull_r4,9bdg_fi_sample_0.cif,0.23513
/mnt/data/msadepth/compreps/seedrep_cand/protenix/9bdg_FI/d173/seedfull_r5/results/9bdg_fi/seed_0/predictions/9bdg_fi_sample_2.cif,9bdg_FI,seedfull_r5,9bdg_fi_sample_2.cif,0.11392
/mnt/data/msadepth/compreps/seedrep_cand/protenix/9bdg_FI/d173/seedfull_r4/results/9bdg_fi/seed_0/predictions/9bdg_fi_sample_2.cif,9bdg_FI,seedfull_r4,9bdg_fi_sample_2.cif,0.21554
/mnt/data/msadepth/compreps/seedrep_cand/protenix/9bdg_FI/d173/seedfull_r6/results/9bdg_fi/seed_0/predictions/9bdg_fi_sample_4.cif,9bdg_FI,seedfull_r6,9bdg_fi_sample_4.cif,0.05702
/mnt/data/msadepth/compreps/seedrep_cand/protenix/9bdg_FI/d173/seedfull_r7/results/9bdg_fi/seed_0/predictions/9bdg_fi_sample_4.cif,9bdg_FI,seedfull_r7,9bdg_fi_sample_4.cif,0.0408
/mnt/data/msadepth/compreps/seedrep_cand/protenix/9bdg_FI/d173/seedfull_r5/results/9bdg_fi/seed_0/predictions/9bdg_fi_sample_0.cif,9bdg_FI,seedfull_r5,9bdg_fi_sample_0.cif,0.06579
/mnt/data/msadepth/compreps/seedrep_cand/protenix/9bdg_FI/d173/seedfull_r5/results/9bdg_fi/seed_0/predictions/9bdg_fi_sample_1.cif,9bdg_FI,seedfull_r5,9bdg_fi_sample_1.cif,0.2007
/mnt/data/msadepth/compreps/seedrep_cand/protenix/9bdg_FI/d173/seedfull_r4/results/9bdg_fi/seed_0/predictions/9bdg_fi_sample_3.cif,9bdg_FI,seedfull_r4,9bdg_fi_sample_3.cif,0.036
/mnt/data/msadepth/compreps/seedrep_cand/protenix/9bdg_FI/d173/seedfull_r5/results/9bdg_fi/seed_0/predictions/9bdg_fi_sample_3.cif,9bdg_FI,seedfull_r5,9bdg_fi_sample_3.cif,0.03423
/mnt/data/msadepth/compreps/seedrep_cand/protenix/9bdg_FI/d173/seedfull_r7/results/9bdg_fi/seed_0/predictions/9bdg_fi_sample_0.cif,9bdg_FI,seedfull_r7,9bdg_fi_sample_0.cif,0.28369
/mnt/data/msadepth/compreps/seedrep_cand/protenix/9bdg_FI/d173/seedfull_r6/results/9bdg_fi/seed_0/predictions/9bdg_fi_sample_1.cif,9bdg_FI,seedfull_r6,9bdg_fi_sample_1.cif,0.25966
/mnt/data/msadepth/compreps/seedrep_cand/protenix/9bdg_FI/d173/seedfull_r4/results/9bdg_fi/seed_0/predictions/9bdg_fi_sample_1.cif,9bdg_FI,seedfull_r4,9bdg_fi_sample_1.cif,0.1004
/mnt/data/msadepth/compreps/seedrep_cand/protenix/9bdg_FI/d173/seedfull_r5/results/9bdg_fi/seed_0/predictions/9bdg_fi_sample_4.cif,9bdg_FI,seedfull_r5,9bdg_fi_sample_4.cif,0.25293
/mnt/data/msadepth/compreps/seedrep_cand/protenix/9bdg_FI/d173/seedfull_r7/results/9bdg_fi/seed_0/predictions/9bdg_fi_sample_1.cif,9bdg_FI,seedfull_r7,9bdg_fi_sample_1.cif,0.21045
/mnt/data/msadepth/compreps/seedrep_cand/protenix/9bdg_FI/d173/seedfull_r4/results/9bdg_fi/seed_0/predictions/9bdg_fi_sample_4.cif,9bdg_FI,seedfull_r4,9bdg_fi_sample_4.cif,0.04489
/mnt/data/msadepth/compreps/seedrep_cand/protenix/9bdg_FI/d173/seedfull_r7/results/9bdg_fi/seed_0/predictions/9bdg_fi_sample_3.cif,9bdg_FI,seedfull_r7,9bdg_fi_sample_3.cif,0.19769
/mnt/data/msadepth/compreps/seedrep_cand/protenix/9bdg_FI/d173/seedfull_r6/results/9bdg_fi/seed_0/predictions/9bdg_fi_sample_0.cif,9bdg_FI,seedfull_r6,9bdg_fi_sample_0.cif,0.2886
/mnt/data/msadepth/compreps/seedrep_cand/protenix/9bdg_FI/d173/seedfull_r6/results/9bdg_fi/seed_0/predictions/9bdg_fi_sample_3.cif,9bdg_FI,seedfull_r6,9bdg_fi_sample_3.cif,0.02626
/mnt/data/msadepth/compreps/seedrep_cand/protenix/9bdg_FI/d173/seedfull_r7/results/9bdg_fi/seed_0/predictions/9bdg_fi_sample_2.cif,9bdg_FI,seedfull_r7,9bdg_fi_sample_2.cif,0.11579
/mnt/data/msadepth/compreps/seedrep_cand/protenix/9kkj_HL/d2220/seed0_r1/results/9kkj_hl/seed_0/predictions/9kkj_hl_sample_1.cif,9kkj_HL,seed0_r1,9kkj_hl_sample_1.cif,0.05104
/mnt/data/msadepth/compreps/seedrep_cand/protenix/9kkj_HL/d2220/seed0_r1/results/9kkj_hl/seed_0/predictions/9kkj_hl_sample_4.cif,9kkj_HL,seed0_r1,9kkj_hl_sample_4.cif,0.10482
/mnt/data/msadepth/compreps/seedrep_cand/protenix/9kkj_HL/d2220/seed0_r2/results/9kkj_hl/seed_0/predictions/9kkj_hl_sample_2.cif,9kkj_HL,seed0_r2,9kkj_hl_sample_2.cif,0.3789
/mnt/data/msadepth/compreps/seedrep_cand/protenix/9kkj_HL/d2220/seed0_r2/results/9kkj_hl/seed_0/predictions/9kkj_hl_sample_1.cif,9kkj_HL,seed0_r2,9kkj_hl_sample_1.cif,0.267
/mnt/data/msadepth/compreps/seedrep_cand/protenix/9kkj_HL/d2220/seed0_r0/results/9kkj_hl/seed_0/predictions/9kkj_hl_sample_2.cif,9kkj_HL,seed0_r0,9kkj_hl_sample_2.cif,0.13211
/mnt/data/msadepth/compreps/seedrep_cand/protenix/9kkj_HL/d2220/seed0_r1/results/9kkj_hl/seed_0/predictions/9kkj_hl_sample_3.cif,9kkj_HL,seed0_r1,9kkj_hl_sample_3.cif,0.14071
/mnt/data/msadepth/compreps/seedrep_cand/protenix/9kkj_HL/d2220/seed0_r1/results/9kkj_hl/seed_0/predictions/9kkj_hl_sample_2.cif,9kkj_HL,seed0_r1,9kkj_hl_sample_2.cif,0.05041
/mnt/data/msadepth/compreps/seedrep_cand/protenix/9kkj_HL/d2220/seed0_r2/results/9kkj_hl/seed_0/predictions/9kkj_hl_sample_0.cif,9kkj_HL,seed0_r2,9kkj_hl_sample_0.cif,0.28872
/mnt/data/msadepth/compreps/seedrep_cand/protenix/9kkj_HL/d2220/seed0_r0/results/9kkj_hl/seed_0/predictions/9kkj_hl_sample_4.cif,9kkj_HL,seed0_r0,9kkj_hl_sample_4.cif,0.26356
/mnt/data/msadepth/compreps/seedrep_cand/protenix/9kkj_HL/d2220/seed0_r2/results/9kkj_hl/seed_0/predictions/9kkj_hl_sample_4.cif,9kkj_HL,seed0_r2,9kkj_hl_sample_4.cif,0.43217
/mnt/data/msadepth/compreps/seedrep_cand/protenix/9kkj_HL/d2220/seed0_r0/results/9kkj_hl/seed_0/predictions/9kkj_hl_sample_0.cif,9kkj_HL,seed0_r0,9kkj_hl_sample_0.cif,0.12196
/mnt/data/msadepth/compreps/seedrep_cand/protenix/9kkj_HL/d2220/seed0_r3/results/9kkj_hl/seed_0/predictions/9kkj_hl_sample_2.cif,9kkj_HL,seed0_r3,9kkj_hl_sample_2.cif,0.26987
/mnt/data/msadepth/compreps/seedrep_cand/protenix/9kkj_HL/d2220/seed0_r0/results/9kkj_hl/seed_0/predictions/9kkj_hl_sample_1.cif,9kkj_HL,seed0_r0,9kkj_hl_sample_1.cif,0.24714
/mnt/data/msadepth/compreps/seedrep_cand/protenix/9kkj_HL/d2220/seed0_r3/results/9kkj_hl/seed_0/predictions/9kkj_hl_sample_0.cif,9kkj_HL,seed0_r3,9kkj_hl_sample_0.cif,0.23441
/mnt/data/msadepth/compreps/seedrep_cand/protenix/9kkj_HL/d2220/seed0_r3/results/9kkj_hl/seed_0/predictions/9kkj_hl_sample_3.cif,9kkj_HL,seed0_r3,9kkj_hl_sample_3.cif,0.30974
/mnt/data/msadepth/compreps/seedrep_cand/protenix/9kkj_HL/d2220/seed0_r3/results/9kkj_hl/seed_0/predictions/9kkj_hl_sample_4.cif,9kkj_HL,seed0_r3,9kkj_hl_sample_4.cif,0.28379
/mnt/data/msadepth/compreps/seedrep_cand/protenix/9kkj_HL/d2220/seed0_r0/results/9kkj_hl/seed_0/predictions/9kkj_hl_sample_3.cif,9kkj_HL,seed0_r0,9kkj_hl_sample_3.cif,0.258
/mnt/data/msadepth/compreps/seedrep_cand/protenix/9kkj_HL/d2220/seed0_r3/results/9kkj_hl/seed_0/predictions/9kkj_hl_sample_1.cif,9kkj_HL,seed0_r3,9kkj_hl_sample_1.cif,0.24812
/mnt/data/msadepth/compreps/seedrep_cand/protenix/9kkj_HL/d2220/seed0_r2/results/9kkj_hl/seed_0/predictions/9kkj_hl_sample_3.cif,9kkj_HL,seed0_r2,9kkj_hl_sample_3.cif,0.39897
/mnt/data/msadepth/compreps/seedrep_cand/protenix/9kkj_HL/d2220/seed0_r1/results/9kkj_hl/seed_0/predictions/9kkj_hl_sample_0.cif,9kkj_HL,seed0_r1,9kkj_hl_sample_0.cif,0.14229
/mnt/data/msadepth/compreps/seedrep_cand/protenix/9kkj_HL/d2220/seed1_r1/results/9kkj_hl/seed_0/predictions/9kkj_hl_sample_4.cif,9kkj_HL,seed1_r1,9kkj_hl_sample_4.cif,0.11211
/mnt/data/msadepth/compreps/seedrep_cand/protenix/9kkj_HL/d2220/seed1_r3/results/9kkj_hl/seed_0/predictions/9kkj_hl_sample_2.cif,9kkj_HL,seed1_r3,9kkj_hl_sample_2.cif,0.28025
/mnt/data/msadepth/compreps/seedrep_cand/protenix/9kkj_HL/d2220/seed1_r3/results/9kkj_hl/seed_0/predictions/9kkj_hl_sample_4.cif,9kkj_HL,seed1_r3,9kkj_hl_sample_4.cif,0.057
/mnt/data/msadepth/compreps/seedrep_cand/protenix/9kkj_HL/d2220/seed1_r3/results/9kkj_hl/seed_0/predictions/9kkj_hl_sample_0.cif,9kkj_HL,seed1_r3,9kkj_hl_sample_0.cif,0.12013
/mnt/data/msadepth/compreps/seedrep_cand/protenix/9kkj_HL/d2220/seed1_r0/results/9kkj_hl/seed_0/predictions/9kkj_hl_sample_2.cif,9kkj_HL,seed1_r0,9kkj_hl_sample_2.cif,0.17434
/mnt/data/msadepth/compreps/seedrep_cand/protenix/9kkj_HL/d2220/seed1_r3/results/9kkj_hl/seed_0/predictions/9kkj_hl_sample_3.cif,9kkj_HL,seed1_r3,9kkj_hl_sample_3.cif,0.0892
/mnt/data/msadepth/compreps/seedrep_cand/protenix/9kkj_HL/d2220/seed1_r1/results/9kkj_hl/seed_0/predictions/9kkj_hl_sample_2.cif,9kkj_HL,seed1_r1,9kkj_hl_sample_2.cif,0.11016
/mnt/data/msadepth/compreps/seedrep_cand/protenix/9kkj_HL/d2220/seed1_r2/results/9kkj_hl/seed_0/predictions/9kkj_hl_sample_4.cif,9kkj_HL,seed1_r2,9kkj_hl_sample_4.cif,0.11124
/mnt/data/msadepth/compreps/seedrep_cand/protenix/9kkj_HL/d2220/seed1_r0/results/9kkj_hl/seed_0/predictions/9kkj_hl_sample_1.cif,9kkj_HL,seed1_r0,9kkj_hl_sample_1.cif,0.21335
/mnt/data/msadepth/compreps/seedrep_cand/protenix/9kkj_HL/d2220/seed1_r3/results/9kkj_hl/seed_0/predictions/9kkj_hl_sample_1.cif,9kkj_HL,seed1_r3,9kkj_hl_sample_1.cif,0.13389
/mnt/data/msadepth/compreps/seedrep_cand/protenix/9kkj_HL/d2220/seed1_r2/results/9kkj_hl/seed_0/predictions/9kkj_hl_sample_3.cif,9kkj_HL,seed1_r2,9kkj_hl_sample_3.cif,0.24487
/mnt/data/msadepth/compreps/seedrep_cand/protenix/9kkj_HL/d2220/seed1_r2/results/9kkj_hl/seed_0/predictions/9kkj_hl_sample_2.cif,9kkj_HL,seed1_r2,9kkj_hl_sample_2.cif,0.19738
/mnt/data/msadepth/compreps/seedrep_cand/protenix/9kkj_HL/d2220/seed1_r1/results/9kkj_hl/seed_0/predictions/9kkj_hl_sample_1.cif,9kkj_HL,seed1_r1,9kkj_hl_sample_1.cif,0.24082
/mnt/data/msadepth/compreps/seedrep_cand/protenix/9kkj_HL/d2220/seed1_r0/results/9kkj_hl/seed_0/predictions/9kkj_hl_sample_4.cif,9kkj_HL,seed1_r0,9kkj_hl_sample_4.cif,0.3547
/mnt/data/msadepth/compreps/seedrep_cand/protenix/9kkj_HL/d2220/seed1_r2/results/9kkj_hl/seed_0/predictions/9kkj_hl_sample_0.cif,9kkj_HL,seed1_r2,9kkj_hl_sample_0.cif,0.38578
/mnt/data/msadepth/compreps/seedrep_cand/protenix/9kkj_HL/d2220/seed1_r1/results/9kkj_hl/seed_0/predictions/9kkj_hl_sample_3.cif,9kkj_HL,seed1_r1,9kkj_hl_sample_3.cif,0.17788
/mnt/data/msadepth/compreps/seedrep_cand/protenix/9kkj_HL/d2220/seed1_r0/results/9kkj_hl/seed_0/predictions/9kkj_hl_sample_3.cif,9kkj_HL,seed1_r0,9kkj_hl_sample_3.cif,0.12165
/mnt/data/msadepth/compreps/seedrep_cand/protenix/9kkj_HL/d2220/seed1_r2/results/9kkj_hl/seed_0/predictions/9kkj_hl_sample_1.cif,9kkj_HL,seed1_r2,9kkj_hl_sample_1.cif,0.21839
/mnt/data/msadepth/compreps/seedrep_cand/protenix/9kkj_HL/d2220/seed1_r1/results/9kkj_hl/seed_0/predictions/9kkj_hl_sample_0.cif,9kkj_HL,seed1_r1,9kkj_hl_sample_0.cif,0.19452
/mnt/data/msadepth/compreps/seedrep_cand/protenix/9kkj_HL/d2220/seed1_r0/results/9kkj_hl/seed_0/predictions/9kkj_hl_sample_0.cif,9kkj_HL,seed1_r0,9kkj_hl_sample_0.cif,0.03896
/mnt/data/msadepth/compreps/seedrep_cand/protenix/9kkj_HL/d2220/seed2_r2/results/9kkj_hl/seed_0/predictions/9kkj_hl_sample_2.cif,9kkj_HL,seed2_r2,9kkj_hl_sample_2.cif,0.29589
/mnt/data/msadepth/compreps/seedrep_cand/protenix/9kkj_HL/d2220/seed2_r0/results/9kkj_hl/seed_0/predictions/9kkj_hl_sample_1.cif,9kkj_HL,seed2_r0,9kkj_hl_sample_1.cif,0.08012
/mnt/data/msadepth/compreps/seedrep_cand/protenix/9kkj_HL/d2220/seed2_r1/results/9kkj_hl/seed_0/predictions/9kkj_hl_sample_1.cif,9kkj_HL,seed2_r1,9kkj_hl_sample_1.cif,0.21404
/mnt/data/msadepth/compreps/seedrep_cand/protenix/9kkj_HL/d2220/seed2_r1/results/9kkj_hl/seed_0/predictions/9kkj_hl_sample_4.cif,9kkj_HL,seed2_r1,9kkj_hl_sample_4.cif,0.36747
/mnt/data/msadepth/compreps/seedrep_cand/protenix/9kkj_HL/d2220/seed2_r2/results/9kkj_hl/seed_0/predictions/9kkj_hl_sample_3.cif,9kkj_HL,seed2_r2,9kkj_hl_sample_3.cif,0.17863
/mnt/data/msadepth/compreps/seedrep_cand/protenix/9kkj_HL/d2220/seed2_r0/results/9kkj_hl/seed_0/predictions/9kkj_hl_sample_2.cif,9kkj_HL,seed2_r0,9kkj_hl_sample_2.cif,0.1447
/mnt/data/msadepth/compreps/seedrep_cand/protenix/9kkj_HL/d2220/seed2_r3/results/9kkj_hl/seed_0/predictions/9kkj_hl_sample_2.cif,9kkj_HL,seed2_r3,9kkj_hl_sample_2.cif,0.18493
/mnt/data/msadepth/compreps/seedrep_cand/protenix/9kkj_HL/d2220/seed2_r3/results/9kkj_hl/seed_0/predictions/9kkj_hl_sample_1.cif,9kkj_HL,seed2_r3,9kkj_hl_sample_1.cif,0.357
/mnt/data/msadepth/compreps/seedrep_cand/protenix/9kkj_HL/d2220/seed2_r3/results/9kkj_hl/seed_0/predictions/9kkj_hl_sample_3.cif,9kkj_HL,seed2_r3,9kkj_hl_sample_3.cif,0.4074
/mnt/data/msadepth/compreps/seedrep_cand/protenix/9kkj_HL/d2220/seed2_r1/results/9kkj_hl/seed_0/predictions/9kkj_hl_sample_2.cif,9kkj_HL,seed2_r1,9kkj_hl_sample_2.cif,0.35845
/mnt/data/msadepth/compreps/seedrep_cand/protenix/9kkj_HL/d2220/seed2_r2/results/9kkj_hl/seed_0/predictions/9kkj_hl_sample_1.cif,9kkj_HL,seed2_r2,9kkj_hl_sample_1.cif,0.29728
/mnt/data/msadepth/compreps/seedrep_cand/protenix/9kkj_HL/d2220/seed2_r2/results/9kkj_hl/seed_0/predictions/9kkj_hl_sample_0.cif,9kkj_HL,seed2_r2,9kkj_hl_sample_0.cif,0.14606
/mnt/data/msadepth/compreps/seedrep_cand/protenix/9kkj_HL/d2220/seed2_r1/results/9kkj_hl/seed_0/predictions/9kkj_hl_sample_0.cif,9kkj_HL,seed2_r1,9kkj_hl_sample_0.cif,0.40271
/mnt/data/msadepth/compreps/seedrep_cand/protenix/9kkj_HL/d2220/seed2_r3/results/9kkj_hl/seed_0/predictions/9kkj_hl_sample_0.cif,9kkj_HL,seed2_r3,9kkj_hl_sample_0.cif,0.2318
/mnt/data/msadepth/compreps/seedrep_cand/protenix/9kkj_HL/d2220/seed2_r0/results/9kkj_hl/seed_0/predictions/9kkj_hl_sample_3.cif,9kkj_HL,seed2_r0,9kkj_hl_sample_3.cif,0.31652
/mnt/data/msadepth/compreps/seedrep_cand/protenix/9kkj_HL/d2220/seed2_r3/results/9kkj_hl/seed_0/predictions/9kkj_hl_sample_4.cif,9kkj_HL,seed2_r3,9kkj_hl_sample_4.cif,0.31673
/mnt/data/msadepth/compreps/seedrep_cand/protenix/9kkj_HL/d2220/seed2_r0/results/9kkj_hl/seed_0/predictions/9kkj_hl_sample_0.cif,9kkj_HL,seed2_r0,9kkj_hl_sample_0.cif,0.13764
/mnt/data/msadepth/compreps/seedrep_cand/protenix/9kkj_HL/d2220/seed2_r1/results/9kkj_hl/seed_0/predictions/9kkj_hl_sample_3.cif,9kkj_HL,seed2_r1,9kkj_hl_sample_3.cif,0.25093
/mnt/data/msadepth/compreps/seedrep_cand/protenix/9kkj_HL/d2220/seed2_r2/results/9kkj_hl/seed_0/predictions/9kkj_hl_sample_4.cif,9kkj_HL,seed2_r2,9kkj_hl_sample_4.cif,0.38575
/mnt/data/msadepth/compreps/seedrep_cand/protenix/9kkj_HL/d2220/seed2_r0/results/9kkj_hl/seed_0/predictions/9kkj_hl_sample_4.cif,9kkj_HL,seed2_r0,9kkj_hl_sample_4.cif,0.13494
/mnt/data/msadepth/compreps/seedrep_cand/protenix/9kkj_HL/d2220/seed3_r1/results/9kkj_hl/seed_0/predictions/9kkj_hl_sample_4.cif,9kkj_HL,seed3_r1,9kkj_hl_sample_4.cif,0.39279
/mnt/data/msadepth/compreps/seedrep_cand/protenix/9kkj_HL/d2220/seed3_r3/results/9kkj_hl/seed_0/predictions/9kkj_hl_sample_4.cif,9kkj_HL,seed3_r3,9kkj_hl_sample_4.cif,0.32964
/mnt/data/msadepth/compreps/seedrep_cand/protenix/9kkj_HL/d2220/seed3_r0/results/9kkj_hl/seed_0/predictions/9kkj_hl_sample_0.cif,9kkj_HL,seed3_r0,9kkj_hl_sample_0.cif,0.27368
/mnt/data/msadepth/compreps/seedrep_cand/protenix/9kkj_HL/d2220/seed3_r3/results/9kkj_hl/seed_0/predictions/9kkj_hl_sample_2.cif,9kkj_HL,seed3_r3,9kkj_hl_sample_2.cif,0.22907
/mnt/data/msadepth/compreps/seedrep_cand/protenix/9kkj_HL/d2220/seed3_r2/results/9kkj_hl/seed_0/predictions/9kkj_hl_sample_3.cif,9kkj_HL,seed3_r2,9kkj_hl_sample_3.cif,0.09191
/mnt/data/msadepth/compreps/seedrep_cand/protenix/9kkj_HL/d2220/seed3_r2/results/9kkj_hl/seed_0/predictions/9kkj_hl_sample_4.cif,9kkj_HL,seed3_r2,9kkj_hl_sample_4.cif,0.05914
/mnt/data/msadepth/compreps/seedrep_cand/protenix/9kkj_HL/d2220/seed3_r0/results/9kkj_hl/seed_0/predictions/9kkj_hl_sample_3.cif,9kkj_HL,seed3_r0,9kkj_hl_sample_3.cif,0.31446
/mnt/data/msadepth/compreps/seedrep_cand/protenix/9kkj_HL/d2220/seed3_r2/results/9kkj_hl/seed_0/predictions/9kkj_hl_sample_0.cif,9kkj_HL,seed3_r2,9kkj_hl_sample_0.cif,0.21882
/mnt/data/msadepth/compreps/seedrep_cand/protenix/9kkj_HL/d2220/seed3_r1/results/9kkj_hl/seed_0/predictions/9kkj_hl_sample_3.cif,9kkj_HL,seed3_r1,9kkj_hl_sample_3.cif,0.32784
/mnt/data/msadepth/compreps/seedrep_cand/protenix/9kkj_HL/d2220/seed3_r0/results/9kkj_hl/seed_0/predictions/9kkj_hl_sample_1.cif,9kkj_HL,seed3_r0,9kkj_hl_sample_1.cif,0.17821
/mnt/data/msadepth/compreps/seedrep_cand/protenix/9kkj_HL/d2220/seed3_r2/results/9kkj_hl/seed_0/predictions/9kkj_hl_sample_2.cif,9kkj_HL,seed3_r2,9kkj_hl_sample_2.cif,0.02525
/mnt/data/msadepth/compreps/seedrep_cand/protenix/9kkj_HL/d2220/seed3_r0/results/9kkj_hl/seed_0/predictions/9kkj_hl_sample_4.cif,9kkj_HL,seed3_r0,9kkj_hl_sample_4.cif,0.16602
/mnt/data/msadepth/compreps/seedrep_cand/protenix/9kkj_HL/d2220/seed3_r3/results/9kkj_hl/seed_0/predictions/9kkj_hl_sample_3.cif,9kkj_HL,seed3_r3,9kkj_hl_sample_3.cif,0.23876
/mnt/data/msadepth/compreps/seedrep_cand/protenix/9kkj_HL/d2220/seed3_r1/results/9kkj_hl/seed_0/predictions/9kkj_hl_sample_2.cif,9kkj_HL,seed3_r1,9kkj_hl_sample_2.cif,0.15971
/mnt/data/msadepth/compreps/seedrep_cand/protenix/9kkj_HL/d2220/seed3_r3/results/9kkj_hl/seed_0/predictions/9kkj_hl_sample_1.cif,9kkj_HL,seed3_r3,9kkj_hl_sample_1.cif,0.07984
/mnt/data/msadepth/compreps/seedrep_cand/protenix/9kkj_HL/d2220/seed3_r2/results/9kkj_hl/seed_0/predictions/9kkj_hl_sample_1.cif,9kkj_HL,seed3_r2,9kkj_hl_sample_1.cif,0.27605
/mnt/data/msadepth/compreps/seedrep_cand/protenix/9kkj_HL/d2220/seed3_r1/results/9kkj_hl/seed_0/predictions/9kkj_hl_sample_1.cif,9kkj_HL,seed3_r1,9kkj_hl_sample_1.cif,0.33422
/mnt/data/msadepth/compreps/seedrep_cand/protenix/9kkj_HL/d2220/seed3_r0/results/9kkj_hl/seed_0/predictions/9kkj_hl_sample_2.cif,9kkj_HL,seed3_r0,9kkj_hl_sample_2.cif,0.3432
/mnt/data/msadepth/compreps/seedrep_cand/protenix/9kkj_HL/d2220/seed3_r3/results/9kkj_hl/seed_0/predictions/9kkj_hl_sample_0.cif,9kkj_HL,seed3_r3,9kkj_hl_sample_0.cif,0.1463
/mnt/data/msadepth/compreps/seedrep_cand/protenix/9kkj_HL/d2220/seed3_r1/results/9kkj_hl/seed_0/predictions/9kkj_hl_sample_0.cif,9kkj_HL,seed3_r1,9kkj_hl_sample_0.cif,0.36851
/mnt/data/msadepth/compreps/seedrep_cand/protenix/9kkj_HL/d2220/seed4_r2/results/9kkj_hl/seed_0/predictions/9kkj_hl_sample_4.cif,9kkj_HL,seed4_r2,9kkj_hl_sample_4.cif,0.10681
/mnt/data/msadepth/compreps/seedrep_cand/protenix/9kkj_HL/d2220/seed4_r3/results/9kkj_hl/seed_0/predictions/9kkj_hl_sample_1.cif,9kkj_HL,seed4_r3,9kkj_hl_sample_1.cif,0.20347
/mnt/data/msadepth/compreps/seedrep_cand/protenix/9kkj_HL/d2220/seed4_r2/results/9kkj_hl/seed_0/predictions/9kkj_hl_sample_2.cif,9kkj_HL,seed4_r2,9kkj_hl_sample_2.cif,0.05413
/mnt/data/msadepth/compreps/seedrep_cand/protenix/9kkj_HL/d2220/seed4_r1/results/9kkj_hl/seed_0/predictions/9kkj_hl_sample_0.cif,9kkj_HL,seed4_r1,9kkj_hl_sample_0.cif,0.14802
/mnt/data/msadepth/compreps/seedrep_cand/protenix/9kkj_HL/d2220/seed4_r0/results/9kkj_hl/seed_0/predictions/9kkj_hl_sample_0.cif,9kkj_HL,seed4_r0,9kkj_hl_sample_0.cif,0.28653
/mnt/data/msadepth/compreps/seedrep_cand/protenix/9kkj_HL/d2220/seed4_r1/results/9kkj_hl/seed_0/predictions/9kkj_hl_sample_1.cif,9kkj_HL,seed4_r1,9kkj_hl_sample_1.cif,0.05573
/mnt/data/msadepth/compreps/seedrep_cand/protenix/9kkj_HL/d2220/seed4_r3/results/9kkj_hl/seed_0/predictions/9kkj_hl_sample_3.cif,9kkj_HL,seed4_r3,9kkj_hl_sample_3.cif,0.2074
/mnt/data/msadepth/compreps/seedrep_cand/protenix/9kkj_HL/d2220/seed4_r1/results/9kkj_hl/seed_0/predictions/9kkj_hl_sample_3.cif,9kkj_HL,seed4_r1,9kkj_hl_sample_3.cif,0.08792
/mnt/data/msadepth/compreps/seedrep_cand/protenix/9kkj_HL/d2220/seed4_r3/results/9kkj_hl/seed_0/predictions/9kkj_hl_sample_4.cif,9kkj_HL,seed4_r3,9kkj_hl_sample_4.cif,0.23294
/mnt/data/msadepth/compreps/seedrep_cand/protenix/9kkj_HL/d2220/seed4_r0/results/9kkj_hl/seed_0/predictions/9kkj_hl_sample_3.cif,9kkj_HL,seed4_r0,9kkj_hl_sample_3.cif,0.21271
/mnt/data/msadepth/compreps/seedrep_cand/protenix/9kkj_HL/d2220/seed4_r2/results/9kkj_hl/seed_0/predictions/9kkj_hl_sample_3.cif,9kkj_HL,seed4_r2,9kkj_hl_sample_3.cif,0.10533
/mnt/data/msadepth/compreps/seedrep_cand/protenix/9kkj_HL/d2220/seed4_r0/results/9kkj_hl/seed_0/predictions/9kkj_hl_sample_1.cif,9kkj_HL,seed4_r0,9kkj_hl_sample_1.cif,0.06646
/mnt/data/msadepth/compreps/seedrep_cand/protenix/9kkj_HL/d2220/seed4_r1/results/9kkj_hl/seed_0/predictions/9kkj_hl_sample_2.cif,9kkj_HL,seed4_r1,9kkj_hl_sample_2.cif,0.21602
/mnt/data/msadepth/compreps/seedrep_cand/protenix/9kkj_HL/d2220/seed4_r2/results/9kkj_hl/seed_0/predictions/9kkj_hl_sample_1.cif,9kkj_HL,seed4_r2,9kkj_hl_sample_1.cif,0.27909
/mnt/data/msadepth/compreps/seedrep_cand/protenix/9kkj_HL/d2220/seed4_r2/results/9kkj_hl/seed_0/predictions/9kkj_hl_sample_0.cif,9kkj_HL,seed4_r2,9kkj_hl_sample_0.cif,0.16441
/mnt/data/msadepth/compreps/seedrep_cand/protenix/9kkj_HL/d2220/seed4_r0/results/9kkj_hl/seed_0/predictions/9kkj_hl_sample_2.cif,9kkj_HL,seed4_r0,9kkj_hl_sample_2.cif,0.22066
/mnt/data/msadepth/compreps/seedrep_cand/protenix/9kkj_HL/d2220/seed4_r3/results/9kkj_hl/seed_0/predictions/9kkj_hl_sample_2.cif,9kkj_HL,seed4_r3,9kkj_hl_sample_2.cif,0.21618
/mnt/data/msadepth/compreps/seedrep_cand/protenix/9kkj_HL/d2220/seed4_r0/results/9kkj_hl/seed_0/predictions/9kkj_hl_sample_4.cif,9kkj_HL,seed4_r0,9kkj_hl_sample_4.cif,0.1368
/mnt/data/msadepth/compreps/seedrep_cand/protenix/9kkj_HL/d2220/seed4_r3/results/9kkj_hl/seed_0/predictions/9kkj_hl_sample_0.cif,9kkj_HL,seed4_r3,9kkj_hl_sample_0.cif,0.10251
/mnt/data/msadepth/compreps/seedrep_cand/protenix/9kkj_HL/d2220/seed4_r1/results/9kkj_hl/seed_0/predictions/9kkj_hl_sample_4.cif,9kkj_HL,seed4_r1,9kkj_hl_sample_4.cif,0.18006
/mnt/data/msadepth/compreps/seedrep_cand/protenix/9kkj_HL/d2220/seed5_r1/results/9kkj_hl/seed_0/predictions/9kkj_hl_sample_0.cif,9kkj_HL,seed5_r1,9kkj_hl_sample_0.cif,0.10036
/mnt/data/msadepth/compreps/seedrep_cand/protenix/9kkj_HL/d2220/seed5_r2/results/9kkj_hl/seed_0/predictions/9kkj_hl_sample_2.cif,9kkj_HL,seed5_r2,9kkj_hl_sample_2.cif,0.07362
/mnt/data/msadepth/compreps/seedrep_cand/protenix/9kkj_HL/d2220/seed5_r2/results/9kkj_hl/seed_0/predictions/9kkj_hl_sample_4.cif,9kkj_HL,seed5_r2,9kkj_hl_sample_4.cif,0.29299
/mnt/data/msadepth/compreps/seedrep_cand/protenix/9kkj_HL/d2220/seed5_r1/results/9kkj_hl/seed_0/predictions/9kkj_hl_sample_2.cif,9kkj_HL,seed5_r1,9kkj_hl_sample_2.cif,0.105
/mnt/data/msadepth/compreps/seedrep_cand/protenix/9kkj_HL/d2220/seed5_r1/results/9kkj_hl/seed_0/predictions/9kkj_hl_sample_4.cif,9kkj_HL,seed5_r1,9kkj_hl_sample_4.cif,0.23976
/mnt/data/msadepth/compreps/seedrep_cand/protenix/9kkj_HL/d2220/seed5_r1/results/9kkj_hl/seed_0/predictions/9kkj_hl_sample_1.cif,9kkj_HL,seed5_r1,9kkj_hl_sample_1.cif,0.12945
/mnt/data/msadepth/compreps/seedrep_cand/protenix/9kkj_HL/d2220/seed5_r0/results/9kkj_hl/seed_0/predictions/9kkj_hl_sample_2.cif,9kkj_HL,seed5_r0,9kkj_hl_sample_2.cif,0.10747
/mnt/data/msadepth/compreps/seedrep_cand/protenix/9kkj_HL/d2220/seed5_r2/results/9kkj_hl/seed_0/predictions/9kkj_hl_sample_3.cif,9kkj_HL,seed5_r2,9kkj_hl_sample_3.cif,0.07832
/mnt/data/msadepth/compreps/seedrep_cand/protenix/9kkj_HL/d2220/seed5_r0/results/9kkj_hl/seed_0/predictions/9kkj_hl_sample_4.cif,9kkj_HL,seed5_r0,9kkj_hl_sample_4.cif,0.1714
/mnt/data/msadepth/compreps/seedrep_cand/protenix/9kkj_HL/d2220/seed5_r0/results/9kkj_hl/seed_0/predictions/9kkj_hl_sample_1.cif,9kkj_HL,seed5_r0,9kkj_hl_sample_1.cif,0.07457
/mnt/data/msadepth/compreps/seedrep_cand/protenix/9kkj_HL/d2220/seed5_r0/results/9kkj_hl/seed_0/predictions/9kkj_hl_sample_0.cif,9kkj_HL,seed5_r0,9kkj_hl_sample_0.cif,0.21096
/mnt/data/msadepth/compreps/seedrep_cand/protenix/9kkj_HL/d2220/seed5_r3/results/9kkj_hl/seed_0/predictions/9kkj_hl_sample_3.cif,9kkj_HL,seed5_r3,9kkj_hl_sample_3.cif,0.14479
/mnt/data/msadepth/compreps/seedrep_cand/protenix/9kkj_HL/d2220/seed5_r2/results/9kkj_hl/seed_0/predictions/9kkj_hl_sample_0.cif,9kkj_HL,seed5_r2,9kkj_hl_sample_0.cif,0.1359
/mnt/data/msadepth/compreps/seedrep_cand/protenix/9kkj_HL/d2220/seed5_r2/results/9kkj_hl/seed_0/predictions/9kkj_hl_sample_1.cif,9kkj_HL,seed5_r2,9kkj_hl_sample_1.cif,0.29912
/mnt/data/msadepth/compreps/seedrep_cand/protenix/9kkj_HL/d2220/seed5_r3/results/9kkj_hl/seed_0/predictions/9kkj_hl_sample_1.cif,9kkj_HL,seed5_r3,9kkj_hl_sample_1.cif,0.1275
/mnt/data/msadepth/compreps/seedrep_cand/protenix/9kkj_HL/d2220/seed5_r3/results/9kkj_hl/seed_0/predictions/9kkj_hl_sample_0.cif,9kkj_HL,seed5_r3,9kkj_hl_sample_0.cif,0.19521
/mnt/data/msadepth/compreps/seedrep_cand/protenix/9kkj_HL/d2220/seed5_r0/results/9kkj_hl/seed_0/predictions/9kkj_hl_sample_3.cif,9kkj_HL,seed5_r0,9kkj_hl_sample_3.cif,0.09264
/mnt/data/msadepth/compreps/seedrep_cand/protenix/9kkj_HL/d2220/seed5_r1/results/9kkj_hl/seed_0/predictions/9kkj_hl_sample_3.cif,9kkj_HL,seed5_r1,9kkj_hl_sample_3.cif,0.09595
/mnt/data/msadepth/compreps/seedrep_cand/protenix/9kkj_HL/d2220/seed5_r3/results/9kkj_hl/seed_0/predictions/9kkj_hl_sample_4.cif,9kkj_HL,seed5_r3,9kkj_hl_sample_4.cif,0.20252
/mnt/data/msadepth/compreps/seedrep_cand/protenix/9kkj_HL/d2220/seed5_r3/results/9kkj_hl/seed_0/predictions/9kkj_hl_sample_2.cif,9kkj_HL,seed5_r3,9kkj_hl_sample_2.cif,0.12266
/mnt/data/msadepth/compreps/seedrep_cand/protenix/9kkj_HL/d2220/seedfull_r1/results/9kkj_hl/seed_0/predictions/9kkj_hl_sample_3.cif,9kkj_HL,seedfull_r1,9kkj_hl_sample_3.cif,0.17443
/mnt/data/msadepth/compreps/seedrep_cand/protenix/9kkj_HL/d2220/seedfull_r2/results/9kkj_hl/seed_0/predictions/9kkj_hl_sample_1.cif,9kkj_HL,seedfull_r2,9kkj_hl_sample_1.cif,0.24194
/mnt/data/msadepth/compreps/seedrep_cand/protenix/9kkj_HL/d2220/seedfull_r3/results/9kkj_hl/seed_0/predictions/9kkj_hl_sample_2.cif,9kkj_HL,seedfull_r3,9kkj_hl_sample_2.cif,0.12925
/mnt/data/msadepth/compreps/seedrep_cand/protenix/9kkj_HL/d2220/seedfull_r2/results/9kkj_hl/seed_0/predictions/9kkj_hl_sample_3.cif,9kkj_HL,seedfull_r2,9kkj_hl_sample_3.cif,0.04311
/mnt/data/msadepth/compreps/seedrep_cand/protenix/9kkj_HL/d2220/seedfull_r1/results/9kkj_hl/seed_0/predictions/9kkj_hl_sample_0.cif,9kkj_HL,seedfull_r1,9kkj_hl_sample_0.cif,0.11656
/mnt/data/msadepth/compreps/seedrep_cand/protenix/9kkj_HL/d2220/seedfull_r0/results/9kkj_hl/seed_0/predictions/9kkj_hl_sample_4.cif,9kkj_HL,seedfull_r0,9kkj_hl_sample_4.cif,0.43007
/mnt/data/msadepth/compreps/seedrep_cand/protenix/9kkj_HL/d2220/seedfull_r3/results/9kkj_hl/seed_0/predictions/9kkj_hl_sample_1.cif,9kkj_HL,seedfull_r3,9kkj_hl_sample_1.cif,0.1812
/mnt/data/msadepth/compreps/seedrep_cand/protenix/9kkj_HL/d2220/seedfull_r2/results/9kkj_hl/seed_0/predictions/9kkj_hl_sample_4.cif,9kkj_HL,seedfull_r2,9kkj_hl_sample_4.cif,0.05486
/mnt/data/msadepth/compreps/seedrep_cand/protenix/9kkj_HL/d2220/seedfull_r1/results/9kkj_hl/seed_0/predictions/9kkj_hl_sample_4.cif,9kkj_HL,seedfull_r1,9kkj_hl_sample_4.cif,0.03576
/mnt/data/msadepth/compreps/seedrep_cand/protenix/9kkj_HL/d2220/seedfull_r1/results/9kkj_hl/seed_0/predictions/9kkj_hl_sample_1.cif,9kkj_HL,seedfull_r1,9kkj_hl_sample_1.cif,0.05553
/mnt/data/msadepth/compreps/seedrep_cand/protenix/9kkj_HL/d2220/seedfull_r3/results/9kkj_hl/seed_0/predictions/9kkj_hl_sample_3.cif,9kkj_HL,seedfull_r3,9kkj_hl_sample_3.cif,0.2373
/mnt/data/msadepth/compreps/seedrep_cand/protenix/9kkj_HL/d2220/seedfull_r2/results/9kkj_hl/seed_0/predictions/9kkj_hl_sample_2.cif,9kkj_HL,seedfull_r2,9kkj_hl_sample_2.cif,0.04207
/mnt/data/msadepth/compreps/seedrep_cand/protenix/9kkj_HL/d2220/seedfull_r2/results/9kkj_hl/seed_0/predictions/9kkj_hl_sample_0.cif,9kkj_HL,seedfull_r2,9kkj_hl_sample_0.cif,0.05228
/mnt/data/msadepth/compreps/seedrep_cand/protenix/9kkj_HL/d2220/seedfull_r3/results/9kkj_hl/seed_0/predictions/9kkj_hl_sample_4.cif,9kkj_HL,seedfull_r3,9kkj_hl_sample_4.cif,0.15802
/mnt/data/msadepth/compreps/seedrep_cand/protenix/9kkj_HL/d2220/seedfull_r3/results/9kkj_hl/seed_0/predictions/9kkj_hl_sample_0.cif,9kkj_HL,seedfull_r3,9kkj_hl_sample_0.cif,0.207
/mnt/data/msadepth/compreps/seedrep_cand/protenix/9kkj_HL/d2220/seedfull_r1/results/9kkj_hl/seed_0/predictions/9kkj_hl_sample_2.cif,9kkj_HL,seedfull_r1,9kkj_hl_sample_2.cif,0.09535
/mnt/data/msadepth/compreps/seedrep_cand/protenix/9kkj_HL/d2220/seedfull_r0/results/9kkj_hl/seed_0/predictions/9kkj_hl_sample_2.cif,9kkj_HL,seedfull_r0,9kkj_hl_sample_2.cif,0.35469
/mnt/data/msadepth/compreps/seedrep_cand/protenix/9kkj_HL/d2220/seedfull_r0/results/9kkj_hl/seed_0/predictions/9kkj_hl_sample_1.cif,9kkj_HL,seedfull_r0,9kkj_hl_sample_1.cif,0.38956
/mnt/data/msadepth/compreps/seedrep_cand/protenix/9kkj_HL/d2220/seedfull_r0/results/9kkj_hl/seed_0/predictions/9kkj_hl_sample_0.cif,9kkj_HL,seedfull_r0,9kkj_hl_sample_0.cif,0.14776
/mnt/data/msadepth/compreps/seedrep_cand/protenix/9kkj_HL/d2220/seedfull_r0/results/9kkj_hl/seed_0/predictions/9kkj_hl_sample_3.cif,9kkj_HL,seedfull_r0,9kkj_hl_sample_3.cif,0.38738
/mnt/data/msadepth/compreps/seedrep_cand/protenix/9kkj_HL/d2220/seedfull_r6/results/9kkj_hl/seed_0/predictions/9kkj_hl_sample_2.cif,9kkj_HL,seedfull_r6,9kkj_hl_sample_2.cif,0.21842
/mnt/data/msadepth/compreps/seedrep_cand/protenix/9kkj_HL/d2220/seedfull_r4/results/9kkj_hl/seed_0/predictions/9kkj_hl_sample_0.cif,9kkj_HL,seedfull_r4,9kkj_hl_sample_0.cif,0.07271
/mnt/data/msadepth/compreps/seedrep_cand/protenix/9kkj_HL/d2220/seedfull_r5/results/9kkj_hl/seed_0/predictions/9kkj_hl_sample_2.cif,9kkj_HL,seedfull_r5,9kkj_hl_sample_2.cif,0.11733
/mnt/data/msadepth/compreps/seedrep_cand/protenix/9kkj_HL/d2220/seedfull_r4/results/9kkj_hl/seed_0/predictions/9kkj_hl_sample_2.cif,9kkj_HL,seedfull_r4,9kkj_hl_sample_2.cif,0.11061
/mnt/data/msadepth/compreps/seedrep_cand/protenix/9kkj_HL/d2220/seedfull_r6/results/9kkj_hl/seed_0/predictions/9kkj_hl_sample_4.cif,9kkj_HL,seedfull_r6,9kkj_hl_sample_4.cif,0.08399
/mnt/data/msadepth/compreps/seedrep_cand/protenix/9kkj_HL/d2220/seedfull_r7/results/9kkj_hl/seed_0/predictions/9kkj_hl_sample_4.cif,9kkj_HL,seedfull_r7,9kkj_hl_sample_4.cif,0.04313
/mnt/data/msadepth/compreps/seedrep_cand/protenix/9kkj_HL/d2220/seedfull_r5/results/9kkj_hl/seed_0/predictions/9kkj_hl_sample_0.cif,9kkj_HL,seedfull_r5,9kkj_hl_sample_0.cif,0.15367
/mnt/data/msadepth/compreps/seedrep_cand/protenix/9kkj_HL/d2220/seedfull_r5/results/9kkj_hl/seed_0/predictions/9kkj_hl_sample_1.cif,9kkj_HL,seedfull_r5,9kkj_hl_sample_1.cif,0.13945
/mnt/data/msadepth/compreps/seedrep_cand/protenix/9kkj_HL/d2220/seedfull_r4/results/9kkj_hl/seed_0/predictions/9kkj_hl_sample_3.cif,9kkj_HL,seedfull_r4,9kkj_hl_sample_3.cif,0.07646
/mnt/data/msadepth/compreps/seedrep_cand/protenix/9kkj_HL/d2220/seedfull_r5/results/9kkj_hl/seed_0/predictions/9kkj_hl_sample_3.cif,9kkj_HL,seedfull_r5,9kkj_hl_sample_3.cif,0.11627
/mnt/data/msadepth/compreps/seedrep_cand/protenix/9kkj_HL/d2220/seedfull_r7/results/9kkj_hl/seed_0/predictions/9kkj_hl_sample_0.cif,9kkj_HL,seedfull_r7,9kkj_hl_sample_0.cif,0.20133
/mnt/data/msadepth/compreps/seedrep_cand/protenix/9kkj_HL/d2220/seedfull_r6/results/9kkj_hl/seed_0/predictions/9kkj_hl_sample_1.cif,9kkj_HL,seedfull_r6,9kkj_hl_sample_1.cif,0.1281
/mnt/data/msadepth/compreps/seedrep_cand/protenix/9kkj_HL/d2220/seedfull_r4/results/9kkj_hl/seed_0/predictions/9kkj_hl_sample_1.cif,9kkj_HL,seedfull_r4,9kkj_hl_sample_1.cif,0.05712
/mnt/data/msadepth/compreps/seedrep_cand/protenix/9kkj_HL/d2220/seedfull_r5/results/9kkj_hl/seed_0/predictions/9kkj_hl_sample_4.cif,9kkj_HL,seedfull_r5,9kkj_hl_sample_4.cif,0.08612
/mnt/data/msadepth/compreps/seedrep_cand/protenix/9kkj_HL/d2220/seedfull_r7/results/9kkj_hl/seed_0/predictions/9kkj_hl_sample_1.cif,9kkj_HL,seedfull_r7,9kkj_hl_sample_1.cif,0.05611
/mnt/data/msadepth/compreps/seedrep_cand/protenix/9kkj_HL/d2220/seedfull_r4/results/9kkj_hl/seed_0/predictions/9kkj_hl_sample_4.cif,9kkj_HL,seedfull_r4,9kkj_hl_sample_4.cif,0.09233
/mnt/data/msadepth/compreps/seedrep_cand/protenix/9kkj_HL/d2220/seedfull_r7/results/9kkj_hl/seed_0/predictions/9kkj_hl_sample_3.cif,9kkj_HL,seedfull_r7,9kkj_hl_sample_3.cif,0.13203
/mnt/data/msadepth/compreps/seedrep_cand/protenix/9kkj_HL/d2220/seedfull_r6/results/9kkj_hl/seed_0/predictions/9kkj_hl_sample_0.cif,9kkj_HL,seedfull_r6,9kkj_hl_sample_0.cif,0.08527
/mnt/data/msadepth/compreps/seedrep_cand/protenix/9kkj_HL/d2220/seedfull_r6/results/9kkj_hl/seed_0/predictions/9kkj_hl_sample_3.cif,9kkj_HL,seedfull_r6,9kkj_hl_sample_3.cif,0.02629
/mnt/data/msadepth/compreps/seedrep_cand/protenix/9kkj_HL/d2220/seedfull_r7/results/9kkj_hl/seed_0/predictions/9kkj_hl_sample_2.cif,9kkj_HL,seedfull_r7,9kkj_hl_sample_2.cif,0.13023
/mnt/data/msadepth/compreps/seedrep_cand/protenix/9ml9_HL/d8769/seed0_r1/results/9ml9_hl/seed_0/predictions/9ml9_hl_sample_1.cif,9ml9_HL,seed0_r1,9ml9_hl_sample_1.cif,0.04854
/mnt/data/msadepth/compreps/seedrep_cand/protenix/9ml9_HL/d8769/seed0_r1/results/9ml9_hl/seed_0/predictions/9ml9_hl_sample_4.cif,9ml9_HL,seed0_r1,9ml9_hl_sample_4.cif,0.1442
/mnt/data/msadepth/compreps/seedrep_cand/protenix/9ml9_HL/d8769/seed0_r2/results/9ml9_hl/seed_0/predictions/9ml9_hl_sample_2.cif,9ml9_HL,seed0_r2,9ml9_hl_sample_2.cif,0.05246
/mnt/data/msadepth/compreps/seedrep_cand/protenix/9ml9_HL/d8769/seed0_r2/results/9ml9_hl/seed_0/predictions/9ml9_hl_sample_1.cif,9ml9_HL,seed0_r2,9ml9_hl_sample_1.cif,0.03298
/mnt/data/msadepth/compreps/seedrep_cand/protenix/9ml9_HL/d8769/seed0_r0/results/9ml9_hl/seed_0/predictions/9ml9_hl_sample_2.cif,9ml9_HL,seed0_r0,9ml9_hl_sample_2.cif,0.0747
/mnt/data/msadepth/compreps/seedrep_cand/protenix/9ml9_HL/d8769/seed0_r1/results/9ml9_hl/seed_0/predictions/9ml9_hl_sample_3.cif,9ml9_HL,seed0_r1,9ml9_hl_sample_3.cif,0.02461
/mnt/data/msadepth/compreps/seedrep_cand/protenix/9ml9_HL/d8769/seed0_r1/results/9ml9_hl/seed_0/predictions/9ml9_hl_sample_2.cif,9ml9_HL,seed0_r1,9ml9_hl_sample_2.cif,0.1302
/mnt/data/msadepth/compreps/seedrep_cand/protenix/9ml9_HL/d8769/seed0_r2/results/9ml9_hl/seed_0/predictions/9ml9_hl_sample_0.cif,9ml9_HL,seed0_r2,9ml9_hl_sample_0.cif,0.07458
/mnt/data/msadepth/compreps/seedrep_cand/protenix/9ml9_HL/d8769/seed0_r0/results/9ml9_hl/seed_0/predictions/9ml9_hl_sample_4.cif,9ml9_HL,seed0_r0,9ml9_hl_sample_4.cif,0.03949
/mnt/data/msadepth/compreps/seedrep_cand/protenix/9ml9_HL/d8769/seed0_r2/results/9ml9_hl/seed_0/predictions/9ml9_hl_sample_4.cif,9ml9_HL,seed0_r2,9ml9_hl_sample_4.cif,0.03195
/mnt/data/msadepth/compreps/seedrep_cand/protenix/9ml9_HL/d8769/seed0_r0/results/9ml9_hl/seed_0/predictions/9ml9_hl_sample_0.cif,9ml9_HL,seed0_r0,9ml9_hl_sample_0.cif,0.31786
/mnt/data/msadepth/compreps/seedrep_cand/protenix/9ml9_HL/d8769/seed0_r3/results/9ml9_hl/seed_0/predictions/9ml9_hl_sample_2.cif,9ml9_HL,seed0_r3,9ml9_hl_sample_2.cif,0.27987
/mnt/data/msadepth/compreps/seedrep_cand/protenix/9ml9_HL/d8769/seed0_r0/results/9ml9_hl/seed_0/predictions/9ml9_hl_sample_1.cif,9ml9_HL,seed0_r0,9ml9_hl_sample_1.cif,0.08494
/mnt/data/msadepth/compreps/seedrep_cand/protenix/9ml9_HL/d8769/seed0_r3/results/9ml9_hl/seed_0/predictions/9ml9_hl_sample_0.cif,9ml9_HL,seed0_r3,9ml9_hl_sample_0.cif,0.25147
/mnt/data/msadepth/compreps/seedrep_cand/protenix/9ml9_HL/d8769/seed0_r3/results/9ml9_hl/seed_0/predictions/9ml9_hl_sample_3.cif,9ml9_HL,seed0_r3,9ml9_hl_sample_3.cif,0.35137
/mnt/data/msadepth/compreps/seedrep_cand/protenix/9ml9_HL/d8769/seed0_r3/results/9ml9_hl/seed_0/predictions/9ml9_hl_sample_4.cif,9ml9_HL,seed0_r3,9ml9_hl_sample_4.cif,0.15117
/mnt/data/msadepth/compreps/seedrep_cand/protenix/9ml9_HL/d8769/seed0_r0/results/9ml9_hl/seed_0/predictions/9ml9_hl_sample_3.cif,9ml9_HL,seed0_r0,9ml9_hl_sample_3.cif,0.0591
/mnt/data/msadepth/compreps/seedrep_cand/protenix/9ml9_HL/d8769/seed0_r3/results/9ml9_hl/seed_0/predictions/9ml9_hl_sample_1.cif,9ml9_HL,seed0_r3,9ml9_hl_sample_1.cif,0.34389
/mnt/data/msadepth/compreps/seedrep_cand/protenix/9ml9_HL/d8769/seed0_r2/results/9ml9_hl/seed_0/predictions/9ml9_hl_sample_3.cif,9ml9_HL,seed0_r2,9ml9_hl_sample_3.cif,0.10039
/mnt/data/msadepth/compreps/seedrep_cand/protenix/9ml9_HL/d8769/seed0_r1/results/9ml9_hl/seed_0/predictions/9ml9_hl_sample_0.cif,9ml9_HL,seed0_r1,9ml9_hl_sample_0.cif,0.09856
/mnt/data/msadepth/compreps/seedrep_cand/protenix/9ml9_HL/d8769/seed1_r1/results/9ml9_hl/seed_0/predictions/9ml9_hl_sample_4.cif,9ml9_HL,seed1_r1,9ml9_hl_sample_4.cif,0.06598
/mnt/data/msadepth/compreps/seedrep_cand/protenix/9ml9_HL/d8769/seed1_r3/results/9ml9_hl/seed_0/predictions/9ml9_hl_sample_2.cif,9ml9_HL,seed1_r3,9ml9_hl_sample_2.cif,0.26501
/mnt/data/msadepth/compreps/seedrep_cand/protenix/9ml9_HL/d8769/seed1_r3/results/9ml9_hl/seed_0/predictions/9ml9_hl_sample_4.cif,9ml9_HL,seed1_r3,9ml9_hl_sample_4.cif,0.12474
/mnt/data/msadepth/compreps/seedrep_cand/protenix/9ml9_HL/d8769/seed1_r3/results/9ml9_hl/seed_0/predictions/9ml9_hl_sample_0.cif,9ml9_HL,seed1_r3,9ml9_hl_sample_0.cif,0.22401
/mnt/data/msadepth/compreps/seedrep_cand/protenix/9ml9_HL/d8769/seed1_r0/results/9ml9_hl/seed_0/predictions/9ml9_hl_sample_2.cif,9ml9_HL,seed1_r0,9ml9_hl_sample_2.cif,0.29811
/mnt/data/msadepth/compreps/seedrep_cand/protenix/9ml9_HL/d8769/seed1_r3/results/9ml9_hl/seed_0/predictions/9ml9_hl_sample_3.cif,9ml9_HL,seed1_r3,9ml9_hl_sample_3.cif,0.22342
/mnt/data/msadepth/compreps/seedrep_cand/protenix/9ml9_HL/d8769/seed1_r1/results/9ml9_hl/seed_0/predictions/9ml9_hl_sample_2.cif,9ml9_HL,seed1_r1,9ml9_hl_sample_2.cif,0.28126
/mnt/data/msadepth/compreps/seedrep_cand/protenix/9ml9_HL/d8769/seed1_r2/results/9ml9_hl/seed_0/predictions/9ml9_hl_sample_4.cif,9ml9_HL,seed1_r2,9ml9_hl_sample_4.cif,0.1228
/mnt/data/msadepth/compreps/seedrep_cand/protenix/9ml9_HL/d8769/seed1_r0/results/9ml9_hl/seed_0/predictions/9ml9_hl_sample_1.cif,9ml9_HL,seed1_r0,9ml9_hl_sample_1.cif,0.2873
/mnt/data/msadepth/compreps/seedrep_cand/protenix/9ml9_HL/d8769/seed1_r3/results/9ml9_hl/seed_0/predictions/9ml9_hl_sample_1.cif,9ml9_HL,seed1_r3,9ml9_hl_sample_1.cif,0.33911
/mnt/data/msadepth/compreps/seedrep_cand/protenix/9ml9_HL/d8769/seed1_r2/results/9ml9_hl/seed_0/predictions/9ml9_hl_sample_3.cif,9ml9_HL,seed1_r2,9ml9_hl_sample_3.cif,0.07096
/mnt/data/msadepth/compreps/seedrep_cand/protenix/9ml9_HL/d8769/seed1_r2/results/9ml9_hl/seed_0/predictions/9ml9_hl_sample_2.cif,9ml9_HL,seed1_r2,9ml9_hl_sample_2.cif,0.22591
/mnt/data/msadepth/compreps/seedrep_cand/protenix/9ml9_HL/d8769/seed1_r1/results/9ml9_hl/seed_0/predictions/9ml9_hl_sample_1.cif,9ml9_HL,seed1_r1,9ml9_hl_sample_1.cif,0.33429
/mnt/data/msadepth/compreps/seedrep_cand/protenix/9ml9_HL/d8769/seed1_r0/results/9ml9_hl/seed_0/predictions/9ml9_hl_sample_4.cif,9ml9_HL,seed1_r0,9ml9_hl_sample_4.cif,0.22603
/mnt/data/msadepth/compreps/seedrep_cand/protenix/9ml9_HL/d8769/seed1_r2/results/9ml9_hl/seed_0/predictions/9ml9_hl_sample_0.cif,9ml9_HL,seed1_r2,9ml9_hl_sample_0.cif,0.0894
/mnt/data/msadepth/compreps/seedrep_cand/protenix/9ml9_HL/d8769/seed1_r1/results/9ml9_hl/seed_0/predictions/9ml9_hl_sample_3.cif,9ml9_HL,seed1_r1,9ml9_hl_sample_3.cif,0.04728
/mnt/data/msadepth/compreps/seedrep_cand/protenix/9ml9_HL/d8769/seed1_r0/results/9ml9_hl/seed_0/predictions/9ml9_hl_sample_3.cif,9ml9_HL,seed1_r0,9ml9_hl_sample_3.cif,0.06391
/mnt/data/msadepth/compreps/seedrep_cand/protenix/9ml9_HL/d8769/seed1_r2/results/9ml9_hl/seed_0/predictions/9ml9_hl_sample_1.cif,9ml9_HL,seed1_r2,9ml9_hl_sample_1.cif,0.15733
/mnt/data/msadepth/compreps/seedrep_cand/protenix/9ml9_HL/d8769/seed1_r1/results/9ml9_hl/seed_0/predictions/9ml9_hl_sample_0.cif,9ml9_HL,seed1_r1,9ml9_hl_sample_0.cif,0.3188
/mnt/data/msadepth/compreps/seedrep_cand/protenix/9ml9_HL/d8769/seed1_r0/results/9ml9_hl/seed_0/predictions/9ml9_hl_sample_0.cif,9ml9_HL,seed1_r0,9ml9_hl_sample_0.cif,0.37636
/mnt/data/msadepth/compreps/seedrep_cand/protenix/9ml9_HL/d8769/seed2_r2/results/9ml9_hl/seed_0/predictions/9ml9_hl_sample_2.cif,9ml9_HL,seed2_r2,9ml9_hl_sample_2.cif,0.18325
/mnt/data/msadepth/compreps/seedrep_cand/protenix/9ml9_HL/d8769/seed2_r0/results/9ml9_hl/seed_0/predictions/9ml9_hl_sample_1.cif,9ml9_HL,seed2_r0,9ml9_hl_sample_1.cif,0.23457
/mnt/data/msadepth/compreps/seedrep_cand/protenix/9ml9_HL/d8769/seed2_r1/results/9ml9_hl/seed_0/predictions/9ml9_hl_sample_1.cif,9ml9_HL,seed2_r1,9ml9_hl_sample_1.cif,0.28029
/mnt/data/msadepth/compreps/seedrep_cand/protenix/9ml9_HL/d8769/seed2_r1/results/9ml9_hl/seed_0/predictions/9ml9_hl_sample_4.cif,9ml9_HL,seed2_r1,9ml9_hl_sample_4.cif,0.21811
/mnt/data/msadepth/compreps/seedrep_cand/protenix/9ml9_HL/d8769/seed2_r2/results/9ml9_hl/seed_0/predictions/9ml9_hl_sample_3.cif,9ml9_HL,seed2_r2,9ml9_hl_sample_3.cif,0.24041
/mnt/data/msadepth/compreps/seedrep_cand/protenix/9ml9_HL/d8769/seed2_r0/results/9ml9_hl/seed_0/predictions/9ml9_hl_sample_2.cif,9ml9_HL,seed2_r0,9ml9_hl_sample_2.cif,0.11488
/mnt/data/msadepth/compreps/seedrep_cand/protenix/9ml9_HL/d8769/seed2_r3/results/9ml9_hl/seed_0/predictions/9ml9_hl_sample_2.cif,9ml9_HL,seed2_r3,9ml9_hl_sample_2.cif,0.24197
/mnt/data/msadepth/compreps/seedrep_cand/protenix/9ml9_HL/d8769/seed2_r3/results/9ml9_hl/seed_0/predictions/9ml9_hl_sample_1.cif,9ml9_HL,seed2_r3,9ml9_hl_sample_1.cif,0.24771
/mnt/data/msadepth/compreps/seedrep_cand/protenix/9ml9_HL/d8769/seed2_r3/results/9ml9_hl/seed_0/predictions/9ml9_hl_sample_3.cif,9ml9_HL,seed2_r3,9ml9_hl_sample_3.cif,0.05633
/mnt/data/msadepth/compreps/seedrep_cand/protenix/9ml9_HL/d8769/seed2_r1/results/9ml9_hl/seed_0/predictions/9ml9_hl_sample_2.cif,9ml9_HL,seed2_r1,9ml9_hl_sample_2.cif,0.11569
/mnt/data/msadepth/compreps/seedrep_cand/protenix/9ml9_HL/d8769/seed2_r2/results/9ml9_hl/seed_0/predictions/9ml9_hl_sample_1.cif,9ml9_HL,seed2_r2,9ml9_hl_sample_1.cif,0.25187
/mnt/data/msadepth/compreps/seedrep_cand/protenix/9ml9_HL/d8769/seed2_r2/results/9ml9_hl/seed_0/predictions/9ml9_hl_sample_0.cif,9ml9_HL,seed2_r2,9ml9_hl_sample_0.cif,0.37996
/mnt/data/msadepth/compreps/seedrep_cand/protenix/9ml9_HL/d8769/seed2_r1/results/9ml9_hl/seed_0/predictions/9ml9_hl_sample_0.cif,9ml9_HL,seed2_r1,9ml9_hl_sample_0.cif,0.24011
/mnt/data/msadepth/compreps/seedrep_cand/protenix/9ml9_HL/d8769/seed2_r3/results/9ml9_hl/seed_0/predictions/9ml9_hl_sample_0.cif,9ml9_HL,seed2_r3,9ml9_hl_sample_0.cif,0.19218
/mnt/data/msadepth/compreps/seedrep_cand/protenix/9ml9_HL/d8769/seed2_r0/results/9ml9_hl/seed_0/predictions/9ml9_hl_sample_3.cif,9ml9_HL,seed2_r0,9ml9_hl_sample_3.cif,0.20406
/mnt/data/msadepth/compreps/seedrep_cand/protenix/9ml9_HL/d8769/seed2_r3/results/9ml9_hl/seed_0/predictions/9ml9_hl_sample_4.cif,9ml9_HL,seed2_r3,9ml9_hl_sample_4.cif,0.14525
/mnt/data/msadepth/compreps/seedrep_cand/protenix/9ml9_HL/d8769/seed2_r0/results/9ml9_hl/seed_0/predictions/9ml9_hl_sample_0.cif,9ml9_HL,seed2_r0,9ml9_hl_sample_0.cif,0.16479
/mnt/data/msadepth/compreps/seedrep_cand/protenix/9ml9_HL/d8769/seed2_r1/results/9ml9_hl/seed_0/predictions/9ml9_hl_sample_3.cif,9ml9_HL,seed2_r1,9ml9_hl_sample_3.cif,0.04314
/mnt/data/msadepth/compreps/seedrep_cand/protenix/9ml9_HL/d8769/seed2_r2/results/9ml9_hl/seed_0/predictions/9ml9_hl_sample_4.cif,9ml9_HL,seed2_r2,9ml9_hl_sample_4.cif,0.27336
/mnt/data/msadepth/compreps/seedrep_cand/protenix/9ml9_HL/d8769/seed2_r0/results/9ml9_hl/seed_0/predictions/9ml9_hl_sample_4.cif,9ml9_HL,seed2_r0,9ml9_hl_sample_4.cif,0.29394
/mnt/data/msadepth/compreps/seedrep_cand/protenix/9ml9_HL/d8769/seed3_r1/results/9ml9_hl/seed_0/predictions/9ml9_hl_sample_4.cif,9ml9_HL,seed3_r1,9ml9_hl_sample_4.cif,0.12658
/mnt/data/msadepth/compreps/seedrep_cand/protenix/9ml9_HL/d8769/seed3_r3/results/9ml9_hl/seed_0/predictions/9ml9_hl_sample_4.cif,9ml9_HL,seed3_r3,9ml9_hl_sample_4.cif,0.33535
/mnt/data/msadepth/compreps/seedrep_cand/protenix/9ml9_HL/d8769/seed3_r0/results/9ml9_hl/seed_0/predictions/9ml9_hl_sample_0.cif,9ml9_HL,seed3_r0,9ml9_hl_sample_0.cif,0.07087
/mnt/data/msadepth/compreps/seedrep_cand/protenix/9ml9_HL/d8769/seed3_r3/results/9ml9_hl/seed_0/predictions/9ml9_hl_sample_2.cif,9ml9_HL,seed3_r3,9ml9_hl_sample_2.cif,0.05858
/mnt/data/msadepth/compreps/seedrep_cand/protenix/9ml9_HL/d8769/seed3_r2/results/9ml9_hl/seed_0/predictions/9ml9_hl_sample_3.cif,9ml9_HL,seed3_r2,9ml9_hl_sample_3.cif,0.03448
/mnt/data/msadepth/compreps/seedrep_cand/protenix/9ml9_HL/d8769/seed3_r2/results/9ml9_hl/seed_0/predictions/9ml9_hl_sample_4.cif,9ml9_HL,seed3_r2,9ml9_hl_sample_4.cif,0.08741
/mnt/data/msadepth/compreps/seedrep_cand/protenix/9ml9_HL/d8769/seed3_r0/results/9ml9_hl/seed_0/predictions/9ml9_hl_sample_3.cif,9ml9_HL,seed3_r0,9ml9_hl_sample_3.cif,0.08122
/mnt/data/msadepth/compreps/seedrep_cand/protenix/9ml9_HL/d8769/seed3_r2/results/9ml9_hl/seed_0/predictions/9ml9_hl_sample_0.cif,9ml9_HL,seed3_r2,9ml9_hl_sample_0.cif,0.11663
/mnt/data/msadepth/compreps/seedrep_cand/protenix/9ml9_HL/d8769/seed3_r1/results/9ml9_hl/seed_0/predictions/9ml9_hl_sample_3.cif,9ml9_HL,seed3_r1,9ml9_hl_sample_3.cif,0.06901
/mnt/data/msadepth/compreps/seedrep_cand/protenix/9ml9_HL/d8769/seed3_r0/results/9ml9_hl/seed_0/predictions/9ml9_hl_sample_1.cif,9ml9_HL,seed3_r0,9ml9_hl_sample_1.cif,0.13566
/mnt/data/msadepth/compreps/seedrep_cand/protenix/9ml9_HL/d8769/seed3_r2/results/9ml9_hl/seed_0/predictions/9ml9_hl_sample_2.cif,9ml9_HL,seed3_r2,9ml9_hl_sample_2.cif,0.11288
/mnt/data/msadepth/compreps/seedrep_cand/protenix/9ml9_HL/d8769/seed3_r0/results/9ml9_hl/seed_0/predictions/9ml9_hl_sample_4.cif,9ml9_HL,seed3_r0,9ml9_hl_sample_4.cif,0.22914
/mnt/data/msadepth/compreps/seedrep_cand/protenix/9ml9_HL/d8769/seed3_r3/results/9ml9_hl/seed_0/predictions/9ml9_hl_sample_3.cif,9ml9_HL,seed3_r3,9ml9_hl_sample_3.cif,0.10471
/mnt/data/msadepth/compreps/seedrep_cand/protenix/9ml9_HL/d8769/seed3_r1/results/9ml9_hl/seed_0/predictions/9ml9_hl_sample_2.cif,9ml9_HL,seed3_r1,9ml9_hl_sample_2.cif,0.12859
/mnt/data/msadepth/compreps/seedrep_cand/protenix/9ml9_HL/d8769/seed3_r3/results/9ml9_hl/seed_0/predictions/9ml9_hl_sample_1.cif,9ml9_HL,seed3_r3,9ml9_hl_sample_1.cif,0.09744
/mnt/data/msadepth/compreps/seedrep_cand/protenix/9ml9_HL/d8769/seed3_r2/results/9ml9_hl/seed_0/predictions/9ml9_hl_sample_1.cif,9ml9_HL,seed3_r2,9ml9_hl_sample_1.cif,0.33948
/mnt/data/msadepth/compreps/seedrep_cand/protenix/9ml9_HL/d8769/seed3_r1/results/9ml9_hl/seed_0/predictions/9ml9_hl_sample_1.cif,9ml9_HL,seed3_r1,9ml9_hl_sample_1.cif,0.17807
/mnt/data/msadepth/compreps/seedrep_cand/protenix/9ml9_HL/d8769/seed3_r0/results/9ml9_hl/seed_0/predictions/9ml9_hl_sample_2.cif,9ml9_HL,seed3_r0,9ml9_hl_sample_2.cif,0.0989
/mnt/data/msadepth/compreps/seedrep_cand/protenix/9ml9_HL/d8769/seed3_r3/results/9ml9_hl/seed_0/predictions/9ml9_hl_sample_0.cif,9ml9_HL,seed3_r3,9ml9_hl_sample_0.cif,0.11105
/mnt/data/msadepth/compreps/seedrep_cand/protenix/9ml9_HL/d8769/seed3_r1/results/9ml9_hl/seed_0/predictions/9ml9_hl_sample_0.cif,9ml9_HL,seed3_r1,9ml9_hl_sample_0.cif,0.12707
/mnt/data/msadepth/compreps/seedrep_cand/protenix/9ml9_HL/d8769/seed4_r2/results/9ml9_hl/seed_0/predictions/9ml9_hl_sample_4.cif,9ml9_HL,seed4_r2,9ml9_hl_sample_4.cif,0.22702
/mnt/data/msadepth/compreps/seedrep_cand/protenix/9ml9_HL/d8769/seed4_r3/results/9ml9_hl/seed_0/predictions/9ml9_hl_sample_1.cif,9ml9_HL,seed4_r3,9ml9_hl_sample_1.cif,0.13004
/mnt/data/msadepth/compreps/seedrep_cand/protenix/9ml9_HL/d8769/seed4_r2/results/9ml9_hl/seed_0/predictions/9ml9_hl_sample_2.cif,9ml9_HL,seed4_r2,9ml9_hl_sample_2.cif,0.14531
/mnt/data/msadepth/compreps/seedrep_cand/protenix/9ml9_HL/d8769/seed4_r1/results/9ml9_hl/seed_0/predictions/9ml9_hl_sample_0.cif,9ml9_HL,seed4_r1,9ml9_hl_sample_0.cif,0.07388
/mnt/data/msadepth/compreps/seedrep_cand/protenix/9ml9_HL/d8769/seed4_r0/results/9ml9_hl/seed_0/predictions/9ml9_hl_sample_0.cif,9ml9_HL,seed4_r0,9ml9_hl_sample_0.cif,0.05961
/mnt/data/msadepth/compreps/seedrep_cand/protenix/9ml9_HL/d8769/seed4_r1/results/9ml9_hl/seed_0/predictions/9ml9_hl_sample_1.cif,9ml9_HL,seed4_r1,9ml9_hl_sample_1.cif,0.02941
/mnt/data/msadepth/compreps/seedrep_cand/protenix/9ml9_HL/d8769/seed4_r3/results/9ml9_hl/seed_0/predictions/9ml9_hl_sample_3.cif,9ml9_HL,seed4_r3,9ml9_hl_sample_3.cif,0.06157
/mnt/data/msadepth/compreps/seedrep_cand/protenix/9ml9_HL/d8769/seed4_r1/results/9ml9_hl/seed_0/predictions/9ml9_hl_sample_3.cif,9ml9_HL,seed4_r1,9ml9_hl_sample_3.cif,0.09659
/mnt/data/msadepth/compreps/seedrep_cand/protenix/9ml9_HL/d8769/seed4_r3/results/9ml9_hl/seed_0/predictions/9ml9_hl_sample_4.cif,9ml9_HL,seed4_r3,9ml9_hl_sample_4.cif,0.11725
/mnt/data/msadepth/compreps/seedrep_cand/protenix/9ml9_HL/d8769/seed4_r0/results/9ml9_hl/seed_0/predictions/9ml9_hl_sample_3.cif,9ml9_HL,seed4_r0,9ml9_hl_sample_3.cif,0.08245
/mnt/data/msadepth/compreps/seedrep_cand/protenix/9ml9_HL/d8769/seed4_r2/results/9ml9_hl/seed_0/predictions/9ml9_hl_sample_3.cif,9ml9_HL,seed4_r2,9ml9_hl_sample_3.cif,0.05637
/mnt/data/msadepth/compreps/seedrep_cand/protenix/9ml9_HL/d8769/seed4_r0/results/9ml9_hl/seed_0/predictions/9ml9_hl_sample_1.cif,9ml9_HL,seed4_r0,9ml9_hl_sample_1.cif,0.37685
/mnt/data/msadepth/compreps/seedrep_cand/protenix/9ml9_HL/d8769/seed4_r1/results/9ml9_hl/seed_0/predictions/9ml9_hl_sample_2.cif,9ml9_HL,seed4_r1,9ml9_hl_sample_2.cif,0.12062
/mnt/data/msadepth/compreps/seedrep_cand/protenix/9ml9_HL/d8769/seed4_r2/results/9ml9_hl/seed_0/predictions/9ml9_hl_sample_1.cif,9ml9_HL,seed4_r2,9ml9_hl_sample_1.cif,0.09951
/mnt/data/msadepth/compreps/seedrep_cand/protenix/9ml9_HL/d8769/seed4_r2/results/9ml9_hl/seed_0/predictions/9ml9_hl_sample_0.cif,9ml9_HL,seed4_r2,9ml9_hl_sample_0.cif,0.23478
/mnt/data/msadepth/compreps/seedrep_cand/protenix/9ml9_HL/d8769/seed4_r0/results/9ml9_hl/seed_0/predictions/9ml9_hl_sample_2.cif,9ml9_HL,seed4_r0,9ml9_hl_sample_2.cif,0.08684
/mnt/data/msadepth/compreps/seedrep_cand/protenix/9ml9_HL/d8769/seed4_r3/results/9ml9_hl/seed_0/predictions/9ml9_hl_sample_2.cif,9ml9_HL,seed4_r3,9ml9_hl_sample_2.cif,0.16776
/mnt/data/msadepth/compreps/seedrep_cand/protenix/9ml9_HL/d8769/seed4_r0/results/9ml9_hl/seed_0/predictions/9ml9_hl_sample_4.cif,9ml9_HL,seed4_r0,9ml9_hl_sample_4.cif,0.03757
/mnt/data/msadepth/compreps/seedrep_cand/protenix/9ml9_HL/d8769/seed4_r3/results/9ml9_hl/seed_0/predictions/9ml9_hl_sample_0.cif,9ml9_HL,seed4_r3,9ml9_hl_sample_0.cif,0.21159
/mnt/data/msadepth/compreps/seedrep_cand/protenix/9ml9_HL/d8769/seed4_r1/results/9ml9_hl/seed_0/predictions/9ml9_hl_sample_4.cif,9ml9_HL,seed4_r1,9ml9_hl_sample_4.cif,0.03613
/mnt/data/msadepth/compreps/seedrep_cand/protenix/9ml9_HL/d8769/seed5_r1/results/9ml9_hl/seed_0/predictions/9ml9_hl_sample_0.cif,9ml9_HL,seed5_r1,9ml9_hl_sample_0.cif,0.2074
/mnt/data/msadepth/compreps/seedrep_cand/protenix/9ml9_HL/d8769/seed5_r2/results/9ml9_hl/seed_0/predictions/9ml9_hl_sample_2.cif,9ml9_HL,seed5_r2,9ml9_hl_sample_2.cif,0.04634
/mnt/data/msadepth/compreps/seedrep_cand/protenix/9ml9_HL/d8769/seed5_r2/results/9ml9_hl/seed_0/predictions/9ml9_hl_sample_4.cif,9ml9_HL,seed5_r2,9ml9_hl_sample_4.cif,0.04749
/mnt/data/msadepth/compreps/seedrep_cand/protenix/9ml9_HL/d8769/seed5_r1/results/9ml9_hl/seed_0/predictions/9ml9_hl_sample_2.cif,9ml9_HL,seed5_r1,9ml9_hl_sample_2.cif,0.18985
/mnt/data/msadepth/compreps/seedrep_cand/protenix/9ml9_HL/d8769/seed5_r1/results/9ml9_hl/seed_0/predictions/9ml9_hl_sample_4.cif,9ml9_HL,seed5_r1,9ml9_hl_sample_4.cif,0.03652
/mnt/data/msadepth/compreps/seedrep_cand/protenix/9ml9_HL/d8769/seed5_r1/results/9ml9_hl/seed_0/predictions/9ml9_hl_sample_1.cif,9ml9_HL,seed5_r1,9ml9_hl_sample_1.cif,0.25732
/mnt/data/msadepth/compreps/seedrep_cand/protenix/9ml9_HL/d8769/seed5_r0/results/9ml9_hl/seed_0/predictions/9ml9_hl_sample_2.cif,9ml9_HL,seed5_r0,9ml9_hl_sample_2.cif,0.24278
/mnt/data/msadepth/compreps/seedrep_cand/protenix/9ml9_HL/d8769/seed5_r2/results/9ml9_hl/seed_0/predictions/9ml9_hl_sample_3.cif,9ml9_HL,seed5_r2,9ml9_hl_sample_3.cif,0.14247
/mnt/data/msadepth/compreps/seedrep_cand/protenix/9ml9_HL/d8769/seed5_r0/results/9ml9_hl/seed_0/predictions/9ml9_hl_sample_4.cif,9ml9_HL,seed5_r0,9ml9_hl_sample_4.cif,0.08211
/mnt/data/msadepth/compreps/seedrep_cand/protenix/9ml9_HL/d8769/seed5_r0/results/9ml9_hl/seed_0/predictions/9ml9_hl_sample_1.cif,9ml9_HL,seed5_r0,9ml9_hl_sample_1.cif,0.34345
/mnt/data/msadepth/compreps/seedrep_cand/protenix/9ml9_HL/d8769/seed5_r0/results/9ml9_hl/seed_0/predictions/9ml9_hl_sample_0.cif,9ml9_HL,seed5_r0,9ml9_hl_sample_0.cif,0.3101
/mnt/data/msadepth/compreps/seedrep_cand/protenix/9ml9_HL/d8769/seed5_r3/results/9ml9_hl/seed_0/predictions/9ml9_hl_sample_3.cif,9ml9_HL,seed5_r3,9ml9_hl_sample_3.cif,0.04923
/mnt/data/msadepth/compreps/seedrep_cand/protenix/9ml9_HL/d8769/seed5_r2/results/9ml9_hl/seed_0/predictions/9ml9_hl_sample_0.cif,9ml9_HL,seed5_r2,9ml9_hl_sample_0.cif,0.11083
/mnt/data/msadepth/compreps/seedrep_cand/protenix/9ml9_HL/d8769/seed5_r2/results/9ml9_hl/seed_0/predictions/9ml9_hl_sample_1.cif,9ml9_HL,seed5_r2,9ml9_hl_sample_1.cif,0.16621
/mnt/data/msadepth/compreps/seedrep_cand/protenix/9ml9_HL/d8769/seed5_r3/results/9ml9_hl/seed_0/predictions/9ml9_hl_sample_1.cif,9ml9_HL,seed5_r3,9ml9_hl_sample_1.cif,0.11816
/mnt/data/msadepth/compreps/seedrep_cand/protenix/9ml9_HL/d8769/seed5_r3/results/9ml9_hl/seed_0/predictions/9ml9_hl_sample_0.cif,9ml9_HL,seed5_r3,9ml9_hl_sample_0.cif,0.05544
/mnt/data/msadepth/compreps/seedrep_cand/protenix/9ml9_HL/d8769/seed5_r0/results/9ml9_hl/seed_0/predictions/9ml9_hl_sample_3.cif,9ml9_HL,seed5_r0,9ml9_hl_sample_3.cif,0.18103
/mnt/data/msadepth/compreps/seedrep_cand/protenix/9ml9_HL/d8769/seed5_r1/results/9ml9_hl/seed_0/predictions/9ml9_hl_sample_3.cif,9ml9_HL,seed5_r1,9ml9_hl_sample_3.cif,0.20677
/mnt/data/msadepth/compreps/seedrep_cand/protenix/9ml9_HL/d8769/seed5_r3/results/9ml9_hl/seed_0/predictions/9ml9_hl_sample_4.cif,9ml9_HL,seed5_r3,9ml9_hl_sample_4.cif,0.1476
/mnt/data/msadepth/compreps/seedrep_cand/protenix/9ml9_HL/d8769/seed5_r3/results/9ml9_hl/seed_0/predictions/9ml9_hl_sample_2.cif,9ml9_HL,seed5_r3,9ml9_hl_sample_2.cif,0.18888
/mnt/data/msadepth/compreps/seedrep_cand/protenix/9ml9_HL/d8769/seedfull_r1/results/9ml9_hl/seed_0/predictions/9ml9_hl_sample_3.cif,9ml9_HL,seedfull_r1,9ml9_hl_sample_3.cif,0.11786
/mnt/data/msadepth/compreps/seedrep_cand/protenix/9ml9_HL/d8769/seedfull_r2/results/9ml9_hl/seed_0/predictions/9ml9_hl_sample_1.cif,9ml9_HL,seedfull_r2,9ml9_hl_sample_1.cif,0.08395
/mnt/data/msadepth/compreps/seedrep_cand/protenix/9ml9_HL/d8769/seedfull_r3/results/9ml9_hl/seed_0/predictions/9ml9_hl_sample_2.cif,9ml9_HL,seedfull_r3,9ml9_hl_sample_2.cif,0.34491
/mnt/data/msadepth/compreps/seedrep_cand/protenix/9ml9_HL/d8769/seedfull_r2/results/9ml9_hl/seed_0/predictions/9ml9_hl_sample_3.cif,9ml9_HL,seedfull_r2,9ml9_hl_sample_3.cif,0.17219
/mnt/data/msadepth/compreps/seedrep_cand/protenix/9ml9_HL/d8769/seedfull_r1/results/9ml9_hl/seed_0/predictions/9ml9_hl_sample_0.cif,9ml9_HL,seedfull_r1,9ml9_hl_sample_0.cif,0.04489
/mnt/data/msadepth/compreps/seedrep_cand/protenix/9ml9_HL/d8769/seedfull_r0/results/9ml9_hl/seed_0/predictions/9ml9_hl_sample_4.cif,9ml9_HL,seedfull_r0,9ml9_hl_sample_4.cif,0.07761
/mnt/data/msadepth/compreps/seedrep_cand/protenix/9ml9_HL/d8769/seedfull_r3/results/9ml9_hl/seed_0/predictions/9ml9_hl_sample_1.cif,9ml9_HL,seedfull_r3,9ml9_hl_sample_1.cif,0.18401
/mnt/data/msadepth/compreps/seedrep_cand/protenix/9ml9_HL/d8769/seedfull_r2/results/9ml9_hl/seed_0/predictions/9ml9_hl_sample_4.cif,9ml9_HL,seedfull_r2,9ml9_hl_sample_4.cif,0.20217
/mnt/data/msadepth/compreps/seedrep_cand/protenix/9ml9_HL/d8769/seedfull_r1/results/9ml9_hl/seed_0/predictions/9ml9_hl_sample_4.cif,9ml9_HL,seedfull_r1,9ml9_hl_sample_4.cif,0.13823
/mnt/data/msadepth/compreps/seedrep_cand/protenix/9ml9_HL/d8769/seedfull_r1/results/9ml9_hl/seed_0/predictions/9ml9_hl_sample_1.cif,9ml9_HL,seedfull_r1,9ml9_hl_sample_1.cif,0.23472
/mnt/data/msadepth/compreps/seedrep_cand/protenix/9ml9_HL/d8769/seedfull_r3/results/9ml9_hl/seed_0/predictions/9ml9_hl_sample_3.cif,9ml9_HL,seedfull_r3,9ml9_hl_sample_3.cif,0.16881
/mnt/data/msadepth/compreps/seedrep_cand/protenix/9ml9_HL/d8769/seedfull_r2/results/9ml9_hl/seed_0/predictions/9ml9_hl_sample_2.cif,9ml9_HL,seedfull_r2,9ml9_hl_sample_2.cif,0.04403
/mnt/data/msadepth/compreps/seedrep_cand/protenix/9ml9_HL/d8769/seedfull_r2/results/9ml9_hl/seed_0/predictions/9ml9_hl_sample_0.cif,9ml9_HL,seedfull_r2,9ml9_hl_sample_0.cif,0.13382
/mnt/data/msadepth/compreps/seedrep_cand/protenix/9ml9_HL/d8769/seedfull_r3/results/9ml9_hl/seed_0/predictions/9ml9_hl_sample_4.cif,9ml9_HL,seedfull_r3,9ml9_hl_sample_4.cif,0.17365
/mnt/data/msadepth/compreps/seedrep_cand/protenix/9ml9_HL/d8769/seedfull_r3/results/9ml9_hl/seed_0/predictions/9ml9_hl_sample_0.cif,9ml9_HL,seedfull_r3,9ml9_hl_sample_0.cif,0.412
/mnt/data/msadepth/compreps/seedrep_cand/protenix/9ml9_HL/d8769/seedfull_r1/results/9ml9_hl/seed_0/predictions/9ml9_hl_sample_2.cif,9ml9_HL,seedfull_r1,9ml9_hl_sample_2.cif,0.06592
/mnt/data/msadepth/compreps/seedrep_cand/protenix/9ml9_HL/d8769/seedfull_r0/results/9ml9_hl/seed_0/predictions/9ml9_hl_sample_2.cif,9ml9_HL,seedfull_r0,9ml9_hl_sample_2.cif,0.21555
/mnt/data/msadepth/compreps/seedrep_cand/protenix/9ml9_HL/d8769/seedfull_r0/results/9ml9_hl/seed_0/predictions/9ml9_hl_sample_1.cif,9ml9_HL,seedfull_r0,9ml9_hl_sample_1.cif,0.29379
/mnt/data/msadepth/compreps/seedrep_cand/protenix/9ml9_HL/d8769/seedfull_r0/results/9ml9_hl/seed_0/predictions/9ml9_hl_sample_0.cif,9ml9_HL,seedfull_r0,9ml9_hl_sample_0.cif,0.28562
/mnt/data/msadepth/compreps/seedrep_cand/protenix/9ml9_HL/d8769/seedfull_r0/results/9ml9_hl/seed_0/predictions/9ml9_hl_sample_3.cif,9ml9_HL,seedfull_r0,9ml9_hl_sample_3.cif,0.22365
/mnt/data/msadepth/compreps/seedrep_cand/protenix/9ml9_HL/d8769/seedfull_r6/results/9ml9_hl/seed_0/predictions/9ml9_hl_sample_2.cif,9ml9_HL,seedfull_r6,9ml9_hl_sample_2.cif,0.09288
/mnt/data/msadepth/compreps/seedrep_cand/protenix/9ml9_HL/d8769/seedfull_r4/results/9ml9_hl/seed_0/predictions/9ml9_hl_sample_0.cif,9ml9_HL,seedfull_r4,9ml9_hl_sample_0.cif,0.20087
/mnt/data/msadepth/compreps/seedrep_cand/protenix/9ml9_HL/d8769/seedfull_r5/results/9ml9_hl/seed_0/predictions/9ml9_hl_sample_2.cif,9ml9_HL,seedfull_r5,9ml9_hl_sample_2.cif,0.12675
/mnt/data/msadepth/compreps/seedrep_cand/protenix/9ml9_HL/d8769/seedfull_r4/results/9ml9_hl/seed_0/predictions/9ml9_hl_sample_2.cif,9ml9_HL,seedfull_r4,9ml9_hl_sample_2.cif,0.1636
/mnt/data/msadepth/compreps/seedrep_cand/protenix/9ml9_HL/d8769/seedfull_r6/results/9ml9_hl/seed_0/predictions/9ml9_hl_sample_4.cif,9ml9_HL,seedfull_r6,9ml9_hl_sample_4.cif,0.17196
/mnt/data/msadepth/compreps/seedrep_cand/protenix/9ml9_HL/d8769/seedfull_r7/results/9ml9_hl/seed_0/predictions/9ml9_hl_sample_4.cif,9ml9_HL,seedfull_r7,9ml9_hl_sample_4.cif,0.09473
/mnt/data/msadepth/compreps/seedrep_cand/protenix/9ml9_HL/d8769/seedfull_r5/results/9ml9_hl/seed_0/predictions/9ml9_hl_sample_0.cif,9ml9_HL,seedfull_r5,9ml9_hl_sample_0.cif,0.1237
/mnt/data/msadepth/compreps/seedrep_cand/protenix/9ml9_HL/d8769/seedfull_r5/results/9ml9_hl/seed_0/predictions/9ml9_hl_sample_1.cif,9ml9_HL,seedfull_r5,9ml9_hl_sample_1.cif,0.1362
/mnt/data/msadepth/compreps/seedrep_cand/protenix/9ml9_HL/d8769/seedfull_r4/results/9ml9_hl/seed_0/predictions/9ml9_hl_sample_3.cif,9ml9_HL,seedfull_r4,9ml9_hl_sample_3.cif,0.1713
/mnt/data/msadepth/compreps/seedrep_cand/protenix/9ml9_HL/d8769/seedfull_r5/results/9ml9_hl/seed_0/predictions/9ml9_hl_sample_3.cif,9ml9_HL,seedfull_r5,9ml9_hl_sample_3.cif,0.13598
/mnt/data/msadepth/compreps/seedrep_cand/protenix/9ml9_HL/d8769/seedfull_r7/results/9ml9_hl/seed_0/predictions/9ml9_hl_sample_0.cif,9ml9_HL,seedfull_r7,9ml9_hl_sample_0.cif,0.14073
/mnt/data/msadepth/compreps/seedrep_cand/protenix/9ml9_HL/d8769/seedfull_r6/results/9ml9_hl/seed_0/predictions/9ml9_hl_sample_1.cif,9ml9_HL,seedfull_r6,9ml9_hl_sample_1.cif,0.217
/mnt/data/msadepth/compreps/seedrep_cand/protenix/9ml9_HL/d8769/seedfull_r4/results/9ml9_hl/seed_0/predictions/9ml9_hl_sample_1.cif,9ml9_HL,seedfull_r4,9ml9_hl_sample_1.cif,0.21623
/mnt/data/msadepth/compreps/seedrep_cand/protenix/9ml9_HL/d8769/seedfull_r5/results/9ml9_hl/seed_0/predictions/9ml9_hl_sample_4.cif,9ml9_HL,seedfull_r5,9ml9_hl_sample_4.cif,0.16033
/mnt/data/msadepth/compreps/seedrep_cand/protenix/9ml9_HL/d8769/seedfull_r7/results/9ml9_hl/seed_0/predictions/9ml9_hl_sample_1.cif,9ml9_HL,seedfull_r7,9ml9_hl_sample_1.cif,0.03422
/mnt/data/msadepth/compreps/seedrep_cand/protenix/9ml9_HL/d8769/seedfull_r4/results/9ml9_hl/seed_0/predictions/9ml9_hl_sample_4.cif,9ml9_HL,seedfull_r4,9ml9_hl_sample_4.cif,0.0879
/mnt/data/msadepth/compreps/seedrep_cand/protenix/9ml9_HL/d8769/seedfull_r7/results/9ml9_hl/seed_0/predictions/9ml9_hl_sample_3.cif,9ml9_HL,seedfull_r7,9ml9_hl_sample_3.cif,0.05835
/mnt/data/msadepth/compreps/seedrep_cand/protenix/9ml9_HL/d8769/seedfull_r6/results/9ml9_hl/seed_0/predictions/9ml9_hl_sample_0.cif,9ml9_HL,seedfull_r6,9ml9_hl_sample_0.cif,0.07415
/mnt/data/msadepth/compreps/seedrep_cand/protenix/9ml9_HL/d8769/seedfull_r6/results/9ml9_hl/seed_0/predictions/9ml9_hl_sample_3.cif,9ml9_HL,seedfull_r6,9ml9_hl_sample_3.cif,0.04672
/mnt/data/msadepth/compreps/seedrep_cand/protenix/9ml9_HL/d8769/seedfull_r7/results/9ml9_hl/seed_0/predictions/9ml9_hl_sample_2.cif,9ml9_HL,seedfull_r7,9ml9_hl_sample_2.cif,0.07299
/mnt/data/msadepth/compreps/seedrep_cand/protenix/9mqr_DE/d3538/seed0_r1/results/9mqr_de/seed_0/predictions/9mqr_de_sample_1.cif,9mqr_DE,seed0_r1,9mqr_de_sample_1.cif,0.18166
/mnt/data/msadepth/compreps/seedrep_cand/protenix/9mqr_DE/d3538/seed0_r1/results/9mqr_de/seed_0/predictions/9mqr_de_sample_4.cif,9mqr_DE,seed0_r1,9mqr_de_sample_4.cif,0.25521
/mnt/data/msadepth/compreps/seedrep_cand/protenix/9mqr_DE/d3538/seed0_r2/results/9mqr_de/seed_0/predictions/9mqr_de_sample_2.cif,9mqr_DE,seed0_r2,9mqr_de_sample_2.cif,0.21684
/mnt/data/msadepth/compreps/seedrep_cand/protenix/9mqr_DE/d3538/seed0_r2/results/9mqr_de/seed_0/predictions/9mqr_de_sample_1.cif,9mqr_DE,seed0_r2,9mqr_de_sample_1.cif,0.10963
/mnt/data/msadepth/compreps/seedrep_cand/protenix/9mqr_DE/d3538/seed0_r0/results/9mqr_de/seed_0/predictions/9mqr_de_sample_2.cif,9mqr_DE,seed0_r0,9mqr_de_sample_2.cif,0.1532
/mnt/data/msadepth/compreps/seedrep_cand/protenix/9mqr_DE/d3538/seed0_r1/results/9mqr_de/seed_0/predictions/9mqr_de_sample_3.cif,9mqr_DE,seed0_r1,9mqr_de_sample_3.cif,0.15605
/mnt/data/msadepth/compreps/seedrep_cand/protenix/9mqr_DE/d3538/seed0_r1/results/9mqr_de/seed_0/predictions/9mqr_de_sample_2.cif,9mqr_DE,seed0_r1,9mqr_de_sample_2.cif,0.23833
/mnt/data/msadepth/compreps/seedrep_cand/protenix/9mqr_DE/d3538/seed0_r2/results/9mqr_de/seed_0/predictions/9mqr_de_sample_0.cif,9mqr_DE,seed0_r2,9mqr_de_sample_0.cif,0.26441
/mnt/data/msadepth/compreps/seedrep_cand/protenix/9mqr_DE/d3538/seed0_r0/results/9mqr_de/seed_0/predictions/9mqr_de_sample_4.cif,9mqr_DE,seed0_r0,9mqr_de_sample_4.cif,0.09612
/mnt/data/msadepth/compreps/seedrep_cand/protenix/9mqr_DE/d3538/seed0_r2/results/9mqr_de/seed_0/predictions/9mqr_de_sample_4.cif,9mqr_DE,seed0_r2,9mqr_de_sample_4.cif,0.05378
/mnt/data/msadepth/compreps/seedrep_cand/protenix/9mqr_DE/d3538/seed0_r0/results/9mqr_de/seed_0/predictions/9mqr_de_sample_0.cif,9mqr_DE,seed0_r0,9mqr_de_sample_0.cif,0.09257
/mnt/data/msadepth/compreps/seedrep_cand/protenix/9mqr_DE/d3538/seed0_r3/results/9mqr_de/seed_0/predictions/9mqr_de_sample_2.cif,9mqr_DE,seed0_r3,9mqr_de_sample_2.cif,0.14635
/mnt/data/msadepth/compreps/seedrep_cand/protenix/9mqr_DE/d3538/seed0_r0/results/9mqr_de/seed_0/predictions/9mqr_de_sample_1.cif,9mqr_DE,seed0_r0,9mqr_de_sample_1.cif,0.19918
/mnt/data/msadepth/compreps/seedrep_cand/protenix/9mqr_DE/d3538/seed0_r3/results/9mqr_de/seed_0/predictions/9mqr_de_sample_0.cif,9mqr_DE,seed0_r3,9mqr_de_sample_0.cif,0.13734
/mnt/data/msadepth/compreps/seedrep_cand/protenix/9mqr_DE/d3538/seed0_r3/results/9mqr_de/seed_0/predictions/9mqr_de_sample_3.cif,9mqr_DE,seed0_r3,9mqr_de_sample_3.cif,0.35424
/mnt/data/msadepth/compreps/seedrep_cand/protenix/9mqr_DE/d3538/seed0_r3/results/9mqr_de/seed_0/predictions/9mqr_de_sample_4.cif,9mqr_DE,seed0_r3,9mqr_de_sample_4.cif,0.0823
/mnt/data/msadepth/compreps/seedrep_cand/protenix/9mqr_DE/d3538/seed0_r0/results/9mqr_de/seed_0/predictions/9mqr_de_sample_3.cif,9mqr_DE,seed0_r0,9mqr_de_sample_3.cif,0.20411
/mnt/data/msadepth/compreps/seedrep_cand/protenix/9mqr_DE/d3538/seed0_r3/results/9mqr_de/seed_0/predictions/9mqr_de_sample_1.cif,9mqr_DE,seed0_r3,9mqr_de_sample_1.cif,0.17366
/mnt/data/msadepth/compreps/seedrep_cand/protenix/9mqr_DE/d3538/seed0_r2/results/9mqr_de/seed_0/predictions/9mqr_de_sample_3.cif,9mqr_DE,seed0_r2,9mqr_de_sample_3.cif,0.14271
/mnt/data/msadepth/compreps/seedrep_cand/protenix/9mqr_DE/d3538/seed0_r1/results/9mqr_de/seed_0/predictions/9mqr_de_sample_0.cif,9mqr_DE,seed0_r1,9mqr_de_sample_0.cif,0.2008
/mnt/data/msadepth/compreps/seedrep_cand/protenix/9mqr_DE/d3538/seed1_r1/results/9mqr_de/seed_0/predictions/9mqr_de_sample_4.cif,9mqr_DE,seed1_r1,9mqr_de_sample_4.cif,0.17266
/mnt/data/msadepth/compreps/seedrep_cand/protenix/9mqr_DE/d3538/seed1_r3/results/9mqr_de/seed_0/predictions/9mqr_de_sample_2.cif,9mqr_DE,seed1_r3,9mqr_de_sample_2.cif,0.2716
/mnt/data/msadepth/compreps/seedrep_cand/protenix/9mqr_DE/d3538/seed1_r3/results/9mqr_de/seed_0/predictions/9mqr_de_sample_4.cif,9mqr_DE,seed1_r3,9mqr_de_sample_4.cif,0.16782
/mnt/data/msadepth/compreps/seedrep_cand/protenix/9mqr_DE/d3538/seed1_r3/results/9mqr_de/seed_0/predictions/9mqr_de_sample_0.cif,9mqr_DE,seed1_r3,9mqr_de_sample_0.cif,0.16038
/mnt/data/msadepth/compreps/seedrep_cand/protenix/9mqr_DE/d3538/seed1_r0/results/9mqr_de/seed_0/predictions/9mqr_de_sample_2.cif,9mqr_DE,seed1_r0,9mqr_de_sample_2.cif,0.17232
/mnt/data/msadepth/compreps/seedrep_cand/protenix/9mqr_DE/d3538/seed1_r3/results/9mqr_de/seed_0/predictions/9mqr_de_sample_3.cif,9mqr_DE,seed1_r3,9mqr_de_sample_3.cif,0.10035
/mnt/data/msadepth/compreps/seedrep_cand/protenix/9mqr_DE/d3538/seed1_r1/results/9mqr_de/seed_0/predictions/9mqr_de_sample_2.cif,9mqr_DE,seed1_r1,9mqr_de_sample_2.cif,0.2572
/mnt/data/msadepth/compreps/seedrep_cand/protenix/9mqr_DE/d3538/seed1_r2/results/9mqr_de/seed_0/predictions/9mqr_de_sample_4.cif,9mqr_DE,seed1_r2,9mqr_de_sample_4.cif,0.12563
/mnt/data/msadepth/compreps/seedrep_cand/protenix/9mqr_DE/d3538/seed1_r0/results/9mqr_de/seed_0/predictions/9mqr_de_sample_1.cif,9mqr_DE,seed1_r0,9mqr_de_sample_1.cif,0.21634
/mnt/data/msadepth/compreps/seedrep_cand/protenix/9mqr_DE/d3538/seed1_r3/results/9mqr_de/seed_0/predictions/9mqr_de_sample_1.cif,9mqr_DE,seed1_r3,9mqr_de_sample_1.cif,0.13287
/mnt/data/msadepth/compreps/seedrep_cand/protenix/9mqr_DE/d3538/seed1_r2/results/9mqr_de/seed_0/predictions/9mqr_de_sample_3.cif,9mqr_DE,seed1_r2,9mqr_de_sample_3.cif,0.06643
/mnt/data/msadepth/compreps/seedrep_cand/protenix/9mqr_DE/d3538/seed1_r2/results/9mqr_de/seed_0/predictions/9mqr_de_sample_2.cif,9mqr_DE,seed1_r2,9mqr_de_sample_2.cif,0.13778
/mnt/data/msadepth/compreps/seedrep_cand/protenix/9mqr_DE/d3538/seed1_r1/results/9mqr_de/seed_0/predictions/9mqr_de_sample_1.cif,9mqr_DE,seed1_r1,9mqr_de_sample_1.cif,0.13454
/mnt/data/msadepth/compreps/seedrep_cand/protenix/9mqr_DE/d3538/seed1_r0/results/9mqr_de/seed_0/predictions/9mqr_de_sample_4.cif,9mqr_DE,seed1_r0,9mqr_de_sample_4.cif,0.15392
/mnt/data/msadepth/compreps/seedrep_cand/protenix/9mqr_DE/d3538/seed1_r2/results/9mqr_de/seed_0/predictions/9mqr_de_sample_0.cif,9mqr_DE,seed1_r2,9mqr_de_sample_0.cif,0.18751
/mnt/data/msadepth/compreps/seedrep_cand/protenix/9mqr_DE/d3538/seed1_r1/results/9mqr_de/seed_0/predictions/9mqr_de_sample_3.cif,9mqr_DE,seed1_r1,9mqr_de_sample_3.cif,0.07522
/mnt/data/msadepth/compreps/seedrep_cand/protenix/9mqr_DE/d3538/seed1_r0/results/9mqr_de/seed_0/predictions/9mqr_de_sample_3.cif,9mqr_DE,seed1_r0,9mqr_de_sample_3.cif,0.20633
/mnt/data/msadepth/compreps/seedrep_cand/protenix/9mqr_DE/d3538/seed1_r2/results/9mqr_de/seed_0/predictions/9mqr_de_sample_1.cif,9mqr_DE,seed1_r2,9mqr_de_sample_1.cif,0.17287
/mnt/data/msadepth/compreps/seedrep_cand/protenix/9mqr_DE/d3538/seed1_r1/results/9mqr_de/seed_0/predictions/9mqr_de_sample_0.cif,9mqr_DE,seed1_r1,9mqr_de_sample_0.cif,0.09725
/mnt/data/msadepth/compreps/seedrep_cand/protenix/9mqr_DE/d3538/seed1_r0/results/9mqr_de/seed_0/predictions/9mqr_de_sample_0.cif,9mqr_DE,seed1_r0,9mqr_de_sample_0.cif,0.18218
/mnt/data/msadepth/compreps/seedrep_cand/protenix/9mqr_DE/d3538/seed2_r2/results/9mqr_de/seed_0/predictions/9mqr_de_sample_2.cif,9mqr_DE,seed2_r2,9mqr_de_sample_2.cif,0.0955
/mnt/data/msadepth/compreps/seedrep_cand/protenix/9mqr_DE/d3538/seed2_r0/results/9mqr_de/seed_0/predictions/9mqr_de_sample_1.cif,9mqr_DE,seed2_r0,9mqr_de_sample_1.cif,0.1781
/mnt/data/msadepth/compreps/seedrep_cand/protenix/9mqr_DE/d3538/seed2_r1/results/9mqr_de/seed_0/predictions/9mqr_de_sample_1.cif,9mqr_DE,seed2_r1,9mqr_de_sample_1.cif,0.16532
/mnt/data/msadepth/compreps/seedrep_cand/protenix/9mqr_DE/d3538/seed2_r1/results/9mqr_de/seed_0/predictions/9mqr_de_sample_4.cif,9mqr_DE,seed2_r1,9mqr_de_sample_4.cif,0.20128
/mnt/data/msadepth/compreps/seedrep_cand/protenix/9mqr_DE/d3538/seed2_r2/results/9mqr_de/seed_0/predictions/9mqr_de_sample_3.cif,9mqr_DE,seed2_r2,9mqr_de_sample_3.cif,0.07711
/mnt/data/msadepth/compreps/seedrep_cand/protenix/9mqr_DE/d3538/seed2_r0/results/9mqr_de/seed_0/predictions/9mqr_de_sample_2.cif,9mqr_DE,seed2_r0,9mqr_de_sample_2.cif,0.26168
/mnt/data/msadepth/compreps/seedrep_cand/protenix/9mqr_DE/d3538/seed2_r3/results/9mqr_de/seed_0/predictions/9mqr_de_sample_2.cif,9mqr_DE,seed2_r3,9mqr_de_sample_2.cif,0.15908
/mnt/data/msadepth/compreps/seedrep_cand/protenix/9mqr_DE/d3538/seed2_r3/results/9mqr_de/seed_0/predictions/9mqr_de_sample_1.cif,9mqr_DE,seed2_r3,9mqr_de_sample_1.cif,0.07772
/mnt/data/msadepth/compreps/seedrep_cand/protenix/9mqr_DE/d3538/seed2_r3/results/9mqr_de/seed_0/predictions/9mqr_de_sample_3.cif,9mqr_DE,seed2_r3,9mqr_de_sample_3.cif,0.11644
/mnt/data/msadepth/compreps/seedrep_cand/protenix/9mqr_DE/d3538/seed2_r1/results/9mqr_de/seed_0/predictions/9mqr_de_sample_2.cif,9mqr_DE,seed2_r1,9mqr_de_sample_2.cif,0.03227
/mnt/data/msadepth/compreps/seedrep_cand/protenix/9mqr_DE/d3538/seed2_r2/results/9mqr_de/seed_0/predictions/9mqr_de_sample_1.cif,9mqr_DE,seed2_r2,9mqr_de_sample_1.cif,0.12493
/mnt/data/msadepth/compreps/seedrep_cand/protenix/9mqr_DE/d3538/seed2_r2/results/9mqr_de/seed_0/predictions/9mqr_de_sample_0.cif,9mqr_DE,seed2_r2,9mqr_de_sample_0.cif,0.069
/mnt/data/msadepth/compreps/seedrep_cand/protenix/9mqr_DE/d3538/seed2_r1/results/9mqr_de/seed_0/predictions/9mqr_de_sample_0.cif,9mqr_DE,seed2_r1,9mqr_de_sample_0.cif,0.07411
/mnt/data/msadepth/compreps/seedrep_cand/protenix/9mqr_DE/d3538/seed2_r3/results/9mqr_de/seed_0/predictions/9mqr_de_sample_0.cif,9mqr_DE,seed2_r3,9mqr_de_sample_0.cif,0.13901
/mnt/data/msadepth/compreps/seedrep_cand/protenix/9mqr_DE/d3538/seed2_r0/results/9mqr_de/seed_0/predictions/9mqr_de_sample_3.cif,9mqr_DE,seed2_r0,9mqr_de_sample_3.cif,0.14662
/mnt/data/msadepth/compreps/seedrep_cand/protenix/9mqr_DE/d3538/seed2_r3/results/9mqr_de/seed_0/predictions/9mqr_de_sample_4.cif,9mqr_DE,seed2_r3,9mqr_de_sample_4.cif,0.3368
/mnt/data/msadepth/compreps/seedrep_cand/protenix/9mqr_DE/d3538/seed2_r0/results/9mqr_de/seed_0/predictions/9mqr_de_sample_0.cif,9mqr_DE,seed2_r0,9mqr_de_sample_0.cif,0.13669
/mnt/data/msadepth/compreps/seedrep_cand/protenix/9mqr_DE/d3538/seed2_r1/results/9mqr_de/seed_0/predictions/9mqr_de_sample_3.cif,9mqr_DE,seed2_r1,9mqr_de_sample_3.cif,0.1424
/mnt/data/msadepth/compreps/seedrep_cand/protenix/9mqr_DE/d3538/seed2_r2/results/9mqr_de/seed_0/predictions/9mqr_de_sample_4.cif,9mqr_DE,seed2_r2,9mqr_de_sample_4.cif,0.09362
/mnt/data/msadepth/compreps/seedrep_cand/protenix/9mqr_DE/d3538/seed2_r0/results/9mqr_de/seed_0/predictions/9mqr_de_sample_4.cif,9mqr_DE,seed2_r0,9mqr_de_sample_4.cif,0.16663
/mnt/data/msadepth/compreps/seedrep_cand/protenix/9mqr_DE/d3538/seed3_r1/results/9mqr_de/seed_0/predictions/9mqr_de_sample_4.cif,9mqr_DE,seed3_r1,9mqr_de_sample_4.cif,0.05581
/mnt/data/msadepth/compreps/seedrep_cand/protenix/9mqr_DE/d3538/seed3_r3/results/9mqr_de/seed_0/predictions/9mqr_de_sample_4.cif,9mqr_DE,seed3_r3,9mqr_de_sample_4.cif,0.17037
/mnt/data/msadepth/compreps/seedrep_cand/protenix/9mqr_DE/d3538/seed3_r0/results/9mqr_de/seed_0/predictions/9mqr_de_sample_0.cif,9mqr_DE,seed3_r0,9mqr_de_sample_0.cif,0.15001
/mnt/data/msadepth/compreps/seedrep_cand/protenix/9mqr_DE/d3538/seed3_r3/results/9mqr_de/seed_0/predictions/9mqr_de_sample_2.cif,9mqr_DE,seed3_r3,9mqr_de_sample_2.cif,0.15705
/mnt/data/msadepth/compreps/seedrep_cand/protenix/9mqr_DE/d3538/seed3_r2/results/9mqr_de/seed_0/predictions/9mqr_de_sample_3.cif,9mqr_DE,seed3_r2,9mqr_de_sample_3.cif,0.14231
/mnt/data/msadepth/compreps/seedrep_cand/protenix/9mqr_DE/d3538/seed3_r2/results/9mqr_de/seed_0/predictions/9mqr_de_sample_4.cif,9mqr_DE,seed3_r2,9mqr_de_sample_4.cif,0.17273
/mnt/data/msadepth/compreps/seedrep_cand/protenix/9mqr_DE/d3538/seed3_r0/results/9mqr_de/seed_0/predictions/9mqr_de_sample_3.cif,9mqr_DE,seed3_r0,9mqr_de_sample_3.cif,0.09201
/mnt/data/msadepth/compreps/seedrep_cand/protenix/9mqr_DE/d3538/seed3_r2/results/9mqr_de/seed_0/predictions/9mqr_de_sample_0.cif,9mqr_DE,seed3_r2,9mqr_de_sample_0.cif,0.18907
/mnt/data/msadepth/compreps/seedrep_cand/protenix/9mqr_DE/d3538/seed3_r1/results/9mqr_de/seed_0/predictions/9mqr_de_sample_3.cif,9mqr_DE,seed3_r1,9mqr_de_sample_3.cif,0.13455
/mnt/data/msadepth/compreps/seedrep_cand/protenix/9mqr_DE/d3538/seed3_r0/results/9mqr_de/seed_0/predictions/9mqr_de_sample_1.cif,9mqr_DE,seed3_r0,9mqr_de_sample_1.cif,0.12275
/mnt/data/msadepth/compreps/seedrep_cand/protenix/9mqr_DE/d3538/seed3_r2/results/9mqr_de/seed_0/predictions/9mqr_de_sample_2.cif,9mqr_DE,seed3_r2,9mqr_de_sample_2.cif,0.08166
/mnt/data/msadepth/compreps/seedrep_cand/protenix/9mqr_DE/d3538/seed3_r0/results/9mqr_de/seed_0/predictions/9mqr_de_sample_4.cif,9mqr_DE,seed3_r0,9mqr_de_sample_4.cif,0.04391
/mnt/data/msadepth/compreps/seedrep_cand/protenix/9mqr_DE/d3538/seed3_r3/results/9mqr_de/seed_0/predictions/9mqr_de_sample_3.cif,9mqr_DE,seed3_r3,9mqr_de_sample_3.cif,0.26428
/mnt/data/msadepth/compreps/seedrep_cand/protenix/9mqr_DE/d3538/seed3_r1/results/9mqr_de/seed_0/predictions/9mqr_de_sample_2.cif,9mqr_DE,seed3_r1,9mqr_de_sample_2.cif,0.07465
/mnt/data/msadepth/compreps/seedrep_cand/protenix/9mqr_DE/d3538/seed3_r3/results/9mqr_de/seed_0/predictions/9mqr_de_sample_1.cif,9mqr_DE,seed3_r3,9mqr_de_sample_1.cif,0.25427
/mnt/data/msadepth/compreps/seedrep_cand/protenix/9mqr_DE/d3538/seed3_r2/results/9mqr_de/seed_0/predictions/9mqr_de_sample_1.cif,9mqr_DE,seed3_r2,9mqr_de_sample_1.cif,0.15327
/mnt/data/msadepth/compreps/seedrep_cand/protenix/9mqr_DE/d3538/seed3_r1/results/9mqr_de/seed_0/predictions/9mqr_de_sample_1.cif,9mqr_DE,seed3_r1,9mqr_de_sample_1.cif,0.13698
/mnt/data/msadepth/compreps/seedrep_cand/protenix/9mqr_DE/d3538/seed3_r0/results/9mqr_de/seed_0/predictions/9mqr_de_sample_2.cif,9mqr_DE,seed3_r0,9mqr_de_sample_2.cif,0.1943
/mnt/data/msadepth/compreps/seedrep_cand/protenix/9mqr_DE/d3538/seed3_r3/results/9mqr_de/seed_0/predictions/9mqr_de_sample_0.cif,9mqr_DE,seed3_r3,9mqr_de_sample_0.cif,0.08358
/mnt/data/msadepth/compreps/seedrep_cand/protenix/9mqr_DE/d3538/seed3_r1/results/9mqr_de/seed_0/predictions/9mqr_de_sample_0.cif,9mqr_DE,seed3_r1,9mqr_de_sample_0.cif,0.19015
/mnt/data/msadepth/compreps/seedrep_cand/protenix/9mqr_DE/d3538/seed4_r2/results/9mqr_de/seed_0/predictions/9mqr_de_sample_4.cif,9mqr_DE,seed4_r2,9mqr_de_sample_4.cif,0.14896
/mnt/data/msadepth/compreps/seedrep_cand/protenix/9mqr_DE/d3538/seed4_r3/results/9mqr_de/seed_0/predictions/9mqr_de_sample_1.cif,9mqr_DE,seed4_r3,9mqr_de_sample_1.cif,0.24167
/mnt/data/msadepth/compreps/seedrep_cand/protenix/9mqr_DE/d3538/seed4_r2/results/9mqr_de/seed_0/predictions/9mqr_de_sample_2.cif,9mqr_DE,seed4_r2,9mqr_de_sample_2.cif,0.16093
/mnt/data/msadepth/compreps/seedrep_cand/protenix/9mqr_DE/d3538/seed4_r1/results/9mqr_de/seed_0/predictions/9mqr_de_sample_0.cif,9mqr_DE,seed4_r1,9mqr_de_sample_0.cif,0.1916
/mnt/data/msadepth/compreps/seedrep_cand/protenix/9mqr_DE/d3538/seed4_r0/results/9mqr_de/seed_0/predictions/9mqr_de_sample_0.cif,9mqr_DE,seed4_r0,9mqr_de_sample_0.cif,0.2
/mnt/data/msadepth/compreps/seedrep_cand/protenix/9mqr_DE/d3538/seed4_r1/results/9mqr_de/seed_0/predictions/9mqr_de_sample_1.cif,9mqr_DE,seed4_r1,9mqr_de_sample_1.cif,0.12571
/mnt/data/msadepth/compreps/seedrep_cand/protenix/9mqr_DE/d3538/seed4_r3/results/9mqr_de/seed_0/predictions/9mqr_de_sample_3.cif,9mqr_DE,seed4_r3,9mqr_de_sample_3.cif,0.15261
/mnt/data/msadepth/compreps/seedrep_cand/protenix/9mqr_DE/d3538/seed4_r1/results/9mqr_de/seed_0/predictions/9mqr_de_sample_3.cif,9mqr_DE,seed4_r1,9mqr_de_sample_3.cif,0.22462
/mnt/data/msadepth/compreps/seedrep_cand/protenix/9mqr_DE/d3538/seed4_r3/results/9mqr_de/seed_0/predictions/9mqr_de_sample_4.cif,9mqr_DE,seed4_r3,9mqr_de_sample_4.cif,0.19067
/mnt/data/msadepth/compreps/seedrep_cand/protenix/9mqr_DE/d3538/seed4_r0/results/9mqr_de/seed_0/predictions/9mqr_de_sample_3.cif,9mqr_DE,seed4_r0,9mqr_de_sample_3.cif,0.21772
/mnt/data/msadepth/compreps/seedrep_cand/protenix/9mqr_DE/d3538/seed4_r2/results/9mqr_de/seed_0/predictions/9mqr_de_sample_3.cif,9mqr_DE,seed4_r2,9mqr_de_sample_3.cif,0.27259
/mnt/data/msadepth/compreps/seedrep_cand/protenix/9mqr_DE/d3538/seed4_r0/results/9mqr_de/seed_0/predictions/9mqr_de_sample_1.cif,9mqr_DE,seed4_r0,9mqr_de_sample_1.cif,0.15553
/mnt/data/msadepth/compreps/seedrep_cand/protenix/9mqr_DE/d3538/seed4_r1/results/9mqr_de/seed_0/predictions/9mqr_de_sample_2.cif,9mqr_DE,seed4_r1,9mqr_de_sample_2.cif,0.16061
/mnt/data/msadepth/compreps/seedrep_cand/protenix/9mqr_DE/d3538/seed4_r2/results/9mqr_de/seed_0/predictions/9mqr_de_sample_1.cif,9mqr_DE,seed4_r2,9mqr_de_sample_1.cif,0.2672
/mnt/data/msadepth/compreps/seedrep_cand/protenix/9mqr_DE/d3538/seed4_r2/results/9mqr_de/seed_0/predictions/9mqr_de_sample_0.cif,9mqr_DE,seed4_r2,9mqr_de_sample_0.cif,0.10784
/mnt/data/msadepth/compreps/seedrep_cand/protenix/9mqr_DE/d3538/seed4_r0/results/9mqr_de/seed_0/predictions/9mqr_de_sample_2.cif,9mqr_DE,seed4_r0,9mqr_de_sample_2.cif,0.20229
/mnt/data/msadepth/compreps/seedrep_cand/protenix/9mqr_DE/d3538/seed4_r3/results/9mqr_de/seed_0/predictions/9mqr_de_sample_2.cif,9mqr_DE,seed4_r3,9mqr_de_sample_2.cif,0.1071
/mnt/data/msadepth/compreps/seedrep_cand/protenix/9mqr_DE/d3538/seed4_r0/results/9mqr_de/seed_0/predictions/9mqr_de_sample_4.cif,9mqr_DE,seed4_r0,9mqr_de_sample_4.cif,0.11839
/mnt/data/msadepth/compreps/seedrep_cand/protenix/9mqr_DE/d3538/seed4_r3/results/9mqr_de/seed_0/predictions/9mqr_de_sample_0.cif,9mqr_DE,seed4_r3,9mqr_de_sample_0.cif,0.16132
/mnt/data/msadepth/compreps/seedrep_cand/protenix/9mqr_DE/d3538/seed4_r1/results/9mqr_de/seed_0/predictions/9mqr_de_sample_4.cif,9mqr_DE,seed4_r1,9mqr_de_sample_4.cif,0.12177
/mnt/data/msadepth/compreps/seedrep_cand/protenix/9mqr_DE/d3538/seed5_r1/results/9mqr_de/seed_0/predictions/9mqr_de_sample_0.cif,9mqr_DE,seed5_r1,9mqr_de_sample_0.cif,0.09667
/mnt/data/msadepth/compreps/seedrep_cand/protenix/9mqr_DE/d3538/seed5_r2/results/9mqr_de/seed_0/predictions/9mqr_de_sample_2.cif,9mqr_DE,seed5_r2,9mqr_de_sample_2.cif,0.21956
/mnt/data/msadepth/compreps/seedrep_cand/protenix/9mqr_DE/d3538/seed5_r2/results/9mqr_de/seed_0/predictions/9mqr_de_sample_4.cif,9mqr_DE,seed5_r2,9mqr_de_sample_4.cif,0.21878
/mnt/data/msadepth/compreps/seedrep_cand/protenix/9mqr_DE/d3538/seed5_r1/results/9mqr_de/seed_0/predictions/9mqr_de_sample_2.cif,9mqr_DE,seed5_r1,9mqr_de_sample_2.cif,0.08648
/mnt/data/msadepth/compreps/seedrep_cand/protenix/9mqr_DE/d3538/seed5_r1/results/9mqr_de/seed_0/predictions/9mqr_de_sample_4.cif,9mqr_DE,seed5_r1,9mqr_de_sample_4.cif,0.2091
/mnt/data/msadepth/compreps/seedrep_cand/protenix/9mqr_DE/d3538/seed5_r1/results/9mqr_de/seed_0/predictions/9mqr_de_sample_1.cif,9mqr_DE,seed5_r1,9mqr_de_sample_1.cif,0.20291
/mnt/data/msadepth/compreps/seedrep_cand/protenix/9mqr_DE/d3538/seed5_r0/results/9mqr_de/seed_0/predictions/9mqr_de_sample_2.cif,9mqr_DE,seed5_r0,9mqr_de_sample_2.cif,0.2403
/mnt/data/msadepth/compreps/seedrep_cand/protenix/9mqr_DE/d3538/seed5_r2/results/9mqr_de/seed_0/predictions/9mqr_de_sample_3.cif,9mqr_DE,seed5_r2,9mqr_de_sample_3.cif,0.1256
/mnt/data/msadepth/compreps/seedrep_cand/protenix/9mqr_DE/d3538/seed5_r0/results/9mqr_de/seed_0/predictions/9mqr_de_sample_4.cif,9mqr_DE,seed5_r0,9mqr_de_sample_4.cif,0.23764
/mnt/data/msadepth/compreps/seedrep_cand/protenix/9mqr_DE/d3538/seed5_r0/results/9mqr_de/seed_0/predictions/9mqr_de_sample_1.cif,9mqr_DE,seed5_r0,9mqr_de_sample_1.cif,0.14102
/mnt/data/msadepth/compreps/seedrep_cand/protenix/9mqr_DE/d3538/seed5_r0/results/9mqr_de/seed_0/predictions/9mqr_de_sample_0.cif,9mqr_DE,seed5_r0,9mqr_de_sample_0.cif,0.1045
/mnt/data/msadepth/compreps/seedrep_cand/protenix/9mqr_DE/d3538/seed5_r3/results/9mqr_de/seed_0/predictions/9mqr_de_sample_3.cif,9mqr_DE,seed5_r3,9mqr_de_sample_3.cif,0.09847
/mnt/data/msadepth/compreps/seedrep_cand/protenix/9mqr_DE/d3538/seed5_r2/results/9mqr_de/seed_0/predictions/9mqr_de_sample_0.cif,9mqr_DE,seed5_r2,9mqr_de_sample_0.cif,0.08064
/mnt/data/msadepth/compreps/seedrep_cand/protenix/9mqr_DE/d3538/seed5_r2/results/9mqr_de/seed_0/predictions/9mqr_de_sample_1.cif,9mqr_DE,seed5_r2,9mqr_de_sample_1.cif,0.11532
/mnt/data/msadepth/compreps/seedrep_cand/protenix/9mqr_DE/d3538/seed5_r3/results/9mqr_de/seed_0/predictions/9mqr_de_sample_1.cif,9mqr_DE,seed5_r3,9mqr_de_sample_1.cif,0.12987
/mnt/data/msadepth/compreps/seedrep_cand/protenix/9mqr_DE/d3538/seed5_r3/results/9mqr_de/seed_0/predictions/9mqr_de_sample_0.cif,9mqr_DE,seed5_r3,9mqr_de_sample_0.cif,0.10819
/mnt/data/msadepth/compreps/seedrep_cand/protenix/9mqr_DE/d3538/seed5_r0/results/9mqr_de/seed_0/predictions/9mqr_de_sample_3.cif,9mqr_DE,seed5_r0,9mqr_de_sample_3.cif,0.11263
/mnt/data/msadepth/compreps/seedrep_cand/protenix/9mqr_DE/d3538/seed5_r1/results/9mqr_de/seed_0/predictions/9mqr_de_sample_3.cif,9mqr_DE,seed5_r1,9mqr_de_sample_3.cif,0.14176
/mnt/data/msadepth/compreps/seedrep_cand/protenix/9mqr_DE/d3538/seed5_r3/results/9mqr_de/seed_0/predictions/9mqr_de_sample_4.cif,9mqr_DE,seed5_r3,9mqr_de_sample_4.cif,0.21755
/mnt/data/msadepth/compreps/seedrep_cand/protenix/9mqr_DE/d3538/seed5_r3/results/9mqr_de/seed_0/predictions/9mqr_de_sample_2.cif,9mqr_DE,seed5_r3,9mqr_de_sample_2.cif,0.23993
/mnt/data/msadepth/compreps/seedrep_cand/protenix/9mqr_DE/d3538/seedfull_r1/results/9mqr_de/seed_0/predictions/9mqr_de_sample_3.cif,9mqr_DE,seedfull_r1,9mqr_de_sample_3.cif,0.14381
/mnt/data/msadepth/compreps/seedrep_cand/protenix/9mqr_DE/d3538/seedfull_r2/results/9mqr_de/seed_0/predictions/9mqr_de_sample_1.cif,9mqr_DE,seedfull_r2,9mqr_de_sample_1.cif,0.08554
/mnt/data/msadepth/compreps/seedrep_cand/protenix/9mqr_DE/d3538/seedfull_r3/results/9mqr_de/seed_0/predictions/9mqr_de_sample_2.cif,9mqr_DE,seedfull_r3,9mqr_de_sample_2.cif,0.11414
/mnt/data/msadepth/compreps/seedrep_cand/protenix/9mqr_DE/d3538/seedfull_r2/results/9mqr_de/seed_0/predictions/9mqr_de_sample_3.cif,9mqr_DE,seedfull_r2,9mqr_de_sample_3.cif,0.15253
/mnt/data/msadepth/compreps/seedrep_cand/protenix/9mqr_DE/d3538/seedfull_r1/results/9mqr_de/seed_0/predictions/9mqr_de_sample_0.cif,9mqr_DE,seedfull_r1,9mqr_de_sample_0.cif,0.08612
/mnt/data/msadepth/compreps/seedrep_cand/protenix/9mqr_DE/d3538/seedfull_r0/results/9mqr_de/seed_0/predictions/9mqr_de_sample_4.cif,9mqr_DE,seedfull_r0,9mqr_de_sample_4.cif,0.13715
/mnt/data/msadepth/compreps/seedrep_cand/protenix/9mqr_DE/d3538/seedfull_r3/results/9mqr_de/seed_0/predictions/9mqr_de_sample_1.cif,9mqr_DE,seedfull_r3,9mqr_de_sample_1.cif,0.20269
/mnt/data/msadepth/compreps/seedrep_cand/protenix/9mqr_DE/d3538/seedfull_r2/results/9mqr_de/seed_0/predictions/9mqr_de_sample_4.cif,9mqr_DE,seedfull_r2,9mqr_de_sample_4.cif,0.20495
/mnt/data/msadepth/compreps/seedrep_cand/protenix/9mqr_DE/d3538/seedfull_r1/results/9mqr_de/seed_0/predictions/9mqr_de_sample_4.cif,9mqr_DE,seedfull_r1,9mqr_de_sample_4.cif,0.20591
/mnt/data/msadepth/compreps/seedrep_cand/protenix/9mqr_DE/d3538/seedfull_r1/results/9mqr_de/seed_0/predictions/9mqr_de_sample_1.cif,9mqr_DE,seedfull_r1,9mqr_de_sample_1.cif,0.17352
/mnt/data/msadepth/compreps/seedrep_cand/protenix/9mqr_DE/d3538/seedfull_r3/results/9mqr_de/seed_0/predictions/9mqr_de_sample_3.cif,9mqr_DE,seedfull_r3,9mqr_de_sample_3.cif,0.03333
/mnt/data/msadepth/compreps/seedrep_cand/protenix/9mqr_DE/d3538/seedfull_r2/results/9mqr_de/seed_0/predictions/9mqr_de_sample_2.cif,9mqr_DE,seedfull_r2,9mqr_de_sample_2.cif,0.1181
/mnt/data/msadepth/compreps/seedrep_cand/protenix/9mqr_DE/d3538/seedfull_r2/results/9mqr_de/seed_0/predictions/9mqr_de_sample_0.cif,9mqr_DE,seedfull_r2,9mqr_de_sample_0.cif,0.11791
/mnt/data/msadepth/compreps/seedrep_cand/protenix/9mqr_DE/d3538/seedfull_r3/results/9mqr_de/seed_0/predictions/9mqr_de_sample_4.cif,9mqr_DE,seedfull_r3,9mqr_de_sample_4.cif,0.22339
/mnt/data/msadepth/compreps/seedrep_cand/protenix/9mqr_DE/d3538/seedfull_r3/results/9mqr_de/seed_0/predictions/9mqr_de_sample_0.cif,9mqr_DE,seedfull_r3,9mqr_de_sample_0.cif,0.06795
/mnt/data/msadepth/compreps/seedrep_cand/protenix/9mqr_DE/d3538/seedfull_r1/results/9mqr_de/seed_0/predictions/9mqr_de_sample_2.cif,9mqr_DE,seedfull_r1,9mqr_de_sample_2.cif,0.09466
/mnt/data/msadepth/compreps/seedrep_cand/protenix/9mqr_DE/d3538/seedfull_r0/results/9mqr_de/seed_0/predictions/9mqr_de_sample_2.cif,9mqr_DE,seedfull_r0,9mqr_de_sample_2.cif,0.14163
/mnt/data/msadepth/compreps/seedrep_cand/protenix/9mqr_DE/d3538/seedfull_r0/results/9mqr_de/seed_0/predictions/9mqr_de_sample_1.cif,9mqr_DE,seedfull_r0,9mqr_de_sample_1.cif,0.14611
/mnt/data/msadepth/compreps/seedrep_cand/protenix/9mqr_DE/d3538/seedfull_r0/results/9mqr_de/seed_0/predictions/9mqr_de_sample_0.cif,9mqr_DE,seedfull_r0,9mqr_de_sample_0.cif,0.05234
/mnt/data/msadepth/compreps/seedrep_cand/protenix/9mqr_DE/d3538/seedfull_r0/results/9mqr_de/seed_0/predictions/9mqr_de_sample_3.cif,9mqr_DE,seedfull_r0,9mqr_de_sample_3.cif,0.11905
/mnt/data/msadepth/compreps/seedrep_cand/protenix/9mqr_DE/d3538/seedfull_r6/results/9mqr_de/seed_0/predictions/9mqr_de_sample_2.cif,9mqr_DE,seedfull_r6,9mqr_de_sample_2.cif,0.22292
/mnt/data/msadepth/compreps/seedrep_cand/protenix/9mqr_DE/d3538/seedfull_r4/results/9mqr_de/seed_0/predictions/9mqr_de_sample_0.cif,9mqr_DE,seedfull_r4,9mqr_de_sample_0.cif,0.06581
/mnt/data/msadepth/compreps/seedrep_cand/protenix/9mqr_DE/d3538/seedfull_r5/results/9mqr_de/seed_0/predictions/9mqr_de_sample_2.cif,9mqr_DE,seedfull_r5,9mqr_de_sample_2.cif,0.05852
/mnt/data/msadepth/compreps/seedrep_cand/protenix/9mqr_DE/d3538/seedfull_r4/results/9mqr_de/seed_0/predictions/9mqr_de_sample_2.cif,9mqr_DE,seedfull_r4,9mqr_de_sample_2.cif,0.09631
/mnt/data/msadepth/compreps/seedrep_cand/protenix/9mqr_DE/d3538/seedfull_r6/results/9mqr_de/seed_0/predictions/9mqr_de_sample_4.cif,9mqr_DE,seedfull_r6,9mqr_de_sample_4.cif,0.13528
/mnt/data/msadepth/compreps/seedrep_cand/protenix/9mqr_DE/d3538/seedfull_r7/results/9mqr_de/seed_0/predictions/9mqr_de_sample_4.cif,9mqr_DE,seedfull_r7,9mqr_de_sample_4.cif,0.28312
/mnt/data/msadepth/compreps/seedrep_cand/protenix/9mqr_DE/d3538/seedfull_r5/results/9mqr_de/seed_0/predictions/9mqr_de_sample_0.cif,9mqr_DE,seedfull_r5,9mqr_de_sample_0.cif,0.04335
/mnt/data/msadepth/compreps/seedrep_cand/protenix/9mqr_DE/d3538/seedfull_r5/results/9mqr_de/seed_0/predictions/9mqr_de_sample_1.cif,9mqr_DE,seedfull_r5,9mqr_de_sample_1.cif,0.14414
/mnt/data/msadepth/compreps/seedrep_cand/protenix/9mqr_DE/d3538/seedfull_r4/results/9mqr_de/seed_0/predictions/9mqr_de_sample_3.cif,9mqr_DE,seedfull_r4,9mqr_de_sample_3.cif,0.22218
/mnt/data/msadepth/compreps/seedrep_cand/protenix/9mqr_DE/d3538/seedfull_r5/results/9mqr_de/seed_0/predictions/9mqr_de_sample_3.cif,9mqr_DE,seedfull_r5,9mqr_de_sample_3.cif,0.1218
/mnt/data/msadepth/compreps/seedrep_cand/protenix/9mqr_DE/d3538/seedfull_r7/results/9mqr_de/seed_0/predictions/9mqr_de_sample_0.cif,9mqr_DE,seedfull_r7,9mqr_de_sample_0.cif,0.0513
/mnt/data/msadepth/compreps/seedrep_cand/protenix/9mqr_DE/d3538/seedfull_r6/results/9mqr_de/seed_0/predictions/9mqr_de_sample_1.cif,9mqr_DE,seedfull_r6,9mqr_de_sample_1.cif,0.10649
/mnt/data/msadepth/compreps/seedrep_cand/protenix/9mqr_DE/d3538/seedfull_r4/results/9mqr_de/seed_0/predictions/9mqr_de_sample_1.cif,9mqr_DE,seedfull_r4,9mqr_de_sample_1.cif,0.13847
/mnt/data/msadepth/compreps/seedrep_cand/protenix/9mqr_DE/d3538/seedfull_r5/results/9mqr_de/seed_0/predictions/9mqr_de_sample_4.cif,9mqr_DE,seedfull_r5,9mqr_de_sample_4.cif,0.19294
/mnt/data/msadepth/compreps/seedrep_cand/protenix/9mqr_DE/d3538/seedfull_r7/results/9mqr_de/seed_0/predictions/9mqr_de_sample_1.cif,9mqr_DE,seedfull_r7,9mqr_de_sample_1.cif,0.19523
/mnt/data/msadepth/compreps/seedrep_cand/protenix/9mqr_DE/d3538/seedfull_r4/results/9mqr_de/seed_0/predictions/9mqr_de_sample_4.cif,9mqr_DE,seedfull_r4,9mqr_de_sample_4.cif,0.20916
/mnt/data/msadepth/compreps/seedrep_cand/protenix/9mqr_DE/d3538/seedfull_r7/results/9mqr_de/seed_0/predictions/9mqr_de_sample_3.cif,9mqr_DE,seedfull_r7,9mqr_de_sample_3.cif,0.21506
/mnt/data/msadepth/compreps/seedrep_cand/protenix/9mqr_DE/d3538/seedfull_r6/results/9mqr_de/seed_0/predictions/9mqr_de_sample_0.cif,9mqr_DE,seedfull_r6,9mqr_de_sample_0.cif,0.07431
/mnt/data/msadepth/compreps/seedrep_cand/protenix/9mqr_DE/d3538/seedfull_r6/results/9mqr_de/seed_0/predictions/9mqr_de_sample_3.cif,9mqr_DE,seedfull_r6,9mqr_de_sample_3.cif,0.03081
/mnt/data/msadepth/compreps/seedrep_cand/protenix/9mqr_DE/d3538/seedfull_r7/results/9mqr_de/seed_0/predictions/9mqr_de_sample_2.cif,9mqr_DE,seedfull_r7,9mqr_de_sample_2.cif,0.04884
/mnt/data/msadepth/compreps/seedrep_cand/protenix/9w43_AB/d51/seed0_r1/results/9w43_ab/seed_0/predictions/9w43_ab_sample_1.cif,9w43_AB,seed0_r1,9w43_ab_sample_1.cif,0.03134
/mnt/data/msadepth/compreps/seedrep_cand/protenix/9w43_AB/d51/seed0_r1/results/9w43_ab/seed_0/predictions/9w43_ab_sample_4.cif,9w43_AB,seed0_r1,9w43_ab_sample_4.cif,0.11392
/mnt/data/msadepth/compreps/seedrep_cand/protenix/9w43_AB/d51/seed0_r2/results/9w43_ab/seed_0/predictions/9w43_ab_sample_2.cif,9w43_AB,seed0_r2,9w43_ab_sample_2.cif,0.0676
/mnt/data/msadepth/compreps/seedrep_cand/protenix/9w43_AB/d51/seed0_r2/results/9w43_ab/seed_0/predictions/9w43_ab_sample_1.cif,9w43_AB,seed0_r2,9w43_ab_sample_1.cif,0.20062
/mnt/data/msadepth/compreps/seedrep_cand/protenix/9w43_AB/d51/seed0_r0/results/9w43_ab/seed_0/predictions/9w43_ab_sample_2.cif,9w43_AB,seed0_r0,9w43_ab_sample_2.cif,0.12728
/mnt/data/msadepth/compreps/seedrep_cand/protenix/9w43_AB/d51/seed0_r1/results/9w43_ab/seed_0/predictions/9w43_ab_sample_3.cif,9w43_AB,seed0_r1,9w43_ab_sample_3.cif,0.04148
/mnt/data/msadepth/compreps/seedrep_cand/protenix/9w43_AB/d51/seed0_r1/results/9w43_ab/seed_0/predictions/9w43_ab_sample_2.cif,9w43_AB,seed0_r1,9w43_ab_sample_2.cif,0.07612
/mnt/data/msadepth/compreps/seedrep_cand/protenix/9w43_AB/d51/seed0_r2/results/9w43_ab/seed_0/predictions/9w43_ab_sample_0.cif,9w43_AB,seed0_r2,9w43_ab_sample_0.cif,0.03866
/mnt/data/msadepth/compreps/seedrep_cand/protenix/9w43_AB/d51/seed0_r0/results/9w43_ab/seed_0/predictions/9w43_ab_sample_4.cif,9w43_AB,seed0_r0,9w43_ab_sample_4.cif,0.12086
/mnt/data/msadepth/compreps/seedrep_cand/protenix/9w43_AB/d51/seed0_r2/results/9w43_ab/seed_0/predictions/9w43_ab_sample_4.cif,9w43_AB,seed0_r2,9w43_ab_sample_4.cif,0.06759
/mnt/data/msadepth/compreps/seedrep_cand/protenix/9w43_AB/d51/seed0_r0/results/9w43_ab/seed_0/predictions/9w43_ab_sample_0.cif,9w43_AB,seed0_r0,9w43_ab_sample_0.cif,0.07125
/mnt/data/msadepth/compreps/seedrep_cand/protenix/9w43_AB/d51/seed0_r3/results/9w43_ab/seed_0/predictions/9w43_ab_sample_2.cif,9w43_AB,seed0_r3,9w43_ab_sample_2.cif,0.02922
/mnt/data/msadepth/compreps/seedrep_cand/protenix/9w43_AB/d51/seed0_r0/results/9w43_ab/seed_0/predictions/9w43_ab_sample_1.cif,9w43_AB,seed0_r0,9w43_ab_sample_1.cif,0.04706
/mnt/data/msadepth/compreps/seedrep_cand/protenix/9w43_AB/d51/seed0_r3/results/9w43_ab/seed_0/predictions/9w43_ab_sample_0.cif,9w43_AB,seed0_r3,9w43_ab_sample_0.cif,0.07706
/mnt/data/msadepth/compreps/seedrep_cand/protenix/9w43_AB/d51/seed0_r3/results/9w43_ab/seed_0/predictions/9w43_ab_sample_3.cif,9w43_AB,seed0_r3,9w43_ab_sample_3.cif,0.03103
/mnt/data/msadepth/compreps/seedrep_cand/protenix/9w43_AB/d51/seed0_r3/results/9w43_ab/seed_0/predictions/9w43_ab_sample_4.cif,9w43_AB,seed0_r3,9w43_ab_sample_4.cif,0.08391
/mnt/data/msadepth/compreps/seedrep_cand/protenix/9w43_AB/d51/seed0_r0/results/9w43_ab/seed_0/predictions/9w43_ab_sample_3.cif,9w43_AB,seed0_r0,9w43_ab_sample_3.cif,0.03821
/mnt/data/msadepth/compreps/seedrep_cand/protenix/9w43_AB/d51/seed0_r3/results/9w43_ab/seed_0/predictions/9w43_ab_sample_1.cif,9w43_AB,seed0_r3,9w43_ab_sample_1.cif,0.04904
/mnt/data/msadepth/compreps/seedrep_cand/protenix/9w43_AB/d51/seed0_r2/results/9w43_ab/seed_0/predictions/9w43_ab_sample_3.cif,9w43_AB,seed0_r2,9w43_ab_sample_3.cif,0.05755
/mnt/data/msadepth/compreps/seedrep_cand/protenix/9w43_AB/d51/seed0_r1/results/9w43_ab/seed_0/predictions/9w43_ab_sample_0.cif,9w43_AB,seed0_r1,9w43_ab_sample_0.cif,0.04085
/mnt/data/msadepth/compreps/seedrep_cand/protenix/9w43_AB/d51/seed1_r1/results/9w43_ab/seed_0/predictions/9w43_ab_sample_4.cif,9w43_AB,seed1_r1,9w43_ab_sample_4.cif,0.10304
/mnt/data/msadepth/compreps/seedrep_cand/protenix/9w43_AB/d51/seed1_r3/results/9w43_ab/seed_0/predictions/9w43_ab_sample_2.cif,9w43_AB,seed1_r3,9w43_ab_sample_2.cif,0.0859
/mnt/data/msadepth/compreps/seedrep_cand/protenix/9w43_AB/d51/seed1_r3/results/9w43_ab/seed_0/predictions/9w43_ab_sample_4.cif,9w43_AB,seed1_r3,9w43_ab_sample_4.cif,0.22698
/mnt/data/msadepth/compreps/seedrep_cand/protenix/9w43_AB/d51/seed1_r3/results/9w43_ab/seed_0/predictions/9w43_ab_sample_0.cif,9w43_AB,seed1_r3,9w43_ab_sample_0.cif,0.05638
/mnt/data/msadepth/compreps/seedrep_cand/protenix/9w43_AB/d51/seed1_r0/results/9w43_ab/seed_0/predictions/9w43_ab_sample_2.cif,9w43_AB,seed1_r0,9w43_ab_sample_2.cif,0.057
/mnt/data/msadepth/compreps/seedrep_cand/protenix/9w43_AB/d51/seed1_r3/results/9w43_ab/seed_0/predictions/9w43_ab_sample_3.cif,9w43_AB,seed1_r3,9w43_ab_sample_3.cif,0.05995
/mnt/data/msadepth/compreps/seedrep_cand/protenix/9w43_AB/d51/seed1_r1/results/9w43_ab/seed_0/predictions/9w43_ab_sample_2.cif,9w43_AB,seed1_r1,9w43_ab_sample_2.cif,0.17434
/mnt/data/msadepth/compreps/seedrep_cand/protenix/9w43_AB/d51/seed1_r2/results/9w43_ab/seed_0/predictions/9w43_ab_sample_4.cif,9w43_AB,seed1_r2,9w43_ab_sample_4.cif,0.03074
/mnt/data/msadepth/compreps/seedrep_cand/protenix/9w43_AB/d51/seed1_r0/results/9w43_ab/seed_0/predictions/9w43_ab_sample_1.cif,9w43_AB,seed1_r0,9w43_ab_sample_1.cif,0.0324
/mnt/data/msadepth/compreps/seedrep_cand/protenix/9w43_AB/d51/seed1_r3/results/9w43_ab/seed_0/predictions/9w43_ab_sample_1.cif,9w43_AB,seed1_r3,9w43_ab_sample_1.cif,0.07145
/mnt/data/msadepth/compreps/seedrep_cand/protenix/9w43_AB/d51/seed1_r2/results/9w43_ab/seed_0/predictions/9w43_ab_sample_3.cif,9w43_AB,seed1_r2,9w43_ab_sample_3.cif,0.04581
/mnt/data/msadepth/compreps/seedrep_cand/protenix/9w43_AB/d51/seed1_r2/results/9w43_ab/seed_0/predictions/9w43_ab_sample_2.cif,9w43_AB,seed1_r2,9w43_ab_sample_2.cif,0.09383
/mnt/data/msadepth/compreps/seedrep_cand/protenix/9w43_AB/d51/seed1_r1/results/9w43_ab/seed_0/predictions/9w43_ab_sample_1.cif,9w43_AB,seed1_r1,9w43_ab_sample_1.cif,0.03743
/mnt/data/msadepth/compreps/seedrep_cand/protenix/9w43_AB/d51/seed1_r0/results/9w43_ab/seed_0/predictions/9w43_ab_sample_4.cif,9w43_AB,seed1_r0,9w43_ab_sample_4.cif,0.03986
/mnt/data/msadepth/compreps/seedrep_cand/protenix/9w43_AB/d51/seed1_r2/results/9w43_ab/seed_0/predictions/9w43_ab_sample_0.cif,9w43_AB,seed1_r2,9w43_ab_sample_0.cif,0.22227
/mnt/data/msadepth/compreps/seedrep_cand/protenix/9w43_AB/d51/seed1_r1/results/9w43_ab/seed_0/predictions/9w43_ab_sample_3.cif,9w43_AB,seed1_r1,9w43_ab_sample_3.cif,0.02338
/mnt/data/msadepth/compreps/seedrep_cand/protenix/9w43_AB/d51/seed1_r0/results/9w43_ab/seed_0/predictions/9w43_ab_sample_3.cif,9w43_AB,seed1_r0,9w43_ab_sample_3.cif,0.07747
/mnt/data/msadepth/compreps/seedrep_cand/protenix/9w43_AB/d51/seed1_r2/results/9w43_ab/seed_0/predictions/9w43_ab_sample_1.cif,9w43_AB,seed1_r2,9w43_ab_sample_1.cif,0.02793
/mnt/data/msadepth/compreps/seedrep_cand/protenix/9w43_AB/d51/seed1_r1/results/9w43_ab/seed_0/predictions/9w43_ab_sample_0.cif,9w43_AB,seed1_r1,9w43_ab_sample_0.cif,0.02656
/mnt/data/msadepth/compreps/seedrep_cand/protenix/9w43_AB/d51/seed1_r0/results/9w43_ab/seed_0/predictions/9w43_ab_sample_0.cif,9w43_AB,seed1_r0,9w43_ab_sample_0.cif,0.10369
/mnt/data/msadepth/compreps/seedrep_cand/protenix/9w43_AB/d51/seed2_r2/results/9w43_ab/seed_0/predictions/9w43_ab_sample_2.cif,9w43_AB,seed2_r2,9w43_ab_sample_2.cif,0.11698
/mnt/data/msadepth/compreps/seedrep_cand/protenix/9w43_AB/d51/seed2_r0/results/9w43_ab/seed_0/predictions/9w43_ab_sample_1.cif,9w43_AB,seed2_r0,9w43_ab_sample_1.cif,0.34798
/mnt/data/msadepth/compreps/seedrep_cand/protenix/9w43_AB/d51/seed2_r1/results/9w43_ab/seed_0/predictions/9w43_ab_sample_1.cif,9w43_AB,seed2_r1,9w43_ab_sample_1.cif,0.05823
/mnt/data/msadepth/compreps/seedrep_cand/protenix/9w43_AB/d51/seed2_r1/results/9w43_ab/seed_0/predictions/9w43_ab_sample_4.cif,9w43_AB,seed2_r1,9w43_ab_sample_4.cif,0.04186
/mnt/data/msadepth/compreps/seedrep_cand/protenix/9w43_AB/d51/seed2_r2/results/9w43_ab/seed_0/predictions/9w43_ab_sample_3.cif,9w43_AB,seed2_r2,9w43_ab_sample_3.cif,0.18431
/mnt/data/msadepth/compreps/seedrep_cand/protenix/9w43_AB/d51/seed2_r0/results/9w43_ab/seed_0/predictions/9w43_ab_sample_2.cif,9w43_AB,seed2_r0,9w43_ab_sample_2.cif,0.30003
/mnt/data/msadepth/compreps/seedrep_cand/protenix/9w43_AB/d51/seed2_r3/results/9w43_ab/seed_0/predictions/9w43_ab_sample_2.cif,9w43_AB,seed2_r3,9w43_ab_sample_2.cif,0.0703
/mnt/data/msadepth/compreps/seedrep_cand/protenix/9w43_AB/d51/seed2_r3/results/9w43_ab/seed_0/predictions/9w43_ab_sample_1.cif,9w43_AB,seed2_r3,9w43_ab_sample_1.cif,0.08669
/mnt/data/msadepth/compreps/seedrep_cand/protenix/9w43_AB/d51/seed2_r3/results/9w43_ab/seed_0/predictions/9w43_ab_sample_3.cif,9w43_AB,seed2_r3,9w43_ab_sample_3.cif,0.17607
/mnt/data/msadepth/compreps/seedrep_cand/protenix/9w43_AB/d51/seed2_r1/results/9w43_ab/seed_0/predictions/9w43_ab_sample_2.cif,9w43_AB,seed2_r1,9w43_ab_sample_2.cif,0.05765
/mnt/data/msadepth/compreps/seedrep_cand/protenix/9w43_AB/d51/seed2_r2/results/9w43_ab/seed_0/predictions/9w43_ab_sample_1.cif,9w43_AB,seed2_r2,9w43_ab_sample_1.cif,0.16396
/mnt/data/msadepth/compreps/seedrep_cand/protenix/9w43_AB/d51/seed2_r2/results/9w43_ab/seed_0/predictions/9w43_ab_sample_0.cif,9w43_AB,seed2_r2,9w43_ab_sample_0.cif,0.05574
/mnt/data/msadepth/compreps/seedrep_cand/protenix/9w43_AB/d51/seed2_r1/results/9w43_ab/seed_0/predictions/9w43_ab_sample_0.cif,9w43_AB,seed2_r1,9w43_ab_sample_0.cif,0.06029
/mnt/data/msadepth/compreps/seedrep_cand/protenix/9w43_AB/d51/seed2_r3/results/9w43_ab/seed_0/predictions/9w43_ab_sample_0.cif,9w43_AB,seed2_r3,9w43_ab_sample_0.cif,0.05964
/mnt/data/msadepth/compreps/seedrep_cand/protenix/9w43_AB/d51/seed2_r0/results/9w43_ab/seed_0/predictions/9w43_ab_sample_3.cif,9w43_AB,seed2_r0,9w43_ab_sample_3.cif,0.2725
/mnt/data/msadepth/compreps/seedrep_cand/protenix/9w43_AB/d51/seed2_r3/results/9w43_ab/seed_0/predictions/9w43_ab_sample_4.cif,9w43_AB,seed2_r3,9w43_ab_sample_4.cif,0.0732
/mnt/data/msadepth/compreps/seedrep_cand/protenix/9w43_AB/d51/seed2_r0/results/9w43_ab/seed_0/predictions/9w43_ab_sample_0.cif,9w43_AB,seed2_r0,9w43_ab_sample_0.cif,0.35264
/mnt/data/msadepth/compreps/seedrep_cand/protenix/9w43_AB/d51/seed2_r1/results/9w43_ab/seed_0/predictions/9w43_ab_sample_3.cif,9w43_AB,seed2_r1,9w43_ab_sample_3.cif,0.14028
/mnt/data/msadepth/compreps/seedrep_cand/protenix/9w43_AB/d51/seed2_r2/results/9w43_ab/seed_0/predictions/9w43_ab_sample_4.cif,9w43_AB,seed2_r2,9w43_ab_sample_4.cif,0.07975
/mnt/data/msadepth/compreps/seedrep_cand/protenix/9w43_AB/d51/seed2_r0/results/9w43_ab/seed_0/predictions/9w43_ab_sample_4.cif,9w43_AB,seed2_r0,9w43_ab_sample_4.cif,0.21246
/mnt/data/msadepth/compreps/seedrep_cand/protenix/9w43_AB/d51/seed3_r1/results/9w43_ab/seed_0/predictions/9w43_ab_sample_4.cif,9w43_AB,seed3_r1,9w43_ab_sample_4.cif,0.04913
/mnt/data/msadepth/compreps/seedrep_cand/protenix/9w43_AB/d51/seed3_r3/results/9w43_ab/seed_0/predictions/9w43_ab_sample_4.cif,9w43_AB,seed3_r3,9w43_ab_sample_4.cif,0.17358
/mnt/data/msadepth/compreps/seedrep_cand/protenix/9w43_AB/d51/seed3_r0/results/9w43_ab/seed_0/predictions/9w43_ab_sample_0.cif,9w43_AB,seed3_r0,9w43_ab_sample_0.cif,0.26423
/mnt/data/msadepth/compreps/seedrep_cand/protenix/9w43_AB/d51/seed3_r3/results/9w43_ab/seed_0/predictions/9w43_ab_sample_2.cif,9w43_AB,seed3_r3,9w43_ab_sample_2.cif,0.19525
/mnt/data/msadepth/compreps/seedrep_cand/protenix/9w43_AB/d51/seed3_r2/results/9w43_ab/seed_0/predictions/9w43_ab_sample_3.cif,9w43_AB,seed3_r2,9w43_ab_sample_3.cif,0.18178
/mnt/data/msadepth/compreps/seedrep_cand/protenix/9w43_AB/d51/seed3_r2/results/9w43_ab/seed_0/predictions/9w43_ab_sample_4.cif,9w43_AB,seed3_r2,9w43_ab_sample_4.cif,0.28723
/mnt/data/msadepth/compreps/seedrep_cand/protenix/9w43_AB/d51/seed3_r0/results/9w43_ab/seed_0/predictions/9w43_ab_sample_3.cif,9w43_AB,seed3_r0,9w43_ab_sample_3.cif,0.18906
/mnt/data/msadepth/compreps/seedrep_cand/protenix/9w43_AB/d51/seed3_r2/results/9w43_ab/seed_0/predictions/9w43_ab_sample_0.cif,9w43_AB,seed3_r2,9w43_ab_sample_0.cif,0.25203
/mnt/data/msadepth/compreps/seedrep_cand/protenix/9w43_AB/d51/seed3_r1/results/9w43_ab/seed_0/predictions/9w43_ab_sample_3.cif,9w43_AB,seed3_r1,9w43_ab_sample_3.cif,0.04514
/mnt/data/msadepth/compreps/seedrep_cand/protenix/9w43_AB/d51/seed3_r0/results/9w43_ab/seed_0/predictions/9w43_ab_sample_1.cif,9w43_AB,seed3_r0,9w43_ab_sample_1.cif,0.1681
/mnt/data/msadepth/compreps/seedrep_cand/protenix/9w43_AB/d51/seed3_r2/results/9w43_ab/seed_0/predictions/9w43_ab_sample_2.cif,9w43_AB,seed3_r2,9w43_ab_sample_2.cif,0.21349
/mnt/data/msadepth/compreps/seedrep_cand/protenix/9w43_AB/d51/seed3_r0/results/9w43_ab/seed_0/predictions/9w43_ab_sample_4.cif,9w43_AB,seed3_r0,9w43_ab_sample_4.cif,0.08215
/mnt/data/msadepth/compreps/seedrep_cand/protenix/9w43_AB/d51/seed3_r3/results/9w43_ab/seed_0/predictions/9w43_ab_sample_3.cif,9w43_AB,seed3_r3,9w43_ab_sample_3.cif,0.28198
/mnt/data/msadepth/compreps/seedrep_cand/protenix/9w43_AB/d51/seed3_r1/results/9w43_ab/seed_0/predictions/9w43_ab_sample_2.cif,9w43_AB,seed3_r1,9w43_ab_sample_2.cif,0.08297
/mnt/data/msadepth/compreps/seedrep_cand/protenix/9w43_AB/d51/seed3_r3/results/9w43_ab/seed_0/predictions/9w43_ab_sample_1.cif,9w43_AB,seed3_r3,9w43_ab_sample_1.cif,0.16825
/mnt/data/msadepth/compreps/seedrep_cand/protenix/9w43_AB/d51/seed3_r2/results/9w43_ab/seed_0/predictions/9w43_ab_sample_1.cif,9w43_AB,seed3_r2,9w43_ab_sample_1.cif,0.22548
/mnt/data/msadepth/compreps/seedrep_cand/protenix/9w43_AB/d51/seed3_r1/results/9w43_ab/seed_0/predictions/9w43_ab_sample_1.cif,9w43_AB,seed3_r1,9w43_ab_sample_1.cif,0.05312
/mnt/data/msadepth/compreps/seedrep_cand/protenix/9w43_AB/d51/seed3_r0/results/9w43_ab/seed_0/predictions/9w43_ab_sample_2.cif,9w43_AB,seed3_r0,9w43_ab_sample_2.cif,0.35946
/mnt/data/msadepth/compreps/seedrep_cand/protenix/9w43_AB/d51/seed3_r3/results/9w43_ab/seed_0/predictions/9w43_ab_sample_0.cif,9w43_AB,seed3_r3,9w43_ab_sample_0.cif,0.35526
/mnt/data/msadepth/compreps/seedrep_cand/protenix/9w43_AB/d51/seed3_r1/results/9w43_ab/seed_0/predictions/9w43_ab_sample_0.cif,9w43_AB,seed3_r1,9w43_ab_sample_0.cif,0.22171
/mnt/data/msadepth/compreps/seedrep_cand/protenix/9w43_AB/d51/seed4_r2/results/9w43_ab/seed_0/predictions/9w43_ab_sample_4.cif,9w43_AB,seed4_r2,9w43_ab_sample_4.cif,0.281
/mnt/data/msadepth/compreps/seedrep_cand/protenix/9w43_AB/d51/seed4_r3/results/9w43_ab/seed_0/predictions/9w43_ab_sample_1.cif,9w43_AB,seed4_r3,9w43_ab_sample_1.cif,0.32223
/mnt/data/msadepth/compreps/seedrep_cand/protenix/9w43_AB/d51/seed4_r2/results/9w43_ab/seed_0/predictions/9w43_ab_sample_2.cif,9w43_AB,seed4_r2,9w43_ab_sample_2.cif,0.24286
/mnt/data/msadepth/compreps/seedrep_cand/protenix/9w43_AB/d51/seed4_r1/results/9w43_ab/seed_0/predictions/9w43_ab_sample_0.cif,9w43_AB,seed4_r1,9w43_ab_sample_0.cif,0.43043
/mnt/data/msadepth/compreps/seedrep_cand/protenix/9w43_AB/d51/seed4_r0/results/9w43_ab/seed_0/predictions/9w43_ab_sample_0.cif,9w43_AB,seed4_r0,9w43_ab_sample_0.cif,0.03144
/mnt/data/msadepth/compreps/seedrep_cand/protenix/9w43_AB/d51/seed4_r1/results/9w43_ab/seed_0/predictions/9w43_ab_sample_1.cif,9w43_AB,seed4_r1,9w43_ab_sample_1.cif,0.53311
/mnt/data/msadepth/compreps/seedrep_cand/protenix/9w43_AB/d51/seed4_r3/results/9w43_ab/seed_0/predictions/9w43_ab_sample_3.cif,9w43_AB,seed4_r3,9w43_ab_sample_3.cif,0.10813
/mnt/data/msadepth/compreps/seedrep_cand/protenix/9w43_AB/d51/seed4_r1/results/9w43_ab/seed_0/predictions/9w43_ab_sample_3.cif,9w43_AB,seed4_r1,9w43_ab_sample_3.cif,0.56988
/mnt/data/msadepth/compreps/seedrep_cand/protenix/9w43_AB/d51/seed4_r3/results/9w43_ab/seed_0/predictions/9w43_ab_sample_4.cif,9w43_AB,seed4_r3,9w43_ab_sample_4.cif,0.28908
/mnt/data/msadepth/compreps/seedrep_cand/protenix/9w43_AB/d51/seed4_r0/results/9w43_ab/seed_0/predictions/9w43_ab_sample_3.cif,9w43_AB,seed4_r0,9w43_ab_sample_3.cif,0.13294
/mnt/data/msadepth/compreps/seedrep_cand/protenix/9w43_AB/d51/seed4_r2/results/9w43_ab/seed_0/predictions/9w43_ab_sample_3.cif,9w43_AB,seed4_r2,9w43_ab_sample_3.cif,0.14394
/mnt/data/msadepth/compreps/seedrep_cand/protenix/9w43_AB/d51/seed4_r0/results/9w43_ab/seed_0/predictions/9w43_ab_sample_1.cif,9w43_AB,seed4_r0,9w43_ab_sample_1.cif,0.1972
/mnt/data/msadepth/compreps/seedrep_cand/protenix/9w43_AB/d51/seed4_r1/results/9w43_ab/seed_0/predictions/9w43_ab_sample_2.cif,9w43_AB,seed4_r1,9w43_ab_sample_2.cif,0.46596
/mnt/data/msadepth/compreps/seedrep_cand/protenix/9w43_AB/d51/seed4_r2/results/9w43_ab/seed_0/predictions/9w43_ab_sample_1.cif,9w43_AB,seed4_r2,9w43_ab_sample_1.cif,0.12506
/mnt/data/msadepth/compreps/seedrep_cand/protenix/9w43_AB/d51/seed4_r2/results/9w43_ab/seed_0/predictions/9w43_ab_sample_0.cif,9w43_AB,seed4_r2,9w43_ab_sample_0.cif,0.03639
/mnt/data/msadepth/compreps/seedrep_cand/protenix/9w43_AB/d51/seed4_r0/results/9w43_ab/seed_0/predictions/9w43_ab_sample_2.cif,9w43_AB,seed4_r0,9w43_ab_sample_2.cif,0.05998
/mnt/data/msadepth/compreps/seedrep_cand/protenix/9w43_AB/d51/seed4_r3/results/9w43_ab/seed_0/predictions/9w43_ab_sample_2.cif,9w43_AB,seed4_r3,9w43_ab_sample_2.cif,0.13763
/mnt/data/msadepth/compreps/seedrep_cand/protenix/9w43_AB/d51/seed4_r0/results/9w43_ab/seed_0/predictions/9w43_ab_sample_4.cif,9w43_AB,seed4_r0,9w43_ab_sample_4.cif,0.16018
/mnt/data/msadepth/compreps/seedrep_cand/protenix/9w43_AB/d51/seed4_r3/results/9w43_ab/seed_0/predictions/9w43_ab_sample_0.cif,9w43_AB,seed4_r3,9w43_ab_sample_0.cif,0.10834
/mnt/data/msadepth/compreps/seedrep_cand/protenix/9w43_AB/d51/seed4_r1/results/9w43_ab/seed_0/predictions/9w43_ab_sample_4.cif,9w43_AB,seed4_r1,9w43_ab_sample_4.cif,0.09732
/mnt/data/msadepth/compreps/seedrep_cand/protenix/9w43_AB/d51/seed5_r1/results/9w43_ab/seed_0/predictions/9w43_ab_sample_0.cif,9w43_AB,seed5_r1,9w43_ab_sample_0.cif,0.05252
/mnt/data/msadepth/compreps/seedrep_cand/protenix/9w43_AB/d51/seed5_r2/results/9w43_ab/seed_0/predictions/9w43_ab_sample_2.cif,9w43_AB,seed5_r2,9w43_ab_sample_2.cif,0.06395
/mnt/data/msadepth/compreps/seedrep_cand/protenix/9w43_AB/d51/seed5_r2/results/9w43_ab/seed_0/predictions/9w43_ab_sample_4.cif,9w43_AB,seed5_r2,9w43_ab_sample_4.cif,0.06867
/mnt/data/msadepth/compreps/seedrep_cand/protenix/9w43_AB/d51/seed5_r1/results/9w43_ab/seed_0/predictions/9w43_ab_sample_2.cif,9w43_AB,seed5_r1,9w43_ab_sample_2.cif,0.05405
/mnt/data/msadepth/compreps/seedrep_cand/protenix/9w43_AB/d51/seed5_r1/results/9w43_ab/seed_0/predictions/9w43_ab_sample_4.cif,9w43_AB,seed5_r1,9w43_ab_sample_4.cif,0.16403
/mnt/data/msadepth/compreps/seedrep_cand/protenix/9w43_AB/d51/seed5_r1/results/9w43_ab/seed_0/predictions/9w43_ab_sample_1.cif,9w43_AB,seed5_r1,9w43_ab_sample_1.cif,0.02944
/mnt/data/msadepth/compreps/seedrep_cand/protenix/9w43_AB/d51/seed5_r0/results/9w43_ab/seed_0/predictions/9w43_ab_sample_2.cif,9w43_AB,seed5_r0,9w43_ab_sample_2.cif,0.06589
/mnt/data/msadepth/compreps/seedrep_cand/protenix/9w43_AB/d51/seed5_r2/results/9w43_ab/seed_0/predictions/9w43_ab_sample_3.cif,9w43_AB,seed5_r2,9w43_ab_sample_3.cif,0.14645
/mnt/data/msadepth/compreps/seedrep_cand/protenix/9w43_AB/d51/seed5_r0/results/9w43_ab/seed_0/predictions/9w43_ab_sample_4.cif,9w43_AB,seed5_r0,9w43_ab_sample_4.cif,0.14392
/mnt/data/msadepth/compreps/seedrep_cand/protenix/9w43_AB/d51/seed5_r0/results/9w43_ab/seed_0/predictions/9w43_ab_sample_1.cif,9w43_AB,seed5_r0,9w43_ab_sample_1.cif,0.17421
/mnt/data/msadepth/compreps/seedrep_cand/protenix/9w43_AB/d51/seed5_r0/results/9w43_ab/seed_0/predictions/9w43_ab_sample_0.cif,9w43_AB,seed5_r0,9w43_ab_sample_0.cif,0.02737
/mnt/data/msadepth/compreps/seedrep_cand/protenix/9w43_AB/d51/seed5_r3/results/9w43_ab/seed_0/predictions/9w43_ab_sample_3.cif,9w43_AB,seed5_r3,9w43_ab_sample_3.cif,0.08038
/mnt/data/msadepth/compreps/seedrep_cand/protenix/9w43_AB/d51/seed5_r2/results/9w43_ab/seed_0/predictions/9w43_ab_sample_0.cif,9w43_AB,seed5_r2,9w43_ab_sample_0.cif,0.03111
/mnt/data/msadepth/compreps/seedrep_cand/protenix/9w43_AB/d51/seed5_r2/results/9w43_ab/seed_0/predictions/9w43_ab_sample_1.cif,9w43_AB,seed5_r2,9w43_ab_sample_1.cif,0.15779
/mnt/data/msadepth/compreps/seedrep_cand/protenix/9w43_AB/d51/seed5_r3/results/9w43_ab/seed_0/predictions/9w43_ab_sample_1.cif,9w43_AB,seed5_r3,9w43_ab_sample_1.cif,0.06163
/mnt/data/msadepth/compreps/seedrep_cand/protenix/9w43_AB/d51/seed5_r3/results/9w43_ab/seed_0/predictions/9w43_ab_sample_0.cif,9w43_AB,seed5_r3,9w43_ab_sample_0.cif,0.0496
/mnt/data/msadepth/compreps/seedrep_cand/protenix/9w43_AB/d51/seed5_r0/results/9w43_ab/seed_0/predictions/9w43_ab_sample_3.cif,9w43_AB,seed5_r0,9w43_ab_sample_3.cif,0.22427
/mnt/data/msadepth/compreps/seedrep_cand/protenix/9w43_AB/d51/seed5_r1/results/9w43_ab/seed_0/predictions/9w43_ab_sample_3.cif,9w43_AB,seed5_r1,9w43_ab_sample_3.cif,0.10892
/mnt/data/msadepth/compreps/seedrep_cand/protenix/9w43_AB/d51/seed5_r3/results/9w43_ab/seed_0/predictions/9w43_ab_sample_4.cif,9w43_AB,seed5_r3,9w43_ab_sample_4.cif,0.19065
/mnt/data/msadepth/compreps/seedrep_cand/protenix/9w43_AB/d51/seed5_r3/results/9w43_ab/seed_0/predictions/9w43_ab_sample_2.cif,9w43_AB,seed5_r3,9w43_ab_sample_2.cif,0.15215
/mnt/data/msadepth/compreps/seedrep_cand/protenix/9w43_AB/d51/seedfull_r1/results/9w43_ab/seed_0/predictions/9w43_ab_sample_3.cif,9w43_AB,seedfull_r1,9w43_ab_sample_3.cif,0.13951
/mnt/data/msadepth/compreps/seedrep_cand/protenix/9w43_AB/d51/seedfull_r2/results/9w43_ab/seed_0/predictions/9w43_ab_sample_1.cif,9w43_AB,seedfull_r2,9w43_ab_sample_1.cif,0.08469
/mnt/data/msadepth/compreps/seedrep_cand/protenix/9w43_AB/d51/seedfull_r3/results/9w43_ab/seed_0/predictions/9w43_ab_sample_2.cif,9w43_AB,seedfull_r3,9w43_ab_sample_2.cif,0.21681
/mnt/data/msadepth/compreps/seedrep_cand/protenix/9w43_AB/d51/seedfull_r2/results/9w43_ab/seed_0/predictions/9w43_ab_sample_3.cif,9w43_AB,seedfull_r2,9w43_ab_sample_3.cif,0.06031
/mnt/data/msadepth/compreps/seedrep_cand/protenix/9w43_AB/d51/seedfull_r1/results/9w43_ab/seed_0/predictions/9w43_ab_sample_0.cif,9w43_AB,seedfull_r1,9w43_ab_sample_0.cif,0.11252
/mnt/data/msadepth/compreps/seedrep_cand/protenix/9w43_AB/d51/seedfull_r0/results/9w43_ab/seed_0/predictions/9w43_ab_sample_4.cif,9w43_AB,seedfull_r0,9w43_ab_sample_4.cif,0.15345
/mnt/data/msadepth/compreps/seedrep_cand/protenix/9w43_AB/d51/seedfull_r3/results/9w43_ab/seed_0/predictions/9w43_ab_sample_1.cif,9w43_AB,seedfull_r3,9w43_ab_sample_1.cif,0.3231
/mnt/data/msadepth/compreps/seedrep_cand/protenix/9w43_AB/d51/seedfull_r2/results/9w43_ab/seed_0/predictions/9w43_ab_sample_4.cif,9w43_AB,seedfull_r2,9w43_ab_sample_4.cif,0.09426
/mnt/data/msadepth/compreps/seedrep_cand/protenix/9w43_AB/d51/seedfull_r1/results/9w43_ab/seed_0/predictions/9w43_ab_sample_4.cif,9w43_AB,seedfull_r1,9w43_ab_sample_4.cif,0.15822
/mnt/data/msadepth/compreps/seedrep_cand/protenix/9w43_AB/d51/seedfull_r1/results/9w43_ab/seed_0/predictions/9w43_ab_sample_1.cif,9w43_AB,seedfull_r1,9w43_ab_sample_1.cif,0.21263
/mnt/data/msadepth/compreps/seedrep_cand/protenix/9w43_AB/d51/seedfull_r3/results/9w43_ab/seed_0/predictions/9w43_ab_sample_3.cif,9w43_AB,seedfull_r3,9w43_ab_sample_3.cif,0.22012
/mnt/data/msadepth/compreps/seedrep_cand/protenix/9w43_AB/d51/seedfull_r2/results/9w43_ab/seed_0/predictions/9w43_ab_sample_2.cif,9w43_AB,seedfull_r2,9w43_ab_sample_2.cif,0.12718
/mnt/data/msadepth/compreps/seedrep_cand/protenix/9w43_AB/d51/seedfull_r2/results/9w43_ab/seed_0/predictions/9w43_ab_sample_0.cif,9w43_AB,seedfull_r2,9w43_ab_sample_0.cif,0.04398
/mnt/data/msadepth/compreps/seedrep_cand/protenix/9w43_AB/d51/seedfull_r3/results/9w43_ab/seed_0/predictions/9w43_ab_sample_4.cif,9w43_AB,seedfull_r3,9w43_ab_sample_4.cif,0.113
/mnt/data/msadepth/compreps/seedrep_cand/protenix/9w43_AB/d51/seedfull_r3/results/9w43_ab/seed_0/predictions/9w43_ab_sample_0.cif,9w43_AB,seedfull_r3,9w43_ab_sample_0.cif,0.1113
/mnt/data/msadepth/compreps/seedrep_cand/protenix/9w43_AB/d51/seedfull_r1/results/9w43_ab/seed_0/predictions/9w43_ab_sample_2.cif,9w43_AB,seedfull_r1,9w43_ab_sample_2.cif,0.10735
/mnt/data/msadepth/compreps/seedrep_cand/protenix/9w43_AB/d51/seedfull_r0/results/9w43_ab/seed_0/predictions/9w43_ab_sample_2.cif,9w43_AB,seedfull_r0,9w43_ab_sample_2.cif,0.22052
/mnt/data/msadepth/compreps/seedrep_cand/protenix/9w43_AB/d51/seedfull_r0/results/9w43_ab/seed_0/predictions/9w43_ab_sample_1.cif,9w43_AB,seedfull_r0,9w43_ab_sample_1.cif,0.02648
/mnt/data/msadepth/compreps/seedrep_cand/protenix/9w43_AB/d51/seedfull_r0/results/9w43_ab/seed_0/predictions/9w43_ab_sample_0.cif,9w43_AB,seedfull_r0,9w43_ab_sample_0.cif,0.33633
/mnt/data/msadepth/compreps/seedrep_cand/protenix/9w43_AB/d51/seedfull_r0/results/9w43_ab/seed_0/predictions/9w43_ab_sample_3.cif,9w43_AB,seedfull_r0,9w43_ab_sample_3.cif,0.2338
/mnt/data/msadepth/compreps/seedrep_cand/protenix/9w43_AB/d51/seedfull_r6/results/9w43_ab/seed_0/predictions/9w43_ab_sample_2.cif,9w43_AB,seedfull_r6,9w43_ab_sample_2.cif,0.05409
/mnt/data/msadepth/compreps/seedrep_cand/protenix/9w43_AB/d51/seedfull_r4/results/9w43_ab/seed_0/predictions/9w43_ab_sample_0.cif,9w43_AB,seedfull_r4,9w43_ab_sample_0.cif,0.13596
/mnt/data/msadepth/compreps/seedrep_cand/protenix/9w43_AB/d51/seedfull_r5/results/9w43_ab/seed_0/predictions/9w43_ab_sample_2.cif,9w43_AB,seedfull_r5,9w43_ab_sample_2.cif,0.05016
/mnt/data/msadepth/compreps/seedrep_cand/protenix/9w43_AB/d51/seedfull_r4/results/9w43_ab/seed_0/predictions/9w43_ab_sample_2.cif,9w43_AB,seedfull_r4,9w43_ab_sample_2.cif,0.18479
/mnt/data/msadepth/compreps/seedrep_cand/protenix/9w43_AB/d51/seedfull_r6/results/9w43_ab/seed_0/predictions/9w43_ab_sample_4.cif,9w43_AB,seedfull_r6,9w43_ab_sample_4.cif,0.0747
/mnt/data/msadepth/compreps/seedrep_cand/protenix/9w43_AB/d51/seedfull_r7/results/9w43_ab/seed_0/predictions/9w43_ab_sample_4.cif,9w43_AB,seedfull_r7,9w43_ab_sample_4.cif,0.03327
/mnt/data/msadepth/compreps/seedrep_cand/protenix/9w43_AB/d51/seedfull_r5/results/9w43_ab/seed_0/predictions/9w43_ab_sample_0.cif,9w43_AB,seedfull_r5,9w43_ab_sample_0.cif,0.30467
/mnt/data/msadepth/compreps/seedrep_cand/protenix/9w43_AB/d51/seedfull_r5/results/9w43_ab/seed_0/predictions/9w43_ab_sample_1.cif,9w43_AB,seedfull_r5,9w43_ab_sample_1.cif,0.35163
/mnt/data/msadepth/compreps/seedrep_cand/protenix/9w43_AB/d51/seedfull_r4/results/9w43_ab/seed_0/predictions/9w43_ab_sample_3.cif,9w43_AB,seedfull_r4,9w43_ab_sample_3.cif,0.22333
/mnt/data/msadepth/compreps/seedrep_cand/protenix/9w43_AB/d51/seedfull_r5/results/9w43_ab/seed_0/predictions/9w43_ab_sample_3.cif,9w43_AB,seedfull_r5,9w43_ab_sample_3.cif,0.20769
/mnt/data/msadepth/compreps/seedrep_cand/protenix/9w43_AB/d51/seedfull_r7/results/9w43_ab/seed_0/predictions/9w43_ab_sample_0.cif,9w43_AB,seedfull_r7,9w43_ab_sample_0.cif,0.12246
/mnt/data/msadepth/compreps/seedrep_cand/protenix/9w43_AB/d51/seedfull_r6/results/9w43_ab/seed_0/predictions/9w43_ab_sample_1.cif,9w43_AB,seedfull_r6,9w43_ab_sample_1.cif,0.1345
/mnt/data/msadepth/compreps/seedrep_cand/protenix/9w43_AB/d51/seedfull_r4/results/9w43_ab/seed_0/predictions/9w43_ab_sample_1.cif,9w43_AB,seedfull_r4,9w43_ab_sample_1.cif,0.12178
/mnt/data/msadepth/compreps/seedrep_cand/protenix/9w43_AB/d51/seedfull_r5/results/9w43_ab/seed_0/predictions/9w43_ab_sample_4.cif,9w43_AB,seedfull_r5,9w43_ab_sample_4.cif,0.29975
/mnt/data/msadepth/compreps/seedrep_cand/protenix/9w43_AB/d51/seedfull_r7/results/9w43_ab/seed_0/predictions/9w43_ab_sample_1.cif,9w43_AB,seedfull_r7,9w43_ab_sample_1.cif,0.07827
/mnt/data/msadepth/compreps/seedrep_cand/protenix/9w43_AB/d51/seedfull_r4/results/9w43_ab/seed_0/predictions/9w43_ab_sample_4.cif,9w43_AB,seedfull_r4,9w43_ab_sample_4.cif,0.20382
/mnt/data/msadepth/compreps/seedrep_cand/protenix/9w43_AB/d51/seedfull_r7/results/9w43_ab/seed_0/predictions/9w43_ab_sample_3.cif,9w43_AB,seedfull_r7,9w43_ab_sample_3.cif,0.13296
/mnt/data/msadepth/compreps/seedrep_cand/protenix/9w43_AB/d51/seedfull_r6/results/9w43_ab/seed_0/predictions/9w43_ab_sample_0.cif,9w43_AB,seedfull_r6,9w43_ab_sample_0.cif,0.15254
/mnt/data/msadepth/compreps/seedrep_cand/protenix/9w43_AB/d51/seedfull_r6/results/9w43_ab/seed_0/predictions/9w43_ab_sample_3.cif,9w43_AB,seedfull_r6,9w43_ab_sample_3.cif,0.13106
/mnt/data/msadepth/compreps/seedrep_cand/protenix/9w43_AB/d51/seedfull_r7/results/9w43_ab/seed_0/predictions/9w43_ab_sample_2.cif,9w43_AB,seedfull_r7,9w43_ab_sample_2.cif,0.05591
/mnt/data/msadepth/compreps/seedrep_cand/protenix/9y0a_AB/d289/seed0_r1/results/9y0a_ab/seed_0/predictions/9y0a_ab_sample_1.cif,9y0a_AB,seed0_r1,9y0a_ab_sample_1.cif,0.23988
/mnt/data/msadepth/compreps/seedrep_cand/protenix/9y0a_AB/d289/seed0_r1/results/9y0a_ab/seed_0/predictions/9y0a_ab_sample_4.cif,9y0a_AB,seed0_r1,9y0a_ab_sample_4.cif,0.45435
/mnt/data/msadepth/compreps/seedrep_cand/protenix/9y0a_AB/d289/seed0_r2/results/9y0a_ab/seed_0/predictions/9y0a_ab_sample_2.cif,9y0a_AB,seed0_r2,9y0a_ab_sample_2.cif,0.15435
/mnt/data/msadepth/compreps/seedrep_cand/protenix/9y0a_AB/d289/seed0_r2/results/9y0a_ab/seed_0/predictions/9y0a_ab_sample_1.cif,9y0a_AB,seed0_r2,9y0a_ab_sample_1.cif,0.3928
/mnt/data/msadepth/compreps/seedrep_cand/protenix/9y0a_AB/d289/seed0_r0/results/9y0a_ab/seed_0/predictions/9y0a_ab_sample_2.cif,9y0a_AB,seed0_r0,9y0a_ab_sample_2.cif,0.21686
/mnt/data/msadepth/compreps/seedrep_cand/protenix/9y0a_AB/d289/seed0_r1/results/9y0a_ab/seed_0/predictions/9y0a_ab_sample_3.cif,9y0a_AB,seed0_r1,9y0a_ab_sample_3.cif,0.31068
/mnt/data/msadepth/compreps/seedrep_cand/protenix/9y0a_AB/d289/seed0_r1/results/9y0a_ab/seed_0/predictions/9y0a_ab_sample_2.cif,9y0a_AB,seed0_r1,9y0a_ab_sample_2.cif,0.2057
/mnt/data/msadepth/compreps/seedrep_cand/protenix/9y0a_AB/d289/seed0_r2/results/9y0a_ab/seed_0/predictions/9y0a_ab_sample_0.cif,9y0a_AB,seed0_r2,9y0a_ab_sample_0.cif,0.36471
/mnt/data/msadepth/compreps/seedrep_cand/protenix/9y0a_AB/d289/seed0_r0/results/9y0a_ab/seed_0/predictions/9y0a_ab_sample_4.cif,9y0a_AB,seed0_r0,9y0a_ab_sample_4.cif,0.45531
/mnt/data/msadepth/compreps/seedrep_cand/protenix/9y0a_AB/d289/seed0_r2/results/9y0a_ab/seed_0/predictions/9y0a_ab_sample_4.cif,9y0a_AB,seed0_r2,9y0a_ab_sample_4.cif,0.19405
/mnt/data/msadepth/compreps/seedrep_cand/protenix/9y0a_AB/d289/seed0_r0/results/9y0a_ab/seed_0/predictions/9y0a_ab_sample_0.cif,9y0a_AB,seed0_r0,9y0a_ab_sample_0.cif,0.26371
/mnt/data/msadepth/compreps/seedrep_cand/protenix/9y0a_AB/d289/seed0_r3/results/9y0a_ab/seed_0/predictions/9y0a_ab_sample_2.cif,9y0a_AB,seed0_r3,9y0a_ab_sample_2.cif,0.26955
/mnt/data/msadepth/compreps/seedrep_cand/protenix/9y0a_AB/d289/seed0_r0/results/9y0a_ab/seed_0/predictions/9y0a_ab_sample_1.cif,9y0a_AB,seed0_r0,9y0a_ab_sample_1.cif,0.26696
/mnt/data/msadepth/compreps/seedrep_cand/protenix/9y0a_AB/d289/seed0_r3/results/9y0a_ab/seed_0/predictions/9y0a_ab_sample_0.cif,9y0a_AB,seed0_r3,9y0a_ab_sample_0.cif,0.30155
/mnt/data/msadepth/compreps/seedrep_cand/protenix/9y0a_AB/d289/seed0_r3/results/9y0a_ab/seed_0/predictions/9y0a_ab_sample_3.cif,9y0a_AB,seed0_r3,9y0a_ab_sample_3.cif,0.29893
/mnt/data/msadepth/compreps/seedrep_cand/protenix/9y0a_AB/d289/seed0_r3/results/9y0a_ab/seed_0/predictions/9y0a_ab_sample_4.cif,9y0a_AB,seed0_r3,9y0a_ab_sample_4.cif,0.22662
/mnt/data/msadepth/compreps/seedrep_cand/protenix/9y0a_AB/d289/seed0_r0/results/9y0a_ab/seed_0/predictions/9y0a_ab_sample_3.cif,9y0a_AB,seed0_r0,9y0a_ab_sample_3.cif,0.22072
/mnt/data/msadepth/compreps/seedrep_cand/protenix/9y0a_AB/d289/seed0_r3/results/9y0a_ab/seed_0/predictions/9y0a_ab_sample_1.cif,9y0a_AB,seed0_r3,9y0a_ab_sample_1.cif,0.29838
/mnt/data/msadepth/compreps/seedrep_cand/protenix/9y0a_AB/d289/seed0_r2/results/9y0a_ab/seed_0/predictions/9y0a_ab_sample_3.cif,9y0a_AB,seed0_r2,9y0a_ab_sample_3.cif,0.43714
/mnt/data/msadepth/compreps/seedrep_cand/protenix/9y0a_AB/d289/seed0_r1/results/9y0a_ab/seed_0/predictions/9y0a_ab_sample_0.cif,9y0a_AB,seed0_r1,9y0a_ab_sample_0.cif,0.18922
/mnt/data/msadepth/compreps/seedrep_cand/protenix/9y0a_AB/d289/seed1_r1/results/9y0a_ab/seed_0/predictions/9y0a_ab_sample_4.cif,9y0a_AB,seed1_r1,9y0a_ab_sample_4.cif,0.26457
/mnt/data/msadepth/compreps/seedrep_cand/protenix/9y0a_AB/d289/seed1_r3/results/9y0a_ab/seed_0/predictions/9y0a_ab_sample_2.cif,9y0a_AB,seed1_r3,9y0a_ab_sample_2.cif,0.42358
/mnt/data/msadepth/compreps/seedrep_cand/protenix/9y0a_AB/d289/seed1_r3/results/9y0a_ab/seed_0/predictions/9y0a_ab_sample_4.cif,9y0a_AB,seed1_r3,9y0a_ab_sample_4.cif,0.15929
/mnt/data/msadepth/compreps/seedrep_cand/protenix/9y0a_AB/d289/seed1_r3/results/9y0a_ab/seed_0/predictions/9y0a_ab_sample_0.cif,9y0a_AB,seed1_r3,9y0a_ab_sample_0.cif,0.2315
/mnt/data/msadepth/compreps/seedrep_cand/protenix/9y0a_AB/d289/seed1_r0/results/9y0a_ab/seed_0/predictions/9y0a_ab_sample_2.cif,9y0a_AB,seed1_r0,9y0a_ab_sample_2.cif,0.37352
/mnt/data/msadepth/compreps/seedrep_cand/protenix/9y0a_AB/d289/seed1_r3/results/9y0a_ab/seed_0/predictions/9y0a_ab_sample_3.cif,9y0a_AB,seed1_r3,9y0a_ab_sample_3.cif,0.27229
/mnt/data/msadepth/compreps/seedrep_cand/protenix/9y0a_AB/d289/seed1_r1/results/9y0a_ab/seed_0/predictions/9y0a_ab_sample_2.cif,9y0a_AB,seed1_r1,9y0a_ab_sample_2.cif,0.28371
/mnt/data/msadepth/compreps/seedrep_cand/protenix/9y0a_AB/d289/seed1_r2/results/9y0a_ab/seed_0/predictions/9y0a_ab_sample_4.cif,9y0a_AB,seed1_r2,9y0a_ab_sample_4.cif,0.16803
/mnt/data/msadepth/compreps/seedrep_cand/protenix/9y0a_AB/d289/seed1_r0/results/9y0a_ab/seed_0/predictions/9y0a_ab_sample_1.cif,9y0a_AB,seed1_r0,9y0a_ab_sample_1.cif,0.39903
/mnt/data/msadepth/compreps/seedrep_cand/protenix/9y0a_AB/d289/seed1_r3/results/9y0a_ab/seed_0/predictions/9y0a_ab_sample_1.cif,9y0a_AB,seed1_r3,9y0a_ab_sample_1.cif,0.46011
/mnt/data/msadepth/compreps/seedrep_cand/protenix/9y0a_AB/d289/seed1_r2/results/9y0a_ab/seed_0/predictions/9y0a_ab_sample_3.cif,9y0a_AB,seed1_r2,9y0a_ab_sample_3.cif,0.23458
/mnt/data/msadepth/compreps/seedrep_cand/protenix/9y0a_AB/d289/seed1_r2/results/9y0a_ab/seed_0/predictions/9y0a_ab_sample_2.cif,9y0a_AB,seed1_r2,9y0a_ab_sample_2.cif,0.20867
/mnt/data/msadepth/compreps/seedrep_cand/protenix/9y0a_AB/d289/seed1_r1/results/9y0a_ab/seed_0/predictions/9y0a_ab_sample_1.cif,9y0a_AB,seed1_r1,9y0a_ab_sample_1.cif,0.19582
/mnt/data/msadepth/compreps/seedrep_cand/protenix/9y0a_AB/d289/seed1_r0/results/9y0a_ab/seed_0/predictions/9y0a_ab_sample_4.cif,9y0a_AB,seed1_r0,9y0a_ab_sample_4.cif,0.2263
/mnt/data/msadepth/compreps/seedrep_cand/protenix/9y0a_AB/d289/seed1_r2/results/9y0a_ab/seed_0/predictions/9y0a_ab_sample_0.cif,9y0a_AB,seed1_r2,9y0a_ab_sample_0.cif,0.37192
/mnt/data/msadepth/compreps/seedrep_cand/protenix/9y0a_AB/d289/seed1_r1/results/9y0a_ab/seed_0/predictions/9y0a_ab_sample_3.cif,9y0a_AB,seed1_r1,9y0a_ab_sample_3.cif,0.33338
/mnt/data/msadepth/compreps/seedrep_cand/protenix/9y0a_AB/d289/seed1_r0/results/9y0a_ab/seed_0/predictions/9y0a_ab_sample_3.cif,9y0a_AB,seed1_r0,9y0a_ab_sample_3.cif,0.18856
/mnt/data/msadepth/compreps/seedrep_cand/protenix/9y0a_AB/d289/seed1_r2/results/9y0a_ab/seed_0/predictions/9y0a_ab_sample_1.cif,9y0a_AB,seed1_r2,9y0a_ab_sample_1.cif,0.33945
/mnt/data/msadepth/compreps/seedrep_cand/protenix/9y0a_AB/d289/seed1_r1/results/9y0a_ab/seed_0/predictions/9y0a_ab_sample_0.cif,9y0a_AB,seed1_r1,9y0a_ab_sample_0.cif,0.22253
/mnt/data/msadepth/compreps/seedrep_cand/protenix/9y0a_AB/d289/seed1_r0/results/9y0a_ab/seed_0/predictions/9y0a_ab_sample_0.cif,9y0a_AB,seed1_r0,9y0a_ab_sample_0.cif,0.20749
/mnt/data/msadepth/compreps/seedrep_cand/protenix/9y0a_AB/d289/seed2_r2/results/9y0a_ab/seed_0/predictions/9y0a_ab_sample_2.cif,9y0a_AB,seed2_r2,9y0a_ab_sample_2.cif,0.16086
/mnt/data/msadepth/compreps/seedrep_cand/protenix/9y0a_AB/d289/seed2_r0/results/9y0a_ab/seed_0/predictions/9y0a_ab_sample_1.cif,9y0a_AB,seed2_r0,9y0a_ab_sample_1.cif,0.40609
/mnt/data/msadepth/compreps/seedrep_cand/protenix/9y0a_AB/d289/seed2_r1/results/9y0a_ab/seed_0/predictions/9y0a_ab_sample_1.cif,9y0a_AB,seed2_r1,9y0a_ab_sample_1.cif,0.45038
/mnt/data/msadepth/compreps/seedrep_cand/protenix/9y0a_AB/d289/seed2_r1/results/9y0a_ab/seed_0/predictions/9y0a_ab_sample_4.cif,9y0a_AB,seed2_r1,9y0a_ab_sample_4.cif,0.23326
/mnt/data/msadepth/compreps/seedrep_cand/protenix/9y0a_AB/d289/seed2_r2/results/9y0a_ab/seed_0/predictions/9y0a_ab_sample_3.cif,9y0a_AB,seed2_r2,9y0a_ab_sample_3.cif,0.26367
/mnt/data/msadepth/compreps/seedrep_cand/protenix/9y0a_AB/d289/seed2_r0/results/9y0a_ab/seed_0/predictions/9y0a_ab_sample_2.cif,9y0a_AB,seed2_r0,9y0a_ab_sample_2.cif,0.2574
/mnt/data/msadepth/compreps/seedrep_cand/protenix/9y0a_AB/d289/seed2_r3/results/9y0a_ab/seed_0/predictions/9y0a_ab_sample_2.cif,9y0a_AB,seed2_r3,9y0a_ab_sample_2.cif,0.30557
/mnt/data/msadepth/compreps/seedrep_cand/protenix/9y0a_AB/d289/seed2_r3/results/9y0a_ab/seed_0/predictions/9y0a_ab_sample_1.cif,9y0a_AB,seed2_r3,9y0a_ab_sample_1.cif,0.19029
/mnt/data/msadepth/compreps/seedrep_cand/protenix/9y0a_AB/d289/seed2_r3/results/9y0a_ab/seed_0/predictions/9y0a_ab_sample_3.cif,9y0a_AB,seed2_r3,9y0a_ab_sample_3.cif,0.35118
/mnt/data/msadepth/compreps/seedrep_cand/protenix/9y0a_AB/d289/seed2_r1/results/9y0a_ab/seed_0/predictions/9y0a_ab_sample_2.cif,9y0a_AB,seed2_r1,9y0a_ab_sample_2.cif,0.40863
/mnt/data/msadepth/compreps/seedrep_cand/protenix/9y0a_AB/d289/seed2_r2/results/9y0a_ab/seed_0/predictions/9y0a_ab_sample_1.cif,9y0a_AB,seed2_r2,9y0a_ab_sample_1.cif,0.20815
/mnt/data/msadepth/compreps/seedrep_cand/protenix/9y0a_AB/d289/seed2_r2/results/9y0a_ab/seed_0/predictions/9y0a_ab_sample_0.cif,9y0a_AB,seed2_r2,9y0a_ab_sample_0.cif,0.26142
/mnt/data/msadepth/compreps/seedrep_cand/protenix/9y0a_AB/d289/seed2_r1/results/9y0a_ab/seed_0/predictions/9y0a_ab_sample_0.cif,9y0a_AB,seed2_r1,9y0a_ab_sample_0.cif,0.21317
/mnt/data/msadepth/compreps/seedrep_cand/protenix/9y0a_AB/d289/seed2_r3/results/9y0a_ab/seed_0/predictions/9y0a_ab_sample_0.cif,9y0a_AB,seed2_r3,9y0a_ab_sample_0.cif,0.22493
/mnt/data/msadepth/compreps/seedrep_cand/protenix/9y0a_AB/d289/seed2_r0/results/9y0a_ab/seed_0/predictions/9y0a_ab_sample_3.cif,9y0a_AB,seed2_r0,9y0a_ab_sample_3.cif,0.33743
/mnt/data/msadepth/compreps/seedrep_cand/protenix/9y0a_AB/d289/seed2_r3/results/9y0a_ab/seed_0/predictions/9y0a_ab_sample_4.cif,9y0a_AB,seed2_r3,9y0a_ab_sample_4.cif,0.21169
/mnt/data/msadepth/compreps/seedrep_cand/protenix/9y0a_AB/d289/seed2_r0/results/9y0a_ab/seed_0/predictions/9y0a_ab_sample_0.cif,9y0a_AB,seed2_r0,9y0a_ab_sample_0.cif,0.45739
/mnt/data/msadepth/compreps/seedrep_cand/protenix/9y0a_AB/d289/seed2_r1/results/9y0a_ab/seed_0/predictions/9y0a_ab_sample_3.cif,9y0a_AB,seed2_r1,9y0a_ab_sample_3.cif,0.24069
/mnt/data/msadepth/compreps/seedrep_cand/protenix/9y0a_AB/d289/seed2_r2/results/9y0a_ab/seed_0/predictions/9y0a_ab_sample_4.cif,9y0a_AB,seed2_r2,9y0a_ab_sample_4.cif,0.38979
/mnt/data/msadepth/compreps/seedrep_cand/protenix/9y0a_AB/d289/seed2_r0/results/9y0a_ab/seed_0/predictions/9y0a_ab_sample_4.cif,9y0a_AB,seed2_r0,9y0a_ab_sample_4.cif,0.18284
/mnt/data/msadepth/compreps/seedrep_cand/protenix/9y0a_AB/d289/seed3_r1/results/9y0a_ab/seed_0/predictions/9y0a_ab_sample_4.cif,9y0a_AB,seed3_r1,9y0a_ab_sample_4.cif,0.10445
/mnt/data/msadepth/compreps/seedrep_cand/protenix/9y0a_AB/d289/seed3_r3/results/9y0a_ab/seed_0/predictions/9y0a_ab_sample_4.cif,9y0a_AB,seed3_r3,9y0a_ab_sample_4.cif,0.27112
/mnt/data/msadepth/compreps/seedrep_cand/protenix/9y0a_AB/d289/seed3_r0/results/9y0a_ab/seed_0/predictions/9y0a_ab_sample_0.cif,9y0a_AB,seed3_r0,9y0a_ab_sample_0.cif,0.43009
/mnt/data/msadepth/compreps/seedrep_cand/protenix/9y0a_AB/d289/seed3_r3/results/9y0a_ab/seed_0/predictions/9y0a_ab_sample_2.cif,9y0a_AB,seed3_r3,9y0a_ab_sample_2.cif,0.2053
/mnt/data/msadepth/compreps/seedrep_cand/protenix/9y0a_AB/d289/seed3_r2/results/9y0a_ab/seed_0/predictions/9y0a_ab_sample_3.cif,9y0a_AB,seed3_r2,9y0a_ab_sample_3.cif,0.3719
/mnt/data/msadepth/compreps/seedrep_cand/protenix/9y0a_AB/d289/seed3_r2/results/9y0a_ab/seed_0/predictions/9y0a_ab_sample_4.cif,9y0a_AB,seed3_r2,9y0a_ab_sample_4.cif,0.40397
/mnt/data/msadepth/compreps/seedrep_cand/protenix/9y0a_AB/d289/seed3_r0/results/9y0a_ab/seed_0/predictions/9y0a_ab_sample_3.cif,9y0a_AB,seed3_r0,9y0a_ab_sample_3.cif,0.16419
/mnt/data/msadepth/compreps/seedrep_cand/protenix/9y0a_AB/d289/seed3_r2/results/9y0a_ab/seed_0/predictions/9y0a_ab_sample_0.cif,9y0a_AB,seed3_r2,9y0a_ab_sample_0.cif,0.38024
/mnt/data/msadepth/compreps/seedrep_cand/protenix/9y0a_AB/d289/seed3_r1/results/9y0a_ab/seed_0/predictions/9y0a_ab_sample_3.cif,9y0a_AB,seed3_r1,9y0a_ab_sample_3.cif,0.2687
/mnt/data/msadepth/compreps/seedrep_cand/protenix/9y0a_AB/d289/seed3_r0/results/9y0a_ab/seed_0/predictions/9y0a_ab_sample_1.cif,9y0a_AB,seed3_r0,9y0a_ab_sample_1.cif,0.2124
/mnt/data/msadepth/compreps/seedrep_cand/protenix/9y0a_AB/d289/seed3_r2/results/9y0a_ab/seed_0/predictions/9y0a_ab_sample_2.cif,9y0a_AB,seed3_r2,9y0a_ab_sample_2.cif,0.34196
/mnt/data/msadepth/compreps/seedrep_cand/protenix/9y0a_AB/d289/seed3_r0/results/9y0a_ab/seed_0/predictions/9y0a_ab_sample_4.cif,9y0a_AB,seed3_r0,9y0a_ab_sample_4.cif,0.39632
/mnt/data/msadepth/compreps/seedrep_cand/protenix/9y0a_AB/d289/seed3_r3/results/9y0a_ab/seed_0/predictions/9y0a_ab_sample_3.cif,9y0a_AB,seed3_r3,9y0a_ab_sample_3.cif,0.28892
/mnt/data/msadepth/compreps/seedrep_cand/protenix/9y0a_AB/d289/seed3_r1/results/9y0a_ab/seed_0/predictions/9y0a_ab_sample_2.cif,9y0a_AB,seed3_r1,9y0a_ab_sample_2.cif,0.42331
/mnt/data/msadepth/compreps/seedrep_cand/protenix/9y0a_AB/d289/seed3_r3/results/9y0a_ab/seed_0/predictions/9y0a_ab_sample_1.cif,9y0a_AB,seed3_r3,9y0a_ab_sample_1.cif,0.28778
/mnt/data/msadepth/compreps/seedrep_cand/protenix/9y0a_AB/d289/seed3_r2/results/9y0a_ab/seed_0/predictions/9y0a_ab_sample_1.cif,9y0a_AB,seed3_r2,9y0a_ab_sample_1.cif,0.37003
/mnt/data/msadepth/compreps/seedrep_cand/protenix/9y0a_AB/d289/seed3_r1/results/9y0a_ab/seed_0/predictions/9y0a_ab_sample_1.cif,9y0a_AB,seed3_r1,9y0a_ab_sample_1.cif,0.19365
/mnt/data/msadepth/compreps/seedrep_cand/protenix/9y0a_AB/d289/seed3_r0/results/9y0a_ab/seed_0/predictions/9y0a_ab_sample_2.cif,9y0a_AB,seed3_r0,9y0a_ab_sample_2.cif,0.33995
/mnt/data/msadepth/compreps/seedrep_cand/protenix/9y0a_AB/d289/seed3_r3/results/9y0a_ab/seed_0/predictions/9y0a_ab_sample_0.cif,9y0a_AB,seed3_r3,9y0a_ab_sample_0.cif,0.12126
/mnt/data/msadepth/compreps/seedrep_cand/protenix/9y0a_AB/d289/seed3_r1/results/9y0a_ab/seed_0/predictions/9y0a_ab_sample_0.cif,9y0a_AB,seed3_r1,9y0a_ab_sample_0.cif,0.44794
/mnt/data/msadepth/compreps/seedrep_cand/protenix/9y0a_AB/d289/seed4_r2/results/9y0a_ab/seed_0/predictions/9y0a_ab_sample_4.cif,9y0a_AB,seed4_r2,9y0a_ab_sample_4.cif,0.42311
/mnt/data/msadepth/compreps/seedrep_cand/protenix/9y0a_AB/d289/seed4_r3/results/9y0a_ab/seed_0/predictions/9y0a_ab_sample_1.cif,9y0a_AB,seed4_r3,9y0a_ab_sample_1.cif,0.14886
/mnt/data/msadepth/compreps/seedrep_cand/protenix/9y0a_AB/d289/seed4_r2/results/9y0a_ab/seed_0/predictions/9y0a_ab_sample_2.cif,9y0a_AB,seed4_r2,9y0a_ab_sample_2.cif,0.32817
/mnt/data/msadepth/compreps/seedrep_cand/protenix/9y0a_AB/d289/seed4_r1/results/9y0a_ab/seed_0/predictions/9y0a_ab_sample_0.cif,9y0a_AB,seed4_r1,9y0a_ab_sample_0.cif,0.18443
/mnt/data/msadepth/compreps/seedrep_cand/protenix/9y0a_AB/d289/seed4_r0/results/9y0a_ab/seed_0/predictions/9y0a_ab_sample_0.cif,9y0a_AB,seed4_r0,9y0a_ab_sample_0.cif,0.1791
/mnt/data/msadepth/compreps/seedrep_cand/protenix/9y0a_AB/d289/seed4_r1/results/9y0a_ab/seed_0/predictions/9y0a_ab_sample_1.cif,9y0a_AB,seed4_r1,9y0a_ab_sample_1.cif,0.45992
/mnt/data/msadepth/compreps/seedrep_cand/protenix/9y0a_AB/d289/seed4_r3/results/9y0a_ab/seed_0/predictions/9y0a_ab_sample_3.cif,9y0a_AB,seed4_r3,9y0a_ab_sample_3.cif,0.36273
/mnt/data/msadepth/compreps/seedrep_cand/protenix/9y0a_AB/d289/seed4_r1/results/9y0a_ab/seed_0/predictions/9y0a_ab_sample_3.cif,9y0a_AB,seed4_r1,9y0a_ab_sample_3.cif,0.31039
/mnt/data/msadepth/compreps/seedrep_cand/protenix/9y0a_AB/d289/seed4_r3/results/9y0a_ab/seed_0/predictions/9y0a_ab_sample_4.cif,9y0a_AB,seed4_r3,9y0a_ab_sample_4.cif,0.18092
/mnt/data/msadepth/compreps/seedrep_cand/protenix/9y0a_AB/d289/seed4_r0/results/9y0a_ab/seed_0/predictions/9y0a_ab_sample_3.cif,9y0a_AB,seed4_r0,9y0a_ab_sample_3.cif,0.17549
/mnt/data/msadepth/compreps/seedrep_cand/protenix/9y0a_AB/d289/seed4_r2/results/9y0a_ab/seed_0/predictions/9y0a_ab_sample_3.cif,9y0a_AB,seed4_r2,9y0a_ab_sample_3.cif,0.39749
/mnt/data/msadepth/compreps/seedrep_cand/protenix/9y0a_AB/d289/seed4_r0/results/9y0a_ab/seed_0/predictions/9y0a_ab_sample_1.cif,9y0a_AB,seed4_r0,9y0a_ab_sample_1.cif,0.34115
/mnt/data/msadepth/compreps/seedrep_cand/protenix/9y0a_AB/d289/seed4_r1/results/9y0a_ab/seed_0/predictions/9y0a_ab_sample_2.cif,9y0a_AB,seed4_r1,9y0a_ab_sample_2.cif,0.16372
/mnt/data/msadepth/compreps/seedrep_cand/protenix/9y0a_AB/d289/seed4_r2/results/9y0a_ab/seed_0/predictions/9y0a_ab_sample_1.cif,9y0a_AB,seed4_r2,9y0a_ab_sample_1.cif,0.3851
/mnt/data/msadepth/compreps/seedrep_cand/protenix/9y0a_AB/d289/seed4_r2/results/9y0a_ab/seed_0/predictions/9y0a_ab_sample_0.cif,9y0a_AB,seed4_r2,9y0a_ab_sample_0.cif,0.3429
/mnt/data/msadepth/compreps/seedrep_cand/protenix/9y0a_AB/d289/seed4_r0/results/9y0a_ab/seed_0/predictions/9y0a_ab_sample_2.cif,9y0a_AB,seed4_r0,9y0a_ab_sample_2.cif,0.35331
/mnt/data/msadepth/compreps/seedrep_cand/protenix/9y0a_AB/d289/seed4_r3/results/9y0a_ab/seed_0/predictions/9y0a_ab_sample_2.cif,9y0a_AB,seed4_r3,9y0a_ab_sample_2.cif,0.17357
/mnt/data/msadepth/compreps/seedrep_cand/protenix/9y0a_AB/d289/seed4_r0/results/9y0a_ab/seed_0/predictions/9y0a_ab_sample_4.cif,9y0a_AB,seed4_r0,9y0a_ab_sample_4.cif,0.29185
/mnt/data/msadepth/compreps/seedrep_cand/protenix/9y0a_AB/d289/seed4_r3/results/9y0a_ab/seed_0/predictions/9y0a_ab_sample_0.cif,9y0a_AB,seed4_r3,9y0a_ab_sample_0.cif,0.28884
/mnt/data/msadepth/compreps/seedrep_cand/protenix/9y0a_AB/d289/seed4_r1/results/9y0a_ab/seed_0/predictions/9y0a_ab_sample_4.cif,9y0a_AB,seed4_r1,9y0a_ab_sample_4.cif,0.23705
/mnt/data/msadepth/compreps/seedrep_cand/protenix/9y0a_AB/d289/seed5_r1/results/9y0a_ab/seed_0/predictions/9y0a_ab_sample_0.cif,9y0a_AB,seed5_r1,9y0a_ab_sample_0.cif,0.32727
/mnt/data/msadepth/compreps/seedrep_cand/protenix/9y0a_AB/d289/seed5_r2/results/9y0a_ab/seed_0/predictions/9y0a_ab_sample_2.cif,9y0a_AB,seed5_r2,9y0a_ab_sample_2.cif,0.35492
/mnt/data/msadepth/compreps/seedrep_cand/protenix/9y0a_AB/d289/seed5_r2/results/9y0a_ab/seed_0/predictions/9y0a_ab_sample_4.cif,9y0a_AB,seed5_r2,9y0a_ab_sample_4.cif,0.13508
/mnt/data/msadepth/compreps/seedrep_cand/protenix/9y0a_AB/d289/seed5_r1/results/9y0a_ab/seed_0/predictions/9y0a_ab_sample_2.cif,9y0a_AB,seed5_r1,9y0a_ab_sample_2.cif,0.25983
/mnt/data/msadepth/compreps/seedrep_cand/protenix/9y0a_AB/d289/seed5_r1/results/9y0a_ab/seed_0/predictions/9y0a_ab_sample_4.cif,9y0a_AB,seed5_r1,9y0a_ab_sample_4.cif,0.17104
/mnt/data/msadepth/compreps/seedrep_cand/protenix/9y0a_AB/d289/seed5_r1/results/9y0a_ab/seed_0/predictions/9y0a_ab_sample_1.cif,9y0a_AB,seed5_r1,9y0a_ab_sample_1.cif,0.34637
/mnt/data/msadepth/compreps/seedrep_cand/protenix/9y0a_AB/d289/seed5_r0/results/9y0a_ab/seed_0/predictions/9y0a_ab_sample_2.cif,9y0a_AB,seed5_r0,9y0a_ab_sample_2.cif,0.38245
/mnt/data/msadepth/compreps/seedrep_cand/protenix/9y0a_AB/d289/seed5_r2/results/9y0a_ab/seed_0/predictions/9y0a_ab_sample_3.cif,9y0a_AB,seed5_r2,9y0a_ab_sample_3.cif,0.34638
/mnt/data/msadepth/compreps/seedrep_cand/protenix/9y0a_AB/d289/seed5_r0/results/9y0a_ab/seed_0/predictions/9y0a_ab_sample_4.cif,9y0a_AB,seed5_r0,9y0a_ab_sample_4.cif,0.42228
/mnt/data/msadepth/compreps/seedrep_cand/protenix/9y0a_AB/d289/seed5_r0/results/9y0a_ab/seed_0/predictions/9y0a_ab_sample_1.cif,9y0a_AB,seed5_r0,9y0a_ab_sample_1.cif,0.38384
/mnt/data/msadepth/compreps/seedrep_cand/protenix/9y0a_AB/d289/seed5_r0/results/9y0a_ab/seed_0/predictions/9y0a_ab_sample_0.cif,9y0a_AB,seed5_r0,9y0a_ab_sample_0.cif,0.28736
/mnt/data/msadepth/compreps/seedrep_cand/protenix/9y0a_AB/d289/seed5_r3/results/9y0a_ab/seed_0/predictions/9y0a_ab_sample_3.cif,9y0a_AB,seed5_r3,9y0a_ab_sample_3.cif,0.29832
/mnt/data/msadepth/compreps/seedrep_cand/protenix/9y0a_AB/d289/seed5_r2/results/9y0a_ab/seed_0/predictions/9y0a_ab_sample_0.cif,9y0a_AB,seed5_r2,9y0a_ab_sample_0.cif,0.39523
/mnt/data/msadepth/compreps/seedrep_cand/protenix/9y0a_AB/d289/seed5_r2/results/9y0a_ab/seed_0/predictions/9y0a_ab_sample_1.cif,9y0a_AB,seed5_r2,9y0a_ab_sample_1.cif,0.36001
/mnt/data/msadepth/compreps/seedrep_cand/protenix/9y0a_AB/d289/seed5_r3/results/9y0a_ab/seed_0/predictions/9y0a_ab_sample_1.cif,9y0a_AB,seed5_r3,9y0a_ab_sample_1.cif,0.26636
/mnt/data/msadepth/compreps/seedrep_cand/protenix/9y0a_AB/d289/seed5_r3/results/9y0a_ab/seed_0/predictions/9y0a_ab_sample_0.cif,9y0a_AB,seed5_r3,9y0a_ab_sample_0.cif,0.29672
/mnt/data/msadepth/compreps/seedrep_cand/protenix/9y0a_AB/d289/seed5_r0/results/9y0a_ab/seed_0/predictions/9y0a_ab_sample_3.cif,9y0a_AB,seed5_r0,9y0a_ab_sample_3.cif,0.47576
/mnt/data/msadepth/compreps/seedrep_cand/protenix/9y0a_AB/d289/seed5_r1/results/9y0a_ab/seed_0/predictions/9y0a_ab_sample_3.cif,9y0a_AB,seed5_r1,9y0a_ab_sample_3.cif,0.28293
/mnt/data/msadepth/compreps/seedrep_cand/protenix/9y0a_AB/d289/seed5_r3/results/9y0a_ab/seed_0/predictions/9y0a_ab_sample_4.cif,9y0a_AB,seed5_r3,9y0a_ab_sample_4.cif,0.25606
/mnt/data/msadepth/compreps/seedrep_cand/protenix/9y0a_AB/d289/seed5_r3/results/9y0a_ab/seed_0/predictions/9y0a_ab_sample_2.cif,9y0a_AB,seed5_r3,9y0a_ab_sample_2.cif,0.42607
/mnt/data/msadepth/compreps/seedrep_cand/protenix/9y0a_AB/d289/seedfull_r1/results/9y0a_ab/seed_0/predictions/9y0a_ab_sample_3.cif,9y0a_AB,seedfull_r1,9y0a_ab_sample_3.cif,0.32377
/mnt/data/msadepth/compreps/seedrep_cand/protenix/9y0a_AB/d289/seedfull_r2/results/9y0a_ab/seed_0/predictions/9y0a_ab_sample_1.cif,9y0a_AB,seedfull_r2,9y0a_ab_sample_1.cif,0.28916
/mnt/data/msadepth/compreps/seedrep_cand/protenix/9y0a_AB/d289/seedfull_r3/results/9y0a_ab/seed_0/predictions/9y0a_ab_sample_2.cif,9y0a_AB,seedfull_r3,9y0a_ab_sample_2.cif,0.24866
/mnt/data/msadepth/compreps/seedrep_cand/protenix/9y0a_AB/d289/seedfull_r2/results/9y0a_ab/seed_0/predictions/9y0a_ab_sample_3.cif,9y0a_AB,seedfull_r2,9y0a_ab_sample_3.cif,0.30177
/mnt/data/msadepth/compreps/seedrep_cand/protenix/9y0a_AB/d289/seedfull_r1/results/9y0a_ab/seed_0/predictions/9y0a_ab_sample_0.cif,9y0a_AB,seedfull_r1,9y0a_ab_sample_0.cif,0.21958
/mnt/data/msadepth/compreps/seedrep_cand/protenix/9y0a_AB/d289/seedfull_r0/results/9y0a_ab/seed_0/predictions/9y0a_ab_sample_4.cif,9y0a_AB,seedfull_r0,9y0a_ab_sample_4.cif,0.28077
/mnt/data/msadepth/compreps/seedrep_cand/protenix/9y0a_AB/d289/seedfull_r3/results/9y0a_ab/seed_0/predictions/9y0a_ab_sample_1.cif,9y0a_AB,seedfull_r3,9y0a_ab_sample_1.cif,0.31085
/mnt/data/msadepth/compreps/seedrep_cand/protenix/9y0a_AB/d289/seedfull_r2/results/9y0a_ab/seed_0/predictions/9y0a_ab_sample_4.cif,9y0a_AB,seedfull_r2,9y0a_ab_sample_4.cif,0.22975
/mnt/data/msadepth/compreps/seedrep_cand/protenix/9y0a_AB/d289/seedfull_r1/results/9y0a_ab/seed_0/predictions/9y0a_ab_sample_4.cif,9y0a_AB,seedfull_r1,9y0a_ab_sample_4.cif,0.10018
/mnt/data/msadepth/compreps/seedrep_cand/protenix/9y0a_AB/d289/seedfull_r1/results/9y0a_ab/seed_0/predictions/9y0a_ab_sample_1.cif,9y0a_AB,seedfull_r1,9y0a_ab_sample_1.cif,0.36988
/mnt/data/msadepth/compreps/seedrep_cand/protenix/9y0a_AB/d289/seedfull_r3/results/9y0a_ab/seed_0/predictions/9y0a_ab_sample_3.cif,9y0a_AB,seedfull_r3,9y0a_ab_sample_3.cif,0.52184
/mnt/data/msadepth/compreps/seedrep_cand/protenix/9y0a_AB/d289/seedfull_r2/results/9y0a_ab/seed_0/predictions/9y0a_ab_sample_2.cif,9y0a_AB,seedfull_r2,9y0a_ab_sample_2.cif,0.35358
/mnt/data/msadepth/compreps/seedrep_cand/protenix/9y0a_AB/d289/seedfull_r2/results/9y0a_ab/seed_0/predictions/9y0a_ab_sample_0.cif,9y0a_AB,seedfull_r2,9y0a_ab_sample_0.cif,0.23936
/mnt/data/msadepth/compreps/seedrep_cand/protenix/9y0a_AB/d289/seedfull_r3/results/9y0a_ab/seed_0/predictions/9y0a_ab_sample_4.cif,9y0a_AB,seedfull_r3,9y0a_ab_sample_4.cif,0.33671
/mnt/data/msadepth/compreps/seedrep_cand/protenix/9y0a_AB/d289/seedfull_r3/results/9y0a_ab/seed_0/predictions/9y0a_ab_sample_0.cif,9y0a_AB,seedfull_r3,9y0a_ab_sample_0.cif,0.25303
/mnt/data/msadepth/compreps/seedrep_cand/protenix/9y0a_AB/d289/seedfull_r1/results/9y0a_ab/seed_0/predictions/9y0a_ab_sample_2.cif,9y0a_AB,seedfull_r1,9y0a_ab_sample_2.cif,0.3377
/mnt/data/msadepth/compreps/seedrep_cand/protenix/9y0a_AB/d289/seedfull_r0/results/9y0a_ab/seed_0/predictions/9y0a_ab_sample_2.cif,9y0a_AB,seedfull_r0,9y0a_ab_sample_2.cif,0.15167
/mnt/data/msadepth/compreps/seedrep_cand/protenix/9y0a_AB/d289/seedfull_r0/results/9y0a_ab/seed_0/predictions/9y0a_ab_sample_1.cif,9y0a_AB,seedfull_r0,9y0a_ab_sample_1.cif,0.17676
/mnt/data/msadepth/compreps/seedrep_cand/protenix/9y0a_AB/d289/seedfull_r0/results/9y0a_ab/seed_0/predictions/9y0a_ab_sample_0.cif,9y0a_AB,seedfull_r0,9y0a_ab_sample_0.cif,0.29987
/mnt/data/msadepth/compreps/seedrep_cand/protenix/9y0a_AB/d289/seedfull_r0/results/9y0a_ab/seed_0/predictions/9y0a_ab_sample_3.cif,9y0a_AB,seedfull_r0,9y0a_ab_sample_3.cif,0.18471
/mnt/data/msadepth/compreps/seedrep_cand/protenix/9y0a_AB/d289/seedfull_r6/results/9y0a_ab/seed_0/predictions/9y0a_ab_sample_2.cif,9y0a_AB,seedfull_r6,9y0a_ab_sample_2.cif,0.32405
/mnt/data/msadepth/compreps/seedrep_cand/protenix/9y0a_AB/d289/seedfull_r4/results/9y0a_ab/seed_0/predictions/9y0a_ab_sample_0.cif,9y0a_AB,seedfull_r4,9y0a_ab_sample_0.cif,0.28849
/mnt/data/msadepth/compreps/seedrep_cand/protenix/9y0a_AB/d289/seedfull_r5/results/9y0a_ab/seed_0/predictions/9y0a_ab_sample_2.cif,9y0a_AB,seedfull_r5,9y0a_ab_sample_2.cif,0.39765
/mnt/data/msadepth/compreps/seedrep_cand/protenix/9y0a_AB/d289/seedfull_r4/results/9y0a_ab/seed_0/predictions/9y0a_ab_sample_2.cif,9y0a_AB,seedfull_r4,9y0a_ab_sample_2.cif,0.27763
/mnt/data/msadepth/compreps/seedrep_cand/protenix/9y0a_AB/d289/seedfull_r6/results/9y0a_ab/seed_0/predictions/9y0a_ab_sample_4.cif,9y0a_AB,seedfull_r6,9y0a_ab_sample_4.cif,0.27473
/mnt/data/msadepth/compreps/seedrep_cand/protenix/9y0a_AB/d289/seedfull_r7/results/9y0a_ab/seed_0/predictions/9y0a_ab_sample_4.cif,9y0a_AB,seedfull_r7,9y0a_ab_sample_4.cif,0.24493
/mnt/data/msadepth/compreps/seedrep_cand/protenix/9y0a_AB/d289/seedfull_r5/results/9y0a_ab/seed_0/predictions/9y0a_ab_sample_0.cif,9y0a_AB,seedfull_r5,9y0a_ab_sample_0.cif,0.26968
/mnt/data/msadepth/compreps/seedrep_cand/protenix/9y0a_AB/d289/seedfull_r5/results/9y0a_ab/seed_0/predictions/9y0a_ab_sample_1.cif,9y0a_AB,seedfull_r5,9y0a_ab_sample_1.cif,0.34849
/mnt/data/msadepth/compreps/seedrep_cand/protenix/9y0a_AB/d289/seedfull_r4/results/9y0a_ab/seed_0/predictions/9y0a_ab_sample_3.cif,9y0a_AB,seedfull_r4,9y0a_ab_sample_3.cif,0.21669
/mnt/data/msadepth/compreps/seedrep_cand/protenix/9y0a_AB/d289/seedfull_r5/results/9y0a_ab/seed_0/predictions/9y0a_ab_sample_3.cif,9y0a_AB,seedfull_r5,9y0a_ab_sample_3.cif,0.13695
/mnt/data/msadepth/compreps/seedrep_cand/protenix/9y0a_AB/d289/seedfull_r7/results/9y0a_ab/seed_0/predictions/9y0a_ab_sample_0.cif,9y0a_AB,seedfull_r7,9y0a_ab_sample_0.cif,0.22794
/mnt/data/msadepth/compreps/seedrep_cand/protenix/9y0a_AB/d289/seedfull_r6/results/9y0a_ab/seed_0/predictions/9y0a_ab_sample_1.cif,9y0a_AB,seedfull_r6,9y0a_ab_sample_1.cif,0.21261
/mnt/data/msadepth/compreps/seedrep_cand/protenix/9y0a_AB/d289/seedfull_r4/results/9y0a_ab/seed_0/predictions/9y0a_ab_sample_1.cif,9y0a_AB,seedfull_r4,9y0a_ab_sample_1.cif,0.19597
/mnt/data/msadepth/compreps/seedrep_cand/protenix/9y0a_AB/d289/seedfull_r5/results/9y0a_ab/seed_0/predictions/9y0a_ab_sample_4.cif,9y0a_AB,seedfull_r5,9y0a_ab_sample_4.cif,0.18416
/mnt/data/msadepth/compreps/seedrep_cand/protenix/9y0a_AB/d289/seedfull_r7/results/9y0a_ab/seed_0/predictions/9y0a_ab_sample_1.cif,9y0a_AB,seedfull_r7,9y0a_ab_sample_1.cif,0.19948
/mnt/data/msadepth/compreps/seedrep_cand/protenix/9y0a_AB/d289/seedfull_r4/results/9y0a_ab/seed_0/predictions/9y0a_ab_sample_4.cif,9y0a_AB,seedfull_r4,9y0a_ab_sample_4.cif,0.05155
/mnt/data/msadepth/compreps/seedrep_cand/protenix/9y0a_AB/d289/seedfull_r7/results/9y0a_ab/seed_0/predictions/9y0a_ab_sample_3.cif,9y0a_AB,seedfull_r7,9y0a_ab_sample_3.cif,0.24858
/mnt/data/msadepth/compreps/seedrep_cand/protenix/9y0a_AB/d289/seedfull_r6/results/9y0a_ab/seed_0/predictions/9y0a_ab_sample_0.cif,9y0a_AB,seedfull_r6,9y0a_ab_sample_0.cif,0.16745
/mnt/data/msadepth/compreps/seedrep_cand/protenix/9y0a_AB/d289/seedfull_r6/results/9y0a_ab/seed_0/predictions/9y0a_ab_sample_3.cif,9y0a_AB,seedfull_r6,9y0a_ab_sample_3.cif,0.25127
/mnt/data/msadepth/compreps/seedrep_cand/protenix/9y0a_AB/d289/seedfull_r7/results/9y0a_ab/seed_0/predictions/9y0a_ab_sample_2.cif,9y0a_AB,seedfull_r7,9y0a_ab_sample_2.cif,0.19125
/mnt/data/msadepth/compreps/seedrep_cand/protenix/9yc6_HL/d611/seed0_r1/results/9yc6_hl/seed_0/predictions/9yc6_hl_sample_1.cif,9yc6_HL,seed0_r1,9yc6_hl_sample_1.cif,0.04471
/mnt/data/msadepth/compreps/seedrep_cand/protenix/9yc6_HL/d611/seed0_r1/results/9yc6_hl/seed_0/predictions/9yc6_hl_sample_4.cif,9yc6_HL,seed0_r1,9yc6_hl_sample_4.cif,0.12607
/mnt/data/msadepth/compreps/seedrep_cand/protenix/9yc6_HL/d611/seed0_r2/results/9yc6_hl/seed_0/predictions/9yc6_hl_sample_2.cif,9yc6_HL,seed0_r2,9yc6_hl_sample_2.cif,0.18885
/mnt/data/msadepth/compreps/seedrep_cand/protenix/9yc6_HL/d611/seed0_r2/results/9yc6_hl/seed_0/predictions/9yc6_hl_sample_1.cif,9yc6_HL,seed0_r2,9yc6_hl_sample_1.cif,0.15838
/mnt/data/msadepth/compreps/seedrep_cand/protenix/9yc6_HL/d611/seed0_r0/results/9yc6_hl/seed_0/predictions/9yc6_hl_sample_2.cif,9yc6_HL,seed0_r0,9yc6_hl_sample_2.cif,0.1033
/mnt/data/msadepth/compreps/seedrep_cand/protenix/9yc6_HL/d611/seed0_r1/results/9yc6_hl/seed_0/predictions/9yc6_hl_sample_3.cif,9yc6_HL,seed0_r1,9yc6_hl_sample_3.cif,0.03654
/mnt/data/msadepth/compreps/seedrep_cand/protenix/9yc6_HL/d611/seed0_r1/results/9yc6_hl/seed_0/predictions/9yc6_hl_sample_2.cif,9yc6_HL,seed0_r1,9yc6_hl_sample_2.cif,0.22369
/mnt/data/msadepth/compreps/seedrep_cand/protenix/9yc6_HL/d611/seed0_r2/results/9yc6_hl/seed_0/predictions/9yc6_hl_sample_0.cif,9yc6_HL,seed0_r2,9yc6_hl_sample_0.cif,0.15747
/mnt/data/msadepth/compreps/seedrep_cand/protenix/9yc6_HL/d611/seed0_r0/results/9yc6_hl/seed_0/predictions/9yc6_hl_sample_4.cif,9yc6_HL,seed0_r0,9yc6_hl_sample_4.cif,0.08912
/mnt/data/msadepth/compreps/seedrep_cand/protenix/9yc6_HL/d611/seed0_r2/results/9yc6_hl/seed_0/predictions/9yc6_hl_sample_4.cif,9yc6_HL,seed0_r2,9yc6_hl_sample_4.cif,0.21223
/mnt/data/msadepth/compreps/seedrep_cand/protenix/9yc6_HL/d611/seed0_r0/results/9yc6_hl/seed_0/predictions/9yc6_hl_sample_0.cif,9yc6_HL,seed0_r0,9yc6_hl_sample_0.cif,0.0423
/mnt/data/msadepth/compreps/seedrep_cand/protenix/9yc6_HL/d611/seed0_r3/results/9yc6_hl/seed_0/predictions/9yc6_hl_sample_2.cif,9yc6_HL,seed0_r3,9yc6_hl_sample_2.cif,0.16215
/mnt/data/msadepth/compreps/seedrep_cand/protenix/9yc6_HL/d611/seed0_r0/results/9yc6_hl/seed_0/predictions/9yc6_hl_sample_1.cif,9yc6_HL,seed0_r0,9yc6_hl_sample_1.cif,0.03033
/mnt/data/msadepth/compreps/seedrep_cand/protenix/9yc6_HL/d611/seed0_r3/results/9yc6_hl/seed_0/predictions/9yc6_hl_sample_0.cif,9yc6_HL,seed0_r3,9yc6_hl_sample_0.cif,0.23944
/mnt/data/msadepth/compreps/seedrep_cand/protenix/9yc6_HL/d611/seed0_r3/results/9yc6_hl/seed_0/predictions/9yc6_hl_sample_3.cif,9yc6_HL,seed0_r3,9yc6_hl_sample_3.cif,0.08353
/mnt/data/msadepth/compreps/seedrep_cand/protenix/9yc6_HL/d611/seed0_r3/results/9yc6_hl/seed_0/predictions/9yc6_hl_sample_4.cif,9yc6_HL,seed0_r3,9yc6_hl_sample_4.cif,0.18123
/mnt/data/msadepth/compreps/seedrep_cand/protenix/9yc6_HL/d611/seed0_r0/results/9yc6_hl/seed_0/predictions/9yc6_hl_sample_3.cif,9yc6_HL,seed0_r0,9yc6_hl_sample_3.cif,0.10513
/mnt/data/msadepth/compreps/seedrep_cand/protenix/9yc6_HL/d611/seed0_r3/results/9yc6_hl/seed_0/predictions/9yc6_hl_sample_1.cif,9yc6_HL,seed0_r3,9yc6_hl_sample_1.cif,0.14662
/mnt/data/msadepth/compreps/seedrep_cand/protenix/9yc6_HL/d611/seed0_r2/results/9yc6_hl/seed_0/predictions/9yc6_hl_sample_3.cif,9yc6_HL,seed0_r2,9yc6_hl_sample_3.cif,0.14325
/mnt/data/msadepth/compreps/seedrep_cand/protenix/9yc6_HL/d611/seed0_r1/results/9yc6_hl/seed_0/predictions/9yc6_hl_sample_0.cif,9yc6_HL,seed0_r1,9yc6_hl_sample_0.cif,0.10894
/mnt/data/msadepth/compreps/seedrep_cand/protenix/9yc6_HL/d611/seed1_r1/results/9yc6_hl/seed_0/predictions/9yc6_hl_sample_4.cif,9yc6_HL,seed1_r1,9yc6_hl_sample_4.cif,0.20514
/mnt/data/msadepth/compreps/seedrep_cand/protenix/9yc6_HL/d611/seed1_r3/results/9yc6_hl/seed_0/predictions/9yc6_hl_sample_2.cif,9yc6_HL,seed1_r3,9yc6_hl_sample_2.cif,0.12444
/mnt/data/msadepth/compreps/seedrep_cand/protenix/9yc6_HL/d611/seed1_r3/results/9yc6_hl/seed_0/predictions/9yc6_hl_sample_4.cif,9yc6_HL,seed1_r3,9yc6_hl_sample_4.cif,0.27873
/mnt/data/msadepth/compreps/seedrep_cand/protenix/9yc6_HL/d611/seed1_r3/results/9yc6_hl/seed_0/predictions/9yc6_hl_sample_0.cif,9yc6_HL,seed1_r3,9yc6_hl_sample_0.cif,0.10959
/mnt/data/msadepth/compreps/seedrep_cand/protenix/9yc6_HL/d611/seed1_r0/results/9yc6_hl/seed_0/predictions/9yc6_hl_sample_2.cif,9yc6_HL,seed1_r0,9yc6_hl_sample_2.cif,0.20424
/mnt/data/msadepth/compreps/seedrep_cand/protenix/9yc6_HL/d611/seed1_r3/results/9yc6_hl/seed_0/predictions/9yc6_hl_sample_3.cif,9yc6_HL,seed1_r3,9yc6_hl_sample_3.cif,0.12196
/mnt/data/msadepth/compreps/seedrep_cand/protenix/9yc6_HL/d611/seed1_r1/results/9yc6_hl/seed_0/predictions/9yc6_hl_sample_2.cif,9yc6_HL,seed1_r1,9yc6_hl_sample_2.cif,0.22682
/mnt/data/msadepth/compreps/seedrep_cand/protenix/9yc6_HL/d611/seed1_r2/results/9yc6_hl/seed_0/predictions/9yc6_hl_sample_4.cif,9yc6_HL,seed1_r2,9yc6_hl_sample_4.cif,0.25182
/mnt/data/msadepth/compreps/seedrep_cand/protenix/9yc6_HL/d611/seed1_r0/results/9yc6_hl/seed_0/predictions/9yc6_hl_sample_1.cif,9yc6_HL,seed1_r0,9yc6_hl_sample_1.cif,0.22691
/mnt/data/msadepth/compreps/seedrep_cand/protenix/9yc6_HL/d611/seed1_r3/results/9yc6_hl/seed_0/predictions/9yc6_hl_sample_1.cif,9yc6_HL,seed1_r3,9yc6_hl_sample_1.cif,0.13245
/mnt/data/msadepth/compreps/seedrep_cand/protenix/9yc6_HL/d611/seed1_r2/results/9yc6_hl/seed_0/predictions/9yc6_hl_sample_3.cif,9yc6_HL,seed1_r2,9yc6_hl_sample_3.cif,0.065
/mnt/data/msadepth/compreps/seedrep_cand/protenix/9yc6_HL/d611/seed1_r2/results/9yc6_hl/seed_0/predictions/9yc6_hl_sample_2.cif,9yc6_HL,seed1_r2,9yc6_hl_sample_2.cif,0.12227
/mnt/data/msadepth/compreps/seedrep_cand/protenix/9yc6_HL/d611/seed1_r1/results/9yc6_hl/seed_0/predictions/9yc6_hl_sample_1.cif,9yc6_HL,seed1_r1,9yc6_hl_sample_1.cif,0.36035
/mnt/data/msadepth/compreps/seedrep_cand/protenix/9yc6_HL/d611/seed1_r0/results/9yc6_hl/seed_0/predictions/9yc6_hl_sample_4.cif,9yc6_HL,seed1_r0,9yc6_hl_sample_4.cif,0.07331
/mnt/data/msadepth/compreps/seedrep_cand/protenix/9yc6_HL/d611/seed1_r2/results/9yc6_hl/seed_0/predictions/9yc6_hl_sample_0.cif,9yc6_HL,seed1_r2,9yc6_hl_sample_0.cif,0.18017
/mnt/data/msadepth/compreps/seedrep_cand/protenix/9yc6_HL/d611/seed1_r1/results/9yc6_hl/seed_0/predictions/9yc6_hl_sample_3.cif,9yc6_HL,seed1_r1,9yc6_hl_sample_3.cif,0.09578
/mnt/data/msadepth/compreps/seedrep_cand/protenix/9yc6_HL/d611/seed1_r0/results/9yc6_hl/seed_0/predictions/9yc6_hl_sample_3.cif,9yc6_HL,seed1_r0,9yc6_hl_sample_3.cif,0.18975
/mnt/data/msadepth/compreps/seedrep_cand/protenix/9yc6_HL/d611/seed1_r2/results/9yc6_hl/seed_0/predictions/9yc6_hl_sample_1.cif,9yc6_HL,seed1_r2,9yc6_hl_sample_1.cif,0.18784
/mnt/data/msadepth/compreps/seedrep_cand/protenix/9yc6_HL/d611/seed1_r1/results/9yc6_hl/seed_0/predictions/9yc6_hl_sample_0.cif,9yc6_HL,seed1_r1,9yc6_hl_sample_0.cif,0.12693
/mnt/data/msadepth/compreps/seedrep_cand/protenix/9yc6_HL/d611/seed1_r0/results/9yc6_hl/seed_0/predictions/9yc6_hl_sample_0.cif,9yc6_HL,seed1_r0,9yc6_hl_sample_0.cif,0.12817
/mnt/data/msadepth/compreps/seedrep_cand/protenix/9yc6_HL/d611/seed2_r2/results/9yc6_hl/seed_0/predictions/9yc6_hl_sample_2.cif,9yc6_HL,seed2_r2,9yc6_hl_sample_2.cif,0.18408
/mnt/data/msadepth/compreps/seedrep_cand/protenix/9yc6_HL/d611/seed2_r0/results/9yc6_hl/seed_0/predictions/9yc6_hl_sample_1.cif,9yc6_HL,seed2_r0,9yc6_hl_sample_1.cif,0.23796
/mnt/data/msadepth/compreps/seedrep_cand/protenix/9yc6_HL/d611/seed2_r1/results/9yc6_hl/seed_0/predictions/9yc6_hl_sample_1.cif,9yc6_HL,seed2_r1,9yc6_hl_sample_1.cif,0.1932
/mnt/data/msadepth/compreps/seedrep_cand/protenix/9yc6_HL/d611/seed2_r1/results/9yc6_hl/seed_0/predictions/9yc6_hl_sample_4.cif,9yc6_HL,seed2_r1,9yc6_hl_sample_4.cif,0.19297
/mnt/data/msadepth/compreps/seedrep_cand/protenix/9yc6_HL/d611/seed2_r2/results/9yc6_hl/seed_0/predictions/9yc6_hl_sample_3.cif,9yc6_HL,seed2_r2,9yc6_hl_sample_3.cif,0.2825
/mnt/data/msadepth/compreps/seedrep_cand/protenix/9yc6_HL/d611/seed2_r0/results/9yc6_hl/seed_0/predictions/9yc6_hl_sample_2.cif,9yc6_HL,seed2_r0,9yc6_hl_sample_2.cif,0.15098
/mnt/data/msadepth/compreps/seedrep_cand/protenix/9yc6_HL/d611/seed2_r3/results/9yc6_hl/seed_0/predictions/9yc6_hl_sample_2.cif,9yc6_HL,seed2_r3,9yc6_hl_sample_2.cif,0.1759
/mnt/data/msadepth/compreps/seedrep_cand/protenix/9yc6_HL/d611/seed2_r3/results/9yc6_hl/seed_0/predictions/9yc6_hl_sample_1.cif,9yc6_HL,seed2_r3,9yc6_hl_sample_1.cif,0.12256
/mnt/data/msadepth/compreps/seedrep_cand/protenix/9yc6_HL/d611/seed2_r3/results/9yc6_hl/seed_0/predictions/9yc6_hl_sample_3.cif,9yc6_HL,seed2_r3,9yc6_hl_sample_3.cif,0.13192
/mnt/data/msadepth/compreps/seedrep_cand/protenix/9yc6_HL/d611/seed2_r1/results/9yc6_hl/seed_0/predictions/9yc6_hl_sample_2.cif,9yc6_HL,seed2_r1,9yc6_hl_sample_2.cif,0.20312
/mnt/data/msadepth/compreps/seedrep_cand/protenix/9yc6_HL/d611/seed2_r2/results/9yc6_hl/seed_0/predictions/9yc6_hl_sample_1.cif,9yc6_HL,seed2_r2,9yc6_hl_sample_1.cif,0.17847
/mnt/data/msadepth/compreps/seedrep_cand/protenix/9yc6_HL/d611/seed2_r2/results/9yc6_hl/seed_0/predictions/9yc6_hl_sample_0.cif,9yc6_HL,seed2_r2,9yc6_hl_sample_0.cif,0.13554
/mnt/data/msadepth/compreps/seedrep_cand/protenix/9yc6_HL/d611/seed2_r1/results/9yc6_hl/seed_0/predictions/9yc6_hl_sample_0.cif,9yc6_HL,seed2_r1,9yc6_hl_sample_0.cif,0.23611
/mnt/data/msadepth/compreps/seedrep_cand/protenix/9yc6_HL/d611/seed2_r3/results/9yc6_hl/seed_0/predictions/9yc6_hl_sample_0.cif,9yc6_HL,seed2_r3,9yc6_hl_sample_0.cif,0.12518
/mnt/data/msadepth/compreps/seedrep_cand/protenix/9yc6_HL/d611/seed2_r0/results/9yc6_hl/seed_0/predictions/9yc6_hl_sample_3.cif,9yc6_HL,seed2_r0,9yc6_hl_sample_3.cif,0.23674
/mnt/data/msadepth/compreps/seedrep_cand/protenix/9yc6_HL/d611/seed2_r3/results/9yc6_hl/seed_0/predictions/9yc6_hl_sample_4.cif,9yc6_HL,seed2_r3,9yc6_hl_sample_4.cif,0.12388
/mnt/data/msadepth/compreps/seedrep_cand/protenix/9yc6_HL/d611/seed2_r0/results/9yc6_hl/seed_0/predictions/9yc6_hl_sample_0.cif,9yc6_HL,seed2_r0,9yc6_hl_sample_0.cif,0.24747
/mnt/data/msadepth/compreps/seedrep_cand/protenix/9yc6_HL/d611/seed2_r1/results/9yc6_hl/seed_0/predictions/9yc6_hl_sample_3.cif,9yc6_HL,seed2_r1,9yc6_hl_sample_3.cif,0.21088
/mnt/data/msadepth/compreps/seedrep_cand/protenix/9yc6_HL/d611/seed2_r2/results/9yc6_hl/seed_0/predictions/9yc6_hl_sample_4.cif,9yc6_HL,seed2_r2,9yc6_hl_sample_4.cif,0.10814
/mnt/data/msadepth/compreps/seedrep_cand/protenix/9yc6_HL/d611/seed2_r0/results/9yc6_hl/seed_0/predictions/9yc6_hl_sample_4.cif,9yc6_HL,seed2_r0,9yc6_hl_sample_4.cif,0.11502
/mnt/data/msadepth/compreps/seedrep_cand/protenix/9yc6_HL/d611/seed3_r1/results/9yc6_hl/seed_0/predictions/9yc6_hl_sample_4.cif,9yc6_HL,seed3_r1,9yc6_hl_sample_4.cif,0.08498
/mnt/data/msadepth/compreps/seedrep_cand/protenix/9yc6_HL/d611/seed3_r3/results/9yc6_hl/seed_0/predictions/9yc6_hl_sample_4.cif,9yc6_HL,seed3_r3,9yc6_hl_sample_4.cif,0.24786
/mnt/data/msadepth/compreps/seedrep_cand/protenix/9yc6_HL/d611/seed3_r0/results/9yc6_hl/seed_0/predictions/9yc6_hl_sample_0.cif,9yc6_HL,seed3_r0,9yc6_hl_sample_0.cif,0.10919
/mnt/data/msadepth/compreps/seedrep_cand/protenix/9yc6_HL/d611/seed3_r3/results/9yc6_hl/seed_0/predictions/9yc6_hl_sample_2.cif,9yc6_HL,seed3_r3,9yc6_hl_sample_2.cif,0.10769
/mnt/data/msadepth/compreps/seedrep_cand/protenix/9yc6_HL/d611/seed3_r2/results/9yc6_hl/seed_0/predictions/9yc6_hl_sample_3.cif,9yc6_HL,seed3_r2,9yc6_hl_sample_3.cif,0.19962
/mnt/data/msadepth/compreps/seedrep_cand/protenix/9yc6_HL/d611/seed3_r2/results/9yc6_hl/seed_0/predictions/9yc6_hl_sample_4.cif,9yc6_HL,seed3_r2,9yc6_hl_sample_4.cif,0.09352
/mnt/data/msadepth/compreps/seedrep_cand/protenix/9yc6_HL/d611/seed3_r0/results/9yc6_hl/seed_0/predictions/9yc6_hl_sample_3.cif,9yc6_HL,seed3_r0,9yc6_hl_sample_3.cif,0.13832
/mnt/data/msadepth/compreps/seedrep_cand/protenix/9yc6_HL/d611/seed3_r2/results/9yc6_hl/seed_0/predictions/9yc6_hl_sample_0.cif,9yc6_HL,seed3_r2,9yc6_hl_sample_0.cif,0.05489
/mnt/data/msadepth/compreps/seedrep_cand/protenix/9yc6_HL/d611/seed3_r1/results/9yc6_hl/seed_0/predictions/9yc6_hl_sample_3.cif,9yc6_HL,seed3_r1,9yc6_hl_sample_3.cif,0.17841
/mnt/data/msadepth/compreps/seedrep_cand/protenix/9yc6_HL/d611/seed3_r0/results/9yc6_hl/seed_0/predictions/9yc6_hl_sample_1.cif,9yc6_HL,seed3_r0,9yc6_hl_sample_1.cif,0.12224
/mnt/data/msadepth/compreps/seedrep_cand/protenix/9yc6_HL/d611/seed3_r2/results/9yc6_hl/seed_0/predictions/9yc6_hl_sample_2.cif,9yc6_HL,seed3_r2,9yc6_hl_sample_2.cif,0.08704
/mnt/data/msadepth/compreps/seedrep_cand/protenix/9yc6_HL/d611/seed3_r0/results/9yc6_hl/seed_0/predictions/9yc6_hl_sample_4.cif,9yc6_HL,seed3_r0,9yc6_hl_sample_4.cif,0.0363
/mnt/data/msadepth/compreps/seedrep_cand/protenix/9yc6_HL/d611/seed3_r3/results/9yc6_hl/seed_0/predictions/9yc6_hl_sample_3.cif,9yc6_HL,seed3_r3,9yc6_hl_sample_3.cif,0.11103
/mnt/data/msadepth/compreps/seedrep_cand/protenix/9yc6_HL/d611/seed3_r1/results/9yc6_hl/seed_0/predictions/9yc6_hl_sample_2.cif,9yc6_HL,seed3_r1,9yc6_hl_sample_2.cif,0.2175
/mnt/data/msadepth/compreps/seedrep_cand/protenix/9yc6_HL/d611/seed3_r3/results/9yc6_hl/seed_0/predictions/9yc6_hl_sample_1.cif,9yc6_HL,seed3_r3,9yc6_hl_sample_1.cif,0.09901
/mnt/data/msadepth/compreps/seedrep_cand/protenix/9yc6_HL/d611/seed3_r2/results/9yc6_hl/seed_0/predictions/9yc6_hl_sample_1.cif,9yc6_HL,seed3_r2,9yc6_hl_sample_1.cif,0.14657
/mnt/data/msadepth/compreps/seedrep_cand/protenix/9yc6_HL/d611/seed3_r1/results/9yc6_hl/seed_0/predictions/9yc6_hl_sample_1.cif,9yc6_HL,seed3_r1,9yc6_hl_sample_1.cif,0.1052
/mnt/data/msadepth/compreps/seedrep_cand/protenix/9yc6_HL/d611/seed3_r0/results/9yc6_hl/seed_0/predictions/9yc6_hl_sample_2.cif,9yc6_HL,seed3_r0,9yc6_hl_sample_2.cif,0.14791
/mnt/data/msadepth/compreps/seedrep_cand/protenix/9yc6_HL/d611/seed3_r3/results/9yc6_hl/seed_0/predictions/9yc6_hl_sample_0.cif,9yc6_HL,seed3_r3,9yc6_hl_sample_0.cif,0.08318
/mnt/data/msadepth/compreps/seedrep_cand/protenix/9yc6_HL/d611/seed3_r1/results/9yc6_hl/seed_0/predictions/9yc6_hl_sample_0.cif,9yc6_HL,seed3_r1,9yc6_hl_sample_0.cif,0.08396
/mnt/data/msadepth/compreps/seedrep_cand/protenix/9yc6_HL/d611/seed4_r2/results/9yc6_hl/seed_0/predictions/9yc6_hl_sample_4.cif,9yc6_HL,seed4_r2,9yc6_hl_sample_4.cif,0.06953
/mnt/data/msadepth/compreps/seedrep_cand/protenix/9yc6_HL/d611/seed4_r3/results/9yc6_hl/seed_0/predictions/9yc6_hl_sample_1.cif,9yc6_HL,seed4_r3,9yc6_hl_sample_1.cif,0.04015
/mnt/data/msadepth/compreps/seedrep_cand/protenix/9yc6_HL/d611/seed4_r2/results/9yc6_hl/seed_0/predictions/9yc6_hl_sample_2.cif,9yc6_HL,seed4_r2,9yc6_hl_sample_2.cif,0.14431
/mnt/data/msadepth/compreps/seedrep_cand/protenix/9yc6_HL/d611/seed4_r1/results/9yc6_hl/seed_0/predictions/9yc6_hl_sample_0.cif,9yc6_HL,seed4_r1,9yc6_hl_sample_0.cif,0.24043
/mnt/data/msadepth/compreps/seedrep_cand/protenix/9yc6_HL/d611/seed4_r0/results/9yc6_hl/seed_0/predictions/9yc6_hl_sample_0.cif,9yc6_HL,seed4_r0,9yc6_hl_sample_0.cif,0.13617
/mnt/data/msadepth/compreps/seedrep_cand/protenix/9yc6_HL/d611/seed4_r1/results/9yc6_hl/seed_0/predictions/9yc6_hl_sample_1.cif,9yc6_HL,seed4_r1,9yc6_hl_sample_1.cif,0.1387
/mnt/data/msadepth/compreps/seedrep_cand/protenix/9yc6_HL/d611/seed4_r3/results/9yc6_hl/seed_0/predictions/9yc6_hl_sample_3.cif,9yc6_HL,seed4_r3,9yc6_hl_sample_3.cif,0.1713
/mnt/data/msadepth/compreps/seedrep_cand/protenix/9yc6_HL/d611/seed4_r1/results/9yc6_hl/seed_0/predictions/9yc6_hl_sample_3.cif,9yc6_HL,seed4_r1,9yc6_hl_sample_3.cif,0.1155
/mnt/data/msadepth/compreps/seedrep_cand/protenix/9yc6_HL/d611/seed4_r3/results/9yc6_hl/seed_0/predictions/9yc6_hl_sample_4.cif,9yc6_HL,seed4_r3,9yc6_hl_sample_4.cif,0.21696
/mnt/data/msadepth/compreps/seedrep_cand/protenix/9yc6_HL/d611/seed4_r0/results/9yc6_hl/seed_0/predictions/9yc6_hl_sample_3.cif,9yc6_HL,seed4_r0,9yc6_hl_sample_3.cif,0.12146
/mnt/data/msadepth/compreps/seedrep_cand/protenix/9yc6_HL/d611/seed4_r2/results/9yc6_hl/seed_0/predictions/9yc6_hl_sample_3.cif,9yc6_HL,seed4_r2,9yc6_hl_sample_3.cif,0.034
/mnt/data/msadepth/compreps/seedrep_cand/protenix/9yc6_HL/d611/seed4_r0/results/9yc6_hl/seed_0/predictions/9yc6_hl_sample_1.cif,9yc6_HL,seed4_r0,9yc6_hl_sample_1.cif,0.07941
/mnt/data/msadepth/compreps/seedrep_cand/protenix/9yc6_HL/d611/seed4_r1/results/9yc6_hl/seed_0/predictions/9yc6_hl_sample_2.cif,9yc6_HL,seed4_r1,9yc6_hl_sample_2.cif,0.19067
/mnt/data/msadepth/compreps/seedrep_cand/protenix/9yc6_HL/d611/seed4_r2/results/9yc6_hl/seed_0/predictions/9yc6_hl_sample_1.cif,9yc6_HL,seed4_r2,9yc6_hl_sample_1.cif,0.09534
/mnt/data/msadepth/compreps/seedrep_cand/protenix/9yc6_HL/d611/seed4_r2/results/9yc6_hl/seed_0/predictions/9yc6_hl_sample_0.cif,9yc6_HL,seed4_r2,9yc6_hl_sample_0.cif,0.12585
/mnt/data/msadepth/compreps/seedrep_cand/protenix/9yc6_HL/d611/seed4_r0/results/9yc6_hl/seed_0/predictions/9yc6_hl_sample_2.cif,9yc6_HL,seed4_r0,9yc6_hl_sample_2.cif,0.09712
/mnt/data/msadepth/compreps/seedrep_cand/protenix/9yc6_HL/d611/seed4_r3/results/9yc6_hl/seed_0/predictions/9yc6_hl_sample_2.cif,9yc6_HL,seed4_r3,9yc6_hl_sample_2.cif,0.28304
/mnt/data/msadepth/compreps/seedrep_cand/protenix/9yc6_HL/d611/seed4_r0/results/9yc6_hl/seed_0/predictions/9yc6_hl_sample_4.cif,9yc6_HL,seed4_r0,9yc6_hl_sample_4.cif,0.07936
/mnt/data/msadepth/compreps/seedrep_cand/protenix/9yc6_HL/d611/seed4_r3/results/9yc6_hl/seed_0/predictions/9yc6_hl_sample_0.cif,9yc6_HL,seed4_r3,9yc6_hl_sample_0.cif,0.19261
/mnt/data/msadepth/compreps/seedrep_cand/protenix/9yc6_HL/d611/seed4_r1/results/9yc6_hl/seed_0/predictions/9yc6_hl_sample_4.cif,9yc6_HL,seed4_r1,9yc6_hl_sample_4.cif,0.13039
/mnt/data/msadepth/compreps/seedrep_cand/protenix/9yc6_HL/d611/seed5_r1/results/9yc6_hl/seed_0/predictions/9yc6_hl_sample_0.cif,9yc6_HL,seed5_r1,9yc6_hl_sample_0.cif,0.09511
/mnt/data/msadepth/compreps/seedrep_cand/protenix/9yc6_HL/d611/seed5_r2/results/9yc6_hl/seed_0/predictions/9yc6_hl_sample_2.cif,9yc6_HL,seed5_r2,9yc6_hl_sample_2.cif,0.13498
/mnt/data/msadepth/compreps/seedrep_cand/protenix/9yc6_HL/d611/seed5_r2/results/9yc6_hl/seed_0/predictions/9yc6_hl_sample_4.cif,9yc6_HL,seed5_r2,9yc6_hl_sample_4.cif,0.1362
/mnt/data/msadepth/compreps/seedrep_cand/protenix/9yc6_HL/d611/seed5_r1/results/9yc6_hl/seed_0/predictions/9yc6_hl_sample_2.cif,9yc6_HL,seed5_r1,9yc6_hl_sample_2.cif,0.2762
/mnt/data/msadepth/compreps/seedrep_cand/protenix/9yc6_HL/d611/seed5_r1/results/9yc6_hl/seed_0/predictions/9yc6_hl_sample_4.cif,9yc6_HL,seed5_r1,9yc6_hl_sample_4.cif,0.30995
/mnt/data/msadepth/compreps/seedrep_cand/protenix/9yc6_HL/d611/seed5_r1/results/9yc6_hl/seed_0/predictions/9yc6_hl_sample_1.cif,9yc6_HL,seed5_r1,9yc6_hl_sample_1.cif,0.04214
/mnt/data/msadepth/compreps/seedrep_cand/protenix/9yc6_HL/d611/seed5_r0/results/9yc6_hl/seed_0/predictions/9yc6_hl_sample_2.cif,9yc6_HL,seed5_r0,9yc6_hl_sample_2.cif,0.07769
/mnt/data/msadepth/compreps/seedrep_cand/protenix/9yc6_HL/d611/seed5_r2/results/9yc6_hl/seed_0/predictions/9yc6_hl_sample_3.cif,9yc6_HL,seed5_r2,9yc6_hl_sample_3.cif,0.17413
/mnt/data/msadepth/compreps/seedrep_cand/protenix/9yc6_HL/d611/seed5_r0/results/9yc6_hl/seed_0/predictions/9yc6_hl_sample_4.cif,9yc6_HL,seed5_r0,9yc6_hl_sample_4.cif,0.13171
/mnt/data/msadepth/compreps/seedrep_cand/protenix/9yc6_HL/d611/seed5_r0/results/9yc6_hl/seed_0/predictions/9yc6_hl_sample_1.cif,9yc6_HL,seed5_r0,9yc6_hl_sample_1.cif,0.24584
/mnt/data/msadepth/compreps/seedrep_cand/protenix/9yc6_HL/d611/seed5_r0/results/9yc6_hl/seed_0/predictions/9yc6_hl_sample_0.cif,9yc6_HL,seed5_r0,9yc6_hl_sample_0.cif,0.17719
/mnt/data/msadepth/compreps/seedrep_cand/protenix/9yc6_HL/d611/seed5_r3/results/9yc6_hl/seed_0/predictions/9yc6_hl_sample_3.cif,9yc6_HL,seed5_r3,9yc6_hl_sample_3.cif,0.10732
/mnt/data/msadepth/compreps/seedrep_cand/protenix/9yc6_HL/d611/seed5_r2/results/9yc6_hl/seed_0/predictions/9yc6_hl_sample_0.cif,9yc6_HL,seed5_r2,9yc6_hl_sample_0.cif,0.06747
/mnt/data/msadepth/compreps/seedrep_cand/protenix/9yc6_HL/d611/seed5_r2/results/9yc6_hl/seed_0/predictions/9yc6_hl_sample_1.cif,9yc6_HL,seed5_r2,9yc6_hl_sample_1.cif,0.16608
/mnt/data/msadepth/compreps/seedrep_cand/protenix/9yc6_HL/d611/seed5_r3/results/9yc6_hl/seed_0/predictions/9yc6_hl_sample_1.cif,9yc6_HL,seed5_r3,9yc6_hl_sample_1.cif,0.08424
/mnt/data/msadepth/compreps/seedrep_cand/protenix/9yc6_HL/d611/seed5_r3/results/9yc6_hl/seed_0/predictions/9yc6_hl_sample_0.cif,9yc6_HL,seed5_r3,9yc6_hl_sample_0.cif,0.08801
/mnt/data/msadepth/compreps/seedrep_cand/protenix/9yc6_HL/d611/seed5_r0/results/9yc6_hl/seed_0/predictions/9yc6_hl_sample_3.cif,9yc6_HL,seed5_r0,9yc6_hl_sample_3.cif,0.104
/mnt/data/msadepth/compreps/seedrep_cand/protenix/9yc6_HL/d611/seed5_r1/results/9yc6_hl/seed_0/predictions/9yc6_hl_sample_3.cif,9yc6_HL,seed5_r1,9yc6_hl_sample_3.cif,0.18287
/mnt/data/msadepth/compreps/seedrep_cand/protenix/9yc6_HL/d611/seed5_r3/results/9yc6_hl/seed_0/predictions/9yc6_hl_sample_4.cif,9yc6_HL,seed5_r3,9yc6_hl_sample_4.cif,0.29812
/mnt/data/msadepth/compreps/seedrep_cand/protenix/9yc6_HL/d611/seed5_r3/results/9yc6_hl/seed_0/predictions/9yc6_hl_sample_2.cif,9yc6_HL,seed5_r3,9yc6_hl_sample_2.cif,0.19875
/mnt/data/msadepth/compreps/seedrep_cand/protenix/9yc6_HL/d611/seedfull_r1/results/9yc6_hl/seed_0/predictions/9yc6_hl_sample_3.cif,9yc6_HL,seedfull_r1,9yc6_hl_sample_3.cif,0.08486
/mnt/data/msadepth/compreps/seedrep_cand/protenix/9yc6_HL/d611/seedfull_r2/results/9yc6_hl/seed_0/predictions/9yc6_hl_sample_1.cif,9yc6_HL,seedfull_r2,9yc6_hl_sample_1.cif,0.05032
/mnt/data/msadepth/compreps/seedrep_cand/protenix/9yc6_HL/d611/seedfull_r3/results/9yc6_hl/seed_0/predictions/9yc6_hl_sample_2.cif,9yc6_HL,seedfull_r3,9yc6_hl_sample_2.cif,0.0723
/mnt/data/msadepth/compreps/seedrep_cand/protenix/9yc6_HL/d611/seedfull_r2/results/9yc6_hl/seed_0/predictions/9yc6_hl_sample_3.cif,9yc6_HL,seedfull_r2,9yc6_hl_sample_3.cif,0.12139
/mnt/data/msadepth/compreps/seedrep_cand/protenix/9yc6_HL/d611/seedfull_r1/results/9yc6_hl/seed_0/predictions/9yc6_hl_sample_0.cif,9yc6_HL,seedfull_r1,9yc6_hl_sample_0.cif,0.10691
/mnt/data/msadepth/compreps/seedrep_cand/protenix/9yc6_HL/d611/seedfull_r0/results/9yc6_hl/seed_0/predictions/9yc6_hl_sample_4.cif,9yc6_HL,seedfull_r0,9yc6_hl_sample_4.cif,0.12657
/mnt/data/msadepth/compreps/seedrep_cand/protenix/9yc6_HL/d611/seedfull_r3/results/9yc6_hl/seed_0/predictions/9yc6_hl_sample_1.cif,9yc6_HL,seedfull_r3,9yc6_hl_sample_1.cif,0.16743
/mnt/data/msadepth/compreps/seedrep_cand/protenix/9yc6_HL/d611/seedfull_r2/results/9yc6_hl/seed_0/predictions/9yc6_hl_sample_4.cif,9yc6_HL,seedfull_r2,9yc6_hl_sample_4.cif,0.10365
/mnt/data/msadepth/compreps/seedrep_cand/protenix/9yc6_HL/d611/seedfull_r1/results/9yc6_hl/seed_0/predictions/9yc6_hl_sample_4.cif,9yc6_HL,seedfull_r1,9yc6_hl_sample_4.cif,0.09217
/mnt/data/msadepth/compreps/seedrep_cand/protenix/9yc6_HL/d611/seedfull_r1/results/9yc6_hl/seed_0/predictions/9yc6_hl_sample_1.cif,9yc6_HL,seedfull_r1,9yc6_hl_sample_1.cif,0.09974
/mnt/data/msadepth/compreps/seedrep_cand/protenix/9yc6_HL/d611/seedfull_r3/results/9yc6_hl/seed_0/predictions/9yc6_hl_sample_3.cif,9yc6_HL,seedfull_r3,9yc6_hl_sample_3.cif,0.05064
/mnt/data/msadepth/compreps/seedrep_cand/protenix/9yc6_HL/d611/seedfull_r2/results/9yc6_hl/seed_0/predictions/9yc6_hl_sample_2.cif,9yc6_HL,seedfull_r2,9yc6_hl_sample_2.cif,0.16628
/mnt/data/msadepth/compreps/seedrep_cand/protenix/9yc6_HL/d611/seedfull_r2/results/9yc6_hl/seed_0/predictions/9yc6_hl_sample_0.cif,9yc6_HL,seedfull_r2,9yc6_hl_sample_0.cif,0.13201
/mnt/data/msadepth/compreps/seedrep_cand/protenix/9yc6_HL/d611/seedfull_r3/results/9yc6_hl/seed_0/predictions/9yc6_hl_sample_4.cif,9yc6_HL,seedfull_r3,9yc6_hl_sample_4.cif,0.03775
/mnt/data/msadepth/compreps/seedrep_cand/protenix/9yc6_HL/d611/seedfull_r3/results/9yc6_hl/seed_0/predictions/9yc6_hl_sample_0.cif,9yc6_HL,seedfull_r3,9yc6_hl_sample_0.cif,0.08606
/mnt/data/msadepth/compreps/seedrep_cand/protenix/9yc6_HL/d611/seedfull_r1/results/9yc6_hl/seed_0/predictions/9yc6_hl_sample_2.cif,9yc6_HL,seedfull_r1,9yc6_hl_sample_2.cif,0.22863
/mnt/data/msadepth/compreps/seedrep_cand/protenix/9yc6_HL/d611/seedfull_r0/results/9yc6_hl/seed_0/predictions/9yc6_hl_sample_2.cif,9yc6_HL,seedfull_r0,9yc6_hl_sample_2.cif,0.09479
/mnt/data/msadepth/compreps/seedrep_cand/protenix/9yc6_HL/d611/seedfull_r0/results/9yc6_hl/seed_0/predictions/9yc6_hl_sample_1.cif,9yc6_HL,seedfull_r0,9yc6_hl_sample_1.cif,0.0348
/mnt/data/msadepth/compreps/seedrep_cand/protenix/9yc6_HL/d611/seedfull_r0/results/9yc6_hl/seed_0/predictions/9yc6_hl_sample_0.cif,9yc6_HL,seedfull_r0,9yc6_hl_sample_0.cif,0.14684
/mnt/data/msadepth/compreps/seedrep_cand/protenix/9yc6_HL/d611/seedfull_r0/results/9yc6_hl/seed_0/predictions/9yc6_hl_sample_3.cif,9yc6_HL,seedfull_r0,9yc6_hl_sample_3.cif,0.03185
/mnt/data/msadepth/compreps/seedrep_cand/protenix/9yc6_HL/d611/seedfull_r6/results/9yc6_hl/seed_0/predictions/9yc6_hl_sample_2.cif,9yc6_HL,seedfull_r6,9yc6_hl_sample_2.cif,0.21184
/mnt/data/msadepth/compreps/seedrep_cand/protenix/9yc6_HL/d611/seedfull_r4/results/9yc6_hl/seed_0/predictions/9yc6_hl_sample_0.cif,9yc6_HL,seedfull_r4,9yc6_hl_sample_0.cif,0.09623
/mnt/data/msadepth/compreps/seedrep_cand/protenix/9yc6_HL/d611/seedfull_r5/results/9yc6_hl/seed_0/predictions/9yc6_hl_sample_2.cif,9yc6_HL,seedfull_r5,9yc6_hl_sample_2.cif,0.10981
/mnt/data/msadepth/compreps/seedrep_cand/protenix/9yc6_HL/d611/seedfull_r4/results/9yc6_hl/seed_0/predictions/9yc6_hl_sample_2.cif,9yc6_HL,seedfull_r4,9yc6_hl_sample_2.cif,0.03045
/mnt/data/msadepth/compreps/seedrep_cand/protenix/9yc6_HL/d611/seedfull_r6/results/9yc6_hl/seed_0/predictions/9yc6_hl_sample_4.cif,9yc6_HL,seedfull_r6,9yc6_hl_sample_4.cif,0.0707
/mnt/data/msadepth/compreps/seedrep_cand/protenix/9yc6_HL/d611/seedfull_r7/results/9yc6_hl/seed_0/predictions/9yc6_hl_sample_4.cif,9yc6_HL,seedfull_r7,9yc6_hl_sample_4.cif,0.25876
/mnt/data/msadepth/compreps/seedrep_cand/protenix/9yc6_HL/d611/seedfull_r5/results/9yc6_hl/seed_0/predictions/9yc6_hl_sample_0.cif,9yc6_HL,seedfull_r5,9yc6_hl_sample_0.cif,0.08828
/mnt/data/msadepth/compreps/seedrep_cand/protenix/9yc6_HL/d611/seedfull_r5/results/9yc6_hl/seed_0/predictions/9yc6_hl_sample_1.cif,9yc6_HL,seedfull_r5,9yc6_hl_sample_1.cif,0.18827
/mnt/data/msadepth/compreps/seedrep_cand/protenix/9yc6_HL/d611/seedfull_r4/results/9yc6_hl/seed_0/predictions/9yc6_hl_sample_3.cif,9yc6_HL,seedfull_r4,9yc6_hl_sample_3.cif,0.17931
/mnt/data/msadepth/compreps/seedrep_cand/protenix/9yc6_HL/d611/seedfull_r5/results/9yc6_hl/seed_0/predictions/9yc6_hl_sample_3.cif,9yc6_HL,seedfull_r5,9yc6_hl_sample_3.cif,0.11963
/mnt/data/msadepth/compreps/seedrep_cand/protenix/9yc6_HL/d611/seedfull_r7/results/9yc6_hl/seed_0/predictions/9yc6_hl_sample_0.cif,9yc6_HL,seedfull_r7,9yc6_hl_sample_0.cif,0.06141
/mnt/data/msadepth/compreps/seedrep_cand/protenix/9yc6_HL/d611/seedfull_r6/results/9yc6_hl/seed_0/predictions/9yc6_hl_sample_1.cif,9yc6_HL,seedfull_r6,9yc6_hl_sample_1.cif,0.07229
/mnt/data/msadepth/compreps/seedrep_cand/protenix/9yc6_HL/d611/seedfull_r4/results/9yc6_hl/seed_0/predictions/9yc6_hl_sample_1.cif,9yc6_HL,seedfull_r4,9yc6_hl_sample_1.cif,0.10293
/mnt/data/msadepth/compreps/seedrep_cand/protenix/9yc6_HL/d611/seedfull_r5/results/9yc6_hl/seed_0/predictions/9yc6_hl_sample_4.cif,9yc6_HL,seedfull_r5,9yc6_hl_sample_4.cif,0.07054
/mnt/data/msadepth/compreps/seedrep_cand/protenix/9yc6_HL/d611/seedfull_r7/results/9yc6_hl/seed_0/predictions/9yc6_hl_sample_1.cif,9yc6_HL,seedfull_r7,9yc6_hl_sample_1.cif,0.20203
/mnt/data/msadepth/compreps/seedrep_cand/protenix/9yc6_HL/d611/seedfull_r4/results/9yc6_hl/seed_0/predictions/9yc6_hl_sample_4.cif,9yc6_HL,seedfull_r4,9yc6_hl_sample_4.cif,0.21102
/mnt/data/msadepth/compreps/seedrep_cand/protenix/9yc6_HL/d611/seedfull_r7/results/9yc6_hl/seed_0/predictions/9yc6_hl_sample_3.cif,9yc6_HL,seedfull_r7,9yc6_hl_sample_3.cif,0.22091
/mnt/data/msadepth/compreps/seedrep_cand/protenix/9yc6_HL/d611/seedfull_r6/results/9yc6_hl/seed_0/predictions/9yc6_hl_sample_0.cif,9yc6_HL,seedfull_r6,9yc6_hl_sample_0.cif,0.1121
/mnt/data/msadepth/compreps/seedrep_cand/protenix/9yc6_HL/d611/seedfull_r6/results/9yc6_hl/seed_0/predictions/9yc6_hl_sample_3.cif,9yc6_HL,seedfull_r6,9yc6_hl_sample_3.cif,0.09885
/mnt/data/msadepth/compreps/seedrep_cand/protenix/9yc6_HL/d611/seedfull_r7/results/9yc6_hl/seed_0/predictions/9yc6_hl_sample_2.cif,9yc6_HL,seedfull_r7,9yc6_hl_sample_2.cif,0.1978
/mnt/data/msadepth/compreps/seedrep_cand/protenix/9zdu_HL/d11017/seed0_r1/results/9zdu_hl/seed_0/predictions/9zdu_hl_sample_1.cif,9zdu_HL,seed0_r1,9zdu_hl_sample_1.cif,0.31954
/mnt/data/msadepth/compreps/seedrep_cand/protenix/9zdu_HL/d11017/seed0_r1/results/9zdu_hl/seed_0/predictions/9zdu_hl_sample_4.cif,9zdu_HL,seed0_r1,9zdu_hl_sample_4.cif,0.32059
/mnt/data/msadepth/compreps/seedrep_cand/protenix/9zdu_HL/d11017/seed0_r2/results/9zdu_hl/seed_0/predictions/9zdu_hl_sample_2.cif,9zdu_HL,seed0_r2,9zdu_hl_sample_2.cif,0.29711
/mnt/data/msadepth/compreps/seedrep_cand/protenix/9zdu_HL/d11017/seed0_r2/results/9zdu_hl/seed_0/predictions/9zdu_hl_sample_1.cif,9zdu_HL,seed0_r2,9zdu_hl_sample_1.cif,0.34221
/mnt/data/msadepth/compreps/seedrep_cand/protenix/9zdu_HL/d11017/seed0_r0/results/9zdu_hl/seed_0/predictions/9zdu_hl_sample_2.cif,9zdu_HL,seed0_r0,9zdu_hl_sample_2.cif,0.29232
/mnt/data/msadepth/compreps/seedrep_cand/protenix/9zdu_HL/d11017/seed0_r1/results/9zdu_hl/seed_0/predictions/9zdu_hl_sample_3.cif,9zdu_HL,seed0_r1,9zdu_hl_sample_3.cif,0.31846
/mnt/data/msadepth/compreps/seedrep_cand/protenix/9zdu_HL/d11017/seed0_r1/results/9zdu_hl/seed_0/predictions/9zdu_hl_sample_2.cif,9zdu_HL,seed0_r1,9zdu_hl_sample_2.cif,0.35167
/mnt/data/msadepth/compreps/seedrep_cand/protenix/9zdu_HL/d11017/seed0_r2/results/9zdu_hl/seed_0/predictions/9zdu_hl_sample_0.cif,9zdu_HL,seed0_r2,9zdu_hl_sample_0.cif,0.22385
/mnt/data/msadepth/compreps/seedrep_cand/protenix/9zdu_HL/d11017/seed0_r0/results/9zdu_hl/seed_0/predictions/9zdu_hl_sample_4.cif,9zdu_HL,seed0_r0,9zdu_hl_sample_4.cif,0.21943
/mnt/data/msadepth/compreps/seedrep_cand/protenix/9zdu_HL/d11017/seed0_r2/results/9zdu_hl/seed_0/predictions/9zdu_hl_sample_4.cif,9zdu_HL,seed0_r2,9zdu_hl_sample_4.cif,0.27628
/mnt/data/msadepth/compreps/seedrep_cand/protenix/9zdu_HL/d11017/seed0_r0/results/9zdu_hl/seed_0/predictions/9zdu_hl_sample_0.cif,9zdu_HL,seed0_r0,9zdu_hl_sample_0.cif,0.28812
/mnt/data/msadepth/compreps/seedrep_cand/protenix/9zdu_HL/d11017/seed0_r3/results/9zdu_hl/seed_0/predictions/9zdu_hl_sample_2.cif,9zdu_HL,seed0_r3,9zdu_hl_sample_2.cif,0.24446
/mnt/data/msadepth/compreps/seedrep_cand/protenix/9zdu_HL/d11017/seed0_r0/results/9zdu_hl/seed_0/predictions/9zdu_hl_sample_1.cif,9zdu_HL,seed0_r0,9zdu_hl_sample_1.cif,0.19538
/mnt/data/msadepth/compreps/seedrep_cand/protenix/9zdu_HL/d11017/seed0_r3/results/9zdu_hl/seed_0/predictions/9zdu_hl_sample_0.cif,9zdu_HL,seed0_r3,9zdu_hl_sample_0.cif,0.26489
/mnt/data/msadepth/compreps/seedrep_cand/protenix/9zdu_HL/d11017/seed0_r3/results/9zdu_hl/seed_0/predictions/9zdu_hl_sample_3.cif,9zdu_HL,seed0_r3,9zdu_hl_sample_3.cif,0.27269
/mnt/data/msadepth/compreps/seedrep_cand/protenix/9zdu_HL/d11017/seed0_r3/results/9zdu_hl/seed_0/predictions/9zdu_hl_sample_4.cif,9zdu_HL,seed0_r3,9zdu_hl_sample_4.cif,0.31667
/mnt/data/msadepth/compreps/seedrep_cand/protenix/9zdu_HL/d11017/seed0_r0/results/9zdu_hl/seed_0/predictions/9zdu_hl_sample_3.cif,9zdu_HL,seed0_r0,9zdu_hl_sample_3.cif,0.35084
/mnt/data/msadepth/compreps/seedrep_cand/protenix/9zdu_HL/d11017/seed0_r3/results/9zdu_hl/seed_0/predictions/9zdu_hl_sample_1.cif,9zdu_HL,seed0_r3,9zdu_hl_sample_1.cif,0.32655
/mnt/data/msadepth/compreps/seedrep_cand/protenix/9zdu_HL/d11017/seed0_r2/results/9zdu_hl/seed_0/predictions/9zdu_hl_sample_3.cif,9zdu_HL,seed0_r2,9zdu_hl_sample_3.cif,0.27266
/mnt/data/msadepth/compreps/seedrep_cand/protenix/9zdu_HL/d11017/seed0_r1/results/9zdu_hl/seed_0/predictions/9zdu_hl_sample_0.cif,9zdu_HL,seed0_r1,9zdu_hl_sample_0.cif,0.36325
/mnt/data/msadepth/compreps/seedrep_cand/protenix/9zdu_HL/d11017/seed1_r1/results/9zdu_hl/seed_0/predictions/9zdu_hl_sample_4.cif,9zdu_HL,seed1_r1,9zdu_hl_sample_4.cif,0.1451
/mnt/data/msadepth/compreps/seedrep_cand/protenix/9zdu_HL/d11017/seed1_r3/results/9zdu_hl/seed_0/predictions/9zdu_hl_sample_2.cif,9zdu_HL,seed1_r3,9zdu_hl_sample_2.cif,0.23036
/mnt/data/msadepth/compreps/seedrep_cand/protenix/9zdu_HL/d11017/seed1_r3/results/9zdu_hl/seed_0/predictions/9zdu_hl_sample_4.cif,9zdu_HL,seed1_r3,9zdu_hl_sample_4.cif,0.05864
/mnt/data/msadepth/compreps/seedrep_cand/protenix/9zdu_HL/d11017/seed1_r3/results/9zdu_hl/seed_0/predictions/9zdu_hl_sample_0.cif,9zdu_HL,seed1_r3,9zdu_hl_sample_0.cif,0.06241
/mnt/data/msadepth/compreps/seedrep_cand/protenix/9zdu_HL/d11017/seed1_r0/results/9zdu_hl/seed_0/predictions/9zdu_hl_sample_2.cif,9zdu_HL,seed1_r0,9zdu_hl_sample_2.cif,0.18854
/mnt/data/msadepth/compreps/seedrep_cand/protenix/9zdu_HL/d11017/seed1_r3/results/9zdu_hl/seed_0/predictions/9zdu_hl_sample_3.cif,9zdu_HL,seed1_r3,9zdu_hl_sample_3.cif,0.16574
/mnt/data/msadepth/compreps/seedrep_cand/protenix/9zdu_HL/d11017/seed1_r1/results/9zdu_hl/seed_0/predictions/9zdu_hl_sample_2.cif,9zdu_HL,seed1_r1,9zdu_hl_sample_2.cif,0.06087
/mnt/data/msadepth/compreps/seedrep_cand/protenix/9zdu_HL/d11017/seed1_r2/results/9zdu_hl/seed_0/predictions/9zdu_hl_sample_4.cif,9zdu_HL,seed1_r2,9zdu_hl_sample_4.cif,0.0865
/mnt/data/msadepth/compreps/seedrep_cand/protenix/9zdu_HL/d11017/seed1_r0/results/9zdu_hl/seed_0/predictions/9zdu_hl_sample_1.cif,9zdu_HL,seed1_r0,9zdu_hl_sample_1.cif,0.08142
/mnt/data/msadepth/compreps/seedrep_cand/protenix/9zdu_HL/d11017/seed1_r3/results/9zdu_hl/seed_0/predictions/9zdu_hl_sample_1.cif,9zdu_HL,seed1_r3,9zdu_hl_sample_1.cif,0.2058
/mnt/data/msadepth/compreps/seedrep_cand/protenix/9zdu_HL/d11017/seed1_r2/results/9zdu_hl/seed_0/predictions/9zdu_hl_sample_3.cif,9zdu_HL,seed1_r2,9zdu_hl_sample_3.cif,0.10795
/mnt/data/msadepth/compreps/seedrep_cand/protenix/9zdu_HL/d11017/seed1_r2/results/9zdu_hl/seed_0/predictions/9zdu_hl_sample_2.cif,9zdu_HL,seed1_r2,9zdu_hl_sample_2.cif,0.07293
/mnt/data/msadepth/compreps/seedrep_cand/protenix/9zdu_HL/d11017/seed1_r1/results/9zdu_hl/seed_0/predictions/9zdu_hl_sample_1.cif,9zdu_HL,seed1_r1,9zdu_hl_sample_1.cif,0.04818
/mnt/data/msadepth/compreps/seedrep_cand/protenix/9zdu_HL/d11017/seed1_r0/results/9zdu_hl/seed_0/predictions/9zdu_hl_sample_4.cif,9zdu_HL,seed1_r0,9zdu_hl_sample_4.cif,0.06723
/mnt/data/msadepth/compreps/seedrep_cand/protenix/9zdu_HL/d11017/seed1_r2/results/9zdu_hl/seed_0/predictions/9zdu_hl_sample_0.cif,9zdu_HL,seed1_r2,9zdu_hl_sample_0.cif,0.12138
/mnt/data/msadepth/compreps/seedrep_cand/protenix/9zdu_HL/d11017/seed1_r1/results/9zdu_hl/seed_0/predictions/9zdu_hl_sample_3.cif,9zdu_HL,seed1_r1,9zdu_hl_sample_3.cif,0.21837
/mnt/data/msadepth/compreps/seedrep_cand/protenix/9zdu_HL/d11017/seed1_r0/results/9zdu_hl/seed_0/predictions/9zdu_hl_sample_3.cif,9zdu_HL,seed1_r0,9zdu_hl_sample_3.cif,0.05959
/mnt/data/msadepth/compreps/seedrep_cand/protenix/9zdu_HL/d11017/seed1_r2/results/9zdu_hl/seed_0/predictions/9zdu_hl_sample_1.cif,9zdu_HL,seed1_r2,9zdu_hl_sample_1.cif,0.11994
/mnt/data/msadepth/compreps/seedrep_cand/protenix/9zdu_HL/d11017/seed1_r1/results/9zdu_hl/seed_0/predictions/9zdu_hl_sample_0.cif,9zdu_HL,seed1_r1,9zdu_hl_sample_0.cif,0.11578
/mnt/data/msadepth/compreps/seedrep_cand/protenix/9zdu_HL/d11017/seed1_r0/results/9zdu_hl/seed_0/predictions/9zdu_hl_sample_0.cif,9zdu_HL,seed1_r0,9zdu_hl_sample_0.cif,0.22901
/mnt/data/msadepth/compreps/seedrep_cand/protenix/9zdu_HL/d11017/seed2_r2/results/9zdu_hl/seed_0/predictions/9zdu_hl_sample_2.cif,9zdu_HL,seed2_r2,9zdu_hl_sample_2.cif,0.06176
/mnt/data/msadepth/compreps/seedrep_cand/protenix/9zdu_HL/d11017/seed2_r0/results/9zdu_hl/seed_0/predictions/9zdu_hl_sample_1.cif,9zdu_HL,seed2_r0,9zdu_hl_sample_1.cif,0.1087
/mnt/data/msadepth/compreps/seedrep_cand/protenix/9zdu_HL/d11017/seed2_r1/results/9zdu_hl/seed_0/predictions/9zdu_hl_sample_1.cif,9zdu_HL,seed2_r1,9zdu_hl_sample_1.cif,0.20518
/mnt/data/msadepth/compreps/seedrep_cand/protenix/9zdu_HL/d11017/seed2_r1/results/9zdu_hl/seed_0/predictions/9zdu_hl_sample_4.cif,9zdu_HL,seed2_r1,9zdu_hl_sample_4.cif,0.26719
/mnt/data/msadepth/compreps/seedrep_cand/protenix/9zdu_HL/d11017/seed2_r2/results/9zdu_hl/seed_0/predictions/9zdu_hl_sample_3.cif,9zdu_HL,seed2_r2,9zdu_hl_sample_3.cif,0.05198
/mnt/data/msadepth/compreps/seedrep_cand/protenix/9zdu_HL/d11017/seed2_r0/results/9zdu_hl/seed_0/predictions/9zdu_hl_sample_2.cif,9zdu_HL,seed2_r0,9zdu_hl_sample_2.cif,0.09589
/mnt/data/msadepth/compreps/seedrep_cand/protenix/9zdu_HL/d11017/seed2_r3/results/9zdu_hl/seed_0/predictions/9zdu_hl_sample_2.cif,9zdu_HL,seed2_r3,9zdu_hl_sample_2.cif,0.1475
/mnt/data/msadepth/compreps/seedrep_cand/protenix/9zdu_HL/d11017/seed2_r3/results/9zdu_hl/seed_0/predictions/9zdu_hl_sample_1.cif,9zdu_HL,seed2_r3,9zdu_hl_sample_1.cif,0.32312
/mnt/data/msadepth/compreps/seedrep_cand/protenix/9zdu_HL/d11017/seed2_r3/results/9zdu_hl/seed_0/predictions/9zdu_hl_sample_3.cif,9zdu_HL,seed2_r3,9zdu_hl_sample_3.cif,0.28303
/mnt/data/msadepth/compreps/seedrep_cand/protenix/9zdu_HL/d11017/seed2_r1/results/9zdu_hl/seed_0/predictions/9zdu_hl_sample_2.cif,9zdu_HL,seed2_r1,9zdu_hl_sample_2.cif,0.25359
/mnt/data/msadepth/compreps/seedrep_cand/protenix/9zdu_HL/d11017/seed2_r2/results/9zdu_hl/seed_0/predictions/9zdu_hl_sample_1.cif,9zdu_HL,seed2_r2,9zdu_hl_sample_1.cif,0.16469
/mnt/data/msadepth/compreps/seedrep_cand/protenix/9zdu_HL/d11017/seed2_r2/results/9zdu_hl/seed_0/predictions/9zdu_hl_sample_0.cif,9zdu_HL,seed2_r2,9zdu_hl_sample_0.cif,0.05483
/mnt/data/msadepth/compreps/seedrep_cand/protenix/9zdu_HL/d11017/seed2_r1/results/9zdu_hl/seed_0/predictions/9zdu_hl_sample_0.cif,9zdu_HL,seed2_r1,9zdu_hl_sample_0.cif,0.3258
/mnt/data/msadepth/compreps/seedrep_cand/protenix/9zdu_HL/d11017/seed2_r3/results/9zdu_hl/seed_0/predictions/9zdu_hl_sample_0.cif,9zdu_HL,seed2_r3,9zdu_hl_sample_0.cif,0.1008
/mnt/data/msadepth/compreps/seedrep_cand/protenix/9zdu_HL/d11017/seed2_r0/results/9zdu_hl/seed_0/predictions/9zdu_hl_sample_3.cif,9zdu_HL,seed2_r0,9zdu_hl_sample_3.cif,0.05813
/mnt/data/msadepth/compreps/seedrep_cand/protenix/9zdu_HL/d11017/seed2_r3/results/9zdu_hl/seed_0/predictions/9zdu_hl_sample_4.cif,9zdu_HL,seed2_r3,9zdu_hl_sample_4.cif,0.25357
/mnt/data/msadepth/compreps/seedrep_cand/protenix/9zdu_HL/d11017/seed2_r0/results/9zdu_hl/seed_0/predictions/9zdu_hl_sample_0.cif,9zdu_HL,seed2_r0,9zdu_hl_sample_0.cif,0.16004
/mnt/data/msadepth/compreps/seedrep_cand/protenix/9zdu_HL/d11017/seed2_r1/results/9zdu_hl/seed_0/predictions/9zdu_hl_sample_3.cif,9zdu_HL,seed2_r1,9zdu_hl_sample_3.cif,0.31384
/mnt/data/msadepth/compreps/seedrep_cand/protenix/9zdu_HL/d11017/seed2_r2/results/9zdu_hl/seed_0/predictions/9zdu_hl_sample_4.cif,9zdu_HL,seed2_r2,9zdu_hl_sample_4.cif,0.07999
/mnt/data/msadepth/compreps/seedrep_cand/protenix/9zdu_HL/d11017/seed2_r0/results/9zdu_hl/seed_0/predictions/9zdu_hl_sample_4.cif,9zdu_HL,seed2_r0,9zdu_hl_sample_4.cif,0.12187
/mnt/data/msadepth/compreps/seedrep_cand/protenix/9zdu_HL/d11017/seed3_r1/results/9zdu_hl/seed_0/predictions/9zdu_hl_sample_4.cif,9zdu_HL,seed3_r1,9zdu_hl_sample_4.cif,0.04188
/mnt/data/msadepth/compreps/seedrep_cand/protenix/9zdu_HL/d11017/seed3_r3/results/9zdu_hl/seed_0/predictions/9zdu_hl_sample_4.cif,9zdu_HL,seed3_r3,9zdu_hl_sample_4.cif,0.26781
/mnt/data/msadepth/compreps/seedrep_cand/protenix/9zdu_HL/d11017/seed3_r0/results/9zdu_hl/seed_0/predictions/9zdu_hl_sample_0.cif,9zdu_HL,seed3_r0,9zdu_hl_sample_0.cif,0.0693
/mnt/data/msadepth/compreps/seedrep_cand/protenix/9zdu_HL/d11017/seed3_r3/results/9zdu_hl/seed_0/predictions/9zdu_hl_sample_2.cif,9zdu_HL,seed3_r3,9zdu_hl_sample_2.cif,0.0873
/mnt/data/msadepth/compreps/seedrep_cand/protenix/9zdu_HL/d11017/seed3_r2/results/9zdu_hl/seed_0/predictions/9zdu_hl_sample_3.cif,9zdu_HL,seed3_r2,9zdu_hl_sample_3.cif,0.06378
/mnt/data/msadepth/compreps/seedrep_cand/protenix/9zdu_HL/d11017/seed3_r2/results/9zdu_hl/seed_0/predictions/9zdu_hl_sample_4.cif,9zdu_HL,seed3_r2,9zdu_hl_sample_4.cif,0.20659
/mnt/data/msadepth/compreps/seedrep_cand/protenix/9zdu_HL/d11017/seed3_r0/results/9zdu_hl/seed_0/predictions/9zdu_hl_sample_3.cif,9zdu_HL,seed3_r0,9zdu_hl_sample_3.cif,0.14594
/mnt/data/msadepth/compreps/seedrep_cand/protenix/9zdu_HL/d11017/seed3_r2/results/9zdu_hl/seed_0/predictions/9zdu_hl_sample_0.cif,9zdu_HL,seed3_r2,9zdu_hl_sample_0.cif,0.1253
/mnt/data/msadepth/compreps/seedrep_cand/protenix/9zdu_HL/d11017/seed3_r1/results/9zdu_hl/seed_0/predictions/9zdu_hl_sample_3.cif,9zdu_HL,seed3_r1,9zdu_hl_sample_3.cif,0.1095
/mnt/data/msadepth/compreps/seedrep_cand/protenix/9zdu_HL/d11017/seed3_r0/results/9zdu_hl/seed_0/predictions/9zdu_hl_sample_1.cif,9zdu_HL,seed3_r0,9zdu_hl_sample_1.cif,0.15382
/mnt/data/msadepth/compreps/seedrep_cand/protenix/9zdu_HL/d11017/seed3_r2/results/9zdu_hl/seed_0/predictions/9zdu_hl_sample_2.cif,9zdu_HL,seed3_r2,9zdu_hl_sample_2.cif,0.12401
/mnt/data/msadepth/compreps/seedrep_cand/protenix/9zdu_HL/d11017/seed3_r0/results/9zdu_hl/seed_0/predictions/9zdu_hl_sample_4.cif,9zdu_HL,seed3_r0,9zdu_hl_sample_4.cif,0.16568
/mnt/data/msadepth/compreps/seedrep_cand/protenix/9zdu_HL/d11017/seed3_r3/results/9zdu_hl/seed_0/predictions/9zdu_hl_sample_3.cif,9zdu_HL,seed3_r3,9zdu_hl_sample_3.cif,0.03699
/mnt/data/msadepth/compreps/seedrep_cand/protenix/9zdu_HL/d11017/seed3_r1/results/9zdu_hl/seed_0/predictions/9zdu_hl_sample_2.cif,9zdu_HL,seed3_r1,9zdu_hl_sample_2.cif,0.14856
/mnt/data/msadepth/compreps/seedrep_cand/protenix/9zdu_HL/d11017/seed3_r3/results/9zdu_hl/seed_0/predictions/9zdu_hl_sample_1.cif,9zdu_HL,seed3_r3,9zdu_hl_sample_1.cif,0.04384
/mnt/data/msadepth/compreps/seedrep_cand/protenix/9zdu_HL/d11017/seed3_r2/results/9zdu_hl/seed_0/predictions/9zdu_hl_sample_1.cif,9zdu_HL,seed3_r2,9zdu_hl_sample_1.cif,0.20668
/mnt/data/msadepth/compreps/seedrep_cand/protenix/9zdu_HL/d11017/seed3_r1/results/9zdu_hl/seed_0/predictions/9zdu_hl_sample_1.cif,9zdu_HL,seed3_r1,9zdu_hl_sample_1.cif,0.16593
/mnt/data/msadepth/compreps/seedrep_cand/protenix/9zdu_HL/d11017/seed3_r0/results/9zdu_hl/seed_0/predictions/9zdu_hl_sample_2.cif,9zdu_HL,seed3_r0,9zdu_hl_sample_2.cif,0.15018
/mnt/data/msadepth/compreps/seedrep_cand/protenix/9zdu_HL/d11017/seed3_r3/results/9zdu_hl/seed_0/predictions/9zdu_hl_sample_0.cif,9zdu_HL,seed3_r3,9zdu_hl_sample_0.cif,0.14677
/mnt/data/msadepth/compreps/seedrep_cand/protenix/9zdu_HL/d11017/seed3_r1/results/9zdu_hl/seed_0/predictions/9zdu_hl_sample_0.cif,9zdu_HL,seed3_r1,9zdu_hl_sample_0.cif,0.06848
/mnt/data/msadepth/compreps/seedrep_cand/protenix/9zdu_HL/d11017/seed4_r2/results/9zdu_hl/seed_0/predictions/9zdu_hl_sample_4.cif,9zdu_HL,seed4_r2,9zdu_hl_sample_4.cif,0.28978
/mnt/data/msadepth/compreps/seedrep_cand/protenix/9zdu_HL/d11017/seed4_r3/results/9zdu_hl/seed_0/predictions/9zdu_hl_sample_1.cif,9zdu_HL,seed4_r3,9zdu_hl_sample_1.cif,0.32389
/mnt/data/msadepth/compreps/seedrep_cand/protenix/9zdu_HL/d11017/seed4_r2/results/9zdu_hl/seed_0/predictions/9zdu_hl_sample_2.cif,9zdu_HL,seed4_r2,9zdu_hl_sample_2.cif,0.21887
/mnt/data/msadepth/compreps/seedrep_cand/protenix/9zdu_HL/d11017/seed4_r1/results/9zdu_hl/seed_0/predictions/9zdu_hl_sample_0.cif,9zdu_HL,seed4_r1,9zdu_hl_sample_0.cif,0.30857
/mnt/data/msadepth/compreps/seedrep_cand/protenix/9zdu_HL/d11017/seed4_r0/results/9zdu_hl/seed_0/predictions/9zdu_hl_sample_0.cif,9zdu_HL,seed4_r0,9zdu_hl_sample_0.cif,0.32252
/mnt/data/msadepth/compreps/seedrep_cand/protenix/9zdu_HL/d11017/seed4_r1/results/9zdu_hl/seed_0/predictions/9zdu_hl_sample_1.cif,9zdu_HL,seed4_r1,9zdu_hl_sample_1.cif,0.27783
/mnt/data/msadepth/compreps/seedrep_cand/protenix/9zdu_HL/d11017/seed4_r3/results/9zdu_hl/seed_0/predictions/9zdu_hl_sample_3.cif,9zdu_HL,seed4_r3,9zdu_hl_sample_3.cif,0.2278
/mnt/data/msadepth/compreps/seedrep_cand/protenix/9zdu_HL/d11017/seed4_r1/results/9zdu_hl/seed_0/predictions/9zdu_hl_sample_3.cif,9zdu_HL,seed4_r1,9zdu_hl_sample_3.cif,0.35585
/mnt/data/msadepth/compreps/seedrep_cand/protenix/9zdu_HL/d11017/seed4_r3/results/9zdu_hl/seed_0/predictions/9zdu_hl_sample_4.cif,9zdu_HL,seed4_r3,9zdu_hl_sample_4.cif,0.1143
/mnt/data/msadepth/compreps/seedrep_cand/protenix/9zdu_HL/d11017/seed4_r0/results/9zdu_hl/seed_0/predictions/9zdu_hl_sample_3.cif,9zdu_HL,seed4_r0,9zdu_hl_sample_3.cif,0.17963
/mnt/data/msadepth/compreps/seedrep_cand/protenix/9zdu_HL/d11017/seed4_r2/results/9zdu_hl/seed_0/predictions/9zdu_hl_sample_3.cif,9zdu_HL,seed4_r2,9zdu_hl_sample_3.cif,0.27165
/mnt/data/msadepth/compreps/seedrep_cand/protenix/9zdu_HL/d11017/seed4_r0/results/9zdu_hl/seed_0/predictions/9zdu_hl_sample_1.cif,9zdu_HL,seed4_r0,9zdu_hl_sample_1.cif,0.22559
/mnt/data/msadepth/compreps/seedrep_cand/protenix/9zdu_HL/d11017/seed4_r1/results/9zdu_hl/seed_0/predictions/9zdu_hl_sample_2.cif,9zdu_HL,seed4_r1,9zdu_hl_sample_2.cif,0.27062
/mnt/data/msadepth/compreps/seedrep_cand/protenix/9zdu_HL/d11017/seed4_r2/results/9zdu_hl/seed_0/predictions/9zdu_hl_sample_1.cif,9zdu_HL,seed4_r2,9zdu_hl_sample_1.cif,0.37434
/mnt/data/msadepth/compreps/seedrep_cand/protenix/9zdu_HL/d11017/seed4_r2/results/9zdu_hl/seed_0/predictions/9zdu_hl_sample_0.cif,9zdu_HL,seed4_r2,9zdu_hl_sample_0.cif,0.37869
/mnt/data/msadepth/compreps/seedrep_cand/protenix/9zdu_HL/d11017/seed4_r0/results/9zdu_hl/seed_0/predictions/9zdu_hl_sample_2.cif,9zdu_HL,seed4_r0,9zdu_hl_sample_2.cif,0.30669
/mnt/data/msadepth/compreps/seedrep_cand/protenix/9zdu_HL/d11017/seed4_r3/results/9zdu_hl/seed_0/predictions/9zdu_hl_sample_2.cif,9zdu_HL,seed4_r3,9zdu_hl_sample_2.cif,0.2744
/mnt/data/msadepth/compreps/seedrep_cand/protenix/9zdu_HL/d11017/seed4_r0/results/9zdu_hl/seed_0/predictions/9zdu_hl_sample_4.cif,9zdu_HL,seed4_r0,9zdu_hl_sample_4.cif,0.31124
/mnt/data/msadepth/compreps/seedrep_cand/protenix/9zdu_HL/d11017/seed4_r3/results/9zdu_hl/seed_0/predictions/9zdu_hl_sample_0.cif,9zdu_HL,seed4_r3,9zdu_hl_sample_0.cif,0.36587
/mnt/data/msadepth/compreps/seedrep_cand/protenix/9zdu_HL/d11017/seed4_r1/results/9zdu_hl/seed_0/predictions/9zdu_hl_sample_4.cif,9zdu_HL,seed4_r1,9zdu_hl_sample_4.cif,0.40373
/mnt/data/msadepth/compreps/seedrep_cand/protenix/9zdu_HL/d11017/seed5_r1/results/9zdu_hl/seed_0/predictions/9zdu_hl_sample_0.cif,9zdu_HL,seed5_r1,9zdu_hl_sample_0.cif,0.33161
/mnt/data/msadepth/compreps/seedrep_cand/protenix/9zdu_HL/d11017/seed5_r2/results/9zdu_hl/seed_0/predictions/9zdu_hl_sample_2.cif,9zdu_HL,seed5_r2,9zdu_hl_sample_2.cif,0.40472
/mnt/data/msadepth/compreps/seedrep_cand/protenix/9zdu_HL/d11017/seed5_r2/results/9zdu_hl/seed_0/predictions/9zdu_hl_sample_4.cif,9zdu_HL,seed5_r2,9zdu_hl_sample_4.cif,0.35399
/mnt/data/msadepth/compreps/seedrep_cand/protenix/9zdu_HL/d11017/seed5_r1/results/9zdu_hl/seed_0/predictions/9zdu_hl_sample_2.cif,9zdu_HL,seed5_r1,9zdu_hl_sample_2.cif,0.3628
/mnt/data/msadepth/compreps/seedrep_cand/protenix/9zdu_HL/d11017/seed5_r1/results/9zdu_hl/seed_0/predictions/9zdu_hl_sample_4.cif,9zdu_HL,seed5_r1,9zdu_hl_sample_4.cif,0.27059
/mnt/data/msadepth/compreps/seedrep_cand/protenix/9zdu_HL/d11017/seed5_r1/results/9zdu_hl/seed_0/predictions/9zdu_hl_sample_1.cif,9zdu_HL,seed5_r1,9zdu_hl_sample_1.cif,0.36696
/mnt/data/msadepth/compreps/seedrep_cand/protenix/9zdu_HL/d11017/seed5_r0/results/9zdu_hl/seed_0/predictions/9zdu_hl_sample_2.cif,9zdu_HL,seed5_r0,9zdu_hl_sample_2.cif,0.31375
/mnt/data/msadepth/compreps/seedrep_cand/protenix/9zdu_HL/d11017/seed5_r2/results/9zdu_hl/seed_0/predictions/9zdu_hl_sample_3.cif,9zdu_HL,seed5_r2,9zdu_hl_sample_3.cif,0.24719
/mnt/data/msadepth/compreps/seedrep_cand/protenix/9zdu_HL/d11017/seed5_r0/results/9zdu_hl/seed_0/predictions/9zdu_hl_sample_4.cif,9zdu_HL,seed5_r0,9zdu_hl_sample_4.cif,0.36546
/mnt/data/msadepth/compreps/seedrep_cand/protenix/9zdu_HL/d11017/seed5_r0/results/9zdu_hl/seed_0/predictions/9zdu_hl_sample_1.cif,9zdu_HL,seed5_r0,9zdu_hl_sample_1.cif,0.35109
/mnt/data/msadepth/compreps/seedrep_cand/protenix/9zdu_HL/d11017/seed5_r0/results/9zdu_hl/seed_0/predictions/9zdu_hl_sample_0.cif,9zdu_HL,seed5_r0,9zdu_hl_sample_0.cif,0.27097
/mnt/data/msadepth/compreps/seedrep_cand/protenix/9zdu_HL/d11017/seed5_r3/results/9zdu_hl/seed_0/predictions/9zdu_hl_sample_3.cif,9zdu_HL,seed5_r3,9zdu_hl_sample_3.cif,0.39702
/mnt/data/msadepth/compreps/seedrep_cand/protenix/9zdu_HL/d11017/seed5_r2/results/9zdu_hl/seed_0/predictions/9zdu_hl_sample_0.cif,9zdu_HL,seed5_r2,9zdu_hl_sample_0.cif,0.24194
/mnt/data/msadepth/compreps/seedrep_cand/protenix/9zdu_HL/d11017/seed5_r2/results/9zdu_hl/seed_0/predictions/9zdu_hl_sample_1.cif,9zdu_HL,seed5_r2,9zdu_hl_sample_1.cif,0.21706
/mnt/data/msadepth/compreps/seedrep_cand/protenix/9zdu_HL/d11017/seed5_r3/results/9zdu_hl/seed_0/predictions/9zdu_hl_sample_1.cif,9zdu_HL,seed5_r3,9zdu_hl_sample_1.cif,0.28022
/mnt/data/msadepth/compreps/seedrep_cand/protenix/9zdu_HL/d11017/seed5_r3/results/9zdu_hl/seed_0/predictions/9zdu_hl_sample_0.cif,9zdu_HL,seed5_r3,9zdu_hl_sample_0.cif,0.24686
/mnt/data/msadepth/compreps/seedrep_cand/protenix/9zdu_HL/d11017/seed5_r0/results/9zdu_hl/seed_0/predictions/9zdu_hl_sample_3.cif,9zdu_HL,seed5_r0,9zdu_hl_sample_3.cif,0.27192
/mnt/data/msadepth/compreps/seedrep_cand/protenix/9zdu_HL/d11017/seed5_r1/results/9zdu_hl/seed_0/predictions/9zdu_hl_sample_3.cif,9zdu_HL,seed5_r1,9zdu_hl_sample_3.cif,0.36173
/mnt/data/msadepth/compreps/seedrep_cand/protenix/9zdu_HL/d11017/seed5_r3/results/9zdu_hl/seed_0/predictions/9zdu_hl_sample_4.cif,9zdu_HL,seed5_r3,9zdu_hl_sample_4.cif,0.30188
/mnt/data/msadepth/compreps/seedrep_cand/protenix/9zdu_HL/d11017/seed5_r3/results/9zdu_hl/seed_0/predictions/9zdu_hl_sample_2.cif,9zdu_HL,seed5_r3,9zdu_hl_sample_2.cif,0.31647
/mnt/data/msadepth/compreps/seedrep_cand/protenix/9zdu_HL/d11017/seedfull_r1/results/9zdu_hl/seed_0/predictions/9zdu_hl_sample_3.cif,9zdu_HL,seedfull_r1,9zdu_hl_sample_3.cif,0.30076
/mnt/data/msadepth/compreps/seedrep_cand/protenix/9zdu_HL/d11017/seedfull_r2/results/9zdu_hl/seed_0/predictions/9zdu_hl_sample_1.cif,9zdu_HL,seedfull_r2,9zdu_hl_sample_1.cif,0.38496
/mnt/data/msadepth/compreps/seedrep_cand/protenix/9zdu_HL/d11017/seedfull_r3/results/9zdu_hl/seed_0/predictions/9zdu_hl_sample_2.cif,9zdu_HL,seedfull_r3,9zdu_hl_sample_2.cif,0.21934
/mnt/data/msadepth/compreps/seedrep_cand/protenix/9zdu_HL/d11017/seedfull_r2/results/9zdu_hl/seed_0/predictions/9zdu_hl_sample_3.cif,9zdu_HL,seedfull_r2,9zdu_hl_sample_3.cif,0.28832
/mnt/data/msadepth/compreps/seedrep_cand/protenix/9zdu_HL/d11017/seedfull_r1/results/9zdu_hl/seed_0/predictions/9zdu_hl_sample_0.cif,9zdu_HL,seedfull_r1,9zdu_hl_sample_0.cif,0.29313
/mnt/data/msadepth/compreps/seedrep_cand/protenix/9zdu_HL/d11017/seedfull_r0/results/9zdu_hl/seed_0/predictions/9zdu_hl_sample_4.cif,9zdu_HL,seedfull_r0,9zdu_hl_sample_4.cif,0.10836
/mnt/data/msadepth/compreps/seedrep_cand/protenix/9zdu_HL/d11017/seedfull_r3/results/9zdu_hl/seed_0/predictions/9zdu_hl_sample_1.cif,9zdu_HL,seedfull_r3,9zdu_hl_sample_1.cif,0.32534
/mnt/data/msadepth/compreps/seedrep_cand/protenix/9zdu_HL/d11017/seedfull_r2/results/9zdu_hl/seed_0/predictions/9zdu_hl_sample_4.cif,9zdu_HL,seedfull_r2,9zdu_hl_sample_4.cif,0.26054
/mnt/data/msadepth/compreps/seedrep_cand/protenix/9zdu_HL/d11017/seedfull_r1/results/9zdu_hl/seed_0/predictions/9zdu_hl_sample_4.cif,9zdu_HL,seedfull_r1,9zdu_hl_sample_4.cif,0.1524
/mnt/data/msadepth/compreps/seedrep_cand/protenix/9zdu_HL/d11017/seedfull_r1/results/9zdu_hl/seed_0/predictions/9zdu_hl_sample_1.cif,9zdu_HL,seedfull_r1,9zdu_hl_sample_1.cif,0.21466
/mnt/data/msadepth/compreps/seedrep_cand/protenix/9zdu_HL/d11017/seedfull_r3/results/9zdu_hl/seed_0/predictions/9zdu_hl_sample_3.cif,9zdu_HL,seedfull_r3,9zdu_hl_sample_3.cif,0.32621
/mnt/data/msadepth/compreps/seedrep_cand/protenix/9zdu_HL/d11017/seedfull_r2/results/9zdu_hl/seed_0/predictions/9zdu_hl_sample_2.cif,9zdu_HL,seedfull_r2,9zdu_hl_sample_2.cif,0.40742
/mnt/data/msadepth/compreps/seedrep_cand/protenix/9zdu_HL/d11017/seedfull_r2/results/9zdu_hl/seed_0/predictions/9zdu_hl_sample_0.cif,9zdu_HL,seedfull_r2,9zdu_hl_sample_0.cif,0.2496
/mnt/data/msadepth/compreps/seedrep_cand/protenix/9zdu_HL/d11017/seedfull_r3/results/9zdu_hl/seed_0/predictions/9zdu_hl_sample_4.cif,9zdu_HL,seedfull_r3,9zdu_hl_sample_4.cif,0.27064
/mnt/data/msadepth/compreps/seedrep_cand/protenix/9zdu_HL/d11017/seedfull_r3/results/9zdu_hl/seed_0/predictions/9zdu_hl_sample_0.cif,9zdu_HL,seedfull_r3,9zdu_hl_sample_0.cif,0.34405
/mnt/data/msadepth/compreps/seedrep_cand/protenix/9zdu_HL/d11017/seedfull_r1/results/9zdu_hl/seed_0/predictions/9zdu_hl_sample_2.cif,9zdu_HL,seedfull_r1,9zdu_hl_sample_2.cif,0.17551
/mnt/data/msadepth/compreps/seedrep_cand/protenix/9zdu_HL/d11017/seedfull_r0/results/9zdu_hl/seed_0/predictions/9zdu_hl_sample_2.cif,9zdu_HL,seedfull_r0,9zdu_hl_sample_2.cif,0.41974
/mnt/data/msadepth/compreps/seedrep_cand/protenix/9zdu_HL/d11017/seedfull_r0/results/9zdu_hl/seed_0/predictions/9zdu_hl_sample_1.cif,9zdu_HL,seedfull_r0,9zdu_hl_sample_1.cif,0.24969
/mnt/data/msadepth/compreps/seedrep_cand/protenix/9zdu_HL/d11017/seedfull_r0/results/9zdu_hl/seed_0/predictions/9zdu_hl_sample_0.cif,9zdu_HL,seedfull_r0,9zdu_hl_sample_0.cif,0.31484
/mnt/data/msadepth/compreps/seedrep_cand/protenix/9zdu_HL/d11017/seedfull_r0/results/9zdu_hl/seed_0/predictions/9zdu_hl_sample_3.cif,9zdu_HL,seedfull_r0,9zdu_hl_sample_3.cif,0.38241
/mnt/data/msadepth/compreps/seedrep_cand/protenix/9zdu_HL/d11017/seedfull_r6/results/9zdu_hl/seed_0/predictions/9zdu_hl_sample_2.cif,9zdu_HL,seedfull_r6,9zdu_hl_sample_2.cif,0.32739
/mnt/data/msadepth/compreps/seedrep_cand/protenix/9zdu_HL/d11017/seedfull_r4/results/9zdu_hl/seed_0/predictions/9zdu_hl_sample_0.cif,9zdu_HL,seedfull_r4,9zdu_hl_sample_0.cif,0.18316
/mnt/data/msadepth/compreps/seedrep_cand/protenix/9zdu_HL/d11017/seedfull_r5/results/9zdu_hl/seed_0/predictions/9zdu_hl_sample_2.cif,9zdu_HL,seedfull_r5,9zdu_hl_sample_2.cif,0.31325
/mnt/data/msadepth/compreps/seedrep_cand/protenix/9zdu_HL/d11017/seedfull_r4/results/9zdu_hl/seed_0/predictions/9zdu_hl_sample_2.cif,9zdu_HL,seedfull_r4,9zdu_hl_sample_2.cif,0.42666
/mnt/data/msadepth/compreps/seedrep_cand/protenix/9zdu_HL/d11017/seedfull_r6/results/9zdu_hl/seed_0/predictions/9zdu_hl_sample_4.cif,9zdu_HL,seedfull_r6,9zdu_hl_sample_4.cif,0.43278
/mnt/data/msadepth/compreps/seedrep_cand/protenix/9zdu_HL/d11017/seedfull_r7/results/9zdu_hl/seed_0/predictions/9zdu_hl_sample_4.cif,9zdu_HL,seedfull_r7,9zdu_hl_sample_4.cif,0.1614
/mnt/data/msadepth/compreps/seedrep_cand/protenix/9zdu_HL/d11017/seedfull_r5/results/9zdu_hl/seed_0/predictions/9zdu_hl_sample_0.cif,9zdu_HL,seedfull_r5,9zdu_hl_sample_0.cif,0.21192
/mnt/data/msadepth/compreps/seedrep_cand/protenix/9zdu_HL/d11017/seedfull_r5/results/9zdu_hl/seed_0/predictions/9zdu_hl_sample_1.cif,9zdu_HL,seedfull_r5,9zdu_hl_sample_1.cif,0.28558
/mnt/data/msadepth/compreps/seedrep_cand/protenix/9zdu_HL/d11017/seedfull_r4/results/9zdu_hl/seed_0/predictions/9zdu_hl_sample_3.cif,9zdu_HL,seedfull_r4,9zdu_hl_sample_3.cif,0.37542
/mnt/data/msadepth/compreps/seedrep_cand/protenix/9zdu_HL/d11017/seedfull_r5/results/9zdu_hl/seed_0/predictions/9zdu_hl_sample_3.cif,9zdu_HL,seedfull_r5,9zdu_hl_sample_3.cif,0.22423
/mnt/data/msadepth/compreps/seedrep_cand/protenix/9zdu_HL/d11017/seedfull_r7/results/9zdu_hl/seed_0/predictions/9zdu_hl_sample_0.cif,9zdu_HL,seedfull_r7,9zdu_hl_sample_0.cif,0.24539
/mnt/data/msadepth/compreps/seedrep_cand/protenix/9zdu_HL/d11017/seedfull_r6/results/9zdu_hl/seed_0/predictions/9zdu_hl_sample_1.cif,9zdu_HL,seedfull_r6,9zdu_hl_sample_1.cif,0.33773
/mnt/data/msadepth/compreps/seedrep_cand/protenix/9zdu_HL/d11017/seedfull_r4/results/9zdu_hl/seed_0/predictions/9zdu_hl_sample_1.cif,9zdu_HL,seedfull_r4,9zdu_hl_sample_1.cif,0.18028
/mnt/data/msadepth/compreps/seedrep_cand/protenix/9zdu_HL/d11017/seedfull_r5/results/9zdu_hl/seed_0/predictions/9zdu_hl_sample_4.cif,9zdu_HL,seedfull_r5,9zdu_hl_sample_4.cif,0.29477
/mnt/data/msadepth/compreps/seedrep_cand/protenix/9zdu_HL/d11017/seedfull_r7/results/9zdu_hl/seed_0/predictions/9zdu_hl_sample_1.cif,9zdu_HL,seedfull_r7,9zdu_hl_sample_1.cif,0.23664
/mnt/data/msadepth/compreps/seedrep_cand/protenix/9zdu_HL/d11017/seedfull_r4/results/9zdu_hl/seed_0/predictions/9zdu_hl_sample_4.cif,9zdu_HL,seedfull_r4,9zdu_hl_sample_4.cif,0.19699
/mnt/data/msadepth/compreps/seedrep_cand/protenix/9zdu_HL/d11017/seedfull_r7/results/9zdu_hl/seed_0/predictions/9zdu_hl_sample_3.cif,9zdu_HL,seedfull_r7,9zdu_hl_sample_3.cif,0.12092
/mnt/data/msadepth/compreps/seedrep_cand/protenix/9zdu_HL/d11017/seedfull_r6/results/9zdu_hl/seed_0/predictions/9zdu_hl_sample_0.cif,9zdu_HL,seedfull_r6,9zdu_hl_sample_0.cif,0.23355
/mnt/data/msadepth/compreps/seedrep_cand/protenix/9zdu_HL/d11017/seedfull_r6/results/9zdu_hl/seed_0/predictions/9zdu_hl_sample_3.cif,9zdu_HL,seedfull_r6,9zdu_hl_sample_3.cif,0.33424
/mnt/data/msadepth/compreps/seedrep_cand/protenix/9zdu_HL/d11017/seedfull_r7/results/9zdu_hl/seed_0/predictions/9zdu_hl_sample_2.cif,9zdu_HL,seedfull_r7,9zdu_hl_sample_2.cif,0.27523
