target,group,ab,label,model,rung,neff80,pose,dockq,recall,n_contact,overrep,true_rank,pop_rank,dcc_true,dcc_pop,iptm,ptm,plddt
8k3k_D,RBD,B,class4,boltz,0,28.989,input_model_0.cif,0.054,0.654,26,0.115,0.88,0.343,5.282,21.027,0.591,0.786,0.837
8k3k_D,RBD,B,class4,boltz,0,28.989,input_model_1.cif,0.068,0.667,30,0.167,0.888,0.342,5.444,22.252,0.591,0.786,0.837
8k3k_D,RBD,B,class4,boltz,0,28.989,input_model_2.cif,0.013,0.036,28,0.857,0.532,0.757,22.212,3.618,0.591,0.786,0.837
8k3k_D,RBD,B,class4,boltz,0,28.989,input_model_3.cif,0.067,0.621,29,0.138,0.883,0.351,7.039,23.356,0.591,0.786,0.837
8k3k_D,RBD,B,class4,boltz,0,28.989,input_model_4.cif,0.055,0.594,32,0.188,0.894,0.366,7.903,21.304,0.591,0.786,0.837
8k3k_D,RBD,B,class4,boltz,1,20.875,input_model_0.cif,0.159,0.548,31,0.097,0.838,0.301,8.343,22.738,0.442,0.718,0.825
8k3k_D,RBD,B,class4,boltz,1,20.875,input_model_1.cif,0.014,0.077,26,0.885,0.542,0.756,22.799,4.766,0.442,0.718,0.825
8k3k_D,RBD,B,class4,boltz,1,20.875,input_model_2.cif,0.057,0.739,23,0.13,0.899,0.359,6.335,22.823,0.442,0.718,0.825
8k3k_D,RBD,B,class4,boltz,1,20.875,input_model_3.cif,0.103,0.667,27,0.148,0.877,0.362,4.432,22.713,0.442,0.718,0.825
8k3k_D,RBD,B,class4,boltz,1,20.875,input_model_4.cif,0.149,0.818,22,0.182,0.912,0.351,4.298,22.68,0.442,0.718,0.825
8k3k_D,RBD,B,class4,boltz,2,14.258,input_model_0.cif,0.012,0.069,29,0.931,0.543,0.768,22.262,3.701,0.444,0.718,0.818
8k3k_D,RBD,B,class4,boltz,2,14.258,input_model_1.cif,0.011,0.036,28,0.893,0.494,0.75,24.584,4.854,0.444,0.718,0.818
8k3k_D,RBD,B,class4,boltz,2,14.258,input_model_2.cif,0.01,0.045,22,1.0,0.463,0.772,26.543,6.593,0.444,0.718,0.818
8k3k_D,RBD,B,class4,boltz,2,14.258,input_model_3.cif,0.02,0.107,28,0.929,0.554,0.762,22.309,4.063,0.444,0.718,0.818
8k3k_D,RBD,B,class4,boltz,2,14.258,input_model_4.cif,0.011,0.043,23,0.957,0.505,0.772,25.313,5.944,0.444,0.718,0.818
8k3k_D,RBD,B,class4,boltz,3,12.75,input_model_0.cif,0.011,0.036,28,0.929,0.523,0.768,22.452,3.628,0.573,0.778,0.818
8k3k_D,RBD,B,class4,boltz,3,12.75,input_model_1.cif,0.013,0.091,22,0.955,0.548,0.758,20.352,5.242,0.573,0.778,0.818
8k3k_D,RBD,B,class4,boltz,3,12.75,input_model_2.cif,0.063,0.688,32,0.375,0.908,0.383,2.008,19.516,0.573,0.778,0.818
8k3k_D,RBD,B,class4,boltz,3,12.75,input_model_3.cif,0.169,0.636,22,0.045,0.858,0.301,9.243,24.361,0.573,0.778,0.818
8k3k_D,RBD,B,class4,boltz,3,12.75,input_model_4.cif,0.012,0.04,25,0.92,0.535,0.774,23.597,4.244,0.573,0.778,0.818
8k3k_D,RBD,B,class4,boltz,4,10.267,input_model_0.cif,0.052,0.708,24,0.125,0.888,0.349,5.432,22.139,0.591,0.771,0.853
8k3k_D,RBD,B,class4,boltz,4,10.267,input_model_1.cif,0.011,0.032,31,0.935,0.451,0.765,24.789,4.88,0.591,0.771,0.853
8k3k_D,RBD,B,class4,boltz,4,10.267,input_model_2.cif,0.06,0.84,25,0.36,0.914,0.4,1.161,19.508,0.591,0.771,0.853
8k3k_D,RBD,B,class4,boltz,4,10.267,input_model_3.cif,0.024,0.08,25,0.8,0.539,0.747,21.66,4.316,0.591,0.771,0.853
8k3k_D,RBD,B,class4,boltz,4,10.267,input_model_4.cif,0.059,0.615,26,0.115,0.867,0.335,8.996,22.839,0.591,0.771,0.853
8k3k_D,RBD,B,class4,boltz,5,9.0,input_model_0.cif,0.061,0.75,28,0.357,0.9,0.374,2.119,20.581,0.608,0.803,0.82
8k3k_D,RBD,B,class4,boltz,5,9.0,input_model_1.cif,0.071,0.59,39,0.333,0.885,0.383,2.449,19.689,0.608,0.803,0.82
8k3k_D,RBD,B,class4,boltz,5,9.0,input_model_2.cif,0.063,0.792,24,0.333,0.904,0.412,0.732,19.924,0.608,0.803,0.82
8k3k_D,RBD,B,class4,boltz,5,9.0,input_model_3.cif,0.138,0.667,24,0.125,0.861,0.357,7.681,20.926,0.608,0.803,0.82
8k3k_D,RBD,B,class4,boltz,5,9.0,input_model_4.cif,0.087,0.704,27,0.296,0.904,0.382,3.363,20.01,0.608,0.803,0.82
8k3k_D,RBD,B,class4,boltz,6,6.0,input_model_0.cif,0.05,0.692,26,0.154,0.895,0.355,5.051,21.983,0.545,0.756,0.848
8k3k_D,RBD,B,class4,boltz,6,6.0,input_model_1.cif,0.069,0.629,35,0.314,0.899,0.375,2.284,19.887,0.545,0.756,0.848
8k3k_D,RBD,B,class4,boltz,6,6.0,input_model_2.cif,0.04,0.864,22,0.182,0.901,0.346,3.721,22.656,0.545,0.756,0.848
8k3k_D,RBD,B,class4,boltz,6,6.0,input_model_3.cif,0.008,0.032,31,0.935,0.432,0.758,24.081,4.817,0.545,0.756,0.848
8k3k_D,RBD,B,class4,boltz,6,6.0,input_model_4.cif,0.013,0.097,31,0.839,0.545,0.758,22.553,3.883,0.545,0.756,0.848
8k3k_D,RBD,B,class4,boltz,7,3.0,input_model_0.cif,0.056,0.688,32,0.375,0.9,0.424,1.803,19.056,0.501,0.729,0.837
8k3k_D,RBD,B,class4,boltz,7,3.0,input_model_1.cif,0.014,0.087,23,0.957,0.559,0.759,21.569,4.164,0.501,0.729,0.837
8k3k_D,RBD,B,class4,boltz,7,3.0,input_model_2.cif,0.012,0.038,26,0.923,0.535,0.775,22.642,4.015,0.501,0.729,0.837
8k3k_D,RBD,B,class4,boltz,7,3.0,input_model_3.cif,0.053,0.864,22,0.182,0.91,0.363,4.513,21.96,0.501,0.729,0.837
8k3k_D,RBD,B,class4,boltz,7,3.0,input_model_4.cif,0.01,0.038,26,0.923,0.489,0.766,24.689,4.75,0.501,0.729,0.837
8k3k_D,RBD,B,class4,boltz,8,3.0,input_model_0.cif,0.01,0.031,32,0.844,0.501,0.748,23.174,3.255,0.64,0.809,0.817
8k3k_D,RBD,B,class4,boltz,8,3.0,input_model_1.cif,0.056,0.667,33,0.333,0.911,0.399,1.083,20.037,0.64,0.809,0.817
8k3k_D,RBD,B,class4,boltz,8,3.0,input_model_2.cif,0.077,0.7,20,0.2,0.889,0.369,4.529,20.628,0.64,0.809,0.817
8k3k_D,RBD,B,class4,boltz,8,3.0,input_model_3.cif,0.048,0.667,27,0.111,0.878,0.334,5.587,22.124,0.64,0.809,0.817
8k3k_D,RBD,B,class4,boltz,8,3.0,input_model_4.cif,0.048,0.476,21,0.0,0.832,0.333,10.906,22.888,0.64,0.809,0.817
8k3k_D,RBD,B,class4,boltz,9,2.0,input_model_0.cif,0.059,0.76,25,0.2,0.901,0.338,3.714,22.323,0.458,0.727,0.839
8k3k_D,RBD,B,class4,boltz,9,2.0,input_model_1.cif,0.009,0.0,18,0.111,0.176,0.433,18.005,18.605,0.458,0.727,0.839
8k3k_D,RBD,B,class4,boltz,9,2.0,input_model_2.cif,0.008,0.0,25,0.16,0.165,0.437,20.902,22.786,0.458,0.727,0.839
8k3k_D,RBD,B,class4,boltz,9,2.0,input_model_3.cif,0.048,0.826,23,0.435,0.895,0.437,3.873,18.702,0.458,0.727,0.839
8k3k_D,RBD,B,class4,boltz,9,2.0,input_model_4.cif,0.045,0.448,29,0.034,0.792,0.274,11.221,25.441,0.458,0.727,0.839
8k3k_D,RBD,B,class4,protenix,0,28.989,8k3k_d_sample_0.cif,0.012,0.037,27,0.852,0.524,0.763,21.175,3.391,0.197,0.623,63.834
8k3k_D,RBD,B,class4,protenix,0,28.989,8k3k_d_sample_1.cif,0.014,0.032,31,0.839,0.52,0.756,22.241,4.579,0.197,0.623,63.834
8k3k_D,RBD,B,class4,protenix,0,28.989,8k3k_d_sample_2.cif,0.012,0.074,27,0.815,0.521,0.741,20.785,3.582,0.197,0.623,63.834
8k3k_D,RBD,B,class4,protenix,0,28.989,8k3k_d_sample_3.cif,0.013,0.067,30,0.833,0.531,0.757,21.025,3.617,0.197,0.623,63.834
8k3k_D,RBD,B,class4,protenix,0,28.989,8k3k_d_sample_4.cif,0.01,0.111,27,0.963,0.55,0.78,22.198,5.256,0.197,0.623,63.834
8k3k_D,RBD,B,class4,protenix,1,20.875,8k3k_d_sample_0.cif,0.011,0.0,35,0.914,0.384,0.756,23.072,7.145,0.238,0.624,60.212
8k3k_D,RBD,B,class4,protenix,1,20.875,8k3k_d_sample_1.cif,0.011,0.077,39,0.923,0.425,0.778,19.878,4.025,0.238,0.624,60.212
8k3k_D,RBD,B,class4,protenix,1,20.875,8k3k_d_sample_2.cif,0.011,0.053,38,0.789,0.458,0.743,20.507,6.225,0.238,0.624,60.212
8k3k_D,RBD,B,class4,protenix,1,20.875,8k3k_d_sample_3.cif,0.011,0.026,39,0.897,0.378,0.749,20.909,6.15,0.238,0.624,60.212
8k3k_D,RBD,B,class4,protenix,1,20.875,8k3k_d_sample_4.cif,0.01,0.0,36,0.806,0.433,0.738,20.757,5.438,0.238,0.624,60.212
8k3k_D,RBD,B,class4,protenix,2,14.258,8k3k_d_sample_0.cif,0.015,0.083,36,0.833,0.509,0.749,20.522,2.847,0.164,0.591,59.84
8k3k_D,RBD,B,class4,protenix,2,14.258,8k3k_d_sample_1.cif,0.039,0.571,35,0.171,0.885,0.321,5.774,22.525,0.164,0.591,59.84
8k3k_D,RBD,B,class4,protenix,2,14.258,8k3k_d_sample_2.cif,0.01,0.0,38,0.947,0.489,0.771,26.231,6.224,0.164,0.591,59.84
8k3k_D,RBD,B,class4,protenix,2,14.258,8k3k_d_sample_3.cif,0.012,0.0,27,0.926,0.461,0.757,26.493,8.257,0.164,0.591,59.84
8k3k_D,RBD,B,class4,protenix,2,14.258,8k3k_d_sample_4.cif,0.049,0.5,36,0.083,0.866,0.289,10.073,25.855,0.164,0.591,59.84
8k3k_D,RBD,B,class4,protenix,3,12.75,8k3k_d_sample_0.cif,0.016,0.129,31,0.839,0.532,0.753,17.467,4.93,0.156,0.542,55.468
8k3k_D,RBD,B,class4,protenix,3,12.75,8k3k_d_sample_1.cif,0.012,0.057,35,0.657,0.527,0.711,19.097,7.227,0.156,0.542,55.468
8k3k_D,RBD,B,class4,protenix,3,12.75,8k3k_d_sample_2.cif,0.011,0.111,45,0.844,0.456,0.758,18.805,3.952,0.156,0.542,55.468
8k3k_D,RBD,B,class4,protenix,3,12.75,8k3k_d_sample_3.cif,0.011,0.132,38,0.974,0.513,0.795,19.457,3.557,0.156,0.542,55.468
8k3k_D,RBD,B,class4,protenix,3,12.75,8k3k_d_sample_4.cif,0.012,0.053,38,0.763,0.492,0.739,19.677,4.443,0.156,0.542,55.468
8k3k_D,RBD,B,class4,protenix,4,10.267,8k3k_d_sample_0.cif,0.013,0.129,31,0.774,0.573,0.735,20.133,3.592,0.182,0.612,62.781
8k3k_D,RBD,B,class4,protenix,4,10.267,8k3k_d_sample_1.cif,0.015,0.043,23,0.87,0.533,0.752,22.606,4.585,0.182,0.612,62.781
8k3k_D,RBD,B,class4,protenix,4,10.267,8k3k_d_sample_2.cif,0.015,0.115,26,0.731,0.597,0.726,21.167,5.739,0.182,0.612,62.781
8k3k_D,RBD,B,class4,protenix,4,10.267,8k3k_d_sample_3.cif,0.014,0.105,38,0.868,0.525,0.758,21.368,2.84,0.182,0.612,62.781
8k3k_D,RBD,B,class4,protenix,4,10.267,8k3k_d_sample_4.cif,0.014,0.094,32,0.875,0.548,0.757,22.615,4.119,0.182,0.612,62.781
8k3k_D,RBD,B,class4,protenix,5,9.0,8k3k_d_sample_0.cif,0.013,0.026,39,0.897,0.472,0.76,24.179,5.051,0.179,0.598,60.274
8k3k_D,RBD,B,class4,protenix,5,9.0,8k3k_d_sample_1.cif,0.016,0.081,37,0.784,0.539,0.754,20.767,2.809,0.179,0.598,60.274
8k3k_D,RBD,B,class4,protenix,5,9.0,8k3k_d_sample_2.cif,0.017,0.263,38,0.605,0.683,0.674,15.746,5.958,0.179,0.598,60.274
8k3k_D,RBD,B,class4,protenix,5,9.0,8k3k_d_sample_3.cif,0.014,0.083,36,0.722,0.499,0.733,22.246,5.494,0.179,0.598,60.274
8k3k_D,RBD,B,class4,protenix,5,9.0,8k3k_d_sample_4.cif,0.011,0.043,46,0.674,0.372,0.702,17.698,6.311,0.179,0.598,60.274
8k3k_D,RBD,B,class4,protenix,6,6.0,8k3k_d_sample_0.cif,0.011,0.025,40,0.825,0.441,0.744,21.877,2.688,0.184,0.605,62.413
8k3k_D,RBD,B,class4,protenix,6,6.0,8k3k_d_sample_1.cif,0.008,0.0,32,0.688,0.268,0.679,24.572,6.547,0.184,0.605,62.413
8k3k_D,RBD,B,class4,protenix,6,6.0,8k3k_d_sample_2.cif,0.01,0.0,35,0.629,0.18,0.657,20.896,6.801,0.184,0.605,62.413
8k3k_D,RBD,B,class4,protenix,6,6.0,8k3k_d_sample_3.cif,0.01,0.0,35,0.714,0.31,0.694,21.357,4.519,0.184,0.605,62.413
8k3k_D,RBD,B,class4,protenix,6,6.0,8k3k_d_sample_4.cif,0.01,0.0,38,0.711,0.227,0.687,23.132,4.612,0.184,0.605,62.413
8k3k_D,RBD,B,class4,protenix,7,3.0,8k3k_d_sample_0.cif,0.023,0.298,47,0.617,0.614,0.657,10.155,8.081,0.128,0.224,31.472
8k3k_D,RBD,B,class4,protenix,7,3.0,8k3k_d_sample_1.cif,0.009,0.089,45,0.689,0.456,0.712,12.522,7.09,0.128,0.224,31.472
8k3k_D,RBD,B,class4,protenix,7,3.0,8k3k_d_sample_2.cif,0.018,0.273,44,0.75,0.678,0.667,3.78,7.338,0.128,0.224,31.472
8k3k_D,RBD,B,class4,protenix,7,3.0,8k3k_d_sample_3.cif,0.021,0.189,53,0.528,0.587,0.598,5.957,10.433,0.128,0.224,31.472
8k3k_D,RBD,B,class4,protenix,7,3.0,8k3k_d_sample_4.cif,0.01,0.067,60,0.483,0.437,0.585,6.825,11.606,0.128,0.224,31.472
8k3k_D,RBD,B,class4,protenix,8,3.0,8k3k_d_sample_0.cif,0.042,0.159,44,0.455,0.445,0.517,13.443,13.832,0.138,0.385,41.726
8k3k_D,RBD,B,class4,protenix,8,3.0,8k3k_d_sample_1.cif,0.009,0.021,47,0.149,0.389,0.357,13.576,13.992,0.138,0.385,41.726
8k3k_D,RBD,B,class4,protenix,8,3.0,8k3k_d_sample_2.cif,0.008,0.077,39,0.154,0.451,0.384,12.918,13.277,0.138,0.385,41.726
8k3k_D,RBD,B,class4,protenix,8,3.0,8k3k_d_sample_3.cif,0.008,0.186,43,0.349,0.549,0.463,10.005,11.208,0.138,0.385,41.726
8k3k_D,RBD,B,class4,protenix,8,3.0,8k3k_d_sample_4.cif,0.009,0.0,37,0.189,0.437,0.417,14.686,13.272,0.138,0.385,41.726
8k3k_D,RBD,B,class4,protenix,9,2.0,8k3k_d_sample_0.cif,0.014,0.047,43,0.256,0.333,0.429,17.789,10.376,0.156,0.265,30.681
8k3k_D,RBD,B,class4,protenix,9,2.0,8k3k_d_sample_1.cif,0.009,0.171,41,0.61,0.494,0.607,11.598,10.272,0.156,0.265,30.681
8k3k_D,RBD,B,class4,protenix,9,2.0,8k3k_d_sample_2.cif,0.023,0.135,37,0.189,0.609,0.38,9.363,12.318,0.156,0.265,30.681
8k3k_D,RBD,B,class4,protenix,9,2.0,8k3k_d_sample_3.cif,0.009,0.083,48,0.208,0.386,0.383,14.349,12.35,0.156,0.265,30.681
8k3k_D,RBD,B,class4,protenix,9,2.0,8k3k_d_sample_4.cif,0.021,0.175,40,0.225,0.603,0.391,8.365,13.767,0.156,0.265,30.681
8k3k_D,RBD,B,class4,protenix,10,1.0,8k3k_d_sample_0.cif,0.01,0.056,36,0.278,0.416,0.419,10.625,12.959,0.163,0.273,31.806
8k3k_D,RBD,B,class4,protenix,10,1.0,8k3k_d_sample_1.cif,0.013,0.109,46,0.196,0.533,0.364,11.566,13.923,0.163,0.273,31.806
8k3k_D,RBD,B,class4,protenix,10,1.0,8k3k_d_sample_2.cif,0.018,0.135,52,0.365,0.617,0.494,6.702,8.828,0.163,0.273,31.806
8k3k_D,RBD,B,class4,protenix,10,1.0,8k3k_d_sample_3.cif,0.01,0.05,40,0.05,0.296,0.328,14.408,13.898,0.163,0.273,31.806
8k3k_D,RBD,B,class4,protenix,10,1.0,8k3k_d_sample_4.cif,0.024,0.115,52,0.423,0.5,0.58,8.751,9.88,0.163,0.273,31.806
8k3k_D,RBD,B,class4,protenix,11,1.0,8k3k_d_sample_0.cif,0.01,0.071,42,0.238,0.421,0.411,11.317,13.507,0.164,0.275,31.773
8k3k_D,RBD,B,class4,protenix,11,1.0,8k3k_d_sample_1.cif,0.012,0.109,46,0.196,0.524,0.366,11.893,13.996,0.164,0.275,31.773
8k3k_D,RBD,B,class4,protenix,11,1.0,8k3k_d_sample_2.cif,0.018,0.145,55,0.364,0.591,0.495,6.552,8.929,0.164,0.275,31.773
8k3k_D,RBD,B,class4,protenix,11,1.0,8k3k_d_sample_3.cif,0.016,0.079,38,0.026,0.297,0.321,14.714,14.435,0.164,0.275,31.773
8k3k_D,RBD,B,class4,protenix,11,1.0,8k3k_d_sample_4.cif,0.018,0.118,51,0.333,0.519,0.567,9.91,11.962,0.164,0.275,31.773
8k46_I,RBD,B,class4,boltz,0,37.236,input_model_0.cif,0.076,0.636,33,0.333,0.921,0.418,1.775,20.748,0.728,0.845,0.837
8k46_I,RBD,B,class4,boltz,0,37.236,input_model_1.cif,0.113,0.571,28,0.107,0.881,0.383,8.211,23.452,0.728,0.845,0.837
8k46_I,RBD,B,class4,boltz,0,37.236,input_model_2.cif,0.086,0.84,25,0.24,0.928,0.417,2.177,21.145,0.728,0.845,0.837
8k46_I,RBD,B,class4,boltz,0,37.236,input_model_3.cif,0.009,0.037,27,0.963,0.52,0.801,23.444,4.071,0.728,0.845,0.837
8k46_I,RBD,B,class4,boltz,0,37.236,input_model_4.cif,0.018,0.043,23,0.957,0.593,0.787,20.858,4.44,0.728,0.845,0.837
8k46_I,RBD,B,class4,boltz,1,28.355,input_model_0.cif,0.058,0.68,25,0.12,0.912,0.404,4.069,21.7,0.764,0.862,0.835
8k46_I,RBD,B,class4,boltz,1,28.355,input_model_1.cif,0.085,0.667,27,0.333,0.92,0.437,0.703,19.527,0.764,0.862,0.835
8k46_I,RBD,B,class4,boltz,1,28.355,input_model_2.cif,0.163,0.824,17,0.0,0.872,0.349,6.519,22.542,0.764,0.862,0.835
8k46_I,RBD,B,class4,boltz,1,28.355,input_model_3.cif,0.011,0.04,25,0.96,0.548,0.805,24.403,5.014,0.764,0.862,0.835
8k46_I,RBD,B,class4,boltz,1,28.355,input_model_4.cif,0.009,0.0,23,0.957,0.473,0.797,26.618,6.712,0.764,0.862,0.835
8k46_I,RBD,B,class4,boltz,2,22.35,input_model_0.cif,0.01,0.031,32,0.906,0.562,0.795,21.964,3.512,0.821,0.875,0.853
8k46_I,RBD,B,class4,boltz,2,22.35,input_model_1.cif,0.009,0.0,26,0.923,0.468,0.794,25.288,5.632,0.821,0.875,0.853
8k46_I,RBD,B,class4,boltz,2,22.35,input_model_2.cif,0.009,0.029,34,0.912,0.544,0.797,22.81,3.871,0.821,0.875,0.853
8k46_I,RBD,B,class4,boltz,2,22.35,input_model_3.cif,0.009,0.0,31,0.968,0.497,0.803,24.693,5.3,0.821,0.875,0.853
8k46_I,RBD,B,class4,boltz,2,22.35,input_model_4.cif,0.009,0.0,21,1.0,0.479,0.796,28.383,8.48,0.821,0.875,0.853
8k46_I,RBD,B,class4,boltz,3,14.267,input_model_0.cif,0.01,0.032,31,0.903,0.569,0.793,21.724,3.65,0.776,0.86,0.844
8k46_I,RBD,B,class4,boltz,3,14.267,input_model_1.cif,0.01,0.033,30,0.9,0.554,0.791,21.594,3.598,0.776,0.86,0.844
8k46_I,RBD,B,class4,boltz,3,14.267,input_model_2.cif,0.009,0.0,26,0.923,0.477,0.793,25.045,5.349,0.776,0.86,0.844
8k46_I,RBD,B,class4,boltz,3,14.267,input_model_3.cif,0.01,0.0,22,0.182,0.28,0.508,17.165,18.04,0.776,0.86,0.844
8k46_I,RBD,B,class4,boltz,3,14.267,input_model_4.cif,0.024,0.033,30,0.833,0.569,0.779,23.006,4.652,0.776,0.86,0.844
8k46_I,RBD,B,class4,boltz,4,13.0,input_model_0.cif,0.093,0.8,20,0.3,0.918,0.44,1.476,20.044,0.498,0.761,0.842
8k46_I,RBD,B,class4,boltz,4,13.0,input_model_1.cif,0.011,0.034,29,0.966,0.542,0.789,25.083,5.297,0.498,0.761,0.842
8k46_I,RBD,B,class4,boltz,4,13.0,input_model_2.cif,0.138,0.654,26,0.231,0.906,0.377,3.619,22.173,0.498,0.761,0.842
8k46_I,RBD,B,class4,boltz,4,13.0,input_model_3.cif,0.102,0.696,23,0.13,0.887,0.366,8.309,22.648,0.498,0.761,0.842
8k46_I,RBD,B,class4,boltz,4,13.0,input_model_4.cif,0.01,0.0,17,0.647,0.472,0.709,17.486,8.467,0.498,0.761,0.842
8k46_I,RBD,B,class4,boltz,5,9.333,input_model_0.cif,0.076,0.654,26,0.231,0.916,0.395,2.608,20.925,0.544,0.773,0.828
8k46_I,RBD,B,class4,boltz,5,9.333,input_model_1.cif,0.009,0.037,27,0.889,0.524,0.789,22.292,3.963,0.544,0.773,0.828
8k46_I,RBD,B,class4,boltz,5,9.333,input_model_2.cif,0.013,0.036,28,0.964,0.579,0.803,23.392,4.329,0.544,0.773,0.828
8k46_I,RBD,B,class4,boltz,5,9.333,input_model_3.cif,0.2,0.783,23,0.13,0.885,0.396,5.574,20.277,0.544,0.773,0.828
8k46_I,RBD,B,class4,boltz,5,9.333,input_model_4.cif,0.012,0.04,25,0.96,0.537,0.795,23.475,4.108,0.544,0.773,0.828
8k46_I,RBD,B,class4,boltz,6,5.667,input_model_0.cif,0.087,0.727,22,0.318,0.917,0.435,2.226,18.394,0.763,0.857,0.829
8k46_I,RBD,B,class4,boltz,6,5.667,input_model_1.cif,0.168,0.6,20,0.0,0.849,0.318,10.399,25.568,0.763,0.857,0.829
8k46_I,RBD,B,class4,boltz,6,5.667,input_model_2.cif,0.125,0.652,23,0.043,0.855,0.317,9.514,23.732,0.763,0.857,0.829
8k46_I,RBD,B,class4,boltz,6,5.667,input_model_3.cif,0.012,0.034,29,0.897,0.53,0.791,24.896,5.306,0.763,0.857,0.829
8k46_I,RBD,B,class4,boltz,6,5.667,input_model_4.cif,0.011,0.043,23,0.957,0.518,0.793,25.619,5.856,0.763,0.857,0.829
8k46_I,RBD,B,class4,boltz,7,3.0,input_model_0.cif,0.15,0.5,24,0.0,0.82,0.302,10.353,24.562,0.654,0.829,0.847
8k46_I,RBD,B,class4,boltz,7,3.0,input_model_1.cif,0.132,0.55,20,0.0,0.826,0.29,10.537,25.502,0.654,0.829,0.847
8k46_I,RBD,B,class4,boltz,7,3.0,input_model_2.cif,0.042,0.591,22,0.318,0.869,0.371,6.517,24.0,0.654,0.829,0.847
8k46_I,RBD,B,class4,boltz,7,3.0,input_model_3.cif,0.19,0.542,24,0.0,0.847,0.323,7.818,22.136,0.654,0.829,0.847
8k46_I,RBD,B,class4,boltz,7,3.0,input_model_4.cif,0.01,0.03,33,0.97,0.515,0.798,24.855,5.527,0.654,0.829,0.847
8k46_I,RBD,B,class4,boltz,8,2.0,input_model_0.cif,0.083,0.667,21,0.238,0.911,0.454,1.732,20.114,0.898,0.934,0.835
8k46_I,RBD,B,class4,boltz,8,2.0,input_model_1.cif,0.074,0.645,31,0.258,0.904,0.397,2.465,21.258,0.898,0.934,0.835
8k46_I,RBD,B,class4,boltz,8,2.0,input_model_2.cif,0.051,0.731,26,0.154,0.908,0.403,5.235,22.146,0.898,0.934,0.835
8k46_I,RBD,B,class4,boltz,8,2.0,input_model_3.cif,0.074,0.618,34,0.324,0.916,0.413,1.785,20.544,0.898,0.934,0.835
8k46_I,RBD,B,class4,boltz,8,2.0,input_model_4.cif,0.067,0.8,20,0.15,0.904,0.367,6.485,22.952,0.898,0.934,0.835
8k46_I,RBD,B,class4,boltz,9,2.0,input_model_0.cif,0.075,0.613,31,0.323,0.91,0.409,2.238,21.031,0.777,0.869,0.836
8k46_I,RBD,B,class4,boltz,9,2.0,input_model_1.cif,0.009,0.0,24,0.917,0.458,0.791,24.618,5.093,0.777,0.869,0.836
8k46_I,RBD,B,class4,boltz,9,2.0,input_model_2.cif,0.013,0.038,26,0.885,0.562,0.78,21.972,3.225,0.777,0.869,0.836
8k46_I,RBD,B,class4,boltz,9,2.0,input_model_3.cif,0.009,0.0,26,0.0,0.228,0.249,27.394,34.198,0.777,0.869,0.836
8k46_I,RBD,B,class4,boltz,9,2.0,input_model_4.cif,0.021,0.053,19,0.842,0.586,0.774,19.413,3.778,0.777,0.869,0.836
8k46_I,RBD,B,class4,protenix,0,37.236,8k46_i_sample_0.cif,0.028,0.1,40,0.8,0.6,0.781,19.111,3.155,0.183,0.627,62.535
8k46_I,RBD,B,class4,protenix,0,37.236,8k46_i_sample_1.cif,0.029,0.179,39,0.667,0.702,0.722,17.897,4.334,0.183,0.627,62.535
8k46_I,RBD,B,class4,protenix,0,37.236,8k46_i_sample_2.cif,0.016,0.031,32,0.938,0.577,0.788,22.811,3.817,0.183,0.627,62.535
8k46_I,RBD,B,class4,protenix,0,37.236,8k46_i_sample_3.cif,0.018,0.059,34,0.824,0.581,0.773,20.517,3.316,0.183,0.627,62.535
8k46_I,RBD,B,class4,protenix,0,37.236,8k46_i_sample_4.cif,0.013,0.048,21,1.0,0.533,0.806,25.569,6.347,0.183,0.627,62.535
8k46_I,RBD,B,class4,protenix,1,28.355,8k46_i_sample_0.cif,0.017,0.031,32,0.812,0.558,0.782,21.236,3.289,0.229,0.643,63.974
8k46_I,RBD,B,class4,protenix,1,28.355,8k46_i_sample_1.cif,0.016,0.061,33,0.818,0.582,0.776,21.316,3.226,0.229,0.643,63.974
8k46_I,RBD,B,class4,protenix,1,28.355,8k46_i_sample_2.cif,0.013,0.077,26,0.885,0.6,0.791,21.964,3.478,0.229,0.643,63.974
8k46_I,RBD,B,class4,protenix,1,28.355,8k46_i_sample_3.cif,0.015,0.056,36,0.806,0.58,0.768,20.926,2.824,0.229,0.643,63.974
8k46_I,RBD,B,class4,protenix,1,28.355,8k46_i_sample_4.cif,0.015,0.043,23,0.957,0.563,0.809,23.223,4.54,0.229,0.643,63.974
8k46_I,RBD,B,class4,protenix,2,22.35,8k46_i_sample_0.cif,0.018,0.053,38,0.842,0.552,0.789,21.883,3.113,0.221,0.63,61.591
8k46_I,RBD,B,class4,protenix,2,22.35,8k46_i_sample_1.cif,0.015,0.061,33,0.818,0.533,0.77,21.135,2.326,0.221,0.63,61.591
8k46_I,RBD,B,class4,protenix,2,22.35,8k46_i_sample_2.cif,0.018,0.097,31,0.968,0.604,0.789,20.05,5.208,0.221,0.63,61.591
8k46_I,RBD,B,class4,protenix,2,22.35,8k46_i_sample_3.cif,0.017,0.065,31,0.806,0.577,0.768,22.728,4.37,0.221,0.63,61.591
8k46_I,RBD,B,class4,protenix,2,22.35,8k46_i_sample_4.cif,0.019,0.086,35,0.714,0.599,0.761,20.39,3.028,0.221,0.63,61.591
8k46_I,RBD,B,class4,protenix,3,14.267,8k46_i_sample_0.cif,0.016,0.108,37,0.757,0.595,0.761,19.513,2.725,0.203,0.641,62.672
8k46_I,RBD,B,class4,protenix,3,14.267,8k46_i_sample_1.cif,0.016,0.028,36,0.861,0.518,0.786,22.455,3.522,0.203,0.641,62.672
8k46_I,RBD,B,class4,protenix,3,14.267,8k46_i_sample_2.cif,0.016,0.053,38,0.816,0.576,0.786,21.771,3.197,0.203,0.641,62.672
8k46_I,RBD,B,class4,protenix,3,14.267,8k46_i_sample_3.cif,0.015,0.065,31,0.839,0.553,0.789,22.505,4.279,0.203,0.641,62.672
8k46_I,RBD,B,class4,protenix,3,14.267,8k46_i_sample_4.cif,0.025,0.262,42,0.524,0.731,0.688,14.571,6.935,0.203,0.641,62.672
8k46_I,RBD,B,class4,protenix,4,13.0,8k46_i_sample_0.cif,0.017,0.029,34,0.853,0.544,0.784,20.236,3.051,0.163,0.624,61.892
8k46_I,RBD,B,class4,protenix,4,13.0,8k46_i_sample_1.cif,0.022,0.079,38,0.842,0.585,0.778,19.206,3.34,0.163,0.624,61.892
8k46_I,RBD,B,class4,protenix,4,13.0,8k46_i_sample_2.cif,0.015,0.118,34,0.941,0.632,0.785,18.14,5.719,0.163,0.624,61.892
8k46_I,RBD,B,class4,protenix,4,13.0,8k46_i_sample_3.cif,0.087,0.667,30,0.267,0.913,0.38,1.486,19.851,0.163,0.624,61.892
8k46_I,RBD,B,class4,protenix,4,13.0,8k46_i_sample_4.cif,0.012,0.042,24,0.958,0.512,0.799,20.174,4.598,0.163,0.624,61.892
8k46_I,RBD,B,class4,protenix,5,9.333,8k46_i_sample_0.cif,0.016,0.033,30,0.967,0.504,0.792,24.098,4.821,0.19,0.63,61.73
8k46_I,RBD,B,class4,protenix,5,9.333,8k46_i_sample_1.cif,0.018,0.086,35,0.857,0.638,0.767,20.038,3.201,0.19,0.63,61.73
8k46_I,RBD,B,class4,protenix,5,9.333,8k46_i_sample_2.cif,0.015,0.048,42,0.905,0.532,0.802,22.049,3.154,0.19,0.63,61.73
8k46_I,RBD,B,class4,protenix,5,9.333,8k46_i_sample_3.cif,0.04,0.205,39,0.718,0.688,0.757,18.035,3.904,0.19,0.63,61.73
8k46_I,RBD,B,class4,protenix,5,9.333,8k46_i_sample_4.cif,0.072,0.742,31,0.387,0.929,0.405,0.711,19.777,0.19,0.63,61.73
8k46_I,RBD,B,class4,protenix,6,5.667,8k46_i_sample_0.cif,0.013,0.059,34,0.882,0.574,0.79,20.682,2.22,0.175,0.589,58.164
8k46_I,RBD,B,class4,protenix,6,5.667,8k46_i_sample_1.cif,0.01,0.0,27,0.926,0.392,0.77,23.878,6.074,0.175,0.589,58.164
8k46_I,RBD,B,class4,protenix,6,5.667,8k46_i_sample_2.cif,0.01,0.0,27,1.0,0.451,0.81,25.489,7.625,0.175,0.589,58.164
8k46_I,RBD,B,class4,protenix,6,5.667,8k46_i_sample_3.cif,0.009,0.0,28,0.929,0.519,0.81,23.583,5.755,0.175,0.589,58.164
8k46_I,RBD,B,class4,protenix,6,5.667,8k46_i_sample_4.cif,0.024,0.237,38,0.632,0.715,0.727,15.144,6.858,0.175,0.589,58.164
8k46_I,RBD,B,class4,protenix,7,3.0,8k46_i_sample_0.cif,0.015,0.056,36,0.861,0.528,0.785,22.989,6.16,0.197,0.545,68.639
8k46_I,RBD,B,class4,protenix,7,3.0,8k46_i_sample_1.cif,0.02,0.088,34,0.941,0.576,0.792,20.229,5.008,0.197,0.545,68.639
8k46_I,RBD,B,class4,protenix,7,3.0,8k46_i_sample_2.cif,0.036,0.12,25,0.88,0.643,0.784,20.518,5.472,0.197,0.545,68.639
8k46_I,RBD,B,class4,protenix,7,3.0,8k46_i_sample_3.cif,0.018,0.079,38,0.895,0.58,0.791,19.558,4.331,0.197,0.545,68.639
8k46_I,RBD,B,class4,protenix,7,3.0,8k46_i_sample_4.cif,0.027,0.111,27,0.852,0.622,0.776,20.962,4.537,0.197,0.545,68.639
8k46_I,RBD,B,class4,protenix,8,2.0,8k46_i_sample_0.cif,0.013,0.0,34,0.853,0.476,0.792,17.256,3.93,0.138,0.481,45.621
8k46_I,RBD,B,class4,protenix,8,2.0,8k46_i_sample_1.cif,0.011,0.0,53,0.642,0.33,0.709,17.75,5.953,0.138,0.481,45.621
8k46_I,RBD,B,class4,protenix,8,2.0,8k46_i_sample_2.cif,0.011,0.0,39,0.744,0.343,0.744,18.852,4.678,0.138,0.481,45.621
8k46_I,RBD,B,class4,protenix,8,2.0,8k46_i_sample_3.cif,0.015,0.0,40,0.9,0.447,0.78,20.808,5.015,0.138,0.481,45.621
8k46_I,RBD,B,class4,protenix,8,2.0,8k46_i_sample_4.cif,0.011,0.0,37,0.622,0.292,0.69,18.914,6.838,0.138,0.481,45.621
8k46_I,RBD,B,class4,protenix,9,2.0,8k46_i_sample_0.cif,0.027,0.038,52,0.173,0.336,0.372,17.328,20.734,0.124,0.23,32.356
8k46_I,RBD,B,class4,protenix,9,2.0,8k46_i_sample_1.cif,0.02,0.061,49,0.082,0.532,0.304,21.437,24.119,0.124,0.23,32.356
8k46_I,RBD,B,class4,protenix,9,2.0,8k46_i_sample_2.cif,0.011,0.0,47,0.255,0.311,0.52,21.619,20.178,0.124,0.23,32.356
8k46_I,RBD,B,class4,protenix,9,2.0,8k46_i_sample_3.cif,0.01,0.05,40,0.275,0.395,0.474,17.105,18.538,0.124,0.23,32.356
8k46_I,RBD,B,class4,protenix,9,2.0,8k46_i_sample_4.cif,0.017,0.075,40,0.225,0.657,0.432,9.981,19.125,0.124,0.23,32.356
8k46_I,RBD,B,class4,protenix,10,1.0,8k46_i_sample_0.cif,0.016,0.143,63,0.127,0.568,0.442,11.565,11.307,0.145,0.26,31.215
8k46_I,RBD,B,class4,protenix,10,1.0,8k46_i_sample_1.cif,0.022,0.077,65,0.154,0.419,0.323,16.044,21.261,0.145,0.26,31.215
8k46_I,RBD,B,class4,protenix,10,1.0,8k46_i_sample_2.cif,0.026,0.085,59,0.475,0.493,0.649,7.891,8.804,0.145,0.26,31.215
8k46_I,RBD,B,class4,protenix,10,1.0,8k46_i_sample_3.cif,0.019,0.061,49,0.388,0.502,0.55,11.968,10.12,0.145,0.26,31.215
8k46_I,RBD,B,class4,protenix,10,1.0,8k46_i_sample_4.cif,0.022,0.058,52,0.192,0.397,0.394,15.073,15.301,0.145,0.26,31.215
8k46_I,RBD,B,class4,protenix,11,1.0,8k46_i_sample_0.cif,0.016,0.147,75,0.213,0.55,0.485,10.51,10.051,0.146,0.255,30.932
8k46_I,RBD,B,class4,protenix,11,1.0,8k46_i_sample_1.cif,0.023,0.077,65,0.185,0.425,0.329,15.776,20.937,0.146,0.255,30.932
8k46_I,RBD,B,class4,protenix,11,1.0,8k46_i_sample_2.cif,0.019,0.058,52,0.404,0.518,0.575,11.468,9.956,0.146,0.255,30.932
8k46_I,RBD,B,class4,protenix,11,1.0,8k46_i_sample_3.cif,0.02,0.057,53,0.17,0.405,0.404,16.885,16.546,0.146,0.255,30.932
8k46_I,RBD,B,class4,protenix,11,1.0,8k46_i_sample_4.cif,0.026,0.096,52,0.442,0.521,0.651,8.079,8.684,0.146,0.255,30.932
8k5g_HL,RBD,A,class1/2(RBM),boltz,0,30.926,input_model_0.cif,0.773,0.8,15,1.0,0.956,0.764,2.017,14.33,0.698,0.773,0.928
8k5g_HL,RBD,A,class1/2(RBM),boltz,0,30.926,input_model_1.cif,0.815,0.75,16,1.0,0.957,0.765,1.215,13.34,0.698,0.773,0.928
8k5g_HL,RBD,A,class1/2(RBM),boltz,0,30.926,input_model_2.cif,0.75,0.688,16,1.0,0.952,0.766,3.096,15.24,0.698,0.773,0.928
8k5g_HL,RBD,A,class1/2(RBM),boltz,0,30.926,input_model_3.cif,0.788,0.8,15,1.0,0.955,0.767,2.205,14.341,0.698,0.773,0.928
8k5g_HL,RBD,A,class1/2(RBM),boltz,0,30.926,input_model_4.cif,0.809,0.765,17,0.941,0.959,0.767,0.548,12.875,0.698,0.773,0.928
8k5g_HL,RBD,A,class1/2(RBM),boltz,1,22.373,input_model_0.cif,0.808,0.8,15,1.0,0.956,0.765,2.164,14.389,0.74,0.809,0.926
8k5g_HL,RBD,A,class1/2(RBM),boltz,1,22.373,input_model_1.cif,0.794,0.765,17,0.941,0.96,0.762,1.489,13.66,0.74,0.809,0.926
8k5g_HL,RBD,A,class1/2(RBM),boltz,1,22.373,input_model_2.cif,0.762,0.786,14,1.0,0.953,0.767,2.934,14.942,0.74,0.809,0.926
8k5g_HL,RBD,A,class1/2(RBM),boltz,1,22.373,input_model_3.cif,0.781,0.722,18,1.0,0.958,0.764,2.596,14.839,0.74,0.809,0.926
8k5g_HL,RBD,A,class1/2(RBM),boltz,1,22.373,input_model_4.cif,0.741,0.667,18,1.0,0.953,0.768,2.97,14.885,0.74,0.809,0.926
8k5g_HL,RBD,A,class1/2(RBM),boltz,2,16.222,input_model_0.cif,0.769,0.812,16,1.0,0.958,0.766,1.787,14.389,0.763,0.824,0.925
8k5g_HL,RBD,A,class1/2(RBM),boltz,2,16.222,input_model_1.cif,0.817,0.706,17,1.0,0.956,0.767,2.813,14.989,0.763,0.824,0.925
8k5g_HL,RBD,A,class1/2(RBM),boltz,2,16.222,input_model_2.cif,0.716,0.8,15,1.0,0.956,0.767,2.3,14.306,0.763,0.824,0.925
8k5g_HL,RBD,A,class1/2(RBM),boltz,2,16.222,input_model_3.cif,0.747,0.812,16,0.938,0.958,0.76,1.202,13.84,0.763,0.824,0.925
8k5g_HL,RBD,A,class1/2(RBM),boltz,2,16.222,input_model_4.cif,0.705,0.684,19,1.0,0.953,0.763,2.754,14.755,0.763,0.824,0.925
8k5g_HL,RBD,A,class1/2(RBM),boltz,3,14.842,input_model_0.cif,0.782,0.812,16,1.0,0.957,0.768,1.806,14.153,0.713,0.79,0.928
8k5g_HL,RBD,A,class1/2(RBM),boltz,3,14.842,input_model_1.cif,0.821,0.778,18,0.944,0.958,0.765,1.673,14.138,0.713,0.79,0.928
8k5g_HL,RBD,A,class1/2(RBM),boltz,3,14.842,input_model_2.cif,0.82,0.722,18,0.944,0.957,0.761,2.152,14.432,0.713,0.79,0.928
8k5g_HL,RBD,A,class1/2(RBM),boltz,3,14.842,input_model_3.cif,0.773,0.706,17,1.0,0.957,0.764,2.803,15.107,0.713,0.79,0.928
8k5g_HL,RBD,A,class1/2(RBM),boltz,3,14.842,input_model_4.cif,0.725,0.706,17,1.0,0.956,0.762,2.681,14.815,0.713,0.79,0.928
8k5g_HL,RBD,A,class1/2(RBM),boltz,4,10.667,input_model_0.cif,0.813,0.812,16,0.938,0.96,0.762,1.174,13.904,0.748,0.812,0.923
8k5g_HL,RBD,A,class1/2(RBM),boltz,4,10.667,input_model_1.cif,0.78,0.706,17,1.0,0.953,0.766,2.882,15.082,0.748,0.812,0.923
8k5g_HL,RBD,A,class1/2(RBM),boltz,4,10.667,input_model_2.cif,0.77,0.706,17,1.0,0.956,0.765,2.776,15.052,0.748,0.812,0.923
8k5g_HL,RBD,A,class1/2(RBM),boltz,4,10.667,input_model_3.cif,0.8,0.737,19,0.947,0.96,0.761,1.954,14.26,0.748,0.812,0.923
8k5g_HL,RBD,A,class1/2(RBM),boltz,4,10.667,input_model_4.cif,0.805,0.765,17,1.0,0.958,0.763,1.078,13.365,0.748,0.812,0.923
8k5g_HL,RBD,A,class1/2(RBM),boltz,5,8.417,input_model_0.cif,0.841,0.765,17,1.0,0.959,0.767,1.123,13.667,0.727,0.799,0.929
8k5g_HL,RBD,A,class1/2(RBM),boltz,5,8.417,input_model_1.cif,0.836,0.824,17,0.941,0.961,0.763,0.767,13.309,0.727,0.799,0.929
8k5g_HL,RBD,A,class1/2(RBM),boltz,5,8.417,input_model_2.cif,0.756,0.737,19,0.947,0.957,0.765,1.935,14.285,0.727,0.799,0.929
8k5g_HL,RBD,A,class1/2(RBM),boltz,5,8.417,input_model_3.cif,0.747,0.75,16,1.0,0.953,0.766,2.507,14.666,0.727,0.799,0.929
8k5g_HL,RBD,A,class1/2(RBM),boltz,5,8.417,input_model_4.cif,0.706,0.7,20,0.95,0.955,0.767,2.112,14.112,0.727,0.799,0.929
8k5g_HL,RBD,A,class1/2(RBM),boltz,6,6.5,input_model_0.cif,0.826,0.824,17,0.941,0.959,0.758,1.062,13.606,0.726,0.795,0.928
8k5g_HL,RBD,A,class1/2(RBM),boltz,6,6.5,input_model_1.cif,0.809,0.737,19,0.947,0.959,0.762,1.957,14.305,0.726,0.795,0.928
8k5g_HL,RBD,A,class1/2(RBM),boltz,6,6.5,input_model_2.cif,0.786,0.8,15,1.0,0.955,0.765,2.296,14.798,0.726,0.795,0.928
8k5g_HL,RBD,A,class1/2(RBM),boltz,6,6.5,input_model_3.cif,0.691,0.667,18,1.0,0.952,0.768,2.985,14.896,0.726,0.795,0.928
8k5g_HL,RBD,A,class1/2(RBM),boltz,6,6.5,input_model_4.cif,0.623,0.688,16,1.0,0.945,0.769,3.396,15.026,0.726,0.795,0.928
8k5g_HL,RBD,A,class1/2(RBM),boltz,7,4.0,input_model_0.cif,0.805,0.7,20,0.95,0.957,0.765,2.098,14.152,0.785,0.84,0.925
8k5g_HL,RBD,A,class1/2(RBM),boltz,7,4.0,input_model_1.cif,0.834,0.812,16,1.0,0.959,0.766,1.81,14.257,0.785,0.84,0.925
8k5g_HL,RBD,A,class1/2(RBM),boltz,7,4.0,input_model_2.cif,0.766,0.8,15,1.0,0.957,0.765,2.019,14.44,0.785,0.84,0.925
8k5g_HL,RBD,A,class1/2(RBM),boltz,7,4.0,input_model_3.cif,0.761,0.75,16,1.0,0.957,0.766,2.289,14.286,0.785,0.84,0.925
8k5g_HL,RBD,A,class1/2(RBM),boltz,7,4.0,input_model_4.cif,0.663,0.647,17,1.0,0.95,0.767,3.381,15.09,0.785,0.84,0.925
8k5g_HL,RBD,A,class1/2(RBM),boltz,8,3.0,input_model_0.cif,0.78,0.8,15,1.0,0.958,0.765,2.014,14.365,0.745,0.812,0.923
8k5g_HL,RBD,A,class1/2(RBM),boltz,8,3.0,input_model_1.cif,0.794,0.733,15,1.0,0.953,0.767,2.849,15.056,0.745,0.812,0.923
8k5g_HL,RBD,A,class1/2(RBM),boltz,8,3.0,input_model_2.cif,0.774,0.857,14,1.0,0.957,0.765,1.704,14.367,0.745,0.812,0.923
8k5g_HL,RBD,A,class1/2(RBM),boltz,8,3.0,input_model_3.cif,0.701,0.706,17,1.0,0.952,0.767,2.972,14.79,0.745,0.812,0.923
8k5g_HL,RBD,A,class1/2(RBM),boltz,8,3.0,input_model_4.cif,0.726,0.706,17,1.0,0.955,0.767,2.821,15.112,0.745,0.812,0.923
8k5g_HL,RBD,A,class1/2(RBM),boltz,9,1.0,input_model_0.cif,0.802,0.867,15,1.0,0.958,0.765,1.489,14.149,0.748,0.811,0.927
8k5g_HL,RBD,A,class1/2(RBM),boltz,9,1.0,input_model_1.cif,0.83,0.824,17,0.941,0.96,0.767,1.076,13.691,0.748,0.811,0.927
8k5g_HL,RBD,A,class1/2(RBM),boltz,9,1.0,input_model_2.cif,0.816,0.786,14,1.0,0.954,0.767,2.511,14.545,0.748,0.811,0.927
8k5g_HL,RBD,A,class1/2(RBM),boltz,9,1.0,input_model_3.cif,0.741,0.706,17,1.0,0.955,0.767,2.681,14.843,0.748,0.811,0.927
8k5g_HL,RBD,A,class1/2(RBM),boltz,9,1.0,input_model_4.cif,0.827,0.812,16,1.0,0.958,0.766,2.191,14.607,0.748,0.811,0.927
8k5g_HL,RBD,A,class1/2(RBM),protenix,0,30.926,8k5g_hl_sample_0.cif,0.026,0.265,34,0.853,0.823,0.757,15.903,5.055,0.542,0.652,84.322
8k5g_HL,RBD,A,class1/2(RBM),protenix,0,30.926,8k5g_hl_sample_1.cif,0.019,0.233,30,0.767,0.833,0.751,16.069,5.233,0.542,0.652,84.322
8k5g_HL,RBD,A,class1/2(RBM),protenix,0,30.926,8k5g_hl_sample_2.cif,0.02,0.219,32,0.906,0.829,0.76,17.388,6.131,0.542,0.652,84.322
8k5g_HL,RBD,A,class1/2(RBM),protenix,0,30.926,8k5g_hl_sample_3.cif,0.02,0.235,34,0.912,0.82,0.756,16.524,5.486,0.542,0.652,84.322
8k5g_HL,RBD,A,class1/2(RBM),protenix,0,30.926,8k5g_hl_sample_4.cif,0.03,0.281,32,0.969,0.844,0.772,15.374,5.369,0.542,0.652,84.322
8k5g_HL,RBD,A,class1/2(RBM),protenix,1,22.373,8k5g_hl_sample_0.cif,0.029,0.346,26,0.885,0.881,0.762,12.857,4.262,0.466,0.601,84.24
8k5g_HL,RBD,A,class1/2(RBM),protenix,1,22.373,8k5g_hl_sample_1.cif,0.038,0.37,27,0.852,0.866,0.762,11.902,3.499,0.466,0.601,84.24
8k5g_HL,RBD,A,class1/2(RBM),protenix,1,22.373,8k5g_hl_sample_2.cif,0.028,0.294,34,0.706,0.886,0.752,13.051,4.185,0.466,0.601,84.24
8k5g_HL,RBD,A,class1/2(RBM),protenix,1,22.373,8k5g_hl_sample_3.cif,0.042,0.417,24,0.917,0.892,0.769,12.748,4.345,0.466,0.601,84.24
8k5g_HL,RBD,A,class1/2(RBM),protenix,1,22.373,8k5g_hl_sample_4.cif,0.09,0.3,20,0.95,0.837,0.78,12.596,4.905,0.466,0.601,84.24
8k5g_HL,RBD,A,class1/2(RBM),protenix,2,16.222,8k5g_hl_sample_0.cif,0.254,0.414,29,0.862,0.896,0.752,7.84,5.678,0.513,0.638,85.961
8k5g_HL,RBD,A,class1/2(RBM),protenix,2,16.222,8k5g_hl_sample_1.cif,0.265,0.385,26,0.846,0.898,0.754,9.383,4.465,0.513,0.638,85.961
8k5g_HL,RBD,A,class1/2(RBM),protenix,2,16.222,8k5g_hl_sample_2.cif,0.332,0.419,31,0.806,0.92,0.747,7.037,6.186,0.513,0.638,85.961
8k5g_HL,RBD,A,class1/2(RBM),protenix,2,16.222,8k5g_hl_sample_3.cif,0.341,0.44,25,0.92,0.922,0.768,5.564,7.852,0.513,0.638,85.961
8k5g_HL,RBD,A,class1/2(RBM),protenix,2,16.222,8k5g_hl_sample_4.cif,0.138,0.5,16,1.0,0.897,0.779,7.725,6.746,0.513,0.638,85.961
8k5g_HL,RBD,A,class1/2(RBM),protenix,3,14.842,8k5g_hl_sample_0.cif,0.01,0.212,66,0.515,0.836,0.613,23.422,13.079,0.182,0.51,71.72
8k5g_HL,RBD,A,class1/2(RBM),protenix,3,14.842,8k5g_hl_sample_1.cif,0.019,0.156,64,0.375,0.766,0.544,27.163,17.877,0.182,0.51,71.72
8k5g_HL,RBD,A,class1/2(RBM),protenix,3,14.842,8k5g_hl_sample_2.cif,0.025,0.278,54,0.704,0.891,0.705,18.337,6.416,0.182,0.51,71.72
8k5g_HL,RBD,A,class1/2(RBM),protenix,3,14.842,8k5g_hl_sample_3.cif,0.014,0.154,39,0.564,0.696,0.63,22.255,11.001,0.182,0.51,71.72
8k5g_HL,RBD,A,class1/2(RBM),protenix,3,14.842,8k5g_hl_sample_4.cif,0.023,0.441,34,0.971,0.922,0.791,9.024,4.795,0.182,0.51,71.72
8k5g_HL,RBD,A,class1/2(RBM),protenix,4,10.667,8k5g_hl_sample_0.cif,0.024,0.257,35,0.743,0.85,0.736,8.293,5.806,0.481,0.604,80.107
8k5g_HL,RBD,A,class1/2(RBM),protenix,4,10.667,8k5g_hl_sample_1.cif,0.025,0.273,33,0.727,0.838,0.735,8.436,6.3,0.481,0.604,80.107
8k5g_HL,RBD,A,class1/2(RBM),protenix,4,10.667,8k5g_hl_sample_2.cif,0.037,0.324,34,0.824,0.879,0.747,6.417,5.58,0.481,0.604,80.107
8k5g_HL,RBD,A,class1/2(RBM),protenix,4,10.667,8k5g_hl_sample_3.cif,0.141,0.3,30,1.0,0.88,0.78,2.45,5.972,0.481,0.604,80.107
8k5g_HL,RBD,A,class1/2(RBM),protenix,4,10.667,8k5g_hl_sample_4.cif,0.149,0.333,27,0.963,0.865,0.769,2.338,6.318,0.481,0.604,80.107
8k5g_HL,RBD,A,class1/2(RBM),protenix,5,8.417,8k5g_hl_sample_0.cif,0.018,0.278,36,0.917,0.835,0.764,11.221,3.626,0.213,0.533,78.472
8k5g_HL,RBD,A,class1/2(RBM),protenix,5,8.417,8k5g_hl_sample_1.cif,0.015,0.273,33,0.939,0.857,0.77,10.435,4.895,0.213,0.533,78.472
8k5g_HL,RBD,A,class1/2(RBM),protenix,5,8.417,8k5g_hl_sample_2.cif,0.01,0.156,32,0.969,0.745,0.781,15.622,5.455,0.213,0.533,78.472
8k5g_HL,RBD,A,class1/2(RBM),protenix,5,8.417,8k5g_hl_sample_3.cif,0.013,0.243,37,0.514,0.859,0.669,17.935,8.715,0.213,0.533,78.472
8k5g_HL,RBD,A,class1/2(RBM),protenix,5,8.417,8k5g_hl_sample_4.cif,0.007,0.132,38,0.684,0.666,0.677,19.654,8.2,0.213,0.533,78.472
8k5g_HL,RBD,A,class1/2(RBM),protenix,6,6.5,8k5g_hl_sample_0.cif,0.01,0.125,64,0.594,0.625,0.63,19.457,10.434,0.193,0.529,75.066
8k5g_HL,RBD,A,class1/2(RBM),protenix,6,6.5,8k5g_hl_sample_1.cif,0.015,0.0,54,0.074,0.097,0.285,31.239,25.114,0.193,0.529,75.066
8k5g_HL,RBD,A,class1/2(RBM),protenix,6,6.5,8k5g_hl_sample_2.cif,0.053,0.211,57,0.561,0.791,0.629,17.65,9.169,0.193,0.529,75.066
8k5g_HL,RBD,A,class1/2(RBM),protenix,6,6.5,8k5g_hl_sample_3.cif,0.016,0.0,44,0.114,0.103,0.292,31.006,23.099,0.193,0.529,75.066
8k5g_HL,RBD,A,class1/2(RBM),protenix,6,6.5,8k5g_hl_sample_4.cif,0.029,0.179,56,0.696,0.774,0.691,14.347,6.213,0.193,0.529,75.066
8k5g_HL,RBD,A,class1/2(RBM),protenix,7,4.0,8k5g_hl_sample_0.cif,0.066,0.216,51,0.863,0.831,0.777,8.83,4.06,0.229,0.504,76.083
8k5g_HL,RBD,A,class1/2(RBM),protenix,7,4.0,8k5g_hl_sample_1.cif,0.01,0.378,37,0.892,0.909,0.765,5.875,6.159,0.229,0.504,76.083
8k5g_HL,RBD,A,class1/2(RBM),protenix,7,4.0,8k5g_hl_sample_2.cif,0.047,0.273,44,0.932,0.86,0.78,8.551,4.08,0.229,0.504,76.083
8k5g_HL,RBD,A,class1/2(RBM),protenix,7,4.0,8k5g_hl_sample_3.cif,0.077,0.333,45,0.889,0.918,0.774,5.943,5.113,0.229,0.504,76.083
8k5g_HL,RBD,A,class1/2(RBM),protenix,7,4.0,8k5g_hl_sample_4.cif,0.055,0.375,40,0.925,0.922,0.78,4.464,5.97,0.229,0.504,76.083
8k5g_HL,RBD,A,class1/2(RBM),protenix,8,3.0,8k5g_hl_sample_0.cif,0.011,0.115,52,0.519,0.619,0.612,22.936,13.68,0.225,0.503,71.015
8k5g_HL,RBD,A,class1/2(RBM),protenix,8,3.0,8k5g_hl_sample_1.cif,0.01,0.155,58,0.5,0.746,0.604,21.905,14.338,0.225,0.503,71.015
8k5g_HL,RBD,A,class1/2(RBM),protenix,8,3.0,8k5g_hl_sample_2.cif,0.01,0.169,59,0.525,0.771,0.608,19.524,12.896,0.225,0.503,71.015
8k5g_HL,RBD,A,class1/2(RBM),protenix,8,3.0,8k5g_hl_sample_3.cif,0.01,0.179,56,0.536,0.661,0.595,17.361,9.64,0.225,0.503,71.015
8k5g_HL,RBD,A,class1/2(RBM),protenix,8,3.0,8k5g_hl_sample_4.cif,0.012,0.0,43,0.163,0.259,0.347,30.439,24.654,0.225,0.503,71.015
8k5g_HL,RBD,A,class1/2(RBM),protenix,9,1.0,8k5g_hl_sample_0.cif,0.02,0.014,70,0.257,0.195,0.405,20.016,14.397,0.164,0.353,49.973
8k5g_HL,RBD,A,class1/2(RBM),protenix,9,1.0,8k5g_hl_sample_1.cif,0.034,0.044,45,0.089,0.48,0.322,15.051,20.603,0.164,0.353,49.973
8k5g_HL,RBD,A,class1/2(RBM),protenix,9,1.0,8k5g_hl_sample_2.cif,0.021,0.0,63,0.349,0.303,0.531,19.304,14.219,0.164,0.353,49.973
8k5g_HL,RBD,A,class1/2(RBM),protenix,9,1.0,8k5g_hl_sample_3.cif,0.011,0.125,48,0.458,0.679,0.559,9.361,11.43,0.164,0.353,49.973
8k5g_HL,RBD,A,class1/2(RBM),protenix,9,1.0,8k5g_hl_sample_4.cif,0.044,0.154,52,0.577,0.649,0.668,11.43,5.491,0.164,0.353,49.973
8k5g_HL,RBD,A,class1/2(RBM),protenix,10,1.0,8k5g_hl_sample_0.cif,0.017,0.115,61,0.377,0.632,0.565,8.653,12.279,0.132,0.214,31.071
8k5g_HL,RBD,A,class1/2(RBM),protenix,10,1.0,8k5g_hl_sample_1.cif,0.026,0.172,64,0.562,0.782,0.656,6.438,10.999,0.132,0.214,31.071
8k5g_HL,RBD,A,class1/2(RBM),protenix,10,1.0,8k5g_hl_sample_2.cif,0.034,0.169,59,0.441,0.743,0.593,11.004,12.389,0.132,0.214,31.071
8k5g_HL,RBD,A,class1/2(RBM),protenix,10,1.0,8k5g_hl_sample_3.cif,0.016,0.153,72,0.528,0.672,0.631,6.221,7.401,0.132,0.214,31.071
8k5g_HL,RBD,A,class1/2(RBM),protenix,10,1.0,8k5g_hl_sample_4.cif,0.039,0.101,89,0.348,0.613,0.512,10.379,14.761,0.132,0.214,31.071
8k5g_HL,RBD,A,class1/2(RBM),protenix,11,1.0,8k5g_hl_sample_0.cif,0.016,0.15,60,0.5,0.695,0.597,6.413,5.675,0.13,0.214,31.196
8k5g_HL,RBD,A,class1/2(RBM),protenix,11,1.0,8k5g_hl_sample_1.cif,0.017,0.133,60,0.6,0.721,0.667,6.383,9.28,0.13,0.214,31.196
8k5g_HL,RBD,A,class1/2(RBM),protenix,11,1.0,8k5g_hl_sample_2.cif,0.015,0.143,70,0.543,0.649,0.636,5.963,7.482,0.13,0.214,31.196
8k5g_HL,RBD,A,class1/2(RBM),protenix,11,1.0,8k5g_hl_sample_3.cif,0.026,0.155,58,0.431,0.696,0.58,12.168,13.034,0.13,0.214,31.196
8k5g_HL,RBD,A,class1/2(RBM),protenix,11,1.0,8k5g_hl_sample_4.cif,0.047,0.101,89,0.348,0.628,0.52,10.368,14.685,0.13,0.214,31.196
8k5h_HL,RBD,A,class1/2(RBM),boltz,0,33.664,input_model_0.cif,0.763,0.812,16,1.0,0.965,0.789,1.166,13.894,0.779,0.827,0.937
8k5h_HL,RBD,A,class1/2(RBM),boltz,0,33.664,input_model_1.cif,0.781,0.765,17,1.0,0.964,0.792,1.1,12.952,0.779,0.827,0.937
8k5h_HL,RBD,A,class1/2(RBM),boltz,0,33.664,input_model_2.cif,0.798,0.737,19,0.947,0.963,0.79,1.758,14.01,0.779,0.827,0.937
8k5h_HL,RBD,A,class1/2(RBM),boltz,0,33.664,input_model_3.cif,0.841,0.833,18,0.944,0.966,0.794,0.955,13.688,0.779,0.827,0.937
8k5h_HL,RBD,A,class1/2(RBM),boltz,0,33.664,input_model_4.cif,0.801,0.778,18,1.0,0.963,0.794,1.934,14.406,0.779,0.827,0.937
8k5h_HL,RBD,A,class1/2(RBM),boltz,1,24.424,input_model_0.cif,0.79,0.75,16,1.0,0.959,0.793,2.196,13.996,0.745,0.807,0.935
8k5h_HL,RBD,A,class1/2(RBM),boltz,1,24.424,input_model_1.cif,0.715,0.812,16,1.0,0.965,0.791,1.761,13.73,0.745,0.807,0.935
8k5h_HL,RBD,A,class1/2(RBM),boltz,1,24.424,input_model_2.cif,0.782,0.8,15,1.0,0.96,0.79,1.801,14.075,0.745,0.807,0.935
8k5h_HL,RBD,A,class1/2(RBM),boltz,1,24.424,input_model_3.cif,0.728,0.737,19,0.947,0.964,0.791,1.349,12.365,0.745,0.807,0.935
8k5h_HL,RBD,A,class1/2(RBM),boltz,1,24.424,input_model_4.cif,0.697,0.722,18,1.0,0.961,0.793,2.425,14.586,0.745,0.807,0.935
8k5h_HL,RBD,A,class1/2(RBM),boltz,2,14.413,input_model_0.cif,0.802,0.857,14,1.0,0.962,0.789,1.334,14.006,0.73,0.797,0.938
8k5h_HL,RBD,A,class1/2(RBM),boltz,2,14.413,input_model_1.cif,0.77,0.733,15,1.0,0.959,0.793,2.475,13.004,0.73,0.797,0.938
8k5h_HL,RBD,A,class1/2(RBM),boltz,2,14.413,input_model_2.cif,0.783,0.789,19,0.947,0.965,0.787,1.303,13.987,0.73,0.797,0.938
8k5h_HL,RBD,A,class1/2(RBM),boltz,2,14.413,input_model_3.cif,0.83,0.867,15,1.0,0.962,0.791,1.551,14.414,0.73,0.797,0.938
8k5h_HL,RBD,A,class1/2(RBM),boltz,2,14.413,input_model_4.cif,0.694,0.706,17,1.0,0.962,0.791,1.312,13.278,0.73,0.797,0.938
8k5h_HL,RBD,A,class1/2(RBM),boltz,3,12.183,input_model_0.cif,0.79,0.778,18,1.0,0.964,0.791,1.937,14.531,0.758,0.808,0.935
8k5h_HL,RBD,A,class1/2(RBM),boltz,3,12.183,input_model_1.cif,0.802,0.812,16,1.0,0.964,0.79,1.228,13.748,0.758,0.808,0.935
8k5h_HL,RBD,A,class1/2(RBM),boltz,3,12.183,input_model_2.cif,0.759,0.8,15,1.0,0.963,0.791,1.489,14.106,0.758,0.808,0.935
8k5h_HL,RBD,A,class1/2(RBM),boltz,3,12.183,input_model_3.cif,0.754,0.722,18,1.0,0.962,0.793,2.444,14.716,0.758,0.808,0.935
8k5h_HL,RBD,A,class1/2(RBM),boltz,3,12.183,input_model_4.cif,0.722,0.765,17,1.0,0.963,0.788,2.141,14.502,0.758,0.808,0.935
8k5h_HL,RBD,A,class1/2(RBM),boltz,4,12.0,input_model_0.cif,0.835,0.812,16,0.938,0.963,0.792,1.262,12.352,0.725,0.79,0.937
8k5h_HL,RBD,A,class1/2(RBM),boltz,4,12.0,input_model_1.cif,0.747,0.786,14,1.0,0.961,0.791,2.14,14.225,0.725,0.79,0.937
8k5h_HL,RBD,A,class1/2(RBM),boltz,4,12.0,input_model_2.cif,0.781,0.812,16,1.0,0.962,0.793,1.682,14.569,0.725,0.79,0.937
8k5h_HL,RBD,A,class1/2(RBM),boltz,4,12.0,input_model_3.cif,0.796,0.733,15,1.0,0.959,0.794,2.482,14.152,0.725,0.79,0.937
8k5h_HL,RBD,A,class1/2(RBM),boltz,4,12.0,input_model_4.cif,0.758,0.765,17,1.0,0.962,0.793,2.325,14.681,0.725,0.79,0.937
8k5h_HL,RBD,A,class1/2(RBM),boltz,5,10.0,input_model_0.cif,0.755,0.75,16,1.0,0.96,0.792,2.197,14.074,0.73,0.798,0.934
8k5h_HL,RBD,A,class1/2(RBM),boltz,5,10.0,input_model_1.cif,0.823,0.8,15,1.0,0.963,0.791,1.459,14.179,0.73,0.798,0.934
8k5h_HL,RBD,A,class1/2(RBM),boltz,5,10.0,input_model_2.cif,0.785,0.786,14,1.0,0.959,0.794,2.09,14.154,0.73,0.798,0.934
8k5h_HL,RBD,A,class1/2(RBM),boltz,5,10.0,input_model_3.cif,0.677,0.737,19,1.0,0.961,0.791,2.217,14.511,0.73,0.798,0.934
8k5h_HL,RBD,A,class1/2(RBM),boltz,5,10.0,input_model_4.cif,0.699,0.722,18,1.0,0.959,0.792,2.58,14.581,0.73,0.798,0.934
8k5h_HL,RBD,A,class1/2(RBM),boltz,6,4.0,input_model_0.cif,0.819,0.867,15,1.0,0.963,0.792,0.738,13.77,0.787,0.82,0.935
8k5h_HL,RBD,A,class1/2(RBM),boltz,6,4.0,input_model_1.cif,0.774,0.778,18,0.944,0.964,0.792,1.426,14.082,0.787,0.82,0.935
8k5h_HL,RBD,A,class1/2(RBM),boltz,6,4.0,input_model_2.cif,0.796,0.75,16,1.0,0.959,0.795,2.161,13.705,0.787,0.82,0.935
8k5h_HL,RBD,A,class1/2(RBM),boltz,6,4.0,input_model_3.cif,0.732,0.706,17,1.0,0.958,0.793,2.517,13.694,0.787,0.82,0.935
8k5h_HL,RBD,A,class1/2(RBM),boltz,6,4.0,input_model_4.cif,0.713,0.765,17,1.0,0.959,0.794,2.456,14.531,0.787,0.82,0.935
8k5h_HL,RBD,A,class1/2(RBM),boltz,7,4.0,input_model_0.cif,0.741,0.778,18,1.0,0.963,0.791,1.928,14.593,0.705,0.779,0.932
8k5h_HL,RBD,A,class1/2(RBM),boltz,7,4.0,input_model_1.cif,0.787,0.765,17,0.941,0.963,0.792,1.092,12.618,0.705,0.779,0.932
8k5h_HL,RBD,A,class1/2(RBM),boltz,7,4.0,input_model_2.cif,0.813,0.812,16,1.0,0.963,0.794,1.821,14.436,0.705,0.779,0.932
8k5h_HL,RBD,A,class1/2(RBM),boltz,7,4.0,input_model_3.cif,0.842,0.875,16,1.0,0.964,0.793,1.131,14.18,0.705,0.779,0.932
8k5h_HL,RBD,A,class1/2(RBM),boltz,7,4.0,input_model_4.cif,0.734,0.706,17,1.0,0.959,0.794,2.815,14.804,0.705,0.779,0.932
8k5h_HL,RBD,A,class1/2(RBM),boltz,8,2.0,input_model_0.cif,0.731,0.8,15,1.0,0.964,0.792,2.0,13.926,0.711,0.786,0.933
8k5h_HL,RBD,A,class1/2(RBM),boltz,8,2.0,input_model_1.cif,0.739,0.812,16,1.0,0.962,0.794,1.804,14.405,0.711,0.786,0.933
8k5h_HL,RBD,A,class1/2(RBM),boltz,8,2.0,input_model_2.cif,0.78,0.786,14,1.0,0.96,0.794,2.7,13.982,0.711,0.786,0.933
8k5h_HL,RBD,A,class1/2(RBM),boltz,8,2.0,input_model_3.cif,0.708,0.8,15,1.0,0.957,0.792,2.817,14.666,0.711,0.786,0.933
8k5h_HL,RBD,A,class1/2(RBM),boltz,8,2.0,input_model_4.cif,0.61,0.765,17,1.0,0.96,0.792,2.457,14.436,0.711,0.786,0.933
8k5h_HL,RBD,A,class1/2(RBM),boltz,9,2.0,input_model_0.cif,0.823,0.867,15,1.0,0.964,0.792,0.752,13.898,0.706,0.778,0.939
8k5h_HL,RBD,A,class1/2(RBM),boltz,9,2.0,input_model_1.cif,0.782,0.786,14,1.0,0.96,0.792,2.066,14.253,0.706,0.778,0.939
8k5h_HL,RBD,A,class1/2(RBM),boltz,9,2.0,input_model_2.cif,0.773,0.778,18,1.0,0.964,0.791,1.935,14.495,0.706,0.778,0.939
8k5h_HL,RBD,A,class1/2(RBM),boltz,9,2.0,input_model_3.cif,0.742,0.733,15,1.0,0.959,0.792,1.774,13.138,0.706,0.778,0.939
8k5h_HL,RBD,A,class1/2(RBM),boltz,9,2.0,input_model_4.cif,0.718,0.8,15,1.0,0.962,0.79,1.453,14.127,0.706,0.778,0.939
8k5h_HL,RBD,A,class1/2(RBM),protenix,0,33.664,8k5h_hl_sample_0.cif,0.019,0.219,32,0.906,0.832,0.792,15.659,4.517,0.467,0.597,80.937
8k5h_HL,RBD,A,class1/2(RBM),protenix,0,33.664,8k5h_hl_sample_1.cif,0.049,0.281,32,0.781,0.882,0.785,12.404,3.401,0.467,0.597,80.937
8k5h_HL,RBD,A,class1/2(RBM),protenix,0,33.664,8k5h_hl_sample_2.cif,0.019,0.188,32,0.875,0.828,0.789,16.579,4.91,0.467,0.597,80.937
8k5h_HL,RBD,A,class1/2(RBM),protenix,0,33.664,8k5h_hl_sample_3.cif,0.019,0.269,26,0.923,0.852,0.793,17.092,5.992,0.467,0.597,80.937
8k5h_HL,RBD,A,class1/2(RBM),protenix,0,33.664,8k5h_hl_sample_4.cif,0.029,0.226,31,0.968,0.817,0.802,14.283,4.216,0.467,0.597,80.937
8k5h_HL,RBD,A,class1/2(RBM),protenix,1,24.424,8k5h_hl_sample_0.cif,0.055,0.317,41,0.805,0.906,0.776,7.811,5.702,0.188,0.526,75.001
8k5h_HL,RBD,A,class1/2(RBM),protenix,1,24.424,8k5h_hl_sample_1.cif,0.006,0.12,50,0.58,0.706,0.663,23.688,11.112,0.188,0.526,75.001
8k5h_HL,RBD,A,class1/2(RBM),protenix,1,24.424,8k5h_hl_sample_2.cif,0.012,0.1,40,0.625,0.696,0.673,23.065,10.196,0.188,0.526,75.001
8k5h_HL,RBD,A,class1/2(RBM),protenix,1,24.424,8k5h_hl_sample_3.cif,0.033,0.31,29,0.897,0.861,0.794,13.429,3.546,0.188,0.526,75.001
8k5h_HL,RBD,A,class1/2(RBM),protenix,1,24.424,8k5h_hl_sample_4.cif,0.022,0.188,32,0.906,0.821,0.79,17.821,5.783,0.188,0.526,75.001
8k5h_HL,RBD,A,class1/2(RBM),protenix,2,14.413,8k5h_hl_sample_0.cif,0.024,0.258,31,0.903,0.847,0.785,11.175,4.489,0.186,0.525,74.509
8k5h_HL,RBD,A,class1/2(RBM),protenix,2,14.413,8k5h_hl_sample_1.cif,0.049,0.25,36,0.722,0.83,0.762,14.057,4.224,0.186,0.525,74.509
8k5h_HL,RBD,A,class1/2(RBM),protenix,2,14.413,8k5h_hl_sample_2.cif,0.026,0.357,28,0.643,0.892,0.75,15.626,6.509,0.186,0.525,74.509
8k5h_HL,RBD,A,class1/2(RBM),protenix,2,14.413,8k5h_hl_sample_3.cif,0.074,0.258,31,0.903,0.835,0.785,12.519,3.214,0.186,0.525,74.509
8k5h_HL,RBD,A,class1/2(RBM),protenix,2,14.413,8k5h_hl_sample_4.cif,0.009,0.0,33,0.0,0.087,0.258,40.511,29.659,0.186,0.525,74.509
8k5h_HL,RBD,A,class1/2(RBM),protenix,3,12.183,8k5h_hl_sample_0.cif,0.011,0.24,25,0.88,0.775,0.769,14.288,4.532,0.235,0.532,75.373
8k5h_HL,RBD,A,class1/2(RBM),protenix,3,12.183,8k5h_hl_sample_1.cif,0.012,0.231,26,0.885,0.829,0.785,15.865,5.208,0.235,0.532,75.373
8k5h_HL,RBD,A,class1/2(RBM),protenix,3,12.183,8k5h_hl_sample_2.cif,0.012,0.286,28,0.821,0.857,0.777,15.141,5.447,0.235,0.532,75.373
8k5h_HL,RBD,A,class1/2(RBM),protenix,3,12.183,8k5h_hl_sample_3.cif,0.014,0.235,34,0.706,0.821,0.729,17.311,6.77,0.235,0.532,75.373
8k5h_HL,RBD,A,class1/2(RBM),protenix,3,12.183,8k5h_hl_sample_4.cif,0.027,0.36,25,0.84,0.882,0.788,12.399,4.285,0.235,0.532,75.373
8k5h_HL,RBD,A,class1/2(RBM),protenix,4,12.0,8k5h_hl_sample_0.cif,0.012,0.0,34,0.118,0.077,0.289,40.521,29.52,0.174,0.513,73.193
8k5h_HL,RBD,A,class1/2(RBM),protenix,4,12.0,8k5h_hl_sample_1.cif,0.025,0.368,38,0.921,0.924,0.804,8.136,4.966,0.174,0.513,73.193
8k5h_HL,RBD,A,class1/2(RBM),protenix,4,12.0,8k5h_hl_sample_2.cif,0.04,0.316,38,0.842,0.905,0.791,9.216,4.596,0.174,0.513,73.193
8k5h_HL,RBD,A,class1/2(RBM),protenix,4,12.0,8k5h_hl_sample_3.cif,0.008,0.197,61,0.41,0.82,0.595,23.012,13.944,0.174,0.513,73.193
8k5h_HL,RBD,A,class1/2(RBM),protenix,4,12.0,8k5h_hl_sample_4.cif,0.024,0.224,58,0.431,0.847,0.587,23.082,13.696,0.174,0.513,73.193
8k5h_HL,RBD,A,class1/2(RBM),protenix,5,10.0,8k5h_hl_sample_0.cif,0.024,0.438,32,0.875,0.946,0.8,5.778,6.979,0.21,0.486,70.185
8k5h_HL,RBD,A,class1/2(RBM),protenix,5,10.0,8k5h_hl_sample_1.cif,0.016,0.382,34,0.971,0.91,0.821,6.338,7.01,0.21,0.486,70.185
8k5h_HL,RBD,A,class1/2(RBM),protenix,5,10.0,8k5h_hl_sample_2.cif,0.009,0.31,42,0.905,0.897,0.809,9.327,4.289,0.21,0.486,70.185
8k5h_HL,RBD,A,class1/2(RBM),protenix,5,10.0,8k5h_hl_sample_3.cif,0.033,0.318,44,0.864,0.895,0.792,6.98,5.755,0.21,0.486,70.185
8k5h_HL,RBD,A,class1/2(RBM),protenix,5,10.0,8k5h_hl_sample_4.cif,0.007,0.125,48,0.792,0.755,0.754,17.886,6.834,0.21,0.486,70.185
8k5h_HL,RBD,A,class1/2(RBM),protenix,6,4.0,8k5h_hl_sample_0.cif,0.025,0.385,39,0.923,0.921,0.759,5.744,10.042,0.185,0.482,71.107
8k5h_HL,RBD,A,class1/2(RBM),protenix,6,4.0,8k5h_hl_sample_1.cif,0.042,0.375,32,1.0,0.918,0.739,5.606,9.845,0.185,0.482,71.107
8k5h_HL,RBD,A,class1/2(RBM),protenix,6,4.0,8k5h_hl_sample_2.cif,0.024,0.28,50,0.76,0.903,0.783,11.704,2.68,0.185,0.482,71.107
8k5h_HL,RBD,A,class1/2(RBM),protenix,6,4.0,8k5h_hl_sample_3.cif,0.014,0.0,36,0.361,0.315,0.493,30.341,17.731,0.185,0.482,71.107
8k5h_HL,RBD,A,class1/2(RBM),protenix,6,4.0,8k5h_hl_sample_4.cif,0.016,0.361,36,0.944,0.912,0.81,7.865,6.037,0.185,0.482,71.107
8k5h_HL,RBD,A,class1/2(RBM),protenix,7,4.0,8k5h_hl_sample_0.cif,0.008,0.032,62,0.5,0.577,0.625,26.499,15.327,0.175,0.491,72.24
8k5h_HL,RBD,A,class1/2(RBM),protenix,7,4.0,8k5h_hl_sample_1.cif,0.007,0.018,55,0.418,0.527,0.607,29.858,18.172,0.175,0.491,72.24
8k5h_HL,RBD,A,class1/2(RBM),protenix,7,4.0,8k5h_hl_sample_2.cif,0.007,0.039,51,0.686,0.628,0.702,20.256,7.407,0.175,0.491,72.24
8k5h_HL,RBD,A,class1/2(RBM),protenix,7,4.0,8k5h_hl_sample_3.cif,0.064,0.294,34,0.971,0.881,0.81,8.531,7.288,0.175,0.491,72.24
8k5h_HL,RBD,A,class1/2(RBM),protenix,7,4.0,8k5h_hl_sample_4.cif,0.013,0.0,60,0.0,0.132,0.198,43.595,34.605,0.175,0.491,72.24
8k5h_HL,RBD,A,class1/2(RBM),protenix,8,2.0,8k5h_hl_sample_0.cif,0.018,0.244,45,0.756,0.841,0.756,9.297,4.923,0.188,0.413,63.122
8k5h_HL,RBD,A,class1/2(RBM),protenix,8,2.0,8k5h_hl_sample_1.cif,0.009,0.2,40,0.75,0.772,0.731,11.597,6.474,0.188,0.413,63.122
8k5h_HL,RBD,A,class1/2(RBM),protenix,8,2.0,8k5h_hl_sample_2.cif,0.017,0.25,36,0.833,0.784,0.75,10.044,5.38,0.188,0.413,63.122
8k5h_HL,RBD,A,class1/2(RBM),protenix,8,2.0,8k5h_hl_sample_3.cif,0.012,0.0,37,0.189,0.181,0.357,29.759,23.97,0.188,0.413,63.122
8k5h_HL,RBD,A,class1/2(RBM),protenix,8,2.0,8k5h_hl_sample_4.cif,0.04,0.262,42,0.81,0.858,0.783,7.123,3.944,0.188,0.413,63.122
8k5h_HL,RBD,A,class1/2(RBM),protenix,9,2.0,8k5h_hl_sample_0.cif,0.01,0.041,49,0.388,0.469,0.524,13.841,13.64,0.21,0.401,52.913
8k5h_HL,RBD,A,class1/2(RBM),protenix,9,2.0,8k5h_hl_sample_1.cif,0.009,0.02,51,0.588,0.419,0.641,17.818,9.304,0.21,0.401,52.913
8k5h_HL,RBD,A,class1/2(RBM),protenix,9,2.0,8k5h_hl_sample_2.cif,0.009,0.318,44,0.864,0.834,0.77,4.635,6.844,0.21,0.401,52.913
8k5h_HL,RBD,A,class1/2(RBM),protenix,9,2.0,8k5h_hl_sample_3.cif,0.011,0.02,50,0.32,0.429,0.493,18.956,16.294,0.21,0.401,52.913
8k5h_HL,RBD,A,class1/2(RBM),protenix,9,2.0,8k5h_hl_sample_4.cif,0.01,0.184,49,0.551,0.763,0.646,10.99,9.718,0.21,0.401,52.913
8k5h_HL,RBD,A,class1/2(RBM),protenix,10,1.0,8k5h_hl_sample_0.cif,0.022,0.077,52,0.096,0.476,0.271,14.58,16.981,0.151,0.332,46.089
8k5h_HL,RBD,A,class1/2(RBM),protenix,10,1.0,8k5h_hl_sample_1.cif,0.117,0.145,62,0.339,0.685,0.529,10.706,13.879,0.151,0.332,46.089
8k5h_HL,RBD,A,class1/2(RBM),protenix,10,1.0,8k5h_hl_sample_2.cif,0.012,0.094,53,0.472,0.649,0.675,10.037,10.269,0.151,0.332,46.089
8k5h_HL,RBD,A,class1/2(RBM),protenix,10,1.0,8k5h_hl_sample_3.cif,0.01,0.067,60,0.217,0.538,0.384,16.697,20.969,0.151,0.332,46.089
8k5h_HL,RBD,A,class1/2(RBM),protenix,10,1.0,8k5h_hl_sample_4.cif,0.011,0.122,49,0.224,0.665,0.457,12.38,18.277,0.151,0.332,46.089
8k5h_HL,RBD,A,class1/2(RBM),protenix,11,1.0,8k5h_hl_sample_0.cif,0.029,0.13,46,0.109,0.463,0.291,18.037,16.778,0.156,0.343,46.488
8k5h_HL,RBD,A,class1/2(RBM),protenix,11,1.0,8k5h_hl_sample_1.cif,0.108,0.138,65,0.323,0.661,0.504,13.469,15.974,0.156,0.343,46.488
8k5h_HL,RBD,A,class1/2(RBM),protenix,11,1.0,8k5h_hl_sample_2.cif,0.044,0.12,50,0.5,0.694,0.673,8.588,9.93,0.156,0.343,46.488
8k5h_HL,RBD,A,class1/2(RBM),protenix,11,1.0,8k5h_hl_sample_3.cif,0.011,0.061,66,0.227,0.515,0.401,17.778,21.242,0.156,0.343,46.488
8k5h_HL,RBD,A,class1/2(RBM),protenix,11,1.0,8k5h_hl_sample_4.cif,0.012,0.143,56,0.304,0.682,0.482,10.088,15.519,0.156,0.343,46.488
8kdm_GF,RBD,A,class1/2(RBM),boltz,0,35.766,input_model_0.cif,0.039,0.0,28,0.107,0.481,0.369,17.476,22.368,0.761,0.803,0.905
8kdm_GF,RBD,A,class1/2(RBM),boltz,0,35.766,input_model_1.cif,0.016,0.0,23,1.0,0.335,0.808,32.206,5.777,0.761,0.803,0.905
8kdm_GF,RBD,A,class1/2(RBM),boltz,0,35.766,input_model_2.cif,0.019,0.0,30,0.133,0.489,0.368,17.778,22.58,0.761,0.803,0.905
8kdm_GF,RBD,A,class1/2(RBM),boltz,0,35.766,input_model_3.cif,0.029,0.087,23,0.0,0.538,0.404,15.145,21.13,0.761,0.803,0.905
8kdm_GF,RBD,A,class1/2(RBM),boltz,0,35.766,input_model_4.cif,0.052,0.0,34,0.118,0.462,0.344,17.375,23.519,0.761,0.803,0.905
8kdm_GF,RBD,A,class1/2(RBM),boltz,1,26.237,input_model_0.cif,0.056,0.0,28,0.107,0.508,0.352,17.713,23.26,0.725,0.777,0.906
8kdm_GF,RBD,A,class1/2(RBM),boltz,1,26.237,input_model_1.cif,0.02,0.033,30,0.1,0.527,0.331,16.002,24.113,0.725,0.777,0.906
8kdm_GF,RBD,A,class1/2(RBM),boltz,1,26.237,input_model_2.cif,0.017,0.0,26,0.962,0.317,0.807,31.621,5.361,0.725,0.777,0.906
8kdm_GF,RBD,A,class1/2(RBM),boltz,1,26.237,input_model_3.cif,0.02,0.0,28,0.143,0.513,0.371,17.42,22.408,0.725,0.777,0.906
8kdm_GF,RBD,A,class1/2(RBM),boltz,1,26.237,input_model_4.cif,0.016,0.0,22,0.091,0.445,0.346,18.846,24.434,0.725,0.777,0.906
8kdm_GF,RBD,A,class1/2(RBM),boltz,2,16.333,input_model_0.cif,0.021,0.1,30,0.067,0.553,0.326,14.722,25.345,0.886,0.9,0.904
8kdm_GF,RBD,A,class1/2(RBM),boltz,2,16.333,input_model_1.cif,0.033,0.0,27,0.222,0.473,0.387,19.447,21.217,0.886,0.9,0.904
8kdm_GF,RBD,A,class1/2(RBM),boltz,2,16.333,input_model_2.cif,0.031,0.0,27,0.259,0.452,0.408,19.881,21.839,0.886,0.9,0.904
8kdm_GF,RBD,A,class1/2(RBM),boltz,2,16.333,input_model_3.cif,0.026,0.0,37,0.73,0.354,0.769,27.245,4.731,0.886,0.9,0.904
8kdm_GF,RBD,A,class1/2(RBM),boltz,2,16.333,input_model_4.cif,0.037,0.0,27,0.296,0.45,0.418,21.465,21.203,0.886,0.9,0.904
8kdm_GF,RBD,A,class1/2(RBM),boltz,3,12.133,input_model_0.cif,0.019,0.0,31,0.097,0.522,0.32,15.531,25.286,0.744,0.794,0.899
8kdm_GF,RBD,A,class1/2(RBM),boltz,3,12.133,input_model_1.cif,0.042,0.0,31,0.097,0.506,0.345,15.655,23.945,0.744,0.794,0.899
8kdm_GF,RBD,A,class1/2(RBM),boltz,3,12.133,input_model_2.cif,0.019,0.0,29,0.138,0.495,0.37,17.784,23.18,0.744,0.794,0.899
8kdm_GF,RBD,A,class1/2(RBM),boltz,3,12.133,input_model_3.cif,0.039,0.0,19,0.053,0.52,0.299,17.385,27.184,0.744,0.794,0.899
8kdm_GF,RBD,A,class1/2(RBM),boltz,3,12.133,input_model_4.cif,0.036,0.0,26,0.115,0.461,0.379,18.018,24.073,0.744,0.794,0.899
8kdm_GF,RBD,A,class1/2(RBM),boltz,4,8.0,input_model_0.cif,0.041,0.0,28,0.214,0.479,0.393,19.448,21.12,0.754,0.791,0.909
8kdm_GF,RBD,A,class1/2(RBM),boltz,4,8.0,input_model_1.cif,0.02,0.065,31,0.097,0.568,0.34,15.75,24.454,0.754,0.791,0.909
8kdm_GF,RBD,A,class1/2(RBM),boltz,4,8.0,input_model_2.cif,0.033,0.0,29,0.207,0.449,0.393,19.464,21.048,0.754,0.791,0.909
8kdm_GF,RBD,A,class1/2(RBM),boltz,4,8.0,input_model_3.cif,0.227,0.789,19,0.211,0.939,0.321,3.142,25.068,0.754,0.791,0.909
8kdm_GF,RBD,A,class1/2(RBM),boltz,4,8.0,input_model_4.cif,0.04,0.0,30,0.233,0.48,0.401,19.237,20.175,0.754,0.791,0.909
8kdm_GF,RBD,A,class1/2(RBM),boltz,5,8.667,input_model_0.cif,0.02,0.056,36,0.083,0.545,0.326,15.19,25.416,0.858,0.878,0.9
8kdm_GF,RBD,A,class1/2(RBM),boltz,5,8.667,input_model_1.cif,0.016,0.0,24,0.125,0.473,0.356,18.437,22.318,0.858,0.878,0.9
8kdm_GF,RBD,A,class1/2(RBM),boltz,5,8.667,input_model_2.cif,0.017,0.0,23,0.087,0.405,0.346,19.156,24.433,0.858,0.878,0.9
8kdm_GF,RBD,A,class1/2(RBM),boltz,5,8.667,input_model_3.cif,0.018,0.0,24,0.167,0.485,0.408,18.741,19.888,0.858,0.878,0.9
8kdm_GF,RBD,A,class1/2(RBM),boltz,5,8.667,input_model_4.cif,0.034,0.0,26,0.231,0.461,0.402,19.682,21.179,0.858,0.878,0.9
8kdm_GF,RBD,A,class1/2(RBM),boltz,6,7.0,input_model_0.cif,0.051,0.0,32,0.125,0.522,0.365,17.52,22.183,0.873,0.886,0.91
8kdm_GF,RBD,A,class1/2(RBM),boltz,6,7.0,input_model_1.cif,0.033,0.0,27,0.222,0.462,0.407,19.32,21.012,0.873,0.886,0.91
8kdm_GF,RBD,A,class1/2(RBM),boltz,6,7.0,input_model_2.cif,0.051,0.0,30,0.133,0.454,0.375,17.947,22.705,0.873,0.886,0.91
8kdm_GF,RBD,A,class1/2(RBM),boltz,6,7.0,input_model_3.cif,0.017,0.0,23,0.087,0.463,0.358,18.426,23.372,0.873,0.886,0.91
8kdm_GF,RBD,A,class1/2(RBM),boltz,6,7.0,input_model_4.cif,0.031,0.0,26,0.269,0.44,0.403,20.513,21.785,0.873,0.886,0.91
8kdm_GF,RBD,A,class1/2(RBM),boltz,7,5.0,input_model_0.cif,0.057,0.03,33,0.121,0.496,0.369,17.292,21.501,0.828,0.851,0.907
8kdm_GF,RBD,A,class1/2(RBM),boltz,7,5.0,input_model_1.cif,0.054,0.0,21,0.19,0.388,0.41,21.285,21.657,0.828,0.851,0.907
8kdm_GF,RBD,A,class1/2(RBM),boltz,7,5.0,input_model_2.cif,0.037,0.0,30,0.4,0.427,0.418,22.521,20.862,0.828,0.851,0.907
8kdm_GF,RBD,A,class1/2(RBM),boltz,7,5.0,input_model_3.cif,0.022,0.095,21,0.0,0.622,0.262,11.593,29.264,0.828,0.851,0.907
8kdm_GF,RBD,A,class1/2(RBM),boltz,7,5.0,input_model_4.cif,0.017,0.0,26,0.115,0.49,0.357,17.774,21.829,0.828,0.851,0.907
8kdm_GF,RBD,A,class1/2(RBM),boltz,8,1.0,input_model_0.cif,0.033,0.0,27,0.222,0.462,0.393,19.512,20.698,0.827,0.847,0.9
8kdm_GF,RBD,A,class1/2(RBM),boltz,8,1.0,input_model_1.cif,0.057,0.0,23,0.13,0.427,0.369,19.036,21.532,0.827,0.847,0.9
8kdm_GF,RBD,A,class1/2(RBM),boltz,8,1.0,input_model_2.cif,0.058,0.0,22,0.136,0.5,0.408,18.819,22.343,0.827,0.847,0.9
8kdm_GF,RBD,A,class1/2(RBM),boltz,8,1.0,input_model_3.cif,0.019,0.0,28,0.143,0.488,0.376,18.121,23.26,0.827,0.847,0.9
8kdm_GF,RBD,A,class1/2(RBM),boltz,8,1.0,input_model_4.cif,0.026,0.0,25,0.96,0.326,0.808,31.845,5.405,0.827,0.847,0.9
8kdm_GF,RBD,A,class1/2(RBM),boltz,9,2.0,input_model_0.cif,0.024,0.0,22,1.0,0.33,0.808,32.406,6.078,0.705,0.768,0.909
8kdm_GF,RBD,A,class1/2(RBM),boltz,9,2.0,input_model_1.cif,0.019,0.0,34,0.088,0.53,0.326,15.621,24.857,0.705,0.768,0.909
8kdm_GF,RBD,A,class1/2(RBM),boltz,9,2.0,input_model_2.cif,0.03,0.0,28,0.214,0.448,0.409,19.811,22.697,0.705,0.768,0.909
8kdm_GF,RBD,A,class1/2(RBM),boltz,9,2.0,input_model_3.cif,0.016,0.0,25,0.12,0.448,0.36,18.165,21.979,0.705,0.768,0.909
8kdm_GF,RBD,A,class1/2(RBM),boltz,9,2.0,input_model_4.cif,0.042,0.0,26,0.115,0.487,0.378,17.675,22.643,0.705,0.768,0.909
8kdm_GF,RBD,A,class1/2(RBM),protenix,0,35.766,8kdm_gf_sample_0.cif,0.02,0.0,34,0.971,0.44,0.819,30.626,8.37,0.181,0.416,62.533
8kdm_GF,RBD,A,class1/2(RBM),protenix,0,35.766,8kdm_gf_sample_1.cif,0.005,0.0,61,0.59,0.322,0.711,21.851,6.928,0.181,0.416,62.533
8kdm_GF,RBD,A,class1/2(RBM),protenix,0,35.766,8kdm_gf_sample_2.cif,0.005,0.0,27,0.852,0.365,0.788,28.314,4.976,0.181,0.416,62.533
8kdm_GF,RBD,A,class1/2(RBM),protenix,0,35.766,8kdm_gf_sample_3.cif,0.018,0.0,33,0.848,0.291,0.785,29.294,4.932,0.181,0.416,62.533
8kdm_GF,RBD,A,class1/2(RBM),protenix,0,35.766,8kdm_gf_sample_4.cif,0.005,0.0,61,0.426,0.251,0.617,19.282,12.701,0.181,0.416,62.533
8kdm_GF,RBD,A,class1/2(RBM),protenix,1,26.237,8kdm_gf_sample_0.cif,0.006,0.018,57,0.649,0.258,0.722,24.319,6.185,0.172,0.409,58.27
8kdm_GF,RBD,A,class1/2(RBM),protenix,1,26.237,8kdm_gf_sample_1.cif,0.011,0.043,46,0.87,0.432,0.792,27.188,2.252,0.172,0.409,58.27
8kdm_GF,RBD,A,class1/2(RBM),protenix,1,26.237,8kdm_gf_sample_2.cif,0.004,0.0,52,0.673,0.225,0.696,24.291,4.697,0.172,0.409,58.27
8kdm_GF,RBD,A,class1/2(RBM),protenix,1,26.237,8kdm_gf_sample_3.cif,0.02,0.0,36,0.833,0.305,0.786,29.439,6.079,0.172,0.409,58.27
8kdm_GF,RBD,A,class1/2(RBM),protenix,1,26.237,8kdm_gf_sample_4.cif,0.004,0.0,46,0.63,0.258,0.701,25.255,9.173,0.172,0.409,58.27
8kdm_GF,RBD,A,class1/2(RBM),protenix,2,16.333,8kdm_gf_sample_0.cif,0.019,0.071,70,0.386,0.465,0.559,13.39,16.688,0.165,0.405,60.243
8kdm_GF,RBD,A,class1/2(RBM),protenix,2,16.333,8kdm_gf_sample_1.cif,0.006,0.044,68,0.338,0.381,0.55,14.954,19.002,0.165,0.405,60.243
8kdm_GF,RBD,A,class1/2(RBM),protenix,2,16.333,8kdm_gf_sample_2.cif,0.007,0.0,74,0.405,0.205,0.587,15.799,16.568,0.165,0.405,60.243
8kdm_GF,RBD,A,class1/2(RBM),protenix,2,16.333,8kdm_gf_sample_3.cif,0.007,0.0,47,0.766,0.174,0.761,27.119,3.835,0.165,0.405,60.243
8kdm_GF,RBD,A,class1/2(RBM),protenix,2,16.333,8kdm_gf_sample_4.cif,0.009,0.037,82,0.341,0.342,0.579,15.318,17.859,0.165,0.405,60.243
8kdm_GF,RBD,A,class1/2(RBM),protenix,3,12.133,8kdm_gf_sample_0.cif,0.012,0.0,62,0.548,0.271,0.688,20.978,9.067,0.198,0.429,63.287
8kdm_GF,RBD,A,class1/2(RBM),protenix,3,12.133,8kdm_gf_sample_1.cif,0.009,0.061,49,0.898,0.554,0.81,27.673,4.733,0.198,0.429,63.287
8kdm_GF,RBD,A,class1/2(RBM),protenix,3,12.133,8kdm_gf_sample_2.cif,0.014,0.0,40,0.775,0.404,0.784,27.785,3.309,0.198,0.429,63.287
8kdm_GF,RBD,A,class1/2(RBM),protenix,3,12.133,8kdm_gf_sample_3.cif,0.004,0.0,32,0.812,0.366,0.783,29.299,3.847,0.198,0.429,63.287
8kdm_GF,RBD,A,class1/2(RBM),protenix,3,12.133,8kdm_gf_sample_4.cif,0.009,0.0,69,0.493,0.172,0.643,21.619,12.011,0.198,0.429,63.287
8kdm_GF,RBD,A,class1/2(RBM),protenix,4,8.0,8kdm_gf_sample_0.cif,0.008,0.17,88,0.364,0.705,0.542,12.088,17.801,0.15,0.361,59.381
8kdm_GF,RBD,A,class1/2(RBM),protenix,4,8.0,8kdm_gf_sample_1.cif,0.006,0.162,68,0.412,0.718,0.596,12.859,17.23,0.15,0.361,59.381
8kdm_GF,RBD,A,class1/2(RBM),protenix,4,8.0,8kdm_gf_sample_2.cif,0.01,0.058,69,0.623,0.281,0.728,24.796,8.035,0.15,0.361,59.381
8kdm_GF,RBD,A,class1/2(RBM),protenix,4,8.0,8kdm_gf_sample_3.cif,0.006,0.015,66,0.47,0.192,0.61,18.5,15.712,0.15,0.361,59.381
8kdm_GF,RBD,A,class1/2(RBM),protenix,4,8.0,8kdm_gf_sample_4.cif,0.005,0.05,60,0.7,0.36,0.757,26.042,6.772,0.15,0.361,59.381
8kdm_GF,RBD,A,class1/2(RBM),protenix,5,8.667,8kdm_gf_sample_0.cif,0.011,0.0,34,0.912,0.369,0.805,30.018,7.216,0.232,0.45,69.435
8kdm_GF,RBD,A,class1/2(RBM),protenix,5,8.667,8kdm_gf_sample_1.cif,0.012,0.0,39,0.923,0.377,0.808,30.156,5.743,0.232,0.45,69.435
8kdm_GF,RBD,A,class1/2(RBM),protenix,5,8.667,8kdm_gf_sample_2.cif,0.01,0.0,35,0.914,0.36,0.804,30.028,6.775,0.232,0.45,69.435
8kdm_GF,RBD,A,class1/2(RBM),protenix,5,8.667,8kdm_gf_sample_3.cif,0.012,0.0,37,0.919,0.381,0.804,30.077,6.821,0.232,0.45,69.435
8kdm_GF,RBD,A,class1/2(RBM),protenix,5,8.667,8kdm_gf_sample_4.cif,0.011,0.0,36,0.917,0.362,0.807,29.67,6.768,0.232,0.45,69.435
8kdm_GF,RBD,A,class1/2(RBM),protenix,6,7.0,8kdm_gf_sample_0.cif,0.006,0.242,62,0.468,0.816,0.627,15.579,15.059,0.42,0.538,64.285
8kdm_GF,RBD,A,class1/2(RBM),protenix,6,7.0,8kdm_gf_sample_1.cif,0.007,0.262,65,0.385,0.799,0.57,10.752,19.304,0.42,0.538,64.285
8kdm_GF,RBD,A,class1/2(RBM),protenix,6,7.0,8kdm_gf_sample_2.cif,0.007,0.29,62,0.387,0.822,0.545,12.874,17.404,0.42,0.538,64.285
8kdm_GF,RBD,A,class1/2(RBM),protenix,6,7.0,8kdm_gf_sample_3.cif,0.007,0.221,77,0.377,0.768,0.561,11.193,18.843,0.42,0.538,64.285
8kdm_GF,RBD,A,class1/2(RBM),protenix,6,7.0,8kdm_gf_sample_4.cif,0.018,0.066,76,0.342,0.432,0.544,11.345,20.737,0.42,0.538,64.285
8kdm_GF,RBD,A,class1/2(RBM),protenix,7,5.0,8kdm_gf_sample_0.cif,0.009,0.061,82,0.402,0.369,0.582,16.194,14.477,0.155,0.395,60.739
8kdm_GF,RBD,A,class1/2(RBM),protenix,7,5.0,8kdm_gf_sample_1.cif,0.018,0.073,82,0.488,0.393,0.667,18.002,11.982,0.155,0.395,60.739
8kdm_GF,RBD,A,class1/2(RBM),protenix,7,5.0,8kdm_gf_sample_2.cif,0.012,0.036,84,0.119,0.414,0.286,14.655,27.774,0.155,0.395,60.739
8kdm_GF,RBD,A,class1/2(RBM),protenix,7,5.0,8kdm_gf_sample_3.cif,0.009,0.029,68,0.441,0.317,0.589,17.211,14.431,0.155,0.395,60.739
8kdm_GF,RBD,A,class1/2(RBM),protenix,7,5.0,8kdm_gf_sample_4.cif,0.007,0.038,53,0.189,0.441,0.349,14.341,24.817,0.155,0.395,60.739
8kdm_GF,RBD,A,class1/2(RBM),protenix,8,1.0,8kdm_gf_sample_0.cif,0.007,0.082,85,0.435,0.462,0.603,20.29,13.297,0.148,0.318,50.762
8kdm_GF,RBD,A,class1/2(RBM),protenix,8,1.0,8kdm_gf_sample_1.cif,0.017,0.057,87,0.632,0.47,0.745,25.068,7.162,0.148,0.318,50.762
8kdm_GF,RBD,A,class1/2(RBM),protenix,8,1.0,8kdm_gf_sample_2.cif,0.016,0.036,110,0.518,0.246,0.673,17.139,10.623,0.148,0.318,50.762
8kdm_GF,RBD,A,class1/2(RBM),protenix,8,1.0,8kdm_gf_sample_3.cif,0.007,0.062,65,0.569,0.418,0.689,18.241,10.16,0.148,0.318,50.762
8kdm_GF,RBD,A,class1/2(RBM),protenix,8,1.0,8kdm_gf_sample_4.cif,0.015,0.013,75,0.56,0.304,0.678,18.369,10.193,0.148,0.318,50.762
8kdm_GF,RBD,A,class1/2(RBM),protenix,9,2.0,8kdm_gf_sample_0.cif,0.006,0.115,61,0.131,0.526,0.349,10.825,16.382,0.157,0.294,45.603
8kdm_GF,RBD,A,class1/2(RBM),protenix,9,2.0,8kdm_gf_sample_1.cif,0.008,0.083,60,0.117,0.553,0.333,12.838,16.258,0.157,0.294,45.603
8kdm_GF,RBD,A,class1/2(RBM),protenix,9,2.0,8kdm_gf_sample_2.cif,0.01,0.087,80,0.188,0.533,0.347,11.519,18.615,0.157,0.294,45.603
8kdm_GF,RBD,A,class1/2(RBM),protenix,9,2.0,8kdm_gf_sample_3.cif,0.007,0.149,94,0.33,0.639,0.544,10.003,12.142,0.157,0.294,45.603
8kdm_GF,RBD,A,class1/2(RBM),protenix,9,2.0,8kdm_gf_sample_4.cif,0.019,0.047,64,0.656,0.462,0.676,9.551,6.618,0.157,0.294,45.603
8kdm_GF,RBD,A,class1/2(RBM),protenix,10,1.0,8kdm_gf_sample_0.cif,0.019,0.164,55,0.182,0.601,0.361,7.396,19.13,0.16,0.286,43.541
8kdm_GF,RBD,A,class1/2(RBM),protenix,10,1.0,8kdm_gf_sample_1.cif,0.006,0.052,77,0.221,0.485,0.395,11.254,13.972,0.16,0.286,43.541
8kdm_GF,RBD,A,class1/2(RBM),protenix,10,1.0,8kdm_gf_sample_2.cif,0.01,0.089,79,0.291,0.497,0.483,9.313,11.289,0.16,0.286,43.541
8kdm_GF,RBD,A,class1/2(RBM),protenix,10,1.0,8kdm_gf_sample_3.cif,0.022,0.203,79,0.253,0.738,0.431,4.713,17.565,0.16,0.286,43.541
8kdm_GF,RBD,A,class1/2(RBM),protenix,10,1.0,8kdm_gf_sample_4.cif,0.008,0.079,76,0.605,0.528,0.713,11.731,0.858,0.16,0.286,43.541
8kdm_GF,RBD,A,class1/2(RBM),protenix,11,1.0,8kdm_gf_sample_0.cif,0.011,0.115,61,0.23,0.564,0.382,7.91,14.687,0.163,0.283,43.894
8kdm_GF,RBD,A,class1/2(RBM),protenix,11,1.0,8kdm_gf_sample_1.cif,0.008,0.137,73,0.466,0.573,0.617,8.503,7.992,0.163,0.283,43.894
8kdm_GF,RBD,A,class1/2(RBM),protenix,11,1.0,8kdm_gf_sample_2.cif,0.017,0.118,51,0.471,0.627,0.601,8.858,15.864,0.163,0.283,43.894
8kdm_GF,RBD,A,class1/2(RBM),protenix,11,1.0,8kdm_gf_sample_3.cif,0.006,0.081,86,0.233,0.49,0.426,12.356,13.68,0.163,0.283,43.894
8kdm_GF,RBD,A,class1/2(RBM),protenix,11,1.0,8kdm_gf_sample_4.cif,0.01,0.067,89,0.315,0.436,0.514,9.211,10.589,0.163,0.283,43.894
8kep_HL,RBD,A,class1/2(RBM),boltz,0,28.735,input_model_0.cif,0.41,0.621,29,0.828,0.905,0.755,6.471,8.234,0.809,0.844,0.896
8kep_HL,RBD,A,class1/2(RBM),boltz,0,28.735,input_model_1.cif,0.548,0.643,28,0.857,0.93,0.753,4.99,9.323,0.809,0.844,0.896
8kep_HL,RBD,A,class1/2(RBM),boltz,0,28.735,input_model_2.cif,0.507,0.72,25,0.88,0.925,0.752,4.17,9.873,0.809,0.844,0.896
8kep_HL,RBD,A,class1/2(RBM),boltz,0,28.735,input_model_3.cif,0.649,0.826,23,0.957,0.941,0.748,0.549,13.113,0.809,0.844,0.896
8kep_HL,RBD,A,class1/2(RBM),boltz,0,28.735,input_model_4.cif,0.659,0.783,23,0.87,0.936,0.738,2.539,11.715,0.809,0.844,0.896
8kep_HL,RBD,A,class1/2(RBM),boltz,1,21.687,input_model_0.cif,0.396,0.6,30,0.867,0.916,0.762,6.257,7.67,0.711,0.769,0.895
8kep_HL,RBD,A,class1/2(RBM),boltz,1,21.687,input_model_1.cif,0.54,0.655,29,0.897,0.924,0.758,3.904,9.705,0.711,0.769,0.895
8kep_HL,RBD,A,class1/2(RBM),boltz,1,21.687,input_model_2.cif,0.71,0.731,26,0.885,0.936,0.741,3.198,11.562,0.711,0.769,0.895
8kep_HL,RBD,A,class1/2(RBM),boltz,1,21.687,input_model_3.cif,0.584,0.731,26,0.885,0.938,0.748,3.627,10.254,0.711,0.769,0.895
8kep_HL,RBD,A,class1/2(RBM),boltz,1,21.687,input_model_4.cif,0.649,0.783,23,0.913,0.938,0.746,2.516,11.767,0.711,0.769,0.895
8kep_HL,RBD,A,class1/2(RBM),boltz,2,15.319,input_model_0.cif,0.429,0.643,28,0.821,0.921,0.754,5.955,8.358,0.669,0.744,0.896
8kep_HL,RBD,A,class1/2(RBM),boltz,2,15.319,input_model_1.cif,0.698,0.783,23,0.87,0.939,0.745,2.771,11.801,0.669,0.744,0.896
8kep_HL,RBD,A,class1/2(RBM),boltz,2,15.319,input_model_2.cif,0.594,0.63,27,0.852,0.93,0.74,5.412,9.681,0.669,0.744,0.896
8kep_HL,RBD,A,class1/2(RBM),boltz,2,15.319,input_model_3.cif,0.676,0.76,25,0.88,0.937,0.739,2.677,11.768,0.669,0.744,0.896
8kep_HL,RBD,A,class1/2(RBM),boltz,2,15.319,input_model_4.cif,0.557,0.833,18,0.944,0.94,0.749,1.418,13.758,0.669,0.744,0.896
8kep_HL,RBD,A,class1/2(RBM),boltz,3,11.75,input_model_0.cif,0.577,0.773,22,0.909,0.929,0.734,3.098,12.505,0.65,0.731,0.899
8kep_HL,RBD,A,class1/2(RBM),boltz,3,11.75,input_model_1.cif,0.515,0.81,21,0.952,0.936,0.764,0.731,12.956,0.65,0.731,0.899
8kep_HL,RBD,A,class1/2(RBM),boltz,3,11.75,input_model_2.cif,0.552,0.643,28,0.821,0.927,0.75,5.052,9.226,0.65,0.731,0.899
8kep_HL,RBD,A,class1/2(RBM),boltz,3,11.75,input_model_3.cif,0.596,0.72,25,0.84,0.929,0.75,4.989,9.672,0.65,0.731,0.899
8kep_HL,RBD,A,class1/2(RBM),boltz,3,11.75,input_model_4.cif,0.695,0.72,25,0.88,0.936,0.74,3.598,11.463,0.65,0.731,0.899
8kep_HL,RBD,A,class1/2(RBM),boltz,4,9.067,input_model_0.cif,0.538,0.679,28,0.857,0.928,0.745,4.362,10.041,0.749,0.802,0.9
8kep_HL,RBD,A,class1/2(RBM),boltz,4,9.067,input_model_1.cif,0.608,0.75,24,0.875,0.937,0.746,3.747,10.452,0.749,0.802,0.9
8kep_HL,RBD,A,class1/2(RBM),boltz,4,9.067,input_model_2.cif,0.605,0.76,25,0.92,0.938,0.75,2.615,11.76,0.749,0.802,0.9
8kep_HL,RBD,A,class1/2(RBM),boltz,4,9.067,input_model_3.cif,0.671,0.792,24,0.917,0.94,0.752,2.565,11.61,0.749,0.802,0.9
8kep_HL,RBD,A,class1/2(RBM),boltz,4,9.067,input_model_4.cif,0.512,0.607,28,0.786,0.921,0.743,7.103,8.529,0.749,0.802,0.9
8kep_HL,RBD,A,class1/2(RBM),boltz,5,9.0,input_model_0.cif,0.471,0.731,26,0.923,0.924,0.767,4.17,9.166,0.749,0.799,0.899
8kep_HL,RBD,A,class1/2(RBM),boltz,5,9.0,input_model_1.cif,0.559,0.818,22,0.955,0.939,0.76,2.714,11.088,0.749,0.799,0.899
8kep_HL,RBD,A,class1/2(RBM),boltz,5,9.0,input_model_2.cif,0.637,0.708,24,0.875,0.936,0.74,4.165,11.508,0.749,0.799,0.899
8kep_HL,RBD,A,class1/2(RBM),boltz,5,9.0,input_model_3.cif,0.58,0.75,24,0.917,0.937,0.754,4.122,10.109,0.749,0.799,0.899
8kep_HL,RBD,A,class1/2(RBM),boltz,5,9.0,input_model_4.cif,0.5,0.679,28,0.857,0.926,0.744,4.285,10.052,0.749,0.799,0.899
8kep_HL,RBD,A,class1/2(RBM),boltz,6,6.0,input_model_0.cif,0.526,0.68,25,0.92,0.931,0.749,4.641,9.798,0.642,0.726,0.899
8kep_HL,RBD,A,class1/2(RBM),boltz,6,6.0,input_model_1.cif,0.45,0.621,29,0.828,0.925,0.746,5.677,9.359,0.642,0.726,0.899
8kep_HL,RBD,A,class1/2(RBM),boltz,6,6.0,input_model_2.cif,0.732,0.783,23,0.913,0.936,0.743,2.732,11.975,0.642,0.726,0.899
8kep_HL,RBD,A,class1/2(RBM),boltz,6,6.0,input_model_3.cif,0.165,0.393,28,0.964,0.856,0.777,11.424,4.49,0.642,0.726,0.899
8kep_HL,RBD,A,class1/2(RBM),boltz,6,6.0,input_model_4.cif,0.157,0.4,35,0.914,0.851,0.767,11.179,4.418,0.642,0.726,0.899
8kep_HL,RBD,A,class1/2(RBM),boltz,7,3.0,input_model_0.cif,0.58,0.655,29,0.862,0.924,0.751,4.336,9.644,0.688,0.75,0.9
8kep_HL,RBD,A,class1/2(RBM),boltz,7,3.0,input_model_1.cif,0.61,0.704,27,0.852,0.932,0.756,4.282,9.559,0.688,0.75,0.9
8kep_HL,RBD,A,class1/2(RBM),boltz,7,3.0,input_model_2.cif,0.712,0.818,22,0.955,0.942,0.757,0.904,12.592,0.688,0.75,0.9
8kep_HL,RBD,A,class1/2(RBM),boltz,7,3.0,input_model_3.cif,0.568,0.667,27,0.852,0.926,0.741,5.3,9.725,0.688,0.75,0.9
8kep_HL,RBD,A,class1/2(RBM),boltz,7,3.0,input_model_4.cif,0.498,0.696,23,0.87,0.925,0.756,5.073,8.926,0.688,0.75,0.9
8kep_HL,RBD,A,class1/2(RBM),boltz,8,3.0,input_model_0.cif,0.447,0.636,22,0.909,0.925,0.766,5.43,8.516,0.714,0.775,0.896
8kep_HL,RBD,A,class1/2(RBM),boltz,8,3.0,input_model_1.cif,0.451,0.64,25,0.8,0.913,0.747,6.661,8.582,0.714,0.775,0.896
8kep_HL,RBD,A,class1/2(RBM),boltz,8,3.0,input_model_2.cif,0.51,0.739,23,0.826,0.932,0.74,4.075,11.709,0.714,0.775,0.896
8kep_HL,RBD,A,class1/2(RBM),boltz,8,3.0,input_model_3.cif,0.045,0.407,27,1.0,0.838,0.775,13.729,4.773,0.714,0.775,0.896
8kep_HL,RBD,A,class1/2(RBM),boltz,8,3.0,input_model_4.cif,0.044,0.414,29,1.0,0.844,0.78,12.273,4.827,0.714,0.775,0.896
8kep_HL,RBD,A,class1/2(RBM),boltz,9,2.0,input_model_0.cif,0.486,0.679,28,0.857,0.928,0.758,4.716,9.125,0.73,0.787,0.898
8kep_HL,RBD,A,class1/2(RBM),boltz,9,2.0,input_model_1.cif,0.347,0.581,31,0.871,0.905,0.762,6.785,7.463,0.73,0.787,0.898
8kep_HL,RBD,A,class1/2(RBM),boltz,9,2.0,input_model_2.cif,0.609,0.75,24,0.833,0.937,0.746,3.619,11.331,0.73,0.787,0.898
8kep_HL,RBD,A,class1/2(RBM),boltz,9,2.0,input_model_3.cif,0.517,0.68,25,0.92,0.935,0.751,4.879,9.46,0.73,0.787,0.898
8kep_HL,RBD,A,class1/2(RBM),boltz,9,2.0,input_model_4.cif,0.643,0.72,25,0.84,0.933,0.742,4.03,10.516,0.73,0.787,0.898
8kep_HL,RBD,A,class1/2(RBM),protenix,0,28.735,8kep_hl_sample_0.cif,0.025,0.139,72,0.514,0.642,0.606,24.25,11.409,0.174,0.417,54.877
8kep_HL,RBD,A,class1/2(RBM),protenix,0,28.735,8kep_hl_sample_1.cif,0.008,0.233,73,0.753,0.747,0.736,16.589,3.207,0.174,0.417,54.877
8kep_HL,RBD,A,class1/2(RBM),protenix,0,28.735,8kep_hl_sample_2.cif,0.006,0.161,56,0.661,0.662,0.691,18.207,5.022,0.174,0.417,54.877
8kep_HL,RBD,A,class1/2(RBM),protenix,0,28.735,8kep_hl_sample_3.cif,0.099,0.266,64,0.547,0.789,0.63,19.727,9.088,0.174,0.417,54.877
8kep_HL,RBD,A,class1/2(RBM),protenix,0,28.735,8kep_hl_sample_4.cif,0.005,0.154,65,0.462,0.658,0.577,24.028,12.674,0.174,0.417,54.877
8kep_HL,RBD,A,class1/2(RBM),protenix,1,21.687,8kep_hl_sample_0.cif,0.007,0.271,48,0.833,0.797,0.742,14.849,1.871,0.177,0.421,55.768
8kep_HL,RBD,A,class1/2(RBM),protenix,1,21.687,8kep_hl_sample_1.cif,0.013,0.224,49,0.755,0.769,0.741,16.03,2.527,0.177,0.421,55.768
8kep_HL,RBD,A,class1/2(RBM),protenix,1,21.687,8kep_hl_sample_2.cif,0.007,0.174,69,0.478,0.662,0.588,24.839,12.88,0.177,0.421,55.768
8kep_HL,RBD,A,class1/2(RBM),protenix,1,21.687,8kep_hl_sample_3.cif,0.007,0.111,45,0.356,0.567,0.531,27.872,16.476,0.177,0.421,55.768
8kep_HL,RBD,A,class1/2(RBM),protenix,1,21.687,8kep_hl_sample_4.cif,0.01,0.366,41,0.829,0.833,0.752,13.117,3.69,0.177,0.421,55.768
8kep_HL,RBD,A,class1/2(RBM),protenix,2,15.319,8kep_hl_sample_0.cif,0.005,0.125,72,0.528,0.553,0.608,24.522,12.22,0.169,0.412,55.69
8kep_HL,RBD,A,class1/2(RBM),protenix,2,15.319,8kep_hl_sample_1.cif,0.006,0.156,77,0.584,0.626,0.639,22.659,9.828,0.169,0.412,55.69
8kep_HL,RBD,A,class1/2(RBM),protenix,2,15.319,8kep_hl_sample_2.cif,0.016,0.294,51,0.784,0.811,0.733,13.44,2.238,0.169,0.412,55.69
8kep_HL,RBD,A,class1/2(RBM),protenix,2,15.319,8kep_hl_sample_3.cif,0.008,0.298,47,0.787,0.797,0.749,13.894,2.785,0.169,0.412,55.69
8kep_HL,RBD,A,class1/2(RBM),protenix,2,15.319,8kep_hl_sample_4.cif,0.005,0.26,50,0.66,0.778,0.711,15.564,1.818,0.169,0.412,55.69
8kep_HL,RBD,A,class1/2(RBM),protenix,3,11.75,8kep_hl_sample_0.cif,0.017,0.197,76,0.618,0.726,0.68,15.298,6.942,0.173,0.398,50.97
8kep_HL,RBD,A,class1/2(RBM),protenix,3,11.75,8kep_hl_sample_1.cif,0.013,0.235,68,0.632,0.772,0.679,13.4,6.433,0.173,0.398,50.97
8kep_HL,RBD,A,class1/2(RBM),protenix,3,11.75,8kep_hl_sample_2.cif,0.042,0.327,52,0.827,0.837,0.762,8.055,2.981,0.173,0.398,50.97
8kep_HL,RBD,A,class1/2(RBM),protenix,3,11.75,8kep_hl_sample_3.cif,0.006,0.436,39,0.923,0.872,0.778,6.385,4.159,0.173,0.398,50.97
8kep_HL,RBD,A,class1/2(RBM),protenix,3,11.75,8kep_hl_sample_4.cif,0.012,0.405,42,0.833,0.856,0.768,8.012,2.53,0.173,0.398,50.97
8kep_HL,RBD,A,class1/2(RBM),protenix,4,9.067,8kep_hl_sample_0.cif,0.006,0.239,71,0.634,0.743,0.666,13.391,8.363,0.154,0.382,49.727
8kep_HL,RBD,A,class1/2(RBM),protenix,4,9.067,8kep_hl_sample_1.cif,0.011,0.111,81,0.42,0.543,0.535,19.543,13.187,0.154,0.382,49.727
8kep_HL,RBD,A,class1/2(RBM),protenix,4,9.067,8kep_hl_sample_2.cif,0.014,0.154,65,0.431,0.653,0.509,20.67,15.766,0.154,0.382,49.727
8kep_HL,RBD,A,class1/2(RBM),protenix,4,9.067,8kep_hl_sample_3.cif,0.011,0.212,52,0.712,0.717,0.729,11.646,4.729,0.154,0.382,49.727
8kep_HL,RBD,A,class1/2(RBM),protenix,4,9.067,8kep_hl_sample_4.cif,0.009,0.132,68,0.618,0.63,0.679,16.094,9.554,0.154,0.382,49.727
8kep_HL,RBD,A,class1/2(RBM),protenix,5,9.0,8kep_hl_sample_0.cif,0.032,0.321,53,0.717,0.846,0.735,11.354,4.063,0.165,0.407,52.838
8kep_HL,RBD,A,class1/2(RBM),protenix,5,9.0,8kep_hl_sample_1.cif,0.026,0.3,60,0.733,0.825,0.739,12.165,1.62,0.165,0.407,52.838
8kep_HL,RBD,A,class1/2(RBM),protenix,5,9.0,8kep_hl_sample_2.cif,0.007,0.264,53,0.811,0.798,0.752,15.687,3.256,0.165,0.407,52.838
8kep_HL,RBD,A,class1/2(RBM),protenix,5,9.0,8kep_hl_sample_3.cif,0.009,0.183,71,0.535,0.684,0.63,21.12,9.303,0.165,0.407,52.838
8kep_HL,RBD,A,class1/2(RBM),protenix,5,9.0,8kep_hl_sample_4.cif,0.005,0.444,36,0.944,0.869,0.776,9.826,5.193,0.165,0.407,52.838
8kep_HL,RBD,A,class1/2(RBM),protenix,6,6.0,8kep_hl_sample_0.cif,0.007,0.205,88,0.58,0.745,0.673,17.792,6.017,0.179,0.415,53.729
8kep_HL,RBD,A,class1/2(RBM),protenix,6,6.0,8kep_hl_sample_1.cif,0.007,0.123,65,0.6,0.641,0.688,18.582,6.6,0.179,0.415,53.729
8kep_HL,RBD,A,class1/2(RBM),protenix,6,6.0,8kep_hl_sample_2.cif,0.007,0.226,62,0.532,0.72,0.647,14.833,5.592,0.179,0.415,53.729
8kep_HL,RBD,A,class1/2(RBM),protenix,6,6.0,8kep_hl_sample_3.cif,0.013,0.286,56,0.75,0.811,0.749,12.13,2.757,0.179,0.415,53.729
8kep_HL,RBD,A,class1/2(RBM),protenix,6,6.0,8kep_hl_sample_4.cif,0.008,0.317,60,0.717,0.825,0.717,12.089,0.909,0.179,0.415,53.729
8kep_HL,RBD,A,class1/2(RBM),protenix,7,3.0,8kep_hl_sample_0.cif,0.013,0.183,71,0.592,0.697,0.643,13.455,10.191,0.129,0.273,36.847
8kep_HL,RBD,A,class1/2(RBM),protenix,7,3.0,8kep_hl_sample_1.cif,0.006,0.125,88,0.409,0.536,0.523,17.964,11.024,0.129,0.273,36.847
8kep_HL,RBD,A,class1/2(RBM),protenix,7,3.0,8kep_hl_sample_2.cif,0.007,0.146,89,0.348,0.618,0.487,15.07,13.321,0.129,0.273,36.847
8kep_HL,RBD,A,class1/2(RBM),protenix,7,3.0,8kep_hl_sample_3.cif,0.007,0.134,97,0.361,0.551,0.475,18.214,11.655,0.129,0.273,36.847
8kep_HL,RBD,A,class1/2(RBM),protenix,7,3.0,8kep_hl_sample_4.cif,0.007,0.146,82,0.427,0.662,0.568,16.064,11.789,0.129,0.273,36.847
8kep_HL,RBD,A,class1/2(RBM),protenix,8,3.0,8kep_hl_sample_0.cif,0.007,0.028,72,0.375,0.28,0.49,12.476,9.326,0.14,0.283,41.618
8kep_HL,RBD,A,class1/2(RBM),protenix,8,3.0,8kep_hl_sample_1.cif,0.009,0.101,109,0.422,0.476,0.557,13.667,8.486,0.14,0.283,41.618
8kep_HL,RBD,A,class1/2(RBM),protenix,8,3.0,8kep_hl_sample_2.cif,0.007,0.116,95,0.474,0.532,0.577,10.498,7.028,0.14,0.283,41.618
8kep_HL,RBD,A,class1/2(RBM),protenix,8,3.0,8kep_hl_sample_3.cif,0.007,0.116,86,0.407,0.502,0.536,13.976,9.228,0.14,0.283,41.618
8kep_HL,RBD,A,class1/2(RBM),protenix,8,3.0,8kep_hl_sample_4.cif,0.011,0.017,58,0.276,0.227,0.432,19.278,14.79,0.14,0.283,41.618
8kep_HL,RBD,A,class1/2(RBM),protenix,9,2.0,8kep_hl_sample_0.cif,0.014,0.203,79,0.57,0.724,0.661,8.754,4.496,0.128,0.282,37.11
8kep_HL,RBD,A,class1/2(RBM),protenix,9,2.0,8kep_hl_sample_1.cif,0.011,0.058,86,0.558,0.312,0.593,12.01,2.638,0.128,0.282,37.11
8kep_HL,RBD,A,class1/2(RBM),protenix,9,2.0,8kep_hl_sample_2.cif,0.012,0.116,69,0.522,0.544,0.606,13.621,3.848,0.128,0.282,37.11
8kep_HL,RBD,A,class1/2(RBM),protenix,9,2.0,8kep_hl_sample_3.cif,0.01,0.135,89,0.618,0.575,0.695,12.209,3.082,0.128,0.282,37.11
8kep_HL,RBD,A,class1/2(RBM),protenix,9,2.0,8kep_hl_sample_4.cif,0.008,0.133,90,0.422,0.554,0.531,13.566,4.936,0.128,0.282,37.11
8kep_HL,RBD,A,class1/2(RBM),protenix,10,1.0,8kep_hl_sample_0.cif,0.013,0.019,52,0.327,0.238,0.46,19.013,12.741,0.135,0.28,36.779
8kep_HL,RBD,A,class1/2(RBM),protenix,10,1.0,8kep_hl_sample_1.cif,0.016,0.152,79,0.481,0.629,0.587,12.164,3.838,0.135,0.28,36.779
8kep_HL,RBD,A,class1/2(RBM),protenix,10,1.0,8kep_hl_sample_2.cif,0.006,0.138,65,0.554,0.56,0.585,11.536,5.297,0.135,0.28,36.779
8kep_HL,RBD,A,class1/2(RBM),protenix,10,1.0,8kep_hl_sample_3.cif,0.013,0.136,81,0.531,0.596,0.632,12.671,2.949,0.135,0.28,36.779
8kep_HL,RBD,A,class1/2(RBM),protenix,10,1.0,8kep_hl_sample_4.cif,0.007,0.176,91,0.538,0.693,0.598,10.496,4.432,0.135,0.28,36.779
8kep_HL,RBD,A,class1/2(RBM),protenix,11,1.0,8kep_hl_sample_0.cif,0.023,0.08,75,0.413,0.429,0.553,8.082,7.116,0.132,0.283,36.846
8kep_HL,RBD,A,class1/2(RBM),protenix,11,1.0,8kep_hl_sample_1.cif,0.012,0.141,64,0.391,0.636,0.526,10.793,10.484,0.132,0.283,36.846
8kep_HL,RBD,A,class1/2(RBM),protenix,11,1.0,8kep_hl_sample_2.cif,0.007,0.104,77,0.338,0.573,0.53,15.812,12.808,0.132,0.283,36.846
8kep_HL,RBD,A,class1/2(RBM),protenix,11,1.0,8kep_hl_sample_3.cif,0.007,0.193,88,0.5,0.723,0.59,10.403,5.588,0.132,0.283,36.846
8kep_HL,RBD,A,class1/2(RBM),protenix,11,1.0,8kep_hl_sample_4.cif,0.008,0.128,86,0.384,0.553,0.566,11.813,1.497,0.132,0.283,36.846
8p5m_GL,RBD,A,offhot:인기부위가장자리,protenix,0,27.998,8p5m_gl_sample_0.cif,0.017,0.0,21,0.0,0.218,0.218,31.667,32.576,0.184,0.518,79.936
8p5m_GL,RBD,A,offhot:인기부위가장자리,protenix,0,27.998,8p5m_gl_sample_1.cif,0.023,0.0,26,0.077,0.157,0.249,28.866,28.514,0.184,0.518,79.936
8p5m_GL,RBD,A,offhot:인기부위가장자리,protenix,0,27.998,8p5m_gl_sample_2.cif,0.02,0.115,26,0.654,0.626,0.705,16.229,5.571,0.184,0.518,79.936
8p5m_GL,RBD,A,offhot:인기부위가장자리,protenix,0,27.998,8p5m_gl_sample_3.cif,0.025,0.107,28,0.286,0.648,0.36,17.714,24.993,0.184,0.518,79.936
8p5m_GL,RBD,A,offhot:인기부위가장자리,protenix,0,27.998,8p5m_gl_sample_4.cif,0.045,0.0,15,0.133,0.329,0.378,25.416,27.434,0.184,0.518,79.936
8p5m_GL,RBD,A,offhot:인기부위가장자리,protenix,1,14.0,8p5m_gl_sample_0.cif,0.019,0.0,22,0.0,0.306,0.269,25.397,25.794,0.199,0.493,73.869
8p5m_GL,RBD,A,offhot:인기부위가장자리,protenix,1,14.0,8p5m_gl_sample_1.cif,0.022,0.0,25,0.0,0.285,0.243,28.353,29.361,0.199,0.493,73.869
8p5m_GL,RBD,A,offhot:인기부위가장자리,protenix,1,14.0,8p5m_gl_sample_2.cif,0.032,0.034,29,0.276,0.483,0.384,17.262,18.433,0.199,0.493,73.869
8p5m_GL,RBD,A,offhot:인기부위가장자리,protenix,1,14.0,8p5m_gl_sample_3.cif,0.031,0.125,32,0.344,0.539,0.359,16.999,19.976,0.199,0.493,73.869
8p5m_GL,RBD,A,offhot:인기부위가장자리,protenix,1,14.0,8p5m_gl_sample_4.cif,0.04,0.0,35,0.8,0.252,0.591,21.109,10.286,0.199,0.493,73.869
8p5m_GL,RBD,A,offhot:인기부위가장자리,protenix,2,9.71,8p5m_gl_sample_0.cif,0.019,0.037,27,0.593,0.378,0.606,16.612,11.513,0.18,0.476,73.799
8p5m_GL,RBD,A,offhot:인기부위가장자리,protenix,2,9.71,8p5m_gl_sample_1.cif,0.027,0.0,41,0.585,0.306,0.573,17.858,10.56,0.18,0.476,73.799
8p5m_GL,RBD,A,offhot:인기부위가장자리,protenix,2,9.71,8p5m_gl_sample_2.cif,0.019,0.0,27,0.0,0.364,0.258,23.382,24.959,0.18,0.476,73.799
8p5m_GL,RBD,A,offhot:인기부위가장자리,protenix,2,9.71,8p5m_gl_sample_3.cif,0.022,0.019,53,0.283,0.233,0.387,18.57,18.493,0.18,0.476,73.799
8p5m_GL,RBD,A,offhot:인기부위가장자리,protenix,2,9.71,8p5m_gl_sample_4.cif,0.025,0.04,25,0.24,0.596,0.378,18.504,21.434,0.18,0.476,73.799
8p5m_GL,RBD,A,offhot:인기부위가장자리,protenix,3,4.0,8p5m_gl_sample_0.cif,0.028,0.03,33,0.303,0.56,0.532,15.306,11.967,0.196,0.418,67.504
8p5m_GL,RBD,A,offhot:인기부위가장자리,protenix,3,4.0,8p5m_gl_sample_1.cif,0.016,0.148,54,0.352,0.577,0.546,12.606,7.823,0.196,0.418,67.504
8p5m_GL,RBD,A,offhot:인기부위가장자리,protenix,3,4.0,8p5m_gl_sample_2.cif,0.038,0.242,33,0.273,0.726,0.421,8.409,15.574,0.196,0.418,67.504
8p5m_GL,RBD,A,offhot:인기부위가장자리,protenix,3,4.0,8p5m_gl_sample_3.cif,0.019,0.032,31,0.419,0.452,0.543,14.653,12.81,0.196,0.418,67.504
8p5m_GL,RBD,A,offhot:인기부위가장자리,protenix,3,4.0,8p5m_gl_sample_4.cif,0.011,0.028,36,0.194,0.271,0.341,20.584,16.437,0.196,0.418,67.504
8p5m_GL,RBD,A,offhot:인기부위가장자리,protenix,4,3.0,8p5m_gl_sample_0.cif,0.027,0.025,40,0.175,0.335,0.361,13.777,17.48,0.178,0.38,55.575
8p5m_GL,RBD,A,offhot:인기부위가장자리,protenix,4,3.0,8p5m_gl_sample_1.cif,0.025,0.128,39,0.026,0.356,0.289,16.259,16.963,0.178,0.38,55.575
8p5m_GL,RBD,A,offhot:인기부위가장자리,protenix,4,3.0,8p5m_gl_sample_2.cif,0.028,0.068,44,0.159,0.464,0.376,15.005,15.176,0.178,0.38,55.575
8p5m_GL,RBD,A,offhot:인기부위가장자리,protenix,4,3.0,8p5m_gl_sample_3.cif,0.033,0.043,46,0.348,0.521,0.501,9.535,11.56,0.178,0.38,55.575
8p5m_GL,RBD,A,offhot:인기부위가장자리,protenix,4,3.0,8p5m_gl_sample_4.cif,0.022,0.214,56,0.268,0.726,0.416,10.612,10.8,0.178,0.38,55.575
8p5m_GL,RBD,A,offhot:인기부위가장자리,protenix,5,2.0,8p5m_gl_sample_0.cif,0.038,0.118,34,0.206,0.601,0.367,12.442,14.298,0.371,0.534,59.741
8p5m_GL,RBD,A,offhot:인기부위가장자리,protenix,5,2.0,8p5m_gl_sample_1.cif,0.034,0.038,26,0.192,0.381,0.45,19.147,17.675,0.371,0.534,59.741
8p5m_GL,RBD,A,offhot:인기부위가장자리,protenix,5,2.0,8p5m_gl_sample_2.cif,0.033,0.152,33,0.424,0.458,0.465,12.968,12.516,0.371,0.534,59.741
8p5m_GL,RBD,A,offhot:인기부위가장자리,protenix,5,2.0,8p5m_gl_sample_3.cif,0.038,0.138,29,0.483,0.394,0.583,16.294,11.395,0.371,0.534,59.741
8p5m_GL,RBD,A,offhot:인기부위가장자리,protenix,5,2.0,8p5m_gl_sample_4.cif,0.047,0.269,26,0.692,0.616,0.573,11.399,11.46,0.371,0.534,59.741
8p5m_GL,RBD,A,offhot:인기부위가장자리,protenix,6,1.0,8p5m_gl_sample_0.cif,0.021,0.0,33,0.03,0.451,0.29,21.591,20.256,0.181,0.401,56.008
8p5m_GL,RBD,A,offhot:인기부위가장자리,protenix,6,1.0,8p5m_gl_sample_1.cif,0.04,0.209,43,0.721,0.582,0.672,13.103,5.389,0.181,0.401,56.008
8p5m_GL,RBD,A,offhot:인기부위가장자리,protenix,6,1.0,8p5m_gl_sample_2.cif,0.061,0.268,41,0.146,0.699,0.37,11.475,13.819,0.181,0.401,56.008
8p5m_GL,RBD,A,offhot:인기부위가장자리,protenix,6,1.0,8p5m_gl_sample_3.cif,0.035,0.219,32,0.281,0.693,0.553,13.203,13.291,0.181,0.401,56.008
8p5m_GL,RBD,A,offhot:인기부위가장자리,protenix,6,1.0,8p5m_gl_sample_4.cif,0.025,0.14,43,0.581,0.611,0.63,14.555,9.216,0.181,0.401,56.008
8p5m_GL,RBD,A,offhot:인기부위가장자리,protenix,7,1.0,8p5m_gl_sample_0.cif,0.031,0.191,47,0.574,0.63,0.638,16.104,8.811,0.18,0.394,56.529
8p5m_GL,RBD,A,offhot:인기부위가장자리,protenix,7,1.0,8p5m_gl_sample_1.cif,0.074,0.25,36,0.278,0.652,0.402,12.278,13.101,0.18,0.394,56.529
8p5m_GL,RBD,A,offhot:인기부위가장자리,protenix,7,1.0,8p5m_gl_sample_2.cif,0.038,0.136,44,0.136,0.505,0.35,17.78,14.722,0.18,0.394,56.529
8p5m_GL,RBD,A,offhot:인기부위가장자리,protenix,7,1.0,8p5m_gl_sample_3.cif,0.035,0.167,36,0.5,0.493,0.602,13.146,8.004,0.18,0.394,56.529
8p5m_GL,RBD,A,offhot:인기부위가장자리,protenix,7,1.0,8p5m_gl_sample_4.cif,0.048,0.188,48,0.396,0.489,0.439,14.815,14.186,0.18,0.394,56.529
8p5m_GL,RBD,A,offhot:인기부위가장자리,protenix,8,1.0,8p5m_gl_sample_0.cif,0.037,0.065,31,0.355,0.486,0.495,13.63,11.002,0.179,0.396,56.313
8p5m_GL,RBD,A,offhot:인기부위가장자리,protenix,8,1.0,8p5m_gl_sample_1.cif,0.029,0.22,41,0.78,0.677,0.717,10.169,5.17,0.179,0.396,56.313
8p5m_GL,RBD,A,offhot:인기부위가장자리,protenix,8,1.0,8p5m_gl_sample_2.cif,0.041,0.275,40,0.35,0.697,0.445,11.56,12.774,0.179,0.396,56.313
8p5m_GL,RBD,A,offhot:인기부위가장자리,protenix,8,1.0,8p5m_gl_sample_3.cif,0.047,0.128,47,0.362,0.501,0.503,12.899,9.002,0.179,0.396,56.313
8p5m_GL,RBD,A,offhot:인기부위가장자리,protenix,8,1.0,8p5m_gl_sample_4.cif,0.044,0.344,32,0.531,0.735,0.611,4.03,10.932,0.179,0.396,56.313
8p5m_GL,RBD,A,offhot:인기부위가장자리,protenix,9,1.0,8p5m_gl_sample_0.cif,0.024,0.059,34,0.265,0.279,0.443,20.654,15.963,0.439,0.579,60.098
8p5m_GL,RBD,A,offhot:인기부위가장자리,protenix,9,1.0,8p5m_gl_sample_1.cif,0.031,0.152,33,0.394,0.644,0.554,11.021,10.832,0.439,0.579,60.098
8p5m_GL,RBD,A,offhot:인기부위가장자리,protenix,9,1.0,8p5m_gl_sample_2.cif,0.034,0.143,42,0.167,0.596,0.382,16.957,15.762,0.439,0.579,60.098
8p5m_GL,RBD,A,offhot:인기부위가장자리,protenix,9,1.0,8p5m_gl_sample_3.cif,0.03,0.156,32,0.281,0.4,0.428,16.536,13.321,0.439,0.579,60.098
8p5m_GL,RBD,A,offhot:인기부위가장자리,protenix,9,1.0,8p5m_gl_sample_4.cif,0.037,0.103,29,0.069,0.434,0.352,19.792,18.028,0.439,0.579,60.098
8p5m_GL,RBD,A,offhot:인기부위가장자리,protenix,10,1.0,8p5m_gl_sample_0.cif,0.027,0.026,38,0.0,0.204,0.317,20.626,14.79,0.162,0.386,56.549
8p5m_GL,RBD,A,offhot:인기부위가장자리,protenix,10,1.0,8p5m_gl_sample_1.cif,0.028,0.0,40,0.025,0.251,0.265,20.665,16.902,0.162,0.386,56.549
8p5m_GL,RBD,A,offhot:인기부위가장자리,protenix,10,1.0,8p5m_gl_sample_2.cif,0.031,0.0,32,0.625,0.406,0.574,7.221,4.261,0.162,0.386,56.549
8p5m_GL,RBD,A,offhot:인기부위가장자리,protenix,10,1.0,8p5m_gl_sample_3.cif,0.031,0.031,32,0.094,0.238,0.338,21.908,17.364,0.162,0.386,56.549
8p5m_GL,RBD,A,offhot:인기부위가장자리,protenix,10,1.0,8p5m_gl_sample_4.cif,0.013,0.095,42,0.405,0.41,0.468,13.863,9.781,0.162,0.386,56.549
8p5m_GL,RBD,A,offhot:인기부위가장자리,protenix,11,1.0,8p5m_gl_sample_0.cif,0.039,0.219,32,0.094,0.661,0.325,16.735,17.702,0.186,0.398,53.38
8p5m_GL,RBD,A,offhot:인기부위가장자리,protenix,11,1.0,8p5m_gl_sample_1.cif,0.047,0.286,42,0.143,0.672,0.304,10.893,15.786,0.186,0.398,53.38
8p5m_GL,RBD,A,offhot:인기부위가장자리,protenix,11,1.0,8p5m_gl_sample_2.cif,0.044,0.293,41,0.39,0.748,0.511,11.447,12.547,0.186,0.398,53.38
8p5m_GL,RBD,A,offhot:인기부위가장자리,protenix,11,1.0,8p5m_gl_sample_3.cif,0.029,0.0,31,0.226,0.287,0.345,23.997,19.991,0.186,0.398,53.38
8p5m_GL,RBD,A,offhot:인기부위가장자리,protenix,11,1.0,8p5m_gl_sample_4.cif,0.042,0.172,29,0.138,0.442,0.431,18.812,17.971,0.186,0.398,53.38
8q5y_GH,RBD,A,class1/2(RBM),boltz,0,28.326,input_model_0.cif,0.047,0.364,22,1.0,0.866,0.8,7.963,9.508,0.487,0.605,0.886
8q5y_GH,RBD,A,class1/2(RBM),boltz,0,28.326,input_model_1.cif,0.024,0.214,28,0.929,0.764,0.799,16.375,5.152,0.487,0.605,0.886
8q5y_GH,RBD,A,class1/2(RBM),boltz,0,28.326,input_model_2.cif,0.012,0.033,30,0.7,0.617,0.761,21.298,7.643,0.487,0.605,0.886
8q5y_GH,RBD,A,class1/2(RBM),boltz,0,28.326,input_model_3.cif,0.046,0.381,21,1.0,0.856,0.799,7.354,10.291,0.487,0.605,0.886
8q5y_GH,RBD,A,class1/2(RBM),boltz,0,28.326,input_model_4.cif,0.02,0.091,33,0.758,0.702,0.78,18.223,5.127,0.487,0.605,0.886
8q5y_GH,RBD,A,class1/2(RBM),boltz,1,20.843,input_model_0.cif,0.013,0.094,32,0.812,0.669,0.782,20.541,6.751,0.48,0.598,0.892
8q5y_GH,RBD,A,class1/2(RBM),boltz,1,20.843,input_model_1.cif,0.047,0.421,19,1.0,0.863,0.798,6.244,11.154,0.48,0.598,0.892
8q5y_GH,RBD,A,class1/2(RBM),boltz,1,20.843,input_model_2.cif,0.058,0.421,19,1.0,0.868,0.797,6.313,11.195,0.48,0.598,0.892
8q5y_GH,RBD,A,class1/2(RBM),boltz,1,20.843,input_model_3.cif,0.042,0.583,12,1.0,0.883,0.799,7.527,9.954,0.48,0.598,0.892
8q5y_GH,RBD,A,class1/2(RBM),boltz,1,20.843,input_model_4.cif,0.047,0.381,21,1.0,0.857,0.803,8.113,9.354,0.48,0.598,0.892
8q5y_GH,RBD,A,class1/2(RBM),boltz,2,16.742,input_model_0.cif,0.062,0.429,21,0.952,0.862,0.797,10.678,6.766,0.495,0.611,0.894
8q5y_GH,RBD,A,class1/2(RBM),boltz,2,16.742,input_model_1.cif,0.018,0.154,26,0.923,0.758,0.796,18.108,5.666,0.495,0.611,0.894
8q5y_GH,RBD,A,class1/2(RBM),boltz,2,16.742,input_model_2.cif,0.022,0.185,27,0.963,0.764,0.799,17.186,5.508,0.495,0.611,0.894
8q5y_GH,RBD,A,class1/2(RBM),boltz,2,16.742,input_model_3.cif,0.014,0.115,26,0.808,0.671,0.774,20.27,6.458,0.495,0.611,0.894
8q5y_GH,RBD,A,class1/2(RBM),boltz,2,16.742,input_model_4.cif,0.062,0.346,26,0.962,0.829,0.797,12.009,5.311,0.495,0.611,0.894
8q5y_GH,RBD,A,class1/2(RBM),boltz,3,12.467,input_model_0.cif,0.411,0.75,24,0.792,0.952,0.736,2.841,11.485,0.657,0.746,0.88
8q5y_GH,RBD,A,class1/2(RBM),boltz,3,12.467,input_model_1.cif,0.05,0.429,21,1.0,0.868,0.8,10.554,6.72,0.657,0.746,0.88
8q5y_GH,RBD,A,class1/2(RBM),boltz,3,12.467,input_model_2.cif,0.052,0.409,22,1.0,0.863,0.8,7.877,9.427,0.657,0.746,0.88
8q5y_GH,RBD,A,class1/2(RBM),boltz,3,12.467,input_model_3.cif,0.039,0.462,13,1.0,0.869,0.8,11.579,8.411,0.657,0.746,0.88
8q5y_GH,RBD,A,class1/2(RBM),boltz,3,12.467,input_model_4.cif,0.058,0.409,22,1.0,0.864,0.798,6.954,10.067,0.657,0.746,0.88
8q5y_GH,RBD,A,class1/2(RBM),boltz,4,10.117,input_model_0.cif,0.05,0.364,22,1.0,0.848,0.803,11.914,6.183,0.492,0.609,0.896
8q5y_GH,RBD,A,class1/2(RBM),boltz,4,10.117,input_model_1.cif,0.014,0.103,29,0.793,0.689,0.783,19.996,6.266,0.492,0.609,0.896
8q5y_GH,RBD,A,class1/2(RBM),boltz,4,10.117,input_model_2.cif,0.046,0.381,21,1.0,0.857,0.801,8.11,9.504,0.492,0.609,0.896
8q5y_GH,RBD,A,class1/2(RBM),boltz,4,10.117,input_model_3.cif,0.058,0.636,11,1.0,0.91,0.783,6.001,14.87,0.492,0.609,0.896
8q5y_GH,RBD,A,class1/2(RBM),boltz,4,10.117,input_model_4.cif,0.014,0.061,33,0.818,0.692,0.787,19.192,5.821,0.492,0.609,0.896
8q5y_GH,RBD,A,class1/2(RBM),boltz,5,7.333,input_model_0.cif,0.047,0.4,25,1.0,0.85,0.795,7.505,9.734,0.517,0.628,0.885
8q5y_GH,RBD,A,class1/2(RBM),boltz,5,7.333,input_model_1.cif,0.047,0.385,26,0.962,0.864,0.795,8.25,8.87,0.517,0.628,0.885
8q5y_GH,RBD,A,class1/2(RBM),boltz,5,7.333,input_model_2.cif,0.023,0.231,26,0.962,0.767,0.802,16.672,5.718,0.517,0.628,0.885
8q5y_GH,RBD,A,class1/2(RBM),boltz,5,7.333,input_model_3.cif,0.052,0.409,22,1.0,0.867,0.797,6.92,10.152,0.517,0.628,0.885
8q5y_GH,RBD,A,class1/2(RBM),boltz,5,7.333,input_model_4.cif,0.039,0.412,17,1.0,0.861,0.807,11.496,7.391,0.517,0.628,0.885
8q5y_GH,RBD,A,class1/2(RBM),boltz,6,3.583,input_model_0.cif,0.045,0.364,22,1.0,0.855,0.797,8.003,9.516,0.481,0.6,0.892
8q5y_GH,RBD,A,class1/2(RBM),boltz,6,3.583,input_model_1.cif,0.052,0.417,24,1.0,0.867,0.797,8.05,9.289,0.481,0.6,0.892
8q5y_GH,RBD,A,class1/2(RBM),boltz,6,3.583,input_model_2.cif,0.019,0.097,31,0.774,0.687,0.775,18.817,5.475,0.481,0.6,0.892
8q5y_GH,RBD,A,class1/2(RBM),boltz,6,3.583,input_model_3.cif,0.014,0.094,32,0.844,0.688,0.784,18.457,5.175,0.481,0.6,0.892
8q5y_GH,RBD,A,class1/2(RBM),boltz,6,3.583,input_model_4.cif,0.049,0.389,18,1.0,0.875,0.803,7.651,9.65,0.481,0.6,0.892
8q5y_GH,RBD,A,class1/2(RBM),boltz,7,4.0,input_model_0.cif,0.062,0.538,13,1.0,0.919,0.73,6.527,15.569,0.578,0.677,0.894
8q5y_GH,RBD,A,class1/2(RBM),boltz,7,4.0,input_model_1.cif,0.046,0.368,19,1.0,0.861,0.8,7.734,9.941,0.578,0.677,0.894
8q5y_GH,RBD,A,class1/2(RBM),boltz,7,4.0,input_model_2.cif,0.047,0.381,21,1.0,0.858,0.798,7.856,10.186,0.578,0.677,0.894
8q5y_GH,RBD,A,class1/2(RBM),boltz,7,4.0,input_model_3.cif,0.048,0.364,22,1.0,0.861,0.798,7.973,9.627,0.578,0.677,0.894
8q5y_GH,RBD,A,class1/2(RBM),boltz,7,4.0,input_model_4.cif,0.014,0.097,31,0.839,0.676,0.781,20.839,6.942,0.578,0.677,0.894
8q5y_GH,RBD,A,class1/2(RBM),boltz,8,3.0,input_model_0.cif,0.078,0.385,26,0.962,0.88,0.801,9.029,6.932,0.713,0.792,0.882
8q5y_GH,RBD,A,class1/2(RBM),boltz,8,3.0,input_model_1.cif,0.013,0.097,31,0.839,0.676,0.782,20.91,6.974,0.713,0.792,0.882
8q5y_GH,RBD,A,class1/2(RBM),boltz,8,3.0,input_model_2.cif,0.013,0.1,30,0.8,0.669,0.781,20.776,6.87,0.713,0.792,0.882
8q5y_GH,RBD,A,class1/2(RBM),boltz,8,3.0,input_model_3.cif,0.045,0.438,16,1.0,0.877,0.802,10.229,8.299,0.713,0.792,0.882
8q5y_GH,RBD,A,class1/2(RBM),boltz,8,3.0,input_model_4.cif,0.014,0.107,28,0.821,0.676,0.779,20.333,6.465,0.713,0.792,0.882
8q5y_GH,RBD,A,class1/2(RBM),boltz,9,2.0,input_model_0.cif,0.053,0.407,27,1.0,0.857,0.8,7.787,8.909,0.526,0.633,0.886
8q5y_GH,RBD,A,class1/2(RBM),boltz,9,2.0,input_model_1.cif,0.047,0.391,23,1.0,0.864,0.8,7.756,9.507,0.526,0.633,0.886
8q5y_GH,RBD,A,class1/2(RBM),boltz,9,2.0,input_model_2.cif,0.046,0.364,22,1.0,0.856,0.8,7.977,9.573,0.526,0.633,0.886
8q5y_GH,RBD,A,class1/2(RBM),boltz,9,2.0,input_model_3.cif,0.02,0.192,26,0.885,0.74,0.787,18.123,5.595,0.526,0.633,0.886
8q5y_GH,RBD,A,class1/2(RBM),boltz,9,2.0,input_model_4.cif,0.059,0.5,20,1.0,0.881,0.795,8.179,8.152,0.526,0.633,0.886
8q5y_GH,RBD,A,class1/2(RBM),protenix,0,28.326,8q5y_gh_sample_0.cif,0.011,0.043,23,0.913,0.636,0.78,23.914,9.422,0.171,0.508,69.154
8q5y_GH,RBD,A,class1/2(RBM),protenix,0,28.326,8q5y_gh_sample_1.cif,0.008,0.015,68,0.265,0.226,0.476,23.386,23.728,0.171,0.508,69.154
8q5y_GH,RBD,A,class1/2(RBM),protenix,0,28.326,8q5y_gh_sample_2.cif,0.01,0.0,26,0.846,0.629,0.778,20.254,5.944,0.171,0.508,69.154
8q5y_GH,RBD,A,class1/2(RBM),protenix,0,28.326,8q5y_gh_sample_3.cif,0.01,0.024,42,0.5,0.367,0.617,20.815,10.342,0.171,0.508,69.154
8q5y_GH,RBD,A,class1/2(RBM),protenix,0,28.326,8q5y_gh_sample_4.cif,0.011,0.073,82,0.341,0.521,0.525,21.692,20.537,0.171,0.508,69.154
8q5y_GH,RBD,A,class1/2(RBM),protenix,1,20.843,8q5y_gh_sample_0.cif,0.007,0.039,51,0.412,0.366,0.551,25.103,22.93,0.182,0.521,71.185
8q5y_GH,RBD,A,class1/2(RBM),protenix,1,20.843,8q5y_gh_sample_1.cif,0.008,0.027,73,0.068,0.396,0.249,32.365,36.528,0.182,0.521,71.185
8q5y_GH,RBD,A,class1/2(RBM),protenix,1,20.843,8q5y_gh_sample_2.cif,0.013,0.091,22,0.955,0.687,0.785,19.937,6.882,0.182,0.521,71.185
8q5y_GH,RBD,A,class1/2(RBM),protenix,1,20.843,8q5y_gh_sample_3.cif,0.008,0.0,74,0.027,0.355,0.228,33.542,36.938,0.182,0.521,71.185
8q5y_GH,RBD,A,class1/2(RBM),protenix,1,20.843,8q5y_gh_sample_4.cif,0.037,0.25,40,0.825,0.776,0.772,15.377,3.116,0.182,0.521,71.185
8q5y_GH,RBD,A,class1/2(RBM),protenix,2,16.742,8q5y_gh_sample_0.cif,0.01,0.048,62,0.387,0.52,0.562,23.791,21.007,0.215,0.54,73.325
8q5y_GH,RBD,A,class1/2(RBM),protenix,2,16.742,8q5y_gh_sample_1.cif,0.051,0.19,58,0.707,0.767,0.744,10.295,7.85,0.215,0.54,73.325
8q5y_GH,RBD,A,class1/2(RBM),protenix,2,16.742,8q5y_gh_sample_2.cif,0.044,0.2,40,0.8,0.787,0.786,15.86,3.165,0.215,0.54,73.325
8q5y_GH,RBD,A,class1/2(RBM),protenix,2,16.742,8q5y_gh_sample_3.cif,0.033,0.244,45,0.8,0.785,0.786,15.461,3.035,0.215,0.54,73.325
8q5y_GH,RBD,A,class1/2(RBM),protenix,2,16.742,8q5y_gh_sample_4.cif,0.014,0.075,40,0.775,0.696,0.774,18.913,5.196,0.215,0.54,73.325
8q5y_GH,RBD,A,class1/2(RBM),protenix,3,12.467,8q5y_gh_sample_0.cif,0.04,0.303,33,0.97,0.822,0.799,16.025,4.127,0.168,0.515,70.214
8q5y_GH,RBD,A,class1/2(RBM),protenix,3,12.467,8q5y_gh_sample_1.cif,0.039,0.225,40,0.85,0.793,0.782,14.712,2.667,0.168,0.515,70.214
8q5y_GH,RBD,A,class1/2(RBM),protenix,3,12.467,8q5y_gh_sample_2.cif,0.034,0.256,43,0.698,0.785,0.721,9.815,4.678,0.168,0.515,70.214
8q5y_GH,RBD,A,class1/2(RBM),protenix,3,12.467,8q5y_gh_sample_3.cif,0.026,0.3,30,1.0,0.805,0.8,15.741,5.136,0.168,0.515,70.214
8q5y_GH,RBD,A,class1/2(RBM),protenix,3,12.467,8q5y_gh_sample_4.cif,0.01,0.125,24,0.917,0.734,0.795,16.366,3.703,0.168,0.515,70.214
8q5y_GH,RBD,A,class1/2(RBM),protenix,4,10.117,8q5y_gh_sample_0.cif,0.01,0.0,44,0.045,0.312,0.261,35.19,35.417,0.171,0.486,64.087
8q5y_GH,RBD,A,class1/2(RBM),protenix,4,10.117,8q5y_gh_sample_1.cif,0.027,0.052,77,0.364,0.472,0.571,18.819,19.466,0.171,0.486,64.087
8q5y_GH,RBD,A,class1/2(RBM),protenix,4,10.117,8q5y_gh_sample_2.cif,0.01,0.016,64,0.266,0.336,0.44,29.702,28.673,0.171,0.486,64.087
8q5y_GH,RBD,A,class1/2(RBM),protenix,4,10.117,8q5y_gh_sample_3.cif,0.007,0.0,62,0.097,0.161,0.288,33.212,32.399,0.171,0.486,64.087
8q5y_GH,RBD,A,class1/2(RBM),protenix,4,10.117,8q5y_gh_sample_4.cif,0.018,0.111,27,0.889,0.673,0.784,12.887,4.78,0.171,0.486,64.087
8q5y_GH,RBD,A,class1/2(RBM),protenix,5,7.333,8q5y_gh_sample_0.cif,0.032,0.148,54,0.463,0.71,0.642,10.08,8.203,0.184,0.497,67.196
8q5y_GH,RBD,A,class1/2(RBM),protenix,5,7.333,8q5y_gh_sample_1.cif,0.019,0.079,63,0.349,0.481,0.563,17.861,18.879,0.184,0.497,67.196
8q5y_GH,RBD,A,class1/2(RBM),protenix,5,7.333,8q5y_gh_sample_2.cif,0.028,0.193,57,0.684,0.775,0.729,8.374,3.551,0.184,0.497,67.196
8q5y_GH,RBD,A,class1/2(RBM),protenix,5,7.333,8q5y_gh_sample_3.cif,0.011,0.029,68,0.309,0.26,0.481,27.124,23.879,0.184,0.497,67.196
8q5y_GH,RBD,A,class1/2(RBM),protenix,5,7.333,8q5y_gh_sample_4.cif,0.007,0.0,48,0.0,0.201,0.199,38.058,36.903,0.184,0.497,67.196
8q5y_GH,RBD,A,class1/2(RBM),protenix,6,3.583,8q5y_gh_sample_0.cif,0.011,0.018,55,0.327,0.366,0.481,25.706,23.982,0.175,0.431,60.15
8q5y_GH,RBD,A,class1/2(RBM),protenix,6,3.583,8q5y_gh_sample_1.cif,0.01,0.014,71,0.254,0.324,0.442,26.9,26.335,0.175,0.431,60.15
8q5y_GH,RBD,A,class1/2(RBM),protenix,6,3.583,8q5y_gh_sample_2.cif,0.026,0.137,51,0.294,0.636,0.532,19.829,22.7,0.175,0.431,60.15
8q5y_GH,RBD,A,class1/2(RBM),protenix,6,3.583,8q5y_gh_sample_3.cif,0.031,0.104,67,0.269,0.609,0.504,19.783,21.846,0.175,0.431,60.15
8q5y_GH,RBD,A,class1/2(RBM),protenix,6,3.583,8q5y_gh_sample_4.cif,0.012,0.013,77,0.195,0.251,0.352,22.54,22.098,0.175,0.431,60.15
8q5y_GH,RBD,A,class1/2(RBM),protenix,7,4.0,8q5y_gh_sample_0.cif,0.011,0.035,57,0.474,0.396,0.607,12.615,9.883,0.322,0.464,59.681
8q5y_GH,RBD,A,class1/2(RBM),protenix,7,4.0,8q5y_gh_sample_1.cif,0.009,0.026,77,0.234,0.202,0.375,20.12,19.232,0.322,0.464,59.681
8q5y_GH,RBD,A,class1/2(RBM),protenix,7,4.0,8q5y_gh_sample_2.cif,0.01,0.015,66,0.136,0.219,0.32,23.898,25.075,0.322,0.464,59.681
8q5y_GH,RBD,A,class1/2(RBM),protenix,7,4.0,8q5y_gh_sample_3.cif,0.009,0.04,50,0.22,0.221,0.398,22.532,22.605,0.322,0.464,59.681
8q5y_GH,RBD,A,class1/2(RBM),protenix,7,4.0,8q5y_gh_sample_4.cif,0.012,0.0,68,0.074,0.306,0.261,22.83,24.984,0.322,0.464,59.681
8q5y_GH,RBD,A,class1/2(RBM),protenix,8,3.0,8q5y_gh_sample_0.cif,0.014,0.074,54,0.426,0.517,0.493,18.587,16.717,0.16,0.364,51.048
8q5y_GH,RBD,A,class1/2(RBM),protenix,8,3.0,8q5y_gh_sample_1.cif,0.014,0.098,51,0.431,0.531,0.568,14.729,12.975,0.16,0.364,51.048
8q5y_GH,RBD,A,class1/2(RBM),protenix,8,3.0,8q5y_gh_sample_2.cif,0.032,0.206,68,0.471,0.728,0.637,10.271,9.928,0.16,0.364,51.048
8q5y_GH,RBD,A,class1/2(RBM),protenix,8,3.0,8q5y_gh_sample_3.cif,0.01,0.02,51,0.216,0.25,0.407,22.42,18.911,0.16,0.364,51.048
8q5y_GH,RBD,A,class1/2(RBM),protenix,8,3.0,8q5y_gh_sample_4.cif,0.012,0.108,65,0.292,0.558,0.414,15.547,13.268,0.16,0.364,51.048
8q5y_GH,RBD,A,class1/2(RBM),protenix,9,2.0,8q5y_gh_sample_0.cif,0.011,0.095,42,0.5,0.551,0.608,18.638,13.331,0.175,0.374,49.721
8q5y_GH,RBD,A,class1/2(RBM),protenix,9,2.0,8q5y_gh_sample_1.cif,0.034,0.118,76,0.316,0.555,0.476,9.491,13.008,0.175,0.374,49.721
8q5y_GH,RBD,A,class1/2(RBM),protenix,9,2.0,8q5y_gh_sample_2.cif,0.013,0.119,67,0.448,0.602,0.625,15.001,6.311,0.175,0.374,49.721
8q5y_GH,RBD,A,class1/2(RBM),protenix,9,2.0,8q5y_gh_sample_3.cif,0.019,0.089,56,0.536,0.616,0.638,13.963,5.21,0.175,0.374,49.721
8q5y_GH,RBD,A,class1/2(RBM),protenix,9,2.0,8q5y_gh_sample_4.cif,0.011,0.016,61,0.246,0.196,0.424,16.537,13.697,0.175,0.374,49.721
8q5y_GH,RBD,A,class1/2(RBM),protenix,10,1.0,8q5y_gh_sample_0.cif,0.011,0.039,51,0.275,0.316,0.475,16.546,11.659,0.18,0.366,45.091
8q5y_GH,RBD,A,class1/2(RBM),protenix,10,1.0,8q5y_gh_sample_1.cif,0.025,0.22,41,0.22,0.765,0.416,11.992,15.819,0.18,0.366,45.091
8q5y_GH,RBD,A,class1/2(RBM),protenix,10,1.0,8q5y_gh_sample_2.cif,0.016,0.081,37,0.027,0.514,0.349,16.021,17.518,0.18,0.366,45.091
8q5y_GH,RBD,A,class1/2(RBM),protenix,10,1.0,8q5y_gh_sample_3.cif,0.017,0.132,68,0.132,0.607,0.323,13.588,18.121,0.18,0.366,45.091
8q5y_GH,RBD,A,class1/2(RBM),protenix,10,1.0,8q5y_gh_sample_4.cif,0.011,0.081,74,0.405,0.517,0.549,14.41,11.169,0.18,0.366,45.091
8q5y_GH,RBD,A,class1/2(RBM),protenix,11,1.0,8q5y_gh_sample_0.cif,0.023,0.239,67,0.358,0.784,0.449,7.987,14.205,0.166,0.361,48.447
8q5y_GH,RBD,A,class1/2(RBM),protenix,11,1.0,8q5y_gh_sample_1.cif,0.022,0.059,51,0.098,0.518,0.381,12.27,14.746,0.166,0.361,48.447
8q5y_GH,RBD,A,class1/2(RBM),protenix,11,1.0,8q5y_gh_sample_2.cif,0.011,0.107,84,0.179,0.595,0.36,18.111,17.424,0.166,0.361,48.447
8q5y_GH,RBD,A,class1/2(RBM),protenix,11,1.0,8q5y_gh_sample_3.cif,0.052,0.118,76,0.184,0.603,0.373,10.711,13.612,0.166,0.361,48.447
8q5y_GH,RBD,A,class1/2(RBM),protenix,11,1.0,8q5y_gh_sample_4.cif,0.01,0.022,46,0.109,0.503,0.391,23.114,19.311,0.166,0.361,48.447
8q7s_C,RBD,A,class1/2(RBM),boltz,0,35.184,input_model_0.cif,0.716,0.885,26,0.962,0.932,0.763,0.582,4.634,0.699,0.843,0.876
8q7s_C,RBD,A,class1/2(RBM),boltz,0,35.184,input_model_1.cif,0.677,0.87,23,0.957,0.927,0.758,2.382,3.989,0.699,0.843,0.876
8q7s_C,RBD,A,class1/2(RBM),boltz,0,35.184,input_model_2.cif,0.625,0.84,25,0.96,0.927,0.76,2.045,4.253,0.699,0.843,0.876
8q7s_C,RBD,A,class1/2(RBM),boltz,0,35.184,input_model_3.cif,0.776,0.957,23,0.957,0.933,0.761,0.505,4.4,0.699,0.843,0.876
8q7s_C,RBD,A,class1/2(RBM),boltz,0,35.184,input_model_4.cif,0.622,0.84,25,0.92,0.927,0.756,3.15,3.476,0.699,0.843,0.876
8q7s_C,RBD,A,class1/2(RBM),boltz,1,27.594,input_model_0.cif,0.599,0.87,23,0.957,0.929,0.761,1.205,4.064,0.631,0.81,0.883
8q7s_C,RBD,A,class1/2(RBM),boltz,1,27.594,input_model_1.cif,0.51,0.846,26,0.923,0.924,0.755,1.656,3.93,0.631,0.81,0.883
8q7s_C,RBD,A,class1/2(RBM),boltz,1,27.594,input_model_2.cif,0.017,0.143,21,0.381,0.612,0.588,15.269,12.45,0.631,0.81,0.883
8q7s_C,RBD,A,class1/2(RBM),boltz,1,27.594,input_model_3.cif,0.687,0.864,22,0.955,0.928,0.756,1.736,3.825,0.631,0.81,0.883
8q7s_C,RBD,A,class1/2(RBM),boltz,1,27.594,input_model_4.cif,0.012,0.0,24,0.25,0.337,0.372,22.426,21.044,0.631,0.81,0.883
8q7s_C,RBD,A,class1/2(RBM),boltz,2,21.833,input_model_0.cif,0.706,0.84,25,0.96,0.926,0.759,3.213,3.997,0.718,0.849,0.883
8q7s_C,RBD,A,class1/2(RBM),boltz,2,21.833,input_model_1.cif,0.676,0.885,26,0.962,0.933,0.766,1.573,4.486,0.718,0.849,0.883
8q7s_C,RBD,A,class1/2(RBM),boltz,2,21.833,input_model_2.cif,0.676,0.909,22,0.955,0.928,0.755,1.864,3.932,0.718,0.849,0.883
8q7s_C,RBD,A,class1/2(RBM),boltz,2,21.833,input_model_3.cif,0.607,0.833,24,0.917,0.925,0.755,1.699,3.677,0.718,0.849,0.883
8q7s_C,RBD,A,class1/2(RBM),boltz,2,21.833,input_model_4.cif,0.634,0.8,25,0.92,0.926,0.758,3.293,3.789,0.718,0.849,0.883
8q7s_C,RBD,A,class1/2(RBM),boltz,3,14.707,input_model_0.cif,0.642,0.846,26,0.962,0.922,0.76,0.952,4.536,0.701,0.849,0.876
8q7s_C,RBD,A,class1/2(RBM),boltz,3,14.707,input_model_1.cif,0.664,0.875,24,0.958,0.923,0.757,1.127,4.948,0.701,0.849,0.876
8q7s_C,RBD,A,class1/2(RBM),boltz,3,14.707,input_model_2.cif,0.64,0.885,26,0.923,0.93,0.757,2.023,3.765,0.701,0.849,0.876
8q7s_C,RBD,A,class1/2(RBM),boltz,3,14.707,input_model_3.cif,0.626,0.95,20,0.95,0.928,0.76,2.183,4.12,0.701,0.849,0.876
8q7s_C,RBD,A,class1/2(RBM),boltz,3,14.707,input_model_4.cif,0.604,0.846,26,0.962,0.927,0.76,2.292,4.078,0.701,0.849,0.876
8q7s_C,RBD,A,class1/2(RBM),boltz,4,14.0,input_model_0.cif,0.463,0.741,27,0.926,0.918,0.758,1.43,4.295,0.611,0.814,0.871
8q7s_C,RBD,A,class1/2(RBM),boltz,4,14.0,input_model_1.cif,0.046,0.421,19,0.842,0.827,0.727,8.824,5.984,0.611,0.814,0.871
8q7s_C,RBD,A,class1/2(RBM),boltz,4,14.0,input_model_2.cif,0.673,0.826,23,0.913,0.927,0.756,2.233,3.506,0.611,0.814,0.871
8q7s_C,RBD,A,class1/2(RBM),boltz,4,14.0,input_model_3.cif,0.663,0.87,23,0.957,0.929,0.759,1.185,4.241,0.611,0.814,0.871
8q7s_C,RBD,A,class1/2(RBM),boltz,4,14.0,input_model_4.cif,0.495,0.833,24,0.917,0.918,0.756,2.951,3.684,0.611,0.814,0.871
8q7s_C,RBD,A,class1/2(RBM),boltz,5,8.0,input_model_0.cif,0.673,0.917,24,0.958,0.932,0.766,0.86,4.905,0.657,0.827,0.875
8q7s_C,RBD,A,class1/2(RBM),boltz,5,8.0,input_model_1.cif,0.681,0.913,23,0.957,0.932,0.76,1.017,4.294,0.657,0.827,0.875
8q7s_C,RBD,A,class1/2(RBM),boltz,5,8.0,input_model_2.cif,0.605,0.786,28,0.929,0.924,0.76,1.274,4.443,0.657,0.827,0.875
8q7s_C,RBD,A,class1/2(RBM),boltz,5,8.0,input_model_3.cif,0.789,0.92,25,0.96,0.933,0.764,1.879,4.103,0.657,0.827,0.875
8q7s_C,RBD,A,class1/2(RBM),boltz,5,8.0,input_model_4.cif,0.663,0.864,22,0.909,0.927,0.756,1.929,3.555,0.657,0.827,0.875
8q7s_C,RBD,A,class1/2(RBM),boltz,6,7.0,input_model_0.cif,0.71,0.885,26,0.962,0.93,0.761,0.881,5.123,0.63,0.808,0.874
8q7s_C,RBD,A,class1/2(RBM),boltz,6,7.0,input_model_1.cif,0.605,0.864,22,0.909,0.926,0.757,1.911,3.489,0.63,0.808,0.874
8q7s_C,RBD,A,class1/2(RBM),boltz,6,7.0,input_model_2.cif,0.639,0.846,26,0.923,0.921,0.756,1.6,4.074,0.63,0.808,0.874
8q7s_C,RBD,A,class1/2(RBM),boltz,6,7.0,input_model_3.cif,0.676,0.875,24,0.958,0.927,0.757,1.778,4.119,0.63,0.808,0.874
8q7s_C,RBD,A,class1/2(RBM),boltz,6,7.0,input_model_4.cif,0.731,0.955,22,0.955,0.929,0.761,2.683,3.61,0.63,0.808,0.874
8q7s_C,RBD,A,class1/2(RBM),boltz,7,4.0,input_model_0.cif,0.617,0.793,29,0.931,0.925,0.762,1.264,4.606,0.731,0.856,0.877
8q7s_C,RBD,A,class1/2(RBM),boltz,7,4.0,input_model_1.cif,0.61,0.8,25,0.92,0.927,0.759,3.324,3.809,0.731,0.856,0.877
8q7s_C,RBD,A,class1/2(RBM),boltz,7,4.0,input_model_2.cif,0.668,0.87,23,0.957,0.928,0.759,2.381,4.057,0.731,0.856,0.877
8q7s_C,RBD,A,class1/2(RBM),boltz,7,4.0,input_model_3.cif,0.722,0.905,21,0.952,0.932,0.764,3.688,4.44,0.731,0.856,0.877
8q7s_C,RBD,A,class1/2(RBM),boltz,7,4.0,input_model_4.cif,0.721,0.913,23,0.957,0.929,0.759,2.118,3.743,0.731,0.856,0.877
8q7s_C,RBD,A,class1/2(RBM),boltz,8,4.0,input_model_0.cif,0.585,0.84,25,0.96,0.928,0.762,2.051,4.246,0.676,0.834,0.877
8q7s_C,RBD,A,class1/2(RBM),boltz,8,4.0,input_model_1.cif,0.7,0.821,28,0.929,0.927,0.761,0.822,4.387,0.676,0.834,0.877
8q7s_C,RBD,A,class1/2(RBM),boltz,8,4.0,input_model_2.cif,0.546,0.84,25,0.92,0.926,0.754,1.079,4.235,0.676,0.834,0.877
8q7s_C,RBD,A,class1/2(RBM),boltz,8,4.0,input_model_3.cif,0.009,0.0,20,0.05,0.31,0.336,26.863,25.148,0.676,0.834,0.877
8q7s_C,RBD,A,class1/2(RBM),boltz,8,4.0,input_model_4.cif,0.61,0.84,25,0.96,0.926,0.759,2.432,4.155,0.676,0.834,0.877
8q7s_C,RBD,A,class1/2(RBM),boltz,9,2.0,input_model_0.cif,0.643,0.87,23,0.957,0.927,0.757,2.336,4.005,0.607,0.798,0.873
8q7s_C,RBD,A,class1/2(RBM),boltz,9,2.0,input_model_1.cif,0.626,0.815,27,0.926,0.922,0.762,1.617,3.999,0.607,0.798,0.873
8q7s_C,RBD,A,class1/2(RBM),boltz,9,2.0,input_model_2.cif,0.662,0.87,23,0.957,0.929,0.759,3.006,4.007,0.607,0.798,0.873
8q7s_C,RBD,A,class1/2(RBM),boltz,9,2.0,input_model_3.cif,0.652,0.864,22,0.955,0.927,0.761,2.694,3.995,0.607,0.798,0.873
8q7s_C,RBD,A,class1/2(RBM),boltz,9,2.0,input_model_4.cif,0.594,0.833,24,0.958,0.926,0.759,1.87,4.03,0.607,0.798,0.873
8q7s_C,RBD,A,class1/2(RBM),protenix,0,35.184,8q7s_c_sample_0.cif,0.086,0.667,30,0.9,0.907,0.765,3.351,4.024,0.189,0.633,68.859
8q7s_C,RBD,A,class1/2(RBM),protenix,0,35.184,8q7s_c_sample_1.cif,0.062,0.87,23,0.957,0.92,0.761,1.453,5.186,0.189,0.633,68.859
8q7s_C,RBD,A,class1/2(RBM),protenix,0,35.184,8q7s_c_sample_2.cif,0.064,0.667,24,0.875,0.91,0.758,4.442,4.337,0.189,0.633,68.859
8q7s_C,RBD,A,class1/2(RBM),protenix,0,35.184,8q7s_c_sample_3.cif,0.06,0.84,25,0.96,0.92,0.757,1.554,4.867,0.189,0.633,68.859
8q7s_C,RBD,A,class1/2(RBM),protenix,0,35.184,8q7s_c_sample_4.cif,0.09,0.586,29,0.862,0.871,0.756,4.795,4.452,0.189,0.633,68.859
8q7s_C,RBD,A,class1/2(RBM),protenix,1,27.594,8q7s_c_sample_0.cif,0.149,0.643,28,0.857,0.874,0.74,4.817,4.311,0.173,0.624,70.006
8q7s_C,RBD,A,class1/2(RBM),protenix,1,27.594,8q7s_c_sample_1.cif,0.079,0.667,30,0.933,0.894,0.77,2.608,4.325,0.173,0.624,70.006
8q7s_C,RBD,A,class1/2(RBM),protenix,1,27.594,8q7s_c_sample_2.cif,0.058,0.5,26,0.692,0.823,0.712,7.235,5.766,0.173,0.624,70.006
8q7s_C,RBD,A,class1/2(RBM),protenix,1,27.594,8q7s_c_sample_3.cif,0.06,0.633,30,0.8,0.893,0.741,4.188,3.896,0.173,0.624,70.006
8q7s_C,RBD,A,class1/2(RBM),protenix,1,27.594,8q7s_c_sample_4.cif,0.011,0.0,30,0.133,0.312,0.327,24.714,23.016,0.173,0.624,70.006
8q7s_C,RBD,A,class1/2(RBM),protenix,2,21.833,8q7s_c_sample_0.cif,0.121,0.676,34,0.941,0.903,0.77,1.34,4.068,0.175,0.621,70.534
8q7s_C,RBD,A,class1/2(RBM),protenix,2,21.833,8q7s_c_sample_1.cif,0.133,0.677,31,0.935,0.889,0.77,1.492,4.38,0.175,0.621,70.534
8q7s_C,RBD,A,class1/2(RBM),protenix,2,21.833,8q7s_c_sample_2.cif,0.136,0.677,31,0.935,0.903,0.77,2.21,4.141,0.175,0.621,70.534
8q7s_C,RBD,A,class1/2(RBM),protenix,2,21.833,8q7s_c_sample_3.cif,0.104,0.567,30,0.8,0.87,0.743,4.957,3.746,0.175,0.621,70.534
8q7s_C,RBD,A,class1/2(RBM),protenix,2,21.833,8q7s_c_sample_4.cif,0.062,0.636,22,0.773,0.82,0.726,8.27,6.382,0.175,0.621,70.534
8q7s_C,RBD,A,class1/2(RBM),protenix,3,14.707,8q7s_c_sample_0.cif,0.068,0.704,27,0.963,0.907,0.763,4.852,5.237,0.183,0.622,70.155
8q7s_C,RBD,A,class1/2(RBM),protenix,3,14.707,8q7s_c_sample_1.cif,0.066,0.606,33,0.848,0.893,0.754,2.622,4.184,0.183,0.622,70.155
8q7s_C,RBD,A,class1/2(RBM),protenix,3,14.707,8q7s_c_sample_2.cif,0.091,0.677,31,0.935,0.91,0.759,2.262,3.839,0.183,0.622,70.155
8q7s_C,RBD,A,class1/2(RBM),protenix,3,14.707,8q7s_c_sample_3.cif,0.108,0.708,24,0.917,0.889,0.757,4.737,4.585,0.183,0.622,70.155
8q7s_C,RBD,A,class1/2(RBM),protenix,3,14.707,8q7s_c_sample_4.cif,0.253,0.769,26,0.923,0.915,0.747,1.102,4.091,0.183,0.622,70.155
8q7s_C,RBD,A,class1/2(RBM),protenix,4,14.0,8q7s_c_sample_0.cif,0.131,0.606,33,0.939,0.891,0.767,2.003,3.821,0.231,0.635,68.919
8q7s_C,RBD,A,class1/2(RBM),protenix,4,14.0,8q7s_c_sample_1.cif,0.134,0.645,31,0.935,0.89,0.773,1.702,4.095,0.231,0.635,68.919
8q7s_C,RBD,A,class1/2(RBM),protenix,4,14.0,8q7s_c_sample_2.cif,0.192,0.581,31,0.935,0.898,0.767,1.558,3.654,0.231,0.635,68.919
8q7s_C,RBD,A,class1/2(RBM),protenix,4,14.0,8q7s_c_sample_3.cif,0.069,0.72,25,0.96,0.907,0.759,2.252,6.362,0.231,0.635,68.919
8q7s_C,RBD,A,class1/2(RBM),protenix,4,14.0,8q7s_c_sample_4.cif,0.071,0.655,29,0.966,0.901,0.768,5.585,5.212,0.231,0.635,68.919
8q7s_C,RBD,A,class1/2(RBM),protenix,5,8.0,8q7s_c_sample_0.cif,0.035,0.162,37,0.595,0.567,0.596,13.59,10.682,0.138,0.591,62.827
8q7s_C,RBD,A,class1/2(RBM),protenix,5,8.0,8q7s_c_sample_1.cif,0.03,0.171,35,0.629,0.606,0.601,14.292,10.641,0.138,0.591,62.827
8q7s_C,RBD,A,class1/2(RBM),protenix,5,8.0,8q7s_c_sample_2.cif,0.021,0.205,44,0.591,0.597,0.615,12.32,8.902,0.138,0.591,62.827
8q7s_C,RBD,A,class1/2(RBM),protenix,5,8.0,8q7s_c_sample_3.cif,0.101,0.5,28,0.893,0.829,0.724,3.372,4.7,0.138,0.591,62.827
8q7s_C,RBD,A,class1/2(RBM),protenix,5,8.0,8q7s_c_sample_4.cif,0.049,0.5,26,1.0,0.859,0.76,4.545,6.653,0.138,0.591,62.827
8q7s_C,RBD,A,class1/2(RBM),protenix,6,7.0,8q7s_c_sample_0.cif,0.013,0.062,32,0.375,0.415,0.454,18.532,16.901,0.162,0.58,62.73
8q7s_C,RBD,A,class1/2(RBM),protenix,6,7.0,8q7s_c_sample_1.cif,0.013,0.097,31,0.419,0.443,0.473,16.516,14.96,0.162,0.58,62.73
8q7s_C,RBD,A,class1/2(RBM),protenix,6,7.0,8q7s_c_sample_2.cif,0.012,0.071,28,0.393,0.377,0.428,20.293,18.217,0.162,0.58,62.73
8q7s_C,RBD,A,class1/2(RBM),protenix,6,7.0,8q7s_c_sample_3.cif,0.015,0.114,35,0.429,0.476,0.488,15.657,14.33,0.162,0.58,62.73
8q7s_C,RBD,A,class1/2(RBM),protenix,6,7.0,8q7s_c_sample_4.cif,0.015,0.118,34,0.529,0.539,0.54,14.51,13.423,0.162,0.58,62.73
8q7s_C,RBD,A,class1/2(RBM),protenix,7,4.0,8q7s_c_sample_0.cif,0.015,0.133,30,0.367,0.5,0.485,18.231,16.66,0.121,0.567,59.94
8q7s_C,RBD,A,class1/2(RBM),protenix,7,4.0,8q7s_c_sample_1.cif,0.016,0.069,29,0.414,0.457,0.458,20.363,18.52,0.121,0.567,59.94
8q7s_C,RBD,A,class1/2(RBM),protenix,7,4.0,8q7s_c_sample_2.cif,0.013,0.143,35,0.429,0.47,0.49,15.874,14.188,0.121,0.567,59.94
8q7s_C,RBD,A,class1/2(RBM),protenix,7,4.0,8q7s_c_sample_3.cif,0.013,0.074,27,0.222,0.399,0.377,20.399,19.219,0.121,0.567,59.94
8q7s_C,RBD,A,class1/2(RBM),protenix,7,4.0,8q7s_c_sample_4.cif,0.007,0.0,21,0.0,0.168,0.248,33.373,30.973,0.121,0.567,59.94
8q7s_C,RBD,A,class1/2(RBM),protenix,8,4.0,8q7s_c_sample_0.cif,0.028,0.188,32,0.5,0.614,0.505,8.774,11.845,0.126,0.473,51.918
8q7s_C,RBD,A,class1/2(RBM),protenix,8,4.0,8q7s_c_sample_1.cif,0.022,0.103,29,0.069,0.549,0.401,10.672,14.769,0.126,0.473,51.918
8q7s_C,RBD,A,class1/2(RBM),protenix,8,4.0,8q7s_c_sample_2.cif,0.019,0.111,18,0.111,0.588,0.444,9.469,13.055,0.126,0.473,51.918
8q7s_C,RBD,A,class1/2(RBM),protenix,8,4.0,8q7s_c_sample_3.cif,0.014,0.147,34,0.324,0.592,0.423,9.392,11.306,0.126,0.473,51.918
8q7s_C,RBD,A,class1/2(RBM),protenix,8,4.0,8q7s_c_sample_4.cif,0.038,0.4,35,0.914,0.766,0.764,6.893,4.454,0.126,0.473,51.918
8q7s_C,RBD,A,class1/2(RBM),protenix,9,2.0,8q7s_c_sample_0.cif,0.017,0.321,28,0.679,0.559,0.532,11.325,11.444,0.13,0.319,42.406
8q7s_C,RBD,A,class1/2(RBM),protenix,9,2.0,8q7s_c_sample_1.cif,0.017,0.097,31,0.581,0.464,0.578,13.963,8.117,0.13,0.319,42.406
8q7s_C,RBD,A,class1/2(RBM),protenix,9,2.0,8q7s_c_sample_2.cif,0.012,0.088,34,0.147,0.529,0.407,9.552,9.404,0.13,0.319,42.406
8q7s_C,RBD,A,class1/2(RBM),protenix,9,2.0,8q7s_c_sample_3.cif,0.012,0.129,31,0.194,0.525,0.406,10.636,12.164,0.13,0.319,42.406
8q7s_C,RBD,A,class1/2(RBM),protenix,9,2.0,8q7s_c_sample_4.cif,0.016,0.196,51,0.294,0.608,0.41,8.921,13.384,0.13,0.319,42.406
8q7s_C,RBD,A,class1/2(RBM),protenix,10,1.0,8q7s_c_sample_0.cif,0.01,0.062,32,0.094,0.413,0.331,17.375,18.015,0.123,0.284,35.335
8q7s_C,RBD,A,class1/2(RBM),protenix,10,1.0,8q7s_c_sample_1.cif,0.009,0.079,38,0.079,0.301,0.327,21.862,18.545,0.123,0.284,35.335
8q7s_C,RBD,A,class1/2(RBM),protenix,10,1.0,8q7s_c_sample_2.cif,0.009,0.0,29,0.0,0.262,0.245,21.477,20.78,0.123,0.284,35.335
8q7s_C,RBD,A,class1/2(RBM),protenix,10,1.0,8q7s_c_sample_3.cif,0.009,0.086,35,0.086,0.333,0.34,20.534,19.82,0.123,0.284,35.335
8q7s_C,RBD,A,class1/2(RBM),protenix,10,1.0,8q7s_c_sample_4.cif,0.011,0.073,41,0.073,0.386,0.369,17.325,15.035,0.123,0.284,35.335
8q7s_C,RBD,A,class1/2(RBM),protenix,11,1.0,8q7s_c_sample_0.cif,0.01,0.0,41,0.024,0.25,0.268,17.312,17.355,0.116,0.28,34.598
8q7s_C,RBD,A,class1/2(RBM),protenix,11,1.0,8q7s_c_sample_1.cif,0.008,0.0,31,0.032,0.257,0.331,25.713,21.726,0.116,0.28,34.598
8q7s_C,RBD,A,class1/2(RBM),protenix,11,1.0,8q7s_c_sample_2.cif,0.009,0.122,41,0.098,0.334,0.322,19.249,18.876,0.116,0.28,34.598
8q7s_C,RBD,A,class1/2(RBM),protenix,11,1.0,8q7s_c_sample_3.cif,0.011,0.0,22,0.045,0.256,0.327,18.83,17.184,0.116,0.28,34.598
8q7s_C,RBD,A,class1/2(RBM),protenix,11,1.0,8q7s_c_sample_4.cif,0.011,0.107,28,0.071,0.37,0.329,16.768,15.377,0.116,0.28,34.598
8q7s_H,RBD,B,class4,boltz,0,35.589,input_model_0.cif,0.014,0.1,20,0.95,0.483,0.765,23.538,4.326,0.289,0.705,0.906
8q7s_H,RBD,B,class4,boltz,0,35.589,input_model_1.cif,0.013,0.056,18,1.0,0.446,0.769,25.547,5.312,0.289,0.705,0.906
8q7s_H,RBD,B,class4,boltz,0,35.589,input_model_2.cif,0.013,0.056,18,1.0,0.453,0.769,25.609,5.166,0.289,0.705,0.906
8q7s_H,RBD,B,class4,boltz,0,35.589,input_model_3.cif,0.012,0.0,18,1.0,0.447,0.764,27.839,6.894,0.289,0.705,0.906
8q7s_H,RBD,B,class4,boltz,0,35.589,input_model_4.cif,0.013,0.0,16,1.0,0.444,0.764,26.174,5.63,0.289,0.705,0.906
8q7s_H,RBD,B,class4,boltz,1,27.022,input_model_0.cif,0.013,0.0,16,1.0,0.448,0.766,26.995,6.086,0.329,0.715,0.907
8q7s_H,RBD,B,class4,boltz,1,27.022,input_model_1.cif,0.014,0.0,19,0.947,0.459,0.763,24.965,4.73,0.329,0.715,0.907
8q7s_H,RBD,B,class4,boltz,1,27.022,input_model_2.cif,0.013,0.105,19,1.0,0.475,0.766,24.877,4.636,0.329,0.715,0.907
8q7s_H,RBD,B,class4,boltz,1,27.022,input_model_3.cif,0.014,0.143,21,1.0,0.473,0.766,23.201,4.777,0.329,0.715,0.907
8q7s_H,RBD,B,class4,boltz,1,27.022,input_model_4.cif,0.014,0.105,19,1.0,0.493,0.761,23.695,4.225,0.329,0.715,0.907
8q7s_H,RBD,B,class4,boltz,2,22.35,input_model_0.cif,0.013,0.05,20,1.0,0.455,0.768,24.945,4.523,0.366,0.731,0.897
8q7s_H,RBD,B,class4,boltz,2,22.35,input_model_1.cif,0.014,0.105,19,0.947,0.464,0.764,23.632,4.118,0.366,0.731,0.897
8q7s_H,RBD,B,class4,boltz,2,22.35,input_model_2.cif,0.014,0.105,19,1.0,0.464,0.767,25.785,5.379,0.366,0.731,0.897
8q7s_H,RBD,B,class4,boltz,2,22.35,input_model_3.cif,0.013,0.053,19,1.0,0.454,0.765,26.13,5.581,0.366,0.731,0.897
8q7s_H,RBD,B,class4,boltz,2,22.35,input_model_4.cif,0.013,0.056,18,1.0,0.458,0.765,23.62,4.27,0.366,0.731,0.897
8q7s_H,RBD,B,class4,boltz,3,14.733,input_model_0.cif,0.014,0.111,18,1.0,0.466,0.767,24.336,4.404,0.333,0.719,0.901
8q7s_H,RBD,B,class4,boltz,3,14.733,input_model_1.cif,0.013,0.059,17,1.0,0.458,0.766,25.194,4.601,0.333,0.719,0.901
8q7s_H,RBD,B,class4,boltz,3,14.733,input_model_2.cif,0.013,0.1,20,1.0,0.461,0.767,23.627,3.926,0.333,0.719,0.901
8q7s_H,RBD,B,class4,boltz,3,14.733,input_model_3.cif,0.013,0.062,16,1.0,0.445,0.768,25.533,5.046,0.333,0.719,0.901
8q7s_H,RBD,B,class4,boltz,3,14.733,input_model_4.cif,0.015,0.067,15,1.0,0.494,0.754,22.449,4.484,0.333,0.719,0.901
8q7s_H,RBD,B,class4,boltz,4,14.0,input_model_0.cif,0.014,0.143,21,1.0,0.484,0.766,23.028,4.782,0.285,0.698,0.908
8q7s_H,RBD,B,class4,boltz,4,14.0,input_model_1.cif,0.013,0.0,19,0.947,0.472,0.759,26.156,5.378,0.285,0.698,0.908
8q7s_H,RBD,B,class4,boltz,4,14.0,input_model_2.cif,0.014,0.158,19,0.947,0.467,0.765,22.408,5.246,0.285,0.698,0.908
8q7s_H,RBD,B,class4,boltz,4,14.0,input_model_3.cif,0.013,0.111,18,1.0,0.482,0.767,24.329,4.335,0.285,0.698,0.908
8q7s_H,RBD,B,class4,boltz,4,14.0,input_model_4.cif,0.013,0.095,21,1.0,0.479,0.769,25.692,5.401,0.285,0.698,0.908
8q7s_H,RBD,B,class4,boltz,5,9.0,input_model_0.cif,0.052,0.84,25,0.08,0.901,0.315,4.497,24.326,0.412,0.745,0.873
8q7s_H,RBD,B,class4,boltz,5,9.0,input_model_1.cif,0.013,0.0,16,1.0,0.461,0.764,25.782,5.078,0.412,0.745,0.873
8q7s_H,RBD,B,class4,boltz,5,9.0,input_model_2.cif,0.013,0.0,17,1.0,0.444,0.763,26.243,5.428,0.412,0.745,0.873
8q7s_H,RBD,B,class4,boltz,5,9.0,input_model_3.cif,0.013,0.056,18,1.0,0.454,0.763,23.545,5.695,0.412,0.745,0.873
8q7s_H,RBD,B,class4,boltz,5,9.0,input_model_4.cif,0.015,0.062,16,1.0,0.498,0.756,22.4,5.462,0.412,0.745,0.873
8q7s_H,RBD,B,class4,boltz,6,7.0,input_model_0.cif,0.013,0.056,18,1.0,0.47,0.766,24.652,4.507,0.431,0.75,0.9
8q7s_H,RBD,B,class4,boltz,6,7.0,input_model_1.cif,0.013,0.053,19,0.947,0.455,0.766,25.879,5.367,0.431,0.75,0.9
8q7s_H,RBD,B,class4,boltz,6,7.0,input_model_2.cif,0.013,0.0,17,1.0,0.445,0.767,26.661,5.55,0.431,0.75,0.9
8q7s_H,RBD,B,class4,boltz,6,7.0,input_model_3.cif,0.013,0.0,17,0.941,0.458,0.763,26.033,5.269,0.431,0.75,0.9
8q7s_H,RBD,B,class4,boltz,6,7.0,input_model_4.cif,0.013,0.1,20,1.0,0.471,0.766,24.525,4.683,0.431,0.75,0.9
8q7s_H,RBD,B,class4,boltz,7,4.0,input_model_0.cif,0.013,0.111,18,1.0,0.452,0.77,25.532,5.048,0.27,0.695,0.901
8q7s_H,RBD,B,class4,boltz,7,4.0,input_model_1.cif,0.012,0.053,19,1.0,0.448,0.769,25.378,4.821,0.27,0.695,0.901
8q7s_H,RBD,B,class4,boltz,7,4.0,input_model_2.cif,0.012,0.0,15,1.0,0.415,0.767,26.933,5.572,0.27,0.695,0.901
8q7s_H,RBD,B,class4,boltz,7,4.0,input_model_3.cif,0.012,0.062,16,1.0,0.425,0.771,25.694,5.066,0.27,0.695,0.901
8q7s_H,RBD,B,class4,boltz,7,4.0,input_model_4.cif,0.013,0.053,19,0.947,0.45,0.767,24.724,4.74,0.27,0.695,0.901
8q7s_H,RBD,B,class4,boltz,8,4.0,input_model_0.cif,0.014,0.111,18,0.944,0.479,0.763,22.932,4.09,0.33,0.717,0.901
8q7s_H,RBD,B,class4,boltz,8,4.0,input_model_1.cif,0.013,0.048,21,1.0,0.452,0.77,25.835,5.159,0.33,0.717,0.901
8q7s_H,RBD,B,class4,boltz,8,4.0,input_model_2.cif,0.013,0.053,19,1.0,0.443,0.767,26.575,5.525,0.33,0.717,0.901
8q7s_H,RBD,B,class4,boltz,8,4.0,input_model_3.cif,0.013,0.053,19,1.0,0.464,0.765,25.964,5.464,0.33,0.717,0.901
8q7s_H,RBD,B,class4,boltz,8,4.0,input_model_4.cif,0.097,0.75,20,0.0,0.85,0.289,7.842,26.213,0.33,0.717,0.901
8q7s_H,RBD,B,class4,boltz,9,2.0,input_model_0.cif,0.014,0.105,19,0.947,0.468,0.764,23.701,4.15,0.339,0.725,0.908
8q7s_H,RBD,B,class4,boltz,9,2.0,input_model_1.cif,0.013,0.056,18,1.0,0.457,0.767,25.588,5.197,0.339,0.725,0.908
8q7s_H,RBD,B,class4,boltz,9,2.0,input_model_2.cif,0.013,0.056,18,1.0,0.455,0.767,26.561,5.864,0.339,0.725,0.908
8q7s_H,RBD,B,class4,boltz,9,2.0,input_model_3.cif,0.013,0.0,16,1.0,0.45,0.764,26.916,5.971,0.339,0.725,0.908
8q7s_H,RBD,B,class4,boltz,9,2.0,input_model_4.cif,0.013,0.053,19,1.0,0.465,0.766,27.013,6.207,0.339,0.725,0.908
8q7s_H,RBD,B,class4,protenix,0,35.589,8q7s_h_sample_0.cif,0.047,0.368,38,0.0,0.759,0.258,14.039,28.994,0.182,0.644,64.689
8q7s_H,RBD,B,class4,protenix,0,35.589,8q7s_h_sample_1.cif,0.039,0.441,34,0.0,0.756,0.25,13.215,29.255,0.182,0.644,64.689
8q7s_H,RBD,B,class4,protenix,0,35.589,8q7s_h_sample_2.cif,0.038,0.469,32,0.0,0.753,0.233,13.532,29.459,0.182,0.644,64.689
8q7s_H,RBD,B,class4,protenix,0,35.589,8q7s_h_sample_3.cif,0.018,0.098,41,0.756,0.463,0.738,19.454,3.937,0.182,0.644,64.689
8q7s_H,RBD,B,class4,protenix,0,35.589,8q7s_h_sample_4.cif,0.016,0.074,27,0.741,0.488,0.724,23.39,4.329,0.182,0.644,64.689
8q7s_H,RBD,B,class4,protenix,1,27.022,8q7s_h_sample_0.cif,0.035,0.432,37,0.054,0.776,0.273,12.313,27.895,0.209,0.656,65.699
8q7s_H,RBD,B,class4,protenix,1,27.022,8q7s_h_sample_1.cif,0.034,0.467,30,0.0,0.749,0.244,12.995,28.434,0.209,0.656,65.699
8q7s_H,RBD,B,class4,protenix,1,27.022,8q7s_h_sample_2.cif,0.034,0.517,29,0.0,0.784,0.257,12.127,28.327,0.209,0.656,65.699
8q7s_H,RBD,B,class4,protenix,1,27.022,8q7s_h_sample_3.cif,0.049,0.452,31,0.0,0.785,0.259,12.278,28.631,0.209,0.656,65.699
8q7s_H,RBD,B,class4,protenix,1,27.022,8q7s_h_sample_4.cif,0.039,0.5,28,0.0,0.793,0.255,12.474,28.75,0.209,0.656,65.699
8q7s_H,RBD,B,class4,protenix,2,22.35,8q7s_h_sample_0.cif,0.051,0.412,34,0.0,0.746,0.244,13.508,29.176,0.208,0.654,64.464
8q7s_H,RBD,B,class4,protenix,2,22.35,8q7s_h_sample_1.cif,0.051,0.412,34,0.0,0.761,0.255,13.97,29.669,0.208,0.654,64.464
8q7s_H,RBD,B,class4,protenix,2,22.35,8q7s_h_sample_2.cif,0.038,0.368,38,0.0,0.751,0.243,13.593,28.913,0.208,0.654,64.464
8q7s_H,RBD,B,class4,protenix,2,22.35,8q7s_h_sample_3.cif,0.041,0.405,37,0.0,0.755,0.251,13.681,29.096,0.208,0.654,64.464
8q7s_H,RBD,B,class4,protenix,2,22.35,8q7s_h_sample_4.cif,0.063,0.378,45,0.111,0.804,0.308,12.486,27.317,0.208,0.654,64.464
8q7s_H,RBD,B,class4,protenix,3,14.733,8q7s_h_sample_0.cif,0.012,0.0,23,0.0,0.521,0.217,20.538,31.952,0.217,0.663,69.856
8q7s_H,RBD,B,class4,protenix,3,14.733,8q7s_h_sample_1.cif,0.013,0.0,24,0.0,0.518,0.227,20.394,32.112,0.217,0.663,69.856
8q7s_H,RBD,B,class4,protenix,3,14.733,8q7s_h_sample_2.cif,0.012,0.077,26,0.0,0.54,0.215,19.163,31.768,0.217,0.663,69.856
8q7s_H,RBD,B,class4,protenix,3,14.733,8q7s_h_sample_3.cif,0.012,0.0,16,0.0,0.555,0.226,21.061,34.147,0.217,0.663,69.856
8q7s_H,RBD,B,class4,protenix,3,14.733,8q7s_h_sample_4.cif,0.008,0.0,20,0.0,0.534,0.218,21.106,32.863,0.217,0.663,69.856
8q7s_H,RBD,B,class4,protenix,4,14.0,8q7s_h_sample_0.cif,0.051,0.361,36,0.0,0.748,0.238,14.099,29.687,0.177,0.647,66.261
8q7s_H,RBD,B,class4,protenix,4,14.0,8q7s_h_sample_1.cif,0.041,0.452,31,0.065,0.809,0.276,11.935,28.602,0.177,0.647,66.261
8q7s_H,RBD,B,class4,protenix,4,14.0,8q7s_h_sample_2.cif,0.045,0.448,29,0.0,0.787,0.258,13.078,29.199,0.177,0.647,66.261
8q7s_H,RBD,B,class4,protenix,4,14.0,8q7s_h_sample_3.cif,0.036,0.484,31,0.0,0.753,0.238,12.187,28.929,0.177,0.647,66.261
8q7s_H,RBD,B,class4,protenix,4,14.0,8q7s_h_sample_4.cif,0.014,0.045,22,0.955,0.484,0.752,23.928,4.871,0.177,0.647,66.261
8q7s_H,RBD,B,class4,protenix,5,9.0,8q7s_h_sample_0.cif,0.05,0.385,39,0.0,0.741,0.241,14.106,29.048,0.221,0.649,64.224
8q7s_H,RBD,B,class4,protenix,5,9.0,8q7s_h_sample_1.cif,0.051,0.371,35,0.0,0.74,0.241,13.977,29.476,0.221,0.649,64.224
8q7s_H,RBD,B,class4,protenix,5,9.0,8q7s_h_sample_2.cif,0.039,0.417,36,0.0,0.768,0.238,13.313,29.349,0.221,0.649,64.224
8q7s_H,RBD,B,class4,protenix,5,9.0,8q7s_h_sample_3.cif,0.04,0.394,33,0.0,0.752,0.239,14.19,29.453,0.221,0.649,64.224
8q7s_H,RBD,B,class4,protenix,5,9.0,8q7s_h_sample_4.cif,0.037,0.368,38,0.0,0.782,0.258,15.194,30.235,0.221,0.649,64.224
8q7s_H,RBD,B,class4,protenix,6,7.0,8q7s_h_sample_0.cif,0.012,0.0,14,0.0,0.533,0.236,22.723,35.19,0.584,0.795,81.043
8q7s_H,RBD,B,class4,protenix,6,7.0,8q7s_h_sample_1.cif,0.012,0.0,14,0.0,0.533,0.232,22.67,35.017,0.584,0.795,81.043
8q7s_H,RBD,B,class4,protenix,6,7.0,8q7s_h_sample_2.cif,0.012,0.0,15,0.0,0.52,0.238,22.566,34.638,0.584,0.795,81.043
8q7s_H,RBD,B,class4,protenix,6,7.0,8q7s_h_sample_3.cif,0.011,0.0,14,0.0,0.526,0.233,22.706,35.319,0.584,0.795,81.043
8q7s_H,RBD,B,class4,protenix,6,7.0,8q7s_h_sample_4.cif,0.012,0.0,14,0.0,0.528,0.238,22.703,35.19,0.584,0.795,81.043
8q7s_H,RBD,B,class4,protenix,7,4.0,8q7s_h_sample_0.cif,0.012,0.0,14,0.0,0.53,0.237,22.496,33.453,0.455,0.715,68.448
8q7s_H,RBD,B,class4,protenix,7,4.0,8q7s_h_sample_1.cif,0.013,0.0,16,0.0,0.533,0.249,21.634,31.48,0.455,0.715,68.448
8q7s_H,RBD,B,class4,protenix,7,4.0,8q7s_h_sample_2.cif,0.012,0.0,15,0.0,0.534,0.235,22.757,33.969,0.455,0.715,68.448
8q7s_H,RBD,B,class4,protenix,7,4.0,8q7s_h_sample_3.cif,0.013,0.0,16,0.0,0.555,0.246,21.599,32.25,0.455,0.715,68.448
8q7s_H,RBD,B,class4,protenix,7,4.0,8q7s_h_sample_4.cif,0.012,0.0,14,0.0,0.538,0.236,22.534,33.685,0.455,0.715,68.448
8q7s_H,RBD,B,class4,protenix,8,4.0,8q7s_h_sample_0.cif,0.01,0.0,15,0.0,0.392,0.335,22.241,24.382,0.181,0.505,48.393
8q7s_H,RBD,B,class4,protenix,8,4.0,8q7s_h_sample_1.cif,0.02,0.032,31,0.355,0.389,0.447,18.572,16.293,0.181,0.505,48.393
8q7s_H,RBD,B,class4,protenix,8,4.0,8q7s_h_sample_2.cif,0.02,0.08,25,0.24,0.408,0.43,18.997,19.592,0.181,0.505,48.393
8q7s_H,RBD,B,class4,protenix,8,4.0,8q7s_h_sample_3.cif,0.052,0.278,36,0.306,0.495,0.469,15.402,14.495,0.181,0.505,48.393
8q7s_H,RBD,B,class4,protenix,8,4.0,8q7s_h_sample_4.cif,0.026,0.27,37,0.378,0.557,0.506,12.275,13.026,0.181,0.505,48.393
8q7s_H,RBD,B,class4,protenix,9,2.0,8q7s_h_sample_0.cif,0.011,0.043,47,0.106,0.361,0.334,13.709,12.904,0.179,0.357,39.529
8q7s_H,RBD,B,class4,protenix,9,2.0,8q7s_h_sample_1.cif,0.011,0.0,38,0.132,0.34,0.337,14.862,12.551,0.179,0.357,39.529
8q7s_H,RBD,B,class4,protenix,9,2.0,8q7s_h_sample_2.cif,0.011,0.0,40,0.125,0.333,0.327,15.539,13.937,0.179,0.357,39.529
8q7s_H,RBD,B,class4,protenix,9,2.0,8q7s_h_sample_3.cif,0.011,0.0,29,0.034,0.344,0.31,15.337,13.487,0.179,0.357,39.529
8q7s_H,RBD,B,class4,protenix,9,2.0,8q7s_h_sample_4.cif,0.01,0.03,33,0.0,0.357,0.318,14.658,13.748,0.179,0.357,39.529
8q7s_H,RBD,B,class4,protenix,10,1.0,8q7s_h_sample_0.cif,0.029,0.115,52,0.269,0.621,0.354,8.794,14.858,0.148,0.273,35.371
8q7s_H,RBD,B,class4,protenix,10,1.0,8q7s_h_sample_1.cif,0.028,0.025,40,0.375,0.467,0.481,10.361,12.674,0.148,0.273,35.371
8q7s_H,RBD,B,class4,protenix,10,1.0,8q7s_h_sample_2.cif,0.024,0.15,40,0.2,0.495,0.41,11.259,14.31,0.148,0.273,35.371
8q7s_H,RBD,B,class4,protenix,10,1.0,8q7s_h_sample_3.cif,0.027,0.118,34,0.265,0.591,0.443,10.251,13.597,0.148,0.273,35.371
8q7s_H,RBD,B,class4,protenix,10,1.0,8q7s_h_sample_4.cif,0.026,0.086,35,0.486,0.579,0.467,9.868,14.71,0.148,0.273,35.371
8q7s_H,RBD,B,class4,protenix,11,1.0,8q7s_h_sample_0.cif,0.017,0.107,56,0.214,0.495,0.401,13.649,14.723,0.171,0.294,38.025
8q7s_H,RBD,B,class4,protenix,11,1.0,8q7s_h_sample_1.cif,0.024,0.184,49,0.286,0.633,0.392,7.226,14.779,0.171,0.294,38.025
8q7s_H,RBD,B,class4,protenix,11,1.0,8q7s_h_sample_2.cif,0.019,0.0,34,0.294,0.5,0.428,11.902,16.14,0.171,0.294,38.025
8q7s_H,RBD,B,class4,protenix,11,1.0,8q7s_h_sample_3.cif,0.023,0.139,36,0.056,0.645,0.3,9.963,16.434,0.171,0.294,38.025
8q7s_H,RBD,B,class4,protenix,11,1.0,8q7s_h_sample_4.cif,0.031,0.056,36,0.167,0.493,0.349,11.526,15.183,0.171,0.294,38.025
8q7s_O,RBD,A,class1/2(RBM),boltz,0,35.589,input_model_0.cif,0.62,0.846,26,0.923,0.924,0.754,1.71,4.837,0.758,0.867,0.882
8q7s_O,RBD,A,class1/2(RBM),boltz,0,35.589,input_model_1.cif,0.641,0.821,28,0.964,0.931,0.757,0.786,4.352,0.758,0.867,0.882
8q7s_O,RBD,A,class1/2(RBM),boltz,0,35.589,input_model_2.cif,0.666,0.913,23,0.957,0.932,0.754,1.572,3.735,0.758,0.867,0.882
8q7s_O,RBD,A,class1/2(RBM),boltz,0,35.589,input_model_3.cif,0.576,0.75,28,0.929,0.925,0.753,2.414,4.853,0.758,0.867,0.882
8q7s_O,RBD,A,class1/2(RBM),boltz,0,35.589,input_model_4.cif,0.639,0.808,26,0.962,0.928,0.753,1.442,4.597,0.758,0.867,0.882
8q7s_O,RBD,A,class1/2(RBM),boltz,1,27.526,input_model_0.cif,0.632,0.759,29,0.931,0.928,0.757,1.229,4.173,0.554,0.79,0.878
8q7s_O,RBD,A,class1/2(RBM),boltz,1,27.526,input_model_1.cif,0.558,0.8,25,0.96,0.926,0.755,1.918,4.107,0.554,0.79,0.878
8q7s_O,RBD,A,class1/2(RBM),boltz,1,27.526,input_model_2.cif,0.686,0.885,26,0.962,0.932,0.758,0.949,4.48,0.554,0.79,0.878
8q7s_O,RBD,A,class1/2(RBM),boltz,1,27.526,input_model_3.cif,0.574,0.8,25,0.92,0.928,0.753,2.524,3.864,0.554,0.79,0.878
8q7s_O,RBD,A,class1/2(RBM),boltz,1,27.526,input_model_4.cif,0.012,0.0,24,0.083,0.301,0.327,25.929,23.823,0.554,0.79,0.878
8q7s_O,RBD,A,class1/2(RBM),boltz,2,21.933,input_model_0.cif,0.591,0.808,26,0.923,0.929,0.755,2.139,3.791,0.651,0.827,0.878
8q7s_O,RBD,A,class1/2(RBM),boltz,2,21.933,input_model_1.cif,0.671,0.917,24,0.958,0.933,0.757,0.553,4.77,0.651,0.827,0.878
8q7s_O,RBD,A,class1/2(RBM),boltz,2,21.933,input_model_2.cif,0.667,0.87,23,0.957,0.931,0.749,1.547,4.815,0.651,0.827,0.878
8q7s_O,RBD,A,class1/2(RBM),boltz,2,21.933,input_model_3.cif,0.533,0.741,27,0.963,0.923,0.758,2.08,4.915,0.651,0.827,0.878
8q7s_O,RBD,A,class1/2(RBM),boltz,2,21.933,input_model_4.cif,0.564,0.792,24,0.917,0.927,0.752,3.144,3.974,0.651,0.827,0.878
8q7s_O,RBD,A,class1/2(RBM),boltz,3,14.733,input_model_0.cif,0.586,0.69,29,0.931,0.924,0.755,2.25,3.912,0.663,0.829,0.894
8q7s_O,RBD,A,class1/2(RBM),boltz,3,14.733,input_model_1.cif,0.604,0.769,26,0.923,0.928,0.754,2.286,3.805,0.663,0.829,0.894
8q7s_O,RBD,A,class1/2(RBM),boltz,3,14.733,input_model_2.cif,0.639,0.833,24,0.958,0.93,0.754,1.06,4.52,0.663,0.829,0.894
8q7s_O,RBD,A,class1/2(RBM),boltz,3,14.733,input_model_3.cif,0.659,0.864,22,0.955,0.932,0.751,1.179,3.873,0.663,0.829,0.894
8q7s_O,RBD,A,class1/2(RBM),boltz,3,14.733,input_model_4.cif,0.668,0.87,23,0.957,0.932,0.753,1.762,4.011,0.663,0.829,0.894
8q7s_O,RBD,A,class1/2(RBM),boltz,4,14.0,input_model_0.cif,0.616,0.821,28,0.929,0.927,0.758,0.861,4.366,0.762,0.872,0.887
8q7s_O,RBD,A,class1/2(RBM),boltz,4,14.0,input_model_1.cif,0.654,0.84,25,0.96,0.93,0.754,1.06,4.383,0.762,0.872,0.887
8q7s_O,RBD,A,class1/2(RBM),boltz,4,14.0,input_model_2.cif,0.481,0.833,24,0.958,0.927,0.754,1.839,4.793,0.762,0.872,0.887
8q7s_O,RBD,A,class1/2(RBM),boltz,4,14.0,input_model_3.cif,0.658,0.87,23,0.957,0.933,0.752,1.754,3.958,0.762,0.872,0.887
8q7s_O,RBD,A,class1/2(RBM),boltz,4,14.0,input_model_4.cif,0.63,0.84,25,0.96,0.928,0.751,1.055,4.449,0.762,0.872,0.887
8q7s_O,RBD,A,class1/2(RBM),boltz,5,8.0,input_model_0.cif,0.811,0.923,26,0.962,0.935,0.756,0.596,4.344,0.602,0.805,0.879
8q7s_O,RBD,A,class1/2(RBM),boltz,5,8.0,input_model_1.cif,0.6,0.8,25,0.96,0.928,0.753,1.75,4.318,0.602,0.805,0.879
8q7s_O,RBD,A,class1/2(RBM),boltz,5,8.0,input_model_2.cif,0.58,0.875,24,0.958,0.927,0.754,1.682,5.105,0.602,0.805,0.879
8q7s_O,RBD,A,class1/2(RBM),boltz,5,8.0,input_model_3.cif,0.721,0.875,24,0.958,0.932,0.755,1.999,3.845,0.602,0.805,0.879
8q7s_O,RBD,A,class1/2(RBM),boltz,5,8.0,input_model_4.cif,0.72,0.846,26,0.962,0.929,0.759,1.071,4.217,0.602,0.805,0.879
8q7s_O,RBD,A,class1/2(RBM),boltz,6,7.0,input_model_0.cif,0.677,0.864,22,0.955,0.932,0.749,1.204,3.914,0.682,0.834,0.883
8q7s_O,RBD,A,class1/2(RBM),boltz,6,7.0,input_model_1.cif,0.582,0.759,29,0.931,0.924,0.756,1.951,5.188,0.682,0.834,0.883
8q7s_O,RBD,A,class1/2(RBM),boltz,6,7.0,input_model_2.cif,0.586,0.759,29,0.931,0.922,0.755,3.247,5.827,0.682,0.834,0.883
8q7s_O,RBD,A,class1/2(RBM),boltz,6,7.0,input_model_3.cif,0.566,0.84,25,0.96,0.929,0.753,1.833,4.219,0.682,0.834,0.883
8q7s_O,RBD,A,class1/2(RBM),boltz,6,7.0,input_model_4.cif,0.711,0.909,22,0.955,0.933,0.754,1.899,3.721,0.682,0.834,0.883
8q7s_O,RBD,A,class1/2(RBM),boltz,7,4.0,input_model_0.cif,0.605,0.778,27,0.926,0.925,0.752,1.827,4.026,0.676,0.842,0.883
8q7s_O,RBD,A,class1/2(RBM),boltz,7,4.0,input_model_1.cif,0.624,0.815,27,0.926,0.928,0.755,1.103,4.219,0.676,0.842,0.883
8q7s_O,RBD,A,class1/2(RBM),boltz,7,4.0,input_model_2.cif,0.712,0.846,26,0.962,0.932,0.757,0.533,4.772,0.676,0.842,0.883
8q7s_O,RBD,A,class1/2(RBM),boltz,7,4.0,input_model_3.cif,0.654,0.87,23,0.957,0.931,0.748,1.543,4.836,0.676,0.842,0.883
8q7s_O,RBD,A,class1/2(RBM),boltz,7,4.0,input_model_4.cif,0.685,0.875,24,0.958,0.933,0.757,2.002,3.912,0.676,0.842,0.883
8q7s_O,RBD,A,class1/2(RBM),boltz,8,3.0,input_model_0.cif,0.611,0.808,26,0.962,0.925,0.751,1.434,4.33,0.662,0.833,0.884
8q7s_O,RBD,A,class1/2(RBM),boltz,8,3.0,input_model_1.cif,0.644,0.84,25,0.96,0.929,0.757,1.049,4.467,0.662,0.833,0.884
8q7s_O,RBD,A,class1/2(RBM),boltz,8,3.0,input_model_2.cif,0.635,0.864,22,0.955,0.932,0.747,1.171,3.868,0.662,0.833,0.884
8q7s_O,RBD,A,class1/2(RBM),boltz,8,3.0,input_model_3.cif,0.705,0.917,24,0.958,0.935,0.755,0.388,4.653,0.662,0.833,0.884
8q7s_O,RBD,A,class1/2(RBM),boltz,8,3.0,input_model_4.cif,0.616,0.864,22,0.955,0.93,0.761,0.478,4.78,0.662,0.833,0.884
8q7s_O,RBD,A,class1/2(RBM),boltz,9,2.0,input_model_0.cif,0.68,0.875,24,0.958,0.934,0.751,1.126,4.242,0.668,0.834,0.886
8q7s_O,RBD,A,class1/2(RBM),boltz,9,2.0,input_model_1.cif,0.558,0.786,28,0.929,0.926,0.75,1.39,4.153,0.668,0.834,0.886
8q7s_O,RBD,A,class1/2(RBM),boltz,9,2.0,input_model_2.cif,0.616,0.87,23,0.957,0.932,0.754,1.784,4.082,0.668,0.834,0.886
8q7s_O,RBD,A,class1/2(RBM),boltz,9,2.0,input_model_3.cif,0.619,0.8,25,0.96,0.929,0.754,1.932,4.089,0.668,0.834,0.886
8q7s_O,RBD,A,class1/2(RBM),boltz,9,2.0,input_model_4.cif,0.583,0.955,22,0.955,0.935,0.758,1.721,3.84,0.668,0.834,0.886
8q7s_O,RBD,A,class1/2(RBM),protenix,0,35.589,8q7s_o_sample_0.cif,0.041,0.579,38,0.763,0.886,0.713,3.767,3.064,0.206,0.621,67.74
8q7s_O,RBD,A,class1/2(RBM),protenix,0,35.589,8q7s_o_sample_1.cif,0.069,0.424,33,0.697,0.836,0.72,8.962,6.36,0.206,0.621,67.74
8q7s_O,RBD,A,class1/2(RBM),protenix,0,35.589,8q7s_o_sample_2.cif,0.111,0.629,35,0.886,0.905,0.754,1.731,3.8,0.206,0.621,67.74
8q7s_O,RBD,A,class1/2(RBM),protenix,0,35.589,8q7s_o_sample_3.cif,0.051,0.704,27,0.889,0.91,0.749,3.254,3.972,0.206,0.621,67.74
8q7s_O,RBD,A,class1/2(RBM),protenix,0,35.589,8q7s_o_sample_4.cif,0.049,0.625,32,0.844,0.911,0.748,1.866,3.194,0.206,0.621,67.74
8q7s_O,RBD,A,class1/2(RBM),protenix,1,27.526,8q7s_o_sample_0.cif,0.07,0.621,29,0.931,0.879,0.75,8.126,7.252,0.191,0.613,68.552
8q7s_O,RBD,A,class1/2(RBM),protenix,1,27.526,8q7s_o_sample_1.cif,0.073,0.655,29,0.931,0.89,0.763,3.43,4.086,0.191,0.613,68.552
8q7s_O,RBD,A,class1/2(RBM),protenix,1,27.526,8q7s_o_sample_2.cif,0.116,0.526,38,0.868,0.886,0.749,3.689,3.381,0.191,0.613,68.552
8q7s_O,RBD,A,class1/2(RBM),protenix,1,27.526,8q7s_o_sample_3.cif,0.042,0.514,35,0.829,0.879,0.741,3.69,3.901,0.191,0.613,68.552
8q7s_O,RBD,A,class1/2(RBM),protenix,1,27.526,8q7s_o_sample_4.cif,0.075,0.559,34,0.765,0.88,0.736,4.412,3.859,0.191,0.613,68.552
8q7s_O,RBD,A,class1/2(RBM),protenix,2,21.933,8q7s_o_sample_0.cif,0.041,0.528,36,0.889,0.884,0.747,4.293,3.895,0.183,0.609,67.803
8q7s_O,RBD,A,class1/2(RBM),protenix,2,21.933,8q7s_o_sample_1.cif,0.076,0.625,32,0.812,0.874,0.741,5.273,3.967,0.183,0.609,67.803
8q7s_O,RBD,A,class1/2(RBM),protenix,2,21.933,8q7s_o_sample_2.cif,0.073,0.667,27,0.926,0.886,0.75,5.498,4.088,0.183,0.609,67.803
8q7s_O,RBD,A,class1/2(RBM),protenix,2,21.933,8q7s_o_sample_3.cif,0.042,0.448,29,0.759,0.826,0.714,9.893,7.928,0.183,0.609,67.803
8q7s_O,RBD,A,class1/2(RBM),protenix,2,21.933,8q7s_o_sample_4.cif,0.062,0.559,34,0.882,0.901,0.75,4.242,3.637,0.183,0.609,67.803
8q7s_O,RBD,A,class1/2(RBM),protenix,3,14.733,8q7s_o_sample_0.cif,0.057,0.769,26,0.962,0.92,0.762,1.077,4.241,0.194,0.62,68.817
8q7s_O,RBD,A,class1/2(RBM),protenix,3,14.733,8q7s_o_sample_1.cif,0.072,0.692,26,0.962,0.906,0.754,1.06,5.043,0.194,0.62,68.817
8q7s_O,RBD,A,class1/2(RBM),protenix,3,14.733,8q7s_o_sample_2.cif,0.036,0.361,36,0.583,0.784,0.644,8.773,6.642,0.194,0.62,68.817
8q7s_O,RBD,A,class1/2(RBM),protenix,3,14.733,8q7s_o_sample_3.cif,0.094,0.63,27,0.815,0.871,0.729,6.931,5.854,0.194,0.62,68.817
8q7s_O,RBD,A,class1/2(RBM),protenix,3,14.733,8q7s_o_sample_4.cif,0.042,0.696,23,0.913,0.89,0.737,3.784,6.288,0.194,0.62,68.817
8q7s_O,RBD,A,class1/2(RBM),protenix,4,14.0,8q7s_o_sample_0.cif,0.077,0.704,27,0.963,0.914,0.75,1.253,5.463,0.219,0.631,79.497
8q7s_O,RBD,A,class1/2(RBM),protenix,4,14.0,8q7s_o_sample_1.cif,0.068,0.846,26,0.962,0.921,0.754,1.034,4.594,0.219,0.631,79.497
8q7s_O,RBD,A,class1/2(RBM),protenix,4,14.0,8q7s_o_sample_2.cif,0.014,0.0,25,0.56,0.409,0.519,17.436,13.133,0.219,0.631,79.497
8q7s_O,RBD,A,class1/2(RBM),protenix,4,14.0,8q7s_o_sample_3.cif,0.083,0.741,27,0.889,0.916,0.735,2.022,4.678,0.219,0.631,79.497
8q7s_O,RBD,A,class1/2(RBM),protenix,4,14.0,8q7s_o_sample_4.cif,0.079,0.76,25,0.88,0.911,0.735,1.951,3.648,0.219,0.631,79.497
8q7s_O,RBD,A,class1/2(RBM),protenix,5,8.0,8q7s_o_sample_0.cif,0.015,0.054,37,0.541,0.485,0.557,13.349,10.49,0.208,0.613,68.202
8q7s_O,RBD,A,class1/2(RBM),protenix,5,8.0,8q7s_o_sample_1.cif,0.016,0.172,29,0.552,0.579,0.598,12.243,9.775,0.208,0.613,68.202
8q7s_O,RBD,A,class1/2(RBM),protenix,5,8.0,8q7s_o_sample_2.cif,0.016,0.225,40,0.65,0.636,0.613,10.761,8.314,0.208,0.613,68.202
8q7s_O,RBD,A,class1/2(RBM),protenix,5,8.0,8q7s_o_sample_3.cif,0.016,0.121,33,0.515,0.491,0.56,12.841,9.838,0.208,0.613,68.202
8q7s_O,RBD,A,class1/2(RBM),protenix,5,8.0,8q7s_o_sample_4.cif,0.01,0.0,45,0.0,0.175,0.236,31.279,28.546,0.208,0.613,68.202
8q7s_O,RBD,A,class1/2(RBM),protenix,6,7.0,8q7s_o_sample_0.cif,0.017,0.167,42,0.571,0.565,0.586,12.058,9.172,0.515,0.73,68.189
8q7s_O,RBD,A,class1/2(RBM),protenix,6,7.0,8q7s_o_sample_1.cif,0.015,0.139,36,0.556,0.53,0.573,13.374,9.696,0.515,0.73,68.189
8q7s_O,RBD,A,class1/2(RBM),protenix,6,7.0,8q7s_o_sample_2.cif,0.015,0.147,34,0.618,0.587,0.618,12.673,9.189,0.515,0.73,68.189
8q7s_O,RBD,A,class1/2(RBM),protenix,6,7.0,8q7s_o_sample_3.cif,0.015,0.257,35,0.629,0.64,0.596,11.287,9.503,0.515,0.73,68.189
8q7s_O,RBD,A,class1/2(RBM),protenix,6,7.0,8q7s_o_sample_4.cif,0.016,0.105,38,0.658,0.567,0.61,12.68,8.694,0.515,0.73,68.189
8q7s_O,RBD,A,class1/2(RBM),protenix,7,4.0,8q7s_o_sample_0.cif,0.014,0.069,29,0.414,0.383,0.444,16.03,14.161,0.399,0.59,60.786
8q7s_O,RBD,A,class1/2(RBM),protenix,7,4.0,8q7s_o_sample_1.cif,0.014,0.103,29,0.414,0.395,0.448,15.413,13.803,0.399,0.59,60.786
8q7s_O,RBD,A,class1/2(RBM),protenix,7,4.0,8q7s_o_sample_2.cif,0.02,0.075,40,0.4,0.358,0.446,15.797,13.051,0.399,0.59,60.786
8q7s_O,RBD,A,class1/2(RBM),protenix,7,4.0,8q7s_o_sample_3.cif,0.013,0.061,33,0.303,0.364,0.405,17.025,15.576,0.399,0.59,60.786
8q7s_O,RBD,A,class1/2(RBM),protenix,7,4.0,8q7s_o_sample_4.cif,0.013,0.062,32,0.344,0.385,0.426,16.965,15.154,0.399,0.59,60.786
8q7s_O,RBD,A,class1/2(RBM),protenix,8,3.0,8q7s_o_sample_0.cif,0.018,0.212,33,0.424,0.473,0.476,14.324,13.879,0.125,0.49,54.841
8q7s_O,RBD,A,class1/2(RBM),protenix,8,3.0,8q7s_o_sample_1.cif,0.013,0.171,35,0.371,0.458,0.425,14.956,14.836,0.125,0.49,54.841
8q7s_O,RBD,A,class1/2(RBM),protenix,8,3.0,8q7s_o_sample_2.cif,0.045,0.176,34,0.382,0.427,0.469,13.655,13.024,0.125,0.49,54.841
8q7s_O,RBD,A,class1/2(RBM),protenix,8,3.0,8q7s_o_sample_3.cif,0.067,0.323,31,0.871,0.756,0.703,10.174,8.128,0.125,0.49,54.841
8q7s_O,RBD,A,class1/2(RBM),protenix,8,3.0,8q7s_o_sample_4.cif,0.01,0.0,24,0.0,0.176,0.261,29.625,26.326,0.125,0.49,54.841
8q7s_O,RBD,A,class1/2(RBM),protenix,9,2.0,8q7s_o_sample_0.cif,0.015,0.139,36,0.278,0.523,0.442,9.538,11.212,0.137,0.329,42.543
8q7s_O,RBD,A,class1/2(RBM),protenix,9,2.0,8q7s_o_sample_1.cif,0.014,0.133,30,0.267,0.487,0.425,9.694,12.582,0.137,0.329,42.543
8q7s_O,RBD,A,class1/2(RBM),protenix,9,2.0,8q7s_o_sample_2.cif,0.017,0.194,36,0.472,0.431,0.42,10.886,9.561,0.137,0.329,42.543
8q7s_O,RBD,A,class1/2(RBM),protenix,9,2.0,8q7s_o_sample_3.cif,0.01,0.172,29,0.379,0.479,0.456,12.697,11.339,0.137,0.329,42.543
8q7s_O,RBD,A,class1/2(RBM),protenix,9,2.0,8q7s_o_sample_4.cif,0.01,0.121,33,0.333,0.442,0.46,13.95,12.108,0.137,0.329,42.543
8q7s_O,RBD,A,class1/2(RBM),protenix,10,1.0,8q7s_o_sample_0.cif,0.011,0.125,40,0.175,0.382,0.363,15.73,15.912,0.113,0.273,34.657
8q7s_O,RBD,A,class1/2(RBM),protenix,10,1.0,8q7s_o_sample_1.cif,0.01,0.028,36,0.0,0.285,0.292,16.958,15.979,0.113,0.273,34.657
8q7s_O,RBD,A,class1/2(RBM),protenix,10,1.0,8q7s_o_sample_2.cif,0.011,0.139,36,0.361,0.425,0.444,15.068,14.091,0.113,0.273,34.657
8q7s_O,RBD,A,class1/2(RBM),protenix,10,1.0,8q7s_o_sample_3.cif,0.014,0.111,36,0.417,0.442,0.506,13.728,12.184,0.113,0.273,34.657
8q7s_O,RBD,A,class1/2(RBM),protenix,10,1.0,8q7s_o_sample_4.cif,0.013,0.111,54,0.407,0.461,0.463,11.692,12.114,0.113,0.273,34.657
8q7s_O,RBD,A,class1/2(RBM),protenix,11,1.0,8q7s_o_sample_0.cif,0.011,0.139,36,0.306,0.415,0.418,15.802,14.86,0.11,0.271,34.383
8q7s_O,RBD,A,class1/2(RBM),protenix,11,1.0,8q7s_o_sample_1.cif,0.013,0.05,40,0.175,0.347,0.375,15.241,12.401,0.11,0.271,34.383
8q7s_O,RBD,A,class1/2(RBM),protenix,11,1.0,8q7s_o_sample_2.cif,0.01,0.025,40,0.075,0.326,0.3,14.768,14.811,0.11,0.271,34.383
8q7s_O,RBD,A,class1/2(RBM),protenix,11,1.0,8q7s_o_sample_3.cif,0.015,0.154,39,0.487,0.558,0.586,12.207,10.075,0.11,0.271,34.383
8q7s_O,RBD,A,class1/2(RBM),protenix,11,1.0,8q7s_o_sample_4.cif,0.01,0.074,27,0.111,0.343,0.322,18.3,16.471,0.11,0.271,34.383
8sdf_HL,RBD,B,offhot:숨은면,protenix,0,27.998,8sdf_hl_sample_0.cif,0.011,0.0,63,0.429,0.218,0.575,15.064,12.02,0.152,0.394,45.93
8sdf_HL,RBD,B,offhot:숨은면,protenix,0,27.998,8sdf_hl_sample_1.cif,0.005,0.0,59,0.729,0.29,0.722,21.571,3.831,0.152,0.394,45.93
8sdf_HL,RBD,B,offhot:숨은면,protenix,0,27.998,8sdf_hl_sample_2.cif,0.008,0.0,60,0.483,0.267,0.606,16.778,10.032,0.152,0.394,45.93
8sdf_HL,RBD,B,offhot:숨은면,protenix,0,27.998,8sdf_hl_sample_3.cif,0.016,0.0,66,0.485,0.217,0.597,16.803,10.878,0.152,0.394,45.93
8sdf_HL,RBD,B,offhot:숨은면,protenix,0,27.998,8sdf_hl_sample_4.cif,0.008,0.028,71,0.479,0.348,0.581,15.616,11.14,0.152,0.394,45.93
8sdf_HL,RBD,B,offhot:숨은면,protenix,1,15.383,8sdf_hl_sample_0.cif,0.005,0.0,42,0.857,0.346,0.762,24.178,3.509,0.157,0.399,45.923
8sdf_HL,RBD,B,offhot:숨은면,protenix,1,15.383,8sdf_hl_sample_1.cif,0.016,0.081,74,0.527,0.356,0.614,17.01,7.665,0.157,0.399,45.923
8sdf_HL,RBD,B,offhot:숨은면,protenix,1,15.383,8sdf_hl_sample_2.cif,0.036,0.106,47,0.809,0.417,0.751,22.26,2.469,0.157,0.399,45.923
8sdf_HL,RBD,B,offhot:숨은면,protenix,1,15.383,8sdf_hl_sample_3.cif,0.014,0.027,73,0.438,0.283,0.56,15.895,13.591,0.157,0.399,45.923
8sdf_HL,RBD,B,offhot:숨은면,protenix,1,15.383,8sdf_hl_sample_4.cif,0.006,0.0,57,0.474,0.212,0.599,17.8,11.856,0.157,0.399,45.923
8sdf_HL,RBD,B,offhot:숨은면,protenix,2,9.0,8sdf_hl_sample_0.cif,0.007,0.034,87,0.471,0.315,0.591,15.136,11.929,0.178,0.417,49.64
8sdf_HL,RBD,B,offhot:숨은면,protenix,2,9.0,8sdf_hl_sample_1.cif,0.012,0.069,72,0.403,0.395,0.541,13.464,15.075,0.178,0.417,49.64
8sdf_HL,RBD,B,offhot:숨은면,protenix,2,9.0,8sdf_hl_sample_2.cif,0.007,0.047,85,0.482,0.346,0.585,14.196,11.752,0.178,0.417,49.64
8sdf_HL,RBD,B,offhot:숨은면,protenix,2,9.0,8sdf_hl_sample_3.cif,0.009,0.042,71,0.521,0.332,0.602,14.67,13.495,0.178,0.417,49.64
8sdf_HL,RBD,B,offhot:숨은면,protenix,2,9.0,8sdf_hl_sample_4.cif,0.01,0.063,79,0.405,0.353,0.543,13.829,15.251,0.178,0.417,49.64
8sdf_HL,RBD,B,offhot:숨은면,protenix,3,7.0,8sdf_hl_sample_0.cif,0.015,0.078,77,0.312,0.338,0.475,13.669,17.716,0.151,0.376,46.308
8sdf_HL,RBD,B,offhot:숨은면,protenix,3,7.0,8sdf_hl_sample_1.cif,0.016,0.328,67,0.254,0.839,0.412,9.332,19.46,0.151,0.376,46.308
8sdf_HL,RBD,B,offhot:숨은면,protenix,3,7.0,8sdf_hl_sample_2.cif,0.008,0.192,52,0.135,0.611,0.315,13.635,23.113,0.151,0.376,46.308
8sdf_HL,RBD,B,offhot:숨은면,protenix,3,7.0,8sdf_hl_sample_3.cif,0.016,0.075,53,0.151,0.393,0.347,13.544,21.989,0.151,0.376,46.308
8sdf_HL,RBD,B,offhot:숨은면,protenix,3,7.0,8sdf_hl_sample_4.cif,0.006,0.0,58,0.483,0.245,0.604,17.299,12.614,0.151,0.376,46.308
8sdf_HL,RBD,B,offhot:숨은면,protenix,4,2.0,8sdf_hl_sample_0.cif,0.006,0.1,60,0.183,0.512,0.403,10.665,9.331,0.224,0.373,56.693
8sdf_HL,RBD,B,offhot:숨은면,protenix,4,2.0,8sdf_hl_sample_1.cif,0.007,0.146,96,0.469,0.58,0.581,6.651,6.023,0.224,0.373,56.693
8sdf_HL,RBD,B,offhot:숨은면,protenix,4,2.0,8sdf_hl_sample_2.cif,0.007,0.114,70,0.4,0.507,0.501,7.298,9.494,0.224,0.373,56.693
8sdf_HL,RBD,B,offhot:숨은면,protenix,4,2.0,8sdf_hl_sample_3.cif,0.006,0.18,61,0.279,0.652,0.41,6.338,10.898,0.224,0.373,56.693
8sdf_HL,RBD,B,offhot:숨은면,protenix,4,2.0,8sdf_hl_sample_4.cif,0.008,0.106,94,0.489,0.465,0.586,9.136,6.022,0.224,0.373,56.693
8sdf_HL,RBD,B,offhot:숨은면,protenix,5,2.0,8sdf_hl_sample_0.cif,0.013,0.043,69,0.391,0.362,0.478,12.248,11.247,0.391,0.479,57.861
8sdf_HL,RBD,B,offhot:숨은면,protenix,5,2.0,8sdf_hl_sample_1.cif,0.007,0.217,69,0.536,0.685,0.601,6.979,6.249,0.391,0.479,57.861
8sdf_HL,RBD,B,offhot:숨은면,protenix,5,2.0,8sdf_hl_sample_2.cif,0.007,0.087,69,0.464,0.481,0.572,8.555,6.809,0.391,0.479,57.861
8sdf_HL,RBD,B,offhot:숨은면,protenix,5,2.0,8sdf_hl_sample_3.cif,0.007,0.048,62,0.661,0.353,0.66,13.797,6.473,0.391,0.479,57.861
8sdf_HL,RBD,B,offhot:숨은면,protenix,5,2.0,8sdf_hl_sample_4.cif,0.006,0.141,64,0.562,0.528,0.611,8.935,8.213,0.391,0.479,57.861
8sdf_HL,RBD,B,offhot:숨은면,protenix,6,2.0,8sdf_hl_sample_0.cif,0.022,0.11,73,0.356,0.544,0.503,11.38,11.131,0.363,0.467,56.959
8sdf_HL,RBD,B,offhot:숨은면,protenix,6,2.0,8sdf_hl_sample_1.cif,0.008,0.067,75,0.213,0.338,0.352,12.571,14.128,0.363,0.467,56.959
8sdf_HL,RBD,B,offhot:숨은면,protenix,6,2.0,8sdf_hl_sample_2.cif,0.007,0.114,70,0.371,0.441,0.468,10.365,7.048,0.363,0.467,56.959
8sdf_HL,RBD,B,offhot:숨은면,protenix,6,2.0,8sdf_hl_sample_3.cif,0.006,0.155,58,0.397,0.58,0.496,9.681,8.797,0.363,0.467,56.959
8sdf_HL,RBD,B,offhot:숨은면,protenix,6,2.0,8sdf_hl_sample_4.cif,0.007,0.11,82,0.39,0.49,0.497,12.474,8.635,0.363,0.467,56.959
8sdf_HL,RBD,B,offhot:숨은면,protenix,7,1.0,8sdf_hl_sample_0.cif,0.007,0.086,81,0.272,0.432,0.394,8.13,5.686,0.345,0.466,57.134
8sdf_HL,RBD,B,offhot:숨은면,protenix,7,1.0,8sdf_hl_sample_1.cif,0.007,0.079,76,0.368,0.358,0.506,9.356,6.211,0.345,0.466,57.134
8sdf_HL,RBD,B,offhot:숨은면,protenix,7,1.0,8sdf_hl_sample_2.cif,0.006,0.136,59,0.542,0.541,0.62,9.278,8.298,0.345,0.466,57.134
8sdf_HL,RBD,B,offhot:숨은면,protenix,7,1.0,8sdf_hl_sample_3.cif,0.017,0.155,84,0.5,0.606,0.602,4.501,0.958,0.345,0.466,57.134
8sdf_HL,RBD,B,offhot:숨은면,protenix,7,1.0,8sdf_hl_sample_4.cif,0.006,0.073,55,0.455,0.495,0.588,10.329,5.697,0.345,0.466,57.134
8sdf_HL,RBD,B,offhot:숨은면,protenix,8,1.0,8sdf_hl_sample_0.cif,0.017,0.104,67,0.463,0.486,0.582,8.661,8.848,0.382,0.487,58.365
8sdf_HL,RBD,B,offhot:숨은면,protenix,8,1.0,8sdf_hl_sample_1.cif,0.007,0.14,57,0.246,0.543,0.428,10.2,7.446,0.382,0.487,58.365
8sdf_HL,RBD,B,offhot:숨은면,protenix,8,1.0,8sdf_hl_sample_2.cif,0.006,0.108,65,0.692,0.579,0.697,9.194,2.93,0.382,0.487,58.365
8sdf_HL,RBD,B,offhot:숨은면,protenix,8,1.0,8sdf_hl_sample_3.cif,0.017,0.196,51,0.235,0.665,0.443,6.683,11.412,0.382,0.487,58.365
8sdf_HL,RBD,B,offhot:숨은면,protenix,8,1.0,8sdf_hl_sample_4.cif,0.006,0.288,66,0.394,0.743,0.466,4.31,7.647,0.382,0.487,58.365
8sdf_HL,RBD,B,offhot:숨은면,protenix,9,2.0,8sdf_hl_sample_0.cif,0.007,0.211,57,0.263,0.582,0.411,6.517,14.568,0.202,0.364,59.076
8sdf_HL,RBD,B,offhot:숨은면,protenix,9,2.0,8sdf_hl_sample_1.cif,0.005,0.052,58,0.138,0.48,0.331,13.07,15.021,0.202,0.364,59.076
8sdf_HL,RBD,B,offhot:숨은면,protenix,9,2.0,8sdf_hl_sample_2.cif,0.008,0.076,79,0.43,0.383,0.548,5.947,9.186,0.202,0.364,59.076
8sdf_HL,RBD,B,offhot:숨은면,protenix,9,2.0,8sdf_hl_sample_3.cif,0.007,0.186,70,0.357,0.651,0.421,7.253,12.338,0.202,0.364,59.076
8sdf_HL,RBD,B,offhot:숨은면,protenix,9,2.0,8sdf_hl_sample_4.cif,0.027,0.149,47,0.681,0.581,0.651,12.08,8.244,0.202,0.364,59.076
8sdf_HL,RBD,B,offhot:숨은면,protenix,10,1.0,8sdf_hl_sample_0.cif,0.029,0.169,59,0.288,0.605,0.477,10.956,6.708,0.133,0.226,28.672
8sdf_HL,RBD,B,offhot:숨은면,protenix,10,1.0,8sdf_hl_sample_1.cif,0.031,0.091,66,0.364,0.407,0.503,10.472,7.636,0.133,0.226,28.672
8sdf_HL,RBD,B,offhot:숨은면,protenix,10,1.0,8sdf_hl_sample_2.cif,0.006,0.157,70,0.357,0.582,0.44,11.502,12.552,0.133,0.226,28.672
8sdf_HL,RBD,B,offhot:숨은면,protenix,10,1.0,8sdf_hl_sample_3.cif,0.007,0.141,78,0.244,0.54,0.422,9.296,8.817,0.133,0.226,28.672
8sdf_HL,RBD,B,offhot:숨은면,protenix,10,1.0,8sdf_hl_sample_4.cif,0.006,0.157,70,0.343,0.556,0.445,11.014,8.33,0.133,0.226,28.672
8sdf_HL,RBD,B,offhot:숨은면,protenix,11,1.0,8sdf_hl_sample_0.cif,0.006,0.154,52,0.231,0.521,0.456,8.131,11.221,0.286,0.42,58.384
8sdf_HL,RBD,B,offhot:숨은면,protenix,11,1.0,8sdf_hl_sample_1.cif,0.005,0.111,63,0.683,0.474,0.635,13.571,6.668,0.286,0.42,58.384
8sdf_HL,RBD,B,offhot:숨은면,protenix,11,1.0,8sdf_hl_sample_2.cif,0.027,0.113,71,0.324,0.426,0.415,11.902,10.273,0.286,0.42,58.384
8sdf_HL,RBD,B,offhot:숨은면,protenix,11,1.0,8sdf_hl_sample_3.cif,0.012,0.08,88,0.455,0.395,0.541,14.141,4.496,0.286,0.42,58.384
8sdf_HL,RBD,B,offhot:숨은면,protenix,11,1.0,8sdf_hl_sample_4.cif,0.005,0.113,53,0.264,0.604,0.414,5.862,11.394,0.286,0.42,58.384
8siq_HL,RBD,B,offhot:코어,protenix,0,27.865,8siq_hl_sample_0.cif,0.065,0.2,30,0.867,0.575,0.76,20.365,4.247,0.442,0.539,78.035
8siq_HL,RBD,B,offhot:코어,protenix,0,27.865,8siq_hl_sample_1.cif,0.019,0.091,33,1.0,0.538,0.776,20.881,4.008,0.442,0.539,78.035
8siq_HL,RBD,B,offhot:코어,protenix,0,27.865,8siq_hl_sample_2.cif,0.037,0.188,32,0.906,0.549,0.76,18.754,6.234,0.442,0.539,78.035
8siq_HL,RBD,B,offhot:코어,protenix,0,27.865,8siq_hl_sample_3.cif,0.021,0.267,30,0.833,0.588,0.754,18.914,3.429,0.442,0.539,78.035
8siq_HL,RBD,B,offhot:코어,protenix,0,27.865,8siq_hl_sample_4.cif,0.032,0.161,31,0.935,0.554,0.76,19.298,5.835,0.442,0.539,78.035
8siq_HL,RBD,B,offhot:코어,protenix,1,14.81,8siq_hl_sample_0.cif,0.038,0.194,31,0.903,0.571,0.754,18.724,5.865,0.467,0.563,80.696
8siq_HL,RBD,B,offhot:코어,protenix,1,14.81,8siq_hl_sample_1.cif,0.039,0.229,35,0.829,0.581,0.738,17.684,6.19,0.467,0.563,80.696
8siq_HL,RBD,B,offhot:코어,protenix,1,14.81,8siq_hl_sample_2.cif,0.021,0.103,29,0.966,0.49,0.775,20.22,6.22,0.467,0.563,80.696
8siq_HL,RBD,B,offhot:코어,protenix,1,14.81,8siq_hl_sample_3.cif,0.039,0.061,33,0.788,0.378,0.738,19.6,4.129,0.467,0.563,80.696
8siq_HL,RBD,B,offhot:코어,protenix,1,14.81,8siq_hl_sample_4.cif,0.045,0.342,38,0.737,0.679,0.73,16.966,3.571,0.467,0.563,80.696
8siq_HL,RBD,B,offhot:코어,protenix,2,7.333,8siq_hl_sample_0.cif,0.017,0.34,53,0.415,0.752,0.534,4.338,16.066,0.192,0.396,69.965
8siq_HL,RBD,B,offhot:코어,protenix,2,7.333,8siq_hl_sample_1.cif,0.054,0.143,28,0.964,0.567,0.768,21.406,4.824,0.192,0.396,69.965
8siq_HL,RBD,B,offhot:코어,protenix,2,7.333,8siq_hl_sample_2.cif,0.033,0.242,33,0.848,0.586,0.753,19.785,5.19,0.192,0.396,69.965
8siq_HL,RBD,B,offhot:코어,protenix,2,7.333,8siq_hl_sample_3.cif,0.019,0.316,57,0.439,0.785,0.549,5.37,13.635,0.192,0.396,69.965
8siq_HL,RBD,B,offhot:코어,protenix,2,7.333,8siq_hl_sample_4.cif,0.03,0.214,28,0.857,0.581,0.763,19.742,4.115,0.192,0.396,69.965
8siq_HL,RBD,B,offhot:코어,protenix,3,7.0,8siq_hl_sample_0.cif,0.261,0.85,20,0.0,0.851,0.273,6.544,26.224,0.59,0.668,82.519
8siq_HL,RBD,B,offhot:코어,protenix,3,7.0,8siq_hl_sample_1.cif,0.273,0.842,19,0.0,0.844,0.27,7.7,27.044,0.59,0.668,82.519
8siq_HL,RBD,B,offhot:코어,protenix,3,7.0,8siq_hl_sample_2.cif,0.293,0.85,20,0.0,0.844,0.271,6.974,26.445,0.59,0.668,82.519
8siq_HL,RBD,B,offhot:코어,protenix,3,7.0,8siq_hl_sample_3.cif,0.266,0.833,18,0.0,0.833,0.26,8.56,28.225,0.59,0.668,82.519
8siq_HL,RBD,B,offhot:코어,protenix,3,7.0,8siq_hl_sample_4.cif,0.138,0.8,15,0.0,0.747,0.233,11.592,28.814,0.59,0.668,82.519
8siq_HL,RBD,B,offhot:코어,protenix,4,4.0,8siq_hl_sample_0.cif,0.129,0.375,32,0.0,0.695,0.214,16.169,32.746,0.369,0.455,73.252
8siq_HL,RBD,B,offhot:코어,protenix,4,4.0,8siq_hl_sample_1.cif,0.157,0.481,27,0.0,0.724,0.215,12.29,30.129,0.369,0.455,73.252
8siq_HL,RBD,B,offhot:코어,protenix,4,4.0,8siq_hl_sample_2.cif,0.127,0.486,37,0.0,0.788,0.233,11.935,29.023,0.369,0.455,73.252
8siq_HL,RBD,B,offhot:코어,protenix,4,4.0,8siq_hl_sample_3.cif,0.153,0.28,50,0.26,0.652,0.338,8.086,22.021,0.369,0.455,73.252
8siq_HL,RBD,B,offhot:코어,protenix,4,4.0,8siq_hl_sample_4.cif,0.125,0.48,25,0.0,0.687,0.218,16.209,32.441,0.369,0.455,73.252
8siq_HL,RBD,B,offhot:코어,protenix,5,1.0,8siq_hl_sample_0.cif,0.01,0.101,99,0.333,0.427,0.447,10.608,12.107,0.162,0.347,57.322
8siq_HL,RBD,B,offhot:코어,protenix,5,1.0,8siq_hl_sample_1.cif,0.007,0.07,86,0.43,0.318,0.552,14.133,8.175,0.162,0.347,57.322
8siq_HL,RBD,B,offhot:코어,protenix,5,1.0,8siq_hl_sample_2.cif,0.01,0.146,82,0.378,0.525,0.464,8.932,3.296,0.162,0.347,57.322
8siq_HL,RBD,B,offhot:코어,protenix,5,1.0,8siq_hl_sample_3.cif,0.009,0.167,84,0.393,0.509,0.533,11.958,9.73,0.162,0.347,57.322
8siq_HL,RBD,B,offhot:코어,protenix,5,1.0,8siq_hl_sample_4.cif,0.01,0.131,99,0.455,0.487,0.581,11.135,6.658,0.162,0.347,57.322
8siq_HL,RBD,B,offhot:코어,protenix,6,2.0,8siq_hl_sample_0.cif,0.037,0.133,60,0.317,0.448,0.422,19.063,19.844,0.215,0.353,59.446
8siq_HL,RBD,B,offhot:코어,protenix,6,2.0,8siq_hl_sample_1.cif,0.017,0.172,93,0.516,0.534,0.597,4.731,6.817,0.215,0.353,59.446
8siq_HL,RBD,B,offhot:코어,protenix,6,2.0,8siq_hl_sample_2.cif,0.03,0.163,43,0.326,0.483,0.433,20.22,22.1,0.215,0.353,59.446
8siq_HL,RBD,B,offhot:코어,protenix,6,2.0,8siq_hl_sample_3.cif,0.017,0.214,84,0.405,0.663,0.534,6.475,7.455,0.215,0.353,59.446
8siq_HL,RBD,B,offhot:코어,protenix,6,2.0,8siq_hl_sample_4.cif,0.022,0.073,55,0.073,0.387,0.312,16.624,17.776,0.215,0.353,59.446
8siq_HL,RBD,B,offhot:코어,protenix,7,1.0,8siq_hl_sample_0.cif,0.008,0.2,75,0.173,0.602,0.368,7.331,11.768,0.182,0.349,52.732
8siq_HL,RBD,B,offhot:코어,protenix,7,1.0,8siq_hl_sample_1.cif,0.008,0.2,65,0.123,0.638,0.306,6.666,13.084,0.182,0.349,52.732
8siq_HL,RBD,B,offhot:코어,protenix,7,1.0,8siq_hl_sample_2.cif,0.007,0.179,78,0.333,0.621,0.463,9.084,10.32,0.182,0.349,52.732
8siq_HL,RBD,B,offhot:코어,protenix,7,1.0,8siq_hl_sample_3.cif,0.012,0.112,89,0.393,0.405,0.521,8.123,10.494,0.182,0.349,52.732
8siq_HL,RBD,B,offhot:코어,protenix,7,1.0,8siq_hl_sample_4.cif,0.025,0.102,98,0.286,0.459,0.407,9.163,8.647,0.182,0.349,52.732
8siq_HL,RBD,B,offhot:코어,protenix,8,1.0,8siq_hl_sample_0.cif,0.024,0.132,91,0.385,0.454,0.501,11.907,14.147,0.171,0.344,57.963
8siq_HL,RBD,B,offhot:코어,protenix,8,1.0,8siq_hl_sample_1.cif,0.016,0.198,96,0.292,0.656,0.418,10.332,8.809,0.171,0.344,57.963
8siq_HL,RBD,B,offhot:코어,protenix,8,1.0,8siq_hl_sample_2.cif,0.015,0.159,82,0.39,0.535,0.52,3.82,6.438,0.171,0.344,57.963
8siq_HL,RBD,B,offhot:코어,protenix,8,1.0,8siq_hl_sample_3.cif,0.011,0.17,94,0.287,0.587,0.395,9.816,10.825,0.171,0.344,57.963
8siq_HL,RBD,B,offhot:코어,protenix,8,1.0,8siq_hl_sample_4.cif,0.01,0.076,92,0.348,0.377,0.478,6.448,8.567,0.171,0.344,57.963
8siq_HL,RBD,B,offhot:코어,protenix,9,1.0,8siq_hl_sample_0.cif,0.007,0.154,91,0.462,0.557,0.56,11.199,7.846,0.163,0.338,53.851
8siq_HL,RBD,B,offhot:코어,protenix,9,1.0,8siq_hl_sample_1.cif,0.012,0.197,76,0.368,0.613,0.517,8.208,5.592,0.163,0.338,53.851
8siq_HL,RBD,B,offhot:코어,protenix,9,1.0,8siq_hl_sample_2.cif,0.023,0.086,70,0.514,0.362,0.564,15.13,9.5,0.163,0.338,53.851
8siq_HL,RBD,B,offhot:코어,protenix,9,1.0,8siq_hl_sample_3.cif,0.007,0.075,67,0.328,0.381,0.463,10.272,9.115,0.163,0.338,53.851
8siq_HL,RBD,B,offhot:코어,protenix,9,1.0,8siq_hl_sample_4.cif,0.025,0.119,84,0.25,0.472,0.37,6.792,13.464,0.163,0.338,53.851
8siq_HL,RBD,B,offhot:코어,protenix,10,1.0,8siq_hl_sample_0.cif,0.017,0.189,74,0.351,0.643,0.494,5.358,9.05,0.179,0.35,55.054
8siq_HL,RBD,B,offhot:코어,protenix,10,1.0,8siq_hl_sample_1.cif,0.008,0.136,66,0.424,0.561,0.539,9.579,5.1,0.179,0.35,55.054
8siq_HL,RBD,B,offhot:코어,protenix,10,1.0,8siq_hl_sample_2.cif,0.007,0.121,66,0.409,0.466,0.511,11.833,10.079,0.179,0.35,55.054
8siq_HL,RBD,B,offhot:코어,protenix,10,1.0,8siq_hl_sample_3.cif,0.008,0.154,65,0.585,0.571,0.59,14.089,7.839,0.179,0.35,55.054
8siq_HL,RBD,B,offhot:코어,protenix,10,1.0,8siq_hl_sample_4.cif,0.007,0.122,74,0.514,0.451,0.619,12.848,3.353,0.179,0.35,55.054
8siq_HL,RBD,B,offhot:코어,protenix,11,1.0,8siq_hl_sample_0.cif,0.009,0.109,119,0.286,0.413,0.389,13.737,12.874,0.128,0.194,29.856
8siq_HL,RBD,B,offhot:코어,protenix,11,1.0,8siq_hl_sample_1.cif,0.026,0.092,76,0.211,0.376,0.398,11.708,9.428,0.128,0.194,29.856
8siq_HL,RBD,B,offhot:코어,protenix,11,1.0,8siq_hl_sample_2.cif,0.007,0.132,76,0.276,0.467,0.407,9.493,12.636,0.128,0.194,29.856
8siq_HL,RBD,B,offhot:코어,protenix,11,1.0,8siq_hl_sample_3.cif,0.013,0.123,81,0.272,0.534,0.393,9.638,7.714,0.128,0.194,29.856
8siq_HL,RBD,B,offhot:코어,protenix,11,1.0,8siq_hl_sample_4.cif,0.021,0.018,57,0.298,0.341,0.412,12.658,13.635,0.128,0.194,29.856
8sis_HL,RBD,B,offhot:코어와그밖,protenix,0,27.82,8sis_hl_sample_0.cif,0.01,0.216,51,0.725,0.591,0.734,18.494,0.919,0.161,0.398,62.973
8sis_HL,RBD,B,offhot:코어와그밖,protenix,0,27.82,8sis_hl_sample_1.cif,0.023,0.14,43,0.884,0.459,0.764,21.363,2.328,0.161,0.398,62.973
8sis_HL,RBD,B,offhot:코어와그밖,protenix,0,27.82,8sis_hl_sample_2.cif,0.009,0.167,30,0.9,0.552,0.757,23.308,6.033,0.161,0.398,62.973
8sis_HL,RBD,B,offhot:코어와그밖,protenix,0,27.82,8sis_hl_sample_3.cif,0.012,0.298,47,0.702,0.729,0.706,17.883,3.04,0.161,0.398,62.973
8sis_HL,RBD,B,offhot:코어와그밖,protenix,0,27.82,8sis_hl_sample_4.cif,0.024,0.327,55,0.455,0.765,0.581,9.394,11.902,0.161,0.398,62.973
8sis_HL,RBD,B,offhot:코어와그밖,protenix,1,14.619,8sis_hl_sample_0.cif,0.015,0.041,49,0.531,0.337,0.604,16.095,12.206,0.162,0.402,62.449
8sis_HL,RBD,B,offhot:코어와그밖,protenix,1,14.619,8sis_hl_sample_1.cif,0.017,0.301,83,0.386,0.809,0.523,9.238,11.42,0.162,0.402,62.449
8sis_HL,RBD,B,offhot:코어와그밖,protenix,1,14.619,8sis_hl_sample_2.cif,0.026,0.165,79,0.519,0.532,0.597,13.259,12.414,0.162,0.402,62.449
8sis_HL,RBD,B,offhot:코어와그밖,protenix,1,14.619,8sis_hl_sample_3.cif,0.028,0.277,47,0.681,0.726,0.69,16.189,5.61,0.162,0.402,62.449
8sis_HL,RBD,B,offhot:코어와그밖,protenix,1,14.619,8sis_hl_sample_4.cif,0.008,0.226,84,0.452,0.677,0.585,7.542,14.105,0.162,0.402,62.449
8sis_HL,RBD,B,offhot:코어와그밖,protenix,2,12.0,8sis_hl_sample_0.cif,0.013,0.235,51,0.333,0.678,0.438,10.063,18.236,0.165,0.357,61.981
8sis_HL,RBD,B,offhot:코어와그밖,protenix,2,12.0,8sis_hl_sample_1.cif,0.028,0.31,42,0.381,0.709,0.475,9.467,17.483,0.165,0.357,61.981
8sis_HL,RBD,B,offhot:코어와그밖,protenix,2,12.0,8sis_hl_sample_2.cif,0.008,0.154,26,0.808,0.547,0.729,20.822,6.946,0.165,0.357,61.981
8sis_HL,RBD,B,offhot:코어와그밖,protenix,2,12.0,8sis_hl_sample_3.cif,0.016,0.235,51,0.686,0.59,0.713,16.454,7.108,0.165,0.357,61.981
8sis_HL,RBD,B,offhot:코어와그밖,protenix,2,12.0,8sis_hl_sample_4.cif,0.026,0.487,39,0.103,0.859,0.324,7.191,20.843,0.165,0.357,61.981
8sis_HL,RBD,B,offhot:코어와그밖,protenix,3,7.0,8sis_hl_sample_0.cif,0.007,0.375,48,0.125,0.786,0.287,8.921,22.301,0.144,0.364,56.746
8sis_HL,RBD,B,offhot:코어와그밖,protenix,3,7.0,8sis_hl_sample_1.cif,0.025,0.25,72,0.264,0.697,0.417,7.487,20.766,0.144,0.364,56.746
8sis_HL,RBD,B,offhot:코어와그밖,protenix,3,7.0,8sis_hl_sample_2.cif,0.016,0.298,84,0.25,0.796,0.381,6.471,19.229,0.144,0.364,56.746
8sis_HL,RBD,B,offhot:코어와그밖,protenix,3,7.0,8sis_hl_sample_3.cif,0.028,0.083,60,0.567,0.391,0.609,18.567,10.484,0.144,0.364,56.746
8sis_HL,RBD,B,offhot:코어와그밖,protenix,3,7.0,8sis_hl_sample_4.cif,0.006,0.262,65,0.123,0.77,0.285,8.174,22.835,0.144,0.364,56.746
8sis_HL,RBD,B,offhot:코어와그밖,protenix,4,3.0,8sis_hl_sample_0.cif,0.006,0.099,71,0.324,0.396,0.429,11.209,10.101,0.175,0.331,49.582
8sis_HL,RBD,B,offhot:코어와그밖,protenix,4,3.0,8sis_hl_sample_1.cif,0.007,0.054,74,0.284,0.403,0.418,7.339,13.433,0.175,0.331,49.582
8sis_HL,RBD,B,offhot:코어와그밖,protenix,4,3.0,8sis_hl_sample_2.cif,0.011,0.144,90,0.189,0.483,0.337,9.32,13.296,0.175,0.331,49.582
8sis_HL,RBD,B,offhot:코어와그밖,protenix,4,3.0,8sis_hl_sample_3.cif,0.023,0.049,41,0.39,0.446,0.48,9.784,12.549,0.175,0.331,49.582
8sis_HL,RBD,B,offhot:코어와그밖,protenix,4,3.0,8sis_hl_sample_4.cif,0.025,0.131,61,0.246,0.462,0.392,10.206,12.212,0.175,0.331,49.582
8sis_HL,RBD,B,offhot:코어와그밖,protenix,5,4.0,8sis_hl_sample_0.cif,0.008,0.085,71,0.789,0.503,0.75,18.942,2.502,0.141,0.298,50.209
8sis_HL,RBD,B,offhot:코어와그밖,protenix,5,4.0,8sis_hl_sample_1.cif,0.007,0.169,59,0.254,0.485,0.451,11.711,11.132,0.141,0.298,50.209
8sis_HL,RBD,B,offhot:코어와그밖,protenix,5,4.0,8sis_hl_sample_2.cif,0.031,0.052,58,0.328,0.446,0.443,15.481,12.682,0.141,0.298,50.209
8sis_HL,RBD,B,offhot:코어와그밖,protenix,5,4.0,8sis_hl_sample_3.cif,0.023,0.339,56,0.482,0.776,0.625,11.908,12.048,0.141,0.298,50.209
8sis_HL,RBD,B,offhot:코어와그밖,protenix,5,4.0,8sis_hl_sample_4.cif,0.035,0.115,61,0.557,0.403,0.634,11.055,6.829,0.141,0.298,50.209
8sis_HL,RBD,B,offhot:코어와그밖,protenix,6,1.0,8sis_hl_sample_0.cif,0.008,0.081,37,0.784,0.546,0.658,12.374,4.757,0.153,0.339,50.15
8sis_HL,RBD,B,offhot:코어와그밖,protenix,6,1.0,8sis_hl_sample_1.cif,0.013,0.0,71,0.634,0.213,0.662,19.055,6.38,0.153,0.339,50.15
8sis_HL,RBD,B,offhot:코어와그밖,protenix,6,1.0,8sis_hl_sample_2.cif,0.007,0.096,114,0.404,0.408,0.542,10.786,9.699,0.153,0.339,50.15
8sis_HL,RBD,B,offhot:코어와그밖,protenix,6,1.0,8sis_hl_sample_3.cif,0.012,0.133,113,0.301,0.478,0.43,9.31,10.961,0.153,0.339,50.15
8sis_HL,RBD,B,offhot:코어와그밖,protenix,6,1.0,8sis_hl_sample_4.cif,0.007,0.127,71,0.62,0.455,0.687,10.749,6.887,0.153,0.339,50.15
8sis_HL,RBD,B,offhot:코어와그밖,protenix,7,1.0,8sis_hl_sample_0.cif,0.008,0.111,63,0.413,0.54,0.539,12.311,10.943,0.158,0.312,46.901
8sis_HL,RBD,B,offhot:코어와그밖,protenix,7,1.0,8sis_hl_sample_1.cif,0.008,0.106,66,0.652,0.428,0.656,10.16,4.264,0.158,0.312,46.901
8sis_HL,RBD,B,offhot:코어와그밖,protenix,7,1.0,8sis_hl_sample_2.cif,0.007,0.096,52,0.519,0.386,0.613,12.627,9.297,0.158,0.312,46.901
8sis_HL,RBD,B,offhot:코어와그밖,protenix,7,1.0,8sis_hl_sample_3.cif,0.007,0.093,86,0.558,0.456,0.648,7.289,7.416,0.158,0.312,46.901
8sis_HL,RBD,B,offhot:코어와그밖,protenix,7,1.0,8sis_hl_sample_4.cif,0.024,0.048,63,0.762,0.307,0.733,17.101,4.057,0.158,0.312,46.901
8sis_HL,RBD,B,offhot:코어와그밖,protenix,8,1.0,8sis_hl_sample_0.cif,0.02,0.038,52,0.654,0.293,0.616,16.471,9.691,0.375,0.479,55.518
8sis_HL,RBD,B,offhot:코어와그밖,protenix,8,1.0,8sis_hl_sample_1.cif,0.012,0.023,43,0.488,0.298,0.648,15.858,6.413,0.375,0.479,55.518
8sis_HL,RBD,B,offhot:코어와그밖,protenix,8,1.0,8sis_hl_sample_2.cif,0.011,0.061,66,0.561,0.306,0.629,11.875,8.542,0.375,0.479,55.518
8sis_HL,RBD,B,offhot:코어와그밖,protenix,8,1.0,8sis_hl_sample_3.cif,0.01,0.023,43,0.023,0.504,0.297,11.612,19.553,0.375,0.479,55.518
8sis_HL,RBD,B,offhot:코어와그밖,protenix,8,1.0,8sis_hl_sample_4.cif,0.012,0.086,58,0.276,0.406,0.403,11.442,14.619,0.375,0.479,55.518
8sis_HL,RBD,B,offhot:코어와그밖,protenix,9,1.0,8sis_hl_sample_0.cif,0.011,0.113,80,0.5,0.431,0.598,11.735,5.012,0.149,0.305,45.24
8sis_HL,RBD,B,offhot:코어와그밖,protenix,9,1.0,8sis_hl_sample_1.cif,0.008,0.203,64,0.219,0.548,0.377,11.231,13.922,0.149,0.305,45.24
8sis_HL,RBD,B,offhot:코어와그밖,protenix,9,1.0,8sis_hl_sample_2.cif,0.009,0.062,96,0.438,0.348,0.556,14.8,7.973,0.149,0.305,45.24
8sis_HL,RBD,B,offhot:코어와그밖,protenix,9,1.0,8sis_hl_sample_3.cif,0.01,0.068,73,0.329,0.386,0.448,14.222,12.027,0.149,0.305,45.24
8sis_HL,RBD,B,offhot:코어와그밖,protenix,9,1.0,8sis_hl_sample_4.cif,0.009,0.141,85,0.482,0.441,0.605,13.229,1.828,0.149,0.305,45.24
8sis_HL,RBD,B,offhot:코어와그밖,protenix,10,1.0,8sis_hl_sample_0.cif,0.021,0.106,85,0.553,0.428,0.61,14.307,8.648,0.142,0.303,45.128
8sis_HL,RBD,B,offhot:코어와그밖,protenix,10,1.0,8sis_hl_sample_1.cif,0.008,0.076,79,0.494,0.357,0.579,11.175,8.769,0.142,0.303,45.128
8sis_HL,RBD,B,offhot:코어와그밖,protenix,10,1.0,8sis_hl_sample_2.cif,0.008,0.204,49,0.306,0.49,0.476,11.658,12.414,0.142,0.303,45.128
8sis_HL,RBD,B,offhot:코어와그밖,protenix,10,1.0,8sis_hl_sample_3.cif,0.007,0.116,95,0.632,0.473,0.693,8.389,2.958,0.142,0.303,45.128
8sis_HL,RBD,B,offhot:코어와그밖,protenix,10,1.0,8sis_hl_sample_4.cif,0.006,0.016,63,0.54,0.281,0.601,12.844,7.768,0.142,0.303,45.128
8sis_HL,RBD,B,offhot:코어와그밖,protenix,11,1.0,8sis_hl_sample_0.cif,0.011,0.074,81,0.42,0.402,0.551,13.846,11.605,0.156,0.317,46.541
8sis_HL,RBD,B,offhot:코어와그밖,protenix,11,1.0,8sis_hl_sample_1.cif,0.007,0.175,57,0.035,0.565,0.264,9.019,16.551,0.156,0.317,46.541
8sis_HL,RBD,B,offhot:코어와그밖,protenix,11,1.0,8sis_hl_sample_2.cif,0.007,0.083,72,0.514,0.419,0.585,15.194,7.016,0.156,0.317,46.541
8sis_HL,RBD,B,offhot:코어와그밖,protenix,11,1.0,8sis_hl_sample_3.cif,0.008,0.078,90,0.356,0.36,0.481,8.718,12.988,0.156,0.317,46.541
8sis_HL,RBD,B,offhot:코어와그밖,protenix,11,1.0,8sis_hl_sample_4.cif,0.007,0.195,87,0.494,0.601,0.624,4.112,4.657,0.156,0.317,46.541
8sit_HL,RBD,B,offhot:코어,protenix,0,27.82,8sit_hl_sample_0.cif,0.025,0.061,33,0.909,0.442,0.762,24.824,4.109,0.371,0.473,78.761
8sit_HL,RBD,B,offhot:코어,protenix,0,27.82,8sit_hl_sample_1.cif,0.008,0.391,46,0.304,0.788,0.407,10.363,20.675,0.371,0.473,78.761
8sit_HL,RBD,B,offhot:코어,protenix,0,27.82,8sit_hl_sample_2.cif,0.021,0.04,25,0.92,0.427,0.76,24.404,3.788,0.371,0.473,78.761
8sit_HL,RBD,B,offhot:코어,protenix,0,27.82,8sit_hl_sample_3.cif,0.027,0.0,26,0.962,0.355,0.773,23.499,6.624,0.371,0.473,78.761
8sit_HL,RBD,B,offhot:코어,protenix,0,27.82,8sit_hl_sample_4.cif,0.032,0.135,37,0.811,0.454,0.754,23.211,3.413,0.371,0.473,78.761
8sit_HL,RBD,B,offhot:코어,protenix,1,17.083,8sit_hl_sample_0.cif,0.006,0.0,25,0.92,0.417,0.763,26.188,4.462,0.395,0.487,78.696
8sit_HL,RBD,B,offhot:코어,protenix,1,17.083,8sit_hl_sample_1.cif,0.015,0.032,31,0.935,0.411,0.768,26.767,5.127,0.395,0.487,78.696
8sit_HL,RBD,B,offhot:코어,protenix,1,17.083,8sit_hl_sample_2.cif,0.029,0.03,33,0.909,0.415,0.757,24.817,3.92,0.395,0.487,78.696
8sit_HL,RBD,B,offhot:코어,protenix,1,17.083,8sit_hl_sample_3.cif,0.029,0.0,33,0.939,0.377,0.766,25.64,3.754,0.395,0.487,78.696
8sit_HL,RBD,B,offhot:코어,protenix,1,17.083,8sit_hl_sample_4.cif,0.029,0.0,27,0.963,0.408,0.772,25.921,5.059,0.395,0.487,78.696
8sit_HL,RBD,B,offhot:코어,protenix,2,11.333,8sit_hl_sample_0.cif,0.017,0.32,50,0.12,0.723,0.266,8.96,27.122,0.424,0.51,74.076
8sit_HL,RBD,B,offhot:코어,protenix,2,11.333,8sit_hl_sample_1.cif,0.011,0.0,36,0.583,0.236,0.565,21.421,11.347,0.424,0.51,74.076
8sit_HL,RBD,B,offhot:코어,protenix,2,11.333,8sit_hl_sample_2.cif,0.023,0.065,46,0.609,0.397,0.593,18.16,11.647,0.424,0.51,74.076
8sit_HL,RBD,B,offhot:코어,protenix,2,11.333,8sit_hl_sample_3.cif,0.091,0.559,34,0.147,0.816,0.31,6.4,25.458,0.424,0.51,74.076
8sit_HL,RBD,B,offhot:코어,protenix,2,11.333,8sit_hl_sample_4.cif,0.038,0.257,35,0.229,0.577,0.353,12.661,21.623,0.424,0.51,74.076
8sit_HL,RBD,B,offhot:코어,protenix,3,7.0,8sit_hl_sample_0.cif,0.014,0.235,68,0.191,0.702,0.311,6.651,22.399,0.35,0.449,70.302
8sit_HL,RBD,B,offhot:코어,protenix,3,7.0,8sit_hl_sample_1.cif,0.012,0.339,56,0.089,0.771,0.271,7.051,24.876,0.35,0.449,70.302
8sit_HL,RBD,B,offhot:코어,protenix,3,7.0,8sit_hl_sample_2.cif,0.017,0.13,46,0.5,0.395,0.564,17.762,11.121,0.35,0.449,70.302
8sit_HL,RBD,B,offhot:코어,protenix,3,7.0,8sit_hl_sample_3.cif,0.016,0.161,31,0.323,0.552,0.429,14.369,18.192,0.35,0.449,70.302
8sit_HL,RBD,B,offhot:코어,protenix,3,7.0,8sit_hl_sample_4.cif,0.026,0.107,28,0.393,0.484,0.46,15.263,17.62,0.35,0.449,70.302
8sit_HL,RBD,B,offhot:코어,protenix,4,3.0,8sit_hl_sample_0.cif,0.027,0.128,86,0.535,0.477,0.633,8.0,4.561,0.346,0.445,65.653
8sit_HL,RBD,B,offhot:코어,protenix,4,3.0,8sit_hl_sample_1.cif,0.203,0.24,75,0.733,0.637,0.746,12.978,4.139,0.346,0.445,65.653
8sit_HL,RBD,B,offhot:코어,protenix,4,3.0,8sit_hl_sample_2.cif,0.104,0.484,31,0.387,0.797,0.436,2.902,13.669,0.346,0.445,65.653
8sit_HL,RBD,B,offhot:코어,protenix,4,3.0,8sit_hl_sample_3.cif,0.023,0.222,27,0.148,0.576,0.386,10.291,14.757,0.346,0.445,65.653
8sit_HL,RBD,B,offhot:코어,protenix,4,3.0,8sit_hl_sample_4.cif,0.017,0.168,107,0.551,0.555,0.647,12.811,5.432,0.346,0.445,65.653
8sit_HL,RBD,B,offhot:코어,protenix,5,1.0,8sit_hl_sample_0.cif,0.012,0.044,90,0.578,0.32,0.659,13.627,5.221,0.167,0.329,52.139
8sit_HL,RBD,B,offhot:코어,protenix,5,1.0,8sit_hl_sample_1.cif,0.022,0.173,75,0.32,0.528,0.458,9.508,11.262,0.167,0.329,52.139
8sit_HL,RBD,B,offhot:코어,protenix,5,1.0,8sit_hl_sample_2.cif,0.008,0.125,112,0.482,0.442,0.593,13.015,7.034,0.167,0.329,52.139
8sit_HL,RBD,B,offhot:코어,protenix,5,1.0,8sit_hl_sample_3.cif,0.01,0.186,97,0.381,0.524,0.52,11.767,5.709,0.167,0.329,52.139
8sit_HL,RBD,B,offhot:코어,protenix,5,1.0,8sit_hl_sample_4.cif,0.008,0.136,88,0.386,0.476,0.498,11.645,8.466,0.167,0.329,52.139
8sit_HL,RBD,B,offhot:코어,protenix,6,2.0,8sit_hl_sample_0.cif,0.018,0.2,55,0.4,0.565,0.522,8.05,8.505,0.37,0.466,65.52
8sit_HL,RBD,B,offhot:코어,protenix,6,2.0,8sit_hl_sample_1.cif,0.022,0.076,66,0.455,0.442,0.554,10.002,9.042,0.37,0.466,65.52
8sit_HL,RBD,B,offhot:코어,protenix,6,2.0,8sit_hl_sample_2.cif,0.019,0.085,59,0.593,0.418,0.619,5.428,9.347,0.37,0.466,65.52
8sit_HL,RBD,B,offhot:코어,protenix,6,2.0,8sit_hl_sample_3.cif,0.061,0.25,52,0.654,0.661,0.677,6.395,8.33,0.37,0.466,65.52
8sit_HL,RBD,B,offhot:코어,protenix,6,2.0,8sit_hl_sample_4.cif,0.032,0.357,42,0.524,0.749,0.546,7.715,10.186,0.37,0.466,65.52
8sit_HL,RBD,B,offhot:코어,protenix,7,2.0,8sit_hl_sample_0.cif,0.011,0.082,73,0.438,0.415,0.516,9.707,14.484,0.386,0.479,61.553
8sit_HL,RBD,B,offhot:코어,protenix,7,2.0,8sit_hl_sample_1.cif,0.049,0.181,83,0.361,0.541,0.506,6.957,13.005,0.386,0.479,61.553
8sit_HL,RBD,B,offhot:코어,protenix,7,2.0,8sit_hl_sample_2.cif,0.017,0.085,59,0.508,0.373,0.538,14.638,10.772,0.386,0.479,61.553
8sit_HL,RBD,B,offhot:코어,protenix,7,2.0,8sit_hl_sample_3.cif,0.045,0.121,58,0.569,0.542,0.605,11.828,8.85,0.386,0.479,61.553
8sit_HL,RBD,B,offhot:코어,protenix,7,2.0,8sit_hl_sample_4.cif,0.023,0.093,54,0.537,0.423,0.582,13.557,13.812,0.386,0.479,61.553
8sit_HL,RBD,B,offhot:코어,protenix,8,1.0,8sit_hl_sample_0.cif,0.008,0.154,91,0.275,0.517,0.392,9.501,2.495,0.171,0.365,58.061
8sit_HL,RBD,B,offhot:코어,protenix,8,1.0,8sit_hl_sample_1.cif,0.01,0.058,86,0.43,0.333,0.552,11.078,5.522,0.171,0.365,58.061
8sit_HL,RBD,B,offhot:코어,protenix,8,1.0,8sit_hl_sample_2.cif,0.007,0.092,87,0.54,0.404,0.626,10.527,7.203,0.171,0.365,58.061
8sit_HL,RBD,B,offhot:코어,protenix,8,1.0,8sit_hl_sample_3.cif,0.008,0.086,70,0.357,0.482,0.482,11.548,6.537,0.171,0.365,58.061
8sit_HL,RBD,B,offhot:코어,protenix,8,1.0,8sit_hl_sample_4.cif,0.007,0.123,81,0.605,0.424,0.659,4.88,4.497,0.171,0.365,58.061
8sit_HL,RBD,B,offhot:코어,protenix,9,1.0,8sit_hl_sample_0.cif,0.008,0.093,86,0.453,0.384,0.591,11.27,9.354,0.17,0.324,51.403
8sit_HL,RBD,B,offhot:코어,protenix,9,1.0,8sit_hl_sample_1.cif,0.007,0.034,59,0.644,0.41,0.634,9.98,8.246,0.17,0.324,51.403
8sit_HL,RBD,B,offhot:코어,protenix,9,1.0,8sit_hl_sample_2.cif,0.01,0.108,93,0.495,0.432,0.623,9.656,10.609,0.17,0.324,51.403
8sit_HL,RBD,B,offhot:코어,protenix,9,1.0,8sit_hl_sample_3.cif,0.023,0.319,69,0.203,0.735,0.369,6.062,11.557,0.17,0.324,51.403
8sit_HL,RBD,B,offhot:코어,protenix,9,1.0,8sit_hl_sample_4.cif,0.018,0.06,67,0.418,0.346,0.573,13.373,6.417,0.17,0.324,51.403
8sit_HL,RBD,B,offhot:코어,protenix,10,1.0,8sit_hl_sample_0.cif,0.009,0.086,93,0.516,0.333,0.624,11.599,6.888,0.152,0.319,53.139
8sit_HL,RBD,B,offhot:코어,protenix,10,1.0,8sit_hl_sample_1.cif,0.007,0.09,89,0.315,0.328,0.448,9.052,12.268,0.152,0.319,53.139
8sit_HL,RBD,B,offhot:코어,protenix,10,1.0,8sit_hl_sample_2.cif,0.009,0.187,91,0.341,0.578,0.462,9.242,5.015,0.152,0.319,53.139
8sit_HL,RBD,B,offhot:코어,protenix,10,1.0,8sit_hl_sample_3.cif,0.011,0.136,66,0.621,0.41,0.679,10.436,5.563,0.152,0.319,53.139
8sit_HL,RBD,B,offhot:코어,protenix,10,1.0,8sit_hl_sample_4.cif,0.01,0.122,90,0.422,0.426,0.525,6.189,2.812,0.152,0.319,53.139
8sit_HL,RBD,B,offhot:코어,protenix,11,1.0,8sit_hl_sample_0.cif,0.011,0.203,59,0.322,0.54,0.416,11.212,9.004,0.166,0.332,51.423
8sit_HL,RBD,B,offhot:코어,protenix,11,1.0,8sit_hl_sample_1.cif,0.008,0.222,45,0.044,0.675,0.266,7.507,15.388,0.166,0.332,51.423
8sit_HL,RBD,B,offhot:코어,protenix,11,1.0,8sit_hl_sample_2.cif,0.013,0.073,82,0.439,0.366,0.552,7.381,6.005,0.166,0.332,51.423
8sit_HL,RBD,B,offhot:코어,protenix,11,1.0,8sit_hl_sample_3.cif,0.008,0.227,66,0.227,0.658,0.383,5.482,8.277,0.166,0.332,51.423
8sit_HL,RBD,B,offhot:코어,protenix,11,1.0,8sit_hl_sample_4.cif,0.008,0.169,59,0.441,0.495,0.555,8.466,9.748,0.166,0.332,51.423
8t49_PR,Env,A,N332,boltz,0,2935.914,input_model_0.cif,0.062,0.161,31,0.387,0.883,0.626,14.644,20.246,0.669,0.812,0.859
8t49_PR,Env,A,N332,boltz,0,2935.914,input_model_1.cif,0.008,0.0,31,0.065,0.548,0.52,29.353,21.626,0.669,0.812,0.859
8t49_PR,Env,A,N332,boltz,0,2935.914,input_model_2.cif,0.071,0.5,18,0.056,0.969,0.646,7.604,18.737,0.669,0.812,0.859
8t49_PR,Env,A,N332,boltz,0,2935.914,input_model_3.cif,0.223,0.7,20,0.25,0.979,0.609,4.408,19.55,0.669,0.812,0.859
8t49_PR,Env,A,N332,boltz,0,2935.914,input_model_4.cif,0.103,0.267,30,0.267,0.921,0.667,13.854,14.085,0.669,0.812,0.859
8t49_PR,Env,A,N332,boltz,1,1433.539,input_model_0.cif,0.008,0.0,29,0.034,0.584,0.522,28.329,21.552,0.656,0.808,0.877
8t49_PR,Env,A,N332,boltz,1,1433.539,input_model_1.cif,0.007,0.0,28,0.071,0.546,0.518,28.493,21.701,0.656,0.808,0.877
8t49_PR,Env,A,N332,boltz,1,1433.539,input_model_2.cif,0.007,0.0,30,0.033,0.504,0.517,29.645,21.502,0.656,0.808,0.877
8t49_PR,Env,A,N332,boltz,1,1433.539,input_model_3.cif,0.013,0.0,33,0.03,0.695,0.463,21.821,17.713,0.656,0.808,0.877
8t49_PR,Env,A,N332,boltz,1,1433.539,input_model_4.cif,0.017,0.038,26,0.308,0.732,0.583,20.14,20.978,0.656,0.808,0.877
8t49_PR,Env,A,N332,boltz,2,674.603,input_model_0.cif,0.008,0.0,32,0.031,0.52,0.509,28.074,20.615,0.579,0.762,0.861
8t49_PR,Env,A,N332,boltz,2,674.603,input_model_1.cif,0.008,0.0,32,0.031,0.539,0.511,29.273,21.376,0.579,0.762,0.861
8t49_PR,Env,A,N332,boltz,2,674.603,input_model_2.cif,0.078,0.435,23,0.261,0.962,0.601,11.375,19.927,0.579,0.762,0.861
8t49_PR,Env,A,N332,boltz,2,674.603,input_model_3.cif,0.191,0.423,26,0.154,0.968,0.63,11.019,19.004,0.579,0.762,0.861
8t49_PR,Env,A,N332,boltz,2,674.603,input_model_4.cif,0.035,0.342,38,0.289,0.962,0.654,11.238,14.791,0.579,0.762,0.861
8t49_PR,Env,A,N332,boltz,3,319.087,input_model_0.cif,0.007,0.0,32,0.031,0.561,0.525,29.244,21.099,0.791,0.87,0.871
8t49_PR,Env,A,N332,boltz,3,319.087,input_model_1.cif,0.158,0.458,24,0.208,0.971,0.618,10.487,18.36,0.791,0.87,0.871
8t49_PR,Env,A,N332,boltz,3,319.087,input_model_2.cif,0.007,0.0,27,0.037,0.369,0.507,31.456,22.278,0.791,0.87,0.871
8t49_PR,Env,A,N332,boltz,3,319.087,input_model_3.cif,0.101,0.417,24,0.125,0.96,0.627,10.395,18.684,0.791,0.87,0.871
8t49_PR,Env,A,N332,boltz,3,319.087,input_model_4.cif,0.062,0.353,34,0.235,0.957,0.634,11.259,17.486,0.791,0.87,0.871
8t49_PR,Env,A,N332,boltz,4,153.583,input_model_0.cif,0.007,0.0,29,0.034,0.556,0.511,29.02,21.727,0.596,0.784,0.867
8t49_PR,Env,A,N332,boltz,4,153.583,input_model_1.cif,0.007,0.0,27,0.037,0.541,0.513,30.38,21.936,0.596,0.784,0.867
8t49_PR,Env,A,N332,boltz,4,153.583,input_model_2.cif,0.036,0.378,37,0.243,0.971,0.648,10.235,15.949,0.596,0.784,0.867
8t49_PR,Env,A,N332,boltz,4,153.583,input_model_3.cif,0.191,0.368,38,0.211,0.964,0.578,10.492,18.642,0.596,0.784,0.867
8t49_PR,Env,A,N332,boltz,4,153.583,input_model_4.cif,0.008,0.0,20,0.0,0.566,0.507,28.17,21.973,0.596,0.784,0.867
8t49_PR,Env,A,N332,boltz,5,81.0,input_model_0.cif,0.008,0.0,26,0.038,0.584,0.518,28.884,22.37,0.677,0.825,0.865
8t49_PR,Env,A,N332,boltz,5,81.0,input_model_1.cif,0.007,0.0,26,0.038,0.438,0.498,31.832,22.296,0.677,0.825,0.865
8t49_PR,Env,A,N332,boltz,5,81.0,input_model_2.cif,0.23,0.5,28,0.214,0.978,0.593,7.469,18.805,0.677,0.825,0.865
8t49_PR,Env,A,N332,boltz,5,81.0,input_model_3.cif,0.007,0.0,25,0.04,0.388,0.495,31.574,22.251,0.677,0.825,0.865
8t49_PR,Env,A,N332,boltz,5,81.0,input_model_4.cif,0.008,0.0,27,0.037,0.559,0.518,29.023,22.123,0.677,0.825,0.865
8t49_PR,Env,A,N332,boltz,6,31.0,input_model_0.cif,0.007,0.0,29,0.0,0.528,0.528,29.351,21.186,0.577,0.769,0.873
8t49_PR,Env,A,N332,boltz,6,31.0,input_model_1.cif,0.007,0.0,28,0.036,0.538,0.506,29.536,21.142,0.577,0.769,0.873
8t49_PR,Env,A,N332,boltz,6,31.0,input_model_2.cif,0.247,0.519,27,0.185,0.979,0.615,5.798,18.456,0.577,0.769,0.873
8t49_PR,Env,A,N332,boltz,6,31.0,input_model_3.cif,0.007,0.0,30,0.1,0.548,0.525,29.123,21.9,0.577,0.769,0.873
8t49_PR,Env,A,N332,boltz,6,31.0,input_model_4.cif,0.007,0.0,24,0.0,0.542,0.515,28.564,21.359,0.577,0.769,0.873
8t49_PR,Env,A,N332,boltz,7,14.0,input_model_0.cif,0.008,0.0,28,0.0,0.569,0.513,28.318,21.362,0.646,0.803,0.872
8t49_PR,Env,A,N332,boltz,7,14.0,input_model_1.cif,0.008,0.0,29,0.069,0.547,0.517,30.215,21.939,0.646,0.803,0.872
8t49_PR,Env,A,N332,boltz,7,14.0,input_model_2.cif,0.008,0.0,28,0.0,0.55,0.522,29.097,21.595,0.646,0.803,0.872
8t49_PR,Env,A,N332,boltz,7,14.0,input_model_3.cif,0.008,0.0,29,0.034,0.532,0.518,27.026,20.123,0.646,0.803,0.872
8t49_PR,Env,A,N332,boltz,7,14.0,input_model_4.cif,0.007,0.0,21,0.143,0.537,0.563,31.704,24.548,0.646,0.803,0.872
8t49_PR,Env,A,N332,boltz,8,4.0,input_model_0.cif,0.197,0.448,29,0.172,0.971,0.606,4.071,17.815,0.516,0.735,0.862
8t49_PR,Env,A,N332,boltz,8,4.0,input_model_1.cif,0.007,0.0,29,0.034,0.541,0.513,30.253,21.784,0.516,0.735,0.862
8t49_PR,Env,A,N332,boltz,8,4.0,input_model_2.cif,0.007,0.0,27,0.037,0.402,0.509,30.901,22.006,0.516,0.735,0.862
8t49_PR,Env,A,N332,boltz,8,4.0,input_model_3.cif,0.035,0.378,37,0.243,0.963,0.65,9.595,16.094,0.516,0.735,0.862
8t49_PR,Env,A,N332,boltz,8,4.0,input_model_4.cif,0.008,0.0,25,0.0,0.548,0.516,28.863,21.354,0.516,0.735,0.862
8t49_PR,Env,A,N332,boltz,9,3.0,input_model_0.cif,0.011,0.0,58,0.052,0.451,0.477,27.086,15.946,0.823,0.886,0.846
8t49_PR,Env,A,N332,boltz,9,3.0,input_model_1.cif,0.019,0.057,35,0.371,0.804,0.606,19.865,21.816,0.823,0.886,0.846
8t49_PR,Env,A,N332,boltz,9,3.0,input_model_2.cif,0.202,0.533,15,0.333,0.963,0.613,7.122,21.673,0.823,0.886,0.846
8t49_PR,Env,A,N332,boltz,9,3.0,input_model_3.cif,0.248,0.609,23,0.217,0.977,0.61,5.027,19.147,0.823,0.886,0.846
8t49_PR,Env,A,N332,boltz,9,3.0,input_model_4.cif,0.007,0.0,31,0.065,0.287,0.502,31.411,21.07,0.823,0.886,0.846
8t49_PR,Env,A,N332,boltz,10,1.0,input_model_0.cif,0.008,0.0,29,0.034,0.535,0.524,28.763,21.278,0.622,0.783,0.871
8t49_PR,Env,A,N332,boltz,10,1.0,input_model_1.cif,0.007,0.0,30,0.1,0.563,0.528,30.071,22.312,0.622,0.783,0.871
8t49_PR,Env,A,N332,boltz,10,1.0,input_model_2.cif,0.25,0.519,27,0.222,0.975,0.623,6.998,18.524,0.622,0.783,0.871
8t49_PR,Env,A,N332,boltz,10,1.0,input_model_3.cif,0.137,0.565,23,0.217,0.977,0.597,7.483,19.086,0.622,0.783,0.871
8t49_PR,Env,A,N332,boltz,10,1.0,input_model_4.cif,0.008,0.0,28,0.036,0.544,0.525,30.036,21.659,0.622,0.783,0.871
8t49_PR,Env,A,N332,protenix,0,2935.914,8t49_pr_sample_0.cif,0.01,0.164,73,0.123,0.903,0.494,19.278,9.636,0.221,0.652,71.925
8t49_PR,Env,A,N332,protenix,0,2935.914,8t49_pr_sample_1.cif,0.011,0.181,72,0.125,0.923,0.535,14.964,11.263,0.221,0.652,71.925
8t49_PR,Env,A,N332,protenix,0,2935.914,8t49_pr_sample_2.cif,0.009,0.132,76,0.105,0.886,0.488,18.375,10.128,0.221,0.652,71.925
8t49_PR,Env,A,N332,protenix,0,2935.914,8t49_pr_sample_3.cif,0.008,0.123,73,0.137,0.885,0.53,20.168,8.922,0.221,0.652,71.925
8t49_PR,Env,A,N332,protenix,0,2935.914,8t49_pr_sample_4.cif,0.006,0.147,68,0.118,0.878,0.423,27.548,15.456,0.221,0.652,71.925
8t49_PR,Env,A,N332,protenix,1,1433.539,8t49_pr_sample_0.cif,0.011,0.186,70,0.157,0.927,0.531,16.348,10.388,0.221,0.644,72.12
8t49_PR,Env,A,N332,protenix,1,1433.539,8t49_pr_sample_1.cif,0.011,0.106,85,0.165,0.81,0.538,17.516,7.774,0.221,0.644,72.12
8t49_PR,Env,A,N332,protenix,1,1433.539,8t49_pr_sample_2.cif,0.011,0.145,76,0.171,0.862,0.573,15.206,9.229,0.221,0.644,72.12
8t49_PR,Env,A,N332,protenix,1,1433.539,8t49_pr_sample_3.cif,0.069,0.295,44,0.295,0.958,0.665,5.025,16.375,0.221,0.644,72.12
8t49_PR,Env,A,N332,protenix,1,1433.539,8t49_pr_sample_4.cif,0.008,0.0,67,0.164,0.263,0.543,28.119,14.223,0.221,0.644,72.12
8t49_PR,Env,A,N332,protenix,2,674.603,8t49_pr_sample_0.cif,0.006,0.108,93,0.151,0.872,0.448,32.158,19.597,0.226,0.595,68.887
8t49_PR,Env,A,N332,protenix,2,674.603,8t49_pr_sample_1.cif,0.01,0.122,90,0.222,0.889,0.634,15.869,11.653,0.226,0.595,68.887
8t49_PR,Env,A,N332,protenix,2,674.603,8t49_pr_sample_2.cif,0.006,0.126,87,0.092,0.876,0.353,36.434,25.024,0.226,0.595,68.887
8t49_PR,Env,A,N332,protenix,2,674.603,8t49_pr_sample_3.cif,0.005,0.0,63,0.016,0.361,0.368,40.955,29.168,0.226,0.595,68.887
8t49_PR,Env,A,N332,protenix,2,674.603,8t49_pr_sample_4.cif,0.019,0.167,48,0.312,0.896,0.712,7.27,19.934,0.226,0.595,68.887
8t49_PR,Env,A,N332,protenix,3,319.087,8t49_pr_sample_0.cif,0.009,0.16,81,0.16,0.923,0.559,14.879,10.171,0.247,0.607,68.384
8t49_PR,Env,A,N332,protenix,3,319.087,8t49_pr_sample_1.cif,0.018,0.149,74,0.284,0.903,0.657,9.544,10.22,0.247,0.607,68.384
8t49_PR,Env,A,N332,protenix,3,319.087,8t49_pr_sample_2.cif,0.011,0.098,102,0.451,0.833,0.799,16.894,4.297,0.247,0.607,68.384
8t49_PR,Env,A,N332,protenix,3,319.087,8t49_pr_sample_3.cif,0.024,0.153,85,0.235,0.913,0.631,10.129,14.669,0.247,0.607,68.384
8t49_PR,Env,A,N332,protenix,3,319.087,8t49_pr_sample_4.cif,0.017,0.22,59,0.339,0.94,0.665,5.083,14.771,0.247,0.607,68.384
8t49_PR,Env,A,N332,protenix,4,153.583,8t49_pr_sample_0.cif,0.012,0.148,81,0.444,0.918,0.752,16.141,6.978,0.251,0.633,71.686
8t49_PR,Env,A,N332,protenix,4,153.583,8t49_pr_sample_1.cif,0.009,0.171,70,0.157,0.894,0.549,15.51,9.346,0.251,0.633,71.686
8t49_PR,Env,A,N332,protenix,4,153.583,8t49_pr_sample_2.cif,0.009,0.164,67,0.134,0.902,0.554,14.651,9.533,0.251,0.633,71.686
8t49_PR,Env,A,N332,protenix,4,153.583,8t49_pr_sample_3.cif,0.01,0.087,80,0.312,0.812,0.724,15.723,8.587,0.251,0.633,71.686
8t49_PR,Env,A,N332,protenix,4,153.583,8t49_pr_sample_4.cif,0.067,0.192,52,0.365,0.898,0.716,17.092,12.218,0.251,0.633,71.686
8t49_PR,Env,A,N332,protenix,5,81.0,8t49_pr_sample_0.cif,0.023,0.131,84,0.476,0.886,0.746,16.13,7.696,0.24,0.601,69.592
8t49_PR,Env,A,N332,protenix,5,81.0,8t49_pr_sample_1.cif,0.041,0.164,67,0.403,0.892,0.73,11.262,9.532,0.24,0.601,69.592
8t49_PR,Env,A,N332,protenix,5,81.0,8t49_pr_sample_2.cif,0.034,0.167,66,0.364,0.91,0.731,10.975,9.686,0.24,0.601,69.592
8t49_PR,Env,A,N332,protenix,5,81.0,8t49_pr_sample_3.cif,0.022,0.155,71,0.507,0.907,0.745,14.423,6.992,0.24,0.601,69.592
8t49_PR,Env,A,N332,protenix,5,81.0,8t49_pr_sample_4.cif,0.009,0.126,87,0.172,0.876,0.553,15.042,11.535,0.24,0.601,69.592
8t49_PR,Env,A,N332,protenix,6,31.0,8t49_pr_sample_0.cif,0.027,0.092,76,0.25,0.862,0.556,16.253,13.342,0.444,0.621,71.765
8t49_PR,Env,A,N332,protenix,6,31.0,8t49_pr_sample_1.cif,0.004,0.0,79,0.165,0.378,0.456,29.299,18.63,0.444,0.621,71.765
8t49_PR,Env,A,N332,protenix,6,31.0,8t49_pr_sample_2.cif,0.011,0.118,85,0.282,0.874,0.622,15.567,14.679,0.444,0.621,71.765
8t49_PR,Env,A,N332,protenix,6,31.0,8t49_pr_sample_3.cif,0.004,0.0,70,0.157,0.405,0.457,29.047,18.271,0.444,0.621,71.765
8t49_PR,Env,A,N332,protenix,6,31.0,8t49_pr_sample_4.cif,0.004,0.0,83,0.169,0.415,0.461,27.768,17.487,0.444,0.621,71.765
8t49_PR,Env,A,N332,protenix,7,14.0,8t49_pr_sample_0.cif,0.02,0.351,37,0.351,0.966,0.634,7.0,17.234,0.28,0.572,71.875
8t49_PR,Env,A,N332,protenix,7,14.0,8t49_pr_sample_1.cif,0.062,0.279,43,0.233,0.943,0.673,8.604,13.534,0.28,0.572,71.875
8t49_PR,Env,A,N332,protenix,7,14.0,8t49_pr_sample_2.cif,0.015,0.089,45,0.222,0.832,0.585,17.918,18.676,0.28,0.572,71.875
8t49_PR,Env,A,N332,protenix,7,14.0,8t49_pr_sample_3.cif,0.017,0.205,39,0.205,0.918,0.648,10.713,14.102,0.28,0.572,71.875
8t49_PR,Env,A,N332,protenix,7,14.0,8t49_pr_sample_4.cif,0.01,0.0,30,0.2,0.729,0.586,20.982,19.804,0.28,0.572,71.875
8t49_PR,Env,A,N332,protenix,8,4.0,8t49_pr_sample_0.cif,0.014,0.154,39,0.436,0.808,0.601,9.405,16.46,0.288,0.413,59.532
8t49_PR,Env,A,N332,protenix,8,4.0,8t49_pr_sample_1.cif,0.014,0.163,43,0.395,0.749,0.613,8.042,14.228,0.288,0.413,59.532
8t49_PR,Env,A,N332,protenix,8,4.0,8t49_pr_sample_2.cif,0.012,0.109,55,0.291,0.736,0.627,13.097,4.305,0.288,0.413,59.532
8t49_PR,Env,A,N332,protenix,8,4.0,8t49_pr_sample_3.cif,0.075,0.14,57,0.228,0.889,0.631,8.495,18.152,0.288,0.413,59.532
8t49_PR,Env,A,N332,protenix,8,4.0,8t49_pr_sample_4.cif,0.077,0.189,37,0.162,0.828,0.534,8.2,26.074,0.288,0.413,59.532
8t49_PR,Env,A,N332,protenix,9,3.0,8t49_pr_sample_0.cif,0.01,0.125,80,0.163,0.885,0.519,13.169,17.521,0.256,0.354,49.324
8t49_PR,Env,A,N332,protenix,9,3.0,8t49_pr_sample_1.cif,0.01,0.145,83,0.145,0.873,0.475,14.601,16.343,0.256,0.354,49.324
8t49_PR,Env,A,N332,protenix,9,3.0,8t49_pr_sample_2.cif,0.009,0.08,88,0.239,0.842,0.531,12.565,13.368,0.256,0.354,49.324
8t49_PR,Env,A,N332,protenix,9,3.0,8t49_pr_sample_3.cif,0.009,0.086,81,0.136,0.839,0.438,14.145,19.447,0.256,0.354,49.324
8t49_PR,Env,A,N332,protenix,9,3.0,8t49_pr_sample_4.cif,0.078,0.217,60,0.3,0.934,0.644,9.651,9.781,0.256,0.354,49.324
8t49_PR,Env,A,N332,protenix,10,1.0,8t49_pr_sample_0.cif,0.01,0.169,71,0.282,0.891,0.609,8.823,17.266,0.287,0.393,45.845
8t49_PR,Env,A,N332,protenix,10,1.0,8t49_pr_sample_1.cif,0.041,0.08,88,0.216,0.595,0.555,5.175,14.949,0.287,0.393,45.845
8t49_PR,Env,A,N332,protenix,10,1.0,8t49_pr_sample_2.cif,0.009,0.03,66,0.197,0.674,0.541,20.699,16.721,0.287,0.393,45.845
8t49_PR,Env,A,N332,protenix,10,1.0,8t49_pr_sample_3.cif,0.014,0.131,84,0.262,0.867,0.607,5.877,12.44,0.287,0.393,45.845
8t49_PR,Env,A,N332,protenix,10,1.0,8t49_pr_sample_4.cif,0.006,0.164,67,0.194,0.889,0.571,10.451,19.964,0.287,0.393,45.845
8t49_PR,Env,A,N332,protenix,11,1.0,8t49_pr_sample_0.cif,0.015,0.019,52,0.096,0.529,0.35,15.058,17.255,0.304,0.413,48.34
8t49_PR,Env,A,N332,protenix,11,1.0,8t49_pr_sample_1.cif,0.071,0.25,36,0.306,0.847,0.598,8.769,16.797,0.304,0.413,48.34
8t49_PR,Env,A,N332,protenix,11,1.0,8t49_pr_sample_2.cif,0.069,0.159,44,0.341,0.783,0.509,11.827,17.113,0.304,0.413,48.34
8t49_PR,Env,A,N332,protenix,11,1.0,8t49_pr_sample_3.cif,0.048,0.149,47,0.149,0.724,0.411,10.653,21.549,0.304,0.413,48.34
8t49_PR,Env,A,N332,protenix,11,1.0,8t49_pr_sample_4.cif,0.034,0.159,44,0.114,0.814,0.506,6.847,16.138,0.304,0.413,48.34
8t4a_PR,Env,A,N332,boltz,0,2820.437,input_model_0.cif,0.122,0.519,27,0.148,0.969,0.618,6.953,18.905,0.604,0.792,0.843
8t4a_PR,Env,A,N332,boltz,0,2820.437,input_model_1.cif,0.083,0.29,31,0.323,0.947,0.683,9.594,12.067,0.604,0.792,0.843
8t4a_PR,Env,A,N332,boltz,0,2820.437,input_model_2.cif,0.181,0.583,24,0.167,0.97,0.629,6.297,19.139,0.604,0.792,0.843
8t4a_PR,Env,A,N332,boltz,0,2820.437,input_model_3.cif,0.275,0.542,24,0.292,0.969,0.618,6.451,19.226,0.604,0.792,0.843
8t4a_PR,Env,A,N332,boltz,0,2820.437,input_model_4.cif,0.008,0.0,14,0.5,0.639,0.628,34.574,29.269,0.604,0.792,0.843
8t4a_PR,Env,A,N332,boltz,1,1396.689,input_model_0.cif,0.245,0.583,24,0.208,0.97,0.604,5.734,18.634,0.603,0.787,0.841
8t4a_PR,Env,A,N332,boltz,1,1396.689,input_model_1.cif,0.108,0.333,30,0.267,0.906,0.673,8.323,12.535,0.603,0.787,0.841
8t4a_PR,Env,A,N332,boltz,1,1396.689,input_model_2.cif,0.02,0.062,32,0.438,0.825,0.646,19.152,20.911,0.603,0.787,0.841
8t4a_PR,Env,A,N332,boltz,1,1396.689,input_model_3.cif,0.23,0.5,24,0.208,0.969,0.618,6.856,18.154,0.603,0.787,0.841
8t4a_PR,Env,A,N332,boltz,1,1396.689,input_model_4.cif,0.122,0.29,31,0.194,0.924,0.671,8.998,14.333,0.603,0.787,0.841
8t4a_PR,Env,A,N332,boltz,2,640.632,input_model_0.cif,0.254,0.556,27,0.222,0.963,0.628,5.345,17.784,0.639,0.804,0.838
8t4a_PR,Env,A,N332,boltz,2,640.632,input_model_1.cif,0.044,0.194,36,0.278,0.909,0.682,11.854,11.358,0.639,0.804,0.838
8t4a_PR,Env,A,N332,boltz,2,640.632,input_model_2.cif,0.232,0.519,27,0.185,0.974,0.618,6.241,18.085,0.639,0.804,0.838
8t4a_PR,Env,A,N332,boltz,2,640.632,input_model_3.cif,0.047,0.132,38,0.342,0.856,0.696,14.457,9.491,0.639,0.804,0.838
8t4a_PR,Env,A,N332,boltz,2,640.632,input_model_4.cif,0.048,0.214,28,0.429,0.879,0.635,13.812,20.394,0.639,0.804,0.838
8t4a_PR,Env,A,N332,boltz,3,311.528,input_model_0.cif,0.269,0.593,27,0.259,0.977,0.614,5.256,18.291,0.456,0.706,0.843
8t4a_PR,Env,A,N332,boltz,3,311.528,input_model_1.cif,0.014,0.0,24,0.25,0.67,0.573,24.786,22.599,0.456,0.706,0.843
8t4a_PR,Env,A,N332,boltz,3,311.528,input_model_2.cif,0.068,0.212,33,0.212,0.906,0.675,9.795,12.365,0.456,0.706,0.843
8t4a_PR,Env,A,N332,boltz,3,311.528,input_model_3.cif,0.014,0.0,26,0.269,0.645,0.553,23.396,21.683,0.456,0.706,0.843
8t4a_PR,Env,A,N332,boltz,3,311.528,input_model_4.cif,0.016,0.0,19,0.368,0.752,0.591,21.422,21.909,0.456,0.706,0.843
8t4a_PR,Env,A,N332,boltz,4,146.6,input_model_0.cif,0.197,0.591,22,0.318,0.971,0.57,4.556,18.504,0.563,0.762,0.839
8t4a_PR,Env,A,N332,boltz,4,146.6,input_model_1.cif,0.099,0.303,33,0.212,0.944,0.659,9.024,14.604,0.563,0.762,0.839
8t4a_PR,Env,A,N332,boltz,4,146.6,input_model_2.cif,0.208,0.444,27,0.259,0.97,0.609,6.167,19.044,0.563,0.762,0.839
8t4a_PR,Env,A,N332,boltz,4,146.6,input_model_3.cif,0.027,0.077,26,0.346,0.788,0.597,17.918,21.085,0.563,0.762,0.839
8t4a_PR,Env,A,N332,boltz,4,146.6,input_model_4.cif,0.039,0.182,33,0.212,0.901,0.676,10.689,11.388,0.563,0.762,0.839
8t4a_PR,Env,A,N332,boltz,5,69.25,input_model_0.cif,0.214,0.625,24,0.208,0.975,0.614,2.854,18.804,0.576,0.766,0.843
8t4a_PR,Env,A,N332,boltz,5,69.25,input_model_1.cif,0.114,0.294,34,0.235,0.932,0.687,8.702,12.735,0.576,0.766,0.843
8t4a_PR,Env,A,N332,boltz,5,69.25,input_model_2.cif,0.016,0.071,28,0.321,0.743,0.587,21.049,21.655,0.576,0.766,0.843
8t4a_PR,Env,A,N332,boltz,5,69.25,input_model_3.cif,0.037,0.22,41,0.268,0.901,0.684,9.926,11.857,0.576,0.766,0.843
8t4a_PR,Env,A,N332,boltz,5,69.25,input_model_4.cif,0.013,0.0,23,0.478,0.74,0.655,26.372,24.267,0.576,0.766,0.843
8t4a_PR,Env,A,N332,boltz,6,27.0,input_model_0.cif,0.278,0.517,29,0.172,0.971,0.627,6.275,18.612,0.68,0.828,0.845
8t4a_PR,Env,A,N332,boltz,6,27.0,input_model_1.cif,0.02,0.0,23,0.522,0.807,0.668,22.282,21.763,0.68,0.828,0.845
8t4a_PR,Env,A,N332,boltz,6,27.0,input_model_2.cif,0.052,0.36,25,0.32,0.94,0.495,9.878,19.697,0.68,0.828,0.845
8t4a_PR,Env,A,N332,boltz,6,27.0,input_model_3.cif,0.191,0.519,27,0.222,0.974,0.64,3.603,18.36,0.68,0.828,0.845
8t4a_PR,Env,A,N332,boltz,6,27.0,input_model_4.cif,0.172,0.444,27,0.148,0.963,0.617,9.444,18.584,0.68,0.828,0.845
8t4a_PR,Env,A,N332,boltz,7,16.0,input_model_0.cif,0.173,0.458,24,0.25,0.965,0.659,4.598,16.645,0.501,0.725,0.838
8t4a_PR,Env,A,N332,boltz,7,16.0,input_model_1.cif,0.299,0.667,24,0.25,0.98,0.608,3.527,18.619,0.501,0.725,0.838
8t4a_PR,Env,A,N332,boltz,7,16.0,input_model_2.cif,0.112,0.405,37,0.27,0.959,0.653,8.205,16.695,0.501,0.725,0.838
8t4a_PR,Env,A,N332,boltz,7,16.0,input_model_3.cif,0.042,0.281,32,0.188,0.912,0.668,8.355,13.343,0.501,0.725,0.838
8t4a_PR,Env,A,N332,boltz,7,16.0,input_model_4.cif,0.008,0.0,10,0.4,0.516,0.562,36.285,30.698,0.501,0.725,0.838
8t4a_PR,Env,A,N332,boltz,8,8.0,input_model_0.cif,0.188,0.577,26,0.192,0.971,0.619,4.928,18.491,0.601,0.783,0.837
8t4a_PR,Env,A,N332,boltz,8,8.0,input_model_1.cif,0.013,0.0,22,0.273,0.656,0.588,26.906,23.533,0.601,0.783,0.837
8t4a_PR,Env,A,N332,boltz,8,8.0,input_model_2.cif,0.187,0.519,27,0.222,0.967,0.617,5.989,18.565,0.601,0.783,0.837
8t4a_PR,Env,A,N332,boltz,8,8.0,input_model_3.cif,0.018,0.077,26,0.308,0.778,0.59,16.323,20.416,0.601,0.783,0.837
8t4a_PR,Env,A,N332,boltz,8,8.0,input_model_4.cif,0.082,0.375,32,0.219,0.953,0.663,9.174,14.954,0.601,0.783,0.837
8t4a_PR,Env,A,N332,boltz,9,4.0,input_model_0.cif,0.232,0.542,24,0.208,0.967,0.619,5.082,19.91,0.556,0.764,0.842
8t4a_PR,Env,A,N332,boltz,9,4.0,input_model_1.cif,0.171,0.458,24,0.208,0.96,0.624,6.493,19.332,0.556,0.764,0.842
8t4a_PR,Env,A,N332,boltz,9,4.0,input_model_2.cif,0.202,0.483,29,0.207,0.968,0.63,6.292,17.991,0.556,0.764,0.842
8t4a_PR,Env,A,N332,boltz,9,4.0,input_model_3.cif,0.066,0.241,29,0.172,0.931,0.672,9.569,11.992,0.556,0.764,0.842
8t4a_PR,Env,A,N332,boltz,9,4.0,input_model_4.cif,0.053,0.286,28,0.25,0.892,0.654,12.314,19.741,0.556,0.764,0.842
8t4a_PR,Env,A,N332,boltz,10,2.0,input_model_0.cif,0.231,0.6,25,0.24,0.976,0.613,4.197,18.805,0.64,0.8,0.844
8t4a_PR,Env,A,N332,boltz,10,2.0,input_model_1.cif,0.333,0.552,29,0.138,0.974,0.632,6.439,17.779,0.64,0.8,0.844
8t4a_PR,Env,A,N332,boltz,10,2.0,input_model_2.cif,0.01,0.0,32,0.0,0.373,0.481,29.448,20.426,0.64,0.8,0.844
8t4a_PR,Env,A,N332,boltz,10,2.0,input_model_3.cif,0.066,0.265,34,0.235,0.913,0.664,11.224,12.35,0.64,0.8,0.844
8t4a_PR,Env,A,N332,boltz,10,2.0,input_model_4.cif,0.008,0.0,19,0.105,0.518,0.582,31.989,24.096,0.64,0.8,0.844
8t4a_PR,Env,A,N332,protenix,0,2820.437,8t4a_pr_sample_0.cif,0.015,0.156,90,0.078,0.895,0.407,38.467,26.785,0.237,0.665,68.194
8t4a_PR,Env,A,N332,protenix,0,2820.437,8t4a_pr_sample_1.cif,0.006,0.109,92,0.054,0.837,0.341,36.722,24.806,0.237,0.665,68.194
8t4a_PR,Env,A,N332,protenix,0,2820.437,8t4a_pr_sample_2.cif,0.006,0.167,84,0.095,0.887,0.4,36.57,24.891,0.237,0.665,68.194
8t4a_PR,Env,A,N332,protenix,0,2820.437,8t4a_pr_sample_3.cif,0.006,0.124,105,0.048,0.844,0.268,33.701,21.619,0.237,0.665,68.194
8t4a_PR,Env,A,N332,protenix,0,2820.437,8t4a_pr_sample_4.cif,0.006,0.096,94,0.064,0.826,0.393,36.283,23.78,0.237,0.665,68.194
8t4a_PR,Env,A,N332,protenix,1,1396.689,8t4a_pr_sample_0.cif,0.015,0.141,78,0.487,0.874,0.739,17.357,7.81,0.25,0.625,63.306
8t4a_PR,Env,A,N332,protenix,1,1396.689,8t4a_pr_sample_1.cif,0.014,0.113,80,0.487,0.817,0.736,20.779,7.837,0.25,0.625,63.306
8t4a_PR,Env,A,N332,protenix,1,1396.689,8t4a_pr_sample_2.cif,0.013,0.123,73,0.493,0.851,0.721,18.139,7.635,0.25,0.625,63.306
8t4a_PR,Env,A,N332,protenix,1,1396.689,8t4a_pr_sample_3.cif,0.014,0.107,75,0.467,0.856,0.735,18.806,5.397,0.25,0.625,63.306
8t4a_PR,Env,A,N332,protenix,1,1396.689,8t4a_pr_sample_4.cif,0.023,0.206,63,0.143,0.92,0.469,15.042,13.342,0.25,0.625,63.306
8t4a_PR,Env,A,N332,protenix,2,640.632,8t4a_pr_sample_0.cif,0.014,0.165,79,0.101,0.905,0.415,38.977,26.597,0.244,0.663,65.299
8t4a_PR,Env,A,N332,protenix,2,640.632,8t4a_pr_sample_1.cif,0.02,0.159,82,0.098,0.899,0.48,19.362,13.288,0.244,0.663,65.299
8t4a_PR,Env,A,N332,protenix,2,640.632,8t4a_pr_sample_2.cif,0.011,0.194,72,0.083,0.921,0.387,18.786,13.146,0.244,0.663,65.299
8t4a_PR,Env,A,N332,protenix,2,640.632,8t4a_pr_sample_3.cif,0.058,0.28,50,0.3,0.946,0.683,8.32,13.03,0.244,0.663,65.299
8t4a_PR,Env,A,N332,protenix,2,640.632,8t4a_pr_sample_4.cif,0.059,0.455,33,0.182,0.967,0.646,3.675,17.701,0.244,0.663,65.299
8t4a_PR,Env,A,N332,protenix,3,311.528,8t4a_pr_sample_0.cif,0.028,0.187,75,0.467,0.925,0.732,12.881,7.549,0.219,0.649,63.529
8t4a_PR,Env,A,N332,protenix,3,311.528,8t4a_pr_sample_1.cif,0.041,0.28,50,0.12,0.929,0.587,16.866,19.167,0.219,0.649,63.529
8t4a_PR,Env,A,N332,protenix,3,311.528,8t4a_pr_sample_2.cif,0.006,0.167,78,0.064,0.887,0.359,34.716,23.651,0.219,0.649,63.529
8t4a_PR,Env,A,N332,protenix,3,311.528,8t4a_pr_sample_3.cif,0.048,0.233,60,0.15,0.928,0.582,15.326,18.793,0.219,0.649,63.529
8t4a_PR,Env,A,N332,protenix,3,311.528,8t4a_pr_sample_4.cif,0.012,0.079,76,0.145,0.714,0.466,22.02,15.811,0.219,0.649,63.529
8t4a_PR,Env,A,N332,protenix,4,146.6,8t4a_pr_sample_0.cif,0.037,0.203,69,0.217,0.925,0.616,17.137,14.097,0.249,0.611,65.568
8t4a_PR,Env,A,N332,protenix,4,146.6,8t4a_pr_sample_1.cif,0.03,0.268,56,0.321,0.943,0.609,6.783,14.53,0.249,0.611,65.568
8t4a_PR,Env,A,N332,protenix,4,146.6,8t4a_pr_sample_2.cif,0.009,0.169,89,0.326,0.914,0.733,16.538,4.481,0.249,0.611,65.568
8t4a_PR,Env,A,N332,protenix,4,146.6,8t4a_pr_sample_3.cif,0.02,0.158,76,0.145,0.887,0.519,15.001,11.839,0.249,0.611,65.568
8t4a_PR,Env,A,N332,protenix,4,146.6,8t4a_pr_sample_4.cif,0.051,0.273,44,0.227,0.936,0.65,8.457,14.035,0.249,0.611,65.568
8t4a_PR,Env,A,N332,protenix,5,69.25,8t4a_pr_sample_0.cif,0.023,0.205,78,0.513,0.92,0.759,14.102,5.894,0.237,0.61,60.752
8t4a_PR,Env,A,N332,protenix,5,69.25,8t4a_pr_sample_1.cif,0.043,0.117,103,0.379,0.862,0.707,14.264,9.642,0.237,0.61,60.752
8t4a_PR,Env,A,N332,protenix,5,69.25,8t4a_pr_sample_2.cif,0.031,0.184,76,0.316,0.897,0.685,12.31,13.33,0.237,0.61,60.752
8t4a_PR,Env,A,N332,protenix,5,69.25,8t4a_pr_sample_3.cif,0.038,0.151,86,0.477,0.857,0.734,16.994,8.041,0.237,0.61,60.752
8t4a_PR,Env,A,N332,protenix,5,69.25,8t4a_pr_sample_4.cif,0.024,0.208,48,0.229,0.897,0.672,15.802,16.947,0.237,0.61,60.752
8t4a_PR,Env,A,N332,protenix,6,27.0,8t4a_pr_sample_0.cif,0.026,0.231,65,0.4,0.925,0.732,12.022,7.999,0.27,0.638,61.512
8t4a_PR,Env,A,N332,protenix,6,27.0,8t4a_pr_sample_1.cif,0.024,0.181,83,0.398,0.914,0.741,11.523,7.073,0.27,0.638,61.512
8t4a_PR,Env,A,N332,protenix,6,27.0,8t4a_pr_sample_2.cif,0.033,0.259,54,0.315,0.938,0.698,6.639,13.041,0.27,0.638,61.512
8t4a_PR,Env,A,N332,protenix,6,27.0,8t4a_pr_sample_3.cif,0.038,0.213,75,0.293,0.927,0.642,8.517,13.941,0.27,0.638,61.512
8t4a_PR,Env,A,N332,protenix,6,27.0,8t4a_pr_sample_4.cif,0.036,0.23,61,0.246,0.942,0.693,6.994,11.271,0.27,0.638,61.512
8t4a_PR,Env,A,N332,protenix,7,16.0,8t4a_pr_sample_0.cif,0.021,0.182,77,0.221,0.894,0.65,16.75,14.186,0.308,0.623,71.441
8t4a_PR,Env,A,N332,protenix,7,16.0,8t4a_pr_sample_1.cif,0.009,0.104,106,0.179,0.799,0.539,19.054,7.593,0.308,0.623,71.441
8t4a_PR,Env,A,N332,protenix,7,16.0,8t4a_pr_sample_2.cif,0.008,0.118,102,0.157,0.839,0.562,18.402,7.375,0.308,0.623,71.441
8t4a_PR,Env,A,N332,protenix,7,16.0,8t4a_pr_sample_3.cif,0.017,0.245,49,0.163,0.92,0.614,17.126,18.285,0.308,0.623,71.441
8t4a_PR,Env,A,N332,protenix,7,16.0,8t4a_pr_sample_4.cif,0.027,0.111,81,0.358,0.825,0.673,16.345,4.996,0.308,0.623,71.441
8t4a_PR,Env,A,N332,protenix,8,8.0,8t4a_pr_sample_0.cif,0.029,0.167,84,0.262,0.905,0.671,11.47,4.407,0.167,0.394,41.41
8t4a_PR,Env,A,N332,protenix,8,8.0,8t4a_pr_sample_1.cif,0.025,0.108,74,0.257,0.826,0.611,16.307,9.095,0.167,0.394,41.41
8t4a_PR,Env,A,N332,protenix,8,8.0,8t4a_pr_sample_2.cif,0.026,0.115,104,0.221,0.829,0.588,13.403,11.856,0.167,0.394,41.41
8t4a_PR,Env,A,N332,protenix,8,8.0,8t4a_pr_sample_3.cif,0.021,0.154,91,0.286,0.872,0.623,6.794,7.962,0.167,0.394,41.41
8t4a_PR,Env,A,N332,protenix,8,8.0,8t4a_pr_sample_4.cif,0.008,0.065,92,0.152,0.717,0.482,8.741,14.937,0.167,0.394,41.41
8t4a_PR,Env,A,N332,protenix,9,4.0,8t4a_pr_sample_0.cif,0.015,0.172,64,0.359,0.878,0.64,5.628,12.711,0.214,0.357,50.731
8t4a_PR,Env,A,N332,protenix,9,4.0,8t4a_pr_sample_1.cif,0.05,0.124,89,0.292,0.859,0.649,8.561,7.568,0.214,0.357,50.731
8t4a_PR,Env,A,N332,protenix,9,4.0,8t4a_pr_sample_2.cif,0.011,0.074,94,0.351,0.7,0.663,13.198,4.591,0.214,0.357,50.731
8t4a_PR,Env,A,N332,protenix,9,4.0,8t4a_pr_sample_3.cif,0.009,0.078,90,0.178,0.708,0.498,11.762,16.169,0.214,0.357,50.731
8t4a_PR,Env,A,N332,protenix,9,4.0,8t4a_pr_sample_4.cif,0.026,0.192,78,0.321,0.913,0.677,5.25,9.699,0.214,0.357,50.731
8t4a_PR,Env,A,N332,protenix,10,2.0,8t4a_pr_sample_0.cif,0.038,0.147,75,0.227,0.846,0.549,10.201,13.108,0.172,0.313,43.882
8t4a_PR,Env,A,N332,protenix,10,2.0,8t4a_pr_sample_1.cif,0.008,0.045,110,0.264,0.53,0.62,12.828,4.105,0.172,0.313,43.882
8t4a_PR,Env,A,N332,protenix,10,2.0,8t4a_pr_sample_2.cif,0.022,0.074,94,0.181,0.652,0.526,10.651,11.656,0.172,0.313,43.882
8t4a_PR,Env,A,N332,protenix,10,2.0,8t4a_pr_sample_3.cif,0.059,0.078,90,0.111,0.616,0.513,14.32,4.068,0.172,0.313,43.882
8t4a_PR,Env,A,N332,protenix,10,2.0,8t4a_pr_sample_4.cif,0.029,0.067,90,0.178,0.724,0.522,18.844,9.289,0.172,0.313,43.882
8t4a_PR,Env,A,N332,protenix,11,1.0,8t4a_pr_sample_0.cif,0.006,0.0,92,0.207,0.401,0.584,14.265,9.805,0.178,0.311,44.42
8t4a_PR,Env,A,N332,protenix,11,1.0,8t4a_pr_sample_1.cif,0.011,0.08,87,0.287,0.759,0.597,8.98,6.215,0.178,0.311,44.42
8t4a_PR,Env,A,N332,protenix,11,1.0,8t4a_pr_sample_2.cif,0.04,0.118,76,0.197,0.57,0.5,17.108,13.411,0.178,0.311,44.42
8t4a_PR,Env,A,N332,protenix,11,1.0,8t4a_pr_sample_3.cif,0.043,0.06,117,0.197,0.637,0.482,14.953,7.211,0.178,0.311,44.42
8t4a_PR,Env,A,N332,protenix,11,1.0,8t4a_pr_sample_4.cif,0.007,0.054,111,0.207,0.672,0.534,8.686,9.703,0.178,0.311,44.42
8t4b_OQ,Env,A,N332,boltz,0,2935.914,input_model_0.cif,0.01,0.0,25,0.36,0.677,0.551,23.096,22.192,0.561,0.781,0.857
8t4b_OQ,Env,A,N332,boltz,0,2935.914,input_model_1.cif,0.094,0.36,25,0.24,0.955,0.623,10.447,18.846,0.561,0.781,0.857
8t4b_OQ,Env,A,N332,boltz,0,2935.914,input_model_2.cif,0.01,0.0,23,0.348,0.737,0.581,24.527,22.88,0.561,0.781,0.857
8t4b_OQ,Env,A,N332,boltz,0,2935.914,input_model_3.cif,0.099,0.37,27,0.222,0.958,0.62,10.054,19.436,0.561,0.781,0.857
8t4b_OQ,Env,A,N332,boltz,0,2935.914,input_model_4.cif,0.009,0.0,19,0.053,0.678,0.528,24.295,21.983,0.561,0.781,0.857
8t4b_OQ,Env,A,N332,boltz,1,1433.539,input_model_0.cif,0.089,0.5,22,0.227,0.967,0.588,6.791,19.182,0.678,0.829,0.84
8t4b_OQ,Env,A,N332,boltz,1,1433.539,input_model_1.cif,0.098,0.297,37,0.324,0.946,0.658,11.581,15.153,0.678,0.829,0.84
8t4b_OQ,Env,A,N332,boltz,1,1433.539,input_model_2.cif,0.009,0.0,18,0.0,0.55,0.502,29.269,22.139,0.678,0.829,0.84
8t4b_OQ,Env,A,N332,boltz,1,1433.539,input_model_3.cif,0.01,0.0,34,0.147,0.637,0.504,22.647,18.677,0.678,0.829,0.84
8t4b_OQ,Env,A,N332,boltz,1,1433.539,input_model_4.cif,0.01,0.0,30,0.3,0.661,0.573,26.457,22.953,0.678,0.829,0.84
8t4b_OQ,Env,A,N332,boltz,2,674.603,input_model_0.cif,0.048,0.167,24,0.375,0.865,0.619,13.68,21.041,0.818,0.893,0.833
8t4b_OQ,Env,A,N332,boltz,2,674.603,input_model_1.cif,0.009,0.0,23,0.348,0.614,0.56,29.957,25.349,0.818,0.893,0.833
8t4b_OQ,Env,A,N332,boltz,2,674.603,input_model_2.cif,0.095,0.344,32,0.188,0.952,0.609,9.391,18.084,0.818,0.893,0.833
8t4b_OQ,Env,A,N332,boltz,2,674.603,input_model_3.cif,0.062,0.375,24,0.208,0.958,0.572,11.124,20.209,0.818,0.893,0.833
8t4b_OQ,Env,A,N332,boltz,2,674.603,input_model_4.cif,0.011,0.0,27,0.296,0.684,0.548,22.699,21.69,0.818,0.893,0.833
8t4b_OQ,Env,A,N332,boltz,3,319.087,input_model_0.cif,0.013,0.0,35,0.029,0.569,0.474,22.432,17.423,0.718,0.844,0.841
8t4b_OQ,Env,A,N332,boltz,3,319.087,input_model_1.cif,0.073,0.476,21,0.143,0.967,0.61,8.986,19.515,0.718,0.844,0.841
8t4b_OQ,Env,A,N332,boltz,3,319.087,input_model_2.cif,0.008,0.0,20,0.0,0.556,0.533,29.703,22.058,0.718,0.844,0.841
8t4b_OQ,Env,A,N332,boltz,3,319.087,input_model_3.cif,0.011,0.0,28,0.357,0.729,0.567,22.317,22.021,0.718,0.844,0.841
8t4b_OQ,Env,A,N332,boltz,3,319.087,input_model_4.cif,0.048,0.25,28,0.179,0.91,0.691,6.872,15.117,0.718,0.844,0.841
8t4b_OQ,Env,A,N332,boltz,4,153.583,input_model_0.cif,0.007,0.0,30,0.033,0.216,0.463,32.513,20.751,0.582,0.768,0.841
8t4b_OQ,Env,A,N332,boltz,4,153.583,input_model_1.cif,0.07,0.423,26,0.231,0.958,0.599,7.876,18.563,0.582,0.768,0.841
8t4b_OQ,Env,A,N332,boltz,4,153.583,input_model_2.cif,0.008,0.0,26,0.269,0.625,0.565,28.634,23.778,0.582,0.768,0.841
8t4b_OQ,Env,A,N332,boltz,4,153.583,input_model_3.cif,0.009,0.0,27,0.333,0.667,0.574,27.572,23.853,0.582,0.768,0.841
8t4b_OQ,Env,A,N332,boltz,4,153.583,input_model_4.cif,0.079,0.429,21,0.238,0.955,0.604,8.99,19.387,0.582,0.768,0.841
8t4b_OQ,Env,A,N332,boltz,5,81.0,input_model_0.cif,0.079,0.179,28,0.286,0.894,0.652,13.456,17.788,0.862,0.906,0.842
8t4b_OQ,Env,A,N332,boltz,5,81.0,input_model_1.cif,0.091,0.357,28,0.214,0.961,0.603,10.311,18.92,0.862,0.906,0.842
8t4b_OQ,Env,A,N332,boltz,5,81.0,input_model_2.cif,0.009,0.0,26,0.077,0.563,0.538,27.075,21.034,0.862,0.906,0.842
8t4b_OQ,Env,A,N332,boltz,5,81.0,input_model_3.cif,0.115,0.5,20,0.25,0.967,0.622,7.153,19.497,0.862,0.906,0.842
8t4b_OQ,Env,A,N332,boltz,5,81.0,input_model_4.cif,0.008,0.0,21,0.0,0.585,0.546,28.258,21.7,0.862,0.906,0.842
8t4b_OQ,Env,A,N332,boltz,6,31.0,input_model_0.cif,0.095,0.345,29,0.276,0.955,0.599,8.625,18.8,0.791,0.881,0.84
8t4b_OQ,Env,A,N332,boltz,6,31.0,input_model_1.cif,0.044,0.28,25,0.36,0.909,0.634,12.781,19.877,0.791,0.881,0.84
8t4b_OQ,Env,A,N332,boltz,6,31.0,input_model_2.cif,0.008,0.0,20,0.0,0.565,0.502,27.499,21.515,0.791,0.881,0.84
8t4b_OQ,Env,A,N332,boltz,6,31.0,input_model_3.cif,0.01,0.0,25,0.32,0.677,0.559,25.555,22.527,0.791,0.881,0.84
8t4b_OQ,Env,A,N332,boltz,6,31.0,input_model_4.cif,0.043,0.318,22,0.364,0.913,0.631,11.891,20.722,0.791,0.881,0.84
8t4b_OQ,Env,A,N332,boltz,7,14.0,input_model_0.cif,0.009,0.0,20,0.0,0.566,0.503,27.416,21.573,0.636,0.826,0.834
8t4b_OQ,Env,A,N332,boltz,7,14.0,input_model_1.cif,0.055,0.296,27,0.259,0.942,0.638,10.773,18.014,0.636,0.826,0.834
8t4b_OQ,Env,A,N332,boltz,7,14.0,input_model_2.cif,0.01,0.0,35,0.0,0.535,0.522,24.187,17.661,0.636,0.826,0.834
8t4b_OQ,Env,A,N332,boltz,7,14.0,input_model_3.cif,0.011,0.0,29,0.31,0.726,0.576,21.912,21.942,0.636,0.826,0.834
8t4b_OQ,Env,A,N332,boltz,7,14.0,input_model_4.cif,0.009,0.0,20,0.15,0.632,0.557,27.839,23.969,0.636,0.826,0.834
8t4b_OQ,Env,A,N332,boltz,8,4.0,input_model_0.cif,0.009,0.0,29,0.276,0.647,0.57,27.95,23.585,0.533,0.771,0.842
8t4b_OQ,Env,A,N332,boltz,8,4.0,input_model_1.cif,0.009,0.0,23,0.348,0.594,0.558,29.329,25.233,0.533,0.771,0.842
8t4b_OQ,Env,A,N332,boltz,8,4.0,input_model_2.cif,0.083,0.462,26,0.192,0.974,0.608,4.253,17.953,0.533,0.771,0.842
8t4b_OQ,Env,A,N332,boltz,8,4.0,input_model_3.cif,0.006,0.0,27,0.037,0.268,0.481,32.207,22.13,0.533,0.771,0.842
8t4b_OQ,Env,A,N332,boltz,8,4.0,input_model_4.cif,0.01,0.0,27,0.37,0.671,0.573,25.121,22.659,0.533,0.771,0.842
8t4b_OQ,Env,A,N332,boltz,9,3.0,input_model_0.cif,0.012,0.0,28,0.0,0.594,0.458,21.755,17.255,0.835,0.899,0.825
8t4b_OQ,Env,A,N332,boltz,9,3.0,input_model_1.cif,0.014,0.0,24,0.375,0.752,0.567,17.885,20.572,0.835,0.899,0.825
8t4b_OQ,Env,A,N332,boltz,9,3.0,input_model_2.cif,0.008,0.0,17,0.412,0.531,0.558,33.889,27.531,0.835,0.899,0.825
8t4b_OQ,Env,A,N332,boltz,9,3.0,input_model_3.cif,0.115,0.478,23,0.174,0.964,0.599,7.746,19.017,0.835,0.899,0.825
8t4b_OQ,Env,A,N332,boltz,9,3.0,input_model_4.cif,0.01,0.0,31,0.0,0.629,0.478,21.969,18.116,0.835,0.899,0.825
8t4b_OQ,Env,A,N332,boltz,10,1.0,input_model_0.cif,0.009,0.0,19,0.211,0.645,0.569,25.961,23.334,0.412,0.701,0.848
8t4b_OQ,Env,A,N332,boltz,10,1.0,input_model_1.cif,0.108,0.44,25,0.16,0.96,0.599,8.269,18.592,0.412,0.701,0.848
8t4b_OQ,Env,A,N332,boltz,10,1.0,input_model_2.cif,0.009,0.0,29,0.31,0.657,0.568,26.521,23.022,0.412,0.701,0.848
8t4b_OQ,Env,A,N332,boltz,10,1.0,input_model_3.cif,0.01,0.0,25,0.04,0.564,0.462,26.537,20.381,0.412,0.701,0.848
8t4b_OQ,Env,A,N332,boltz,10,1.0,input_model_4.cif,0.012,0.0,31,0.258,0.705,0.523,19.866,19.563,0.412,0.701,0.848
8t4b_OQ,Env,A,N332,protenix,0,2935.914,8t4b_oq_sample_0.cif,0.005,0.109,101,0.079,0.823,0.33,34.77,25.493,0.286,0.686,75.6
8t4b_OQ,Env,A,N332,protenix,0,2935.914,8t4b_oq_sample_1.cif,0.023,0.129,85,0.059,0.884,0.342,36.817,25.868,0.286,0.686,75.6
8t4b_OQ,Env,A,N332,protenix,0,2935.914,8t4b_oq_sample_2.cif,0.014,0.087,104,0.048,0.835,0.355,35.958,24.853,0.286,0.686,75.6
8t4b_OQ,Env,A,N332,protenix,0,2935.914,8t4b_oq_sample_3.cif,0.014,0.093,108,0.12,0.837,0.425,35.452,22.973,0.286,0.686,75.6
8t4b_OQ,Env,A,N332,protenix,0,2935.914,8t4b_oq_sample_4.cif,0.031,0.151,93,0.129,0.901,0.4,33.555,22.928,0.286,0.686,75.6
8t4b_OQ,Env,A,N332,protenix,1,1433.539,8t4b_oq_sample_0.cif,0.005,0.0,100,0.03,0.264,0.359,41.988,29.192,0.321,0.702,76.279
8t4b_OQ,Env,A,N332,protenix,1,1433.539,8t4b_oq_sample_1.cif,0.005,0.0,74,0.027,0.147,0.4,46.856,33.219,0.321,0.702,76.279
8t4b_OQ,Env,A,N332,protenix,1,1433.539,8t4b_oq_sample_2.cif,0.006,0.151,73,0.137,0.888,0.498,36.622,25.509,0.321,0.702,76.279
8t4b_OQ,Env,A,N332,protenix,1,1433.539,8t4b_oq_sample_3.cif,0.014,0.152,79,0.177,0.887,0.463,34.091,24.369,0.321,0.702,76.279
8t4b_OQ,Env,A,N332,protenix,1,1433.539,8t4b_oq_sample_4.cif,0.014,0.11,91,0.099,0.868,0.429,34.952,24.491,0.321,0.702,76.279
8t4b_OQ,Env,A,N332,protenix,2,674.603,8t4b_oq_sample_0.cif,0.031,0.109,119,0.059,0.876,0.405,30.906,19.771,0.199,0.592,69.123
8t4b_OQ,Env,A,N332,protenix,2,674.603,8t4b_oq_sample_1.cif,0.031,0.108,93,0.097,0.858,0.336,34.78,27.855,0.199,0.592,69.123
8t4b_OQ,Env,A,N332,protenix,2,674.603,8t4b_oq_sample_2.cif,0.014,0.143,91,0.143,0.889,0.481,33.505,22.985,0.199,0.592,69.123
8t4b_OQ,Env,A,N332,protenix,2,674.603,8t4b_oq_sample_3.cif,0.005,0.0,89,0.079,0.236,0.423,39.972,28.28,0.199,0.592,69.123
8t4b_OQ,Env,A,N332,protenix,2,674.603,8t4b_oq_sample_4.cif,0.005,0.0,71,0.0,0.38,0.322,41.294,31.118,0.199,0.592,69.123
8t4b_OQ,Env,A,N332,protenix,3,319.087,8t4b_oq_sample_0.cif,0.032,0.101,119,0.151,0.808,0.489,24.157,17.2,0.237,0.606,68.905
8t4b_OQ,Env,A,N332,protenix,3,319.087,8t4b_oq_sample_1.cif,0.006,0.071,113,0.115,0.764,0.481,29.109,18.419,0.237,0.606,68.905
8t4b_OQ,Env,A,N332,protenix,3,319.087,8t4b_oq_sample_2.cif,0.005,0.055,91,0.154,0.779,0.488,34.641,25.093,0.237,0.606,68.905
8t4b_OQ,Env,A,N332,protenix,3,319.087,8t4b_oq_sample_3.cif,0.005,0.028,71,0.183,0.727,0.511,30.824,21.167,0.237,0.606,68.905
8t4b_OQ,Env,A,N332,protenix,3,319.087,8t4b_oq_sample_4.cif,0.005,0.042,96,0.208,0.718,0.566,29.962,18.167,0.237,0.606,68.905
8t4b_OQ,Env,A,N332,protenix,4,153.583,8t4b_oq_sample_0.cif,0.007,0.133,98,0.112,0.887,0.47,21.657,14.99,0.18,0.579,68.084
8t4b_OQ,Env,A,N332,protenix,4,153.583,8t4b_oq_sample_1.cif,0.031,0.126,95,0.179,0.891,0.49,30.43,20.845,0.18,0.579,68.084
8t4b_OQ,Env,A,N332,protenix,4,153.583,8t4b_oq_sample_2.cif,0.005,0.134,82,0.098,0.91,0.477,32.588,23.614,0.18,0.579,68.084
8t4b_OQ,Env,A,N332,protenix,4,153.583,8t4b_oq_sample_3.cif,0.024,0.145,83,0.157,0.881,0.379,21.592,14.824,0.18,0.579,68.084
8t4b_OQ,Env,A,N332,protenix,4,153.583,8t4b_oq_sample_4.cif,0.003,0.0,55,0.0,0.151,0.308,54.39,45.199,0.18,0.579,68.084
8t4b_OQ,Env,A,N332,protenix,5,81.0,8t4b_oq_sample_0.cif,0.006,0.136,81,0.111,0.867,0.389,34.687,24.295,0.212,0.665,74.293
8t4b_OQ,Env,A,N332,protenix,5,81.0,8t4b_oq_sample_1.cif,0.032,0.143,84,0.071,0.902,0.36,37.873,27.351,0.212,0.665,74.293
8t4b_OQ,Env,A,N332,protenix,5,81.0,8t4b_oq_sample_2.cif,0.014,0.143,77,0.065,0.88,0.36,34.821,24.512,0.212,0.665,74.293
8t4b_OQ,Env,A,N332,protenix,5,81.0,8t4b_oq_sample_3.cif,0.014,0.165,85,0.106,0.922,0.409,31.308,21.376,0.212,0.665,74.293
8t4b_OQ,Env,A,N332,protenix,5,81.0,8t4b_oq_sample_4.cif,0.006,0.197,66,0.076,0.918,0.309,37.145,27.98,0.212,0.665,74.293
8t4b_OQ,Env,A,N332,protenix,6,31.0,8t4b_oq_sample_0.cif,0.049,0.108,93,0.097,0.864,0.385,29.282,23.582,0.244,0.615,68.766
8t4b_OQ,Env,A,N332,protenix,6,31.0,8t4b_oq_sample_1.cif,0.032,0.129,70,0.071,0.897,0.338,30.968,24.168,0.244,0.615,68.766
8t4b_OQ,Env,A,N332,protenix,6,31.0,8t4b_oq_sample_2.cif,0.023,0.133,83,0.072,0.893,0.364,28.081,21.775,0.244,0.615,68.766
8t4b_OQ,Env,A,N332,protenix,6,31.0,8t4b_oq_sample_3.cif,0.023,0.119,84,0.083,0.878,0.348,27.433,22.102,0.244,0.615,68.766
8t4b_OQ,Env,A,N332,protenix,6,31.0,8t4b_oq_sample_4.cif,0.025,0.083,121,0.083,0.802,0.348,26.266,16.586,0.244,0.615,68.766
8t4b_OQ,Env,A,N332,protenix,7,14.0,8t4b_oq_sample_0.cif,0.026,0.025,81,0.111,0.612,0.443,23.159,19.236,0.23,0.59,66.791
8t4b_OQ,Env,A,N332,protenix,7,14.0,8t4b_oq_sample_1.cif,0.026,0.024,83,0.12,0.631,0.442,21.942,19.156,0.23,0.59,66.791
8t4b_OQ,Env,A,N332,protenix,7,14.0,8t4b_oq_sample_2.cif,0.026,0.039,77,0.13,0.575,0.49,21.879,18.875,0.23,0.59,66.791
8t4b_OQ,Env,A,N332,protenix,7,14.0,8t4b_oq_sample_3.cif,0.023,0.019,104,0.087,0.496,0.422,29.062,20.905,0.23,0.59,66.791
8t4b_OQ,Env,A,N332,protenix,7,14.0,8t4b_oq_sample_4.cif,0.005,0.11,82,0.134,0.873,0.412,31.507,19.128,0.23,0.59,66.791
8t4b_OQ,Env,A,N332,protenix,8,4.0,8t4b_oq_sample_0.cif,0.016,0.079,63,0.206,0.702,0.508,17.652,25.552,0.15,0.394,54.31
8t4b_OQ,Env,A,N332,protenix,8,4.0,8t4b_oq_sample_1.cif,0.007,0.119,42,0.167,0.695,0.52,18.734,28.865,0.15,0.394,54.31
8t4b_OQ,Env,A,N332,protenix,8,4.0,8t4b_oq_sample_2.cif,0.007,0.026,39,0.179,0.602,0.488,19.913,26.445,0.15,0.394,54.31
8t4b_OQ,Env,A,N332,protenix,8,4.0,8t4b_oq_sample_3.cif,0.006,0.011,95,0.147,0.503,0.403,21.291,15.714,0.15,0.394,54.31
8t4b_OQ,Env,A,N332,protenix,8,4.0,8t4b_oq_sample_4.cif,0.006,0.013,79,0.215,0.347,0.459,24.825,22.855,0.15,0.394,54.31
8t4b_OQ,Env,A,N332,protenix,9,3.0,8t4b_oq_sample_0.cif,0.009,0.047,127,0.197,0.6,0.524,16.925,11.349,0.161,0.303,42.741
8t4b_OQ,Env,A,N332,protenix,9,3.0,8t4b_oq_sample_1.cif,0.006,0.0,81,0.025,0.278,0.423,29.879,17.116,0.161,0.303,42.741
8t4b_OQ,Env,A,N332,protenix,9,3.0,8t4b_oq_sample_2.cif,0.025,0.043,117,0.222,0.57,0.599,16.182,9.773,0.161,0.303,42.741
8t4b_OQ,Env,A,N332,protenix,9,3.0,8t4b_oq_sample_3.cif,0.052,0.079,126,0.23,0.82,0.552,20.635,5.444,0.161,0.303,42.741
8t4b_OQ,Env,A,N332,protenix,9,3.0,8t4b_oq_sample_4.cif,0.011,0.104,67,0.299,0.831,0.577,20.203,7.693,0.161,0.303,42.741
8t4b_OQ,Env,A,N332,protenix,10,1.0,8t4b_oq_sample_0.cif,0.009,0.007,148,0.122,0.336,0.461,9.757,11.095,0.183,0.303,38.645
8t4b_OQ,Env,A,N332,protenix,10,1.0,8t4b_oq_sample_1.cif,0.008,0.033,120,0.258,0.529,0.623,13.921,6.512,0.183,0.303,38.645
8t4b_OQ,Env,A,N332,protenix,10,1.0,8t4b_oq_sample_2.cif,0.023,0.028,106,0.123,0.474,0.419,17.594,14.469,0.183,0.303,38.645
8t4b_OQ,Env,A,N332,protenix,10,1.0,8t4b_oq_sample_3.cif,0.024,0.057,105,0.305,0.5,0.66,8.24,4.115,0.183,0.303,38.645
8t4b_OQ,Env,A,N332,protenix,10,1.0,8t4b_oq_sample_4.cif,0.008,0.049,102,0.176,0.55,0.573,8.961,9.619,0.183,0.303,38.645
8t4b_OQ,Env,A,N332,protenix,11,1.0,8t4b_oq_sample_0.cif,0.013,0.05,101,0.228,0.448,0.611,10.315,3.402,0.166,0.291,42.88
8t4b_OQ,Env,A,N332,protenix,11,1.0,8t4b_oq_sample_1.cif,0.009,0.035,86,0.279,0.437,0.639,21.363,6.87,0.166,0.291,42.88
8t4b_OQ,Env,A,N332,protenix,11,1.0,8t4b_oq_sample_2.cif,0.008,0.1,90,0.244,0.633,0.646,15.105,7.644,0.166,0.291,42.88
8t4b_OQ,Env,A,N332,protenix,11,1.0,8t4b_oq_sample_3.cif,0.016,0.09,89,0.112,0.723,0.513,9.508,18.129,0.166,0.291,42.88
8t4b_OQ,Env,A,N332,protenix,11,1.0,8t4b_oq_sample_4.cif,0.007,0.079,139,0.158,0.778,0.513,6.524,10.936,0.166,0.291,42.88
8t4d_OQ,Env,A,N332,boltz,0,2935.914,input_model_0.cif,0.008,0.0,26,0.0,0.436,0.504,28.27,19.674,0.475,0.715,0.861
8t4d_OQ,Env,A,N332,boltz,0,2935.914,input_model_1.cif,0.009,0.0,31,0.0,0.351,0.485,29.265,20.021,0.475,0.715,0.861
8t4d_OQ,Env,A,N332,boltz,0,2935.914,input_model_2.cif,0.008,0.0,33,0.03,0.458,0.541,27.413,19.941,0.475,0.715,0.861
8t4d_OQ,Env,A,N332,boltz,0,2935.914,input_model_3.cif,0.008,0.0,26,0.115,0.529,0.547,28.639,23.096,0.475,0.715,0.861
8t4d_OQ,Env,A,N332,boltz,0,2935.914,input_model_4.cif,0.012,0.0,23,0.174,0.622,0.541,25.104,21.135,0.475,0.715,0.861
8t4d_OQ,Env,A,N332,boltz,1,1433.539,input_model_0.cif,0.007,0.0,27,0.0,0.415,0.504,28.353,20.188,0.529,0.743,0.858
8t4d_OQ,Env,A,N332,boltz,1,1433.539,input_model_1.cif,0.007,0.0,27,0.0,0.382,0.525,28.131,20.339,0.529,0.743,0.858
8t4d_OQ,Env,A,N332,boltz,1,1433.539,input_model_2.cif,0.008,0.05,20,0.6,0.692,0.703,24.938,23.119,0.529,0.743,0.858
8t4d_OQ,Env,A,N332,boltz,1,1433.539,input_model_3.cif,0.01,0.0,22,0.0,0.465,0.5,27.036,19.959,0.529,0.743,0.858
8t4d_OQ,Env,A,N332,boltz,1,1433.539,input_model_4.cif,0.007,0.0,22,0.0,0.539,0.544,27.672,22.191,0.529,0.743,0.858
8t4d_OQ,Env,A,N332,boltz,2,674.603,input_model_0.cif,0.007,0.0,30,0.067,0.402,0.534,29.035,20.999,0.632,0.795,0.846
8t4d_OQ,Env,A,N332,boltz,2,674.603,input_model_1.cif,0.008,0.0,24,0.042,0.563,0.541,27.966,22.182,0.632,0.795,0.846
8t4d_OQ,Env,A,N332,boltz,2,674.603,input_model_2.cif,0.008,0.0,30,0.0,0.433,0.52,26.963,19.098,0.632,0.795,0.846
8t4d_OQ,Env,A,N332,boltz,2,674.603,input_model_3.cif,0.008,0.0,27,0.0,0.397,0.497,29.938,21.392,0.632,0.795,0.846
8t4d_OQ,Env,A,N332,boltz,2,674.603,input_model_4.cif,0.063,0.379,29,0.345,0.873,0.692,11.383,19.121,0.632,0.795,0.846
8t4d_OQ,Env,A,N332,boltz,3,319.087,input_model_0.cif,0.008,0.0,22,0.0,0.419,0.524,26.581,19.201,0.429,0.681,0.857
8t4d_OQ,Env,A,N332,boltz,3,319.087,input_model_1.cif,0.392,0.704,27,0.185,0.956,0.624,2.773,16.515,0.429,0.681,0.857
8t4d_OQ,Env,A,N332,boltz,3,319.087,input_model_2.cif,0.007,0.0,34,0.029,0.384,0.521,27.306,19.062,0.429,0.681,0.857
8t4d_OQ,Env,A,N332,boltz,3,319.087,input_model_3.cif,0.007,0.0,27,0.0,0.403,0.52,28.202,20.315,0.429,0.681,0.857
8t4d_OQ,Env,A,N332,boltz,3,319.087,input_model_4.cif,0.007,0.0,25,0.16,0.572,0.556,28.73,23.735,0.429,0.681,0.857
8t4d_OQ,Env,A,N332,boltz,4,153.583,input_model_0.cif,0.008,0.0,31,0.0,0.438,0.518,27.962,19.734,0.645,0.791,0.851
8t4d_OQ,Env,A,N332,boltz,4,153.583,input_model_1.cif,0.188,0.417,36,0.278,0.904,0.664,9.693,14.758,0.645,0.791,0.851
8t4d_OQ,Env,A,N332,boltz,4,153.583,input_model_2.cif,0.006,0.0,24,0.042,0.45,0.518,29.07,22.885,0.645,0.791,0.851
8t4d_OQ,Env,A,N332,boltz,4,153.583,input_model_3.cif,0.007,0.0,25,0.08,0.378,0.53,30.258,21.84,0.645,0.791,0.851
8t4d_OQ,Env,A,N332,boltz,4,153.583,input_model_4.cif,0.008,0.0,27,0.0,0.419,0.519,27.506,20.095,0.645,0.791,0.851
8t4d_OQ,Env,A,N332,boltz,5,81.0,input_model_0.cif,0.007,0.0,31,0.065,0.368,0.511,29.403,21.332,0.639,0.798,0.852
8t4d_OQ,Env,A,N332,boltz,5,81.0,input_model_1.cif,0.008,0.0,33,0.03,0.477,0.531,27.07,20.325,0.639,0.798,0.852
8t4d_OQ,Env,A,N332,boltz,5,81.0,input_model_2.cif,0.006,0.0,19,0.158,0.393,0.604,30.612,23.017,0.639,0.798,0.852
8t4d_OQ,Env,A,N332,boltz,5,81.0,input_model_3.cif,0.008,0.0,33,0.03,0.447,0.537,27.689,20.45,0.639,0.798,0.852
8t4d_OQ,Env,A,N332,boltz,5,81.0,input_model_4.cif,0.008,0.0,27,0.074,0.553,0.528,27.248,21.876,0.639,0.798,0.852
8t4d_OQ,Env,A,N332,boltz,6,31.0,input_model_0.cif,0.008,0.0,38,0.079,0.479,0.541,27.384,20.4,0.606,0.785,0.851
8t4d_OQ,Env,A,N332,boltz,6,31.0,input_model_1.cif,0.008,0.0,27,0.0,0.453,0.483,27.475,19.662,0.606,0.785,0.851
8t4d_OQ,Env,A,N332,boltz,6,31.0,input_model_2.cif,0.008,0.0,25,0.0,0.415,0.519,27.811,20.259,0.606,0.785,0.851
8t4d_OQ,Env,A,N332,boltz,6,31.0,input_model_3.cif,0.007,0.0,28,0.0,0.44,0.522,28.625,21.059,0.606,0.785,0.851
8t4d_OQ,Env,A,N332,boltz,6,31.0,input_model_4.cif,0.007,0.0,29,0.207,0.546,0.622,28.744,23.209,0.606,0.785,0.851
8t4d_OQ,Env,A,N332,boltz,7,14.0,input_model_0.cif,0.008,0.0,31,0.0,0.472,0.527,25.917,19.242,0.636,0.795,0.854
8t4d_OQ,Env,A,N332,boltz,7,14.0,input_model_1.cif,0.009,0.0,25,0.52,0.681,0.696,23.979,22.355,0.636,0.795,0.854
8t4d_OQ,Env,A,N332,boltz,7,14.0,input_model_2.cif,0.008,0.0,30,0.0,0.422,0.526,27.596,19.988,0.636,0.795,0.854
8t4d_OQ,Env,A,N332,boltz,7,14.0,input_model_3.cif,0.034,0.323,31,0.355,0.911,0.681,9.842,12.903,0.636,0.795,0.854
8t4d_OQ,Env,A,N332,boltz,7,14.0,input_model_4.cif,0.007,0.0,26,0.038,0.457,0.514,29.11,21.396,0.636,0.795,0.854
8t4d_OQ,Env,A,N332,boltz,8,4.0,input_model_0.cif,0.043,0.594,32,0.281,0.946,0.668,6.327,15.921,0.584,0.766,0.847
8t4d_OQ,Env,A,N332,boltz,8,4.0,input_model_1.cif,0.008,0.0,16,0.75,0.67,0.697,27.925,24.42,0.584,0.766,0.847
8t4d_OQ,Env,A,N332,boltz,8,4.0,input_model_2.cif,0.008,0.0,28,0.0,0.399,0.502,28.642,20.327,0.584,0.766,0.847
8t4d_OQ,Env,A,N332,boltz,8,4.0,input_model_3.cif,0.008,0.0,22,0.045,0.502,0.501,25.752,18.458,0.584,0.766,0.847
8t4d_OQ,Env,A,N332,boltz,8,4.0,input_model_4.cif,0.012,0.091,44,0.068,0.673,0.479,19.798,14.868,0.584,0.766,0.847
8t4d_OQ,Env,A,N332,boltz,9,3.0,input_model_0.cif,0.007,0.0,26,0.0,0.345,0.492,30.454,20.656,0.578,0.766,0.848
8t4d_OQ,Env,A,N332,boltz,9,3.0,input_model_1.cif,0.008,0.0,27,0.0,0.425,0.513,28.426,19.978,0.578,0.766,0.848
8t4d_OQ,Env,A,N332,boltz,9,3.0,input_model_2.cif,0.008,0.0,25,0.04,0.548,0.544,26.387,21.532,0.578,0.766,0.848
8t4d_OQ,Env,A,N332,boltz,9,3.0,input_model_3.cif,0.008,0.0,32,0.062,0.394,0.519,28.263,20.24,0.578,0.766,0.848
8t4d_OQ,Env,A,N332,boltz,9,3.0,input_model_4.cif,0.007,0.0,20,0.05,0.562,0.576,27.907,21.975,0.578,0.766,0.848
8t4d_OQ,Env,A,N332,boltz,10,1.0,input_model_0.cif,0.007,0.0,26,0.077,0.392,0.516,30.358,21.805,0.62,0.791,0.852
8t4d_OQ,Env,A,N332,boltz,10,1.0,input_model_1.cif,0.008,0.0,22,0.545,0.686,0.69,25.541,24.02,0.62,0.791,0.852
8t4d_OQ,Env,A,N332,boltz,10,1.0,input_model_2.cif,0.008,0.0,24,0.042,0.402,0.53,29.596,21.376,0.62,0.791,0.852
8t4d_OQ,Env,A,N332,boltz,10,1.0,input_model_3.cif,0.007,0.0,17,0.235,0.57,0.607,30.734,25.707,0.62,0.791,0.852
8t4d_OQ,Env,A,N332,boltz,10,1.0,input_model_4.cif,0.008,0.0,31,0.065,0.42,0.525,29.089,21.106,0.62,0.791,0.852
8t4d_OQ,Env,A,N332,protenix,0,2935.914,8t4d_oq_sample_0.cif,0.007,0.159,82,0.11,0.728,0.33,35.009,24.628,0.272,0.675,73.12
8t4d_OQ,Env,A,N332,protenix,0,2935.914,8t4d_oq_sample_1.cif,0.007,0.128,94,0.106,0.702,0.384,33.345,22.95,0.272,0.675,73.12
8t4d_OQ,Env,A,N332,protenix,0,2935.914,8t4d_oq_sample_2.cif,0.007,0.188,85,0.106,0.754,0.341,29.269,19.973,0.272,0.675,73.12
8t4d_OQ,Env,A,N332,protenix,0,2935.914,8t4d_oq_sample_3.cif,0.007,0.174,86,0.081,0.714,0.344,35.951,24.974,0.272,0.675,73.12
8t4d_OQ,Env,A,N332,protenix,0,2935.914,8t4d_oq_sample_4.cif,0.006,0.0,85,0.0,0.24,0.361,40.175,28.178,0.272,0.675,73.12
8t4d_OQ,Env,A,N332,protenix,1,1433.539,8t4d_oq_sample_0.cif,0.007,0.163,86,0.093,0.725,0.345,31.117,21.072,0.229,0.658,69.473
8t4d_OQ,Env,A,N332,protenix,1,1433.539,8t4d_oq_sample_1.cif,0.007,0.144,97,0.093,0.729,0.339,30.346,19.839,0.229,0.658,69.473
8t4d_OQ,Env,A,N332,protenix,1,1433.539,8t4d_oq_sample_2.cif,0.007,0.179,78,0.103,0.74,0.323,33.045,22.777,0.229,0.658,69.473
8t4d_OQ,Env,A,N332,protenix,1,1433.539,8t4d_oq_sample_3.cif,0.008,0.2,70,0.071,0.78,0.316,32.475,22.151,0.229,0.658,69.473
8t4d_OQ,Env,A,N332,protenix,1,1433.539,8t4d_oq_sample_4.cif,0.015,0.227,75,0.52,0.83,0.795,13.901,6.415,0.229,0.658,69.473
8t4d_OQ,Env,A,N332,protenix,2,674.603,8t4d_oq_sample_0.cif,0.008,0.136,81,0.235,0.793,0.511,15.239,13.874,0.183,0.589,68.009
8t4d_OQ,Env,A,N332,protenix,2,674.603,8t4d_oq_sample_1.cif,0.033,0.209,67,0.239,0.865,0.58,8.015,14.066,0.183,0.589,68.009
8t4d_OQ,Env,A,N332,protenix,2,674.603,8t4d_oq_sample_2.cif,0.009,0.254,59,0.136,0.789,0.493,14.46,13.774,0.183,0.589,68.009
8t4d_OQ,Env,A,N332,protenix,2,674.603,8t4d_oq_sample_3.cif,0.027,0.366,41,0.293,0.92,0.544,5.726,16.927,0.183,0.589,68.009
8t4d_OQ,Env,A,N332,protenix,2,674.603,8t4d_oq_sample_4.cif,0.013,0.173,52,0.212,0.793,0.552,14.988,18.273,0.183,0.589,68.009
8t4d_OQ,Env,A,N332,protenix,3,319.087,8t4d_oq_sample_0.cif,0.053,0.129,70,0.243,0.642,0.646,15.829,20.721,0.214,0.593,64.649
8t4d_OQ,Env,A,N332,protenix,3,319.087,8t4d_oq_sample_1.cif,0.017,0.16,94,0.245,0.795,0.61,9.513,13.476,0.214,0.593,64.649
8t4d_OQ,Env,A,N332,protenix,3,319.087,8t4d_oq_sample_2.cif,0.052,0.152,105,0.248,0.806,0.648,8.693,14.534,0.214,0.593,64.649
8t4d_OQ,Env,A,N332,protenix,3,319.087,8t4d_oq_sample_3.cif,0.072,0.134,82,0.244,0.795,0.674,10.415,15.147,0.214,0.593,64.649
8t4d_OQ,Env,A,N332,protenix,3,319.087,8t4d_oq_sample_4.cif,0.005,0.0,89,0.0,0.31,0.303,37.408,27.694,0.214,0.593,64.649
8t4d_OQ,Env,A,N332,protenix,4,153.583,8t4d_oq_sample_0.cif,0.046,0.156,90,0.489,0.789,0.791,10.574,5.037,0.19,0.57,67.437
8t4d_OQ,Env,A,N332,protenix,4,153.583,8t4d_oq_sample_1.cif,0.029,0.191,89,0.247,0.844,0.66,4.962,15.951,0.19,0.57,67.437
8t4d_OQ,Env,A,N332,protenix,4,153.583,8t4d_oq_sample_2.cif,0.026,0.264,72,0.292,0.901,0.675,7.531,17.187,0.19,0.57,67.437
8t4d_OQ,Env,A,N332,protenix,4,153.583,8t4d_oq_sample_3.cif,0.008,0.069,116,0.224,0.644,0.611,16.908,10.944,0.19,0.57,67.437
8t4d_OQ,Env,A,N332,protenix,4,153.583,8t4d_oq_sample_4.cif,0.063,0.304,46,0.13,0.885,0.62,16.705,18.201,0.19,0.57,67.437
8t4d_OQ,Env,A,N332,protenix,5,81.0,8t4d_oq_sample_0.cif,0.048,0.227,66,0.333,0.855,0.681,15.693,14.266,0.186,0.593,67.053
8t4d_OQ,Env,A,N332,protenix,5,81.0,8t4d_oq_sample_1.cif,0.042,0.258,66,0.242,0.875,0.634,8.097,12.452,0.186,0.593,67.053
8t4d_OQ,Env,A,N332,protenix,5,81.0,8t4d_oq_sample_2.cif,0.047,0.239,67,0.418,0.879,0.748,13.851,7.966,0.186,0.593,67.053
8t4d_OQ,Env,A,N332,protenix,5,81.0,8t4d_oq_sample_3.cif,0.068,0.46,50,0.24,0.939,0.689,4.623,13.723,0.186,0.593,67.053
8t4d_OQ,Env,A,N332,protenix,5,81.0,8t4d_oq_sample_4.cif,0.06,0.319,47,0.17,0.884,0.603,10.927,15.061,0.186,0.593,67.053
8t4d_OQ,Env,A,N332,protenix,6,31.0,8t4d_oq_sample_0.cif,0.01,0.128,78,0.141,0.803,0.437,17.182,13.587,0.2,0.563,64.059
8t4d_OQ,Env,A,N332,protenix,6,31.0,8t4d_oq_sample_1.cif,0.025,0.202,94,0.213,0.859,0.607,10.332,12.188,0.2,0.563,64.059
8t4d_OQ,Env,A,N332,protenix,6,31.0,8t4d_oq_sample_2.cif,0.009,0.183,82,0.183,0.834,0.569,11.288,11.699,0.2,0.563,64.059
8t4d_OQ,Env,A,N332,protenix,6,31.0,8t4d_oq_sample_3.cif,0.026,0.232,56,0.161,0.853,0.567,12.522,17.237,0.2,0.563,64.059
8t4d_OQ,Env,A,N332,protenix,6,31.0,8t4d_oq_sample_4.cif,0.007,0.013,76,0.039,0.363,0.389,20.036,13.04,0.2,0.563,64.059
8t4d_OQ,Env,A,N332,protenix,7,14.0,8t4d_oq_sample_0.cif,0.036,0.212,80,0.375,0.836,0.726,13.94,7.393,0.248,0.61,65.931
8t4d_OQ,Env,A,N332,protenix,7,14.0,8t4d_oq_sample_1.cif,0.016,0.219,73,0.521,0.857,0.769,13.623,5.141,0.248,0.61,65.931
8t4d_OQ,Env,A,N332,protenix,7,14.0,8t4d_oq_sample_2.cif,0.024,0.188,80,0.463,0.818,0.756,16.395,5.868,0.248,0.61,65.931
8t4d_OQ,Env,A,N332,protenix,7,14.0,8t4d_oq_sample_3.cif,0.014,0.163,80,0.425,0.767,0.722,17.724,8.724,0.248,0.61,65.931
8t4d_OQ,Env,A,N332,protenix,7,14.0,8t4d_oq_sample_4.cif,0.028,0.042,72,0.403,0.633,0.663,18.987,12.425,0.248,0.61,65.931
8t4d_OQ,Env,A,N332,protenix,8,4.0,8t4d_oq_sample_0.cif,0.031,0.221,77,0.286,0.819,0.644,7.041,11.093,0.175,0.404,57.464
8t4d_OQ,Env,A,N332,protenix,8,4.0,8t4d_oq_sample_1.cif,0.014,0.163,92,0.304,0.81,0.676,5.167,11.926,0.175,0.404,57.464
8t4d_OQ,Env,A,N332,protenix,8,4.0,8t4d_oq_sample_2.cif,0.029,0.138,80,0.237,0.755,0.593,7.997,17.154,0.175,0.404,57.464
8t4d_OQ,Env,A,N332,protenix,8,4.0,8t4d_oq_sample_3.cif,0.006,0.09,100,0.16,0.605,0.462,20.326,11.662,0.175,0.404,57.464
8t4d_OQ,Env,A,N332,protenix,8,4.0,8t4d_oq_sample_4.cif,0.028,0.077,91,0.143,0.511,0.424,21.948,17.141,0.175,0.404,57.464
8t4d_OQ,Env,A,N332,protenix,9,3.0,8t4d_oq_sample_0.cif,0.02,0.105,105,0.257,0.693,0.603,11.221,14.598,0.158,0.304,44.504
8t4d_OQ,Env,A,N332,protenix,9,3.0,8t4d_oq_sample_1.cif,0.028,0.146,89,0.225,0.745,0.54,11.498,16.161,0.158,0.304,44.504
8t4d_OQ,Env,A,N332,protenix,9,3.0,8t4d_oq_sample_2.cif,0.02,0.079,89,0.213,0.565,0.536,8.945,18.123,0.158,0.304,44.504
8t4d_OQ,Env,A,N332,protenix,9,3.0,8t4d_oq_sample_3.cif,0.044,0.176,108,0.315,0.827,0.652,6.699,10.849,0.158,0.304,44.504
8t4d_OQ,Env,A,N332,protenix,9,3.0,8t4d_oq_sample_4.cif,0.008,0.041,123,0.163,0.391,0.47,22.598,8.097,0.158,0.304,44.504
8t4d_OQ,Env,A,N332,protenix,10,1.0,8t4d_oq_sample_0.cif,0.014,0.011,93,0.28,0.372,0.583,17.808,9.259,0.17,0.301,40.703
8t4d_OQ,Env,A,N332,protenix,10,1.0,8t4d_oq_sample_1.cif,0.026,0.098,123,0.154,0.67,0.476,4.128,11.305,0.17,0.301,40.703
8t4d_OQ,Env,A,N332,protenix,10,1.0,8t4d_oq_sample_2.cif,0.009,0.088,114,0.211,0.631,0.552,8.405,7.48,0.17,0.301,40.703
8t4d_OQ,Env,A,N332,protenix,10,1.0,8t4d_oq_sample_3.cif,0.009,0.016,125,0.24,0.396,0.607,20.208,10.467,0.17,0.301,40.703
8t4d_OQ,Env,A,N332,protenix,10,1.0,8t4d_oq_sample_4.cif,0.014,0.08,137,0.197,0.553,0.59,10.94,4.347,0.17,0.301,40.703
8t4d_OQ,Env,A,N332,protenix,11,1.0,8t4d_oq_sample_0.cif,0.023,0.103,136,0.191,0.702,0.559,1.842,6.86,0.158,0.261,36.099
8t4d_OQ,Env,A,N332,protenix,11,1.0,8t4d_oq_sample_1.cif,0.031,0.179,67,0.149,0.818,0.525,10.893,12.174,0.158,0.261,36.099
8t4d_OQ,Env,A,N332,protenix,11,1.0,8t4d_oq_sample_2.cif,0.011,0.0,77,0.156,0.32,0.531,20.849,10.571,0.158,0.261,36.099
8t4d_OQ,Env,A,N332,protenix,11,1.0,8t4d_oq_sample_3.cif,0.007,0.045,112,0.241,0.433,0.572,13.383,6.407,0.158,0.261,36.099
8t4d_OQ,Env,A,N332,protenix,11,1.0,8t4d_oq_sample_4.cif,0.015,0.072,97,0.196,0.629,0.563,8.033,9.381,0.158,0.261,36.099
8tjr_HL,Env,B,FP,protenix,0,202.356,8tjr_hl_sample_0.cif,0.021,0.074,121,0.0,0.481,,11.461,,0.472,0.545,59.396
8tjr_HL,Env,B,FP,protenix,0,202.356,8tjr_hl_sample_1.cif,0.026,0.08,112,0.0,0.484,,11.279,,0.472,0.545,59.396
8tjr_HL,Env,B,FP,protenix,0,202.356,8tjr_hl_sample_2.cif,0.031,0.084,119,0.0,0.475,,11.154,,0.472,0.545,59.396
8tjr_HL,Env,B,FP,protenix,0,202.356,8tjr_hl_sample_3.cif,0.031,0.076,119,0.0,0.453,,10.563,,0.472,0.545,59.396
8tjr_HL,Env,B,FP,protenix,0,202.356,8tjr_hl_sample_4.cif,0.031,0.081,124,0.0,0.444,,11.234,,0.472,0.545,59.396
8tjr_HL,Env,B,FP,protenix,1,146.973,8tjr_hl_sample_0.cif,0.015,0.039,128,0.0,0.353,,14.613,,0.357,0.417,51.275
8tjr_HL,Env,B,FP,protenix,1,146.973,8tjr_hl_sample_1.cif,0.014,0.077,130,0.0,0.442,,7.5,,0.357,0.417,51.275
8tjr_HL,Env,B,FP,protenix,1,146.973,8tjr_hl_sample_2.cif,0.014,0.093,140,0.0,0.546,,8.581,,0.357,0.417,51.275
8tjr_HL,Env,B,FP,protenix,1,146.973,8tjr_hl_sample_3.cif,0.021,0.075,133,0.0,0.506,,14.679,,0.357,0.417,51.275
8tjr_HL,Env,B,FP,protenix,1,146.973,8tjr_hl_sample_4.cif,0.012,0.045,112,0.0,0.371,,15.802,,0.357,0.417,51.275
8tjr_HL,Env,B,FP,protenix,2,87.381,8tjr_hl_sample_0.cif,0.025,0.07,129,0.0,0.456,,10.279,,0.371,0.453,52.714
8tjr_HL,Env,B,FP,protenix,2,87.381,8tjr_hl_sample_1.cif,0.026,0.071,127,0.0,0.47,,11.287,,0.371,0.453,52.714
8tjr_HL,Env,B,FP,protenix,2,87.381,8tjr_hl_sample_2.cif,0.031,0.076,131,0.0,0.463,,10.483,,0.371,0.453,52.714
8tjr_HL,Env,B,FP,protenix,2,87.381,8tjr_hl_sample_3.cif,0.025,0.056,124,0.0,0.423,,10.114,,0.371,0.453,52.714
8tjr_HL,Env,B,FP,protenix,2,87.381,8tjr_hl_sample_4.cif,0.015,0.088,137,0.0,0.549,,11.129,,0.371,0.453,52.714
8tjr_HL,Env,B,FP,protenix,3,65.564,8tjr_hl_sample_0.cif,0.015,0.035,143,0.0,0.327,,6.574,,0.326,0.396,53.333
8tjr_HL,Env,B,FP,protenix,3,65.564,8tjr_hl_sample_1.cif,0.014,0.056,124,0.0,0.389,,4.969,,0.326,0.396,53.333
8tjr_HL,Env,B,FP,protenix,3,65.564,8tjr_hl_sample_2.cif,0.014,0.113,133,0.0,0.583,,7.744,,0.326,0.396,53.333
8tjr_HL,Env,B,FP,protenix,3,65.564,8tjr_hl_sample_3.cif,0.018,0.059,135,0.0,0.424,,15.066,,0.326,0.396,53.333
8tjr_HL,Env,B,FP,protenix,3,65.564,8tjr_hl_sample_4.cif,0.014,0.024,123,0.0,0.36,,9.873,,0.326,0.396,53.333
8tjr_HL,Env,B,FP,protenix,4,41.007,8tjr_hl_sample_0.cif,0.015,0.064,110,0.0,0.545,,14.111,,0.293,0.363,46.161
8tjr_HL,Env,B,FP,protenix,4,41.007,8tjr_hl_sample_1.cif,0.032,0.111,108,0.0,0.622,,8.096,,0.293,0.363,46.161
8tjr_HL,Env,B,FP,protenix,4,41.007,8tjr_hl_sample_2.cif,0.029,0.116,95,0.0,0.68,,9.107,,0.293,0.363,46.161
8tjr_HL,Env,B,FP,protenix,4,41.007,8tjr_hl_sample_3.cif,0.024,0.083,108,0.0,0.51,,12.984,,0.293,0.363,46.161
8tjr_HL,Env,B,FP,protenix,4,41.007,8tjr_hl_sample_4.cif,0.016,0.123,114,0.0,0.666,,13.115,,0.293,0.363,46.161
8tjr_HL,Env,B,FP,protenix,5,25.609,8tjr_hl_sample_0.cif,0.029,0.086,93,0.0,0.648,,13.787,,0.256,0.332,48.896
8tjr_HL,Env,B,FP,protenix,5,25.609,8tjr_hl_sample_1.cif,0.026,0.045,110,0.0,0.413,,11.109,,0.256,0.332,48.896
8tjr_HL,Env,B,FP,protenix,5,25.609,8tjr_hl_sample_2.cif,0.033,0.135,96,0.0,0.69,,13.552,,0.256,0.332,48.896
8tjr_HL,Env,B,FP,protenix,5,25.609,8tjr_hl_sample_3.cif,0.011,0.011,95,0.0,0.355,,20.732,,0.256,0.332,48.896
8tjr_HL,Env,B,FP,protenix,5,25.609,8tjr_hl_sample_4.cif,0.011,0.013,76,0.0,0.37,,16.553,,0.256,0.332,48.896
8tjr_HL,Env,B,FP,protenix,6,18.521,8tjr_hl_sample_0.cif,0.011,0.036,83,0.0,0.295,,18.013,,0.308,0.355,45.094
8tjr_HL,Env,B,FP,protenix,6,18.521,8tjr_hl_sample_1.cif,0.015,0.089,90,0.0,0.463,,19.042,,0.308,0.355,45.094
8tjr_HL,Env,B,FP,protenix,6,18.521,8tjr_hl_sample_2.cif,0.012,0.112,116,0.0,0.598,,15.399,,0.308,0.355,45.094
8tjr_HL,Env,B,FP,protenix,6,18.521,8tjr_hl_sample_3.cif,0.014,0.062,97,0.0,0.52,,17.645,,0.308,0.355,45.094
8tjr_HL,Env,B,FP,protenix,6,18.521,8tjr_hl_sample_4.cif,0.015,0.075,107,0.0,0.502,,11.975,,0.308,0.355,45.094
8tjr_HL,Env,B,FP,protenix,7,13.605,8tjr_hl_sample_0.cif,0.012,0.014,69,0.0,0.454,,11.332,,0.245,0.33,53.161
8tjr_HL,Env,B,FP,protenix,7,13.605,8tjr_hl_sample_1.cif,0.011,0.069,58,0.0,0.447,,8.639,,0.245,0.33,53.161
8tjr_HL,Env,B,FP,protenix,7,13.605,8tjr_hl_sample_2.cif,0.009,0.0,45,0.0,0.259,,12.453,,0.245,0.33,53.161
8tjr_HL,Env,B,FP,protenix,7,13.605,8tjr_hl_sample_3.cif,0.011,0.053,76,0.0,0.386,,11.346,,0.245,0.33,53.161
8tjr_HL,Env,B,FP,protenix,7,13.605,8tjr_hl_sample_4.cif,0.009,0.0,54,0.0,0.311,,12.004,,0.245,0.33,53.161
8tjr_HL,Env,B,FP,protenix,8,7.0,8tjr_hl_sample_0.cif,0.016,0.013,78,0.0,0.318,,29.804,,0.284,0.357,49.266
8tjr_HL,Env,B,FP,protenix,8,7.0,8tjr_hl_sample_1.cif,0.008,0.011,88,0.0,0.316,,37.565,,0.284,0.357,49.266
8tjr_HL,Env,B,FP,protenix,8,7.0,8tjr_hl_sample_2.cif,0.01,0.027,75,0.0,0.236,,35.635,,0.284,0.357,49.266
8tjr_HL,Env,B,FP,protenix,8,7.0,8tjr_hl_sample_3.cif,0.007,0.0,67,0.0,0.097,,44.858,,0.284,0.357,49.266
8tjr_HL,Env,B,FP,protenix,8,7.0,8tjr_hl_sample_4.cif,0.01,0.013,75,0.0,0.196,,35.537,,0.284,0.357,49.266
8tjr_HL,Env,B,FP,protenix,9,4.0,8tjr_hl_sample_0.cif,0.01,0.047,64,0.0,0.508,,29.931,,0.295,0.367,48.112
8tjr_HL,Env,B,FP,protenix,9,4.0,8tjr_hl_sample_1.cif,0.01,0.033,60,0.0,0.313,,33.051,,0.295,0.367,48.112
8tjr_HL,Env,B,FP,protenix,9,4.0,8tjr_hl_sample_2.cif,0.01,0.015,67,0.0,0.498,,31.44,,0.295,0.367,48.112
8tjr_HL,Env,B,FP,protenix,9,4.0,8tjr_hl_sample_3.cif,0.01,0.034,59,0.0,0.453,,33.801,,0.295,0.367,48.112
8tjr_HL,Env,B,FP,protenix,9,4.0,8tjr_hl_sample_4.cif,0.011,0.028,71,0.0,0.29,,34.927,,0.295,0.367,48.112
8tjr_HL,Env,B,FP,protenix,10,2.0,8tjr_hl_sample_0.cif,0.014,0.032,93,0.0,0.4,,22.095,,0.319,0.417,50.214
8tjr_HL,Env,B,FP,protenix,10,2.0,8tjr_hl_sample_1.cif,0.014,0.024,82,0.0,0.346,,26.789,,0.319,0.417,50.214
8tjr_HL,Env,B,FP,protenix,10,2.0,8tjr_hl_sample_2.cif,0.013,0.034,87,0.0,0.259,,39.214,,0.319,0.417,50.214
8tjr_HL,Env,B,FP,protenix,10,2.0,8tjr_hl_sample_3.cif,0.01,0.06,83,0.0,0.359,,38.803,,0.319,0.417,50.214
8tjr_HL,Env,B,FP,protenix,10,2.0,8tjr_hl_sample_4.cif,0.009,0.032,95,0.0,0.27,,37.149,,0.319,0.417,50.214
8tjr_HL,Env,B,FP,protenix,11,1.0,8tjr_hl_sample_0.cif,0.009,0.057,35,0.0,0.483,,12.137,,0.169,0.32,44.977
8tjr_HL,Env,B,FP,protenix,11,1.0,8tjr_hl_sample_1.cif,0.01,0.0,46,0.0,0.283,,18.871,,0.169,0.32,44.977
8tjr_HL,Env,B,FP,protenix,11,1.0,8tjr_hl_sample_2.cif,0.02,0.0,43,0.0,0.434,,15.861,,0.169,0.32,44.977
8tjr_HL,Env,B,FP,protenix,11,1.0,8tjr_hl_sample_3.cif,0.008,0.111,45,0.0,0.653,,12.487,,0.169,0.32,44.977
8tjr_HL,Env,B,FP,protenix,11,1.0,8tjr_hl_sample_4.cif,0.026,0.039,51,0.0,0.461,,12.623,,0.169,0.32,44.977
8tkc_GH,Env,B,FP,boltz,0,209.114,input_model_0.cif,0.016,0.0,35,0.0,0.288,,21.702,,0.944,0.959,0.754
8tkc_GH,Env,B,FP,boltz,0,209.114,input_model_1.cif,0.015,0.0,42,0.0,0.253,,25.794,,0.944,0.959,0.754
8tkc_GH,Env,B,FP,boltz,0,209.114,input_model_2.cif,0.012,0.0,26,0.0,0.311,,20.48,,0.944,0.959,0.754
8tkc_GH,Env,B,FP,boltz,0,209.114,input_model_3.cif,0.049,0.25,28,0.0,0.725,,8.873,,0.944,0.959,0.754
8tkc_GH,Env,B,FP,boltz,0,209.114,input_model_4.cif,0.013,0.08,25,0.0,0.439,,20.928,,0.944,0.959,0.754
8tkc_GH,Env,B,FP,boltz,1,145.773,input_model_0.cif,0.018,0.027,37,0.0,0.376,,18.694,,0.894,0.923,0.751
8tkc_GH,Env,B,FP,boltz,1,145.773,input_model_1.cif,0.013,0.107,28,0.0,0.42,,20.819,,0.894,0.923,0.751
8tkc_GH,Env,B,FP,boltz,1,145.773,input_model_2.cif,0.022,0.03,33,0.0,0.405,,14.816,,0.894,0.923,0.751
8tkc_GH,Env,B,FP,boltz,1,145.773,input_model_3.cif,0.026,0.028,36,0.0,0.344,,17.049,,0.894,0.923,0.751
8tkc_GH,Env,B,FP,boltz,1,145.773,input_model_4.cif,0.015,0.045,44,0.0,0.324,,16.428,,0.894,0.923,0.751
8tkc_GH,Env,B,FP,boltz,2,101.098,input_model_0.cif,0.013,0.0,23,0.0,0.275,,18.636,,0.903,0.932,0.763
8tkc_GH,Env,B,FP,boltz,2,101.098,input_model_1.cif,0.014,0.065,31,0.0,0.551,,17.8,,0.903,0.932,0.763
8tkc_GH,Env,B,FP,boltz,2,101.098,input_model_2.cif,0.016,0.026,39,0.0,0.3,,19.859,,0.903,0.932,0.763
8tkc_GH,Env,B,FP,boltz,2,101.098,input_model_3.cif,0.021,0.094,32,0.0,0.636,,15.108,,0.903,0.932,0.763
8tkc_GH,Env,B,FP,boltz,2,101.098,input_model_4.cif,0.017,0.056,36,0.0,0.438,,19.53,,0.903,0.932,0.763
8tkc_GH,Env,B,FP,boltz,3,67.901,input_model_0.cif,0.017,0.0,30,0.0,0.237,,14.398,,0.944,0.958,0.78
8tkc_GH,Env,B,FP,boltz,3,67.901,input_model_1.cif,0.016,0.0,33,0.0,0.268,,23.638,,0.944,0.958,0.78
8tkc_GH,Env,B,FP,boltz,3,67.901,input_model_2.cif,0.02,0.0,38,0.0,0.146,,21.067,,0.944,0.958,0.78
8tkc_GH,Env,B,FP,boltz,3,67.901,input_model_3.cif,0.013,0.034,29,0.0,0.286,,22.132,,0.944,0.958,0.78
8tkc_GH,Env,B,FP,boltz,3,67.901,input_model_4.cif,0.023,0.22,41,0.0,0.719,,9.567,,0.944,0.958,0.78
8tkc_GH,Env,B,FP,boltz,4,43.801,input_model_0.cif,0.014,0.0,36,0.0,0.269,,27.396,,0.924,0.944,0.773
8tkc_GH,Env,B,FP,boltz,4,43.801,input_model_1.cif,0.019,0.0,31,0.0,0.449,,19.775,,0.924,0.944,0.773
8tkc_GH,Env,B,FP,boltz,4,43.801,input_model_2.cif,0.014,0.0,32,0.0,0.456,,15.685,,0.924,0.944,0.773
8tkc_GH,Env,B,FP,boltz,4,43.801,input_model_3.cif,0.021,0.111,36,0.0,0.551,,14.939,,0.924,0.944,0.773
8tkc_GH,Env,B,FP,boltz,4,43.801,input_model_4.cif,0.045,0.175,40,0.0,0.678,,9.032,,0.924,0.944,0.773
8tkc_GH,Env,B,FP,boltz,5,33.118,input_model_0.cif,0.013,0.071,28,0.0,0.456,,20.305,,0.898,0.927,0.769
8tkc_GH,Env,B,FP,boltz,5,33.118,input_model_1.cif,0.019,0.0,34,0.0,0.257,,26.85,,0.898,0.927,0.769
8tkc_GH,Env,B,FP,boltz,5,33.118,input_model_2.cif,0.016,0.069,29,0.0,0.543,,13.923,,0.898,0.927,0.769
8tkc_GH,Env,B,FP,boltz,5,33.118,input_model_3.cif,0.013,0.071,28,0.0,0.637,,18.252,,0.898,0.927,0.769
8tkc_GH,Env,B,FP,boltz,5,33.118,input_model_4.cif,0.019,0.25,20,0.0,0.746,,13.474,,0.898,0.927,0.769
8tkc_GH,Env,B,FP,boltz,6,20.151,input_model_0.cif,0.022,0.13,23,0.0,0.607,,14.591,,0.91,0.935,0.811
8tkc_GH,Env,B,FP,boltz,6,20.151,input_model_1.cif,0.031,0.162,37,0.0,0.657,,14.303,,0.91,0.935,0.811
8tkc_GH,Env,B,FP,boltz,6,20.151,input_model_2.cif,0.015,0.0,27,0.0,0.109,,25.367,,0.91,0.935,0.811
8tkc_GH,Env,B,FP,boltz,6,20.151,input_model_3.cif,0.012,0.0,38,0.0,0.175,,30.564,,0.91,0.935,0.811
8tkc_GH,Env,B,FP,boltz,6,20.151,input_model_4.cif,0.038,0.205,39,0.0,0.67,,9.628,,0.91,0.935,0.811
8tkc_GH,Env,B,FP,boltz,7,8.149,input_model_0.cif,0.016,0.053,38,0.0,0.292,,26.049,,0.913,0.938,0.771
8tkc_GH,Env,B,FP,boltz,7,8.149,input_model_1.cif,0.013,0.037,27,0.0,0.573,,20.811,,0.913,0.938,0.771
8tkc_GH,Env,B,FP,boltz,7,8.149,input_model_2.cif,0.017,0.0,27,0.0,0.192,,23.139,,0.913,0.938,0.771
8tkc_GH,Env,B,FP,boltz,7,8.149,input_model_3.cif,0.018,0.0,37,0.0,0.349,,16.13,,0.913,0.938,0.771
8tkc_GH,Env,B,FP,boltz,7,8.149,input_model_4.cif,0.014,0.0,35,0.0,0.247,,23.509,,0.913,0.938,0.771
8tkc_GH,Env,B,FP,boltz,8,4.077,input_model_0.cif,0.037,0.333,27,0.0,0.821,,8.481,,0.856,0.901,0.79
8tkc_GH,Env,B,FP,boltz,8,4.077,input_model_1.cif,0.015,0.0,32,0.0,0.269,,23.811,,0.856,0.901,0.79
8tkc_GH,Env,B,FP,boltz,8,4.077,input_model_2.cif,0.021,0.0,31,0.0,0.255,,18.86,,0.856,0.901,0.79
8tkc_GH,Env,B,FP,boltz,8,4.077,input_model_3.cif,0.016,0.12,25,0.0,0.508,,17.307,,0.856,0.901,0.79
8tkc_GH,Env,B,FP,boltz,8,4.077,input_model_4.cif,0.015,0.0,26,0.0,0.24,,24.636,,0.856,0.901,0.79
8tkc_GH,Env,B,FP,boltz,9,4.0,input_model_0.cif,0.027,0.172,29,0.0,0.678,,12.885,,0.888,0.919,0.765
8tkc_GH,Env,B,FP,boltz,9,4.0,input_model_1.cif,0.031,0.093,43,0.0,0.494,,13.128,,0.888,0.919,0.765
8tkc_GH,Env,B,FP,boltz,9,4.0,input_model_2.cif,0.013,0.0,35,0.0,0.266,,30.757,,0.888,0.919,0.765
8tkc_GH,Env,B,FP,boltz,9,4.0,input_model_3.cif,0.019,0.029,35,0.0,0.451,,20.558,,0.888,0.919,0.765
8tkc_GH,Env,B,FP,boltz,9,4.0,input_model_4.cif,0.014,0.054,37,0.0,0.307,,26.904,,0.888,0.919,0.765
8tkc_GH,Env,B,FP,boltz,10,2.0,input_model_0.cif,0.022,0.03,33,0.0,0.323,,25.118,,0.891,0.923,0.776
8tkc_GH,Env,B,FP,boltz,10,2.0,input_model_1.cif,0.021,0.25,36,0.0,0.766,,11.841,,0.891,0.923,0.776
8tkc_GH,Env,B,FP,boltz,10,2.0,input_model_2.cif,0.02,0.031,32,0.0,0.286,,27.764,,0.891,0.923,0.776
8tkc_GH,Env,B,FP,boltz,10,2.0,input_model_3.cif,0.015,0.128,39,0.0,0.525,,17.757,,0.891,0.923,0.776
8tkc_GH,Env,B,FP,boltz,10,2.0,input_model_4.cif,0.021,0.1,40,0.0,0.599,,13.965,,0.891,0.923,0.776
8tkc_GH,Env,B,FP,protenix,0,209.114,8tkc_gh_sample_0.cif,0.051,0.143,77,0.0,0.707,,7.655,,0.247,0.437,60.43
8tkc_GH,Env,B,FP,protenix,0,209.114,8tkc_gh_sample_1.cif,0.031,0.114,70,0.0,0.518,,8.647,,0.247,0.437,60.43
8tkc_GH,Env,B,FP,protenix,0,209.114,8tkc_gh_sample_2.cif,0.016,0.036,56,0.0,0.385,,10.537,,0.247,0.437,60.43
8tkc_GH,Env,B,FP,protenix,0,209.114,8tkc_gh_sample_3.cif,0.01,0.0,43,0.0,0.296,,12.52,,0.247,0.437,60.43
8tkc_GH,Env,B,FP,protenix,0,209.114,8tkc_gh_sample_4.cif,0.011,0.203,64,0.0,0.725,,3.552,,0.247,0.437,60.43
8tkc_GH,Env,B,FP,protenix,1,145.773,8tkc_gh_sample_0.cif,0.017,0.044,45,0.0,0.294,,13.599,,0.196,0.445,68.571
8tkc_GH,Env,B,FP,protenix,1,145.773,8tkc_gh_sample_1.cif,0.016,0.027,37,0.0,0.342,,13.189,,0.196,0.445,68.571
8tkc_GH,Env,B,FP,protenix,1,145.773,8tkc_gh_sample_2.cif,0.01,0.024,42,0.0,0.298,,12.885,,0.196,0.445,68.571
8tkc_GH,Env,B,FP,protenix,1,145.773,8tkc_gh_sample_3.cif,0.036,0.074,54,0.0,0.45,,9.576,,0.196,0.445,68.571
8tkc_GH,Env,B,FP,protenix,1,145.773,8tkc_gh_sample_4.cif,0.047,0.155,58,0.0,0.64,,7.406,,0.196,0.445,68.571
8tkc_GH,Env,B,FP,protenix,2,101.098,8tkc_gh_sample_0.cif,0.038,0.159,69,0.0,0.717,,10.147,,0.225,0.429,59.184
8tkc_GH,Env,B,FP,protenix,2,101.098,8tkc_gh_sample_1.cif,0.045,0.176,68,0.0,0.745,,7.033,,0.225,0.429,59.184
8tkc_GH,Env,B,FP,protenix,2,101.098,8tkc_gh_sample_2.cif,0.012,0.102,59,0.0,0.488,,11.871,,0.225,0.429,59.184
8tkc_GH,Env,B,FP,protenix,2,101.098,8tkc_gh_sample_3.cif,0.011,0.062,48,0.0,0.293,,15.928,,0.225,0.429,59.184
8tkc_GH,Env,B,FP,protenix,2,101.098,8tkc_gh_sample_4.cif,0.015,0.237,38,0.0,0.747,,7.879,,0.225,0.429,59.184
8tkc_GH,Env,B,FP,protenix,3,67.901,8tkc_gh_sample_0.cif,0.013,0.143,84,0.0,0.683,,19.443,,0.21,0.433,58.296
8tkc_GH,Env,B,FP,protenix,3,67.901,8tkc_gh_sample_1.cif,0.027,0.159,88,0.0,0.682,,3.831,,0.21,0.433,58.296
8tkc_GH,Env,B,FP,protenix,3,67.901,8tkc_gh_sample_2.cif,0.013,0.125,72,0.0,0.591,,20.973,,0.21,0.433,58.296
8tkc_GH,Env,B,FP,protenix,3,67.901,8tkc_gh_sample_3.cif,0.016,0.162,74,0.0,0.667,,15.38,,0.21,0.433,58.296
8tkc_GH,Env,B,FP,protenix,3,67.901,8tkc_gh_sample_4.cif,0.012,0.19,63,0.0,0.725,,20.935,,0.21,0.433,58.296
8tkc_GH,Env,B,FP,protenix,4,43.801,8tkc_gh_sample_0.cif,0.01,0.101,69,0.0,0.442,,12.685,,0.223,0.456,69.148
8tkc_GH,Env,B,FP,protenix,4,43.801,8tkc_gh_sample_1.cif,0.01,0.115,61,0.0,0.555,,13.672,,0.223,0.456,69.148
8tkc_GH,Env,B,FP,protenix,4,43.801,8tkc_gh_sample_2.cif,0.01,0.038,52,0.0,0.304,,20.039,,0.223,0.456,69.148
8tkc_GH,Env,B,FP,protenix,4,43.801,8tkc_gh_sample_3.cif,0.037,0.145,55,0.0,0.524,,10.827,,0.223,0.456,69.148
8tkc_GH,Env,B,FP,protenix,4,43.801,8tkc_gh_sample_4.cif,0.019,0.0,57,0.0,0.221,,13.922,,0.223,0.456,69.148
8tkc_GH,Env,B,FP,protenix,5,33.118,8tkc_gh_sample_0.cif,0.013,0.175,57,0.0,0.689,,17.816,,0.203,0.437,57.788
8tkc_GH,Env,B,FP,protenix,5,33.118,8tkc_gh_sample_1.cif,0.014,0.136,59,0.0,0.6,,16.988,,0.203,0.437,57.788
8tkc_GH,Env,B,FP,protenix,5,33.118,8tkc_gh_sample_2.cif,0.011,0.093,43,0.0,0.346,,19.094,,0.203,0.437,57.788
8tkc_GH,Env,B,FP,protenix,5,33.118,8tkc_gh_sample_3.cif,0.015,0.0,35,0.0,0.274,,16.458,,0.203,0.437,57.788
8tkc_GH,Env,B,FP,protenix,5,33.118,8tkc_gh_sample_4.cif,0.01,0.146,82,0.0,0.62,,15.913,,0.203,0.437,57.788
8tkc_GH,Env,B,FP,protenix,6,20.151,8tkc_gh_sample_0.cif,0.01,0.21,62,0.0,0.683,,15.93,,0.169,0.421,60.424
8tkc_GH,Env,B,FP,protenix,6,20.151,8tkc_gh_sample_1.cif,0.019,0.116,69,0.0,0.508,,16.431,,0.169,0.421,60.424
8tkc_GH,Env,B,FP,protenix,6,20.151,8tkc_gh_sample_2.cif,0.02,0.119,67,0.0,0.483,,10.533,,0.169,0.421,60.424
8tkc_GH,Env,B,FP,protenix,6,20.151,8tkc_gh_sample_3.cif,0.01,0.067,60,0.0,0.272,,18.028,,0.169,0.421,60.424
8tkc_GH,Env,B,FP,protenix,6,20.151,8tkc_gh_sample_4.cif,0.01,0.074,54,0.0,0.437,,17.217,,0.169,0.421,60.424
8tkc_GH,Env,B,FP,protenix,7,8.149,8tkc_gh_sample_0.cif,0.01,0.062,65,0.0,0.38,,28.723,,0.194,0.447,65.079
8tkc_GH,Env,B,FP,protenix,7,8.149,8tkc_gh_sample_1.cif,0.014,0.096,52,0.0,0.49,,26.04,,0.194,0.447,65.079
8tkc_GH,Env,B,FP,protenix,7,8.149,8tkc_gh_sample_2.cif,0.012,0.075,53,0.0,0.342,,16.72,,0.194,0.447,65.079
8tkc_GH,Env,B,FP,protenix,7,8.149,8tkc_gh_sample_3.cif,0.018,0.172,58,0.0,0.672,,10.577,,0.194,0.447,65.079
8tkc_GH,Env,B,FP,protenix,7,8.149,8tkc_gh_sample_4.cif,0.015,0.057,53,0.0,0.406,,17.733,,0.194,0.447,65.079
8tkc_GH,Env,B,FP,protenix,8,4.077,8tkc_gh_sample_0.cif,0.019,0.0,29,0.0,0.232,,20.865,,0.477,0.633,70.962
8tkc_GH,Env,B,FP,protenix,8,4.077,8tkc_gh_sample_1.cif,0.017,0.0,32,0.0,0.304,,17.79,,0.477,0.633,70.962
8tkc_GH,Env,B,FP,protenix,8,4.077,8tkc_gh_sample_2.cif,0.018,0.0,21,0.0,0.343,,17.519,,0.477,0.633,70.962
8tkc_GH,Env,B,FP,protenix,8,4.077,8tkc_gh_sample_3.cif,0.016,0.073,41,0.0,0.294,,13.742,,0.477,0.633,70.962
8tkc_GH,Env,B,FP,protenix,8,4.077,8tkc_gh_sample_4.cif,0.015,0.0,17,0.0,0.265,,20.209,,0.477,0.633,70.962
8tkc_GH,Env,B,FP,protenix,9,4.0,8tkc_gh_sample_0.cif,0.009,0.0,51,0.0,0.079,,67.35,,0.213,0.432,68.108
8tkc_GH,Env,B,FP,protenix,9,4.0,8tkc_gh_sample_1.cif,0.017,0.123,57,0.0,0.505,,25.864,,0.213,0.432,68.108
8tkc_GH,Env,B,FP,protenix,9,4.0,8tkc_gh_sample_2.cif,0.01,0.051,59,0.0,0.286,,34.126,,0.213,0.432,68.108
8tkc_GH,Env,B,FP,protenix,9,4.0,8tkc_gh_sample_3.cif,0.009,0.121,58,0.0,0.539,,12.724,,0.213,0.432,68.108
8tkc_GH,Env,B,FP,protenix,9,4.0,8tkc_gh_sample_4.cif,0.015,0.023,43,0.0,0.219,,29.668,,0.213,0.432,68.108
8tkc_GH,Env,B,FP,protenix,10,2.0,8tkc_gh_sample_0.cif,0.01,0.125,48,0.0,0.514,,24.76,,0.224,0.473,69.399
8tkc_GH,Env,B,FP,protenix,10,2.0,8tkc_gh_sample_1.cif,0.006,0.024,42,0.0,0.14,,70.794,,0.224,0.473,69.399
8tkc_GH,Env,B,FP,protenix,10,2.0,8tkc_gh_sample_2.cif,0.01,0.2,50,0.0,0.671,,12.434,,0.224,0.473,69.399
8tkc_GH,Env,B,FP,protenix,10,2.0,8tkc_gh_sample_3.cif,0.009,0.049,41,0.0,0.461,,29.183,,0.224,0.473,69.399
8tkc_GH,Env,B,FP,protenix,10,2.0,8tkc_gh_sample_4.cif,0.007,0.0,34,0.0,0.096,,67.039,,0.224,0.473,69.399
8tkc_GH,Env,B,FP,protenix,11,1.0,8tkc_gh_sample_0.cif,0.01,0.19,58,0.0,0.682,,20.547,,0.204,0.451,67.232
8tkc_GH,Env,B,FP,protenix,11,1.0,8tkc_gh_sample_1.cif,0.011,0.114,44,0.0,0.596,,13.142,,0.204,0.451,67.232
8tkc_GH,Env,B,FP,protenix,11,1.0,8tkc_gh_sample_2.cif,0.012,0.036,55,0.0,0.382,,18.987,,0.204,0.451,67.232
8tkc_GH,Env,B,FP,protenix,11,1.0,8tkc_gh_sample_3.cif,0.009,0.18,50,0.0,0.679,,12.961,,0.204,0.451,67.232
8tkc_GH,Env,B,FP,protenix,11,1.0,8tkc_gh_sample_4.cif,0.011,0.128,47,0.0,0.543,,30.236,,0.204,0.451,67.232
8tl5_IJ,Env,B,gp120gp41,boltz,0,212.877,input_model_0.cif,0.005,0.0,43,0.744,0.162,0.789,51.445,6.908,0.831,0.904,0.855
8tl5_IJ,Env,B,gp120gp41,boltz,0,212.877,input_model_1.cif,0.005,0.0,38,0.737,0.174,0.793,51.034,6.819,0.831,0.904,0.855
8tl5_IJ,Env,B,gp120gp41,boltz,0,212.877,input_model_2.cif,0.005,0.0,30,0.8,0.17,0.795,52.06,6.632,0.831,0.904,0.855
8tl5_IJ,Env,B,gp120gp41,boltz,0,212.877,input_model_3.cif,0.005,0.0,36,0.778,0.159,0.789,49.486,6.747,0.831,0.904,0.855
8tl5_IJ,Env,B,gp120gp41,boltz,0,212.877,input_model_4.cif,0.005,0.0,36,0.722,0.164,0.795,53.287,6.95,0.831,0.904,0.855
8tl5_IJ,Env,B,gp120gp41,boltz,1,144.238,input_model_0.cif,0.005,0.0,24,0.375,0.204,0.603,60.327,20.244,0.836,0.906,0.861
8tl5_IJ,Env,B,gp120gp41,boltz,1,144.238,input_model_1.cif,0.005,0.0,38,0.684,0.168,0.781,52.284,6.714,0.836,0.906,0.861
8tl5_IJ,Env,B,gp120gp41,boltz,1,144.238,input_model_2.cif,0.005,0.0,34,0.706,0.18,0.785,51.841,6.108,0.836,0.906,0.861
8tl5_IJ,Env,B,gp120gp41,boltz,1,144.238,input_model_3.cif,0.005,0.0,42,0.714,0.16,0.781,50.336,7.373,0.836,0.906,0.861
8tl5_IJ,Env,B,gp120gp41,boltz,1,144.238,input_model_4.cif,0.005,0.0,26,0.769,0.117,0.687,42.267,12.15,0.836,0.906,0.861
8tl5_IJ,Env,B,gp120gp41,boltz,2,92.801,input_model_0.cif,0.005,0.0,41,0.659,0.161,0.797,53.258,7.514,0.803,0.892,0.856
8tl5_IJ,Env,B,gp120gp41,boltz,2,92.801,input_model_1.cif,0.005,0.0,29,0.828,0.166,0.785,50.029,8.78,0.803,0.892,0.856
8tl5_IJ,Env,B,gp120gp41,boltz,2,92.801,input_model_2.cif,0.005,0.0,36,0.639,0.164,0.79,53.394,6.157,0.803,0.892,0.856
8tl5_IJ,Env,B,gp120gp41,boltz,2,92.801,input_model_3.cif,0.005,0.0,35,0.686,0.168,0.801,53.896,5.584,0.803,0.892,0.856
8tl5_IJ,Env,B,gp120gp41,boltz,2,92.801,input_model_4.cif,0.005,0.0,37,0.757,0.16,0.789,50.074,7.667,0.803,0.892,0.856
8tl5_IJ,Env,B,gp120gp41,boltz,3,57.722,input_model_0.cif,0.005,0.0,42,0.738,0.18,0.793,52.32,5.294,0.829,0.899,0.86
8tl5_IJ,Env,B,gp120gp41,boltz,3,57.722,input_model_1.cif,0.005,0.0,33,0.818,0.165,0.792,50.388,7.356,0.829,0.899,0.86
8tl5_IJ,Env,B,gp120gp41,boltz,3,57.722,input_model_2.cif,0.005,0.0,35,0.743,0.162,0.789,50.892,6.535,0.829,0.899,0.86
8tl5_IJ,Env,B,gp120gp41,boltz,3,57.722,input_model_3.cif,0.005,0.0,31,0.677,0.168,0.794,53.43,6.976,0.829,0.899,0.86
8tl5_IJ,Env,B,gp120gp41,boltz,3,57.722,input_model_4.cif,0.005,0.0,20,0.85,0.163,0.81,52.03,9.965,0.829,0.899,0.86
8tl5_IJ,Env,B,gp120gp41,boltz,4,41.962,input_model_0.cif,0.005,0.0,39,0.744,0.176,0.795,52.391,5.97,0.823,0.897,0.853
8tl5_IJ,Env,B,gp120gp41,boltz,4,41.962,input_model_1.cif,0.005,0.0,32,0.812,0.176,0.779,49.027,7.655,0.823,0.897,0.853
8tl5_IJ,Env,B,gp120gp41,boltz,4,41.962,input_model_2.cif,0.005,0.0,39,0.718,0.179,0.787,51.163,5.76,0.823,0.897,0.853
8tl5_IJ,Env,B,gp120gp41,boltz,4,41.962,input_model_3.cif,0.005,0.0,41,0.707,0.166,0.794,52.872,5.876,0.823,0.897,0.853
8tl5_IJ,Env,B,gp120gp41,boltz,4,41.962,input_model_4.cif,0.005,0.0,39,0.667,0.165,0.788,51.441,6.493,0.823,0.897,0.853
8tl5_IJ,Env,B,gp120gp41,boltz,5,31.326,input_model_0.cif,0.005,0.0,40,0.75,0.157,0.788,51.573,5.492,0.811,0.892,0.86
8tl5_IJ,Env,B,gp120gp41,boltz,5,31.326,input_model_1.cif,0.005,0.0,38,0.789,0.156,0.789,51.267,6.62,0.811,0.892,0.86
8tl5_IJ,Env,B,gp120gp41,boltz,5,31.326,input_model_2.cif,0.005,0.0,28,0.679,0.173,0.801,54.223,5.693,0.811,0.892,0.86
8tl5_IJ,Env,B,gp120gp41,boltz,5,31.326,input_model_3.cif,0.005,0.0,35,0.829,0.177,0.792,50.904,5.801,0.811,0.892,0.86
8tl5_IJ,Env,B,gp120gp41,boltz,5,31.326,input_model_4.cif,0.005,0.0,38,0.737,0.162,0.785,50.036,6.1,0.811,0.892,0.86
8tl5_IJ,Env,B,gp120gp41,boltz,6,14.632,input_model_0.cif,0.005,0.0,39,0.744,0.163,0.786,50.9,6.264,0.825,0.901,0.861
8tl5_IJ,Env,B,gp120gp41,boltz,6,14.632,input_model_1.cif,0.005,0.0,37,0.703,0.16,0.793,52.719,7.657,0.825,0.901,0.861
8tl5_IJ,Env,B,gp120gp41,boltz,6,14.632,input_model_2.cif,0.005,0.0,34,0.794,0.163,0.79,50.391,7.363,0.825,0.901,0.861
8tl5_IJ,Env,B,gp120gp41,boltz,6,14.632,input_model_3.cif,0.005,0.0,40,0.7,0.179,0.791,51.68,5.664,0.825,0.901,0.861
8tl5_IJ,Env,B,gp120gp41,boltz,6,14.632,input_model_4.cif,0.005,0.0,28,0.821,0.172,0.799,50.704,8.57,0.825,0.901,0.861
8tl5_IJ,Env,B,gp120gp41,boltz,7,8.262,input_model_0.cif,0.005,0.0,37,0.784,0.165,0.791,50.492,7.131,0.831,0.904,0.858
8tl5_IJ,Env,B,gp120gp41,boltz,7,8.262,input_model_1.cif,0.005,0.0,36,0.806,0.155,0.789,50.104,7.01,0.831,0.904,0.858
8tl5_IJ,Env,B,gp120gp41,boltz,7,8.262,input_model_2.cif,0.005,0.0,32,0.844,0.157,0.783,49.855,8.08,0.831,0.904,0.858
8tl5_IJ,Env,B,gp120gp41,boltz,7,8.262,input_model_3.cif,0.005,0.0,34,0.765,0.173,0.788,51.831,6.523,0.831,0.904,0.858
8tl5_IJ,Env,B,gp120gp41,boltz,7,8.262,input_model_4.cif,0.005,0.0,33,0.697,0.167,0.784,51.772,6.626,0.831,0.904,0.858
8tl5_IJ,Env,B,gp120gp41,boltz,8,3.883,input_model_0.cif,0.005,0.0,33,0.727,0.163,0.785,50.862,6.72,0.791,0.882,0.864
8tl5_IJ,Env,B,gp120gp41,boltz,8,3.883,input_model_1.cif,0.005,0.0,33,0.727,0.166,0.788,50.26,5.926,0.791,0.882,0.864
8tl5_IJ,Env,B,gp120gp41,boltz,8,3.883,input_model_2.cif,0.005,0.0,36,0.833,0.162,0.778,49.165,8.472,0.791,0.882,0.864
8tl5_IJ,Env,B,gp120gp41,boltz,8,3.883,input_model_3.cif,0.005,0.0,34,0.824,0.164,0.792,50.066,8.138,0.791,0.882,0.864
8tl5_IJ,Env,B,gp120gp41,boltz,8,3.883,input_model_4.cif,0.005,0.0,34,0.765,0.163,0.795,50.875,6.663,0.791,0.882,0.864
8tl5_IJ,Env,B,gp120gp41,boltz,9,5.0,input_model_0.cif,0.005,0.0,39,0.718,0.171,0.783,50.903,8.453,0.817,0.894,0.858
8tl5_IJ,Env,B,gp120gp41,boltz,9,5.0,input_model_1.cif,0.005,0.0,38,0.737,0.158,0.784,50.51,6.311,0.817,0.894,0.858
8tl5_IJ,Env,B,gp120gp41,boltz,9,5.0,input_model_2.cif,0.005,0.0,40,0.675,0.17,0.792,52.857,7.574,0.817,0.894,0.858
8tl5_IJ,Env,B,gp120gp41,boltz,9,5.0,input_model_3.cif,0.005,0.0,32,0.781,0.161,0.789,50.854,7.827,0.817,0.894,0.858
8tl5_IJ,Env,B,gp120gp41,boltz,9,5.0,input_model_4.cif,0.005,0.0,35,0.743,0.185,0.783,49.937,7.212,0.817,0.894,0.858
8tl5_IJ,Env,B,gp120gp41,boltz,10,1.0,input_model_0.cif,0.005,0.0,34,0.676,0.164,0.782,51.692,6.211,0.788,0.883,0.858
8tl5_IJ,Env,B,gp120gp41,boltz,10,1.0,input_model_1.cif,0.005,0.0,33,0.818,0.161,0.797,51.322,6.609,0.788,0.883,0.858
8tl5_IJ,Env,B,gp120gp41,boltz,10,1.0,input_model_2.cif,0.005,0.0,40,0.8,0.178,0.797,51.766,6.002,0.788,0.883,0.858
8tl5_IJ,Env,B,gp120gp41,boltz,10,1.0,input_model_3.cif,0.005,0.0,31,0.774,0.169,0.793,50.089,7.908,0.788,0.883,0.858
8tl5_IJ,Env,B,gp120gp41,boltz,10,1.0,input_model_4.cif,0.005,0.0,38,0.737,0.16,0.787,50.776,6.772,0.788,0.883,0.858
8tl5_IJ,Env,B,gp120gp41,protenix,0,212.877,8tl5_ij_sample_0.cif,0.007,0.0,39,0.179,0.206,0.579,47.997,16.645,0.572,0.68,81.079
8tl5_IJ,Env,B,gp120gp41,protenix,0,212.877,8tl5_ij_sample_1.cif,0.006,0.0,43,0.209,0.206,0.561,50.181,17.658,0.572,0.68,81.079
8tl5_IJ,Env,B,gp120gp41,protenix,0,212.877,8tl5_ij_sample_2.cif,0.008,0.0,46,0.109,0.359,0.44,44.138,17.916,0.572,0.68,81.079
8tl5_IJ,Env,B,gp120gp41,protenix,0,212.877,8tl5_ij_sample_3.cif,0.005,0.0,53,0.585,0.181,0.794,51.692,6.856,0.572,0.68,81.079
8tl5_IJ,Env,B,gp120gp41,protenix,0,212.877,8tl5_ij_sample_4.cif,0.004,0.0,29,0.345,0.188,0.665,64.841,20.536,0.572,0.68,81.079
8tl5_IJ,Env,B,gp120gp41,protenix,1,144.238,8tl5_ij_sample_0.cif,0.005,0.0,44,0.75,0.155,0.791,50.872,5.483,0.554,0.666,79.336
8tl5_IJ,Env,B,gp120gp41,protenix,1,144.238,8tl5_ij_sample_1.cif,0.005,0.0,44,0.773,0.172,0.795,48.547,7.205,0.554,0.666,79.336
8tl5_IJ,Env,B,gp120gp41,protenix,1,144.238,8tl5_ij_sample_2.cif,0.006,0.0,38,0.158,0.249,0.664,54.589,18.496,0.554,0.666,79.336
8tl5_IJ,Env,B,gp120gp41,protenix,1,144.238,8tl5_ij_sample_3.cif,0.004,0.0,42,0.19,0.206,0.749,60.042,12.228,0.554,0.666,79.336
8tl5_IJ,Env,B,gp120gp41,protenix,1,144.238,8tl5_ij_sample_4.cif,0.004,0.0,37,0.162,0.216,0.714,58.125,17.175,0.554,0.666,79.336
8tl5_IJ,Env,B,gp120gp41,protenix,2,92.801,8tl5_ij_sample_0.cif,0.007,0.0,32,0.188,0.269,0.499,46.838,18.534,0.566,0.676,81.806
8tl5_IJ,Env,B,gp120gp41,protenix,2,92.801,8tl5_ij_sample_1.cif,0.005,0.0,47,0.681,0.182,0.793,48.628,8.242,0.566,0.676,81.806
8tl5_IJ,Env,B,gp120gp41,protenix,2,92.801,8tl5_ij_sample_2.cif,0.005,0.0,51,0.529,0.19,0.789,51.695,7.637,0.566,0.676,81.806
8tl5_IJ,Env,B,gp120gp41,protenix,2,92.801,8tl5_ij_sample_3.cif,0.011,0.0,36,0.028,0.489,0.575,44.077,25.953,0.566,0.676,81.806
8tl5_IJ,Env,B,gp120gp41,protenix,2,92.801,8tl5_ij_sample_4.cif,0.006,0.0,22,0.318,0.24,0.599,57.352,19.659,0.566,0.676,81.806
8tl5_IJ,Env,B,gp120gp41,protenix,3,57.722,8tl5_ij_sample_0.cif,0.006,0.0,43,0.791,0.167,0.738,42.668,10.728,0.54,0.656,78.55
8tl5_IJ,Env,B,gp120gp41,protenix,3,57.722,8tl5_ij_sample_1.cif,0.01,0.0,49,0.061,0.396,0.373,35.12,23.828,0.54,0.656,78.55
8tl5_IJ,Env,B,gp120gp41,protenix,3,57.722,8tl5_ij_sample_2.cif,0.007,0.0,44,0.159,0.279,0.487,49.686,17.612,0.54,0.656,78.55
8tl5_IJ,Env,B,gp120gp41,protenix,3,57.722,8tl5_ij_sample_3.cif,0.006,0.0,37,0.189,0.228,0.638,53.931,18.81,0.54,0.656,78.55
8tl5_IJ,Env,B,gp120gp41,protenix,3,57.722,8tl5_ij_sample_4.cif,0.003,0.0,22,0.409,0.174,0.687,70.302,22.733,0.54,0.656,78.55
8tl5_IJ,Env,B,gp120gp41,protenix,4,41.962,8tl5_ij_sample_0.cif,0.004,0.0,54,0.574,0.289,0.848,32.683,6.984,0.562,0.681,79.072
8tl5_IJ,Env,B,gp120gp41,protenix,4,41.962,8tl5_ij_sample_1.cif,0.007,0.0,52,0.192,0.293,0.704,50.356,17.507,0.562,0.681,79.072
8tl5_IJ,Env,B,gp120gp41,protenix,4,41.962,8tl5_ij_sample_2.cif,0.01,0.0,46,0.13,0.244,0.589,48.482,20.517,0.562,0.681,79.072
8tl5_IJ,Env,B,gp120gp41,protenix,4,41.962,8tl5_ij_sample_3.cif,0.006,0.0,58,0.138,0.203,0.55,48.181,15.752,0.562,0.681,79.072
8tl5_IJ,Env,B,gp120gp41,protenix,4,41.962,8tl5_ij_sample_4.cif,0.005,0.0,45,0.178,0.259,0.652,50.621,20.225,0.562,0.681,79.072
8tl5_IJ,Env,B,gp120gp41,protenix,5,31.326,8tl5_ij_sample_0.cif,0.006,0.0,72,0.486,0.164,0.755,48.591,9.765,0.602,0.721,77.669
8tl5_IJ,Env,B,gp120gp41,protenix,5,31.326,8tl5_ij_sample_1.cif,0.006,0.0,70,0.529,0.164,0.764,48.535,9.97,0.602,0.721,77.669
8tl5_IJ,Env,B,gp120gp41,protenix,5,31.326,8tl5_ij_sample_2.cif,0.006,0.0,68,0.485,0.162,0.73,45.226,15.528,0.602,0.721,77.669
8tl5_IJ,Env,B,gp120gp41,protenix,5,31.326,8tl5_ij_sample_3.cif,0.006,0.0,80,0.463,0.195,0.765,47.604,12.206,0.602,0.721,77.669
8tl5_IJ,Env,B,gp120gp41,protenix,5,31.326,8tl5_ij_sample_4.cif,0.006,0.0,75,0.467,0.189,0.777,48.761,11.78,0.602,0.721,77.669
8tl5_IJ,Env,B,gp120gp41,protenix,6,14.632,8tl5_ij_sample_0.cif,0.005,0.0,61,0.492,0.161,0.776,52.045,12.269,0.372,0.671,76.839
8tl5_IJ,Env,B,gp120gp41,protenix,6,14.632,8tl5_ij_sample_1.cif,0.005,0.0,54,0.519,0.164,0.786,54.3,10.572,0.372,0.671,76.839
8tl5_IJ,Env,B,gp120gp41,protenix,6,14.632,8tl5_ij_sample_2.cif,0.005,0.0,55,0.527,0.162,0.782,53.248,11.748,0.372,0.671,76.839
8tl5_IJ,Env,B,gp120gp41,protenix,6,14.632,8tl5_ij_sample_3.cif,0.005,0.0,54,0.519,0.204,0.787,49.639,9.667,0.372,0.671,76.839
8tl5_IJ,Env,B,gp120gp41,protenix,6,14.632,8tl5_ij_sample_4.cif,0.005,0.0,51,0.549,0.203,0.786,48.469,9.717,0.372,0.671,76.839
8tl5_IJ,Env,B,gp120gp41,protenix,7,8.262,8tl5_ij_sample_0.cif,0.03,0.062,65,0.462,0.577,0.61,24.446,19.755,0.288,0.441,55.787
8tl5_IJ,Env,B,gp120gp41,protenix,7,8.262,8tl5_ij_sample_1.cif,0.009,0.047,64,0.438,0.552,0.612,23.153,18.012,0.288,0.441,55.787
8tl5_IJ,Env,B,gp120gp41,protenix,7,8.262,8tl5_ij_sample_2.cif,0.018,0.061,66,0.47,0.601,0.66,21.344,14.994,0.288,0.441,55.787
8tl5_IJ,Env,B,gp120gp41,protenix,7,8.262,8tl5_ij_sample_3.cif,0.032,0.066,61,0.393,0.555,0.607,22.932,20.097,0.288,0.441,55.787
8tl5_IJ,Env,B,gp120gp41,protenix,7,8.262,8tl5_ij_sample_4.cif,0.007,0.067,60,0.367,0.505,0.587,35.915,22.797,0.288,0.441,55.787
8tl5_IJ,Env,B,gp120gp41,protenix,8,3.883,8tl5_ij_sample_0.cif,0.011,0.029,70,0.014,0.538,0.327,17.225,29.012,0.407,0.562,63.548
8tl5_IJ,Env,B,gp120gp41,protenix,8,3.883,8tl5_ij_sample_1.cif,0.005,0.018,55,0.073,0.53,0.492,15.616,7.934,0.407,0.562,63.548
8tl5_IJ,Env,B,gp120gp41,protenix,8,3.883,8tl5_ij_sample_2.cif,0.006,0.016,62,0.032,0.374,0.547,27.008,6.759,0.407,0.562,63.548
8tl5_IJ,Env,B,gp120gp41,protenix,8,3.883,8tl5_ij_sample_3.cif,0.006,0.05,60,0.167,0.46,0.621,24.957,15.919,0.407,0.562,63.548
8tl5_IJ,Env,B,gp120gp41,protenix,8,3.883,8tl5_ij_sample_4.cif,0.006,0.051,78,0.128,0.527,0.569,17.011,7.078,0.407,0.562,63.548
8tl5_IJ,Env,B,gp120gp41,protenix,9,5.0,8tl5_ij_sample_0.cif,0.006,0.015,68,0.029,0.297,0.448,24.007,16.026,0.173,0.349,50.691
8tl5_IJ,Env,B,gp120gp41,protenix,9,5.0,8tl5_ij_sample_1.cif,0.008,0.0,67,0.09,0.448,0.491,27.39,17.806,0.173,0.349,50.691
8tl5_IJ,Env,B,gp120gp41,protenix,9,5.0,8tl5_ij_sample_2.cif,0.008,0.0,65,0.308,0.381,0.616,21.624,13.29,0.173,0.349,50.691
8tl5_IJ,Env,B,gp120gp41,protenix,9,5.0,8tl5_ij_sample_3.cif,0.01,0.032,62,0.29,0.504,0.514,21.08,17.556,0.173,0.349,50.691
8tl5_IJ,Env,B,gp120gp41,protenix,9,5.0,8tl5_ij_sample_4.cif,0.031,0.03,67,0.03,0.629,0.375,12.325,27.728,0.173,0.349,50.691
8tl5_IJ,Env,B,gp120gp41,protenix,10,1.0,8tl5_ij_sample_0.cif,0.047,0.05,80,0.263,0.494,0.632,18.03,11.403,0.164,0.287,42.533
8tl5_IJ,Env,B,gp120gp41,protenix,10,1.0,8tl5_ij_sample_1.cif,0.01,0.024,124,0.137,0.603,0.46,10.374,17.023,0.164,0.287,42.533
8tl5_IJ,Env,B,gp120gp41,protenix,10,1.0,8tl5_ij_sample_2.cif,0.018,0.015,67,0.239,0.434,0.568,21.304,14.114,0.164,0.287,42.533
8tl5_IJ,Env,B,gp120gp41,protenix,10,1.0,8tl5_ij_sample_3.cif,0.02,0.053,95,0.137,0.66,0.47,12.742,19.638,0.164,0.287,42.533
8tl5_IJ,Env,B,gp120gp41,protenix,10,1.0,8tl5_ij_sample_4.cif,0.016,0.059,102,0.108,0.703,0.483,9.753,20.465,0.164,0.287,42.533
8tl5_IJ,Env,B,gp120gp41,protenix,11,1.0,8tl5_ij_sample_0.cif,0.006,0.0,62,0.258,0.337,0.622,22.258,11.549,0.28,0.375,45.709
8tl5_IJ,Env,B,gp120gp41,protenix,11,1.0,8tl5_ij_sample_1.cif,0.009,0.0,59,0.237,0.416,0.533,21.842,14.007,0.28,0.375,45.709
8tl5_IJ,Env,B,gp120gp41,protenix,11,1.0,8tl5_ij_sample_2.cif,0.015,0.036,55,0.291,0.672,0.538,10.477,13.859,0.28,0.375,45.709
8tl5_IJ,Env,B,gp120gp41,protenix,11,1.0,8tl5_ij_sample_3.cif,0.007,0.0,38,0.0,0.637,0.336,20.754,37.24,0.28,0.375,45.709
8tl5_IJ,Env,B,gp120gp41,protenix,11,1.0,8tl5_ij_sample_4.cif,0.007,0.0,52,0.212,0.375,0.427,25.529,20.327,0.28,0.375,45.709
8tp5_HL,HA,A,head,boltz,0,140.052,input_model_0.cif,0.072,0.667,30,1.0,0.935,0.605,5.076,14.925,0.421,0.624,0.921
8tp5_HL,HA,A,head,boltz,0,140.052,input_model_1.cif,0.053,0.6,30,1.0,0.927,0.603,3.979,14.904,0.421,0.624,0.921
8tp5_HL,HA,A,head,boltz,0,140.052,input_model_2.cif,0.073,0.75,32,1.0,0.945,0.604,2.229,18.735,0.421,0.624,0.921
8tp5_HL,HA,A,head,boltz,0,140.052,input_model_3.cif,0.063,0.7,30,1.0,0.927,0.604,4.411,16.312,0.421,0.624,0.921
8tp5_HL,HA,A,head,boltz,0,140.052,input_model_4.cif,0.07,0.742,31,1.0,0.942,0.599,1.519,17.425,0.421,0.624,0.921
8tp5_HL,HA,A,head,boltz,1,104.853,input_model_0.cif,0.069,0.69,29,1.0,0.924,0.601,6.867,14.494,0.578,0.732,0.908
8tp5_HL,HA,A,head,boltz,1,104.853,input_model_1.cif,0.066,0.667,30,1.0,0.922,0.605,3.909,16.602,0.578,0.732,0.908
8tp5_HL,HA,A,head,boltz,1,104.853,input_model_2.cif,0.081,0.733,30,1.0,0.947,0.603,1.292,18.164,0.578,0.732,0.908
8tp5_HL,HA,A,head,boltz,1,104.853,input_model_3.cif,0.053,0.677,31,1.0,0.935,0.604,4.821,15.124,0.578,0.732,0.908
8tp5_HL,HA,A,head,boltz,1,104.853,input_model_4.cif,0.102,0.676,34,1.0,0.939,0.605,3.389,18.758,0.578,0.732,0.908
8tp5_HL,HA,A,head,boltz,2,73.226,input_model_0.cif,0.071,0.808,26,1.0,0.952,0.604,2.688,16.975,0.462,0.647,0.915
8tp5_HL,HA,A,head,boltz,2,73.226,input_model_1.cif,0.062,0.8,25,1.0,0.932,0.605,5.189,15.526,0.462,0.647,0.915
8tp5_HL,HA,A,head,boltz,2,73.226,input_model_2.cif,0.062,0.72,25,1.0,0.93,0.604,5.353,14.872,0.462,0.647,0.915
8tp5_HL,HA,A,head,boltz,2,73.226,input_model_3.cif,0.078,0.724,29,1.0,0.949,0.605,2.683,16.309,0.462,0.647,0.915
8tp5_HL,HA,A,head,boltz,2,73.226,input_model_4.cif,0.088,0.69,29,1.0,0.931,0.602,5.158,14.089,0.462,0.647,0.915
8tp5_HL,HA,A,head,boltz,3,48.992,input_model_0.cif,0.073,0.724,29,1.0,0.946,0.605,2.207,16.246,0.487,0.664,0.914
8tp5_HL,HA,A,head,boltz,3,48.992,input_model_1.cif,0.101,0.767,30,1.0,0.953,0.605,1.506,16.567,0.487,0.664,0.914
8tp5_HL,HA,A,head,boltz,3,48.992,input_model_2.cif,0.095,0.742,31,1.0,0.948,0.603,1.541,18.512,0.487,0.664,0.914
8tp5_HL,HA,A,head,boltz,3,48.992,input_model_3.cif,0.092,0.618,34,1.0,0.937,0.604,4.132,15.359,0.487,0.664,0.914
8tp5_HL,HA,A,head,boltz,3,48.992,input_model_4.cif,0.101,0.786,28,1.0,0.94,0.604,2.778,18.773,0.487,0.664,0.914
8tp5_HL,HA,A,head,boltz,4,29.993,input_model_0.cif,0.092,0.641,39,1.0,0.934,0.605,3.793,18.835,0.783,0.848,0.898
8tp5_HL,HA,A,head,boltz,4,29.993,input_model_1.cif,0.066,0.667,30,1.0,0.935,0.603,5.089,14.089,0.783,0.848,0.898
8tp5_HL,HA,A,head,boltz,4,29.993,input_model_2.cif,0.081,0.594,32,1.0,0.915,0.603,6.145,15.07,0.783,0.848,0.898
8tp5_HL,HA,A,head,boltz,4,29.993,input_model_3.cif,0.063,0.655,29,1.0,0.918,0.603,6.942,14.058,0.783,0.848,0.898
8tp5_HL,HA,A,head,boltz,4,29.993,input_model_4.cif,0.067,0.645,31,1.0,0.913,0.603,6.756,14.282,0.783,0.848,0.898
8tp5_HL,HA,A,head,boltz,5,23.367,input_model_0.cif,0.042,0.821,28,1.0,0.952,0.602,2.686,16.554,0.634,0.757,0.911
8tp5_HL,HA,A,head,boltz,5,23.367,input_model_1.cif,0.098,0.852,27,1.0,0.946,0.601,1.397,18.779,0.634,0.757,0.911
8tp5_HL,HA,A,head,boltz,5,23.367,input_model_2.cif,0.055,0.769,26,1.0,0.939,0.604,4.601,14.849,0.634,0.757,0.911
8tp5_HL,HA,A,head,boltz,5,23.367,input_model_3.cif,0.074,0.667,27,1.0,0.931,0.604,6.058,14.452,0.634,0.757,0.911
8tp5_HL,HA,A,head,boltz,5,23.367,input_model_4.cif,0.212,0.656,32,1.0,0.943,0.605,3.806,18.575,0.634,0.757,0.911
8tp5_HL,HA,A,head,boltz,6,11.283,input_model_0.cif,0.063,0.7,30,1.0,0.943,0.602,0.849,17.784,0.566,0.719,0.91
8tp5_HL,HA,A,head,boltz,6,11.283,input_model_1.cif,0.094,0.7,30,1.0,0.945,0.603,1.024,18.173,0.566,0.719,0.91
8tp5_HL,HA,A,head,boltz,6,11.283,input_model_2.cif,0.089,0.739,23,1.0,0.931,0.602,4.469,15.456,0.566,0.719,0.91
8tp5_HL,HA,A,head,boltz,6,11.283,input_model_3.cif,0.058,0.75,24,1.0,0.937,0.604,4.363,15.289,0.566,0.719,0.91
8tp5_HL,HA,A,head,boltz,6,11.283,input_model_4.cif,0.107,0.656,32,1.0,0.938,0.605,4.164,19.3,0.566,0.719,0.91
8tp5_HL,HA,A,head,boltz,7,10.333,input_model_0.cif,0.072,0.71,31,1.0,0.946,0.603,1.205,18.106,0.526,0.69,0.91
8tp5_HL,HA,A,head,boltz,7,10.333,input_model_1.cif,0.053,0.6,30,1.0,0.921,0.602,4.689,14.856,0.526,0.69,0.91
8tp5_HL,HA,A,head,boltz,7,10.333,input_model_2.cif,0.069,0.613,31,1.0,0.919,0.603,6.135,15.167,0.526,0.69,0.91
8tp5_HL,HA,A,head,boltz,7,10.333,input_model_3.cif,0.087,0.581,31,1.0,0.912,0.601,6.27,13.823,0.526,0.69,0.91
8tp5_HL,HA,A,head,boltz,7,10.333,input_model_4.cif,0.062,0.69,29,1.0,0.926,0.605,5.792,15.009,0.526,0.69,0.91
8tp5_HL,HA,A,head,boltz,8,6.0,input_model_0.cif,0.058,0.679,28,1.0,0.928,0.605,5.241,14.597,0.511,0.689,0.906
8tp5_HL,HA,A,head,boltz,8,6.0,input_model_1.cif,0.071,0.645,31,1.0,0.914,0.601,6.641,14.399,0.511,0.689,0.906
8tp5_HL,HA,A,head,boltz,8,6.0,input_model_2.cif,0.058,0.625,32,1.0,0.92,0.602,5.165,15.17,0.511,0.689,0.906
8tp5_HL,HA,A,head,boltz,8,6.0,input_model_3.cif,0.106,0.581,31,1.0,0.912,0.602,6.23,14.613,0.511,0.689,0.906
8tp5_HL,HA,A,head,boltz,8,6.0,input_model_4.cif,0.09,0.84,25,1.0,0.953,0.603,1.665,17.13,0.511,0.689,0.906
8tp5_HL,HA,A,head,boltz,9,3.0,input_model_0.cif,0.097,0.719,32,1.0,0.943,0.6,1.718,18.366,0.493,0.665,0.909
8tp5_HL,HA,A,head,boltz,9,3.0,input_model_1.cif,0.071,0.645,31,1.0,0.927,0.605,5.53,15.163,0.493,0.665,0.909
8tp5_HL,HA,A,head,boltz,9,3.0,input_model_2.cif,0.06,0.625,32,1.0,0.925,0.604,5.476,15.171,0.493,0.665,0.909
8tp5_HL,HA,A,head,boltz,9,3.0,input_model_3.cif,0.078,0.594,32,1.0,0.912,0.601,6.257,14.669,0.493,0.665,0.909
8tp5_HL,HA,A,head,boltz,9,3.0,input_model_4.cif,0.118,0.84,25,1.0,0.943,0.604,1.714,18.17,0.493,0.665,0.909
8tp5_HL,HA,A,head,boltz,10,2.0,input_model_0.cif,0.05,0.885,26,1.0,0.953,0.604,1.781,16.685,0.586,0.73,0.909
8tp5_HL,HA,A,head,boltz,10,2.0,input_model_1.cif,0.063,0.846,26,1.0,0.952,0.604,1.398,16.878,0.586,0.73,0.909
8tp5_HL,HA,A,head,boltz,10,2.0,input_model_2.cif,0.076,0.618,34,1.0,0.92,0.604,5.374,15.24,0.586,0.73,0.909
8tp5_HL,HA,A,head,boltz,10,2.0,input_model_3.cif,0.064,0.786,28,1.0,0.95,0.605,3.594,16.549,0.586,0.73,0.909
8tp5_HL,HA,A,head,boltz,10,2.0,input_model_4.cif,0.058,0.808,26,1.0,0.951,0.604,1.922,16.715,0.586,0.73,0.909
8tp5_HL,HA,A,head,protenix,0,140.052,8tp5_hl_sample_0.cif,0.006,0.0,69,0.319,0.095,0.415,50.483,34.214,0.246,0.592,67.25
8tp5_HL,HA,A,head,protenix,0,140.052,8tp5_hl_sample_1.cif,0.005,0.0,68,0.25,0.077,0.405,55.31,38.249,0.246,0.592,67.25
8tp5_HL,HA,A,head,protenix,0,140.052,8tp5_hl_sample_2.cif,0.005,0.0,65,0.277,0.077,0.408,53.51,36.799,0.246,0.592,67.25
8tp5_HL,HA,A,head,protenix,0,140.052,8tp5_hl_sample_3.cif,0.005,0.0,55,0.2,0.073,0.405,58.952,41.899,0.246,0.592,67.25
8tp5_HL,HA,A,head,protenix,0,140.052,8tp5_hl_sample_4.cif,0.005,0.0,65,0.246,0.099,0.405,54.513,37.874,0.246,0.592,67.25
8tp5_HL,HA,A,head,protenix,1,104.853,8tp5_hl_sample_0.cif,0.006,0.0,65,0.292,0.157,0.403,56.221,39.133,0.176,0.566,67.831
8tp5_HL,HA,A,head,protenix,1,104.853,8tp5_hl_sample_1.cif,0.005,0.0,58,0.138,0.093,0.397,62.941,46.624,0.176,0.566,67.831
8tp5_HL,HA,A,head,protenix,1,104.853,8tp5_hl_sample_2.cif,0.003,0.0,52,0.038,0.108,0.392,70.13,54.183,0.176,0.566,67.831
8tp5_HL,HA,A,head,protenix,1,104.853,8tp5_hl_sample_3.cif,0.004,0.0,39,0.051,0.085,0.394,70.767,54.406,0.176,0.566,67.831
8tp5_HL,HA,A,head,protenix,1,104.853,8tp5_hl_sample_4.cif,0.004,0.0,39,0.051,0.089,0.393,68.592,52.678,0.176,0.566,67.831
8tp5_HL,HA,A,head,protenix,2,73.226,8tp5_hl_sample_0.cif,0.007,0.015,67,0.463,0.291,0.422,43.947,27.178,0.165,0.572,67.894
8tp5_HL,HA,A,head,protenix,2,73.226,8tp5_hl_sample_1.cif,0.005,0.0,49,0.245,0.124,0.402,58.057,41.342,0.165,0.572,67.894
8tp5_HL,HA,A,head,protenix,2,73.226,8tp5_hl_sample_2.cif,0.042,0.545,44,1.0,0.927,0.605,5.826,19.22,0.165,0.572,67.894
8tp5_HL,HA,A,head,protenix,2,73.226,8tp5_hl_sample_3.cif,0.011,0.057,35,0.8,0.473,0.55,29.1,16.022,0.165,0.572,67.894
8tp5_HL,HA,A,head,protenix,2,73.226,8tp5_hl_sample_4.cif,0.052,0.69,29,1.0,0.93,0.604,3.557,19.423,0.165,0.572,67.894
8tp5_HL,HA,A,head,protenix,3,48.992,8tp5_hl_sample_0.cif,0.007,0.015,67,0.448,0.343,0.423,42.482,26.411,0.17,0.575,66.189
8tp5_HL,HA,A,head,protenix,3,48.992,8tp5_hl_sample_1.cif,0.007,0.013,77,0.416,0.361,0.417,48.055,31.878,0.17,0.575,66.189
8tp5_HL,HA,A,head,protenix,3,48.992,8tp5_hl_sample_2.cif,0.007,0.286,63,0.444,0.794,0.435,36.217,19.386,0.17,0.575,66.189
8tp5_HL,HA,A,head,protenix,3,48.992,8tp5_hl_sample_3.cif,0.036,0.667,33,1.0,0.936,0.603,3.286,19.099,0.17,0.575,66.189
8tp5_HL,HA,A,head,protenix,3,48.992,8tp5_hl_sample_4.cif,0.018,0.306,49,0.449,0.839,0.439,40.634,24.285,0.17,0.575,66.189
8tp5_HL,HA,A,head,protenix,4,29.993,8tp5_hl_sample_0.cif,0.008,0.043,47,0.915,0.45,0.561,20.053,6.913,0.163,0.573,65.364
8tp5_HL,HA,A,head,protenix,4,29.993,8tp5_hl_sample_1.cif,0.008,0.015,66,0.652,0.31,0.471,29.959,15.417,0.163,0.573,65.364
8tp5_HL,HA,A,head,protenix,4,29.993,8tp5_hl_sample_2.cif,0.005,0.0,54,0.352,0.076,0.418,49.386,32.271,0.163,0.573,65.364
8tp5_HL,HA,A,head,protenix,4,29.993,8tp5_hl_sample_3.cif,0.013,0.333,69,0.493,0.867,0.437,33.535,16.842,0.163,0.573,65.364
8tp5_HL,HA,A,head,protenix,4,29.993,8tp5_hl_sample_4.cif,0.005,0.0,65,0.338,0.072,0.414,50.424,33.507,0.163,0.573,65.364
8tp5_HL,HA,A,head,protenix,5,23.367,8tp5_hl_sample_0.cif,0.008,0.016,63,0.714,0.304,0.501,27.063,11.464,0.169,0.578,65.443
8tp5_HL,HA,A,head,protenix,5,23.367,8tp5_hl_sample_1.cif,0.006,0.015,65,0.462,0.29,0.427,41.272,25.394,0.169,0.578,65.443
8tp5_HL,HA,A,head,protenix,5,23.367,8tp5_hl_sample_2.cif,0.009,0.02,49,0.714,0.353,0.508,26.025,11.205,0.169,0.578,65.443
8tp5_HL,HA,A,head,protenix,5,23.367,8tp5_hl_sample_3.cif,0.006,0.016,63,0.429,0.268,0.421,43.309,28.02,0.169,0.578,65.443
8tp5_HL,HA,A,head,protenix,5,23.367,8tp5_hl_sample_4.cif,0.008,0.02,51,0.765,0.365,0.501,28.302,15.324,0.169,0.578,65.443
8tp5_HL,HA,A,head,protenix,6,11.283,8tp5_hl_sample_0.cif,0.008,0.284,74,0.541,0.846,0.449,26.615,11.094,0.219,0.513,61.583
8tp5_HL,HA,A,head,protenix,6,11.283,8tp5_hl_sample_1.cif,0.008,0.03,66,0.485,0.312,0.434,37.801,20.433,0.219,0.513,61.583
8tp5_HL,HA,A,head,protenix,6,11.283,8tp5_hl_sample_2.cif,0.008,0.205,73,0.548,0.736,0.453,29.268,12.745,0.219,0.513,61.583
8tp5_HL,HA,A,head,protenix,6,11.283,8tp5_hl_sample_3.cif,0.008,0.25,80,0.55,0.825,0.446,28.532,12.29,0.219,0.513,61.583
8tp5_HL,HA,A,head,protenix,6,11.283,8tp5_hl_sample_4.cif,0.007,0.012,84,0.464,0.277,0.423,38.449,23.99,0.219,0.513,61.583
8tp5_HL,HA,A,head,protenix,7,10.333,8tp5_hl_sample_0.cif,0.008,0.011,87,0.563,0.22,0.449,31.383,14.729,0.192,0.531,59.869
8tp5_HL,HA,A,head,protenix,7,10.333,8tp5_hl_sample_1.cif,0.007,0.0,83,0.566,0.227,0.447,29.082,14.486,0.192,0.531,59.869
8tp5_HL,HA,A,head,protenix,7,10.333,8tp5_hl_sample_2.cif,0.007,0.012,83,0.542,0.199,0.444,32.615,16.261,0.192,0.531,59.869
8tp5_HL,HA,A,head,protenix,7,10.333,8tp5_hl_sample_3.cif,0.007,0.013,78,0.538,0.245,0.444,33.248,17.165,0.192,0.531,59.869
8tp5_HL,HA,A,head,protenix,7,10.333,8tp5_hl_sample_4.cif,0.005,0.0,57,0.281,0.076,0.413,47.671,29.816,0.192,0.531,59.869
8tp5_HL,HA,A,head,protenix,8,6.0,8tp5_hl_sample_0.cif,0.005,0.0,62,0.452,0.263,0.43,35.367,21.217,0.212,0.555,74.841
8tp5_HL,HA,A,head,protenix,8,6.0,8tp5_hl_sample_1.cif,0.006,0.0,71,0.507,0.247,0.433,37.315,22.123,0.212,0.555,74.841
8tp5_HL,HA,A,head,protenix,8,6.0,8tp5_hl_sample_2.cif,0.006,0.0,52,0.731,0.295,0.474,30.353,15.565,0.212,0.555,74.841
8tp5_HL,HA,A,head,protenix,8,6.0,8tp5_hl_sample_3.cif,0.006,0.017,58,0.586,0.333,0.452,31.652,17.411,0.212,0.555,74.841
8tp5_HL,HA,A,head,protenix,8,6.0,8tp5_hl_sample_4.cif,0.005,0.0,72,0.431,0.265,0.419,38.932,23.179,0.212,0.555,74.841
8tp5_HL,HA,A,head,protenix,9,3.0,8tp5_hl_sample_0.cif,0.007,0.015,65,0.6,0.256,0.47,23.765,12.468,0.168,0.43,48.069
8tp5_HL,HA,A,head,protenix,9,3.0,8tp5_hl_sample_1.cif,0.006,0.0,51,0.451,0.141,0.447,32.434,20.048,0.168,0.43,48.069
8tp5_HL,HA,A,head,protenix,9,3.0,8tp5_hl_sample_2.cif,0.007,0.03,67,0.731,0.234,0.487,20.661,10.443,0.168,0.43,48.069
8tp5_HL,HA,A,head,protenix,9,3.0,8tp5_hl_sample_3.cif,0.006,0.0,47,0.617,0.141,0.477,26.941,15.239,0.168,0.43,48.069
8tp5_HL,HA,A,head,protenix,9,3.0,8tp5_hl_sample_4.cif,0.005,0.0,52,0.558,0.154,0.434,32.972,22.157,0.168,0.43,48.069
8tp5_HL,HA,A,head,protenix,10,2.0,8tp5_hl_sample_0.cif,0.019,0.192,52,0.923,0.545,0.535,14.038,11.941,0.148,0.269,35.58
8tp5_HL,HA,A,head,protenix,10,2.0,8tp5_hl_sample_1.cif,0.01,0.056,71,0.732,0.505,0.499,16.878,10.063,0.148,0.269,35.58
8tp5_HL,HA,A,head,protenix,10,2.0,8tp5_hl_sample_2.cif,0.02,0.129,62,0.613,0.588,0.481,9.919,9.968,0.148,0.269,35.58
8tp5_HL,HA,A,head,protenix,10,2.0,8tp5_hl_sample_3.cif,0.007,0.048,62,0.516,0.442,0.477,18.501,12.762,0.148,0.269,35.58
8tp5_HL,HA,A,head,protenix,10,2.0,8tp5_hl_sample_4.cif,0.015,0.153,85,0.788,0.678,0.508,7.771,8.793,0.148,0.269,35.58
8tp5_HL,HA,A,head,protenix,11,1.0,8tp5_hl_sample_0.cif,0.014,0.156,64,0.844,0.614,0.541,9.822,9.351,0.156,0.217,28.905
8tp5_HL,HA,A,head,protenix,11,1.0,8tp5_hl_sample_1.cif,0.03,0.126,87,0.931,0.684,0.548,6.822,7.522,0.156,0.217,28.905
8tp5_HL,HA,A,head,protenix,11,1.0,8tp5_hl_sample_2.cif,0.008,0.048,84,0.702,0.28,0.49,16.241,8.776,0.156,0.217,28.905
8tp5_HL,HA,A,head,protenix,11,1.0,8tp5_hl_sample_3.cif,0.019,0.108,74,0.959,0.598,0.56,10.093,6.551,0.156,0.217,28.905
8tp5_HL,HA,A,head,protenix,11,1.0,8tp5_hl_sample_4.cif,0.019,0.188,69,0.87,0.579,0.516,9.17,10.156,0.156,0.217,28.905
8tq1_CD,Env,B,MPER,boltz,0,205.166,input_model_0.cif,0.012,0.0,17,0.0,0.635,,14.087,,0.635,0.723,0.802
8tq1_CD,Env,B,MPER,boltz,0,205.166,input_model_1.cif,0.01,0.111,18,0.0,0.605,,23.544,,0.635,0.723,0.802
8tq1_CD,Env,B,MPER,boltz,0,205.166,input_model_2.cif,0.032,0.111,18,0.0,0.807,,16.998,,0.635,0.723,0.802
8tq1_CD,Env,B,MPER,boltz,0,205.166,input_model_3.cif,0.011,0.0,19,0.0,0.413,,20.917,,0.635,0.723,0.802
8tq1_CD,Env,B,MPER,boltz,0,205.166,input_model_4.cif,0.011,0.0,19,0.0,0.441,,28.265,,0.635,0.723,0.802
8tq1_CD,Env,B,MPER,boltz,1,143.733,input_model_0.cif,0.006,0.0,18,0.0,0.315,,32.368,,0.667,0.748,0.767
8tq1_CD,Env,B,MPER,boltz,1,143.733,input_model_1.cif,0.005,0.118,17,0.0,0.406,,45.737,,0.667,0.748,0.767
8tq1_CD,Env,B,MPER,boltz,1,143.733,input_model_2.cif,0.027,0.25,12,0.0,0.876,,10.65,,0.667,0.748,0.767
8tq1_CD,Env,B,MPER,boltz,1,143.733,input_model_3.cif,0.02,0.087,23,0.0,0.81,,16.064,,0.667,0.748,0.767
8tq1_CD,Env,B,MPER,boltz,1,143.733,input_model_4.cif,0.008,0.0,15,0.0,0.302,,29.885,,0.667,0.748,0.767
8tq1_CD,Env,B,MPER,boltz,2,89.064,input_model_0.cif,0.006,0.125,16,0.0,0.377,,52.898,,0.507,0.62,0.795
8tq1_CD,Env,B,MPER,boltz,2,89.064,input_model_1.cif,0.01,0.0,23,0.0,0.387,,24.418,,0.507,0.62,0.795
8tq1_CD,Env,B,MPER,boltz,2,89.064,input_model_2.cif,0.005,0.0,20,0.0,0.528,,24.726,,0.507,0.62,0.795
8tq1_CD,Env,B,MPER,boltz,2,89.064,input_model_3.cif,0.009,0.0,17,0.0,0.308,,33.575,,0.507,0.62,0.795
8tq1_CD,Env,B,MPER,boltz,2,89.064,input_model_4.cif,0.024,0.278,18,0.0,0.809,,10.92,,0.507,0.62,0.795
8tq1_CD,Env,B,MPER,boltz,3,56.154,input_model_0.cif,0.006,0.0,18,0.0,0.506,,30.375,,0.708,0.777,0.774
8tq1_CD,Env,B,MPER,boltz,3,56.154,input_model_1.cif,0.01,0.0,17,0.0,0.318,,28.145,,0.708,0.777,0.774
8tq1_CD,Env,B,MPER,boltz,3,56.154,input_model_2.cif,0.005,0.0,19,0.0,0.555,,29.656,,0.708,0.777,0.774
8tq1_CD,Env,B,MPER,boltz,3,56.154,input_model_3.cif,0.008,0.091,22,0.0,0.379,,48.816,,0.708,0.777,0.774
8tq1_CD,Env,B,MPER,boltz,3,56.154,input_model_4.cif,0.015,0.111,18,0.0,0.726,,14.48,,0.708,0.777,0.774
8tq1_CD,Env,B,MPER,boltz,4,37.605,input_model_0.cif,0.098,0.35,20,0.0,0.697,,11.684,,0.505,0.621,0.779
8tq1_CD,Env,B,MPER,boltz,4,37.605,input_model_1.cif,0.009,0.0,18,0.0,0.281,,28.804,,0.505,0.621,0.779
8tq1_CD,Env,B,MPER,boltz,4,37.605,input_model_2.cif,0.075,0.421,19,0.0,0.904,,5.71,,0.505,0.621,0.779
8tq1_CD,Env,B,MPER,boltz,4,37.605,input_model_3.cif,0.028,0.214,42,0.0,0.824,,10.794,,0.505,0.621,0.779
8tq1_CD,Env,B,MPER,boltz,4,37.605,input_model_4.cif,0.024,0.125,16,0.0,0.705,,17.848,,0.505,0.621,0.779
8tq1_CD,Env,B,MPER,boltz,5,24.278,input_model_0.cif,0.005,0.0,19,0.0,0.368,,37.868,,0.711,0.778,0.795
8tq1_CD,Env,B,MPER,boltz,5,24.278,input_model_1.cif,0.01,0.0,14,0.0,0.404,,27.433,,0.711,0.778,0.795
8tq1_CD,Env,B,MPER,boltz,5,24.278,input_model_2.cif,0.006,0.0,19,0.0,0.29,,31.226,,0.711,0.778,0.795
8tq1_CD,Env,B,MPER,boltz,5,24.278,input_model_3.cif,0.048,0.105,19,0.0,0.528,,22.909,,0.711,0.778,0.795
8tq1_CD,Env,B,MPER,boltz,5,24.278,input_model_4.cif,0.033,0.3,10,0.0,0.902,,11.21,,0.711,0.778,0.795
8tq1_CD,Env,B,MPER,boltz,6,14.03,input_model_0.cif,0.035,0.158,19,0.0,0.808,,17.005,,0.718,0.782,0.835
8tq1_CD,Env,B,MPER,boltz,6,14.03,input_model_1.cif,0.072,0.238,21,0.0,0.869,,7.167,,0.718,0.782,0.835
8tq1_CD,Env,B,MPER,boltz,6,14.03,input_model_2.cif,0.01,0.0,13,0.0,0.388,,29.45,,0.718,0.782,0.835
8tq1_CD,Env,B,MPER,boltz,6,14.03,input_model_3.cif,0.027,0.176,17,0.0,0.787,,14.771,,0.718,0.782,0.835
8tq1_CD,Env,B,MPER,boltz,6,14.03,input_model_4.cif,0.05,0.125,16,0.0,0.757,,13.222,,0.718,0.782,0.835
8tq1_CD,Env,B,MPER,boltz,7,7.542,input_model_0.cif,0.007,0.0,21,0.0,0.192,,29.051,,0.494,0.61,0.802
8tq1_CD,Env,B,MPER,boltz,7,7.542,input_model_1.cif,0.019,0.048,21,0.0,0.682,,16.849,,0.494,0.61,0.802
8tq1_CD,Env,B,MPER,boltz,7,7.542,input_model_2.cif,0.008,0.0,13,0.0,0.298,,34.001,,0.494,0.61,0.802
8tq1_CD,Env,B,MPER,boltz,7,7.542,input_model_3.cif,0.061,0.368,19,0.0,0.904,,6.914,,0.494,0.61,0.802
8tq1_CD,Env,B,MPER,boltz,7,7.542,input_model_4.cif,0.049,0.217,23,0.0,0.877,,8.604,,0.494,0.61,0.802
8tq1_CD,Env,B,MPER,boltz,8,6.35,input_model_0.cif,0.005,0.1,20,0.0,0.377,,38.053,,0.768,0.812,0.774
8tq1_CD,Env,B,MPER,boltz,8,6.35,input_model_1.cif,0.007,0.0,17,0.0,0.412,,34.106,,0.768,0.812,0.774
8tq1_CD,Env,B,MPER,boltz,8,6.35,input_model_2.cif,0.009,0.0,18,0.0,0.295,,28.343,,0.768,0.812,0.774
8tq1_CD,Env,B,MPER,boltz,8,6.35,input_model_3.cif,0.007,0.1,20,0.0,0.348,,48.586,,0.768,0.812,0.774
8tq1_CD,Env,B,MPER,boltz,8,6.35,input_model_4.cif,0.007,0.0,27,0.0,0.167,,32.41,,0.768,0.812,0.774
8tq1_CD,Env,B,MPER,boltz,9,2.0,input_model_0.cif,0.046,0.235,17,0.0,0.849,,11.146,,0.469,0.587,0.834
8tq1_CD,Env,B,MPER,boltz,9,2.0,input_model_1.cif,0.015,0.118,17,0.0,0.789,,12.249,,0.469,0.587,0.834
8tq1_CD,Env,B,MPER,boltz,9,2.0,input_model_2.cif,0.018,0.118,17,0.0,0.73,,14.347,,0.469,0.587,0.834
8tq1_CD,Env,B,MPER,boltz,9,2.0,input_model_3.cif,0.043,0.222,18,0.0,0.84,,11.718,,0.469,0.587,0.834
8tq1_CD,Env,B,MPER,boltz,9,2.0,input_model_4.cif,0.023,0.042,24,0.0,0.629,,6.567,,0.469,0.587,0.834
8tq1_CD,Env,B,MPER,boltz,10,1.0,input_model_0.cif,0.035,0.15,20,0.0,0.834,,13.414,,0.679,0.753,0.839
8tq1_CD,Env,B,MPER,boltz,10,1.0,input_model_1.cif,0.008,0.0,17,0.0,0.218,,31.592,,0.679,0.753,0.839
8tq1_CD,Env,B,MPER,boltz,10,1.0,input_model_2.cif,0.043,0.393,28,0.0,0.909,,4.957,,0.679,0.753,0.839
8tq1_CD,Env,B,MPER,boltz,10,1.0,input_model_3.cif,0.025,0.15,20,0.0,0.816,,16.926,,0.679,0.753,0.839
8tq1_CD,Env,B,MPER,boltz,10,1.0,input_model_4.cif,0.047,0.265,34,0.0,0.839,,5.623,,0.679,0.753,0.839
8tq1_CD,Env,B,MPER,protenix,0,205.166,8tq1_cd_sample_0.cif,0.01,0.06,116,0.0,0.538,,18.307,,0.377,0.457,56.587
8tq1_CD,Env,B,MPER,protenix,0,205.166,8tq1_cd_sample_1.cif,0.01,0.032,94,0.0,0.43,,18.073,,0.377,0.457,56.587
8tq1_CD,Env,B,MPER,protenix,0,205.166,8tq1_cd_sample_2.cif,0.011,0.032,93,0.0,0.342,,18.452,,0.377,0.457,56.587
8tq1_CD,Env,B,MPER,protenix,0,205.166,8tq1_cd_sample_3.cif,0.012,0.018,112,0.0,0.25,,19.547,,0.377,0.457,56.587
8tq1_CD,Env,B,MPER,protenix,0,205.166,8tq1_cd_sample_4.cif,0.01,0.0,81,0.0,0.209,,20.273,,0.377,0.457,56.587
8tq1_CD,Env,B,MPER,protenix,1,143.733,8tq1_cd_sample_0.cif,0.011,0.041,97,0.0,0.394,,17.485,,0.344,0.429,56.626
8tq1_CD,Env,B,MPER,protenix,1,143.733,8tq1_cd_sample_1.cif,0.01,0.019,106,0.0,0.253,,20.174,,0.344,0.429,56.626
8tq1_CD,Env,B,MPER,protenix,1,143.733,8tq1_cd_sample_2.cif,0.01,0.022,92,0.0,0.28,,21.407,,0.344,0.429,56.626
8tq1_CD,Env,B,MPER,protenix,1,143.733,8tq1_cd_sample_3.cif,0.011,0.038,105,0.0,0.299,,19.729,,0.344,0.429,56.626
8tq1_CD,Env,B,MPER,protenix,1,143.733,8tq1_cd_sample_4.cif,0.011,0.04,101,0.0,0.341,,20.634,,0.344,0.429,56.626
8tq1_CD,Env,B,MPER,protenix,2,89.064,8tq1_cd_sample_0.cif,0.007,0.06,84,0.0,0.405,,28.665,,0.349,0.435,59.589
8tq1_CD,Env,B,MPER,protenix,2,89.064,8tq1_cd_sample_1.cif,0.011,0.034,89,0.0,0.302,,17.807,,0.349,0.435,59.589
8tq1_CD,Env,B,MPER,protenix,2,89.064,8tq1_cd_sample_2.cif,0.011,0.022,89,0.0,0.318,,17.747,,0.349,0.435,59.589
8tq1_CD,Env,B,MPER,protenix,2,89.064,8tq1_cd_sample_3.cif,0.01,0.022,91,0.0,0.302,,20.301,,0.349,0.435,59.589
8tq1_CD,Env,B,MPER,protenix,2,89.064,8tq1_cd_sample_4.cif,0.011,0.021,94,0.0,0.266,,19.292,,0.349,0.435,59.589
8tq1_CD,Env,B,MPER,protenix,3,56.154,8tq1_cd_sample_0.cif,0.007,0.024,84,0.0,0.14,,32.353,,0.327,0.416,58.668
8tq1_CD,Env,B,MPER,protenix,3,56.154,8tq1_cd_sample_1.cif,0.007,0.009,112,0.0,0.096,,32.64,,0.327,0.416,58.668
8tq1_CD,Env,B,MPER,protenix,3,56.154,8tq1_cd_sample_2.cif,0.01,0.018,110,0.0,0.258,,20.324,,0.327,0.416,58.668
8tq1_CD,Env,B,MPER,protenix,3,56.154,8tq1_cd_sample_3.cif,0.007,0.01,103,0.0,0.151,,26.993,,0.327,0.416,58.668
8tq1_CD,Env,B,MPER,protenix,3,56.154,8tq1_cd_sample_4.cif,0.011,0.046,65,0.0,0.32,,22.58,,0.327,0.416,58.668
8tq1_CD,Env,B,MPER,protenix,4,37.605,8tq1_cd_sample_0.cif,0.011,0.04,126,0.0,0.356,,20.666,,0.401,0.479,55.335
8tq1_CD,Env,B,MPER,protenix,4,37.605,8tq1_cd_sample_1.cif,0.011,0.028,108,0.0,0.313,,17.291,,0.401,0.479,55.335
8tq1_CD,Env,B,MPER,protenix,4,37.605,8tq1_cd_sample_2.cif,0.012,0.033,91,0.0,0.399,,14.896,,0.401,0.479,55.335
8tq1_CD,Env,B,MPER,protenix,4,37.605,8tq1_cd_sample_3.cif,0.012,0.053,113,0.0,0.467,,15.808,,0.401,0.479,55.335
8tq1_CD,Env,B,MPER,protenix,4,37.605,8tq1_cd_sample_4.cif,0.011,0.031,98,0.0,0.314,,17.354,,0.401,0.479,55.335
8tq1_CD,Env,B,MPER,protenix,5,24.278,8tq1_cd_sample_0.cif,0.01,0.031,97,0.0,0.215,,25.335,,0.25,0.354,47.22
8tq1_CD,Env,B,MPER,protenix,5,24.278,8tq1_cd_sample_1.cif,0.01,0.034,89,0.0,0.243,,21.733,,0.25,0.354,47.22
8tq1_CD,Env,B,MPER,protenix,5,24.278,8tq1_cd_sample_2.cif,0.014,0.024,83,0.0,0.291,,19.864,,0.25,0.354,47.22
8tq1_CD,Env,B,MPER,protenix,5,24.278,8tq1_cd_sample_3.cif,0.01,0.063,79,0.0,0.572,,18.398,,0.25,0.354,47.22
8tq1_CD,Env,B,MPER,protenix,5,24.278,8tq1_cd_sample_4.cif,0.011,0.022,93,0.0,0.207,,18.822,,0.25,0.354,47.22
8tq1_CD,Env,B,MPER,protenix,6,14.03,8tq1_cd_sample_0.cif,0.009,0.047,127,0.0,0.466,,11.608,,0.218,0.329,47.34
8tq1_CD,Env,B,MPER,protenix,6,14.03,8tq1_cd_sample_1.cif,0.011,0.02,98,0.0,0.242,,19.251,,0.218,0.329,47.34
8tq1_CD,Env,B,MPER,protenix,6,14.03,8tq1_cd_sample_2.cif,0.012,0.073,96,0.0,0.486,,13.342,,0.218,0.329,47.34
8tq1_CD,Env,B,MPER,protenix,6,14.03,8tq1_cd_sample_3.cif,0.008,0.062,80,0.0,0.455,,10.57,,0.218,0.329,47.34
8tq1_CD,Env,B,MPER,protenix,6,14.03,8tq1_cd_sample_4.cif,0.009,0.039,102,0.0,0.361,,17.375,,0.218,0.329,47.34
8tq1_CD,Env,B,MPER,protenix,7,7.542,8tq1_cd_sample_0.cif,0.008,0.048,104,0.0,0.39,,8.488,,0.274,0.354,49.48
8tq1_CD,Env,B,MPER,protenix,7,7.542,8tq1_cd_sample_1.cif,0.009,0.028,72,0.0,0.339,,8.644,,0.274,0.354,49.48
8tq1_CD,Env,B,MPER,protenix,7,7.542,8tq1_cd_sample_2.cif,0.011,0.084,107,0.0,0.532,,14.711,,0.274,0.354,49.48
8tq1_CD,Env,B,MPER,protenix,7,7.542,8tq1_cd_sample_3.cif,0.01,0.011,93,0.0,0.346,,9.502,,0.274,0.354,49.48
8tq1_CD,Env,B,MPER,protenix,7,7.542,8tq1_cd_sample_4.cif,0.024,0.16,75,0.0,0.73,,6.774,,0.274,0.354,49.48
8tq1_CD,Env,B,MPER,protenix,8,6.35,8tq1_cd_sample_0.cif,0.011,0.046,65,0.0,0.308,,28.361,,0.293,0.365,53.582
8tq1_CD,Env,B,MPER,protenix,8,6.35,8tq1_cd_sample_1.cif,0.011,0.035,86,0.0,0.277,,24.019,,0.293,0.365,53.582
8tq1_CD,Env,B,MPER,protenix,8,6.35,8tq1_cd_sample_2.cif,0.01,0.0,63,0.0,0.16,,30.557,,0.293,0.365,53.582
8tq1_CD,Env,B,MPER,protenix,8,6.35,8tq1_cd_sample_3.cif,0.026,0.029,68,0.0,0.212,,33.404,,0.293,0.365,53.582
8tq1_CD,Env,B,MPER,protenix,8,6.35,8tq1_cd_sample_4.cif,0.011,0.0,60,0.0,0.231,,31.354,,0.293,0.365,53.582
8tq1_CD,Env,B,MPER,protenix,9,2.0,8tq1_cd_sample_0.cif,0.008,0.061,66,0.0,0.36,,22.761,,0.279,0.358,48.85
8tq1_CD,Env,B,MPER,protenix,9,2.0,8tq1_cd_sample_1.cif,0.01,0.03,66,0.0,0.24,,29.424,,0.279,0.358,48.85
8tq1_CD,Env,B,MPER,protenix,9,2.0,8tq1_cd_sample_2.cif,0.008,0.0,52,0.0,0.359,,25.78,,0.279,0.358,48.85
8tq1_CD,Env,B,MPER,protenix,9,2.0,8tq1_cd_sample_3.cif,0.009,0.016,61,0.0,0.242,,28.927,,0.279,0.358,48.85
8tq1_CD,Env,B,MPER,protenix,9,2.0,8tq1_cd_sample_4.cif,0.013,0.079,63,0.0,0.441,,26.202,,0.279,0.358,48.85
8tq1_CD,Env,B,MPER,protenix,10,1.0,8tq1_cd_sample_0.cif,0.01,0.031,97,0.0,0.285,,20.854,,0.2,0.347,47.958
8tq1_CD,Env,B,MPER,protenix,10,1.0,8tq1_cd_sample_1.cif,0.014,0.085,59,0.0,0.508,,26.497,,0.2,0.347,47.958
8tq1_CD,Env,B,MPER,protenix,10,1.0,8tq1_cd_sample_2.cif,0.01,0.011,89,0.0,0.308,,19.83,,0.2,0.347,47.958
8tq1_CD,Env,B,MPER,protenix,10,1.0,8tq1_cd_sample_3.cif,0.011,0.093,54,0.0,0.509,,22.003,,0.2,0.347,47.958
8tq1_CD,Env,B,MPER,protenix,10,1.0,8tq1_cd_sample_4.cif,0.023,0.062,65,0.0,0.346,,25.686,,0.2,0.347,47.958
8tq1_CD,Env,B,MPER,protenix,11,1.0,8tq1_cd_sample_0.cif,0.011,0.066,91,0.0,0.563,,18.519,,0.293,0.36,51.412
8tq1_CD,Env,B,MPER,protenix,11,1.0,8tq1_cd_sample_1.cif,0.012,0.032,63,0.0,0.339,,6.619,,0.293,0.36,51.412
8tq1_CD,Env,B,MPER,protenix,11,1.0,8tq1_cd_sample_2.cif,0.013,0.033,60,0.0,0.447,,5.479,,0.293,0.36,51.412
8tq1_CD,Env,B,MPER,protenix,11,1.0,8tq1_cd_sample_3.cif,0.009,0.017,59,0.0,0.362,,8.64,,0.293,0.36,51.412
8tq1_CD,Env,B,MPER,protenix,11,1.0,8tq1_cd_sample_4.cif,0.011,0.016,62,0.0,0.325,,5.224,,0.293,0.36,51.412
8tx3_FK,HA,B,stem,boltz,0,59.723,input_model_0.cif,0.007,0.0,16,1.0,0.183,0.661,62.037,20.767,0.604,0.689,0.918
8tx3_FK,HA,B,stem,boltz,0,59.723,input_model_1.cif,0.005,0.0,15,1.0,0.172,0.701,76.848,13.646,0.604,0.689,0.918
8tx3_FK,HA,B,stem,boltz,0,59.723,input_model_2.cif,0.006,0.0,18,1.0,0.169,0.71,77.173,13.187,0.604,0.689,0.918
8tx3_FK,HA,B,stem,boltz,0,59.723,input_model_3.cif,0.004,0.0,21,1.0,0.138,0.739,80.039,10.995,0.604,0.689,0.918
8tx3_FK,HA,B,stem,boltz,0,59.723,input_model_4.cif,0.004,0.0,30,1.0,0.141,0.742,83.135,9.645,0.604,0.689,0.918
8tx3_FK,HA,B,stem,boltz,1,45.597,input_model_0.cif,0.002,0.0,17,1.0,0.111,0.716,88.985,19.197,0.744,0.83,0.927
8tx3_FK,HA,B,stem,boltz,1,45.597,input_model_1.cif,0.002,0.0,18,1.0,0.114,0.718,88.268,18.829,0.744,0.83,0.927
8tx3_FK,HA,B,stem,boltz,1,45.597,input_model_2.cif,0.005,0.0,14,1.0,0.175,0.691,76.756,14.283,0.744,0.83,0.927
8tx3_FK,HA,B,stem,boltz,1,45.597,input_model_3.cif,0.006,0.0,15,1.0,0.176,0.698,77.96,14.034,0.744,0.83,0.927
8tx3_FK,HA,B,stem,boltz,1,45.597,input_model_4.cif,0.005,0.0,17,1.0,0.166,0.702,79.237,13.94,0.744,0.83,0.927
8tx3_FK,HA,B,stem,boltz,2,37.619,input_model_0.cif,0.005,0.0,10,1.0,0.167,0.69,76.842,15.0,0.584,0.674,0.909
8tx3_FK,HA,B,stem,boltz,2,37.619,input_model_1.cif,0.004,0.0,25,1.0,0.141,0.741,83.024,11.549,0.584,0.674,0.909
8tx3_FK,HA,B,stem,boltz,2,37.619,input_model_2.cif,0.003,0.0,26,1.0,0.136,0.74,83.719,14.032,0.584,0.674,0.909
8tx3_FK,HA,B,stem,boltz,2,37.619,input_model_3.cif,0.006,0.0,16,1.0,0.172,0.682,70.129,15.773,0.584,0.674,0.909
8tx3_FK,HA,B,stem,boltz,2,37.619,input_model_4.cif,0.005,0.0,20,0.9,0.16,0.693,77.282,13.211,0.584,0.674,0.909
8tx3_FK,HA,B,stem,boltz,3,22.394,input_model_0.cif,0.007,0.0,28,0.679,0.282,0.541,55.272,24.775,0.652,0.722,0.905
8tx3_FK,HA,B,stem,boltz,3,22.394,input_model_1.cif,0.007,0.0,17,1.0,0.21,0.63,58.847,22.365,0.652,0.722,0.905
8tx3_FK,HA,B,stem,boltz,3,22.394,input_model_2.cif,0.007,0.0,13,1.0,0.17,0.667,61.751,20.747,0.652,0.722,0.905
8tx3_FK,HA,B,stem,boltz,3,22.394,input_model_3.cif,0.004,0.0,27,1.0,0.144,0.742,81.755,9.798,0.652,0.722,0.905
8tx3_FK,HA,B,stem,boltz,3,22.394,input_model_4.cif,0.004,0.0,24,1.0,0.14,0.74,79.404,9.875,0.652,0.722,0.905
8tx3_FK,HA,B,stem,boltz,4,14.609,input_model_0.cif,0.007,0.0,16,1.0,0.194,0.659,63.234,19.523,0.595,0.68,0.913
8tx3_FK,HA,B,stem,boltz,4,14.609,input_model_1.cif,0.007,0.0,16,1.0,0.183,0.671,64.701,18.433,0.595,0.68,0.913
8tx3_FK,HA,B,stem,boltz,4,14.609,input_model_2.cif,0.003,0.0,22,1.0,0.15,0.738,82.384,15.005,0.595,0.68,0.913
8tx3_FK,HA,B,stem,boltz,4,14.609,input_model_3.cif,0.004,0.0,24,1.0,0.142,0.74,80.087,9.846,0.595,0.68,0.913
8tx3_FK,HA,B,stem,boltz,4,14.609,input_model_4.cif,0.006,0.0,23,0.435,0.21,0.569,57.767,22.681,0.595,0.68,0.913
8tx3_FK,HA,B,stem,boltz,5,10.425,input_model_0.cif,0.002,0.0,16,1.0,0.112,0.717,89.199,19.451,0.668,0.763,0.926
8tx3_FK,HA,B,stem,boltz,5,10.425,input_model_1.cif,0.007,0.0,19,1.0,0.18,0.667,63.057,19.976,0.668,0.763,0.926
8tx3_FK,HA,B,stem,boltz,5,10.425,input_model_2.cif,0.007,0.0,15,1.0,0.198,0.643,61.945,20.866,0.668,0.763,0.926
8tx3_FK,HA,B,stem,boltz,5,10.425,input_model_3.cif,0.003,0.0,22,1.0,0.145,0.741,95.861,19.451,0.668,0.763,0.926
8tx3_FK,HA,B,stem,boltz,5,10.425,input_model_4.cif,0.006,0.0,10,1.0,0.167,0.679,71.779,15.464,0.668,0.763,0.926
8tx3_FK,HA,B,stem,boltz,6,12.333,input_model_0.cif,0.003,0.0,15,1.0,0.106,0.715,87.559,18.987,0.728,0.817,0.926
8tx3_FK,HA,B,stem,boltz,6,12.333,input_model_1.cif,0.007,0.0,12,1.0,0.166,0.672,65.765,17.624,0.728,0.817,0.926
8tx3_FK,HA,B,stem,boltz,6,12.333,input_model_2.cif,0.002,0.0,21,1.0,0.146,0.738,97.224,20.585,0.728,0.817,0.926
8tx3_FK,HA,B,stem,boltz,6,12.333,input_model_3.cif,0.003,0.0,27,1.0,0.139,0.74,83.523,14.231,0.728,0.817,0.926
8tx3_FK,HA,B,stem,boltz,6,12.333,input_model_4.cif,0.003,0.0,15,1.0,0.156,0.731,91.467,19.644,0.728,0.817,0.926
8tx3_FK,HA,B,stem,boltz,7,6.0,input_model_0.cif,0.004,0.0,15,1.0,0.128,0.731,79.717,15.886,0.581,0.67,0.906
8tx3_FK,HA,B,stem,boltz,7,6.0,input_model_1.cif,0.004,0.0,26,1.0,0.143,0.741,79.63,9.607,0.581,0.67,0.906
8tx3_FK,HA,B,stem,boltz,7,6.0,input_model_2.cif,0.004,0.0,18,0.889,0.16,0.699,80.669,14.349,0.581,0.67,0.906
8tx3_FK,HA,B,stem,boltz,7,6.0,input_model_3.cif,0.004,0.0,21,1.0,0.141,0.739,79.687,10.583,0.581,0.67,0.906
8tx3_FK,HA,B,stem,boltz,7,6.0,input_model_4.cif,0.006,0.0,16,1.0,0.178,0.677,66.939,16.796,0.581,0.67,0.906
8tx3_FK,HA,B,stem,boltz,8,5.0,input_model_0.cif,0.002,0.0,19,1.0,0.111,0.722,89.124,19.161,0.653,0.756,0.919
8tx3_FK,HA,B,stem,boltz,8,5.0,input_model_1.cif,0.007,0.0,18,1.0,0.202,0.619,57.714,23.769,0.653,0.756,0.919
8tx3_FK,HA,B,stem,boltz,8,5.0,input_model_2.cif,0.008,0.0,24,0.792,0.321,0.55,55.384,24.582,0.653,0.756,0.919
8tx3_FK,HA,B,stem,boltz,8,5.0,input_model_3.cif,0.004,0.0,25,1.0,0.14,0.74,80.715,10.011,0.653,0.756,0.919
8tx3_FK,HA,B,stem,boltz,8,5.0,input_model_4.cif,0.007,0.0,20,1.0,0.176,0.675,66.517,17.109,0.653,0.756,0.919
8tx3_FK,HA,B,stem,boltz,9,3.0,input_model_0.cif,0.002,0.0,16,1.0,0.111,0.72,88.746,18.943,0.687,0.791,0.925
8tx3_FK,HA,B,stem,boltz,9,3.0,input_model_1.cif,0.003,0.0,15,1.0,0.106,0.714,87.319,19.238,0.687,0.791,0.925
8tx3_FK,HA,B,stem,boltz,9,3.0,input_model_2.cif,0.007,0.0,17,1.0,0.178,0.67,63.537,19.48,0.687,0.791,0.925
8tx3_FK,HA,B,stem,boltz,9,3.0,input_model_3.cif,0.005,0.0,17,1.0,0.154,0.695,80.997,14.602,0.687,0.791,0.925
8tx3_FK,HA,B,stem,boltz,9,3.0,input_model_4.cif,0.007,0.0,17,1.0,0.178,0.67,63.975,18.667,0.687,0.791,0.925
8tx3_FK,HA,B,stem,boltz,10,2.0,input_model_0.cif,0.002,0.0,18,1.0,0.111,0.718,88.457,19.165,0.72,0.804,0.921
8tx3_FK,HA,B,stem,boltz,10,2.0,input_model_1.cif,0.007,0.0,14,1.0,0.201,0.654,61.34,20.961,0.72,0.804,0.921
8tx3_FK,HA,B,stem,boltz,10,2.0,input_model_2.cif,0.006,0.0,14,1.0,0.173,0.7,77.291,13.763,0.72,0.804,0.921
8tx3_FK,HA,B,stem,boltz,10,2.0,input_model_3.cif,0.008,0.0,19,0.947,0.272,0.593,56.663,24.025,0.72,0.804,0.921
8tx3_FK,HA,B,stem,boltz,10,2.0,input_model_4.cif,0.004,0.0,24,1.0,0.144,0.741,80.333,10.408,0.72,0.804,0.921
8tx3_FK,HA,B,stem,protenix,0,59.723,8tx3_fk_sample_0.cif,0.004,0.0,29,1.0,0.16,0.744,85.69,11.206,0.529,0.648,85.156
8tx3_FK,HA,B,stem,protenix,0,59.723,8tx3_fk_sample_1.cif,0.003,0.0,27,1.0,0.157,0.734,91.459,18.997,0.529,0.648,85.156
8tx3_FK,HA,B,stem,protenix,0,59.723,8tx3_fk_sample_2.cif,0.003,0.0,27,1.0,0.153,0.738,94.415,19.554,0.529,0.648,85.156
8tx3_FK,HA,B,stem,protenix,0,59.723,8tx3_fk_sample_3.cif,0.003,0.0,24,1.0,0.151,0.734,91.656,18.833,0.529,0.648,85.156
8tx3_FK,HA,B,stem,protenix,0,59.723,8tx3_fk_sample_4.cif,0.003,0.0,26,1.0,0.158,0.737,93.477,19.463,0.529,0.648,85.156
8tx3_FK,HA,B,stem,protenix,1,45.597,8tx3_fk_sample_0.cif,0.004,0.103,58,0.379,0.784,0.468,42.229,32.11,0.564,0.67,81.814
8tx3_FK,HA,B,stem,protenix,1,45.597,8tx3_fk_sample_1.cif,0.012,0.085,59,0.458,0.756,0.478,47.918,27.652,0.564,0.67,81.814
8tx3_FK,HA,B,stem,protenix,1,45.597,8tx3_fk_sample_2.cif,0.004,0.0,43,0.605,0.676,0.539,50.033,23.716,0.564,0.67,81.814
8tx3_FK,HA,B,stem,protenix,1,45.597,8tx3_fk_sample_3.cif,0.003,0.0,46,0.848,0.151,0.692,79.645,12.089,0.564,0.67,81.814
8tx3_FK,HA,B,stem,protenix,1,45.597,8tx3_fk_sample_4.cif,0.06,0.286,42,0.048,0.912,0.293,14.086,63.026,0.564,0.67,81.814
8tx3_FK,HA,B,stem,protenix,2,37.619,8tx3_fk_sample_0.cif,0.007,0.0,22,1.0,0.266,0.709,59.275,17.447,0.529,0.649,84.496
8tx3_FK,HA,B,stem,protenix,2,37.619,8tx3_fk_sample_1.cif,0.003,0.0,28,1.0,0.16,0.733,90.531,19.457,0.529,0.649,84.496
8tx3_FK,HA,B,stem,protenix,2,37.619,8tx3_fk_sample_2.cif,0.003,0.0,24,1.0,0.163,0.734,89.558,19.719,0.529,0.649,84.496
8tx3_FK,HA,B,stem,protenix,2,37.619,8tx3_fk_sample_3.cif,0.002,0.0,12,1.0,0.139,0.734,100.182,26.848,0.529,0.649,84.496
8tx3_FK,HA,B,stem,protenix,2,37.619,8tx3_fk_sample_4.cif,0.002,0.0,11,1.0,0.146,0.733,98.999,26.745,0.529,0.649,84.496
8tx3_FK,HA,B,stem,protenix,3,22.394,8tx3_fk_sample_0.cif,0.004,0.0,24,1.0,0.183,0.741,75.278,10.089,0.525,0.645,85.294
8tx3_FK,HA,B,stem,protenix,3,22.394,8tx3_fk_sample_1.cif,0.003,0.0,25,1.0,0.152,0.737,92.798,19.546,0.525,0.645,85.294
8tx3_FK,HA,B,stem,protenix,3,22.394,8tx3_fk_sample_2.cif,0.003,0.0,22,1.0,0.158,0.737,91.669,20.269,0.525,0.645,85.294
8tx3_FK,HA,B,stem,protenix,3,22.394,8tx3_fk_sample_3.cif,0.003,0.0,16,1.0,0.154,0.734,91.843,20.435,0.525,0.645,85.294
8tx3_FK,HA,B,stem,protenix,3,22.394,8tx3_fk_sample_4.cif,0.002,0.0,13,1.0,0.146,0.735,100.153,25.894,0.525,0.645,85.294
8tx3_FK,HA,B,stem,protenix,4,14.609,8tx3_fk_sample_0.cif,0.004,0.0,30,1.0,0.172,0.745,85.872,12.122,0.514,0.636,83.601
8tx3_FK,HA,B,stem,protenix,4,14.609,8tx3_fk_sample_1.cif,0.004,0.0,30,1.0,0.144,0.744,87.25,12.246,0.514,0.636,83.601
8tx3_FK,HA,B,stem,protenix,4,14.609,8tx3_fk_sample_2.cif,0.003,0.0,17,1.0,0.173,0.734,90.818,19.152,0.514,0.636,83.601
8tx3_FK,HA,B,stem,protenix,4,14.609,8tx3_fk_sample_3.cif,0.003,0.0,27,1.0,0.154,0.735,93.954,19.359,0.514,0.636,83.601
8tx3_FK,HA,B,stem,protenix,4,14.609,8tx3_fk_sample_4.cif,0.002,0.0,25,1.0,0.134,0.729,96.631,22.265,0.514,0.636,83.601
8tx3_FK,HA,B,stem,protenix,5,10.425,8tx3_fk_sample_0.cif,0.004,0.0,28,1.0,0.163,0.744,78.959,10.733,0.389,0.57,80.497
8tx3_FK,HA,B,stem,protenix,5,10.425,8tx3_fk_sample_1.cif,0.005,0.0,19,1.0,0.163,0.73,66.517,14.552,0.389,0.57,80.497
8tx3_FK,HA,B,stem,protenix,5,10.425,8tx3_fk_sample_2.cif,0.003,0.0,24,1.0,0.19,0.742,88.61,18.812,0.389,0.57,80.497
8tx3_FK,HA,B,stem,protenix,5,10.425,8tx3_fk_sample_3.cif,0.003,0.0,28,1.0,0.186,0.736,89.576,19.445,0.389,0.57,80.497
8tx3_FK,HA,B,stem,protenix,5,10.425,8tx3_fk_sample_4.cif,0.003,0.0,15,1.0,0.204,0.738,83.051,20.321,0.389,0.57,80.497
8tx3_FK,HA,B,stem,protenix,6,12.333,8tx3_fk_sample_0.cif,0.004,0.0,27,1.0,0.205,0.746,60.343,10.833,0.375,0.506,75.398
8tx3_FK,HA,B,stem,protenix,6,12.333,8tx3_fk_sample_1.cif,0.005,0.029,35,0.829,0.533,0.56,33.357,20.148,0.375,0.506,75.398
8tx3_FK,HA,B,stem,protenix,6,12.333,8tx3_fk_sample_2.cif,0.008,0.0,30,1.0,0.212,0.712,52.41,11.655,0.375,0.506,75.398
8tx3_FK,HA,B,stem,protenix,6,12.333,8tx3_fk_sample_3.cif,0.003,0.0,16,1.0,0.153,0.733,75.242,20.203,0.375,0.506,75.398
8tx3_FK,HA,B,stem,protenix,6,12.333,8tx3_fk_sample_4.cif,0.009,0.0,52,0.577,0.236,0.533,42.583,22.871,0.375,0.506,75.398
8tx3_FK,HA,B,stem,protenix,7,6.0,8tx3_fk_sample_0.cif,0.004,0.0,43,1.0,0.106,0.743,72.019,13.608,0.34,0.525,69.794
8tx3_FK,HA,B,stem,protenix,7,6.0,8tx3_fk_sample_1.cif,0.004,0.0,42,1.0,0.15,0.745,76.544,13.19,0.34,0.525,69.794
8tx3_FK,HA,B,stem,protenix,7,6.0,8tx3_fk_sample_2.cif,0.004,0.0,30,1.0,0.138,0.736,69.109,14.827,0.34,0.525,69.794
8tx3_FK,HA,B,stem,protenix,7,6.0,8tx3_fk_sample_3.cif,0.004,0.0,30,1.0,0.058,0.734,72.273,14.357,0.34,0.525,69.794
8tx3_FK,HA,B,stem,protenix,7,6.0,8tx3_fk_sample_4.cif,0.004,0.0,31,1.0,0.125,0.691,62.706,14.081,0.34,0.525,69.794
8tx3_FK,HA,B,stem,protenix,8,5.0,8tx3_fk_sample_0.cif,0.007,0.042,72,0.528,0.201,0.532,49.971,14.707,0.233,0.427,45.593
8tx3_FK,HA,B,stem,protenix,8,5.0,8tx3_fk_sample_1.cif,0.005,0.0,53,0.811,0.265,0.616,35.684,12.687,0.233,0.427,45.593
8tx3_FK,HA,B,stem,protenix,8,5.0,8tx3_fk_sample_2.cif,0.014,0.121,58,0.293,0.821,0.393,22.6,22.452,0.233,0.427,45.593
8tx3_FK,HA,B,stem,protenix,8,5.0,8tx3_fk_sample_3.cif,0.007,0.043,94,0.372,0.604,0.462,20.127,29.705,0.233,0.427,45.593
8tx3_FK,HA,B,stem,protenix,8,5.0,8tx3_fk_sample_4.cif,0.018,0.026,78,0.359,0.358,0.432,27.55,18.63,0.233,0.427,45.593
8tx3_FK,HA,B,stem,protenix,9,3.0,8tx3_fk_sample_0.cif,0.006,0.0,32,1.0,0.483,0.712,33.403,12.381,0.326,0.424,56.268
8tx3_FK,HA,B,stem,protenix,9,3.0,8tx3_fk_sample_1.cif,0.006,0.031,32,0.438,0.652,0.494,18.953,21.403,0.326,0.424,56.268
8tx3_FK,HA,B,stem,protenix,9,3.0,8tx3_fk_sample_2.cif,0.003,0.0,18,1.0,0.079,0.739,65.201,19.806,0.326,0.424,56.268
8tx3_FK,HA,B,stem,protenix,9,3.0,8tx3_fk_sample_3.cif,0.019,0.133,15,0.733,0.303,0.665,43.418,23.912,0.326,0.424,56.268
8tx3_FK,HA,B,stem,protenix,9,3.0,8tx3_fk_sample_4.cif,0.007,0.0,38,0.447,0.188,0.485,31.108,21.713,0.326,0.424,56.268
8tx3_FK,HA,B,stem,protenix,10,2.0,8tx3_fk_sample_0.cif,0.006,0.025,40,0.525,0.579,0.549,17.806,16.687,0.331,0.432,50.142
8tx3_FK,HA,B,stem,protenix,10,2.0,8tx3_fk_sample_1.cif,0.015,0.083,36,0.611,0.732,0.515,9.953,21.025,0.331,0.432,50.142
8tx3_FK,HA,B,stem,protenix,10,2.0,8tx3_fk_sample_2.cif,0.057,0.25,48,0.562,0.9,0.514,9.616,19.046,0.331,0.432,50.142
8tx3_FK,HA,B,stem,protenix,10,2.0,8tx3_fk_sample_3.cif,0.006,0.0,34,0.971,0.47,0.678,29.49,12.821,0.331,0.432,50.142
8tx3_FK,HA,B,stem,protenix,10,2.0,8tx3_fk_sample_4.cif,0.005,0.0,38,0.711,0.094,0.668,46.674,13.361,0.331,0.432,50.142
8tx3_FK,HA,B,stem,protenix,11,1.0,8tx3_fk_sample_0.cif,0.011,0.02,50,0.66,0.53,0.519,23.149,15.106,0.325,0.427,49.02
8tx3_FK,HA,B,stem,protenix,11,1.0,8tx3_fk_sample_1.cif,0.009,0.0,38,0.395,0.377,0.435,27.528,22.417,0.325,0.427,49.02
8tx3_FK,HA,B,stem,protenix,11,1.0,8tx3_fk_sample_2.cif,0.024,0.028,36,0.5,0.305,0.505,26.026,21.57,0.325,0.427,49.02
8tx3_FK,HA,B,stem,protenix,11,1.0,8tx3_fk_sample_3.cif,0.019,0.0,45,0.356,0.464,0.429,17.591,23.977,0.325,0.427,49.02
8tx3_FK,HA,B,stem,protenix,11,1.0,8tx3_fk_sample_4.cif,0.063,0.211,38,0.658,0.616,0.573,16.018,16.495,0.325,0.427,49.02
8txm_HL,HA,B,stem,boltz,0,58.804,input_model_0.cif,0.155,0.68,25,0.28,0.94,0.339,3.442,49.247,0.719,0.761,0.913
8txm_HL,HA,B,stem,boltz,0,58.804,input_model_1.cif,0.118,0.567,30,0.4,0.929,0.356,6.794,46.558,0.719,0.761,0.913
8txm_HL,HA,B,stem,boltz,0,58.804,input_model_2.cif,0.111,0.773,22,0.136,0.946,0.31,6.429,56.771,0.719,0.761,0.913
8txm_HL,HA,B,stem,boltz,0,58.804,input_model_3.cif,0.108,0.789,19,0.053,0.944,0.299,6.345,56.468,0.719,0.761,0.913
8txm_HL,HA,B,stem,boltz,0,58.804,input_model_4.cif,0.099,0.632,19,0.158,0.931,0.312,6.93,56.105,0.719,0.761,0.913
8txm_HL,HA,B,stem,boltz,1,41.087,input_model_0.cif,0.164,0.769,26,0.154,0.944,0.324,4.024,53.886,0.694,0.734,0.912
8txm_HL,HA,B,stem,boltz,1,41.087,input_model_1.cif,0.126,0.818,22,0.136,0.952,0.319,4.697,55.509,0.694,0.734,0.912
8txm_HL,HA,B,stem,boltz,1,41.087,input_model_2.cif,0.109,0.81,21,0.143,0.95,0.317,5.438,55.495,0.694,0.734,0.912
8txm_HL,HA,B,stem,boltz,1,41.087,input_model_3.cif,0.081,0.75,20,0.15,0.943,0.323,5.918,55.306,0.694,0.734,0.912
8txm_HL,HA,B,stem,boltz,1,41.087,input_model_4.cif,0.121,0.611,18,0.167,0.934,0.307,7.265,56.985,0.694,0.734,0.912
8txm_HL,HA,B,stem,boltz,2,29.332,input_model_0.cif,0.155,0.714,21,0.143,0.943,0.331,4.517,53.719,0.639,0.682,0.91
8txm_HL,HA,B,stem,boltz,2,29.332,input_model_1.cif,0.09,0.762,21,0.143,0.943,0.334,5.112,55.004,0.639,0.682,0.91
8txm_HL,HA,B,stem,boltz,2,29.332,input_model_2.cif,0.103,0.765,17,0.059,0.947,0.3,7.565,57.905,0.639,0.682,0.91
8txm_HL,HA,B,stem,boltz,2,29.332,input_model_3.cif,0.074,0.458,24,0.042,0.906,0.31,13.269,62.572,0.639,0.682,0.91
8txm_HL,HA,B,stem,boltz,2,29.332,input_model_4.cif,0.091,0.789,19,0.158,0.942,0.328,5.346,54.74,0.639,0.682,0.91
8txm_HL,HA,B,stem,boltz,3,26.881,input_model_0.cif,0.114,0.75,20,0.05,0.946,0.305,6.859,57.279,0.585,0.654,0.918
8txm_HL,HA,B,stem,boltz,3,26.881,input_model_1.cif,0.092,0.7,20,0.1,0.94,0.318,6.574,55.921,0.585,0.654,0.918
8txm_HL,HA,B,stem,boltz,3,26.881,input_model_2.cif,0.08,0.5,26,0.385,0.925,0.36,6.519,47.125,0.585,0.654,0.918
8txm_HL,HA,B,stem,boltz,3,26.881,input_model_3.cif,0.115,0.75,24,0.167,0.949,0.32,4.708,54.348,0.585,0.654,0.918
8txm_HL,HA,B,stem,boltz,3,26.881,input_model_4.cif,0.04,0.45,20,0.25,0.894,0.339,8.676,54.652,0.585,0.654,0.918
8txm_HL,HA,B,stem,boltz,4,14.953,input_model_0.cif,0.103,0.739,23,0.174,0.937,0.329,5.268,53.44,0.649,0.692,0.919
8txm_HL,HA,B,stem,boltz,4,14.953,input_model_1.cif,0.136,0.667,24,0.292,0.948,0.339,3.566,49.298,0.649,0.692,0.919
8txm_HL,HA,B,stem,boltz,4,14.953,input_model_2.cif,0.141,0.591,22,0.136,0.929,0.307,10.269,59.956,0.649,0.692,0.919
8txm_HL,HA,B,stem,boltz,4,14.953,input_model_3.cif,0.093,0.75,20,0.15,0.946,0.327,5.879,55.489,0.649,0.692,0.919
8txm_HL,HA,B,stem,boltz,4,14.953,input_model_4.cif,0.092,0.714,21,0.143,0.943,0.314,6.506,55.968,0.649,0.692,0.919
8txm_HL,HA,B,stem,boltz,5,7.253,input_model_0.cif,0.142,0.81,21,0.143,0.949,0.304,5.387,55.962,0.561,0.623,0.913
8txm_HL,HA,B,stem,boltz,5,7.253,input_model_1.cif,0.119,0.789,19,0.053,0.947,0.307,6.41,57.353,0.561,0.623,0.913
8txm_HL,HA,B,stem,boltz,5,7.253,input_model_2.cif,0.118,0.762,21,0.143,0.943,0.307,6.328,56.345,0.561,0.623,0.913
8txm_HL,HA,B,stem,boltz,5,7.253,input_model_3.cif,0.079,0.619,21,0.095,0.936,0.326,7.254,55.859,0.561,0.623,0.913
8txm_HL,HA,B,stem,boltz,5,7.253,input_model_4.cif,0.097,0.619,21,0.143,0.937,0.304,6.906,56.187,0.561,0.623,0.913
8txm_HL,HA,B,stem,boltz,6,8.333,input_model_0.cif,0.096,0.714,21,0.143,0.938,0.316,6.107,54.788,0.614,0.655,0.916
8txm_HL,HA,B,stem,boltz,6,8.333,input_model_1.cif,0.081,0.65,20,0.05,0.93,0.307,10.279,60.64,0.614,0.655,0.916
8txm_HL,HA,B,stem,boltz,6,8.333,input_model_2.cif,0.106,0.789,19,0.053,0.945,0.304,6.93,56.96,0.614,0.655,0.916
8txm_HL,HA,B,stem,boltz,6,8.333,input_model_3.cif,0.1,0.8,20,0.1,0.947,0.301,6.06,55.992,0.614,0.655,0.916
8txm_HL,HA,B,stem,boltz,6,8.333,input_model_4.cif,0.147,0.684,19,0.158,0.939,0.314,6.46,56.862,0.614,0.655,0.916
8txm_HL,HA,B,stem,boltz,7,8.0,input_model_0.cif,0.104,0.762,21,0.143,0.947,0.32,6.225,56.432,0.584,0.653,0.919
8txm_HL,HA,B,stem,boltz,7,8.0,input_model_1.cif,0.122,0.818,22,0.136,0.95,0.306,4.749,54.489,0.584,0.653,0.919
8txm_HL,HA,B,stem,boltz,7,8.0,input_model_2.cif,0.103,0.81,21,0.143,0.945,0.307,5.503,55.762,0.584,0.653,0.919
8txm_HL,HA,B,stem,boltz,7,8.0,input_model_3.cif,0.066,0.472,36,0.444,0.918,0.383,8.574,45.093,0.584,0.653,0.919
8txm_HL,HA,B,stem,boltz,7,8.0,input_model_4.cif,0.186,0.76,25,0.16,0.939,0.335,4.121,53.92,0.584,0.653,0.919
8txm_HL,HA,B,stem,boltz,8,3.0,input_model_0.cif,0.107,0.762,21,0.048,0.948,0.308,5.945,56.836,0.611,0.64,0.911
8txm_HL,HA,B,stem,boltz,8,3.0,input_model_1.cif,0.109,0.81,21,0.19,0.942,0.321,4.412,54.082,0.611,0.64,0.911
8txm_HL,HA,B,stem,boltz,8,3.0,input_model_2.cif,0.138,0.593,27,0.333,0.926,0.35,5.159,47.892,0.611,0.64,0.911
8txm_HL,HA,B,stem,boltz,8,3.0,input_model_3.cif,0.107,0.8,20,0.15,0.947,0.323,4.542,53.618,0.611,0.64,0.911
8txm_HL,HA,B,stem,boltz,8,3.0,input_model_4.cif,0.095,0.8,20,0.15,0.942,0.335,4.995,54.105,0.611,0.64,0.911
8txm_HL,HA,B,stem,boltz,9,3.0,input_model_0.cif,0.164,0.667,24,0.208,0.948,0.34,2.637,50.695,0.643,0.673,0.904
8txm_HL,HA,B,stem,boltz,9,3.0,input_model_1.cif,0.098,0.737,19,0.053,0.939,0.301,7.859,57.89,0.643,0.673,0.904
8txm_HL,HA,B,stem,boltz,9,3.0,input_model_2.cif,0.109,0.81,21,0.143,0.943,0.311,5.546,55.638,0.643,0.673,0.904
8txm_HL,HA,B,stem,boltz,9,3.0,input_model_3.cif,0.093,0.708,24,0.167,0.944,0.333,5.367,53.967,0.643,0.673,0.904
8txm_HL,HA,B,stem,boltz,9,3.0,input_model_4.cif,0.18,0.85,20,0.25,0.948,0.321,2.57,49.485,0.643,0.673,0.904
8txm_HL,HA,B,stem,boltz,10,2.0,input_model_0.cif,0.078,0.484,31,0.484,0.913,0.376,8.697,44.18,0.615,0.662,0.903
8txm_HL,HA,B,stem,boltz,10,2.0,input_model_1.cif,0.109,0.75,24,0.208,0.941,0.335,5.168,53.436,0.615,0.662,0.903
8txm_HL,HA,B,stem,boltz,10,2.0,input_model_2.cif,0.109,0.81,21,0.143,0.95,0.326,4.91,54.58,0.615,0.662,0.903
8txm_HL,HA,B,stem,boltz,10,2.0,input_model_3.cif,0.114,0.762,21,0.143,0.945,0.302,6.332,56.344,0.615,0.662,0.903
8txm_HL,HA,B,stem,boltz,10,2.0,input_model_4.cif,0.109,0.615,26,0.308,0.931,0.338,4.04,51.237,0.615,0.662,0.903
8txp_HL,HA,B,stem,boltz,0,59.175,input_model_0.cif,0.132,0.679,28,0.179,0.942,0.312,6.138,53.551,0.772,0.771,0.915
8txp_HL,HA,B,stem,boltz,0,59.175,input_model_1.cif,0.135,0.692,26,0.115,0.944,0.303,7.888,55.701,0.772,0.771,0.915
8txp_HL,HA,B,stem,boltz,0,59.175,input_model_2.cif,0.112,0.667,24,0.167,0.931,0.305,7.452,55.255,0.772,0.771,0.915
8txp_HL,HA,B,stem,boltz,0,59.175,input_model_3.cif,0.123,0.679,28,0.25,0.941,0.355,5.046,50.948,0.772,0.771,0.915
8txp_HL,HA,B,stem,boltz,0,59.175,input_model_4.cif,0.089,0.567,30,0.333,0.927,0.436,5.942,47.657,0.772,0.771,0.915
8txp_HL,HA,B,stem,boltz,1,39.206,input_model_0.cif,0.127,0.704,27,0.111,0.944,0.311,7.35,55.787,0.701,0.715,0.919
8txp_HL,HA,B,stem,boltz,1,39.206,input_model_1.cif,0.133,0.72,25,0.12,0.944,0.306,6.756,55.056,0.701,0.715,0.919
8txp_HL,HA,B,stem,boltz,1,39.206,input_model_2.cif,0.116,0.741,27,0.148,0.944,0.312,6.734,54.902,0.701,0.715,0.919
8txp_HL,HA,B,stem,boltz,1,39.206,input_model_3.cif,0.124,0.704,27,0.111,0.946,0.327,7.225,55.162,0.701,0.715,0.919
8txp_HL,HA,B,stem,boltz,1,39.206,input_model_4.cif,0.132,0.696,23,0.087,0.94,0.299,8.026,55.821,0.701,0.715,0.919
8txp_HL,HA,B,stem,boltz,2,29.106,input_model_0.cif,0.124,0.69,29,0.172,0.951,0.346,5.456,52.61,0.705,0.725,0.913
8txp_HL,HA,B,stem,boltz,2,29.106,input_model_1.cif,0.14,0.773,22,0.136,0.944,0.307,6.909,55.819,0.705,0.725,0.913
8txp_HL,HA,B,stem,boltz,2,29.106,input_model_2.cif,0.119,0.643,28,0.25,0.935,0.331,5.748,51.778,0.705,0.725,0.913
8txp_HL,HA,B,stem,boltz,2,29.106,input_model_3.cif,0.139,0.762,21,0.143,0.947,0.32,7.247,55.712,0.705,0.725,0.913
8txp_HL,HA,B,stem,boltz,2,29.106,input_model_4.cif,0.093,0.571,28,0.286,0.932,0.398,5.433,50.062,0.705,0.725,0.913
8txp_HL,HA,B,stem,boltz,3,23.782,input_model_0.cif,0.125,0.714,28,0.107,0.948,0.303,6.73,55.728,0.727,0.738,0.913
8txp_HL,HA,B,stem,boltz,3,23.782,input_model_1.cif,0.134,0.769,26,0.115,0.949,0.299,6.372,55.169,0.727,0.738,0.913
8txp_HL,HA,B,stem,boltz,3,23.782,input_model_2.cif,0.118,0.692,26,0.154,0.938,0.314,6.892,54.878,0.727,0.738,0.913
8txp_HL,HA,B,stem,boltz,3,23.782,input_model_3.cif,0.112,0.696,23,0.13,0.945,0.319,7.419,55.271,0.727,0.738,0.913
8txp_HL,HA,B,stem,boltz,3,23.782,input_model_4.cif,0.114,0.714,21,0.095,0.938,0.323,8.048,56.202,0.727,0.738,0.913
8txp_HL,HA,B,stem,boltz,4,13.423,input_model_0.cif,0.134,0.731,26,0.231,0.946,0.333,4.867,52.223,0.731,0.761,0.916
8txp_HL,HA,B,stem,boltz,4,13.423,input_model_1.cif,0.126,0.679,28,0.214,0.947,0.351,5.596,52.762,0.731,0.761,0.916
8txp_HL,HA,B,stem,boltz,4,13.423,input_model_2.cif,0.118,0.679,28,0.214,0.941,0.34,5.504,52.596,0.731,0.761,0.916
8txp_HL,HA,B,stem,boltz,4,13.423,input_model_3.cif,0.124,0.792,24,0.167,0.946,0.33,5.597,53.853,0.731,0.761,0.916
8txp_HL,HA,B,stem,boltz,4,13.423,input_model_4.cif,0.106,0.682,22,0.136,0.938,0.305,7.949,56.314,0.731,0.761,0.916
8txp_HL,HA,B,stem,boltz,5,11.085,input_model_0.cif,0.131,0.75,24,0.125,0.952,0.329,6.571,54.734,0.675,0.708,0.916
8txp_HL,HA,B,stem,boltz,5,11.085,input_model_1.cif,0.111,0.696,23,0.13,0.936,0.299,7.965,56.185,0.675,0.708,0.916
8txp_HL,HA,B,stem,boltz,5,11.085,input_model_2.cif,0.097,0.63,27,0.259,0.937,0.421,5.471,50.551,0.675,0.708,0.916
8txp_HL,HA,B,stem,boltz,5,11.085,input_model_3.cif,0.107,0.607,28,0.286,0.936,0.363,5.704,50.077,0.675,0.708,0.916
8txp_HL,HA,B,stem,boltz,5,11.085,input_model_4.cif,0.114,0.607,28,0.286,0.931,0.353,6.194,50.801,0.675,0.708,0.916
8txp_HL,HA,B,stem,boltz,6,8.45,input_model_0.cif,0.122,0.679,28,0.214,0.943,0.363,5.569,52.616,0.698,0.717,0.914
8txp_HL,HA,B,stem,boltz,6,8.45,input_model_1.cif,0.141,0.741,27,0.148,0.951,0.327,6.604,54.754,0.698,0.717,0.914
8txp_HL,HA,B,stem,boltz,6,8.45,input_model_2.cif,0.093,0.607,28,0.286,0.929,0.425,5.648,49.872,0.698,0.717,0.914
8txp_HL,HA,B,stem,boltz,6,8.45,input_model_3.cif,0.104,0.536,28,0.357,0.926,0.432,5.757,48.763,0.698,0.717,0.914
8txp_HL,HA,B,stem,boltz,6,8.45,input_model_4.cif,0.091,0.64,25,0.24,0.928,0.395,5.454,51.873,0.698,0.717,0.914
8txp_HL,HA,B,stem,boltz,7,9.0,input_model_0.cif,0.134,0.792,24,0.125,0.946,0.314,6.619,55.396,0.718,0.744,0.92
8txp_HL,HA,B,stem,boltz,7,9.0,input_model_1.cif,0.138,0.731,26,0.154,0.944,0.319,6.485,53.873,0.718,0.744,0.92
8txp_HL,HA,B,stem,boltz,7,9.0,input_model_2.cif,0.124,0.679,28,0.214,0.947,0.347,5.547,52.43,0.718,0.744,0.92
8txp_HL,HA,B,stem,boltz,7,9.0,input_model_3.cif,0.131,0.76,25,0.12,0.947,0.321,6.985,54.901,0.718,0.744,0.92
8txp_HL,HA,B,stem,boltz,7,9.0,input_model_4.cif,0.09,0.593,27,0.259,0.927,0.399,5.682,50.798,0.718,0.744,0.92
8txp_HL,HA,B,stem,boltz,8,4.0,input_model_0.cif,0.121,0.731,26,0.115,0.952,0.324,7.151,55.697,0.732,0.742,0.918
8txp_HL,HA,B,stem,boltz,8,4.0,input_model_1.cif,0.108,0.64,25,0.16,0.938,0.324,7.703,55.458,0.732,0.742,0.918
8txp_HL,HA,B,stem,boltz,8,4.0,input_model_2.cif,0.108,0.586,29,0.276,0.934,0.318,5.889,51.685,0.732,0.742,0.918
8txp_HL,HA,B,stem,boltz,8,4.0,input_model_3.cif,0.12,0.76,25,0.12,0.944,0.311,7.002,55.036,0.732,0.742,0.918
8txp_HL,HA,B,stem,boltz,8,4.0,input_model_4.cif,0.083,0.607,28,0.286,0.918,0.419,5.624,50.875,0.732,0.742,0.918
8txp_HL,HA,B,stem,boltz,9,3.0,input_model_0.cif,0.122,0.731,26,0.154,0.946,0.345,6.391,54.364,0.753,0.775,0.919
8txp_HL,HA,B,stem,boltz,9,3.0,input_model_1.cif,0.131,0.692,26,0.115,0.942,0.296,7.888,56.318,0.753,0.775,0.919
8txp_HL,HA,B,stem,boltz,9,3.0,input_model_2.cif,0.152,0.704,27,0.111,0.945,0.312,6.46,55.214,0.753,0.775,0.919
8txp_HL,HA,B,stem,boltz,9,3.0,input_model_3.cif,0.15,0.714,28,0.143,0.947,0.307,5.924,54.142,0.753,0.775,0.919
8txp_HL,HA,B,stem,boltz,9,3.0,input_model_4.cif,0.102,0.571,28,0.286,0.932,0.341,6.085,52.119,0.753,0.775,0.919
8txp_HL,HA,B,stem,boltz,10,2.0,input_model_0.cif,0.122,0.72,25,0.12,0.943,0.322,7.035,55.003,0.713,0.721,0.917
8txp_HL,HA,B,stem,boltz,10,2.0,input_model_1.cif,0.14,0.704,27,0.111,0.945,0.313,7.306,55.6,0.713,0.721,0.917
8txp_HL,HA,B,stem,boltz,10,2.0,input_model_2.cif,0.113,0.68,25,0.16,0.937,0.301,7.522,55.434,0.713,0.721,0.917
8txp_HL,HA,B,stem,boltz,10,2.0,input_model_3.cif,0.128,0.692,26,0.115,0.947,0.308,7.657,55.775,0.713,0.721,0.917
8txp_HL,HA,B,stem,boltz,10,2.0,input_model_4.cif,0.131,0.708,24,0.167,0.943,0.323,7.225,55.65,0.713,0.721,0.917
8txt_GI,HA,B,stem,boltz,0,61.26,input_model_0.cif,0.063,0.562,32,0.344,0.938,0.364,7.474,46.531,0.755,0.788,0.911
8txt_GI,HA,B,stem,boltz,0,61.26,input_model_1.cif,0.196,0.72,25,0.2,0.951,0.327,2.125,51.995,0.755,0.788,0.911
8txt_GI,HA,B,stem,boltz,0,61.26,input_model_2.cif,0.145,0.762,21,0.048,0.95,0.302,4.96,56.174,0.755,0.788,0.911
8txt_GI,HA,B,stem,boltz,0,61.26,input_model_3.cif,0.116,0.7,20,0.05,0.944,0.31,8.035,59.338,0.755,0.788,0.911
8txt_GI,HA,B,stem,boltz,0,61.26,input_model_4.cif,0.075,0.44,25,0.08,0.905,0.312,12.694,63.019,0.755,0.788,0.911
8txt_GI,HA,B,stem,boltz,1,44.764,input_model_0.cif,0.18,0.714,28,0.179,0.955,0.322,2.975,53.256,0.751,0.788,0.917
8txt_GI,HA,B,stem,boltz,1,44.764,input_model_1.cif,0.081,0.611,18,0.0,0.929,0.299,11.716,62.631,0.751,0.788,0.917
8txt_GI,HA,B,stem,boltz,1,44.764,input_model_2.cif,0.206,0.769,26,0.115,0.957,0.318,2.595,53.569,0.751,0.788,0.917
8txt_GI,HA,B,stem,boltz,1,44.764,input_model_3.cif,0.065,0.478,23,0.043,0.911,0.313,12.179,61.48,0.751,0.788,0.917
8txt_GI,HA,B,stem,boltz,1,44.764,input_model_4.cif,0.06,0.455,22,0.045,0.9,0.307,13.738,63.615,0.751,0.788,0.917
8txt_GI,HA,B,stem,boltz,2,29.963,input_model_0.cif,0.209,0.85,20,0.2,0.957,0.324,1.401,51.98,0.677,0.727,0.937
8txt_GI,HA,B,stem,boltz,2,29.963,input_model_1.cif,0.243,0.792,24,0.167,0.956,0.332,1.881,52.562,0.677,0.727,0.937
8txt_GI,HA,B,stem,boltz,2,29.963,input_model_2.cif,0.217,0.75,24,0.208,0.944,0.324,3.775,52.913,0.677,0.727,0.937
8txt_GI,HA,B,stem,boltz,2,29.963,input_model_3.cif,0.133,0.783,23,0.13,0.952,0.322,4.019,54.315,0.677,0.727,0.937
8txt_GI,HA,B,stem,boltz,2,29.963,input_model_4.cif,0.275,0.708,24,0.167,0.948,0.316,7.74,58.275,0.677,0.727,0.937
8txt_GI,HA,B,stem,boltz,3,22.726,input_model_0.cif,0.073,0.667,27,0.148,0.946,0.366,1.962,48.98,0.846,0.859,0.916
8txt_GI,HA,B,stem,boltz,3,22.726,input_model_1.cif,0.215,0.739,23,0.13,0.95,0.314,4.426,55.402,0.846,0.859,0.916
8txt_GI,HA,B,stem,boltz,3,22.726,input_model_2.cif,0.111,0.5,18,0.056,0.903,0.303,15.277,65.53,0.846,0.859,0.916
8txt_GI,HA,B,stem,boltz,3,22.726,input_model_3.cif,0.282,0.741,27,0.222,0.956,0.332,1.99,52.181,0.846,0.859,0.916
8txt_GI,HA,B,stem,boltz,3,22.726,input_model_4.cif,0.056,0.469,32,0.406,0.921,0.365,8.936,45.281,0.846,0.859,0.916
8txt_GI,HA,B,stem,boltz,4,16.18,input_model_0.cif,0.11,0.722,18,0.0,0.952,0.314,5.012,55.579,0.699,0.749,0.925
8txt_GI,HA,B,stem,boltz,4,16.18,input_model_1.cif,0.103,0.65,20,0.05,0.937,0.307,9.224,59.86,0.699,0.749,0.925
8txt_GI,HA,B,stem,boltz,4,16.18,input_model_2.cif,0.121,0.571,21,0.048,0.934,0.304,9.898,59.052,0.699,0.749,0.925
8txt_GI,HA,B,stem,boltz,4,16.18,input_model_3.cif,0.131,0.81,21,0.095,0.954,0.313,3.931,55.319,0.699,0.749,0.925
8txt_GI,HA,B,stem,boltz,4,16.18,input_model_4.cif,0.085,0.714,21,0.048,0.947,0.31,7.04,56.986,0.699,0.749,0.925
8txt_GI,HA,B,stem,boltz,5,11.81,input_model_0.cif,0.138,0.619,21,0.048,0.932,0.297,12.106,62.762,0.723,0.77,0.923
8txt_GI,HA,B,stem,boltz,5,11.81,input_model_1.cif,0.122,0.81,21,0.143,0.948,0.326,3.141,53.502,0.723,0.77,0.923
8txt_GI,HA,B,stem,boltz,5,11.81,input_model_2.cif,0.121,0.773,22,0.091,0.949,0.313,4.434,55.709,0.723,0.77,0.923
8txt_GI,HA,B,stem,boltz,5,11.81,input_model_3.cif,0.121,0.75,20,0.05,0.952,0.31,5.241,56.51,0.723,0.77,0.923
8txt_GI,HA,B,stem,boltz,5,11.81,input_model_4.cif,0.122,0.8,20,0.05,0.95,0.306,4.488,55.572,0.723,0.77,0.923
8txt_GI,HA,B,stem,boltz,6,8.167,input_model_0.cif,0.107,0.667,27,0.148,0.951,0.337,1.061,51.717,0.802,0.831,0.925
8txt_GI,HA,B,stem,boltz,6,8.167,input_model_1.cif,0.116,0.8,20,0.15,0.956,0.328,2.913,54.299,0.802,0.831,0.925
8txt_GI,HA,B,stem,boltz,6,8.167,input_model_2.cif,0.175,0.636,22,0.136,0.927,0.308,11.249,61.955,0.802,0.831,0.925
8txt_GI,HA,B,stem,boltz,6,8.167,input_model_3.cif,0.147,0.8,20,0.05,0.954,0.309,4.497,55.836,0.802,0.831,0.925
8txt_GI,HA,B,stem,boltz,6,8.167,input_model_4.cif,0.164,0.75,20,0.1,0.953,0.317,4.433,55.207,0.802,0.831,0.925
8txt_GI,HA,B,stem,boltz,7,6.333,input_model_0.cif,0.055,0.458,24,0.042,0.908,0.303,13.541,64.119,0.699,0.75,0.914
8txt_GI,HA,B,stem,boltz,7,6.333,input_model_1.cif,0.11,0.609,23,0.043,0.94,0.305,9.694,60.585,0.699,0.75,0.914
8txt_GI,HA,B,stem,boltz,7,6.333,input_model_2.cif,0.107,0.619,21,0.048,0.935,0.302,9.964,60.259,0.699,0.75,0.914
8txt_GI,HA,B,stem,boltz,7,6.333,input_model_3.cif,0.121,0.714,21,0.048,0.948,0.304,7.267,58.039,0.699,0.75,0.914
8txt_GI,HA,B,stem,boltz,7,6.333,input_model_4.cif,0.071,0.667,30,0.167,0.943,0.34,3.124,52.003,0.699,0.75,0.914
8txt_GI,HA,B,stem,boltz,8,4.0,input_model_0.cif,0.183,0.75,24,0.125,0.955,0.322,3.851,54.643,0.739,0.783,0.921
8txt_GI,HA,B,stem,boltz,8,4.0,input_model_1.cif,0.15,0.737,19,0.0,0.953,0.302,5.851,56.94,0.739,0.783,0.921
8txt_GI,HA,B,stem,boltz,8,4.0,input_model_2.cif,0.195,0.75,24,0.25,0.945,0.329,2.953,52.307,0.739,0.783,0.921
8txt_GI,HA,B,stem,boltz,8,4.0,input_model_3.cif,0.084,0.524,21,0.048,0.923,0.303,12.763,63.362,0.739,0.783,0.921
8txt_GI,HA,B,stem,boltz,8,4.0,input_model_4.cif,0.117,0.64,25,0.16,0.946,0.318,4.572,53.507,0.739,0.783,0.921
8txt_GI,HA,B,stem,boltz,9,3.0,input_model_0.cif,0.118,0.773,22,0.136,0.945,0.314,4.441,55.475,0.739,0.783,0.926
8txt_GI,HA,B,stem,boltz,9,3.0,input_model_1.cif,0.062,0.517,29,0.103,0.928,0.319,8.844,58.591,0.739,0.783,0.926
8txt_GI,HA,B,stem,boltz,9,3.0,input_model_2.cif,0.105,0.762,21,0.143,0.952,0.324,3.507,53.487,0.739,0.783,0.926
8txt_GI,HA,B,stem,boltz,9,3.0,input_model_3.cif,0.114,0.7,20,0.05,0.95,0.315,5.258,55.957,0.739,0.783,0.926
8txt_GI,HA,B,stem,boltz,9,3.0,input_model_4.cif,0.087,0.714,21,0.048,0.942,0.314,8.278,59.242,0.739,0.783,0.926
8txt_GI,HA,B,stem,boltz,10,2.0,input_model_0.cif,0.155,0.789,19,0.053,0.951,0.301,4.791,56.107,0.706,0.756,0.925
8txt_GI,HA,B,stem,boltz,10,2.0,input_model_1.cif,0.047,0.4,25,0.04,0.906,0.303,14.765,64.442,0.706,0.756,0.925
8txt_GI,HA,B,stem,boltz,10,2.0,input_model_2.cif,0.124,0.778,18,0.0,0.951,0.306,4.221,55.287,0.706,0.756,0.925
8txt_GI,HA,B,stem,boltz,10,2.0,input_model_3.cif,0.056,0.455,22,0.045,0.904,0.305,13.569,63.58,0.706,0.756,0.925
8txt_GI,HA,B,stem,boltz,10,2.0,input_model_4.cif,0.133,0.8,20,0.05,0.952,0.305,4.429,55.792,0.706,0.756,0.925
8txt_HL,HA,B,stem,boltz,0,61.26,input_model_0.cif,0.108,0.75,20,0.1,0.954,0.311,5.199,54.841,0.699,0.75,0.922
8txt_HL,HA,B,stem,boltz,0,61.26,input_model_1.cif,0.12,0.75,20,0.05,0.952,0.302,6.547,56.258,0.699,0.75,0.922
8txt_HL,HA,B,stem,boltz,0,61.26,input_model_2.cif,0.108,0.722,18,0.056,0.951,0.301,8.196,57.841,0.699,0.75,0.922
8txt_HL,HA,B,stem,boltz,0,61.26,input_model_3.cif,0.139,0.739,23,0.13,0.952,0.306,5.878,55.423,0.699,0.75,0.922
8txt_HL,HA,B,stem,boltz,0,61.26,input_model_4.cif,0.068,0.385,26,0.038,0.907,0.309,15.414,64.385,0.699,0.75,0.922
8txt_HL,HA,B,stem,boltz,1,44.764,input_model_0.cif,0.217,0.792,24,0.125,0.962,0.314,5.077,55.409,0.792,0.817,0.918
8txt_HL,HA,B,stem,boltz,1,44.764,input_model_1.cif,0.138,0.762,21,0.048,0.956,0.307,6.029,56.153,0.792,0.817,0.918
8txt_HL,HA,B,stem,boltz,1,44.764,input_model_2.cif,0.168,0.762,21,0.048,0.961,0.328,5.959,55.738,0.792,0.817,0.918
8txt_HL,HA,B,stem,boltz,1,44.764,input_model_3.cif,0.184,0.727,22,0.136,0.953,0.313,6.112,55.808,0.792,0.817,0.918
8txt_HL,HA,B,stem,boltz,1,44.764,input_model_4.cif,0.121,0.722,18,0.0,0.957,0.314,6.043,56.106,0.792,0.817,0.918
8txt_HL,HA,B,stem,boltz,2,29.963,input_model_0.cif,0.179,0.667,27,0.148,0.961,0.318,3.764,53.642,0.816,0.844,0.938
8txt_HL,HA,B,stem,boltz,2,29.963,input_model_1.cif,0.221,0.739,23,0.13,0.956,0.317,5.841,55.869,0.816,0.844,0.938
8txt_HL,HA,B,stem,boltz,2,29.963,input_model_2.cif,0.159,0.7,20,0.05,0.952,0.304,8.244,58.752,0.816,0.844,0.938
8txt_HL,HA,B,stem,boltz,2,29.963,input_model_3.cif,0.22,0.773,22,0.045,0.956,0.311,6.444,56.369,0.816,0.844,0.938
8txt_HL,HA,B,stem,boltz,2,29.963,input_model_4.cif,0.23,0.895,19,0.158,0.952,0.32,4.611,54.619,0.816,0.844,0.938
8txt_HL,HA,B,stem,boltz,3,22.726,input_model_0.cif,0.109,0.591,22,0.045,0.939,0.3,10.51,60.943,0.673,0.727,0.918
8txt_HL,HA,B,stem,boltz,3,22.726,input_model_1.cif,0.098,0.667,21,0.048,0.947,0.319,7.7,57.872,0.673,0.727,0.918
8txt_HL,HA,B,stem,boltz,3,22.726,input_model_2.cif,0.064,0.4,25,0.04,0.904,0.306,13.621,62.171,0.673,0.727,0.918
8txt_HL,HA,B,stem,boltz,3,22.726,input_model_3.cif,0.12,0.588,17,0.118,0.917,0.304,11.178,60.573,0.673,0.727,0.918
8txt_HL,HA,B,stem,boltz,3,22.726,input_model_4.cif,0.075,0.37,27,0.037,0.902,0.31,15.657,64.296,0.673,0.727,0.918
8txt_HL,HA,B,stem,boltz,4,16.18,input_model_0.cif,0.088,0.7,20,0.05,0.945,0.306,7.504,57.693,0.706,0.756,0.921
8txt_HL,HA,B,stem,boltz,4,16.18,input_model_1.cif,0.103,0.65,20,0.05,0.936,0.297,11.208,60.717,0.706,0.756,0.921
8txt_HL,HA,B,stem,boltz,4,16.18,input_model_2.cif,0.103,0.5,24,0.042,0.933,0.303,12.156,61.575,0.706,0.756,0.921
8txt_HL,HA,B,stem,boltz,4,16.18,input_model_3.cif,0.103,0.667,21,0.048,0.946,0.312,7.791,57.871,0.706,0.756,0.921
8txt_HL,HA,B,stem,boltz,4,16.18,input_model_4.cif,0.1,0.682,22,0.045,0.947,0.306,7.279,57.07,0.706,0.756,0.921
8txt_HL,HA,B,stem,boltz,5,11.81,input_model_0.cif,0.164,0.72,25,0.2,0.956,0.325,3.305,52.83,0.701,0.751,0.917
8txt_HL,HA,B,stem,boltz,5,11.81,input_model_1.cif,0.091,0.591,22,0.091,0.944,0.311,8.855,58.121,0.701,0.751,0.917
8txt_HL,HA,B,stem,boltz,5,11.81,input_model_2.cif,0.14,0.65,20,0.05,0.938,0.309,9.73,59.37,0.701,0.751,0.917
8txt_HL,HA,B,stem,boltz,5,11.81,input_model_3.cif,0.13,0.722,18,0.056,0.951,0.314,6.839,56.696,0.701,0.751,0.917
8txt_HL,HA,B,stem,boltz,5,11.81,input_model_4.cif,0.149,0.8,20,0.05,0.958,0.308,5.51,56.01,0.701,0.751,0.917
8txt_HL,HA,B,stem,boltz,6,8.167,input_model_0.cif,0.162,0.609,23,0.043,0.94,0.298,10.075,60.044,0.75,0.792,0.938
8txt_HL,HA,B,stem,boltz,6,8.167,input_model_1.cif,0.086,0.72,25,0.12,0.961,0.335,2.782,52.881,0.75,0.792,0.938
8txt_HL,HA,B,stem,boltz,6,8.167,input_model_2.cif,0.178,0.6,25,0.08,0.95,0.312,7.028,56.831,0.75,0.792,0.938
8txt_HL,HA,B,stem,boltz,6,8.167,input_model_3.cif,0.141,0.81,21,0.143,0.956,0.315,4.798,53.912,0.75,0.792,0.938
8txt_HL,HA,B,stem,boltz,6,8.167,input_model_4.cif,0.019,0.375,40,0.425,0.908,0.492,17.095,34.586,0.75,0.792,0.938
8txt_HL,HA,B,stem,boltz,7,6.333,input_model_0.cif,0.11,0.778,18,0.0,0.956,0.32,5.24,55.168,0.68,0.734,0.925
8txt_HL,HA,B,stem,boltz,7,6.333,input_model_1.cif,0.165,0.789,19,0.158,0.954,0.322,5.577,56.262,0.68,0.734,0.925
8txt_HL,HA,B,stem,boltz,7,6.333,input_model_2.cif,0.138,0.609,23,0.087,0.948,0.308,7.754,57.552,0.68,0.734,0.925
8txt_HL,HA,B,stem,boltz,7,6.333,input_model_3.cif,0.036,0.536,28,0.071,0.94,0.314,11.292,61.175,0.68,0.734,0.925
8txt_HL,HA,B,stem,boltz,7,6.333,input_model_4.cif,0.109,0.7,20,0.05,0.948,0.309,7.452,57.04,0.68,0.734,0.925
8txt_HL,HA,B,stem,boltz,8,4.0,input_model_0.cif,0.131,0.789,19,0.053,0.956,0.3,5.918,55.854,0.713,0.762,0.925
8txt_HL,HA,B,stem,boltz,8,4.0,input_model_1.cif,0.16,0.5,22,0.045,0.924,0.31,13.131,63.02,0.713,0.762,0.925
8txt_HL,HA,B,stem,boltz,8,4.0,input_model_2.cif,0.132,0.737,19,0.0,0.958,0.307,6.832,56.92,0.713,0.762,0.925
8txt_HL,HA,B,stem,boltz,8,4.0,input_model_3.cif,0.116,0.65,20,0.05,0.951,0.308,7.864,57.622,0.713,0.762,0.925
8txt_HL,HA,B,stem,boltz,8,4.0,input_model_4.cif,0.142,0.773,22,0.091,0.958,0.309,5.189,55.078,0.713,0.762,0.925
8txt_HL,HA,B,stem,boltz,9,3.0,input_model_0.cif,0.088,0.591,22,0.045,0.936,0.301,11.138,61.149,0.674,0.728,0.917
8txt_HL,HA,B,stem,boltz,9,3.0,input_model_1.cif,0.145,0.652,23,0.087,0.956,0.316,5.236,54.2,0.674,0.728,0.917
8txt_HL,HA,B,stem,boltz,9,3.0,input_model_2.cif,0.063,0.435,23,0.087,0.909,0.318,11.711,59.862,0.674,0.728,0.917
8txt_HL,HA,B,stem,boltz,9,3.0,input_model_3.cif,0.073,0.526,19,0.053,0.936,0.312,11.956,61.159,0.674,0.728,0.917
8txt_HL,HA,B,stem,boltz,9,3.0,input_model_4.cif,0.133,0.8,20,0.1,0.957,0.315,4.427,54.596,0.674,0.728,0.917
8txt_HL,HA,B,stem,boltz,10,2.0,input_model_0.cif,0.101,0.731,26,0.154,0.96,0.345,1.709,51.679,0.782,0.811,0.914
8txt_HL,HA,B,stem,boltz,10,2.0,input_model_1.cif,0.105,0.609,23,0.043,0.934,0.301,12.186,62.416,0.782,0.811,0.914
8txt_HL,HA,B,stem,boltz,10,2.0,input_model_2.cif,0.061,0.5,22,0.091,0.911,0.312,12.567,61.436,0.782,0.811,0.914
8txt_HL,HA,B,stem,boltz,10,2.0,input_model_3.cif,0.061,0.423,26,0.077,0.903,0.316,12.663,61.551,0.782,0.811,0.914
8txt_HL,HA,B,stem,boltz,10,2.0,input_model_4.cif,0.113,0.55,20,0.0,0.922,0.301,15.94,65.662,0.782,0.811,0.914
8txu_HL,HA,B,stem,boltz,0,52.955,input_model_0.cif,0.014,0.0,29,0.345,0.646,0.369,35.087,42.39,0.665,0.729,0.945
8txu_HL,HA,B,stem,boltz,0,52.955,input_model_1.cif,0.004,0.0,15,1.0,0.155,0.692,79.149,15.232,0.665,0.729,0.945
8txu_HL,HA,B,stem,boltz,0,52.955,input_model_2.cif,0.007,0.0,10,1.0,0.274,0.614,62.049,21.154,0.665,0.729,0.945
8txu_HL,HA,B,stem,boltz,0,52.955,input_model_3.cif,0.006,0.0,9,0.889,0.219,0.585,61.632,20.549,0.665,0.729,0.945
8txu_HL,HA,B,stem,boltz,0,52.955,input_model_4.cif,0.055,0.25,20,0.05,0.88,0.315,19.388,58.491,0.665,0.729,0.945
8txu_HL,HA,B,stem,boltz,1,38.101,input_model_0.cif,0.534,0.81,21,0.0,0.974,0.28,3.107,75.04,0.681,0.742,0.935
8txu_HL,HA,B,stem,boltz,1,38.101,input_model_1.cif,0.005,0.0,14,1.0,0.164,0.694,79.509,15.386,0.681,0.742,0.935
8txu_HL,HA,B,stem,boltz,1,38.101,input_model_2.cif,0.005,0.0,12,1.0,0.168,0.696,78.766,15.247,0.681,0.742,0.935
8txu_HL,HA,B,stem,boltz,1,38.101,input_model_3.cif,0.014,0.0,18,0.167,0.624,0.364,32.46,46.091,0.681,0.742,0.935
8txu_HL,HA,B,stem,boltz,1,38.101,input_model_4.cif,0.004,0.0,14,0.429,0.145,0.677,75.084,17.132,0.681,0.742,0.935
8txu_HL,HA,B,stem,boltz,2,28.121,input_model_0.cif,0.012,0.0,17,0.353,0.588,0.375,35.221,42.397,0.683,0.745,0.942
8txu_HL,HA,B,stem,boltz,2,28.121,input_model_1.cif,0.005,0.0,12,1.0,0.173,0.695,77.731,15.055,0.683,0.745,0.942
8txu_HL,HA,B,stem,boltz,2,28.121,input_model_2.cif,0.014,0.0,19,0.316,0.642,0.365,35.701,42.397,0.683,0.745,0.942
8txu_HL,HA,B,stem,boltz,2,28.121,input_model_3.cif,0.005,0.0,14,1.0,0.165,0.692,79.631,15.379,0.683,0.745,0.942
8txu_HL,HA,B,stem,boltz,2,28.121,input_model_4.cif,0.056,0.292,24,0.042,0.89,0.315,16.543,60.275,0.683,0.745,0.942
8txu_HL,HA,B,stem,boltz,3,20.959,input_model_0.cif,0.004,0.0,15,1.0,0.158,0.7,81.272,15.301,0.666,0.743,0.941
8txu_HL,HA,B,stem,boltz,3,20.959,input_model_1.cif,0.005,0.0,15,1.0,0.163,0.693,79.981,15.257,0.666,0.743,0.941
8txu_HL,HA,B,stem,boltz,3,20.959,input_model_2.cif,0.007,0.0,11,1.0,0.325,0.562,55.412,25.584,0.666,0.743,0.941
8txu_HL,HA,B,stem,boltz,3,20.959,input_model_3.cif,0.055,0.238,21,0.048,0.875,0.313,19.121,58.748,0.666,0.743,0.941
8txu_HL,HA,B,stem,boltz,3,20.959,input_model_4.cif,0.039,0.238,21,0.048,0.815,0.326,18.485,58.618,0.666,0.743,0.941
8txu_HL,HA,B,stem,boltz,4,15.707,input_model_0.cif,0.015,0.0,26,0.308,0.665,0.363,33.037,44.421,0.736,0.787,0.945
8txu_HL,HA,B,stem,boltz,4,15.707,input_model_1.cif,0.055,0.269,26,0.077,0.862,0.322,18.479,58.264,0.736,0.787,0.945
8txu_HL,HA,B,stem,boltz,4,15.707,input_model_2.cif,0.005,0.0,12,1.0,0.168,0.696,78.848,15.301,0.736,0.787,0.945
8txu_HL,HA,B,stem,boltz,4,15.707,input_model_3.cif,0.057,0.273,22,0.091,0.881,0.315,19.237,57.851,0.736,0.787,0.945
8txu_HL,HA,B,stem,boltz,4,15.707,input_model_4.cif,0.039,0.258,31,0.065,0.833,0.319,18.123,59.005,0.736,0.787,0.945
8txu_HL,HA,B,stem,boltz,5,11.471,input_model_0.cif,0.014,0.0,19,0.211,0.654,0.366,32.308,45.172,0.642,0.711,0.944
8txu_HL,HA,B,stem,boltz,5,11.471,input_model_1.cif,0.005,0.0,12,1.0,0.168,0.694,78.211,15.101,0.642,0.711,0.944
8txu_HL,HA,B,stem,boltz,5,11.471,input_model_2.cif,0.007,0.0,18,0.778,0.266,0.561,56.466,23.561,0.642,0.711,0.944
8txu_HL,HA,B,stem,boltz,5,11.471,input_model_3.cif,0.056,0.333,18,0.056,0.882,0.315,18.247,59.21,0.642,0.711,0.944
8txu_HL,HA,B,stem,boltz,5,11.471,input_model_4.cif,0.03,0.138,29,0.138,0.762,0.337,23.82,52.716,0.642,0.711,0.944
8txu_HL,HA,B,stem,boltz,6,9.167,input_model_0.cif,0.013,0.0,17,0.235,0.595,0.38,35.95,42.813,0.679,0.741,0.945
8txu_HL,HA,B,stem,boltz,6,9.167,input_model_1.cif,0.006,0.0,10,1.0,0.23,0.611,60.985,20.311,0.679,0.741,0.945
8txu_HL,HA,B,stem,boltz,6,9.167,input_model_2.cif,0.005,0.0,13,1.0,0.166,0.695,79.252,15.36,0.679,0.741,0.945
8txu_HL,HA,B,stem,boltz,6,9.167,input_model_3.cif,0.013,0.0,18,0.222,0.606,0.372,34.393,43.866,0.679,0.741,0.945
8txu_HL,HA,B,stem,boltz,6,9.167,input_model_4.cif,0.061,0.28,25,0.12,0.858,0.327,19.596,56.77,0.679,0.741,0.945
8txu_HL,HA,B,stem,boltz,7,8.0,input_model_0.cif,0.476,0.933,15,0.0,0.972,0.28,2.268,74.803,0.708,0.769,0.936
8txu_HL,HA,B,stem,boltz,7,8.0,input_model_1.cif,0.005,0.0,13,1.0,0.165,0.698,79.59,15.39,0.708,0.769,0.936
8txu_HL,HA,B,stem,boltz,7,8.0,input_model_2.cif,0.007,0.0,18,0.778,0.262,0.566,56.587,23.444,0.708,0.769,0.936
8txu_HL,HA,B,stem,boltz,7,8.0,input_model_3.cif,0.014,0.0,27,0.333,0.641,0.373,34.199,43.307,0.708,0.769,0.936
8txu_HL,HA,B,stem,boltz,7,8.0,input_model_4.cif,0.06,0.233,30,0.133,0.854,0.33,20.908,55.191,0.708,0.769,0.936
8txu_HL,HA,B,stem,boltz,8,5.0,input_model_0.cif,0.002,0.0,15,1.0,0.101,0.712,86.111,18.883,0.749,0.822,0.953
8txu_HL,HA,B,stem,boltz,8,5.0,input_model_1.cif,0.047,0.267,30,0.067,0.85,0.312,18.579,58.92,0.749,0.822,0.953
8txu_HL,HA,B,stem,boltz,8,5.0,input_model_2.cif,0.015,0.0,29,0.345,0.663,0.365,34.168,43.198,0.749,0.822,0.953
8txu_HL,HA,B,stem,boltz,8,5.0,input_model_3.cif,0.014,0.0,24,0.375,0.659,0.371,35.951,41.711,0.749,0.822,0.953
8txu_HL,HA,B,stem,boltz,8,5.0,input_model_4.cif,0.03,0.103,29,0.138,0.752,0.342,26.195,51.621,0.749,0.822,0.953
8txu_HL,HA,B,stem,boltz,9,2.0,input_model_0.cif,0.015,0.074,27,0.259,0.704,0.354,30.459,46.898,0.701,0.76,0.946
8txu_HL,HA,B,stem,boltz,9,2.0,input_model_1.cif,0.005,0.0,13,1.0,0.163,0.693,79.897,15.428,0.701,0.76,0.946
8txu_HL,HA,B,stem,boltz,9,2.0,input_model_2.cif,0.005,0.0,13,1.0,0.166,0.695,79.281,15.373,0.701,0.76,0.946
8txu_HL,HA,B,stem,boltz,9,2.0,input_model_3.cif,0.005,0.0,15,1.0,0.171,0.688,78.335,15.15,0.701,0.76,0.946
8txu_HL,HA,B,stem,boltz,9,2.0,input_model_4.cif,0.05,0.222,18,0.056,0.884,0.314,18.862,58.616,0.701,0.76,0.946
8txu_HL,HA,B,stem,boltz,10,2.0,input_model_0.cif,0.003,0.0,13,1.0,0.104,0.708,85.462,19.454,0.687,0.764,0.95
8txu_HL,HA,B,stem,boltz,10,2.0,input_model_1.cif,0.014,0.0,20,0.35,0.615,0.383,36.438,42.586,0.687,0.764,0.95
8txu_HL,HA,B,stem,boltz,10,2.0,input_model_2.cif,0.005,0.0,15,1.0,0.166,0.697,78.297,15.071,0.687,0.764,0.95
8txu_HL,HA,B,stem,boltz,10,2.0,input_model_3.cif,0.006,0.0,8,0.875,0.225,0.611,64.166,18.401,0.687,0.764,0.95
8txu_HL,HA,B,stem,boltz,10,2.0,input_model_4.cif,0.049,0.222,18,0.056,0.867,0.32,18.912,58.602,0.687,0.764,0.95
8txu_HL,HA,B,stem,protenix,0,52.955,8txu_hl_sample_0.cif,0.024,0.152,46,0.0,0.848,0.261,15.072,60.888,0.617,0.695,82.356
8txu_HL,HA,B,stem,protenix,0,52.955,8txu_hl_sample_1.cif,0.03,0.125,40,0.0,0.83,0.26,11.819,62.893,0.617,0.695,82.356
8txu_HL,HA,B,stem,protenix,0,52.955,8txu_hl_sample_2.cif,0.003,0.0,40,0.625,0.408,0.467,63.326,14.371,0.617,0.695,82.356
8txu_HL,HA,B,stem,protenix,0,52.955,8txu_hl_sample_3.cif,0.003,0.0,47,0.574,0.361,0.464,63.093,16.91,0.617,0.695,82.356
8txu_HL,HA,B,stem,protenix,0,52.955,8txu_hl_sample_4.cif,0.003,0.0,45,0.556,0.425,0.466,61.383,18.635,0.617,0.695,82.356
8txu_HL,HA,B,stem,protenix,1,38.101,8txu_hl_sample_0.cif,0.004,0.0,34,0.559,0.372,0.465,63.589,16.737,0.613,0.693,83.754
8txu_HL,HA,B,stem,protenix,1,38.101,8txu_hl_sample_1.cif,0.004,0.0,38,0.632,0.392,0.476,65.209,12.232,0.613,0.693,83.754
8txu_HL,HA,B,stem,protenix,1,38.101,8txu_hl_sample_2.cif,0.004,0.0,32,0.5,0.327,0.515,49.768,22.823,0.613,0.693,83.754
8txu_HL,HA,B,stem,protenix,1,38.101,8txu_hl_sample_3.cif,0.003,0.0,39,0.513,0.375,0.466,57.946,17.808,0.613,0.693,83.754
8txu_HL,HA,B,stem,protenix,1,38.101,8txu_hl_sample_4.cif,0.004,0.0,41,0.537,0.383,0.451,57.157,17.254,0.613,0.693,83.754
8txu_HL,HA,B,stem,protenix,2,28.121,8txu_hl_sample_0.cif,0.013,0.0,12,1.0,0.538,0.475,47.483,29.212,0.546,0.668,85.593
8txu_HL,HA,B,stem,protenix,2,28.121,8txu_hl_sample_1.cif,0.012,0.0,29,0.655,0.419,0.481,49.298,27.561,0.546,0.668,85.593
8txu_HL,HA,B,stem,protenix,2,28.121,8txu_hl_sample_2.cif,0.006,0.0,34,1.0,0.203,0.717,62.75,13.976,0.546,0.668,85.593
8txu_HL,HA,B,stem,protenix,2,28.121,8txu_hl_sample_3.cif,0.003,0.0,34,1.0,0.142,0.739,85.871,12.045,0.546,0.668,85.593
8txu_HL,HA,B,stem,protenix,2,28.121,8txu_hl_sample_4.cif,0.097,0.364,33,0.0,0.932,0.273,8.527,81.287,0.546,0.668,85.593
8txu_HL,HA,B,stem,protenix,3,20.959,8txu_hl_sample_0.cif,0.003,0.0,45,0.644,0.412,0.472,63.161,11.889,0.599,0.691,82.537
8txu_HL,HA,B,stem,protenix,3,20.959,8txu_hl_sample_1.cif,0.004,0.0,48,0.646,0.332,0.489,64.687,11.468,0.599,0.691,82.537
8txu_HL,HA,B,stem,protenix,3,20.959,8txu_hl_sample_2.cif,0.003,0.0,45,0.578,0.34,0.47,62.566,16.342,0.599,0.691,82.537
8txu_HL,HA,B,stem,protenix,3,20.959,8txu_hl_sample_3.cif,0.003,0.0,41,0.585,0.331,0.476,63.94,15.807,0.599,0.691,82.537
8txu_HL,HA,B,stem,protenix,3,20.959,8txu_hl_sample_4.cif,0.003,0.0,46,0.5,0.497,0.453,50.564,24.021,0.599,0.691,82.537
8txu_HL,HA,B,stem,protenix,4,15.707,8txu_hl_sample_0.cif,0.004,0.0,44,0.614,0.369,0.49,63.012,13.404,0.686,0.779,84.778
8txu_HL,HA,B,stem,protenix,4,15.707,8txu_hl_sample_1.cif,0.004,0.0,43,0.674,0.368,0.484,68.967,9.933,0.686,0.779,84.778
8txu_HL,HA,B,stem,protenix,4,15.707,8txu_hl_sample_2.cif,0.004,0.0,46,0.63,0.354,0.489,66.716,11.923,0.686,0.779,84.778
8txu_HL,HA,B,stem,protenix,4,15.707,8txu_hl_sample_3.cif,0.004,0.0,48,0.625,0.38,0.471,66.222,12.212,0.686,0.779,84.778
8txu_HL,HA,B,stem,protenix,4,15.707,8txu_hl_sample_4.cif,0.004,0.0,45,0.644,0.346,0.48,68.194,11.528,0.686,0.779,84.778
8txu_HL,HA,B,stem,protenix,5,11.471,8txu_hl_sample_0.cif,0.005,0.0,25,1.0,0.178,0.73,69.81,11.492,0.49,0.63,84.302
8txu_HL,HA,B,stem,protenix,5,11.471,8txu_hl_sample_1.cif,0.005,0.0,30,1.0,0.148,0.724,70.72,11.968,0.49,0.63,84.302
8txu_HL,HA,B,stem,protenix,5,11.471,8txu_hl_sample_2.cif,0.005,0.0,30,1.0,0.152,0.716,68.885,12.808,0.49,0.63,84.302
8txu_HL,HA,B,stem,protenix,5,11.471,8txu_hl_sample_3.cif,0.004,0.0,24,1.0,0.148,0.737,79.677,9.593,0.49,0.63,84.302
8txu_HL,HA,B,stem,protenix,5,11.471,8txu_hl_sample_4.cif,0.004,0.0,13,1.0,0.165,0.7,77.303,15.206,0.49,0.63,84.302
8txu_HL,HA,B,stem,protenix,6,9.167,8txu_hl_sample_0.cif,0.009,0.0,27,1.0,0.62,0.629,15.97,16.226,0.314,0.472,66.932
8txu_HL,HA,B,stem,protenix,6,9.167,8txu_hl_sample_1.cif,0.016,0.024,42,0.524,0.613,0.405,22.202,31.908,0.314,0.472,66.932
8txu_HL,HA,B,stem,protenix,6,9.167,8txu_hl_sample_2.cif,0.019,0.081,37,0.622,0.69,0.411,17.809,36.055,0.314,0.472,66.932
8txu_HL,HA,B,stem,protenix,6,9.167,8txu_hl_sample_3.cif,0.014,0.032,31,0.71,0.527,0.44,22.879,34.678,0.314,0.472,66.932
8txu_HL,HA,B,stem,protenix,6,9.167,8txu_hl_sample_4.cif,0.025,0.048,21,0.667,0.567,0.429,21.069,33.894,0.314,0.472,66.932
8txu_HL,HA,B,stem,protenix,7,8.0,8txu_hl_sample_0.cif,0.004,0.0,26,0.808,0.497,0.619,33.412,19.297,0.316,0.502,68.081
8txu_HL,HA,B,stem,protenix,7,8.0,8txu_hl_sample_1.cif,0.005,0.0,31,0.645,0.342,0.579,39.325,19.101,0.316,0.502,68.081
8txu_HL,HA,B,stem,protenix,7,8.0,8txu_hl_sample_2.cif,0.004,0.0,23,0.87,0.369,0.674,44.994,20.291,0.316,0.502,68.081
8txu_HL,HA,B,stem,protenix,7,8.0,8txu_hl_sample_3.cif,0.011,0.125,32,0.594,0.678,0.585,23.053,20.856,0.316,0.502,68.081
8txu_HL,HA,B,stem,protenix,7,8.0,8txu_hl_sample_4.cif,0.004,0.0,37,1.0,0.238,0.733,49.08,14.79,0.316,0.502,68.081
8txu_HL,HA,B,stem,protenix,8,5.0,8txu_hl_sample_0.cif,0.004,0.045,44,0.864,0.195,0.666,43.298,13.781,0.165,0.398,55.225
8txu_HL,HA,B,stem,protenix,8,5.0,8txu_hl_sample_1.cif,0.005,0.114,70,0.8,0.701,0.626,18.739,6.829,0.165,0.398,55.225
8txu_HL,HA,B,stem,protenix,8,5.0,8txu_hl_sample_2.cif,0.005,0.0,34,0.971,0.352,0.672,30.64,13.829,0.165,0.398,55.225
8txu_HL,HA,B,stem,protenix,8,5.0,8txu_hl_sample_3.cif,0.012,0.02,50,0.48,0.583,0.456,17.905,23.297,0.165,0.398,55.225
8txu_HL,HA,B,stem,protenix,8,5.0,8txu_hl_sample_4.cif,0.019,0.136,59,0.458,0.809,0.401,19.191,24.314,0.165,0.398,55.225
8txu_HL,HA,B,stem,protenix,9,2.0,8txu_hl_sample_0.cif,0.005,0.0,39,1.0,0.313,0.714,28.694,9.145,0.324,0.423,58.046
8txu_HL,HA,B,stem,protenix,9,2.0,8txu_hl_sample_1.cif,0.004,0.0,31,0.935,0.298,0.709,39.825,15.398,0.324,0.423,58.046
8txu_HL,HA,B,stem,protenix,9,2.0,8txu_hl_sample_2.cif,0.005,0.034,29,0.586,0.178,0.649,73.618,16.034,0.324,0.423,58.046
8txu_HL,HA,B,stem,protenix,9,2.0,8txu_hl_sample_3.cif,0.003,0.034,29,0.621,0.48,0.574,27.682,20.077,0.324,0.423,58.046
8txu_HL,HA,B,stem,protenix,9,2.0,8txu_hl_sample_4.cif,0.006,0.031,32,0.781,0.232,0.678,47.619,16.912,0.324,0.423,58.046
8txu_HL,HA,B,stem,protenix,10,2.0,8txu_hl_sample_0.cif,0.005,0.0,32,0.75,0.305,0.592,29.586,16.126,0.321,0.42,51.502
8txu_HL,HA,B,stem,protenix,10,2.0,8txu_hl_sample_1.cif,0.006,0.0,51,0.941,0.267,0.695,36.461,10.502,0.321,0.42,51.502
8txu_HL,HA,B,stem,protenix,10,2.0,8txu_hl_sample_2.cif,0.008,0.0,34,0.559,0.543,0.485,24.098,19.782,0.321,0.42,51.502
8txu_HL,HA,B,stem,protenix,10,2.0,8txu_hl_sample_3.cif,0.007,0.032,62,0.661,0.65,0.531,16.103,15.069,0.321,0.42,51.502
8txu_HL,HA,B,stem,protenix,10,2.0,8txu_hl_sample_4.cif,0.006,0.0,57,0.684,0.278,0.52,27.536,14.802,0.321,0.42,51.502
8txu_HL,HA,B,stem,protenix,11,1.0,8txu_hl_sample_0.cif,0.012,0.082,49,0.429,0.664,0.433,11.755,20.53,0.306,0.407,47.834
8txu_HL,HA,B,stem,protenix,11,1.0,8txu_hl_sample_1.cif,0.016,0.036,55,0.345,0.45,0.404,18.281,20.463,0.306,0.407,47.834
8txu_HL,HA,B,stem,protenix,11,1.0,8txu_hl_sample_2.cif,0.005,0.0,41,0.512,0.344,0.495,32.319,21.272,0.306,0.407,47.834
8txu_HL,HA,B,stem,protenix,11,1.0,8txu_hl_sample_3.cif,0.015,0.077,52,0.462,0.561,0.422,17.225,17.229,0.306,0.407,47.834
8txu_HL,HA,B,stem,protenix,11,1.0,8txu_hl_sample_4.cif,0.006,0.08,50,0.5,0.33,0.544,30.366,18.353,0.306,0.407,47.834
8u44_ST,HA,B,stem,boltz,0,63.164,input_model_0.cif,0.15,0.8,15,0.0,0.937,0.291,9.882,65.389,0.674,0.717,0.918
8u44_ST,HA,B,stem,boltz,0,63.164,input_model_1.cif,0.097,0.625,24,0.042,0.926,0.294,13.155,68.184,0.674,0.717,0.918
8u44_ST,HA,B,stem,boltz,0,63.164,input_model_2.cif,0.19,0.889,18,0.167,0.952,0.306,3.632,58.499,0.674,0.717,0.918
8u44_ST,HA,B,stem,boltz,0,63.164,input_model_3.cif,0.203,0.857,14,0.0,0.953,0.303,5.364,59.955,0.674,0.717,0.918
8u44_ST,HA,B,stem,boltz,0,63.164,input_model_4.cif,0.325,0.947,19,0.105,0.958,0.303,2.847,58.317,0.674,0.717,0.918
8u44_ST,HA,B,stem,boltz,1,42.043,input_model_0.cif,0.304,0.913,23,0.174,0.959,0.318,0.675,55.632,0.798,0.806,0.915
8u44_ST,HA,B,stem,boltz,1,42.043,input_model_1.cif,0.046,0.741,27,0.185,0.939,0.339,3.079,53.933,0.798,0.806,0.915
8u44_ST,HA,B,stem,boltz,1,42.043,input_model_2.cif,0.255,0.95,20,0.15,0.958,0.305,1.844,57.416,0.798,0.806,0.915
8u44_ST,HA,B,stem,boltz,1,42.043,input_model_3.cif,0.267,0.905,21,0.19,0.956,0.31,1.586,55.785,0.798,0.806,0.915
8u44_ST,HA,B,stem,boltz,1,42.043,input_model_4.cif,0.322,0.9,20,0.15,0.956,0.312,2.349,55.545,0.798,0.806,0.915
8u44_ST,HA,B,stem,boltz,2,34.284,input_model_0.cif,0.311,0.95,20,0.2,0.959,0.306,2.188,55.999,0.744,0.774,0.912
8u44_ST,HA,B,stem,boltz,2,34.284,input_model_1.cif,0.218,0.864,22,0.091,0.956,0.305,2.786,57.851,0.744,0.774,0.912
8u44_ST,HA,B,stem,boltz,2,34.284,input_model_2.cif,0.238,0.9,20,0.2,0.957,0.309,2.045,55.395,0.744,0.774,0.912
8u44_ST,HA,B,stem,boltz,2,34.284,input_model_3.cif,0.297,0.9,20,0.2,0.957,0.307,2.105,55.773,0.744,0.774,0.912
8u44_ST,HA,B,stem,boltz,2,34.284,input_model_4.cif,0.18,0.941,17,0.059,0.953,0.306,5.58,60.059,0.744,0.774,0.912
8u44_ST,HA,B,stem,boltz,3,24.977,input_model_0.cif,0.124,0.68,25,0.04,0.944,0.3,8.314,63.364,0.702,0.747,0.915
8u44_ST,HA,B,stem,boltz,3,24.977,input_model_1.cif,0.303,0.952,21,0.143,0.955,0.303,2.168,57.042,0.702,0.747,0.915
8u44_ST,HA,B,stem,boltz,3,24.977,input_model_2.cif,0.222,0.941,17,0.118,0.955,0.303,3.274,58.11,0.702,0.747,0.915
8u44_ST,HA,B,stem,boltz,3,24.977,input_model_3.cif,0.206,0.938,16,0.125,0.952,0.309,2.917,56.208,0.702,0.747,0.915
8u44_ST,HA,B,stem,boltz,3,24.977,input_model_4.cif,0.2,0.882,17,0.059,0.956,0.304,4.984,60.169,0.702,0.747,0.915
8u44_ST,HA,B,stem,boltz,4,16.673,input_model_0.cif,0.243,0.941,17,0.118,0.953,0.303,3.173,58.061,0.714,0.747,0.914
8u44_ST,HA,B,stem,boltz,4,16.673,input_model_1.cif,0.147,1.0,13,0.0,0.948,0.295,6.762,62.625,0.714,0.747,0.914
8u44_ST,HA,B,stem,boltz,4,16.673,input_model_2.cif,0.201,0.929,14,0.071,0.954,0.305,4.417,59.067,0.714,0.747,0.914
8u44_ST,HA,B,stem,boltz,4,16.673,input_model_3.cif,0.188,0.889,18,0.056,0.952,0.3,6.026,61.33,0.714,0.747,0.914
8u44_ST,HA,B,stem,boltz,4,16.673,input_model_4.cif,0.288,0.917,24,0.208,0.955,0.312,2.06,54.799,0.714,0.747,0.914
8u44_ST,HA,B,stem,boltz,5,10.076,input_model_0.cif,0.139,0.714,14,0.0,0.93,0.297,11.995,66.378,0.678,0.729,0.918
8u44_ST,HA,B,stem,boltz,5,10.076,input_model_1.cif,0.27,0.889,18,0.167,0.955,0.307,2.428,54.784,0.678,0.729,0.918
8u44_ST,HA,B,stem,boltz,5,10.076,input_model_2.cif,0.268,0.857,21,0.19,0.954,0.306,2.488,55.975,0.678,0.729,0.918
8u44_ST,HA,B,stem,boltz,5,10.076,input_model_3.cif,0.131,0.613,31,0.129,0.939,0.302,7.889,62.165,0.678,0.729,0.918
8u44_ST,HA,B,stem,boltz,5,10.076,input_model_4.cif,0.331,0.826,23,0.217,0.955,0.313,3.068,54.223,0.678,0.729,0.918
8u44_ST,HA,B,stem,boltz,6,10.333,input_model_0.cif,0.216,0.842,19,0.105,0.952,0.305,3.973,58.392,0.698,0.745,0.92
8u44_ST,HA,B,stem,boltz,6,10.333,input_model_1.cif,0.26,0.88,25,0.16,0.955,0.301,1.331,57.46,0.698,0.745,0.92
8u44_ST,HA,B,stem,boltz,6,10.333,input_model_2.cif,0.265,0.947,19,0.105,0.956,0.304,2.788,58.248,0.698,0.745,0.92
8u44_ST,HA,B,stem,boltz,6,10.333,input_model_3.cif,0.229,0.895,19,0.105,0.956,0.3,4.566,60.202,0.698,0.745,0.92
8u44_ST,HA,B,stem,boltz,6,10.333,input_model_4.cif,0.179,0.895,19,0.053,0.949,0.299,5.52,60.951,0.698,0.745,0.92
8u44_ST,HA,B,stem,boltz,7,8.333,input_model_0.cif,0.298,0.909,22,0.182,0.952,0.306,1.017,55.619,0.753,0.756,0.915
8u44_ST,HA,B,stem,boltz,7,8.333,input_model_1.cif,0.18,0.815,27,0.148,0.955,0.318,1.496,56.129,0.753,0.756,0.915
8u44_ST,HA,B,stem,boltz,7,8.333,input_model_2.cif,0.087,0.556,27,0.037,0.934,0.296,12.561,66.811,0.753,0.756,0.915
8u44_ST,HA,B,stem,boltz,7,8.333,input_model_3.cif,0.172,0.941,17,0.118,0.952,0.304,3.547,58.357,0.753,0.756,0.915
8u44_ST,HA,B,stem,boltz,7,8.333,input_model_4.cif,0.316,0.81,21,0.19,0.955,0.307,2.33,55.51,0.753,0.756,0.915
8u44_ST,HA,B,stem,boltz,8,5.0,input_model_0.cif,0.278,0.889,18,0.111,0.957,0.306,3.975,58.646,0.694,0.732,0.913
8u44_ST,HA,B,stem,boltz,8,5.0,input_model_1.cif,0.072,0.667,33,0.303,0.93,0.354,7.491,49.202,0.694,0.732,0.913
8u44_ST,HA,B,stem,boltz,8,5.0,input_model_2.cif,0.319,0.895,19,0.158,0.954,0.304,3.019,56.568,0.694,0.732,0.913
8u44_ST,HA,B,stem,boltz,8,5.0,input_model_3.cif,0.236,0.95,20,0.05,0.956,0.299,4.455,60.105,0.694,0.732,0.913
8u44_ST,HA,B,stem,boltz,8,5.0,input_model_4.cif,0.362,0.947,19,0.158,0.958,0.304,2.029,55.418,0.694,0.732,0.913
8u44_ST,HA,B,stem,boltz,9,3.0,input_model_0.cif,0.146,0.632,19,0.0,0.927,0.292,11.818,66.966,0.702,0.741,0.914
8u44_ST,HA,B,stem,boltz,9,3.0,input_model_1.cif,0.143,0.824,17,0.059,0.946,0.297,7.37,62.304,0.702,0.741,0.914
8u44_ST,HA,B,stem,boltz,9,3.0,input_model_2.cif,0.18,0.682,22,0.136,0.941,0.303,8.357,62.358,0.702,0.741,0.914
8u44_ST,HA,B,stem,boltz,9,3.0,input_model_3.cif,0.217,0.842,19,0.158,0.953,0.309,3.268,57.641,0.702,0.741,0.914
8u44_ST,HA,B,stem,boltz,9,3.0,input_model_4.cif,0.226,0.846,26,0.154,0.956,0.301,2.902,57.242,0.702,0.741,0.914
8u44_ST,HA,B,stem,boltz,10,2.0,input_model_0.cif,0.152,0.762,21,0.048,0.944,0.299,8.508,63.748,0.749,0.779,0.915
8u44_ST,HA,B,stem,boltz,10,2.0,input_model_1.cif,0.266,0.905,21,0.19,0.956,0.304,2.462,55.745,0.749,0.779,0.915
8u44_ST,HA,B,stem,boltz,10,2.0,input_model_2.cif,0.058,0.684,19,0.105,0.93,0.329,7.896,61.642,0.749,0.779,0.915
8u44_ST,HA,B,stem,boltz,10,2.0,input_model_3.cif,0.195,0.824,17,0.059,0.954,0.302,4.975,59.713,0.749,0.779,0.915
8u44_ST,HA,B,stem,boltz,10,2.0,input_model_4.cif,0.272,0.857,21,0.095,0.954,0.302,3.332,58.344,0.749,0.779,0.915
8u44_ST,HA,B,stem,protenix,0,63.164,8u44_st_sample_0.cif,0.056,0.629,35,0.171,0.937,0.335,4.391,51.489,0.53,0.626,84.419
8u44_ST,HA,B,stem,protenix,0,63.164,8u44_st_sample_1.cif,0.077,0.581,43,0.279,0.932,0.347,6.266,49.793,0.53,0.626,84.419
8u44_ST,HA,B,stem,protenix,0,63.164,8u44_st_sample_2.cif,0.034,0.2,25,0.0,0.834,0.283,15.103,67.347,0.53,0.626,84.419
8u44_ST,HA,B,stem,protenix,0,63.164,8u44_st_sample_3.cif,0.039,0.407,27,0.0,0.894,0.293,15.022,69.018,0.53,0.626,84.419
8u44_ST,HA,B,stem,protenix,0,63.164,8u44_st_sample_4.cif,0.042,0.259,27,0.0,0.876,0.287,18.192,72.883,0.53,0.626,84.419
8u44_ST,HA,B,stem,protenix,1,42.043,8u44_st_sample_0.cif,0.033,0.438,32,0.062,0.921,0.31,7.84,59.508,0.55,0.646,86.424
8u44_ST,HA,B,stem,protenix,1,42.043,8u44_st_sample_1.cif,0.033,0.424,33,0.091,0.928,0.308,6.456,58.248,0.55,0.646,86.424
8u44_ST,HA,B,stem,protenix,1,42.043,8u44_st_sample_2.cif,0.032,0.677,31,0.032,0.947,0.302,7.676,62.284,0.55,0.646,86.424
8u44_ST,HA,B,stem,protenix,1,42.043,8u44_st_sample_3.cif,0.04,0.409,22,0.0,0.916,0.297,13.681,66.965,0.55,0.646,86.424
8u44_ST,HA,B,stem,protenix,1,42.043,8u44_st_sample_4.cif,0.023,0.107,28,0.0,0.801,0.275,19.369,71.917,0.55,0.646,86.424
8u44_ST,HA,B,stem,protenix,2,34.284,8u44_st_sample_0.cif,0.032,0.852,27,0.222,0.955,0.319,3.259,52.426,0.523,0.629,86.391
8u44_ST,HA,B,stem,protenix,2,34.284,8u44_st_sample_1.cif,0.003,0.0,37,1.0,0.278,0.735,73.096,18.814,0.523,0.629,86.391
8u44_ST,HA,B,stem,protenix,2,34.284,8u44_st_sample_2.cif,0.003,0.0,34,1.0,0.283,0.735,74.023,19.484,0.523,0.629,86.391
8u44_ST,HA,B,stem,protenix,2,34.284,8u44_st_sample_3.cif,0.003,0.0,30,1.0,0.277,0.734,75.184,19.755,0.523,0.629,86.391
8u44_ST,HA,B,stem,protenix,2,34.284,8u44_st_sample_4.cif,0.003,0.0,27,1.0,0.278,0.733,75.572,20.586,0.523,0.629,86.391
8u44_ST,HA,B,stem,protenix,3,24.977,8u44_st_sample_0.cif,0.032,0.568,37,0.405,0.926,0.34,10.548,47.023,0.515,0.622,84.946
8u44_ST,HA,B,stem,protenix,3,24.977,8u44_st_sample_1.cif,0.003,0.0,27,1.0,0.28,0.738,74.342,20.627,0.515,0.622,84.946
8u44_ST,HA,B,stem,protenix,3,24.977,8u44_st_sample_2.cif,0.003,0.0,26,1.0,0.274,0.737,72.613,18.861,0.515,0.622,84.946
8u44_ST,HA,B,stem,protenix,3,24.977,8u44_st_sample_3.cif,0.003,0.0,29,1.0,0.284,0.738,72.561,19.039,0.515,0.622,84.946
8u44_ST,HA,B,stem,protenix,3,24.977,8u44_st_sample_4.cif,0.003,0.0,31,1.0,0.278,0.733,73.485,19.408,0.515,0.622,84.946
8u44_ST,HA,B,stem,protenix,4,16.673,8u44_st_sample_0.cif,0.003,0.0,35,1.0,0.282,0.74,72.368,18.847,0.51,0.638,81.794
8u44_ST,HA,B,stem,protenix,4,16.673,8u44_st_sample_1.cif,0.003,0.0,35,1.0,0.281,0.739,72.919,19.246,0.51,0.638,81.794
8u44_ST,HA,B,stem,protenix,4,16.673,8u44_st_sample_2.cif,0.003,0.0,35,1.0,0.264,0.73,72.284,17.805,0.51,0.638,81.794
8u44_ST,HA,B,stem,protenix,4,16.673,8u44_st_sample_3.cif,0.003,0.0,36,1.0,0.27,0.739,71.766,16.665,0.51,0.638,81.794
8u44_ST,HA,B,stem,protenix,4,16.673,8u44_st_sample_4.cif,0.003,0.0,34,1.0,0.276,0.738,73.214,19.2,0.51,0.638,81.794
8u44_ST,HA,B,stem,protenix,5,10.076,8u44_st_sample_0.cif,0.049,0.455,44,0.227,0.932,0.332,5.826,49.906,0.498,0.608,82.73
8u44_ST,HA,B,stem,protenix,5,10.076,8u44_st_sample_1.cif,0.082,0.297,37,0.027,0.896,0.292,12.661,65.803,0.498,0.608,82.73
8u44_ST,HA,B,stem,protenix,5,10.076,8u44_st_sample_2.cif,0.057,0.324,37,0.027,0.899,0.296,11.719,65.613,0.498,0.608,82.73
8u44_ST,HA,B,stem,protenix,5,10.076,8u44_st_sample_3.cif,0.003,0.0,32,1.0,0.273,0.738,72.548,19.487,0.498,0.608,82.73
8u44_ST,HA,B,stem,protenix,5,10.076,8u44_st_sample_4.cif,0.003,0.0,30,1.0,0.284,0.738,73.954,19.834,0.498,0.608,82.73
8u44_ST,HA,B,stem,protenix,6,10.333,8u44_st_sample_0.cif,0.006,0.0,56,0.911,0.258,0.726,49.087,8.695,0.208,0.499,66.019
8u44_ST,HA,B,stem,protenix,6,10.333,8u44_st_sample_1.cif,0.005,0.0,56,0.893,0.253,0.727,53.262,8.46,0.208,0.499,66.019
8u44_ST,HA,B,stem,protenix,6,10.333,8u44_st_sample_2.cif,0.005,0.021,47,0.936,0.327,0.727,53.693,10.008,0.208,0.499,66.019
8u44_ST,HA,B,stem,protenix,6,10.333,8u44_st_sample_3.cif,0.006,0.0,43,0.93,0.307,0.721,39.588,8.166,0.208,0.499,66.019
8u44_ST,HA,B,stem,protenix,6,10.333,8u44_st_sample_4.cif,0.006,0.0,62,0.887,0.231,0.732,52.567,9.047,0.208,0.499,66.019
8u44_ST,HA,B,stem,protenix,7,8.333,8u44_st_sample_0.cif,0.003,0.0,35,1.0,0.264,0.741,68.632,19.434,0.314,0.503,72.821
8u44_ST,HA,B,stem,protenix,7,8.333,8u44_st_sample_1.cif,0.003,0.0,35,1.0,0.324,0.742,68.93,20.463,0.314,0.503,72.821
8u44_ST,HA,B,stem,protenix,7,8.333,8u44_st_sample_2.cif,0.003,0.0,27,1.0,0.248,0.742,81.378,20.061,0.314,0.503,72.821
8u44_ST,HA,B,stem,protenix,7,8.333,8u44_st_sample_3.cif,0.003,0.0,25,1.0,0.261,0.741,71.783,21.127,0.314,0.503,72.821
8u44_ST,HA,B,stem,protenix,7,8.333,8u44_st_sample_4.cif,0.005,0.0,24,1.0,0.385,0.735,56.721,17.936,0.314,0.503,72.821
8u44_ST,HA,B,stem,protenix,8,5.0,8u44_st_sample_0.cif,0.008,0.123,81,0.543,0.57,0.559,20.535,10.592,0.19,0.332,51.433
8u44_ST,HA,B,stem,protenix,8,5.0,8u44_st_sample_1.cif,0.009,0.043,70,0.429,0.581,0.497,17.573,19.771,0.19,0.332,51.433
8u44_ST,HA,B,stem,protenix,8,5.0,8u44_st_sample_2.cif,0.007,0.083,60,0.4,0.579,0.516,18.824,23.976,0.19,0.332,51.433
8u44_ST,HA,B,stem,protenix,8,5.0,8u44_st_sample_3.cif,0.021,0.145,55,0.345,0.653,0.453,11.139,27.625,0.19,0.332,51.433
8u44_ST,HA,B,stem,protenix,8,5.0,8u44_st_sample_4.cif,0.016,0.109,55,0.018,0.685,0.309,12.501,39.712,0.19,0.332,51.433
8u44_ST,HA,B,stem,protenix,9,3.0,8u44_st_sample_0.cif,0.008,0.057,70,0.414,0.522,0.551,9.935,35.795,0.358,0.453,61.916
8u44_ST,HA,B,stem,protenix,9,3.0,8u44_st_sample_1.cif,0.008,0.0,25,1.0,0.326,0.71,32.014,13.618,0.358,0.453,61.916
8u44_ST,HA,B,stem,protenix,9,3.0,8u44_st_sample_2.cif,0.007,0.0,26,1.0,0.44,0.649,28.122,17.772,0.358,0.453,61.916
8u44_ST,HA,B,stem,protenix,9,3.0,8u44_st_sample_3.cif,0.008,0.0,26,1.0,0.468,0.632,21.133,17.237,0.358,0.453,61.916
8u44_ST,HA,B,stem,protenix,9,3.0,8u44_st_sample_4.cif,0.004,0.111,36,0.972,0.392,0.675,36.331,16.987,0.358,0.453,61.916
8u44_ST,HA,B,stem,protenix,10,2.0,8u44_st_sample_0.cif,0.007,0.076,66,0.424,0.487,0.477,17.76,17.948,0.316,0.415,50.826
8u44_ST,HA,B,stem,protenix,10,2.0,8u44_st_sample_1.cif,0.014,0.082,49,0.633,0.569,0.5,13.192,19.495,0.316,0.415,50.826
8u44_ST,HA,B,stem,protenix,10,2.0,8u44_st_sample_2.cif,0.008,0.0,43,0.884,0.448,0.558,21.13,15.731,0.316,0.415,50.826
8u44_ST,HA,B,stem,protenix,10,2.0,8u44_st_sample_3.cif,0.036,0.109,46,0.109,0.708,0.355,11.128,29.299,0.316,0.415,50.826
8u44_ST,HA,B,stem,protenix,10,2.0,8u44_st_sample_4.cif,0.009,0.03,33,0.424,0.628,0.411,19.052,28.961,0.316,0.415,50.826
8u44_ST,HA,B,stem,protenix,11,1.0,8u44_st_sample_0.cif,0.023,0.096,83,0.41,0.563,0.456,13.376,21.413,0.182,0.279,37.721
8u44_ST,HA,B,stem,protenix,11,1.0,8u44_st_sample_1.cif,0.013,0.056,71,0.662,0.368,0.545,22.171,13.354,0.182,0.279,37.721
8u44_ST,HA,B,stem,protenix,11,1.0,8u44_st_sample_2.cif,0.016,0.057,87,0.276,0.505,0.398,17.097,19.133,0.182,0.279,37.721
8u44_ST,HA,B,stem,protenix,11,1.0,8u44_st_sample_3.cif,0.011,0.068,103,0.33,0.558,0.429,17.515,20.926,0.182,0.279,37.721
8u44_ST,HA,B,stem,protenix,11,1.0,8u44_st_sample_4.cif,0.012,0.051,79,0.519,0.429,0.496,18.331,18.054,0.182,0.279,37.721
8ulr_HL,Env,A,CD4bs,boltz,0,3050.887,input_model_0.cif,0.734,0.812,32,0.781,0.959,0.65,1.191,19.264,0.841,0.9,0.87
8ulr_HL,Env,A,CD4bs,boltz,0,3050.887,input_model_1.cif,0.745,0.879,33,0.818,0.962,0.658,0.881,19.107,0.841,0.9,0.87
8ulr_HL,Env,A,CD4bs,boltz,0,3050.887,input_model_2.cif,0.006,0.0,23,0.391,0.378,0.633,40.27,22.282,0.841,0.9,0.87
8ulr_HL,Env,A,CD4bs,boltz,0,3050.887,input_model_3.cif,0.007,0.0,27,0.333,0.413,0.638,38.788,21.3,0.841,0.9,0.87
8ulr_HL,Env,A,CD4bs,boltz,0,3050.887,input_model_4.cif,0.007,0.0,20,0.35,0.405,0.639,39.726,21.884,0.841,0.9,0.87
8ulr_HL,Env,A,CD4bs,boltz,1,1511.812,input_model_0.cif,0.742,0.824,34,0.794,0.964,0.658,0.736,19.283,0.863,0.905,0.873
8ulr_HL,Env,A,CD4bs,boltz,1,1511.812,input_model_1.cif,0.788,0.818,33,0.788,0.964,0.661,1.391,19.669,0.863,0.905,0.873
8ulr_HL,Env,A,CD4bs,boltz,1,1511.812,input_model_2.cif,0.347,0.913,23,0.957,0.958,0.675,1.348,17.594,0.863,0.905,0.873
8ulr_HL,Env,A,CD4bs,boltz,1,1511.812,input_model_3.cif,0.005,0.0,25,0.44,0.289,0.577,40.558,22.503,0.863,0.905,0.873
8ulr_HL,Env,A,CD4bs,boltz,1,1511.812,input_model_4.cif,0.007,0.0,21,0.333,0.456,0.66,38.761,21.606,0.863,0.905,0.873
8ulr_HL,Env,A,CD4bs,boltz,2,701.811,input_model_0.cif,0.746,0.829,35,0.8,0.962,0.651,1.293,18.97,0.881,0.918,0.874
8ulr_HL,Env,A,CD4bs,boltz,2,701.811,input_model_1.cif,0.804,0.844,32,0.781,0.963,0.657,1.99,20.601,0.881,0.918,0.874
8ulr_HL,Env,A,CD4bs,boltz,2,701.811,input_model_2.cif,0.723,0.839,31,0.806,0.959,0.66,1.118,19.321,0.881,0.918,0.874
8ulr_HL,Env,A,CD4bs,boltz,2,701.811,input_model_3.cif,0.007,0.0,19,0.263,0.412,0.632,37.943,21.555,0.881,0.918,0.874
8ulr_HL,Env,A,CD4bs,boltz,2,701.811,input_model_4.cif,0.005,0.0,27,0.222,0.229,0.519,41.834,23.92,0.881,0.918,0.874
8ulr_HL,Env,A,CD4bs,boltz,3,342.686,input_model_0.cif,0.779,0.903,31,0.839,0.963,0.653,0.661,19.28,0.827,0.894,0.87
8ulr_HL,Env,A,CD4bs,boltz,3,342.686,input_model_1.cif,0.732,0.839,31,0.806,0.961,0.658,0.437,18.634,0.827,0.894,0.87
8ulr_HL,Env,A,CD4bs,boltz,3,342.686,input_model_2.cif,0.75,0.853,34,0.824,0.961,0.655,0.703,18.789,0.827,0.894,0.87
8ulr_HL,Env,A,CD4bs,boltz,3,342.686,input_model_3.cif,0.772,0.8,35,0.771,0.963,0.658,1.148,19.581,0.827,0.894,0.87
8ulr_HL,Env,A,CD4bs,boltz,3,342.686,input_model_4.cif,0.008,0.0,23,0.304,0.476,0.662,37.805,21.189,0.827,0.894,0.87
8ulr_HL,Env,A,CD4bs,boltz,4,159.769,input_model_0.cif,0.724,0.711,38,0.737,0.958,0.646,1.702,18.327,0.846,0.899,0.874
8ulr_HL,Env,A,CD4bs,boltz,4,159.769,input_model_1.cif,0.784,0.794,34,0.765,0.962,0.657,0.911,19.232,0.846,0.899,0.874
8ulr_HL,Env,A,CD4bs,boltz,4,159.769,input_model_2.cif,0.784,0.824,34,0.765,0.96,0.657,1.587,19.902,0.846,0.899,0.874
8ulr_HL,Env,A,CD4bs,boltz,4,159.769,input_model_3.cif,0.782,0.812,32,0.781,0.962,0.652,1.605,20.262,0.846,0.899,0.874
8ulr_HL,Env,A,CD4bs,boltz,4,159.769,input_model_4.cif,0.007,0.0,17,0.353,0.441,0.654,39.812,22.013,0.846,0.899,0.874
8ulr_HL,Env,A,CD4bs,boltz,5,79.083,input_model_0.cif,0.753,0.871,31,0.839,0.963,0.666,0.909,19.252,0.827,0.894,0.872
8ulr_HL,Env,A,CD4bs,boltz,5,79.083,input_model_1.cif,0.759,0.824,34,0.824,0.96,0.66,0.664,19.051,0.827,0.894,0.872
8ulr_HL,Env,A,CD4bs,boltz,5,79.083,input_model_2.cif,0.759,0.778,36,0.75,0.961,0.656,0.875,18.962,0.827,0.894,0.872
8ulr_HL,Env,A,CD4bs,boltz,5,79.083,input_model_3.cif,0.769,0.875,32,0.812,0.962,0.667,0.831,19.327,0.827,0.894,0.872
8ulr_HL,Env,A,CD4bs,boltz,5,79.083,input_model_4.cif,0.008,0.0,23,0.217,0.487,0.665,37.158,20.649,0.827,0.894,0.872
8ulr_HL,Env,A,CD4bs,boltz,6,32.0,input_model_0.cif,0.771,0.824,34,0.765,0.963,0.659,1.571,19.968,0.846,0.903,0.873
8ulr_HL,Env,A,CD4bs,boltz,6,32.0,input_model_1.cif,0.751,0.824,34,0.765,0.96,0.656,0.74,19.18,0.846,0.903,0.873
8ulr_HL,Env,A,CD4bs,boltz,6,32.0,input_model_2.cif,0.662,0.75,36,0.75,0.957,0.658,1.526,19.219,0.846,0.903,0.873
8ulr_HL,Env,A,CD4bs,boltz,6,32.0,input_model_3.cif,0.006,0.0,27,0.333,0.481,0.574,31.878,18.706,0.846,0.903,0.873
8ulr_HL,Env,A,CD4bs,boltz,6,32.0,input_model_4.cif,0.006,0.0,14,0.429,0.398,0.636,40.086,22.663,0.846,0.903,0.873
8ulr_HL,Env,A,CD4bs,boltz,7,19.0,input_model_0.cif,0.787,0.8,35,0.771,0.961,0.656,1.364,18.773,0.8,0.879,0.876
8ulr_HL,Env,A,CD4bs,boltz,7,19.0,input_model_1.cif,0.71,0.757,37,0.73,0.963,0.657,2.551,17.778,0.8,0.879,0.876
8ulr_HL,Env,A,CD4bs,boltz,7,19.0,input_model_2.cif,0.792,0.875,32,0.844,0.964,0.661,0.729,18.371,0.8,0.879,0.876
8ulr_HL,Env,A,CD4bs,boltz,7,19.0,input_model_3.cif,0.007,0.0,19,0.368,0.453,0.652,38.506,21.92,0.8,0.879,0.876
8ulr_HL,Env,A,CD4bs,boltz,7,19.0,input_model_4.cif,0.009,0.0,20,0.3,0.507,0.672,36.762,20.277,0.8,0.879,0.876
8ulr_HL,Env,A,CD4bs,boltz,8,11.0,input_model_0.cif,0.736,0.737,38,0.737,0.96,0.651,1.937,17.972,0.807,0.881,0.872
8ulr_HL,Env,A,CD4bs,boltz,8,11.0,input_model_1.cif,0.772,0.829,35,0.771,0.961,0.657,1.32,19.814,0.807,0.881,0.872
8ulr_HL,Env,A,CD4bs,boltz,8,11.0,input_model_2.cif,0.006,0.0,23,0.348,0.397,0.534,33.279,19.833,0.807,0.881,0.872
8ulr_HL,Env,A,CD4bs,boltz,8,11.0,input_model_3.cif,0.006,0.0,18,0.444,0.365,0.623,40.566,22.609,0.807,0.881,0.872
8ulr_HL,Env,A,CD4bs,boltz,8,11.0,input_model_4.cif,0.007,0.0,23,0.522,0.496,0.684,37.53,20.528,0.807,0.881,0.872
8ulr_HL,Env,A,CD4bs,boltz,9,4.0,input_model_0.cif,0.719,0.757,37,0.73,0.957,0.651,2.141,18.505,0.832,0.891,0.871
8ulr_HL,Env,A,CD4bs,boltz,9,4.0,input_model_1.cif,0.733,0.839,31,0.839,0.962,0.664,0.665,18.603,0.832,0.891,0.871
8ulr_HL,Env,A,CD4bs,boltz,9,4.0,input_model_2.cif,0.732,0.806,36,0.778,0.959,0.659,1.148,18.997,0.832,0.891,0.871
8ulr_HL,Env,A,CD4bs,boltz,9,4.0,input_model_3.cif,0.007,0.0,25,0.36,0.453,0.659,38.327,21.196,0.832,0.891,0.871
8ulr_HL,Env,A,CD4bs,boltz,9,4.0,input_model_4.cif,0.006,0.0,13,0.538,0.36,0.623,41.52,23.292,0.832,0.891,0.871
8ulr_HL,Env,A,CD4bs,boltz,10,1.0,input_model_0.cif,0.754,0.824,34,0.794,0.962,0.652,1.078,18.927,0.835,0.899,0.874
8ulr_HL,Env,A,CD4bs,boltz,10,1.0,input_model_1.cif,0.729,0.763,38,0.763,0.962,0.66,1.787,17.706,0.835,0.899,0.874
8ulr_HL,Env,A,CD4bs,boltz,10,1.0,input_model_2.cif,0.713,0.757,37,0.73,0.961,0.648,1.604,18.491,0.835,0.899,0.874
8ulr_HL,Env,A,CD4bs,boltz,10,1.0,input_model_3.cif,0.723,0.757,37,0.73,0.96,0.65,1.587,18.417,0.835,0.899,0.874
8ulr_HL,Env,A,CD4bs,boltz,10,1.0,input_model_4.cif,0.007,0.0,22,0.227,0.447,0.644,36.972,20.44,0.835,0.899,0.874
8ulr_HL,Env,A,CD4bs,protenix,0,3050.887,8ulr_hl_sample_0.cif,0.013,0.362,69,0.478,0.897,0.595,16.708,17.35,0.274,0.695,65.304
8ulr_HL,Env,A,CD4bs,protenix,0,3050.887,8ulr_hl_sample_1.cif,0.012,0.343,67,0.478,0.89,0.594,18.167,16.293,0.274,0.695,65.304
8ulr_HL,Env,A,CD4bs,protenix,0,3050.887,8ulr_hl_sample_2.cif,0.01,0.264,91,0.352,0.851,0.56,24.963,28.363,0.274,0.695,65.304
8ulr_HL,Env,A,CD4bs,protenix,0,3050.887,8ulr_hl_sample_3.cif,0.013,0.373,67,0.478,0.906,0.589,17.655,18.043,0.274,0.695,65.304
8ulr_HL,Env,A,CD4bs,protenix,0,3050.887,8ulr_hl_sample_4.cif,0.01,0.295,78,0.41,0.881,0.577,22.119,25.988,0.274,0.695,65.304
8ulr_HL,Env,A,CD4bs,protenix,1,1511.812,8ulr_hl_sample_0.cif,0.009,0.0,74,0.0,0.241,0.332,38.806,40.511,0.191,0.661,63.81
8ulr_HL,Env,A,CD4bs,protenix,1,1511.812,8ulr_hl_sample_1.cif,0.009,0.0,82,0.0,0.175,0.308,35.479,36.297,0.191,0.661,63.81
8ulr_HL,Env,A,CD4bs,protenix,1,1511.812,8ulr_hl_sample_2.cif,0.009,0.0,67,0.0,0.291,0.332,38.689,41.175,0.191,0.661,63.81
8ulr_HL,Env,A,CD4bs,protenix,1,1511.812,8ulr_hl_sample_3.cif,0.009,0.0,90,0.056,0.355,0.299,26.246,27.508,0.191,0.661,63.81
8ulr_HL,Env,A,CD4bs,protenix,1,1511.812,8ulr_hl_sample_4.cif,0.01,0.233,103,0.35,0.839,0.601,22.256,23.511,0.191,0.661,63.81
8ulr_HL,Env,A,CD4bs,protenix,2,701.811,8ulr_hl_sample_0.cif,0.642,0.75,36,0.806,0.955,0.661,0.763,17.836,0.81,0.875,81.834
8ulr_HL,Env,A,CD4bs,protenix,2,701.811,8ulr_hl_sample_1.cif,0.61,0.714,35,0.771,0.957,0.684,0.687,17.8,0.81,0.875,81.834
8ulr_HL,Env,A,CD4bs,protenix,2,701.811,8ulr_hl_sample_2.cif,0.662,0.781,32,0.781,0.958,0.665,1.446,19.616,0.81,0.875,81.834
8ulr_HL,Env,A,CD4bs,protenix,2,701.811,8ulr_hl_sample_3.cif,0.591,0.667,39,0.744,0.957,0.688,2.804,15.636,0.81,0.875,81.834
8ulr_HL,Env,A,CD4bs,protenix,2,701.811,8ulr_hl_sample_4.cif,0.644,0.676,37,0.703,0.952,0.689,1.678,16.855,0.81,0.875,81.834
8ulr_HL,Env,A,CD4bs,protenix,3,342.686,8ulr_hl_sample_0.cif,0.604,0.711,38,0.789,0.956,0.666,2.212,17.041,0.864,0.898,84.89
8ulr_HL,Env,A,CD4bs,protenix,3,342.686,8ulr_hl_sample_1.cif,0.579,0.578,45,0.689,0.944,0.687,4.833,15.024,0.864,0.898,84.89
8ulr_HL,Env,A,CD4bs,protenix,3,342.686,8ulr_hl_sample_2.cif,0.605,0.703,37,0.703,0.957,0.633,3.526,19.601,0.864,0.898,84.89
8ulr_HL,Env,A,CD4bs,protenix,3,342.686,8ulr_hl_sample_3.cif,0.582,0.711,38,0.711,0.956,0.634,1.884,18.558,0.864,0.898,84.89
8ulr_HL,Env,A,CD4bs,protenix,3,342.686,8ulr_hl_sample_4.cif,0.562,0.711,38,0.684,0.953,0.682,1.407,17.42,0.864,0.898,84.89
8ulr_HL,Env,A,CD4bs,protenix,4,159.769,8ulr_hl_sample_0.cif,0.588,0.51,51,0.549,0.936,0.679,3.121,16.243,0.839,0.855,79.142
8ulr_HL,Env,A,CD4bs,protenix,4,159.769,8ulr_hl_sample_1.cif,0.59,0.49,51,0.627,0.935,0.743,8.694,9.698,0.839,0.855,79.142
8ulr_HL,Env,A,CD4bs,protenix,4,159.769,8ulr_hl_sample_2.cif,0.531,0.553,47,0.638,0.94,0.723,6.851,11.308,0.839,0.855,79.142
8ulr_HL,Env,A,CD4bs,protenix,4,159.769,8ulr_hl_sample_3.cif,0.576,0.51,49,0.551,0.945,0.675,5.203,13.944,0.839,0.855,79.142
8ulr_HL,Env,A,CD4bs,protenix,4,159.769,8ulr_hl_sample_4.cif,0.553,0.61,41,0.707,0.949,0.668,3.807,15.301,0.839,0.855,79.142
8ulr_HL,Env,A,CD4bs,protenix,5,79.083,8ulr_hl_sample_0.cif,0.194,0.296,81,0.494,0.884,0.795,14.958,5.094,0.264,0.631,67.988
8ulr_HL,Env,A,CD4bs,protenix,5,79.083,8ulr_hl_sample_1.cif,0.186,0.303,76,0.408,0.89,0.659,14.303,11.0,0.264,0.631,67.988
8ulr_HL,Env,A,CD4bs,protenix,5,79.083,8ulr_hl_sample_2.cif,0.221,0.385,65,0.508,0.921,0.736,10.468,10.898,0.264,0.631,67.988
8ulr_HL,Env,A,CD4bs,protenix,5,79.083,8ulr_hl_sample_3.cif,0.201,0.353,68,0.574,0.91,0.744,11.818,8.769,0.264,0.631,67.988
8ulr_HL,Env,A,CD4bs,protenix,5,79.083,8ulr_hl_sample_4.cif,0.177,0.394,66,0.545,0.921,0.735,10.48,9.749,0.264,0.631,67.988
8ulr_HL,Env,A,CD4bs,protenix,6,32.0,8ulr_hl_sample_0.cif,0.017,0.189,111,0.333,0.783,0.631,22.411,8.232,0.18,0.592,56.563
8ulr_HL,Env,A,CD4bs,protenix,6,32.0,8ulr_hl_sample_1.cif,0.02,0.157,83,0.253,0.732,0.607,23.047,6.466,0.18,0.592,56.563
8ulr_HL,Env,A,CD4bs,protenix,6,32.0,8ulr_hl_sample_2.cif,0.015,0.1,90,0.222,0.69,0.608,25.561,9.995,0.18,0.592,56.563
8ulr_HL,Env,A,CD4bs,protenix,6,32.0,8ulr_hl_sample_3.cif,0.011,0.153,111,0.27,0.741,0.615,23.686,7.629,0.18,0.592,56.563
8ulr_HL,Env,A,CD4bs,protenix,6,32.0,8ulr_hl_sample_4.cif,0.008,0.011,95,0.2,0.304,0.51,27.637,11.458,0.18,0.592,56.563
8ulr_HL,Env,A,CD4bs,protenix,7,19.0,8ulr_hl_sample_0.cif,0.085,0.229,96,0.292,0.809,0.567,11.01,12.863,0.202,0.565,63.52
8ulr_HL,Env,A,CD4bs,protenix,7,19.0,8ulr_hl_sample_1.cif,0.098,0.339,62,0.435,0.897,0.706,8.725,13.612,0.202,0.565,63.52
8ulr_HL,Env,A,CD4bs,protenix,7,19.0,8ulr_hl_sample_2.cif,0.085,0.296,71,0.521,0.861,0.726,19.052,8.851,0.202,0.565,63.52
8ulr_HL,Env,A,CD4bs,protenix,7,19.0,8ulr_hl_sample_3.cif,0.06,0.275,69,0.362,0.852,0.677,20.587,8.437,0.202,0.565,63.52
8ulr_HL,Env,A,CD4bs,protenix,7,19.0,8ulr_hl_sample_4.cif,0.019,0.243,70,0.5,0.85,0.75,13.418,4.06,0.202,0.565,63.52
8ulr_HL,Env,A,CD4bs,protenix,8,11.0,8ulr_hl_sample_0.cif,0.022,0.175,103,0.33,0.777,0.671,25.398,6.737,0.164,0.543,49.586
8ulr_HL,Env,A,CD4bs,protenix,8,11.0,8ulr_hl_sample_1.cif,0.018,0.194,93,0.462,0.783,0.737,28.393,9.553,0.164,0.543,49.586
8ulr_HL,Env,A,CD4bs,protenix,8,11.0,8ulr_hl_sample_2.cif,0.032,0.176,102,0.373,0.782,0.687,17.147,3.312,0.164,0.543,49.586
8ulr_HL,Env,A,CD4bs,protenix,8,11.0,8ulr_hl_sample_3.cif,0.028,0.324,74,0.473,0.89,0.667,15.949,6.287,0.164,0.543,49.586
8ulr_HL,Env,A,CD4bs,protenix,8,11.0,8ulr_hl_sample_4.cif,0.028,0.123,81,0.358,0.661,0.67,20.866,5.447,0.164,0.543,49.586
8ulr_HL,Env,A,CD4bs,protenix,9,4.0,8ulr_hl_sample_0.cif,0.031,0.207,87,0.333,0.742,0.626,16.829,7.297,0.155,0.413,41.048
8ulr_HL,Env,A,CD4bs,protenix,9,4.0,8ulr_hl_sample_1.cif,0.038,0.107,75,0.267,0.655,0.598,16.201,5.744,0.155,0.413,41.048
8ulr_HL,Env,A,CD4bs,protenix,9,4.0,8ulr_hl_sample_2.cif,0.039,0.208,96,0.312,0.8,0.552,13.656,12.488,0.155,0.413,41.048
8ulr_HL,Env,A,CD4bs,protenix,9,4.0,8ulr_hl_sample_3.cif,0.023,0.109,119,0.202,0.628,0.521,19.547,10.613,0.155,0.413,41.048
8ulr_HL,Env,A,CD4bs,protenix,9,4.0,8ulr_hl_sample_4.cif,0.02,0.158,57,0.228,0.756,0.5,14.968,16.548,0.155,0.413,41.048
8ulr_HL,Env,A,CD4bs,protenix,10,1.0,8ulr_hl_sample_0.cif,0.024,0.105,95,0.253,0.555,0.596,12.563,9.218,0.143,0.254,38.214
8ulr_HL,Env,A,CD4bs,protenix,10,1.0,8ulr_hl_sample_1.cif,0.034,0.153,85,0.318,0.596,0.572,15.293,13.249,0.143,0.254,38.214
8ulr_HL,Env,A,CD4bs,protenix,10,1.0,8ulr_hl_sample_2.cif,0.024,0.146,89,0.258,0.744,0.604,12.307,5.826,0.143,0.254,38.214
8ulr_HL,Env,A,CD4bs,protenix,10,1.0,8ulr_hl_sample_3.cif,0.028,0.089,56,0.214,0.702,0.534,16.944,15.485,0.143,0.254,38.214
8ulr_HL,Env,A,CD4bs,protenix,10,1.0,8ulr_hl_sample_4.cif,0.023,0.08,100,0.22,0.541,0.569,9.547,6.317,0.143,0.254,38.214
8ulr_HL,Env,A,CD4bs,protenix,11,1.0,8ulr_hl_sample_0.cif,0.024,0.1,70,0.357,0.552,0.638,14.764,8.238,0.289,0.399,46.912
8ulr_HL,Env,A,CD4bs,protenix,11,1.0,8ulr_hl_sample_1.cif,0.008,0.037,54,0.241,0.323,0.502,21.592,14.523,0.289,0.399,46.912
8ulr_HL,Env,A,CD4bs,protenix,11,1.0,8ulr_hl_sample_2.cif,0.008,0.104,48,0.167,0.638,0.559,12.02,14.906,0.289,0.399,46.912
8ulr_HL,Env,A,CD4bs,protenix,11,1.0,8ulr_hl_sample_3.cif,0.009,0.069,58,0.276,0.573,0.569,12.463,11.239,0.289,0.399,46.912
8ulr_HL,Env,A,CD4bs,protenix,11,1.0,8ulr_hl_sample_4.cif,0.007,0.0,46,0.217,0.443,0.549,18.443,15.064,0.289,0.399,46.912
8ume_HL,HA,A,head,boltz,0,175.081,input_model_0.cif,0.018,0.05,20,0.1,0.745,0.351,44.964,60.959,0.386,0.645,0.891
8ume_HL,HA,A,head,boltz,0,175.081,input_model_1.cif,0.008,0.0,22,1.0,0.55,0.711,33.846,18.179,0.386,0.645,0.891
8ume_HL,HA,A,head,boltz,0,175.081,input_model_2.cif,0.007,0.0,18,1.0,0.564,0.715,36.248,19.179,0.386,0.645,0.891
8ume_HL,HA,A,head,boltz,0,175.081,input_model_3.cif,0.01,0.0,23,1.0,0.573,0.712,32.857,18.051,0.386,0.645,0.891
8ume_HL,HA,A,head,boltz,0,175.081,input_model_4.cif,0.013,0.0,26,1.0,0.482,0.67,32.192,17.228,0.386,0.645,0.891
8ume_HL,HA,A,head,boltz,1,121.354,input_model_0.cif,0.018,0.0,19,0.0,0.661,0.324,48.666,63.776,0.506,0.708,0.88
8ume_HL,HA,A,head,boltz,1,121.354,input_model_1.cif,0.032,0.348,23,0.913,0.9,0.703,15.184,10.31,0.506,0.708,0.88
8ume_HL,HA,A,head,boltz,1,121.354,input_model_2.cif,0.007,0.0,24,0.958,0.511,0.675,35.279,18.82,0.506,0.708,0.88
8ume_HL,HA,A,head,boltz,1,121.354,input_model_3.cif,0.01,0.0,22,1.0,0.52,0.689,33.589,18.288,0.506,0.708,0.88
8ume_HL,HA,A,head,boltz,1,121.354,input_model_4.cif,0.016,0.125,24,0.917,0.726,0.707,28.989,14.825,0.506,0.708,0.88
8ume_HL,HA,A,head,boltz,2,81.02,input_model_0.cif,0.006,0.0,26,0.0,0.47,0.287,59.907,75.554,0.405,0.65,0.887
8ume_HL,HA,A,head,boltz,2,81.02,input_model_1.cif,0.007,0.0,24,0.958,0.463,0.665,35.259,18.773,0.405,0.65,0.887
8ume_HL,HA,A,head,boltz,2,81.02,input_model_2.cif,0.024,0.345,29,0.862,0.886,0.705,15.105,10.041,0.405,0.65,0.887
8ume_HL,HA,A,head,boltz,2,81.02,input_model_3.cif,0.012,0.0,21,1.0,0.445,0.651,33.994,18.318,0.405,0.65,0.887
8ume_HL,HA,A,head,boltz,2,81.02,input_model_4.cif,0.011,0.0,22,1.0,0.494,0.677,33.167,18.09,0.405,0.65,0.887
8ume_HL,HA,A,head,boltz,3,47.163,input_model_0.cif,0.01,0.0,25,1.0,0.563,0.715,32.899,17.522,0.58,0.76,0.895
8ume_HL,HA,A,head,boltz,3,47.163,input_model_1.cif,0.007,0.0,25,0.96,0.581,0.713,34.927,18.63,0.58,0.76,0.895
8ume_HL,HA,A,head,boltz,3,47.163,input_model_2.cif,0.011,0.0,21,1.0,0.508,0.681,33.34,18.366,0.58,0.76,0.895
8ume_HL,HA,A,head,boltz,3,47.163,input_model_3.cif,0.031,0.316,19,0.895,0.876,0.706,16.351,11.169,0.58,0.76,0.895
8ume_HL,HA,A,head,boltz,3,47.163,input_model_4.cif,0.007,0.0,27,0.963,0.557,0.688,33.713,17.419,0.58,0.76,0.895
8ume_HL,HA,A,head,boltz,4,36.56,input_model_0.cif,0.02,0.233,30,0.367,0.786,0.364,32.619,48.395,0.504,0.683,0.878
8ume_HL,HA,A,head,boltz,4,36.56,input_model_1.cif,0.009,0.0,25,1.0,0.597,0.717,35.86,19.545,0.504,0.683,0.878
8ume_HL,HA,A,head,boltz,4,36.56,input_model_2.cif,0.008,0.0,25,1.0,0.573,0.717,37.223,20.237,0.504,0.683,0.878
8ume_HL,HA,A,head,boltz,4,36.56,input_model_3.cif,0.008,0.0,22,1.0,0.593,0.718,36.716,20.431,0.504,0.683,0.878
8ume_HL,HA,A,head,boltz,4,36.56,input_model_4.cif,0.008,0.0,27,1.0,0.584,0.716,36.708,19.904,0.504,0.683,0.878
8ume_HL,HA,A,head,boltz,5,22.333,input_model_0.cif,0.007,0.0,21,0.952,0.475,0.663,33.178,17.81,0.47,0.678,0.847
8ume_HL,HA,A,head,boltz,5,22.333,input_model_1.cif,0.01,0.0,18,1.0,0.454,0.673,33.507,18.057,0.47,0.678,0.847
8ume_HL,HA,A,head,boltz,5,22.333,input_model_2.cif,0.008,0.0,22,0.864,0.415,0.624,32.467,17.726,0.47,0.678,0.847
8ume_HL,HA,A,head,boltz,5,22.333,input_model_3.cif,0.008,0.0,22,1.0,0.408,0.645,34.257,17.71,0.47,0.678,0.847
8ume_HL,HA,A,head,boltz,5,22.333,input_model_4.cif,0.012,0.0,23,0.957,0.432,0.647,33.981,18.423,0.47,0.678,0.847
8ume_HL,HA,A,head,boltz,6,12.333,input_model_0.cif,0.009,0.0,23,1.0,0.557,0.711,32.58,17.53,0.383,0.661,0.887
8ume_HL,HA,A,head,boltz,6,12.333,input_model_1.cif,0.016,0.0,20,0.15,0.706,0.345,43.865,59.517,0.383,0.661,0.887
8ume_HL,HA,A,head,boltz,6,12.333,input_model_2.cif,0.018,0.042,24,0.083,0.695,0.346,43.398,59.054,0.383,0.661,0.887
8ume_HL,HA,A,head,boltz,6,12.333,input_model_3.cif,0.008,0.0,20,1.0,0.339,0.614,34.193,17.956,0.383,0.661,0.887
8ume_HL,HA,A,head,boltz,6,12.333,input_model_4.cif,0.007,0.0,19,1.0,0.455,0.665,36.294,19.34,0.383,0.661,0.887
8ume_HL,HA,A,head,boltz,7,10.0,input_model_0.cif,0.008,0.0,26,1.0,0.587,0.717,36.492,19.657,0.532,0.742,0.883
8ume_HL,HA,A,head,boltz,7,10.0,input_model_1.cif,0.014,0.0,23,0.043,0.659,0.329,46.431,62.188,0.532,0.742,0.883
8ume_HL,HA,A,head,boltz,7,10.0,input_model_2.cif,0.011,0.0,24,1.0,0.491,0.682,32.064,17.745,0.532,0.742,0.883
8ume_HL,HA,A,head,boltz,7,10.0,input_model_3.cif,0.009,0.0,22,1.0,0.485,0.674,34.982,18.235,0.532,0.742,0.883
8ume_HL,HA,A,head,boltz,7,10.0,input_model_4.cif,0.008,0.0,26,1.0,0.477,0.674,36.553,19.301,0.532,0.742,0.883
8ume_HL,HA,A,head,boltz,8,5.0,input_model_0.cif,0.008,0.0,24,0.958,0.571,0.71,34.288,18.552,0.4,0.665,0.885
8ume_HL,HA,A,head,boltz,8,5.0,input_model_1.cif,0.008,0.0,27,1.0,0.502,0.679,36.137,19.067,0.4,0.665,0.885
8ume_HL,HA,A,head,boltz,8,5.0,input_model_2.cif,0.012,0.0,23,1.0,0.526,0.686,31.641,17.18,0.4,0.665,0.885
8ume_HL,HA,A,head,boltz,8,5.0,input_model_3.cif,0.008,0.0,21,0.857,0.654,0.585,23.807,14.115,0.4,0.665,0.885
8ume_HL,HA,A,head,boltz,8,5.0,input_model_4.cif,0.01,0.0,19,1.0,0.455,0.642,30.586,17.498,0.4,0.665,0.885
8ume_HL,HA,A,head,boltz,9,4.0,input_model_0.cif,0.037,0.615,26,0.769,0.955,0.672,7.562,14.738,0.642,0.785,0.84
8ume_HL,HA,A,head,boltz,9,4.0,input_model_1.cif,0.012,0.0,22,1.0,0.534,0.69,32.839,18.036,0.642,0.785,0.84
8ume_HL,HA,A,head,boltz,9,4.0,input_model_2.cif,0.011,0.0,23,1.0,0.542,0.692,32.248,17.816,0.642,0.785,0.84
8ume_HL,HA,A,head,boltz,9,4.0,input_model_3.cif,0.01,0.0,23,1.0,0.472,0.683,33.736,18.085,0.642,0.785,0.84
8ume_HL,HA,A,head,boltz,9,4.0,input_model_4.cif,0.011,0.0,24,1.0,0.494,0.684,32.241,17.305,0.642,0.785,0.84
8ume_HL,HA,A,head,boltz,10,2.0,input_model_0.cif,0.013,0.0,27,0.037,0.645,0.327,47.819,62.808,0.451,0.65,0.896
8ume_HL,HA,A,head,boltz,10,2.0,input_model_1.cif,0.008,0.0,26,1.0,0.578,0.716,36.223,19.37,0.451,0.65,0.896
8ume_HL,HA,A,head,boltz,10,2.0,input_model_2.cif,0.007,0.0,23,0.957,0.474,0.669,34.395,18.332,0.451,0.65,0.896
8ume_HL,HA,A,head,boltz,10,2.0,input_model_3.cif,0.007,0.0,24,0.958,0.473,0.668,34.728,18.528,0.451,0.65,0.896
8ume_HL,HA,A,head,boltz,10,2.0,input_model_4.cif,0.007,0.0,24,0.958,0.497,0.68,34.481,18.689,0.451,0.65,0.896
8ume_HL,HA,A,head,protenix,0,175.081,8ume_hl_sample_0.cif,0.029,0.094,32,0.25,0.724,0.409,22.55,34.322,0.335,0.617,80.201
8ume_HL,HA,A,head,protenix,0,175.081,8ume_hl_sample_1.cif,0.023,0.133,30,0.367,0.736,0.411,21.177,33.421,0.335,0.617,80.201
8ume_HL,HA,A,head,protenix,0,175.081,8ume_hl_sample_2.cif,0.023,0.118,34,0.324,0.738,0.431,20.022,31.145,0.335,0.617,80.201
8ume_HL,HA,A,head,protenix,0,175.081,8ume_hl_sample_3.cif,0.05,0.522,23,0.826,0.946,0.692,9.238,13.43,0.335,0.617,80.201
8ume_HL,HA,A,head,protenix,0,175.081,8ume_hl_sample_4.cif,0.199,0.556,27,0.815,0.948,0.644,5.937,17.176,0.335,0.617,80.201
8ume_HL,HA,A,head,protenix,1,121.354,8ume_hl_sample_0.cif,0.284,0.613,31,0.71,0.969,0.61,2.375,19.904,0.307,0.611,83.586
8ume_HL,HA,A,head,protenix,1,121.354,8ume_hl_sample_1.cif,0.321,0.679,28,0.714,0.963,0.598,2.624,20.421,0.307,0.611,83.586
8ume_HL,HA,A,head,protenix,1,121.354,8ume_hl_sample_2.cif,0.236,0.556,27,0.741,0.96,0.636,5.121,16.604,0.307,0.611,83.586
8ume_HL,HA,A,head,protenix,1,121.354,8ume_hl_sample_3.cif,0.212,0.621,29,0.759,0.963,0.593,3.29,19.334,0.307,0.611,83.586
8ume_HL,HA,A,head,protenix,1,121.354,8ume_hl_sample_4.cif,0.005,0.0,14,1.0,0.497,0.709,42.706,23.748,0.307,0.611,83.586
8ume_HL,HA,A,head,protenix,2,81.02,8ume_hl_sample_0.cif,0.019,0.259,27,0.889,0.898,0.699,17.798,12.7,0.319,0.567,77.663
8ume_HL,HA,A,head,protenix,2,81.02,8ume_hl_sample_1.cif,0.081,0.621,29,0.828,0.963,0.653,4.14,16.303,0.319,0.567,77.663
8ume_HL,HA,A,head,protenix,2,81.02,8ume_hl_sample_2.cif,0.082,0.581,31,0.839,0.961,0.663,4.804,15.697,0.319,0.567,77.663
8ume_HL,HA,A,head,protenix,2,81.02,8ume_hl_sample_3.cif,0.208,0.519,27,0.778,0.952,0.618,5.571,17.403,0.319,0.567,77.663
8ume_HL,HA,A,head,protenix,2,81.02,8ume_hl_sample_4.cif,0.006,0.0,25,0.0,0.371,0.316,38.322,45.983,0.319,0.567,77.663
8ume_HL,HA,A,head,protenix,3,47.163,8ume_hl_sample_0.cif,0.017,0.281,32,0.875,0.893,0.687,16.142,12.314,0.37,0.575,75.017
8ume_HL,HA,A,head,protenix,3,47.163,8ume_hl_sample_1.cif,0.016,0.25,28,0.893,0.896,0.699,18.422,12.481,0.37,0.575,75.017
8ume_HL,HA,A,head,protenix,3,47.163,8ume_hl_sample_2.cif,0.015,0.219,32,0.938,0.867,0.687,18.596,12.311,0.37,0.575,75.017
8ume_HL,HA,A,head,protenix,3,47.163,8ume_hl_sample_3.cif,0.009,0.0,40,0.725,0.417,0.585,24.743,12.052,0.37,0.575,75.017
8ume_HL,HA,A,head,protenix,3,47.163,8ume_hl_sample_4.cif,0.068,0.357,28,0.714,0.92,0.498,9.805,20.343,0.37,0.575,75.017
8ume_HL,HA,A,head,protenix,4,36.56,8ume_hl_sample_0.cif,0.034,0.289,38,0.789,0.886,0.704,18.223,9.238,0.317,0.53,74.729
8ume_HL,HA,A,head,protenix,4,36.56,8ume_hl_sample_1.cif,0.026,0.429,21,0.619,0.915,0.692,11.675,11.969,0.317,0.53,74.729
8ume_HL,HA,A,head,protenix,4,36.56,8ume_hl_sample_2.cif,0.18,0.533,30,0.7,0.955,0.6,5.017,18.798,0.317,0.53,74.729
8ume_HL,HA,A,head,protenix,4,36.56,8ume_hl_sample_3.cif,0.23,0.708,24,0.75,0.963,0.591,2.338,18.43,0.317,0.53,74.729
8ume_HL,HA,A,head,protenix,4,36.56,8ume_hl_sample_4.cif,0.048,0.407,27,0.852,0.925,0.692,13.776,11.704,0.317,0.53,74.729
8ume_HL,HA,A,head,protenix,5,22.333,8ume_hl_sample_0.cif,0.038,0.281,32,0.656,0.887,0.547,10.883,20.487,0.298,0.556,79.149
8ume_HL,HA,A,head,protenix,5,22.333,8ume_hl_sample_1.cif,0.048,0.258,31,0.613,0.891,0.553,11.575,21.24,0.298,0.556,79.149
8ume_HL,HA,A,head,protenix,5,22.333,8ume_hl_sample_2.cif,0.034,0.667,18,0.833,0.935,0.474,9.767,27.851,0.298,0.556,79.149
8ume_HL,HA,A,head,protenix,5,22.333,8ume_hl_sample_3.cif,0.005,0.0,16,1.0,0.477,0.71,42.162,22.704,0.298,0.556,79.149
8ume_HL,HA,A,head,protenix,5,22.333,8ume_hl_sample_4.cif,0.005,0.0,35,0.0,0.434,0.282,54.237,67.75,0.298,0.556,79.149
8ume_HL,HA,A,head,protenix,6,12.333,8ume_hl_sample_0.cif,0.014,0.241,29,0.897,0.874,0.665,17.404,12.921,0.417,0.595,74.08
8ume_HL,HA,A,head,protenix,6,12.333,8ume_hl_sample_1.cif,0.018,0.226,31,0.903,0.884,0.696,17.515,12.817,0.417,0.595,74.08
8ume_HL,HA,A,head,protenix,6,12.333,8ume_hl_sample_2.cif,0.014,0.2,30,0.933,0.871,0.667,17.918,12.448,0.417,0.595,74.08
8ume_HL,HA,A,head,protenix,6,12.333,8ume_hl_sample_3.cif,0.008,0.0,39,0.846,0.489,0.639,31.698,14.987,0.417,0.595,74.08
8ume_HL,HA,A,head,protenix,6,12.333,8ume_hl_sample_4.cif,0.038,0.346,26,0.769,0.918,0.686,12.375,15.008,0.417,0.595,74.08
8ume_HL,HA,A,head,protenix,7,10.0,8ume_hl_sample_0.cif,0.011,0.0,42,0.5,0.398,0.515,27.509,16.471,0.304,0.509,73.852
8ume_HL,HA,A,head,protenix,7,10.0,8ume_hl_sample_1.cif,0.007,0.0,44,0.318,0.204,0.512,36.044,20.75,0.304,0.509,73.852
8ume_HL,HA,A,head,protenix,7,10.0,8ume_hl_sample_2.cif,0.054,0.462,26,0.885,0.947,0.662,7.443,14.304,0.304,0.509,73.852
8ume_HL,HA,A,head,protenix,7,10.0,8ume_hl_sample_3.cif,0.043,0.314,35,0.571,0.886,0.5,11.375,23.469,0.304,0.509,73.852
8ume_HL,HA,A,head,protenix,7,10.0,8ume_hl_sample_4.cif,0.118,0.615,26,0.731,0.958,0.639,4.697,17.02,0.304,0.509,73.852
8ume_HL,HA,A,head,protenix,8,5.0,8ume_hl_sample_0.cif,0.015,0.0,33,0.97,0.594,0.683,17.419,10.861,0.321,0.432,54.932
8ume_HL,HA,A,head,protenix,8,5.0,8ume_hl_sample_1.cif,0.025,0.189,37,0.919,0.678,0.674,10.877,13.134,0.321,0.432,54.932
8ume_HL,HA,A,head,protenix,8,5.0,8ume_hl_sample_2.cif,0.011,0.069,29,0.862,0.759,0.678,12.434,17.565,0.321,0.432,54.932
8ume_HL,HA,A,head,protenix,8,5.0,8ume_hl_sample_3.cif,0.013,0.065,31,0.839,0.839,0.675,7.767,18.406,0.321,0.432,54.932
8ume_HL,HA,A,head,protenix,8,5.0,8ume_hl_sample_4.cif,0.03,0.179,28,0.821,0.818,0.695,9.909,16.489,0.321,0.432,54.932
8ume_HL,HA,A,head,protenix,9,4.0,8ume_hl_sample_0.cif,0.071,0.405,37,0.622,0.909,0.511,7.002,24.327,0.302,0.414,66.829
8ume_HL,HA,A,head,protenix,9,4.0,8ume_hl_sample_1.cif,0.009,0.0,53,0.415,0.168,0.473,25.45,20.204,0.302,0.414,66.829
8ume_HL,HA,A,head,protenix,9,4.0,8ume_hl_sample_2.cif,0.019,0.222,45,0.644,0.719,0.465,13.047,25.476,0.302,0.414,66.829
8ume_HL,HA,A,head,protenix,9,4.0,8ume_hl_sample_3.cif,0.008,0.0,45,0.622,0.398,0.612,26.538,13.105,0.302,0.414,66.829
8ume_HL,HA,A,head,protenix,9,4.0,8ume_hl_sample_4.cif,0.008,0.0,37,0.0,0.538,0.307,27.532,46.011,0.302,0.414,66.829
8ume_HL,HA,A,head,protenix,10,2.0,8ume_hl_sample_0.cif,0.01,0.104,48,0.521,0.638,0.487,17.165,25.024,0.31,0.42,54.629
8ume_HL,HA,A,head,protenix,10,2.0,8ume_hl_sample_1.cif,0.023,0.162,37,0.459,0.764,0.454,13.761,21.459,0.31,0.42,54.629
8ume_HL,HA,A,head,protenix,10,2.0,8ume_hl_sample_2.cif,0.009,0.0,25,0.0,0.558,0.437,30.203,35.126,0.31,0.42,54.629
8ume_HL,HA,A,head,protenix,10,2.0,8ume_hl_sample_3.cif,0.005,0.0,17,0.0,0.53,0.367,41.761,53.873,0.31,0.42,54.629
8ume_HL,HA,A,head,protenix,10,2.0,8ume_hl_sample_4.cif,0.006,0.0,30,0.0,0.473,0.368,40.556,46.044,0.31,0.42,54.629
8ume_HL,HA,A,head,protenix,11,1.0,8ume_hl_sample_0.cif,0.013,0.041,49,0.51,0.687,0.483,14.489,18.141,0.318,0.427,50.891
8ume_HL,HA,A,head,protenix,11,1.0,8ume_hl_sample_1.cif,0.018,0.0,45,0.467,0.439,0.459,22.109,22.22,0.318,0.427,50.891
8ume_HL,HA,A,head,protenix,11,1.0,8ume_hl_sample_2.cif,0.006,0.059,34,0.059,0.742,0.449,30.035,39.279,0.318,0.427,50.891
8ume_HL,HA,A,head,protenix,11,1.0,8ume_hl_sample_3.cif,0.008,0.0,27,0.0,0.425,0.397,34.964,37.457,0.318,0.427,50.891
8ume_HL,HA,A,head,protenix,11,1.0,8ume_hl_sample_4.cif,0.009,0.0,32,0.0,0.451,0.425,38.37,39.859,0.318,0.427,50.891
8vfv_GI,Env,B,MPER,protenix,0,223.626,8vfv_gi_sample_0.cif,0.011,0.03,101,0.0,0.272,,17.761,,0.412,0.491,58.604
8vfv_GI,Env,B,MPER,protenix,0,223.626,8vfv_gi_sample_1.cif,0.011,0.029,103,0.0,0.305,,17.499,,0.412,0.491,58.604
8vfv_GI,Env,B,MPER,protenix,0,223.626,8vfv_gi_sample_2.cif,0.011,0.03,101,0.0,0.274,,17.952,,0.412,0.491,58.604
8vfv_GI,Env,B,MPER,protenix,0,223.626,8vfv_gi_sample_3.cif,0.011,0.03,100,0.0,0.292,,17.51,,0.412,0.491,58.604
8vfv_GI,Env,B,MPER,protenix,0,223.626,8vfv_gi_sample_4.cif,0.01,0.066,106,0.0,0.51,,12.84,,0.412,0.491,58.604
8vfv_GI,Env,B,MPER,protenix,1,159.699,8vfv_gi_sample_0.cif,0.01,0.047,106,0.0,0.437,,18.009,,0.471,0.54,58.923
8vfv_GI,Env,B,MPER,protenix,1,159.699,8vfv_gi_sample_1.cif,0.011,0.033,92,0.0,0.408,,15.174,,0.471,0.54,58.923
8vfv_GI,Env,B,MPER,protenix,1,159.699,8vfv_gi_sample_2.cif,0.011,0.036,110,0.0,0.305,,18.391,,0.471,0.54,58.923
8vfv_GI,Env,B,MPER,protenix,1,159.699,8vfv_gi_sample_3.cif,0.011,0.035,114,0.0,0.345,,18.01,,0.471,0.54,58.923
8vfv_GI,Env,B,MPER,protenix,1,159.699,8vfv_gi_sample_4.cif,0.012,0.029,105,0.0,0.368,,15.275,,0.471,0.54,58.923
8vfv_GI,Env,B,MPER,protenix,2,95.645,8vfv_gi_sample_0.cif,0.011,0.028,108,0.0,0.235,,17.857,,0.392,0.472,55.105
8vfv_GI,Env,B,MPER,protenix,2,95.645,8vfv_gi_sample_1.cif,0.011,0.026,117,0.0,0.221,,17.291,,0.392,0.472,55.105
8vfv_GI,Env,B,MPER,protenix,2,95.645,8vfv_gi_sample_2.cif,0.011,0.03,101,0.0,0.246,,16.552,,0.392,0.472,55.105
8vfv_GI,Env,B,MPER,protenix,2,95.645,8vfv_gi_sample_3.cif,0.01,0.03,99,0.0,0.235,,16.53,,0.392,0.472,55.105
8vfv_GI,Env,B,MPER,protenix,2,95.645,8vfv_gi_sample_4.cif,0.011,0.03,101,0.0,0.254,,14.556,,0.392,0.472,55.105
8vfv_GI,Env,B,MPER,protenix,3,55.489,8vfv_gi_sample_0.cif,0.027,0.036,111,0.0,0.313,,18.129,,0.328,0.407,52.922
8vfv_GI,Env,B,MPER,protenix,3,55.489,8vfv_gi_sample_1.cif,0.01,0.047,107,0.0,0.31,,17.734,,0.328,0.407,52.922
8vfv_GI,Env,B,MPER,protenix,3,55.489,8vfv_gi_sample_2.cif,0.009,0.058,86,0.0,0.417,,12.724,,0.328,0.407,52.922
8vfv_GI,Env,B,MPER,protenix,3,55.489,8vfv_gi_sample_3.cif,0.018,0.029,104,0.0,0.38,,12.614,,0.328,0.407,52.922
8vfv_GI,Env,B,MPER,protenix,3,55.489,8vfv_gi_sample_4.cif,0.008,0.042,95,0.0,0.405,,17.785,,0.328,0.407,52.922
8vfv_GI,Env,B,MPER,protenix,4,35.65,8vfv_gi_sample_0.cif,0.011,0.029,103,0.0,0.308,,16.247,,0.377,0.439,53.0
8vfv_GI,Env,B,MPER,protenix,4,35.65,8vfv_gi_sample_1.cif,0.01,0.022,91,0.0,0.291,,17.453,,0.377,0.439,53.0
8vfv_GI,Env,B,MPER,protenix,4,35.65,8vfv_gi_sample_2.cif,0.011,0.01,96,0.0,0.2,,17.391,,0.377,0.439,53.0
8vfv_GI,Env,B,MPER,protenix,4,35.65,8vfv_gi_sample_3.cif,0.011,0.031,98,0.0,0.31,,16.788,,0.377,0.439,53.0
8vfv_GI,Env,B,MPER,protenix,4,35.65,8vfv_gi_sample_4.cif,0.012,0.054,111,0.0,0.477,,14.9,,0.377,0.439,53.0
8vfv_GI,Env,B,MPER,protenix,5,28.431,8vfv_gi_sample_0.cif,0.01,0.032,93,0.0,0.353,,11.453,,0.332,0.389,53.47
8vfv_GI,Env,B,MPER,protenix,5,28.431,8vfv_gi_sample_1.cif,0.011,0.03,100,0.0,0.259,,12.245,,0.332,0.389,53.47
8vfv_GI,Env,B,MPER,protenix,5,28.431,8vfv_gi_sample_2.cif,0.035,0.03,100,0.0,0.31,,12.345,,0.332,0.389,53.47
8vfv_GI,Env,B,MPER,protenix,5,28.431,8vfv_gi_sample_3.cif,0.011,0.034,117,0.0,0.381,,12.721,,0.332,0.389,53.47
8vfv_GI,Env,B,MPER,protenix,5,28.431,8vfv_gi_sample_4.cif,0.011,0.032,95,0.0,0.26,,13.54,,0.332,0.389,53.47
8vfv_GI,Env,B,MPER,protenix,6,13.843,8vfv_gi_sample_0.cif,0.011,0.011,89,0.0,0.397,,14.007,,0.342,0.41,50.246
8vfv_GI,Env,B,MPER,protenix,6,13.843,8vfv_gi_sample_1.cif,0.012,0.033,123,0.0,0.368,,19.646,,0.342,0.41,50.246
8vfv_GI,Env,B,MPER,protenix,6,13.843,8vfv_gi_sample_2.cif,0.011,0.011,93,0.0,0.378,,13.506,,0.342,0.41,50.246
8vfv_GI,Env,B,MPER,protenix,6,13.843,8vfv_gi_sample_3.cif,0.013,0.031,96,0.0,0.32,,17.409,,0.342,0.41,50.246
8vfv_GI,Env,B,MPER,protenix,6,13.843,8vfv_gi_sample_4.cif,0.011,0.029,103,0.0,0.375,,19.814,,0.342,0.41,50.246
8vfv_GI,Env,B,MPER,protenix,7,9.75,8vfv_gi_sample_0.cif,0.011,0.03,100,0.0,0.262,,20.497,,0.353,0.414,51.401
8vfv_GI,Env,B,MPER,protenix,7,9.75,8vfv_gi_sample_1.cif,0.012,0.009,107,0.0,0.165,,16.827,,0.353,0.414,51.401
8vfv_GI,Env,B,MPER,protenix,7,9.75,8vfv_gi_sample_2.cif,0.01,0.031,98,0.0,0.309,,22.091,,0.353,0.414,51.401
8vfv_GI,Env,B,MPER,protenix,7,9.75,8vfv_gi_sample_3.cif,0.012,0.044,114,0.0,0.439,,22.189,,0.353,0.414,51.401
8vfv_GI,Env,B,MPER,protenix,7,9.75,8vfv_gi_sample_4.cif,0.011,0.018,109,0.0,0.25,,16.736,,0.353,0.414,51.401
8vfv_GI,Env,B,MPER,protenix,8,7.667,8vfv_gi_sample_0.cif,0.01,0.039,76,0.0,0.396,,18.482,,0.266,0.387,53.505
8vfv_GI,Env,B,MPER,protenix,8,7.667,8vfv_gi_sample_1.cif,0.01,0.0,82,0.0,0.312,,24.303,,0.266,0.387,53.505
8vfv_GI,Env,B,MPER,protenix,8,7.667,8vfv_gi_sample_2.cif,0.011,0.025,80,0.0,0.423,,23.888,,0.266,0.387,53.505
8vfv_GI,Env,B,MPER,protenix,8,7.667,8vfv_gi_sample_3.cif,0.013,0.0,73,0.0,0.249,,19.556,,0.266,0.387,53.505
8vfv_GI,Env,B,MPER,protenix,8,7.667,8vfv_gi_sample_4.cif,0.01,0.0,83,0.0,0.289,,14.018,,0.266,0.387,53.505
8vfv_GI,Env,B,MPER,protenix,9,3.0,8vfv_gi_sample_0.cif,0.017,0.033,92,0.0,0.465,,22.785,,0.21,0.372,48.683
8vfv_GI,Env,B,MPER,protenix,9,3.0,8vfv_gi_sample_1.cif,0.022,0.048,62,0.0,0.449,,27.168,,0.21,0.372,48.683
8vfv_GI,Env,B,MPER,protenix,9,3.0,8vfv_gi_sample_2.cif,0.043,0.048,63,0.0,0.404,,27.709,,0.21,0.372,48.683
8vfv_GI,Env,B,MPER,protenix,9,3.0,8vfv_gi_sample_3.cif,0.031,0.045,66,0.0,0.418,,23.144,,0.21,0.372,48.683
8vfv_GI,Env,B,MPER,protenix,9,3.0,8vfv_gi_sample_4.cif,0.039,0.063,63,0.0,0.475,,26.703,,0.21,0.372,48.683
8vfv_GI,Env,B,MPER,protenix,10,2.0,8vfv_gi_sample_0.cif,0.01,0.02,98,0.0,0.247,,15.412,,0.204,0.342,44.827
8vfv_GI,Env,B,MPER,protenix,10,2.0,8vfv_gi_sample_1.cif,0.012,0.0,74,0.0,0.233,,15.302,,0.204,0.342,44.827
8vfv_GI,Env,B,MPER,protenix,10,2.0,8vfv_gi_sample_2.cif,0.012,0.025,120,0.0,0.237,,20.397,,0.204,0.342,44.827
8vfv_GI,Env,B,MPER,protenix,10,2.0,8vfv_gi_sample_3.cif,0.011,0.0,83,0.0,0.27,,22.067,,0.204,0.342,44.827
8vfv_GI,Env,B,MPER,protenix,10,2.0,8vfv_gi_sample_4.cif,0.019,0.056,89,0.0,0.396,,32.045,,0.204,0.342,44.827
8vfv_GI,Env,B,MPER,protenix,11,1.0,8vfv_gi_sample_0.cif,0.009,0.015,68,0.0,0.339,,8.952,,0.304,0.37,49.414
8vfv_GI,Env,B,MPER,protenix,11,1.0,8vfv_gi_sample_1.cif,0.011,0.0,61,0.0,0.387,,13.631,,0.304,0.37,49.414
8vfv_GI,Env,B,MPER,protenix,11,1.0,8vfv_gi_sample_2.cif,0.01,0.068,73,0.0,0.52,,8.072,,0.304,0.37,49.414
8vfv_GI,Env,B,MPER,protenix,11,1.0,8vfv_gi_sample_3.cif,0.01,0.058,69,0.0,0.478,,9.285,,0.304,0.37,49.414
8vfv_GI,Env,B,MPER,protenix,11,1.0,8vfv_gi_sample_4.cif,0.011,0.0,66,0.0,0.322,,17.868,,0.304,0.37,49.414
8vye_AD,RBD,B,class3,boltz,0,27.685,input_model_0.cif,0.911,0.143,21,0.095,0.976,0.441,8.036,23.24,0.775,0.829,0.955
8vye_AD,RBD,B,class3,boltz,0,27.685,input_model_1.cif,0.897,0.143,21,0.095,0.98,0.435,8.144,23.138,0.775,0.829,0.955
8vye_AD,RBD,B,class3,boltz,0,27.685,input_model_2.cif,0.898,0.143,21,0.095,0.975,0.438,8.068,23.266,0.775,0.829,0.955
8vye_AD,RBD,B,class3,boltz,0,27.685,input_model_3.cif,0.909,0.15,20,0.1,0.981,0.439,8.194,23.232,0.775,0.829,0.955
8vye_AD,RBD,B,class3,boltz,0,27.685,input_model_4.cif,0.019,0.0,13,1.0,0.42,0.806,27.637,7.631,0.775,0.829,0.955
8vye_AD,RBD,B,class3,boltz,1,22.188,input_model_0.cif,0.86,0.13,23,0.174,0.98,0.454,6.019,21.496,0.747,0.805,0.954
8vye_AD,RBD,B,class3,boltz,1,22.188,input_model_1.cif,0.892,0.143,21,0.095,0.98,0.443,8.034,23.141,0.747,0.805,0.954
8vye_AD,RBD,B,class3,boltz,1,22.188,input_model_2.cif,0.905,0.15,20,0.1,0.976,0.437,8.184,23.325,0.747,0.805,0.954
8vye_AD,RBD,B,class3,boltz,1,22.188,input_model_3.cif,0.915,0.136,22,0.136,0.978,0.444,7.116,22.131,0.747,0.805,0.954
8vye_AD,RBD,B,class3,boltz,1,22.188,input_model_4.cif,0.894,0.143,21,0.095,0.983,0.441,8.25,23.046,0.747,0.805,0.954
8vye_AD,RBD,B,class3,boltz,2,14.233,input_model_0.cif,0.923,0.143,21,0.095,0.98,0.441,8.132,23.094,0.77,0.823,0.952
8vye_AD,RBD,B,class3,boltz,2,14.233,input_model_1.cif,0.913,0.143,21,0.143,0.976,0.447,7.067,22.338,0.77,0.823,0.952
8vye_AD,RBD,B,class3,boltz,2,14.233,input_model_2.cif,0.871,0.143,21,0.095,0.98,0.454,8.123,23.072,0.77,0.823,0.952
8vye_AD,RBD,B,class3,boltz,2,14.233,input_model_3.cif,0.896,0.15,20,0.1,0.975,0.439,8.223,23.693,0.77,0.823,0.952
8vye_AD,RBD,B,class3,boltz,2,14.233,input_model_4.cif,0.886,0.143,21,0.095,0.981,0.435,8.121,23.215,0.77,0.823,0.952
8vye_AD,RBD,B,class3,boltz,3,11.417,input_model_0.cif,0.863,0.143,21,0.143,0.975,0.446,7.119,22.824,0.834,0.872,0.955
8vye_AD,RBD,B,class3,boltz,3,11.417,input_model_1.cif,0.909,0.15,20,0.1,0.98,0.44,8.194,23.596,0.834,0.872,0.955
8vye_AD,RBD,B,class3,boltz,3,11.417,input_model_2.cif,0.934,0.15,20,0.1,0.975,0.432,8.243,23.687,0.834,0.872,0.955
8vye_AD,RBD,B,class3,boltz,3,11.417,input_model_3.cif,0.885,0.143,21,0.143,0.975,0.445,7.088,22.401,0.834,0.872,0.955
8vye_AD,RBD,B,class3,boltz,3,11.417,input_model_4.cif,0.899,0.143,21,0.095,0.98,0.439,8.137,23.152,0.834,0.872,0.955
8vye_AD,RBD,B,class3,boltz,4,12.0,input_model_0.cif,0.884,0.143,21,0.143,0.976,0.45,7.134,22.287,0.748,0.806,0.954
8vye_AD,RBD,B,class3,boltz,4,12.0,input_model_1.cif,0.927,0.15,20,0.1,0.975,0.439,8.109,23.311,0.748,0.806,0.954
8vye_AD,RBD,B,class3,boltz,4,12.0,input_model_2.cif,0.909,0.136,22,0.136,0.98,0.442,7.118,22.277,0.748,0.806,0.954
8vye_AD,RBD,B,class3,boltz,4,12.0,input_model_3.cif,0.902,0.15,20,0.1,0.98,0.446,8.245,23.593,0.748,0.806,0.954
8vye_AD,RBD,B,class3,boltz,4,12.0,input_model_4.cif,0.029,0.0,25,0.96,0.483,0.82,22.844,5.305,0.748,0.806,0.954
8vye_AD,RBD,B,class3,boltz,5,7.0,input_model_0.cif,0.915,0.143,21,0.095,0.972,0.432,8.134,23.142,0.717,0.782,0.957
8vye_AD,RBD,B,class3,boltz,5,7.0,input_model_1.cif,0.907,0.158,19,0.105,0.98,0.442,8.333,23.654,0.717,0.782,0.957
8vye_AD,RBD,B,class3,boltz,5,7.0,input_model_2.cif,0.892,0.15,20,0.1,0.967,0.442,8.12,23.246,0.717,0.782,0.957
8vye_AD,RBD,B,class3,boltz,5,7.0,input_model_3.cif,0.903,0.15,20,0.1,0.98,0.433,8.194,23.258,0.717,0.782,0.957
8vye_AD,RBD,B,class3,boltz,5,7.0,input_model_4.cif,0.902,0.143,21,0.095,0.972,0.429,8.119,23.268,0.717,0.782,0.957
8vye_AD,RBD,B,class3,boltz,6,5.667,input_model_0.cif,0.902,0.158,19,0.158,0.98,0.45,6.445,22.324,0.682,0.755,0.957
8vye_AD,RBD,B,class3,boltz,6,5.667,input_model_1.cif,0.913,0.13,23,0.174,0.983,0.438,6.095,21.392,0.682,0.755,0.957
8vye_AD,RBD,B,class3,boltz,6,5.667,input_model_2.cif,0.912,0.143,21,0.095,0.976,0.439,8.136,23.072,0.682,0.755,0.957
8vye_AD,RBD,B,class3,boltz,6,5.667,input_model_3.cif,0.881,0.15,20,0.1,0.978,0.436,8.178,23.622,0.682,0.755,0.957
8vye_AD,RBD,B,class3,boltz,6,5.667,input_model_4.cif,0.89,0.143,21,0.095,0.983,0.443,8.178,23.048,0.682,0.755,0.957
8vye_AD,RBD,B,class3,boltz,7,2.0,input_model_0.cif,0.918,0.143,21,0.095,0.978,0.437,8.201,23.134,0.746,0.804,0.956
8vye_AD,RBD,B,class3,boltz,7,2.0,input_model_1.cif,0.885,0.15,20,0.1,0.969,0.445,8.115,23.291,0.746,0.804,0.956
8vye_AD,RBD,B,class3,boltz,7,2.0,input_model_2.cif,0.888,0.143,21,0.143,0.978,0.446,7.057,22.496,0.746,0.804,0.956
8vye_AD,RBD,B,class3,boltz,7,2.0,input_model_3.cif,0.896,0.143,21,0.095,0.978,0.441,8.169,23.098,0.746,0.804,0.956
8vye_AD,RBD,B,class3,boltz,7,2.0,input_model_4.cif,0.902,0.158,19,0.105,0.976,0.444,8.215,23.713,0.746,0.804,0.956
8vye_AD,RBD,B,class3,boltz,8,3.0,input_model_0.cif,0.928,0.143,21,0.095,0.978,0.439,8.153,23.106,0.785,0.836,0.95
8vye_AD,RBD,B,class3,boltz,8,3.0,input_model_1.cif,0.887,0.15,20,0.1,0.973,0.435,8.248,23.236,0.785,0.836,0.95
8vye_AD,RBD,B,class3,boltz,8,3.0,input_model_2.cif,0.899,0.143,21,0.095,0.978,0.44,8.157,23.14,0.785,0.836,0.95
8vye_AD,RBD,B,class3,boltz,8,3.0,input_model_3.cif,0.927,0.143,21,0.095,0.978,0.438,8.163,23.24,0.785,0.836,0.95
8vye_AD,RBD,B,class3,boltz,8,3.0,input_model_4.cif,0.917,0.15,20,0.1,0.98,0.442,8.245,23.583,0.785,0.836,0.95
8vye_AD,RBD,B,class3,boltz,9,1.0,input_model_0.cif,0.887,0.15,20,0.1,0.976,0.436,8.109,23.606,0.682,0.757,0.956
8vye_AD,RBD,B,class3,boltz,9,1.0,input_model_1.cif,0.914,0.136,22,0.136,0.976,0.446,7.122,22.384,0.682,0.757,0.956
8vye_AD,RBD,B,class3,boltz,9,1.0,input_model_2.cif,0.882,0.143,21,0.095,0.981,0.449,7.988,23.158,0.682,0.757,0.956
8vye_AD,RBD,B,class3,boltz,9,1.0,input_model_3.cif,0.916,0.143,21,0.095,0.975,0.431,8.133,23.288,0.682,0.757,0.956
8vye_AD,RBD,B,class3,boltz,9,1.0,input_model_4.cif,0.913,0.143,21,0.095,0.975,0.444,8.027,23.149,0.682,0.757,0.956
8vye_AD,RBD,B,class3,protenix,0,27.685,8vye_ad_sample_0.cif,0.012,0.0,66,0.303,0.324,0.484,13.071,21.764,0.194,0.507,60.081
8vye_AD,RBD,B,class3,protenix,0,27.685,8vye_ad_sample_1.cif,0.013,0.0,48,0.396,0.436,0.54,16.2,16.961,0.194,0.507,60.081
8vye_AD,RBD,B,class3,protenix,0,27.685,8vye_ad_sample_2.cif,0.012,0.0,50,0.24,0.187,0.515,15.602,20.683,0.194,0.507,60.081
8vye_AD,RBD,B,class3,protenix,0,27.685,8vye_ad_sample_3.cif,0.016,0.0,70,0.329,0.016,0.551,19.098,18.979,0.194,0.507,60.081
8vye_AD,RBD,B,class3,protenix,0,27.685,8vye_ad_sample_4.cif,0.011,0.057,53,0.0,0.814,0.228,16.957,30.634,0.194,0.507,60.081
8vye_AD,RBD,B,class3,protenix,1,22.188,8vye_ad_sample_0.cif,0.017,0.0,61,0.361,0.014,0.561,20.31,17.736,0.171,0.497,57.254
8vye_AD,RBD,B,class3,protenix,1,22.188,8vye_ad_sample_1.cif,0.012,0.0,69,0.449,0.108,0.622,17.386,13.97,0.171,0.497,57.254
8vye_AD,RBD,B,class3,protenix,1,22.188,8vye_ad_sample_2.cif,0.012,0.0,56,0.375,0.47,0.567,12.996,15.929,0.171,0.497,57.254
8vye_AD,RBD,B,class3,protenix,1,22.188,8vye_ad_sample_3.cif,0.012,0.0,67,0.03,0.281,0.232,20.013,29.899,0.171,0.497,57.254
8vye_AD,RBD,B,class3,protenix,1,22.188,8vye_ad_sample_4.cif,0.013,0.018,55,0.018,0.763,0.253,17.091,31.901,0.171,0.497,57.254
8vye_AD,RBD,B,class3,protenix,2,14.233,8vye_ad_sample_0.cif,0.013,0.043,69,0.522,0.849,0.706,7.34,11.445,0.229,0.48,53.897
8vye_AD,RBD,B,class3,protenix,2,14.233,8vye_ad_sample_1.cif,0.011,0.045,67,0.493,0.863,0.673,7.757,11.988,0.229,0.48,53.897
8vye_AD,RBD,B,class3,protenix,2,14.233,8vye_ad_sample_2.cif,0.009,0.044,68,0.471,0.821,0.647,7.035,12.861,0.229,0.48,53.897
8vye_AD,RBD,B,class3,protenix,2,14.233,8vye_ad_sample_3.cif,0.011,0.0,58,0.431,0.219,0.622,12.407,16.676,0.229,0.48,53.897
8vye_AD,RBD,B,class3,protenix,2,14.233,8vye_ad_sample_4.cif,0.01,0.0,66,0.439,0.217,0.607,11.239,14.809,0.229,0.48,53.897
8vye_AD,RBD,B,class3,protenix,3,11.417,8vye_ad_sample_0.cif,0.017,0.0,70,0.371,0.148,0.619,18.629,14.298,0.162,0.496,60.29
8vye_AD,RBD,B,class3,protenix,3,11.417,8vye_ad_sample_1.cif,0.011,0.0,72,0.347,0.327,0.565,12.271,19.969,0.162,0.496,60.29
8vye_AD,RBD,B,class3,protenix,3,11.417,8vye_ad_sample_2.cif,0.013,0.0,57,0.386,0.418,0.607,18.473,14.911,0.162,0.496,60.29
8vye_AD,RBD,B,class3,protenix,3,11.417,8vye_ad_sample_3.cif,0.016,0.0,44,0.591,0.248,0.72,22.451,6.666,0.162,0.496,60.29
8vye_AD,RBD,B,class3,protenix,3,11.417,8vye_ad_sample_4.cif,0.018,0.0,48,0.271,0.314,0.556,17.778,14.738,0.162,0.496,60.29
8vye_AD,RBD,B,class3,protenix,4,12.0,8vye_ad_sample_0.cif,0.011,0.035,57,0.386,0.813,0.597,11.685,12.849,0.162,0.496,55.819
8vye_AD,RBD,B,class3,protenix,4,12.0,8vye_ad_sample_1.cif,0.011,0.054,56,0.143,0.879,0.306,13.296,22.599,0.162,0.496,55.819
8vye_AD,RBD,B,class3,protenix,4,12.0,8vye_ad_sample_2.cif,0.012,0.0,54,0.278,0.069,0.59,21.051,15.955,0.162,0.496,55.819
8vye_AD,RBD,B,class3,protenix,4,12.0,8vye_ad_sample_3.cif,0.014,0.0,55,0.309,0.173,0.598,19.059,15.294,0.162,0.496,55.819
8vye_AD,RBD,B,class3,protenix,4,12.0,8vye_ad_sample_4.cif,0.033,0.0,63,0.048,0.252,0.243,22.947,30.689,0.162,0.496,55.819
8vye_AD,RBD,B,class3,protenix,5,7.0,8vye_ad_sample_0.cif,0.015,0.0,72,0.361,0.014,0.583,19.481,19.037,0.208,0.514,59.544
8vye_AD,RBD,B,class3,protenix,5,7.0,8vye_ad_sample_1.cif,0.012,0.0,74,0.324,0.082,0.538,16.425,20.348,0.208,0.514,59.544
8vye_AD,RBD,B,class3,protenix,5,7.0,8vye_ad_sample_2.cif,0.01,0.0,64,0.0,0.33,0.223,26.812,37.047,0.208,0.514,59.544
8vye_AD,RBD,B,class3,protenix,5,7.0,8vye_ad_sample_3.cif,0.014,0.014,73,0.096,0.465,0.279,20.23,32.523,0.208,0.514,59.544
8vye_AD,RBD,B,class3,protenix,5,7.0,8vye_ad_sample_4.cif,0.011,0.0,57,0.053,0.387,0.254,20.933,34.27,0.208,0.514,59.544
8vye_AD,RBD,B,class3,protenix,6,5.667,8vye_ad_sample_0.cif,0.013,0.013,75,0.267,0.616,0.438,13.783,11.4,0.185,0.421,46.962
8vye_AD,RBD,B,class3,protenix,6,5.667,8vye_ad_sample_1.cif,0.015,0.014,70,0.157,0.601,0.372,13.993,12.959,0.185,0.421,46.962
8vye_AD,RBD,B,class3,protenix,6,5.667,8vye_ad_sample_2.cif,0.013,0.014,74,0.257,0.607,0.48,12.485,14.049,0.185,0.421,46.962
8vye_AD,RBD,B,class3,protenix,6,5.667,8vye_ad_sample_3.cif,0.056,0.023,87,0.23,0.722,0.415,13.095,10.67,0.185,0.421,46.962
8vye_AD,RBD,B,class3,protenix,6,5.667,8vye_ad_sample_4.cif,0.04,0.018,57,0.018,0.684,0.23,20.283,29.171,0.185,0.421,46.962
8vye_AD,RBD,B,class3,protenix,7,2.0,8vye_ad_sample_0.cif,0.014,0.031,65,0.292,0.717,0.535,6.835,13.357,0.143,0.289,37.764
8vye_AD,RBD,B,class3,protenix,7,2.0,8vye_ad_sample_1.cif,0.012,0.017,60,0.517,0.645,0.639,20.147,9.811,0.143,0.289,37.764
8vye_AD,RBD,B,class3,protenix,7,2.0,8vye_ad_sample_2.cif,0.008,0.0,62,0.677,0.288,0.753,21.651,6.654,0.143,0.289,37.764
8vye_AD,RBD,B,class3,protenix,7,2.0,8vye_ad_sample_3.cif,0.02,0.0,64,0.594,0.591,0.714,17.643,6.686,0.143,0.289,37.764
8vye_AD,RBD,B,class3,protenix,7,2.0,8vye_ad_sample_4.cif,0.02,0.038,78,0.154,0.748,0.336,11.737,13.27,0.143,0.289,37.764
8vye_AD,RBD,B,class3,protenix,8,3.0,8vye_ad_sample_0.cif,0.01,0.05,60,0.517,0.892,0.705,12.167,9.194,0.159,0.311,38.432
8vye_AD,RBD,B,class3,protenix,8,3.0,8vye_ad_sample_1.cif,0.02,0.012,82,0.366,0.586,0.58,21.48,12.012,0.159,0.311,38.432
8vye_AD,RBD,B,class3,protenix,8,3.0,8vye_ad_sample_2.cif,0.011,0.0,76,0.408,0.314,0.625,18.686,11.277,0.159,0.311,38.432
8vye_AD,RBD,B,class3,protenix,8,3.0,8vye_ad_sample_3.cif,0.012,0.0,66,0.636,0.097,0.76,24.042,4.209,0.159,0.311,38.432
8vye_AD,RBD,B,class3,protenix,8,3.0,8vye_ad_sample_4.cif,0.03,0.0,55,0.673,0.162,0.763,26.646,3.194,0.159,0.311,38.432
8vye_AD,RBD,B,class3,protenix,9,1.0,8vye_ad_sample_0.cif,0.012,0.0,66,0.424,0.552,0.582,14.767,7.831,0.152,0.298,37.023
8vye_AD,RBD,B,class3,protenix,9,1.0,8vye_ad_sample_1.cif,0.052,0.023,86,0.209,0.75,0.404,5.444,14.401,0.152,0.298,37.023
8vye_AD,RBD,B,class3,protenix,9,1.0,8vye_ad_sample_2.cif,0.031,0.036,56,0.161,0.745,0.381,13.72,14.2,0.152,0.298,37.023
8vye_AD,RBD,B,class3,protenix,9,1.0,8vye_ad_sample_3.cif,0.012,0.016,61,0.393,0.662,0.601,16.024,11.738,0.152,0.298,37.023
8vye_AD,RBD,B,class3,protenix,9,1.0,8vye_ad_sample_4.cif,0.02,0.0,79,0.468,0.481,0.641,17.888,6.054,0.152,0.298,37.023
8vye_AD,RBD,B,class3,protenix,10,1.0,8vye_ad_sample_0.cif,0.021,0.027,74,0.189,0.745,0.337,10.454,14.299,0.161,0.314,37.983
8vye_AD,RBD,B,class3,protenix,10,1.0,8vye_ad_sample_1.cif,0.009,0.031,64,0.203,0.862,0.407,9.536,15.499,0.161,0.314,37.983
8vye_AD,RBD,B,class3,protenix,10,1.0,8vye_ad_sample_2.cif,0.011,0.0,55,0.364,0.571,0.567,20.754,9.466,0.161,0.314,37.983
8vye_AD,RBD,B,class3,protenix,10,1.0,8vye_ad_sample_3.cif,0.011,0.013,78,0.205,0.693,0.404,14.051,17.952,0.161,0.314,37.983
8vye_AD,RBD,B,class3,protenix,10,1.0,8vye_ad_sample_4.cif,0.018,0.054,56,0.393,0.833,0.51,14.648,12.036,0.161,0.314,37.983
8vye_AD,RBD,B,class3,protenix,11,1.0,8vye_ad_sample_0.cif,0.009,0.043,69,0.217,0.854,0.406,9.718,15.358,0.158,0.313,37.812
8vye_AD,RBD,B,class3,protenix,11,1.0,8vye_ad_sample_1.cif,0.17,0.062,48,0.146,0.951,0.359,8.804,13.598,0.158,0.313,37.812
8vye_AD,RBD,B,class3,protenix,11,1.0,8vye_ad_sample_2.cif,0.011,0.013,80,0.325,0.659,0.481,15.84,14.086,0.158,0.313,37.812
8vye_AD,RBD,B,class3,protenix,11,1.0,8vye_ad_sample_3.cif,0.02,0.0,79,0.139,0.486,0.326,13.95,16.053,0.158,0.313,37.812
8vye_AD,RBD,B,class3,protenix,11,1.0,8vye_ad_sample_4.cif,0.012,0.0,54,0.315,0.575,0.561,18.345,11.148,0.158,0.313,37.812
8wpy_AB,RBD,B,class3,boltz,0,35.938,input_model_0.cif,0.06,0.571,21,0.143,0.879,0.385,6.987,24.274,0.796,0.848,0.953
8wpy_AB,RBD,B,class3,boltz,0,35.938,input_model_1.cif,0.06,0.571,21,0.143,0.871,0.38,7.048,24.281,0.796,0.848,0.953
8wpy_AB,RBD,B,class3,boltz,0,35.938,input_model_2.cif,0.854,0.955,22,0.136,0.944,0.387,1.821,24.487,0.796,0.848,0.953
8wpy_AB,RBD,B,class3,boltz,0,35.938,input_model_3.cif,0.159,0.778,18,0.278,0.93,0.418,6.053,22.069,0.796,0.848,0.953
8wpy_AB,RBD,B,class3,boltz,0,35.938,input_model_4.cif,0.154,0.824,17,0.176,0.93,0.408,3.47,24.602,0.796,0.848,0.953
8wpy_AB,RBD,B,class3,boltz,1,23.026,input_model_0.cif,0.059,0.545,22,0.182,0.865,0.404,7.727,23.654,0.823,0.865,0.952
8wpy_AB,RBD,B,class3,boltz,1,23.026,input_model_1.cif,0.049,0.6,20,0.1,0.881,0.386,6.713,25.156,0.823,0.865,0.952
8wpy_AB,RBD,B,class3,boltz,1,23.026,input_model_2.cif,0.852,1.0,21,0.095,0.945,0.386,0.786,25.25,0.823,0.865,0.952
8wpy_AB,RBD,B,class3,boltz,1,23.026,input_model_3.cif,0.029,0.0,19,0.895,0.227,0.754,27.119,6.885,0.823,0.865,0.952
8wpy_AB,RBD,B,class3,boltz,1,23.026,input_model_4.cif,0.041,0.0,19,1.0,0.31,0.775,26.953,7.301,0.823,0.865,0.952
8wpy_AB,RBD,B,class3,boltz,2,19.368,input_model_0.cif,0.859,1.0,21,0.095,0.946,0.381,0.162,26.047,0.618,0.719,0.952
8wpy_AB,RBD,B,class3,boltz,2,19.368,input_model_1.cif,0.043,0.0,18,1.0,0.332,0.771,26.65,8.198,0.618,0.719,0.952
8wpy_AB,RBD,B,class3,boltz,2,19.368,input_model_2.cif,0.034,0.0,16,1.0,0.264,0.773,28.024,5.42,0.618,0.719,0.952
8wpy_AB,RBD,B,class3,boltz,2,19.368,input_model_3.cif,0.037,0.0,21,0.952,0.285,0.769,26.676,7.665,0.618,0.719,0.952
8wpy_AB,RBD,B,class3,boltz,2,19.368,input_model_4.cif,0.027,0.0,15,0.867,0.208,0.751,27.701,4.887,0.618,0.719,0.952
8wpy_AB,RBD,B,class3,boltz,3,17.975,input_model_0.cif,0.043,0.0,23,0.087,0.388,0.316,16.383,23.65,0.675,0.758,0.933
8wpy_AB,RBD,B,class3,boltz,3,17.975,input_model_1.cif,0.042,0.0,22,1.0,0.309,0.772,26.491,8.07,0.675,0.758,0.933
8wpy_AB,RBD,B,class3,boltz,3,17.975,input_model_2.cif,0.042,0.0,18,1.0,0.321,0.768,26.515,7.813,0.675,0.758,0.933
8wpy_AB,RBD,B,class3,boltz,3,17.975,input_model_3.cif,0.041,0.0,17,1.0,0.318,0.77,26.897,7.879,0.675,0.758,0.933
8wpy_AB,RBD,B,class3,boltz,3,17.975,input_model_4.cif,0.035,0.0,16,0.812,0.244,0.72,25.894,9.132,0.675,0.758,0.933
8wpy_AB,RBD,B,class3,boltz,4,12.75,input_model_0.cif,0.041,0.0,19,1.0,0.305,0.771,26.657,8.294,0.617,0.721,0.943
8wpy_AB,RBD,B,class3,boltz,4,12.75,input_model_1.cif,0.04,0.0,22,0.955,0.302,0.771,26.999,7.077,0.617,0.721,0.943
8wpy_AB,RBD,B,class3,boltz,4,12.75,input_model_2.cif,0.025,0.0,27,0.889,0.228,0.754,27.585,4.994,0.617,0.721,0.943
8wpy_AB,RBD,B,class3,boltz,4,12.75,input_model_3.cif,0.04,0.0,21,0.952,0.301,0.773,27.003,7.105,0.617,0.721,0.943
8wpy_AB,RBD,B,class3,boltz,4,12.75,input_model_4.cif,0.026,0.0,27,0.778,0.183,0.729,26.401,6.149,0.617,0.721,0.943
8wpy_AB,RBD,B,class3,boltz,5,9.083,input_model_0.cif,0.043,0.0,19,1.0,0.314,0.769,26.111,9.167,0.603,0.716,0.938
8wpy_AB,RBD,B,class3,boltz,5,9.083,input_model_1.cif,0.033,0.0,12,1.0,0.273,0.746,26.322,6.837,0.603,0.716,0.938
8wpy_AB,RBD,B,class3,boltz,5,9.083,input_model_2.cif,0.04,0.0,19,1.0,0.304,0.773,27.083,7.259,0.603,0.716,0.938
8wpy_AB,RBD,B,class3,boltz,5,9.083,input_model_3.cif,0.03,0.0,23,0.87,0.219,0.75,26.129,7.935,0.603,0.716,0.938
8wpy_AB,RBD,B,class3,boltz,5,9.083,input_model_4.cif,0.03,0.0,21,0.905,0.241,0.761,27.11,7.544,0.603,0.716,0.938
8wpy_AB,RBD,B,class3,boltz,6,7.0,input_model_0.cif,0.04,0.0,21,1.0,0.306,0.768,26.374,8.631,0.629,0.73,0.942
8wpy_AB,RBD,B,class3,boltz,6,7.0,input_model_1.cif,0.041,0.0,18,1.0,0.307,0.766,26.219,8.45,0.629,0.73,0.942
8wpy_AB,RBD,B,class3,boltz,6,7.0,input_model_2.cif,0.042,0.0,21,1.0,0.315,0.772,25.968,8.654,0.629,0.73,0.942
8wpy_AB,RBD,B,class3,boltz,6,7.0,input_model_3.cif,0.035,0.0,18,1.0,0.293,0.769,26.713,7.671,0.629,0.73,0.942
8wpy_AB,RBD,B,class3,boltz,6,7.0,input_model_4.cif,0.033,0.0,22,0.545,0.196,0.657,24.334,9.726,0.629,0.73,0.942
8wpy_AB,RBD,B,class3,boltz,7,5.0,input_model_0.cif,0.042,0.0,18,1.0,0.313,0.766,26.807,7.753,0.648,0.747,0.945
8wpy_AB,RBD,B,class3,boltz,7,5.0,input_model_1.cif,0.041,0.0,20,1.0,0.307,0.773,26.311,8.218,0.648,0.747,0.945
8wpy_AB,RBD,B,class3,boltz,7,5.0,input_model_2.cif,0.038,0.0,18,0.944,0.294,0.769,26.541,8.357,0.648,0.747,0.945
8wpy_AB,RBD,B,class3,boltz,7,5.0,input_model_3.cif,0.029,0.0,20,0.85,0.218,0.748,26.895,6.966,0.648,0.747,0.945
8wpy_AB,RBD,B,class3,boltz,7,5.0,input_model_4.cif,0.034,0.0,16,0.562,0.201,0.673,25.027,9.588,0.648,0.747,0.945
8wpy_AB,RBD,B,class3,boltz,8,2.0,input_model_0.cif,0.045,0.0,17,1.0,0.336,0.772,26.462,9.476,0.607,0.716,0.939
8wpy_AB,RBD,B,class3,boltz,8,2.0,input_model_1.cif,0.027,0.0,24,0.833,0.195,0.741,26.538,6.693,0.607,0.716,0.939
8wpy_AB,RBD,B,class3,boltz,8,2.0,input_model_2.cif,0.027,0.0,18,0.833,0.191,0.733,26.524,8.376,0.607,0.716,0.939
8wpy_AB,RBD,B,class3,boltz,8,2.0,input_model_3.cif,0.031,0.0,21,0.905,0.237,0.762,26.902,7.477,0.607,0.716,0.939
8wpy_AB,RBD,B,class3,boltz,8,2.0,input_model_4.cif,0.031,0.0,19,0.895,0.223,0.755,27.0,6.823,0.607,0.716,0.939
8wpy_AB,RBD,B,class3,boltz,9,2.0,input_model_0.cif,0.04,0.0,19,1.0,0.305,0.764,26.491,7.538,0.619,0.724,0.942
8wpy_AB,RBD,B,class3,boltz,9,2.0,input_model_1.cif,0.044,0.0,16,1.0,0.34,0.769,26.001,9.487,0.619,0.724,0.942
8wpy_AB,RBD,B,class3,boltz,9,2.0,input_model_2.cif,0.04,0.0,20,1.0,0.307,0.773,26.735,7.534,0.619,0.724,0.942
8wpy_AB,RBD,B,class3,boltz,9,2.0,input_model_3.cif,0.029,0.0,20,0.9,0.219,0.753,26.817,7.919,0.619,0.724,0.942
8wpy_AB,RBD,B,class3,boltz,9,2.0,input_model_4.cif,0.032,0.0,18,0.889,0.241,0.764,27.255,6.495,0.619,0.724,0.942
8wpy_AB,RBD,B,class3,protenix,0,35.938,8wpy_ab_sample_0.cif,0.02,0.246,57,0.561,0.785,0.618,15.51,11.894,0.168,0.399,64.425
8wpy_AB,RBD,B,class3,protenix,0,35.938,8wpy_ab_sample_1.cif,0.007,0.0,70,0.343,0.116,0.486,17.28,16.133,0.168,0.399,64.425
8wpy_AB,RBD,B,class3,protenix,0,35.938,8wpy_ab_sample_2.cif,0.023,0.0,31,0.935,0.266,0.766,29.359,4.295,0.168,0.399,64.425
8wpy_AB,RBD,B,class3,protenix,0,35.938,8wpy_ab_sample_3.cif,0.019,0.067,45,0.844,0.423,0.747,26.43,2.864,0.168,0.399,64.425
8wpy_AB,RBD,B,class3,protenix,0,35.938,8wpy_ab_sample_4.cif,0.01,0.0,37,0.811,0.228,0.752,28.274,4.122,0.168,0.399,64.425
8wpy_AB,RBD,B,class3,protenix,1,23.026,8wpy_ab_sample_0.cif,0.015,0.0,61,0.459,0.217,0.591,20.701,11.619,0.168,0.401,56.052
8wpy_AB,RBD,B,class3,protenix,1,23.026,8wpy_ab_sample_1.cif,0.008,0.0,67,0.552,0.151,0.63,21.379,9.556,0.168,0.401,56.052
8wpy_AB,RBD,B,class3,protenix,1,23.026,8wpy_ab_sample_2.cif,0.016,0.0,63,0.603,0.158,0.661,21.395,8.289,0.168,0.401,56.052
8wpy_AB,RBD,B,class3,protenix,1,23.026,8wpy_ab_sample_3.cif,0.005,0.016,64,0.625,0.195,0.682,22.504,8.034,0.168,0.401,56.052
8wpy_AB,RBD,B,class3,protenix,1,23.026,8wpy_ab_sample_4.cif,0.019,0.014,70,0.214,0.31,0.347,14.063,22.224,0.168,0.401,56.052
8wpy_AB,RBD,B,class3,protenix,2,19.368,8wpy_ab_sample_0.cif,0.01,0.042,71,0.493,0.363,0.594,16.907,9.213,0.145,0.384,53.52
8wpy_AB,RBD,B,class3,protenix,2,19.368,8wpy_ab_sample_1.cif,0.016,0.06,67,0.493,0.355,0.587,18.866,11.339,0.145,0.384,53.52
8wpy_AB,RBD,B,class3,protenix,2,19.368,8wpy_ab_sample_2.cif,0.008,0.0,66,0.621,0.162,0.655,19.749,8.403,0.145,0.384,53.52
8wpy_AB,RBD,B,class3,protenix,2,19.368,8wpy_ab_sample_3.cif,0.019,0.018,56,0.107,0.41,0.293,13.92,24.049,0.145,0.384,53.52
8wpy_AB,RBD,B,class3,protenix,2,19.368,8wpy_ab_sample_4.cif,0.02,0.0,49,0.041,0.353,0.277,14.734,24.936,0.145,0.384,53.52
8wpy_AB,RBD,B,class3,protenix,3,17.975,8wpy_ab_sample_0.cif,0.022,0.0,42,0.048,0.354,0.287,14.515,26.21,0.158,0.396,54.343
8wpy_AB,RBD,B,class3,protenix,3,17.975,8wpy_ab_sample_1.cif,0.006,0.067,45,0.044,0.518,0.239,14.71,27.937,0.158,0.396,54.343
8wpy_AB,RBD,B,class3,protenix,3,17.975,8wpy_ab_sample_2.cif,0.014,0.0,53,0.113,0.357,0.29,14.56,23.178,0.158,0.396,54.343
8wpy_AB,RBD,B,class3,protenix,3,17.975,8wpy_ab_sample_3.cif,0.007,0.061,82,0.5,0.337,0.588,15.067,11.318,0.158,0.396,54.343
8wpy_AB,RBD,B,class3,protenix,3,17.975,8wpy_ab_sample_4.cif,0.007,0.037,54,0.722,0.413,0.732,22.791,3.646,0.158,0.396,54.343
8wpy_AB,RBD,B,class3,protenix,4,12.75,8wpy_ab_sample_0.cif,0.013,0.034,58,0.293,0.391,0.426,14.175,20.673,0.147,0.348,49.808
8wpy_AB,RBD,B,class3,protenix,4,12.75,8wpy_ab_sample_1.cif,0.011,0.039,76,0.303,0.249,0.458,16.59,16.163,0.147,0.348,49.808
8wpy_AB,RBD,B,class3,protenix,4,12.75,8wpy_ab_sample_2.cif,0.008,0.036,84,0.393,0.233,0.533,17.54,12.663,0.147,0.348,49.808
8wpy_AB,RBD,B,class3,protenix,4,12.75,8wpy_ab_sample_3.cif,0.014,0.032,63,0.476,0.29,0.587,20.704,11.984,0.147,0.348,49.808
8wpy_AB,RBD,B,class3,protenix,4,12.75,8wpy_ab_sample_4.cif,0.006,0.114,44,0.159,0.509,0.326,13.632,23.018,0.147,0.348,49.808
8wpy_AB,RBD,B,class3,protenix,5,9.083,8wpy_ab_sample_0.cif,0.01,0.067,45,0.156,0.521,0.29,12.442,23.531,0.151,0.363,59.845
8wpy_AB,RBD,B,class3,protenix,5,9.083,8wpy_ab_sample_1.cif,0.007,0.0,61,0.328,0.108,0.484,15.525,15.213,0.151,0.363,59.845
8wpy_AB,RBD,B,class3,protenix,5,9.083,8wpy_ab_sample_2.cif,0.01,0.029,69,0.159,0.409,0.304,12.21,22.039,0.151,0.363,59.845
8wpy_AB,RBD,B,class3,protenix,5,9.083,8wpy_ab_sample_3.cif,0.014,0.083,60,0.167,0.543,0.306,11.808,20.298,0.151,0.363,59.845
8wpy_AB,RBD,B,class3,protenix,5,9.083,8wpy_ab_sample_4.cif,0.006,0.145,55,0.182,0.637,0.345,9.799,22.842,0.151,0.363,59.845
8wpy_AB,RBD,B,class3,protenix,6,7.0,8wpy_ab_sample_0.cif,0.012,0.0,56,0.464,0.099,0.556,19.443,12.347,0.145,0.38,54.094
8wpy_AB,RBD,B,class3,protenix,6,7.0,8wpy_ab_sample_1.cif,0.008,0.0,72,0.528,0.123,0.597,16.929,11.85,0.145,0.38,54.094
8wpy_AB,RBD,B,class3,protenix,6,7.0,8wpy_ab_sample_2.cif,0.016,0.0,61,0.295,0.119,0.463,17.592,17.854,0.145,0.38,54.094
8wpy_AB,RBD,B,class3,protenix,6,7.0,8wpy_ab_sample_3.cif,0.008,0.093,75,0.253,0.427,0.39,14.829,22.985,0.145,0.38,54.094
8wpy_AB,RBD,B,class3,protenix,6,7.0,8wpy_ab_sample_4.cif,0.006,0.063,63,0.286,0.365,0.405,14.784,19.354,0.145,0.38,54.094
8wpy_AB,RBD,B,class3,protenix,7,5.0,8wpy_ab_sample_0.cif,0.007,0.136,81,0.099,0.55,0.26,10.288,23.839,0.143,0.371,51.321
8wpy_AB,RBD,B,class3,protenix,7,5.0,8wpy_ab_sample_1.cif,0.007,0.072,69,0.348,0.441,0.464,15.197,17.065,0.143,0.371,51.321
8wpy_AB,RBD,B,class3,protenix,7,5.0,8wpy_ab_sample_2.cif,0.01,0.028,71,0.282,0.279,0.42,14.92,17.774,0.143,0.371,51.321
8wpy_AB,RBD,B,class3,protenix,7,5.0,8wpy_ab_sample_3.cif,0.012,0.0,54,0.167,0.276,0.337,17.714,20.538,0.143,0.371,51.321
8wpy_AB,RBD,B,class3,protenix,7,5.0,8wpy_ab_sample_4.cif,0.012,0.014,69,0.232,0.321,0.363,16.037,19.375,0.143,0.371,51.321
8wpy_AB,RBD,B,class3,protenix,8,2.0,8wpy_ab_sample_0.cif,0.014,0.305,59,0.288,0.784,0.392,10.465,11.178,0.144,0.285,43.291
8wpy_AB,RBD,B,class3,protenix,8,2.0,8wpy_ab_sample_1.cif,0.017,0.138,65,0.369,0.574,0.485,14.137,12.047,0.144,0.285,43.291
8wpy_AB,RBD,B,class3,protenix,8,2.0,8wpy_ab_sample_2.cif,0.007,0.091,66,0.364,0.448,0.486,15.954,12.938,0.144,0.285,43.291
8wpy_AB,RBD,B,class3,protenix,8,2.0,8wpy_ab_sample_3.cif,0.021,0.192,52,0.327,0.671,0.421,14.695,14.901,0.144,0.285,43.291
8wpy_AB,RBD,B,class3,protenix,8,2.0,8wpy_ab_sample_4.cif,0.009,0.037,82,0.561,0.239,0.653,15.207,6.026,0.144,0.285,43.291
8wpy_AB,RBD,B,class3,protenix,9,2.0,8wpy_ab_sample_0.cif,0.018,0.23,87,0.264,0.771,0.397,5.752,10.592,0.139,0.281,40.498
8wpy_AB,RBD,B,class3,protenix,9,2.0,8wpy_ab_sample_1.cif,0.01,0.25,84,0.238,0.806,0.391,5.564,10.783,0.139,0.281,40.498
8wpy_AB,RBD,B,class3,protenix,9,2.0,8wpy_ab_sample_2.cif,0.017,0.136,59,0.271,0.509,0.438,9.78,10.229,0.139,0.281,40.498
8wpy_AB,RBD,B,class3,protenix,9,2.0,8wpy_ab_sample_3.cif,0.014,0.214,56,0.304,0.651,0.462,9.551,12.93,0.139,0.281,40.498
8wpy_AB,RBD,B,class3,protenix,9,2.0,8wpy_ab_sample_4.cif,0.012,0.225,80,0.125,0.697,0.28,5.086,10.683,0.139,0.281,40.498
8wpy_AB,RBD,B,class3,protenix,10,1.0,8wpy_ab_sample_0.cif,0.009,0.195,77,0.286,0.613,0.405,8.691,9.546,0.167,0.293,41.39
8wpy_AB,RBD,B,class3,protenix,10,1.0,8wpy_ab_sample_1.cif,0.008,0.174,92,0.457,0.604,0.587,6.879,7.585,0.167,0.293,41.39
8wpy_AB,RBD,B,class3,protenix,10,1.0,8wpy_ab_sample_2.cif,0.009,0.143,98,0.388,0.546,0.534,6.75,6.157,0.167,0.293,41.39
8wpy_AB,RBD,B,class3,protenix,10,1.0,8wpy_ab_sample_3.cif,0.008,0.184,87,0.207,0.662,0.348,7.799,16.017,0.167,0.293,41.39
8wpy_AB,RBD,B,class3,protenix,10,1.0,8wpy_ab_sample_4.cif,0.008,0.157,108,0.472,0.613,0.571,9.097,3.564,0.167,0.293,41.39
8wpy_AB,RBD,B,class3,protenix,11,1.0,8wpy_ab_sample_0.cif,0.013,0.269,67,0.119,0.725,0.325,3.644,14.412,0.149,0.311,40.588
8wpy_AB,RBD,B,class3,protenix,11,1.0,8wpy_ab_sample_1.cif,0.01,0.203,74,0.176,0.725,0.382,7.367,13.428,0.149,0.311,40.588
8wpy_AB,RBD,B,class3,protenix,11,1.0,8wpy_ab_sample_2.cif,0.014,0.191,94,0.181,0.712,0.342,11.333,10.36,0.149,0.311,40.588
8wpy_AB,RBD,B,class3,protenix,11,1.0,8wpy_ab_sample_3.cif,0.012,0.143,70,0.257,0.575,0.415,10.547,11.698,0.149,0.311,40.588
8wpy_AB,RBD,B,class3,protenix,11,1.0,8wpy_ab_sample_4.cif,0.016,0.042,72,0.486,0.391,0.586,16.312,8.671,0.149,0.311,40.588
8xsi_HL,RBD,B,offhot:숨은면,protenix,0,27.998,8xsi_hl_sample_0.cif,0.03,0.0,29,0.759,0.364,0.734,24.445,6.45,0.52,0.633,82.722
8xsi_HL,RBD,B,offhot:숨은면,protenix,0,27.998,8xsi_hl_sample_1.cif,0.032,0.0,32,0.75,0.309,0.737,24.882,5.301,0.52,0.633,82.722
8xsi_HL,RBD,B,offhot:숨은면,protenix,0,27.998,8xsi_hl_sample_2.cif,0.027,0.0,24,0.75,0.34,0.731,25.18,6.899,0.52,0.633,82.722
8xsi_HL,RBD,B,offhot:숨은면,protenix,0,27.998,8xsi_hl_sample_3.cif,0.031,0.0,22,0.682,0.304,0.722,24.794,6.182,0.52,0.633,82.722
8xsi_HL,RBD,B,offhot:숨은면,protenix,0,27.998,8xsi_hl_sample_4.cif,0.027,0.0,22,0.773,0.33,0.732,25.601,7.671,0.52,0.633,82.722
8xsi_HL,RBD,B,offhot:숨은면,protenix,1,15.0,8xsi_hl_sample_0.cif,0.082,0.344,32,0.312,0.834,0.457,9.92,16.742,0.538,0.649,78.992
8xsi_HL,RBD,B,offhot:숨은면,protenix,1,15.0,8xsi_hl_sample_1.cif,0.076,0.345,29,0.31,0.817,0.463,11.208,16.832,0.538,0.649,78.992
8xsi_HL,RBD,B,offhot:숨은면,protenix,1,15.0,8xsi_hl_sample_2.cif,0.092,0.423,26,0.308,0.863,0.399,8.789,18.405,0.538,0.649,78.992
8xsi_HL,RBD,B,offhot:숨은면,protenix,1,15.0,8xsi_hl_sample_3.cif,0.086,0.44,25,0.28,0.841,0.457,11.021,17.3,0.538,0.649,78.992
8xsi_HL,RBD,B,offhot:숨은면,protenix,1,15.0,8xsi_hl_sample_4.cif,0.087,0.4,25,0.28,0.851,0.406,8.472,18.566,0.538,0.649,78.992
8xsi_HL,RBD,B,offhot:숨은면,protenix,2,11.0,8xsi_hl_sample_0.cif,0.026,0.0,35,0.543,0.292,0.524,15.208,10.744,0.203,0.524,72.695
8xsi_HL,RBD,B,offhot:숨은면,protenix,2,11.0,8xsi_hl_sample_1.cif,0.028,0.0,38,0.579,0.268,0.572,16.217,8.98,0.203,0.524,72.695
8xsi_HL,RBD,B,offhot:숨은면,protenix,2,11.0,8xsi_hl_sample_2.cif,0.025,0.0,34,0.559,0.303,0.532,15.627,9.973,0.203,0.524,72.695
8xsi_HL,RBD,B,offhot:숨은면,protenix,2,11.0,8xsi_hl_sample_3.cif,0.014,0.0,41,0.512,0.17,0.587,18.846,12.797,0.203,0.524,72.695
8xsi_HL,RBD,B,offhot:숨은면,protenix,2,11.0,8xsi_hl_sample_4.cif,0.028,0.037,27,0.0,0.524,0.254,15.985,27.646,0.203,0.524,72.695
8xsi_HL,RBD,B,offhot:숨은면,protenix,3,5.0,8xsi_hl_sample_0.cif,0.022,0.125,32,0.156,0.417,0.432,20.486,15.203,0.461,0.592,67.421
8xsi_HL,RBD,B,offhot:숨은면,protenix,3,5.0,8xsi_hl_sample_1.cif,0.019,0.036,28,0.214,0.31,0.483,23.958,14.746,0.461,0.592,67.421
8xsi_HL,RBD,B,offhot:숨은면,protenix,3,5.0,8xsi_hl_sample_2.cif,0.02,0.091,33,0.545,0.487,0.557,20.105,10.832,0.461,0.592,67.421
8xsi_HL,RBD,B,offhot:숨은면,protenix,3,5.0,8xsi_hl_sample_3.cif,0.025,0.265,34,0.147,0.74,0.393,8.642,22.687,0.461,0.592,67.421
8xsi_HL,RBD,B,offhot:숨은면,protenix,3,5.0,8xsi_hl_sample_4.cif,0.02,0.1,30,0.467,0.44,0.676,23.519,9.526,0.461,0.592,67.421
8xsi_HL,RBD,B,offhot:숨은면,protenix,4,2.0,8xsi_hl_sample_0.cif,0.008,0.194,31,0.097,0.614,0.379,6.991,14.113,0.3,0.477,56.831
8xsi_HL,RBD,B,offhot:숨은면,protenix,4,2.0,8xsi_hl_sample_1.cif,0.007,0.174,23,0.13,0.444,0.399,16.348,16.807,0.3,0.477,56.831
8xsi_HL,RBD,B,offhot:숨은면,protenix,4,2.0,8xsi_hl_sample_2.cif,0.008,0.094,32,0.312,0.475,0.399,10.773,15.564,0.3,0.477,56.831
8xsi_HL,RBD,B,offhot:숨은면,protenix,4,2.0,8xsi_hl_sample_3.cif,0.008,0.129,31,0.581,0.487,0.607,14.292,9.695,0.3,0.477,56.831
8xsi_HL,RBD,B,offhot:숨은면,protenix,4,2.0,8xsi_hl_sample_4.cif,0.008,0.093,43,0.256,0.511,0.475,9.496,14.154,0.3,0.477,56.831
8xsi_HL,RBD,B,offhot:숨은면,protenix,5,3.0,8xsi_hl_sample_0.cif,0.025,0.188,32,0.625,0.622,0.651,12.306,9.721,0.456,0.592,60.452
8xsi_HL,RBD,B,offhot:숨은면,protenix,5,3.0,8xsi_hl_sample_1.cif,0.025,0.161,31,0.516,0.67,0.53,10.455,13.221,0.456,0.592,60.452
8xsi_HL,RBD,B,offhot:숨은면,protenix,5,3.0,8xsi_hl_sample_2.cif,0.049,0.056,36,0.611,0.436,0.599,14.49,12.056,0.456,0.592,60.452
8xsi_HL,RBD,B,offhot:숨은면,protenix,5,3.0,8xsi_hl_sample_3.cif,0.039,0.0,25,0.6,0.539,0.632,14.464,11.225,0.456,0.592,60.452
8xsi_HL,RBD,B,offhot:숨은면,protenix,5,3.0,8xsi_hl_sample_4.cif,0.03,0.111,27,0.63,0.502,0.501,12.829,14.258,0.456,0.592,60.452
8xsi_HL,RBD,B,offhot:숨은면,protenix,6,1.0,8xsi_hl_sample_0.cif,0.037,0.059,34,0.118,0.366,0.367,20.374,14.476,0.481,0.607,60.628
8xsi_HL,RBD,B,offhot:숨은면,protenix,6,1.0,8xsi_hl_sample_1.cif,0.037,0.137,51,0.176,0.596,0.445,12.482,9.912,0.481,0.607,60.628
8xsi_HL,RBD,B,offhot:숨은면,protenix,6,1.0,8xsi_hl_sample_2.cif,0.038,0.057,35,0.2,0.441,0.45,17.019,15.472,0.481,0.607,60.628
8xsi_HL,RBD,B,offhot:숨은면,protenix,6,1.0,8xsi_hl_sample_3.cif,0.05,0.027,37,0.297,0.27,0.435,18.256,12.752,0.481,0.607,60.628
8xsi_HL,RBD,B,offhot:숨은면,protenix,6,1.0,8xsi_hl_sample_4.cif,0.024,0.071,42,0.5,0.433,0.584,17.51,12.128,0.481,0.607,60.628
8xsi_HL,RBD,B,offhot:숨은면,protenix,7,2.0,8xsi_hl_sample_0.cif,0.039,0.091,33,0.303,0.392,0.461,14.873,12.609,0.46,0.592,61.031
8xsi_HL,RBD,B,offhot:숨은면,protenix,7,2.0,8xsi_hl_sample_1.cif,0.049,0.0,18,0.056,0.509,0.311,14.002,17.326,0.46,0.592,61.031
8xsi_HL,RBD,B,offhot:숨은면,protenix,7,2.0,8xsi_hl_sample_2.cif,0.037,0.103,29,0.379,0.468,0.511,11.879,14.516,0.46,0.592,61.031
8xsi_HL,RBD,B,offhot:숨은면,protenix,7,2.0,8xsi_hl_sample_3.cif,0.062,0.393,28,0.25,0.784,0.376,5.052,16.328,0.46,0.592,61.031
8xsi_HL,RBD,B,offhot:숨은면,protenix,7,2.0,8xsi_hl_sample_4.cif,0.014,0.0,21,0.143,0.532,0.451,16.152,14.223,0.46,0.592,61.031
8xsi_HL,RBD,B,offhot:숨은면,protenix,8,1.0,8xsi_hl_sample_0.cif,0.015,0.146,41,0.561,0.605,0.593,10.813,6.801,0.283,0.465,55.203
8xsi_HL,RBD,B,offhot:숨은면,protenix,8,1.0,8xsi_hl_sample_1.cif,0.009,0.029,35,0.457,0.528,0.51,9.2,7.828,0.283,0.465,55.203
8xsi_HL,RBD,B,offhot:숨은면,protenix,8,1.0,8xsi_hl_sample_2.cif,0.008,0.031,32,0.219,0.325,0.358,14.54,12.266,0.283,0.465,55.203
8xsi_HL,RBD,B,offhot:숨은면,protenix,8,1.0,8xsi_hl_sample_3.cif,0.015,0.0,40,0.675,0.194,0.649,25.707,8.156,0.283,0.465,55.203
8xsi_HL,RBD,B,offhot:숨은면,protenix,8,1.0,8xsi_hl_sample_4.cif,0.011,0.0,37,0.351,0.399,0.466,14.575,12.559,0.283,0.465,55.203
8xsi_HL,RBD,B,offhot:숨은면,protenix,9,1.0,8xsi_hl_sample_0.cif,0.027,0.0,51,0.51,0.255,0.568,20.68,8.184,0.191,0.408,54.711
8xsi_HL,RBD,B,offhot:숨은면,protenix,9,1.0,8xsi_hl_sample_1.cif,0.012,0.03,33,0.333,0.531,0.462,13.27,10.611,0.191,0.408,54.711
8xsi_HL,RBD,B,offhot:숨은면,protenix,9,1.0,8xsi_hl_sample_2.cif,0.013,0.111,36,0.75,0.516,0.644,17.198,6.984,0.191,0.408,54.711
8xsi_HL,RBD,B,offhot:숨은면,protenix,9,1.0,8xsi_hl_sample_3.cif,0.037,0.13,46,0.283,0.586,0.399,5.448,15.006,0.191,0.408,54.711
8xsi_HL,RBD,B,offhot:숨은면,protenix,9,1.0,8xsi_hl_sample_4.cif,0.008,0.071,42,0.381,0.304,0.528,13.588,12.167,0.191,0.408,54.711
8xsi_HL,RBD,B,offhot:숨은면,protenix,10,1.0,8xsi_hl_sample_0.cif,0.047,0.205,39,0.128,0.718,0.356,7.429,12.312,0.318,0.488,56.629
8xsi_HL,RBD,B,offhot:숨은면,protenix,10,1.0,8xsi_hl_sample_1.cif,0.026,0.0,30,0.1,0.377,0.408,18.243,14.566,0.318,0.488,56.629
8xsi_HL,RBD,B,offhot:숨은면,protenix,10,1.0,8xsi_hl_sample_2.cif,0.032,0.31,29,0.138,0.741,0.323,8.93,16.93,0.318,0.488,56.629
8xsi_HL,RBD,B,offhot:숨은면,protenix,10,1.0,8xsi_hl_sample_3.cif,0.021,0.115,52,0.442,0.538,0.618,11.417,6.965,0.318,0.488,56.629
8xsi_HL,RBD,B,offhot:숨은면,protenix,10,1.0,8xsi_hl_sample_4.cif,0.007,0.0,34,0.265,0.41,0.399,15.758,14.701,0.318,0.488,56.629
8xsi_HL,RBD,B,offhot:숨은면,protenix,11,1.0,8xsi_hl_sample_0.cif,0.032,0.182,33,0.0,0.656,0.246,7.621,20.659,0.327,0.493,58.984
8xsi_HL,RBD,B,offhot:숨은면,protenix,11,1.0,8xsi_hl_sample_1.cif,0.029,0.114,35,0.029,0.442,0.286,13.399,18.584,0.327,0.493,58.984
8xsi_HL,RBD,B,offhot:숨은면,protenix,11,1.0,8xsi_hl_sample_2.cif,0.027,0.2,30,0.067,0.596,0.331,12.771,18.207,0.327,0.493,58.984
8xsi_HL,RBD,B,offhot:숨은면,protenix,11,1.0,8xsi_hl_sample_3.cif,0.037,0.194,36,0.028,0.638,0.27,10.629,23.465,0.327,0.493,58.984
8xsi_HL,RBD,B,offhot:숨은면,protenix,11,1.0,8xsi_hl_sample_4.cif,0.007,0.156,32,0.0,0.575,0.27,10.062,21.112,0.327,0.493,58.984
8xsj_HL,RBD,B,class3,boltz,0,39.18,input_model_0.cif,0.043,0.0,22,0.0,0.379,0.252,18.871,29.572,0.64,0.724,0.935
8xsj_HL,RBD,B,class3,boltz,0,39.18,input_model_1.cif,0.039,0.0,22,0.0,0.373,0.251,18.669,29.998,0.64,0.724,0.935
8xsj_HL,RBD,B,class3,boltz,0,39.18,input_model_2.cif,0.035,0.0,30,0.9,0.277,0.759,27.347,3.589,0.64,0.724,0.935
8xsj_HL,RBD,B,class3,boltz,0,39.18,input_model_3.cif,0.036,0.0,17,0.0,0.338,0.269,19.455,27.466,0.64,0.724,0.935
8xsj_HL,RBD,B,class3,boltz,0,39.18,input_model_4.cif,0.044,0.0,16,0.0,0.358,0.285,19.653,27.963,0.64,0.724,0.935
8xsj_HL,RBD,B,class3,boltz,1,31.574,input_model_0.cif,0.046,0.714,21,0.429,0.916,0.408,5.361,20.929,0.62,0.712,0.917
8xsj_HL,RBD,B,class3,boltz,1,31.574,input_model_1.cif,0.039,0.0,19,0.0,0.402,0.238,18.821,31.007,0.62,0.712,0.917
8xsj_HL,RBD,B,class3,boltz,1,31.574,input_model_2.cif,0.014,0.0,9,1.0,0.329,0.762,36.506,18.082,0.62,0.712,0.917
8xsj_HL,RBD,B,class3,boltz,1,31.574,input_model_3.cif,0.039,0.0,17,0.0,0.366,0.261,19.778,28.402,0.62,0.712,0.917
8xsj_HL,RBD,B,class3,boltz,1,31.574,input_model_4.cif,0.035,0.0,28,0.679,0.253,0.717,25.77,4.617,0.62,0.712,0.917
8xsj_HL,RBD,B,class3,boltz,2,20.748,input_model_0.cif,0.043,0.0,19,0.0,0.351,0.282,18.877,29.295,0.602,0.693,0.917
8xsj_HL,RBD,B,class3,boltz,2,20.748,input_model_1.cif,0.042,0.0,16,0.125,0.317,0.323,20.36,24.834,0.602,0.693,0.917
8xsj_HL,RBD,B,class3,boltz,2,20.748,input_model_2.cif,0.042,0.0,22,0.182,0.279,0.354,20.419,25.542,0.602,0.693,0.917
8xsj_HL,RBD,B,class3,boltz,2,20.748,input_model_3.cif,0.03,0.0,22,0.136,0.281,0.346,19.567,23.553,0.602,0.693,0.917
8xsj_HL,RBD,B,class3,boltz,2,20.748,input_model_4.cif,0.045,0.0,16,0.0,0.377,0.274,19.567,28.545,0.602,0.693,0.917
8xsj_HL,RBD,B,class3,boltz,3,19.0,input_model_0.cif,0.037,0.0,20,0.0,0.38,0.258,18.697,29.43,0.633,0.715,0.917
8xsj_HL,RBD,B,class3,boltz,3,19.0,input_model_1.cif,0.036,0.0,24,0.0,0.378,0.243,18.511,29.48,0.633,0.715,0.917
8xsj_HL,RBD,B,class3,boltz,3,19.0,input_model_2.cif,0.038,0.0,19,0.0,0.355,0.268,19.198,28.381,0.633,0.715,0.917
8xsj_HL,RBD,B,class3,boltz,3,19.0,input_model_3.cif,0.039,0.0,18,0.0,0.362,0.258,19.521,29.073,0.633,0.715,0.917
8xsj_HL,RBD,B,class3,boltz,3,19.0,input_model_4.cif,0.024,0.0,16,0.938,0.259,0.765,28.745,4.856,0.633,0.715,0.917
8xsj_HL,RBD,B,class3,boltz,4,12.833,input_model_0.cif,0.041,0.0,20,0.25,0.285,0.345,21.646,23.951,0.688,0.752,0.918
8xsj_HL,RBD,B,class3,boltz,4,12.833,input_model_1.cif,0.037,0.0,21,0.0,0.357,0.263,18.81,29.836,0.688,0.752,0.918
8xsj_HL,RBD,B,class3,boltz,4,12.833,input_model_2.cif,0.041,0.0,18,0.222,0.285,0.348,20.888,23.269,0.688,0.752,0.918
8xsj_HL,RBD,B,class3,boltz,4,12.833,input_model_3.cif,0.023,0.0,24,0.417,0.255,0.427,24.736,20.242,0.688,0.752,0.918
8xsj_HL,RBD,B,class3,boltz,4,12.833,input_model_4.cif,0.038,0.0,15,0.0,0.367,0.259,18.749,29.095,0.688,0.752,0.918
8xsj_HL,RBD,B,class3,boltz,5,10.0,input_model_0.cif,0.043,0.0,19,0.211,0.286,0.355,21.356,24.58,0.698,0.762,0.919
8xsj_HL,RBD,B,class3,boltz,5,10.0,input_model_1.cif,0.038,0.0,22,0.0,0.361,0.258,18.92,28.876,0.698,0.762,0.919
8xsj_HL,RBD,B,class3,boltz,5,10.0,input_model_2.cif,0.039,0.0,17,0.0,0.366,0.255,18.857,29.03,0.698,0.762,0.919
8xsj_HL,RBD,B,class3,boltz,5,10.0,input_model_3.cif,0.044,0.0,16,0.0,0.362,0.279,19.356,29.233,0.698,0.762,0.919
8xsj_HL,RBD,B,class3,boltz,5,10.0,input_model_4.cif,0.044,0.0,17,0.0,0.353,0.289,19.703,29.109,0.698,0.762,0.919
8xsj_HL,RBD,B,class3,boltz,6,7.0,input_model_0.cif,0.037,0.0,16,0.0,0.337,0.276,19.763,28.279,0.626,0.712,0.917
8xsj_HL,RBD,B,class3,boltz,6,7.0,input_model_1.cif,0.039,0.0,22,0.0,0.381,0.244,18.641,29.021,0.626,0.712,0.917
8xsj_HL,RBD,B,class3,boltz,6,7.0,input_model_2.cif,0.037,0.0,22,0.0,0.386,0.25,18.461,30.01,0.626,0.712,0.917
8xsj_HL,RBD,B,class3,boltz,6,7.0,input_model_3.cif,0.038,0.0,19,0.0,0.383,0.246,18.857,29.1,0.626,0.712,0.917
8xsj_HL,RBD,B,class3,boltz,6,7.0,input_model_4.cif,0.08,0.176,17,0.235,0.574,0.479,16.658,16.959,0.626,0.712,0.917
8xsj_HL,RBD,B,class3,boltz,7,4.0,input_model_0.cif,0.038,0.0,16,0.0,0.37,0.266,19.543,29.736,0.765,0.809,0.92
8xsj_HL,RBD,B,class3,boltz,7,4.0,input_model_1.cif,0.041,0.0,18,0.0,0.37,0.265,19.508,30.672,0.765,0.809,0.92
8xsj_HL,RBD,B,class3,boltz,7,4.0,input_model_2.cif,0.045,0.0,18,0.0,0.364,0.276,19.032,28.341,0.765,0.809,0.92
8xsj_HL,RBD,B,class3,boltz,7,4.0,input_model_3.cif,0.044,0.0,15,0.0,0.378,0.251,19.473,28.986,0.765,0.809,0.92
8xsj_HL,RBD,B,class3,boltz,7,4.0,input_model_4.cif,0.042,0.0,15,0.0,0.318,0.308,19.396,27.776,0.765,0.809,0.92
8xsj_HL,RBD,B,class3,boltz,8,2.0,input_model_0.cif,0.044,0.0,19,0.0,0.409,0.24,19.0,29.581,0.625,0.708,0.922
8xsj_HL,RBD,B,class3,boltz,8,2.0,input_model_1.cif,0.043,0.0,19,0.0,0.411,0.233,18.396,30.512,0.625,0.708,0.922
8xsj_HL,RBD,B,class3,boltz,8,2.0,input_model_2.cif,0.04,0.0,17,0.0,0.389,0.278,19.175,28.803,0.625,0.708,0.922
8xsj_HL,RBD,B,class3,boltz,8,2.0,input_model_3.cif,0.038,0.0,24,1.0,0.317,0.775,29.254,5.66,0.625,0.708,0.922
8xsj_HL,RBD,B,class3,boltz,8,2.0,input_model_4.cif,0.025,0.0,26,0.923,0.29,0.768,28.163,5.673,0.625,0.708,0.922
8xsj_HL,RBD,B,class3,boltz,9,2.0,input_model_0.cif,0.038,0.0,22,0.0,0.379,0.251,18.689,29.15,0.659,0.733,0.923
8xsj_HL,RBD,B,class3,boltz,9,2.0,input_model_1.cif,0.042,0.0,17,0.059,0.321,0.316,19.475,27.435,0.659,0.733,0.923
8xsj_HL,RBD,B,class3,boltz,9,2.0,input_model_2.cif,0.039,0.0,21,0.0,0.396,0.244,18.819,29.689,0.659,0.733,0.923
8xsj_HL,RBD,B,class3,boltz,9,2.0,input_model_3.cif,0.038,0.0,22,0.0,0.398,0.241,18.176,30.13,0.659,0.733,0.923
8xsj_HL,RBD,B,class3,boltz,9,2.0,input_model_4.cif,0.023,0.0,26,0.385,0.237,0.421,24.189,19.453,0.659,0.733,0.923
8xsj_HL,RBD,B,class3,boltz,10,2.0,input_model_0.cif,0.038,0.0,21,0.0,0.397,0.243,18.385,30.573,0.641,0.725,0.915
8xsj_HL,RBD,B,class3,boltz,10,2.0,input_model_1.cif,0.037,0.0,21,0.0,0.385,0.247,18.593,29.73,0.641,0.725,0.915
8xsj_HL,RBD,B,class3,boltz,10,2.0,input_model_2.cif,0.041,0.0,15,0.0,0.373,0.262,19.487,30.1,0.641,0.725,0.915
8xsj_HL,RBD,B,class3,boltz,10,2.0,input_model_3.cif,0.04,0.0,18,0.222,0.28,0.35,20.974,23.314,0.641,0.725,0.915
8xsj_HL,RBD,B,class3,boltz,10,2.0,input_model_4.cif,0.022,0.0,28,0.929,0.329,0.773,27.728,5.61,0.641,0.725,0.915
8xsj_HL,RBD,B,class3,protenix,0,39.18,8xsj_hl_sample_0.cif,0.019,0.0,61,0.541,0.104,0.61,20.858,10.204,0.172,0.415,61.227
8xsj_HL,RBD,B,class3,protenix,0,39.18,8xsj_hl_sample_1.cif,0.016,0.0,71,0.507,0.097,0.621,19.533,11.28,0.172,0.415,61.227
8xsj_HL,RBD,B,class3,protenix,0,39.18,8xsj_hl_sample_2.cif,0.018,0.159,63,0.73,0.588,0.723,22.026,3.066,0.172,0.415,61.227
8xsj_HL,RBD,B,class3,protenix,0,39.18,8xsj_hl_sample_3.cif,0.008,0.0,64,0.578,0.106,0.609,20.684,12.15,0.172,0.415,61.227
8xsj_HL,RBD,B,class3,protenix,0,39.18,8xsj_hl_sample_4.cif,0.012,0.0,35,0.829,0.209,0.728,26.897,4.381,0.172,0.415,61.227
8xsj_HL,RBD,B,class3,protenix,1,31.574,8xsj_hl_sample_0.cif,0.014,0.0,60,0.583,0.128,0.645,20.763,9.142,0.301,0.467,63.404
8xsj_HL,RBD,B,class3,protenix,1,31.574,8xsj_hl_sample_1.cif,0.012,0.017,58,0.5,0.219,0.591,19.115,10.287,0.301,0.467,63.404
8xsj_HL,RBD,B,class3,protenix,1,31.574,8xsj_hl_sample_2.cif,0.01,0.014,71,0.563,0.167,0.633,20.441,9.428,0.301,0.467,63.404
8xsj_HL,RBD,B,class3,protenix,1,31.574,8xsj_hl_sample_3.cif,0.014,0.0,60,0.533,0.089,0.6,19.241,10.784,0.301,0.467,63.404
8xsj_HL,RBD,B,class3,protenix,1,31.574,8xsj_hl_sample_4.cif,0.016,0.0,51,0.627,0.149,0.649,21.996,7.4,0.301,0.467,63.404
8xsj_HL,RBD,B,class3,protenix,2,20.748,8xsj_hl_sample_0.cif,0.009,0.0,74,0.554,0.144,0.646,19.704,8.154,0.186,0.417,60.09
8xsj_HL,RBD,B,class3,protenix,2,20.748,8xsj_hl_sample_1.cif,0.008,0.0,64,0.531,0.152,0.652,21.374,8.117,0.186,0.417,60.09
8xsj_HL,RBD,B,class3,protenix,2,20.748,8xsj_hl_sample_2.cif,0.01,0.056,54,0.741,0.362,0.735,25.339,2.142,0.186,0.417,60.09
8xsj_HL,RBD,B,class3,protenix,2,20.748,8xsj_hl_sample_3.cif,0.007,0.0,48,0.521,0.156,0.622,20.802,12.291,0.186,0.417,60.09
8xsj_HL,RBD,B,class3,protenix,2,20.748,8xsj_hl_sample_4.cif,0.021,0.0,61,0.623,0.163,0.677,23.518,6.154,0.186,0.417,60.09
8xsj_HL,RBD,B,class3,protenix,3,19.0,8xsj_hl_sample_0.cif,0.015,0.0,66,0.742,0.161,0.73,23.395,2.505,0.205,0.4,66.066
8xsj_HL,RBD,B,class3,protenix,3,19.0,8xsj_hl_sample_1.cif,0.014,0.0,60,0.767,0.168,0.728,23.415,2.606,0.205,0.4,66.066
8xsj_HL,RBD,B,class3,protenix,3,19.0,8xsj_hl_sample_2.cif,0.007,0.0,54,0.852,0.281,0.764,25.674,2.589,0.205,0.4,66.066
8xsj_HL,RBD,B,class3,protenix,3,19.0,8xsj_hl_sample_3.cif,0.019,0.197,71,0.549,0.729,0.619,15.33,9.261,0.205,0.4,66.066
8xsj_HL,RBD,B,class3,protenix,3,19.0,8xsj_hl_sample_4.cif,0.017,0.181,72,0.625,0.619,0.67,17.167,6.698,0.205,0.4,66.066
8xsj_HL,RBD,B,class3,protenix,4,12.833,8xsj_hl_sample_0.cif,0.012,0.0,20,0.55,0.245,0.405,25.234,20.56,0.162,0.392,61.504
8xsj_HL,RBD,B,class3,protenix,4,12.833,8xsj_hl_sample_1.cif,0.018,0.0,52,0.558,0.159,0.646,21.984,7.115,0.162,0.392,61.504
8xsj_HL,RBD,B,class3,protenix,4,12.833,8xsj_hl_sample_2.cif,0.008,0.02,49,0.51,0.182,0.582,19.448,9.658,0.162,0.392,61.504
8xsj_HL,RBD,B,class3,protenix,4,12.833,8xsj_hl_sample_3.cif,0.009,0.0,29,0.793,0.25,0.74,26.898,4.444,0.162,0.392,61.504
8xsj_HL,RBD,B,class3,protenix,4,12.833,8xsj_hl_sample_4.cif,0.017,0.216,51,0.745,0.616,0.709,19.997,3.162,0.162,0.392,61.504
8xsj_HL,RBD,B,class3,protenix,5,10.0,8xsj_hl_sample_0.cif,0.007,0.0,59,0.559,0.116,0.643,21.209,9.663,0.163,0.401,60.014
8xsj_HL,RBD,B,class3,protenix,5,10.0,8xsj_hl_sample_1.cif,0.018,0.0,73,0.589,0.129,0.66,21.215,7.569,0.163,0.401,60.014
8xsj_HL,RBD,B,class3,protenix,5,10.0,8xsj_hl_sample_2.cif,0.007,0.0,62,0.597,0.102,0.642,21.539,5.726,0.163,0.401,60.014
8xsj_HL,RBD,B,class3,protenix,5,10.0,8xsj_hl_sample_3.cif,0.026,0.203,59,0.831,0.672,0.753,22.263,4.837,0.163,0.401,60.014
8xsj_HL,RBD,B,class3,protenix,5,10.0,8xsj_hl_sample_4.cif,0.02,0.184,76,0.605,0.66,0.663,17.141,8.388,0.163,0.401,60.014
8xsj_HL,RBD,B,class3,protenix,6,7.0,8xsj_hl_sample_0.cif,0.01,0.0,90,0.589,0.216,0.675,18.253,9.476,0.161,0.396,60.587
8xsj_HL,RBD,B,class3,protenix,6,7.0,8xsj_hl_sample_1.cif,0.017,0.226,62,0.242,0.713,0.375,14.011,18.449,0.161,0.396,60.587
8xsj_HL,RBD,B,class3,protenix,6,7.0,8xsj_hl_sample_2.cif,0.034,0.183,60,0.717,0.627,0.71,21.5,2.403,0.161,0.396,60.587
8xsj_HL,RBD,B,class3,protenix,6,7.0,8xsj_hl_sample_3.cif,0.025,0.12,75,0.613,0.55,0.701,19.294,6.983,0.161,0.396,60.587
8xsj_HL,RBD,B,class3,protenix,6,7.0,8xsj_hl_sample_4.cif,0.013,0.012,85,0.4,0.21,0.521,17.276,14.398,0.161,0.396,60.587
8xsj_HL,RBD,B,class3,protenix,7,4.0,8xsj_hl_sample_0.cif,0.007,0.128,78,0.526,0.536,0.611,16.449,10.022,0.192,0.362,54.591
8xsj_HL,RBD,B,class3,protenix,7,4.0,8xsj_hl_sample_1.cif,0.009,0.174,86,0.465,0.628,0.576,12.956,8.806,0.192,0.362,54.591
8xsj_HL,RBD,B,class3,protenix,7,4.0,8xsj_hl_sample_2.cif,0.018,0.194,67,0.328,0.666,0.47,14.673,13.347,0.192,0.362,54.591
8xsj_HL,RBD,B,class3,protenix,7,4.0,8xsj_hl_sample_3.cif,0.019,0.196,46,0.239,0.536,0.385,15.221,16.778,0.192,0.362,54.591
8xsj_HL,RBD,B,class3,protenix,7,4.0,8xsj_hl_sample_4.cif,0.022,0.125,64,0.406,0.513,0.518,15.519,12.339,0.192,0.362,54.591
8xsj_HL,RBD,B,class3,protenix,8,2.0,8xsj_hl_sample_0.cif,0.023,0.092,65,0.631,0.42,0.676,13.183,2.433,0.168,0.335,55.231
8xsj_HL,RBD,B,class3,protenix,8,2.0,8xsj_hl_sample_1.cif,0.021,0.143,56,0.714,0.572,0.731,12.788,6.765,0.168,0.335,55.231
8xsj_HL,RBD,B,class3,protenix,8,2.0,8xsj_hl_sample_2.cif,0.02,0.194,62,0.419,0.607,0.508,9.688,15.553,0.168,0.335,55.231
8xsj_HL,RBD,B,class3,protenix,8,2.0,8xsj_hl_sample_3.cif,0.012,0.0,55,0.6,0.351,0.657,15.428,8.118,0.168,0.335,55.231
8xsj_HL,RBD,B,class3,protenix,8,2.0,8xsj_hl_sample_4.cif,0.014,0.083,60,0.433,0.493,0.573,11.295,4.427,0.168,0.335,55.231
8xsj_HL,RBD,B,class3,protenix,9,2.0,8xsj_hl_sample_0.cif,0.01,0.094,64,0.672,0.394,0.685,13.72,7.655,0.149,0.306,47.648
8xsj_HL,RBD,B,class3,protenix,9,2.0,8xsj_hl_sample_1.cif,0.01,0.113,80,0.212,0.487,0.355,10.609,10.844,0.149,0.306,47.648
8xsj_HL,RBD,B,class3,protenix,9,2.0,8xsj_hl_sample_2.cif,0.009,0.169,77,0.429,0.614,0.516,8.394,12.39,0.149,0.306,47.648
8xsj_HL,RBD,B,class3,protenix,9,2.0,8xsj_hl_sample_3.cif,0.023,0.159,63,0.302,0.536,0.433,6.849,10.535,0.149,0.306,47.648
8xsj_HL,RBD,B,class3,protenix,9,2.0,8xsj_hl_sample_4.cif,0.017,0.149,94,0.436,0.581,0.519,4.895,6.923,0.149,0.306,47.648
8xsj_HL,RBD,B,class3,protenix,10,2.0,8xsj_hl_sample_0.cif,0.014,0.102,59,0.458,0.541,0.581,10.086,12.994,0.166,0.29,44.759
8xsj_HL,RBD,B,class3,protenix,10,2.0,8xsj_hl_sample_1.cif,0.015,0.18,50,0.58,0.526,0.673,10.675,10.187,0.166,0.29,44.759
8xsj_HL,RBD,B,class3,protenix,10,2.0,8xsj_hl_sample_2.cif,0.008,0.068,59,0.542,0.346,0.649,17.246,6.659,0.166,0.29,44.759
8xsj_HL,RBD,B,class3,protenix,10,2.0,8xsj_hl_sample_3.cif,0.015,0.171,70,0.557,0.527,0.654,7.512,8.698,0.166,0.29,44.759
8xsj_HL,RBD,B,class3,protenix,10,2.0,8xsj_hl_sample_4.cif,0.009,0.126,87,0.241,0.516,0.377,7.462,12.893,0.166,0.29,44.759
8xsj_HL,RBD,B,class3,protenix,11,1.0,8xsj_hl_sample_0.cif,0.015,0.158,76,0.605,0.646,0.67,7.323,4.32,0.155,0.288,45.051
8xsj_HL,RBD,B,class3,protenix,11,1.0,8xsj_hl_sample_1.cif,0.033,0.083,60,0.45,0.424,0.531,17.865,10.705,0.155,0.288,45.051
8xsj_HL,RBD,B,class3,protenix,11,1.0,8xsj_hl_sample_2.cif,0.025,0.139,72,0.569,0.573,0.642,6.567,3.337,0.155,0.288,45.051
8xsj_HL,RBD,B,class3,protenix,11,1.0,8xsj_hl_sample_3.cif,0.03,0.161,62,0.645,0.563,0.678,11.098,4.573,0.155,0.288,45.051
8xsj_HL,RBD,B,class3,protenix,11,1.0,8xsj_hl_sample_4.cif,0.028,0.123,65,0.738,0.493,0.722,8.513,3.643,0.155,0.288,45.051
8y6a_CD,RBD,B,class3,boltz,0,33.388,input_model_0.cif,0.037,0.0,22,0.227,0.141,0.515,20.936,15.182,0.679,0.761,0.934
8y6a_CD,RBD,B,class3,boltz,0,33.388,input_model_1.cif,0.042,0.0,29,0.138,0.339,0.321,16.481,22.349,0.679,0.761,0.934
8y6a_CD,RBD,B,class3,boltz,0,33.388,input_model_2.cif,0.028,0.0,23,0.13,0.352,0.344,16.672,23.461,0.679,0.761,0.934
8y6a_CD,RBD,B,class3,boltz,0,33.388,input_model_3.cif,0.022,0.0,18,0.0,0.347,0.308,17.871,24.072,0.679,0.761,0.934
8y6a_CD,RBD,B,class3,boltz,0,33.388,input_model_4.cif,0.037,0.0,23,0.217,0.126,0.502,20.878,15.829,0.679,0.761,0.934
8y6a_CD,RBD,B,class3,boltz,1,26.079,input_model_0.cif,0.041,0.0,30,0.133,0.357,0.317,15.856,23.467,0.726,0.791,0.937
8y6a_CD,RBD,B,class3,boltz,1,26.079,input_model_1.cif,0.025,0.0,25,0.12,0.408,0.326,14.988,23.869,0.726,0.791,0.937
8y6a_CD,RBD,B,class3,boltz,1,26.079,input_model_2.cif,0.024,0.0,21,0.19,0.381,0.338,15.881,22.437,0.726,0.791,0.937
8y6a_CD,RBD,B,class3,boltz,1,26.079,input_model_3.cif,0.049,0.0,29,0.172,0.361,0.316,15.692,22.674,0.726,0.791,0.937
8y6a_CD,RBD,B,class3,boltz,1,26.079,input_model_4.cif,0.052,0.158,19,0.053,0.774,0.29,11.204,26.58,0.726,0.791,0.937
8y6a_CD,RBD,B,class3,boltz,2,22.568,input_model_0.cif,0.052,0.0,18,0.0,0.387,0.255,17.998,26.521,0.682,0.764,0.936
8y6a_CD,RBD,B,class3,boltz,2,22.568,input_model_1.cif,0.023,0.0,21,0.0,0.365,0.312,16.632,24.305,0.682,0.764,0.936
8y6a_CD,RBD,B,class3,boltz,2,22.568,input_model_2.cif,0.034,0.0,29,0.138,0.263,0.353,17.72,20.716,0.682,0.764,0.936
8y6a_CD,RBD,B,class3,boltz,2,22.568,input_model_3.cif,0.025,0.04,25,0.2,0.436,0.332,14.72,23.433,0.682,0.764,0.936
8y6a_CD,RBD,B,class3,boltz,2,22.568,input_model_4.cif,0.026,0.05,20,0.3,0.437,0.356,16.073,21.16,0.682,0.764,0.936
8y6a_CD,RBD,B,class3,boltz,3,16.2,input_model_0.cif,0.028,0.0,25,0.12,0.33,0.33,16.47,24.011,0.758,0.813,0.942
8y6a_CD,RBD,B,class3,boltz,3,16.2,input_model_1.cif,0.025,0.0,21,0.143,0.415,0.333,14.803,23.862,0.758,0.813,0.942
8y6a_CD,RBD,B,class3,boltz,3,16.2,input_model_2.cif,0.024,0.0,25,0.12,0.365,0.325,15.848,22.359,0.758,0.813,0.942
8y6a_CD,RBD,B,class3,boltz,3,16.2,input_model_3.cif,0.022,0.0,23,0.087,0.354,0.322,16.563,22.555,0.758,0.813,0.942
8y6a_CD,RBD,B,class3,boltz,3,16.2,input_model_4.cif,0.025,0.05,20,0.25,0.413,0.352,15.931,21.501,0.758,0.813,0.942
8y6a_CD,RBD,B,class3,boltz,4,13.333,input_model_0.cif,0.035,0.0,30,0.1,0.265,0.347,18.076,21.104,0.763,0.819,0.929
8y6a_CD,RBD,B,class3,boltz,4,13.333,input_model_1.cif,0.052,0.0,21,0.0,0.391,0.255,18.111,25.867,0.763,0.819,0.929
8y6a_CD,RBD,B,class3,boltz,4,13.333,input_model_2.cif,0.051,0.0,21,0.0,0.413,0.25,17.138,27.248,0.763,0.819,0.929
8y6a_CD,RBD,B,class3,boltz,4,13.333,input_model_3.cif,0.023,0.0,22,0.045,0.355,0.315,17.046,23.67,0.763,0.819,0.929
8y6a_CD,RBD,B,class3,boltz,4,13.333,input_model_4.cif,0.022,0.0,23,0.087,0.359,0.332,16.874,22.664,0.763,0.819,0.929
8y6a_CD,RBD,B,class3,boltz,5,10.0,input_model_0.cif,0.052,0.0,21,0.0,0.399,0.252,17.296,26.934,0.715,0.788,0.939
8y6a_CD,RBD,B,class3,boltz,5,10.0,input_model_1.cif,0.033,0.0,28,0.107,0.211,0.381,18.529,20.777,0.715,0.788,0.939
8y6a_CD,RBD,B,class3,boltz,5,10.0,input_model_2.cif,0.026,0.0,19,0.211,0.414,0.356,15.866,21.695,0.715,0.788,0.939
8y6a_CD,RBD,B,class3,boltz,5,10.0,input_model_3.cif,0.035,0.0,19,0.0,0.155,0.397,19.79,20.127,0.715,0.788,0.939
8y6a_CD,RBD,B,class3,boltz,5,10.0,input_model_4.cif,0.042,0.0,25,0.12,0.34,0.318,17.609,21.847,0.715,0.788,0.939
8y6a_CD,RBD,B,class3,boltz,6,5.0,input_model_0.cif,0.052,0.0,18,0.0,0.387,0.256,18.454,26.639,0.691,0.771,0.936
8y6a_CD,RBD,B,class3,boltz,6,5.0,input_model_1.cif,0.051,0.0,21,0.0,0.38,0.256,18.215,25.715,0.691,0.771,0.936
8y6a_CD,RBD,B,class3,boltz,6,5.0,input_model_2.cif,0.024,0.0,21,0.19,0.404,0.333,16.1,22.717,0.691,0.771,0.936
8y6a_CD,RBD,B,class3,boltz,6,5.0,input_model_3.cif,0.039,0.0,13,1.0,0.336,0.736,24.213,11.363,0.691,0.771,0.936
8y6a_CD,RBD,B,class3,boltz,6,5.0,input_model_4.cif,0.026,0.053,19,0.263,0.423,0.362,16.161,21.364,0.691,0.771,0.936
8y6a_CD,RBD,B,class3,boltz,7,6.0,input_model_0.cif,0.022,0.0,18,0.0,0.373,0.31,17.924,24.457,0.638,0.734,0.939
8y6a_CD,RBD,B,class3,boltz,7,6.0,input_model_1.cif,0.021,0.0,24,0.083,0.359,0.325,16.412,22.689,0.638,0.734,0.939
8y6a_CD,RBD,B,class3,boltz,7,6.0,input_model_2.cif,0.087,0.333,21,0.286,0.788,0.395,9.838,22.059,0.638,0.734,0.939
8y6a_CD,RBD,B,class3,boltz,7,6.0,input_model_3.cif,0.034,0.0,21,0.952,0.281,0.756,24.57,6.836,0.638,0.734,0.939
8y6a_CD,RBD,B,class3,boltz,7,6.0,input_model_4.cif,0.145,0.227,22,0.409,0.762,0.372,12.633,21.484,0.638,0.734,0.939
8y6a_CD,RBD,B,class3,boltz,8,3.0,input_model_0.cif,0.037,0.0,23,0.261,0.157,0.507,21.014,15.156,0.687,0.768,0.934
8y6a_CD,RBD,B,class3,boltz,8,3.0,input_model_1.cif,0.024,0.0,18,0.0,0.377,0.296,17.043,24.551,0.687,0.768,0.934
8y6a_CD,RBD,B,class3,boltz,8,3.0,input_model_2.cif,0.052,0.0,23,0.0,0.404,0.253,17.147,26.765,0.687,0.768,0.934
8y6a_CD,RBD,B,class3,boltz,8,3.0,input_model_3.cif,0.034,0.0,27,0.148,0.279,0.352,17.112,22.105,0.687,0.768,0.934
8y6a_CD,RBD,B,class3,boltz,8,3.0,input_model_4.cif,0.044,0.059,17,1.0,0.387,0.766,24.059,9.815,0.687,0.768,0.934
8y6a_CD,RBD,B,class3,boltz,9,2.0,input_model_0.cif,0.028,0.0,27,0.111,0.321,0.333,16.414,23.358,0.804,0.847,0.942
8y6a_CD,RBD,B,class3,boltz,9,2.0,input_model_1.cif,0.022,0.0,24,0.083,0.356,0.317,16.798,23.315,0.804,0.847,0.942
8y6a_CD,RBD,B,class3,boltz,9,2.0,input_model_2.cif,0.027,0.043,23,0.304,0.406,0.356,16.0,21.008,0.804,0.847,0.942
8y6a_CD,RBD,B,class3,boltz,9,2.0,input_model_3.cif,0.804,0.8,20,0.15,0.944,0.391,0.533,24.482,0.804,0.847,0.942
8y6a_CD,RBD,B,class3,boltz,9,2.0,input_model_4.cif,0.034,0.0,22,0.909,0.238,0.74,24.203,6.709,0.804,0.847,0.942
8y6a_CD,RBD,B,class3,boltz,10,2.0,input_model_0.cif,0.053,0.176,17,0.0,0.778,0.288,11.309,28.448,0.765,0.824,0.944
8y6a_CD,RBD,B,class3,boltz,10,2.0,input_model_1.cif,0.051,0.0,21,0.0,0.388,0.255,18.299,25.822,0.765,0.824,0.944
8y6a_CD,RBD,B,class3,boltz,10,2.0,input_model_2.cif,0.086,0.269,26,0.385,0.782,0.393,11.348,20.821,0.765,0.824,0.944
8y6a_CD,RBD,B,class3,boltz,10,2.0,input_model_3.cif,0.036,0.0,25,0.24,0.157,0.516,20.541,15.455,0.765,0.824,0.944
8y6a_CD,RBD,B,class3,boltz,10,2.0,input_model_4.cif,0.027,0.05,20,0.25,0.417,0.354,15.657,22.083,0.765,0.824,0.944
8y6a_CD,RBD,B,class3,protenix,0,33.388,8y6a_cd_sample_0.cif,0.009,0.011,93,0.538,0.143,0.63,18.581,8.437,0.159,0.384,47.328
8y6a_CD,RBD,B,class3,protenix,0,33.388,8y6a_cd_sample_1.cif,0.011,0.039,103,0.417,0.268,0.513,13.936,13.489,0.159,0.384,47.328
8y6a_CD,RBD,B,class3,protenix,0,33.388,8y6a_cd_sample_2.cif,0.018,0.086,81,0.556,0.482,0.597,17.079,7.402,0.159,0.384,47.328
8y6a_CD,RBD,B,class3,protenix,0,33.388,8y6a_cd_sample_3.cif,0.024,0.038,78,0.551,0.25,0.642,18.215,8.579,0.159,0.384,47.328
8y6a_CD,RBD,B,class3,protenix,0,33.388,8y6a_cd_sample_4.cif,0.021,0.062,48,0.729,0.519,0.694,21.911,2.552,0.159,0.384,47.328
8y6a_CD,RBD,B,class3,protenix,1,26.079,8y6a_cd_sample_0.cif,0.019,0.0,46,0.761,0.186,0.708,24.219,3.919,0.157,0.383,56.138
8y6a_CD,RBD,B,class3,protenix,1,26.079,8y6a_cd_sample_1.cif,0.011,0.0,43,0.93,0.313,0.761,26.591,2.928,0.157,0.383,56.138
8y6a_CD,RBD,B,class3,protenix,1,26.079,8y6a_cd_sample_2.cif,0.006,0.0,39,0.872,0.286,0.752,27.208,3.748,0.157,0.383,56.138
8y6a_CD,RBD,B,class3,protenix,1,26.079,8y6a_cd_sample_3.cif,0.015,0.061,49,0.816,0.49,0.735,24.415,1.783,0.157,0.383,56.138
8y6a_CD,RBD,B,class3,protenix,1,26.079,8y6a_cd_sample_4.cif,0.018,0.0,33,0.818,0.192,0.72,24.858,5.204,0.157,0.383,56.138
8y6a_CD,RBD,B,class3,protenix,2,22.568,8y6a_cd_sample_0.cif,0.007,0.0,65,0.585,0.145,0.624,21.482,7.724,0.218,0.425,57.942
8y6a_CD,RBD,B,class3,protenix,2,22.568,8y6a_cd_sample_1.cif,0.012,0.0,59,0.593,0.159,0.647,22.224,7.114,0.218,0.425,57.942
8y6a_CD,RBD,B,class3,protenix,2,22.568,8y6a_cd_sample_2.cif,0.006,0.033,60,0.517,0.196,0.61,19.451,10.008,0.218,0.425,57.942
8y6a_CD,RBD,B,class3,protenix,2,22.568,8y6a_cd_sample_3.cif,0.005,0.0,46,0.696,0.148,0.683,25.756,4.641,0.218,0.425,57.942
8y6a_CD,RBD,B,class3,protenix,2,22.568,8y6a_cd_sample_4.cif,0.006,0.02,50,0.76,0.23,0.713,24.567,4.388,0.218,0.425,57.942
8y6a_CD,RBD,B,class3,protenix,3,16.2,8y6a_cd_sample_0.cif,0.009,0.113,71,0.549,0.58,0.607,16.771,7.465,0.17,0.39,54.802
8y6a_CD,RBD,B,class3,protenix,3,16.2,8y6a_cd_sample_1.cif,0.008,0.081,74,0.554,0.477,0.604,16.953,8.075,0.17,0.39,54.802
8y6a_CD,RBD,B,class3,protenix,3,16.2,8y6a_cd_sample_2.cif,0.006,0.031,65,0.646,0.314,0.672,17.962,7.139,0.17,0.39,54.802
8y6a_CD,RBD,B,class3,protenix,3,16.2,8y6a_cd_sample_3.cif,0.009,0.097,62,0.694,0.478,0.706,19.893,5.431,0.17,0.39,54.802
8y6a_CD,RBD,B,class3,protenix,3,16.2,8y6a_cd_sample_4.cif,0.007,0.11,73,0.534,0.497,0.603,16.189,9.311,0.17,0.39,54.802
8y6a_CD,RBD,B,class3,protenix,4,13.333,8y6a_cd_sample_0.cif,0.008,0.111,108,0.454,0.462,0.528,15.321,10.569,0.154,0.376,50.218
8y6a_CD,RBD,B,class3,protenix,4,13.333,8y6a_cd_sample_1.cif,0.009,0.0,78,0.487,0.141,0.57,19.02,8.691,0.154,0.376,50.218
8y6a_CD,RBD,B,class3,protenix,4,13.333,8y6a_cd_sample_2.cif,0.014,0.014,72,0.556,0.178,0.612,19.396,7.382,0.154,0.376,50.218
8y6a_CD,RBD,B,class3,protenix,4,13.333,8y6a_cd_sample_3.cif,0.007,0.1,100,0.5,0.411,0.573,15.537,9.641,0.154,0.376,50.218
8y6a_CD,RBD,B,class3,protenix,4,13.333,8y6a_cd_sample_4.cif,0.015,0.0,60,0.45,0.168,0.553,19.486,11.191,0.154,0.376,50.218
8y6a_CD,RBD,B,class3,protenix,5,10.0,8y6a_cd_sample_0.cif,0.01,0.088,68,0.412,0.495,0.508,11.569,12.899,0.149,0.372,50.222
8y6a_CD,RBD,B,class3,protenix,5,10.0,8y6a_cd_sample_1.cif,0.013,0.197,71,0.225,0.665,0.354,8.524,18.133,0.149,0.372,50.222
8y6a_CD,RBD,B,class3,protenix,5,10.0,8y6a_cd_sample_2.cif,0.012,0.125,72,0.431,0.583,0.51,12.311,12.379,0.149,0.372,50.222
8y6a_CD,RBD,B,class3,protenix,5,10.0,8y6a_cd_sample_3.cif,0.013,0.0,60,0.367,0.168,0.532,17.676,12.843,0.149,0.372,50.222
8y6a_CD,RBD,B,class3,protenix,5,10.0,8y6a_cd_sample_4.cif,0.02,0.261,46,0.435,0.745,0.574,9.596,13.35,0.149,0.372,50.222
8y6a_CD,RBD,B,class3,protenix,6,5.0,8y6a_cd_sample_0.cif,0.006,0.0,59,0.254,0.213,0.387,18.611,17.515,0.146,0.351,51.71
8y6a_CD,RBD,B,class3,protenix,6,5.0,8y6a_cd_sample_1.cif,0.007,0.043,70,0.257,0.359,0.393,14.383,17.105,0.146,0.351,51.71
8y6a_CD,RBD,B,class3,protenix,6,5.0,8y6a_cd_sample_2.cif,0.015,0.0,69,0.203,0.243,0.354,15.315,18.379,0.146,0.351,51.71
8y6a_CD,RBD,B,class3,protenix,6,5.0,8y6a_cd_sample_3.cif,0.018,0.0,63,0.444,0.153,0.56,16.786,10.844,0.146,0.351,51.71
8y6a_CD,RBD,B,class3,protenix,6,5.0,8y6a_cd_sample_4.cif,0.019,0.0,51,0.392,0.111,0.555,20.13,11.704,0.146,0.351,51.71
8y6a_CD,RBD,B,class3,protenix,7,6.0,8y6a_cd_sample_0.cif,0.012,0.143,77,0.26,0.527,0.377,10.624,17.728,0.161,0.388,53.915
8y6a_CD,RBD,B,class3,protenix,7,6.0,8y6a_cd_sample_1.cif,0.013,0.034,59,0.661,0.229,0.642,17.964,9.304,0.161,0.388,53.915
8y6a_CD,RBD,B,class3,protenix,7,6.0,8y6a_cd_sample_2.cif,0.025,0.083,48,0.646,0.456,0.617,16.865,8.15,0.161,0.388,53.915
8y6a_CD,RBD,B,class3,protenix,7,6.0,8y6a_cd_sample_3.cif,0.007,0.111,45,0.044,0.583,0.262,12.161,26.518,0.161,0.388,53.915
8y6a_CD,RBD,B,class3,protenix,7,6.0,8y6a_cd_sample_4.cif,0.016,0.147,34,0.0,0.612,0.256,12.314,29.498,0.161,0.388,53.915
8y6a_CD,RBD,B,class3,protenix,8,3.0,8y6a_cd_sample_0.cif,0.009,0.095,63,0.683,0.532,0.695,15.396,4.731,0.143,0.292,44.655
8y6a_CD,RBD,B,class3,protenix,8,3.0,8y6a_cd_sample_1.cif,0.018,0.096,83,0.494,0.466,0.61,13.545,11.314,0.143,0.292,44.655
8y6a_CD,RBD,B,class3,protenix,8,3.0,8y6a_cd_sample_2.cif,0.011,0.197,76,0.461,0.745,0.499,7.382,9.0,0.143,0.292,44.655
8y6a_CD,RBD,B,class3,protenix,8,3.0,8y6a_cd_sample_3.cif,0.027,0.27,63,0.238,0.815,0.39,5.894,14.267,0.143,0.292,44.655
8y6a_CD,RBD,B,class3,protenix,8,3.0,8y6a_cd_sample_4.cif,0.023,0.123,73,0.507,0.568,0.562,13.598,7.381,0.143,0.292,44.655
8y6a_CD,RBD,B,class3,protenix,9,2.0,8y6a_cd_sample_0.cif,0.006,0.062,81,0.679,0.347,0.713,19.79,2.752,0.136,0.3,41.523
8y6a_CD,RBD,B,class3,protenix,9,2.0,8y6a_cd_sample_1.cif,0.029,0.09,67,0.582,0.431,0.627,17.603,8.877,0.136,0.3,41.523
8y6a_CD,RBD,B,class3,protenix,9,2.0,8y6a_cd_sample_2.cif,0.01,0.08,75,0.16,0.466,0.297,12.924,17.362,0.136,0.3,41.523
8y6a_CD,RBD,B,class3,protenix,9,2.0,8y6a_cd_sample_3.cif,0.012,0.056,72,0.569,0.272,0.634,17.112,8.312,0.136,0.3,41.523
8y6a_CD,RBD,B,class3,protenix,9,2.0,8y6a_cd_sample_4.cif,0.017,0.067,60,0.5,0.448,0.607,14.11,12.474,0.136,0.3,41.523
8y6a_CD,RBD,B,class3,protenix,10,2.0,8y6a_cd_sample_0.cif,0.013,0.053,57,0.316,0.417,0.415,15.166,13.142,0.168,0.294,43.026
8y6a_CD,RBD,B,class3,protenix,10,2.0,8y6a_cd_sample_1.cif,0.008,0.056,54,0.63,0.437,0.636,16.189,6.762,0.168,0.294,43.026
8y6a_CD,RBD,B,class3,protenix,10,2.0,8y6a_cd_sample_2.cif,0.009,0.091,66,0.621,0.507,0.653,14.525,7.466,0.168,0.294,43.026
8y6a_CD,RBD,B,class3,protenix,10,2.0,8y6a_cd_sample_3.cif,0.016,0.089,79,0.544,0.535,0.621,14.355,8.331,0.168,0.294,43.026
8y6a_CD,RBD,B,class3,protenix,10,2.0,8y6a_cd_sample_4.cif,0.006,0.05,60,0.65,0.393,0.669,17.28,6.746,0.168,0.294,43.026
8y6a_CD,RBD,B,class3,protenix,11,1.0,8y6a_cd_sample_0.cif,0.008,0.169,83,0.53,0.668,0.601,8.163,7.16,0.168,0.299,37.453
8y6a_CD,RBD,B,class3,protenix,11,1.0,8y6a_cd_sample_1.cif,0.01,0.19,79,0.506,0.646,0.596,6.456,3.78,0.168,0.299,37.453
8y6a_CD,RBD,B,class3,protenix,11,1.0,8y6a_cd_sample_2.cif,0.008,0.139,72,0.444,0.506,0.546,8.715,7.501,0.168,0.299,37.453
8y6a_CD,RBD,B,class3,protenix,11,1.0,8y6a_cd_sample_3.cif,0.008,0.132,91,0.484,0.588,0.559,6.303,8.101,0.168,0.299,37.453
8y6a_CD,RBD,B,class3,protenix,11,1.0,8y6a_cd_sample_4.cif,0.009,0.179,95,0.421,0.737,0.519,5.981,8.304,0.168,0.299,37.453
9azr_HL,HA,A,head,boltz,0,120.544,input_model_0.cif,0.154,0.647,34,1.0,0.919,0.504,2.444,14.327,0.763,0.775,0.892
9azr_HL,HA,A,head,boltz,0,120.544,input_model_1.cif,0.112,0.588,34,1.0,0.915,0.505,2.891,14.226,0.763,0.775,0.892
9azr_HL,HA,A,head,boltz,0,120.544,input_model_2.cif,0.138,0.656,32,1.0,0.917,0.504,2.33,14.654,0.763,0.775,0.892
9azr_HL,HA,A,head,boltz,0,120.544,input_model_3.cif,0.049,0.062,16,1.0,0.55,0.5,14.145,15.377,0.763,0.775,0.892
9azr_HL,HA,A,head,boltz,0,120.544,input_model_4.cif,0.03,0.067,15,1.0,0.542,0.499,14.083,16.09,0.763,0.775,0.892
9azr_HL,HA,A,head,boltz,1,91.887,input_model_0.cif,0.03,0.0,28,1.0,0.339,0.498,24.059,11.893,0.749,0.761,0.872
9azr_HL,HA,A,head,boltz,1,91.887,input_model_1.cif,0.12,0.677,31,1.0,0.917,0.504,2.688,14.555,0.749,0.761,0.872
9azr_HL,HA,A,head,boltz,1,91.887,input_model_2.cif,0.1,0.647,34,1.0,0.917,0.504,2.406,14.641,0.749,0.761,0.872
9azr_HL,HA,A,head,boltz,1,91.887,input_model_3.cif,0.034,0.176,17,0.941,0.695,0.497,18.165,15.684,0.749,0.761,0.872
9azr_HL,HA,A,head,boltz,1,91.887,input_model_4.cif,0.272,0.76,25,1.0,0.918,0.504,3.402,15.444,0.749,0.761,0.872
9azr_HL,HA,A,head,boltz,2,68.359,input_model_0.cif,0.118,0.688,32,1.0,0.918,0.504,2.194,14.645,0.721,0.743,0.887
9azr_HL,HA,A,head,boltz,2,68.359,input_model_1.cif,0.152,0.636,33,1.0,0.917,0.504,1.842,14.968,0.721,0.743,0.887
9azr_HL,HA,A,head,boltz,2,68.359,input_model_2.cif,0.13,0.576,33,1.0,0.91,0.504,3.748,15.006,0.721,0.743,0.887
9azr_HL,HA,A,head,boltz,2,68.359,input_model_3.cif,0.032,0.4,10,1.0,0.823,0.505,11.241,21.092,0.721,0.743,0.887
9azr_HL,HA,A,head,boltz,2,68.359,input_model_4.cif,0.023,0.062,16,0.875,0.522,0.495,20.289,15.435,0.721,0.743,0.887
9azr_HL,HA,A,head,boltz,3,51.422,input_model_0.cif,0.018,0.095,21,0.952,0.574,0.498,19.019,12.562,0.757,0.758,0.868
9azr_HL,HA,A,head,boltz,3,51.422,input_model_1.cif,0.144,0.667,33,1.0,0.919,0.504,2.207,14.768,0.757,0.758,0.868
9azr_HL,HA,A,head,boltz,3,51.422,input_model_2.cif,0.081,0.739,23,1.0,0.921,0.504,3.745,14.498,0.757,0.758,0.868
9azr_HL,HA,A,head,boltz,3,51.422,input_model_3.cif,0.136,0.586,29,1.0,0.906,0.504,3.664,14.63,0.757,0.758,0.868
9azr_HL,HA,A,head,boltz,3,51.422,input_model_4.cif,0.025,0.05,20,0.9,0.532,0.497,20.785,14.303,0.757,0.758,0.868
9azr_HL,HA,A,head,boltz,4,28.345,input_model_0.cif,0.125,0.622,37,1.0,0.917,0.504,2.428,14.455,0.744,0.762,0.888
9azr_HL,HA,A,head,boltz,4,28.345,input_model_1.cif,0.045,0.125,8,1.0,0.656,0.499,14.991,19.15,0.744,0.762,0.888
9azr_HL,HA,A,head,boltz,4,28.345,input_model_2.cif,0.028,0.227,22,1.0,0.742,0.498,15.892,15.219,0.744,0.762,0.888
9azr_HL,HA,A,head,boltz,4,28.345,input_model_3.cif,0.14,0.625,32,1.0,0.917,0.504,2.28,14.814,0.744,0.762,0.888
9azr_HL,HA,A,head,boltz,4,28.345,input_model_4.cif,0.025,0.333,15,1.0,0.845,0.504,11.442,20.031,0.744,0.762,0.888
9azr_HL,HA,A,head,boltz,5,22.355,input_model_0.cif,0.129,0.647,34,1.0,0.916,0.504,2.341,14.644,0.646,0.681,0.883
9azr_HL,HA,A,head,boltz,5,22.355,input_model_1.cif,0.102,0.611,36,1.0,0.917,0.504,2.363,14.628,0.646,0.681,0.883
9azr_HL,HA,A,head,boltz,5,22.355,input_model_2.cif,0.14,0.688,32,1.0,0.918,0.504,2.063,14.718,0.646,0.681,0.883
9azr_HL,HA,A,head,boltz,5,22.355,input_model_3.cif,0.122,0.611,36,1.0,0.918,0.504,1.996,14.173,0.646,0.681,0.883
9azr_HL,HA,A,head,boltz,5,22.355,input_model_4.cif,0.027,0.118,17,0.941,0.644,0.496,18.573,15.355,0.646,0.681,0.883
9azr_HL,HA,A,head,boltz,6,14.167,input_model_0.cif,0.074,0.121,33,0.97,0.562,0.501,17.638,10.08,0.79,0.807,0.893
9azr_HL,HA,A,head,boltz,6,14.167,input_model_1.cif,0.238,0.7,30,1.0,0.917,0.504,2.463,15.538,0.79,0.807,0.893
9azr_HL,HA,A,head,boltz,6,14.167,input_model_2.cif,0.063,0.385,13,1.0,0.796,0.503,11.714,20.102,0.79,0.807,0.893
9azr_HL,HA,A,head,boltz,6,14.167,input_model_3.cif,0.04,0.095,21,0.952,0.491,0.495,18.408,14.434,0.79,0.807,0.893
9azr_HL,HA,A,head,boltz,6,14.167,input_model_4.cif,0.039,0.111,18,0.889,0.592,0.495,18.862,15.329,0.79,0.807,0.893
9azr_HL,HA,A,head,boltz,7,9.0,input_model_0.cif,0.096,0.594,32,1.0,0.905,0.505,3.556,13.66,0.685,0.721,0.887
9azr_HL,HA,A,head,boltz,7,9.0,input_model_1.cif,0.154,0.733,30,1.0,0.921,0.504,1.667,15.071,0.685,0.721,0.887
9azr_HL,HA,A,head,boltz,7,9.0,input_model_2.cif,0.129,0.667,30,1.0,0.906,0.504,3.575,15.324,0.685,0.721,0.887
9azr_HL,HA,A,head,boltz,7,9.0,input_model_3.cif,0.126,0.5,32,1.0,0.89,0.504,5.316,12.702,0.685,0.721,0.887
9azr_HL,HA,A,head,boltz,7,9.0,input_model_4.cif,0.026,0.714,14,1.0,0.884,0.506,7.164,20.171,0.685,0.721,0.887
9azr_HL,HA,A,head,boltz,8,6.0,input_model_0.cif,0.108,0.656,32,1.0,0.915,0.504,2.579,15.108,0.662,0.709,0.882
9azr_HL,HA,A,head,boltz,8,6.0,input_model_1.cif,0.129,0.636,33,1.0,0.917,0.504,2.633,14.747,0.662,0.709,0.882
9azr_HL,HA,A,head,boltz,8,6.0,input_model_2.cif,0.13,0.656,32,1.0,0.918,0.504,2.08,14.76,0.662,0.709,0.882
9azr_HL,HA,A,head,boltz,8,6.0,input_model_3.cif,0.126,0.647,34,1.0,0.918,0.504,2.373,14.705,0.662,0.709,0.882
9azr_HL,HA,A,head,boltz,8,6.0,input_model_4.cif,0.038,0.667,18,1.0,0.876,0.505,6.754,19.573,0.662,0.709,0.882
9azr_HL,HA,A,head,boltz,9,3.0,input_model_0.cif,0.108,0.417,36,1.0,0.844,0.504,8.334,11.035,0.742,0.757,0.882
9azr_HL,HA,A,head,boltz,9,3.0,input_model_1.cif,0.037,0.333,12,1.0,0.771,0.503,12.009,20.374,0.742,0.757,0.882
9azr_HL,HA,A,head,boltz,9,3.0,input_model_2.cif,0.107,0.656,32,1.0,0.914,0.504,2.666,14.589,0.742,0.757,0.882
9azr_HL,HA,A,head,boltz,9,3.0,input_model_3.cif,0.065,0.357,14,1.0,0.83,0.503,11.554,20.339,0.742,0.757,0.882
9azr_HL,HA,A,head,boltz,9,3.0,input_model_4.cif,0.059,0.579,19,1.0,0.897,0.504,7.111,17.131,0.742,0.757,0.882
9azr_HL,HA,A,head,boltz,10,2.0,input_model_0.cif,0.117,0.636,33,1.0,0.913,0.504,3.737,14.547,0.672,0.695,0.876
9azr_HL,HA,A,head,boltz,10,2.0,input_model_1.cif,0.054,0.154,13,1.0,0.619,0.5,13.468,16.87,0.672,0.695,0.876
9azr_HL,HA,A,head,boltz,10,2.0,input_model_2.cif,0.02,0.033,30,0.933,0.528,0.497,20.833,13.171,0.672,0.695,0.876
9azr_HL,HA,A,head,boltz,10,2.0,input_model_3.cif,0.11,0.667,33,1.0,0.919,0.504,2.522,14.733,0.672,0.695,0.876
9azr_HL,HA,A,head,boltz,10,2.0,input_model_4.cif,0.035,0.4,15,1.0,0.848,0.504,10.59,20.09,0.672,0.695,0.876
9azr_HL,HA,A,head,protenix,0,120.544,9azr_hl_sample_0.cif,0.005,0.067,30,1.0,0.527,0.508,17.331,13.552,0.262,0.441,74.89
9azr_HL,HA,A,head,protenix,0,120.544,9azr_hl_sample_1.cif,0.076,0.298,57,0.982,0.778,0.506,11.196,7.104,0.262,0.441,74.89
9azr_HL,HA,A,head,protenix,0,120.544,9azr_hl_sample_2.cif,0.022,0.021,48,0.958,0.277,0.496,19.207,8.005,0.262,0.441,74.89
9azr_HL,HA,A,head,protenix,0,120.544,9azr_hl_sample_3.cif,0.005,0.0,18,0.944,0.161,0.492,33.381,19.432,0.262,0.441,74.89
9azr_HL,HA,A,head,protenix,0,120.544,9azr_hl_sample_4.cif,0.007,0.0,31,0.935,0.186,0.5,25.891,12.51,0.262,0.441,74.89
9azr_HL,HA,A,head,protenix,1,91.887,9azr_hl_sample_0.cif,0.024,0.048,21,1.0,0.472,0.496,16.557,13.849,0.221,0.414,73.924
9azr_HL,HA,A,head,protenix,1,91.887,9azr_hl_sample_1.cif,0.124,0.667,33,0.97,0.926,0.504,2.087,14.663,0.221,0.414,73.924
9azr_HL,HA,A,head,protenix,1,91.887,9azr_hl_sample_2.cif,0.016,0.048,21,0.952,0.374,0.494,19.282,11.966,0.221,0.414,73.924
9azr_HL,HA,A,head,protenix,1,91.887,9azr_hl_sample_3.cif,0.022,0.0,31,0.968,0.355,0.504,18.949,10.015,0.221,0.414,73.924
9azr_HL,HA,A,head,protenix,1,91.887,9azr_hl_sample_4.cif,0.005,0.048,42,0.952,0.348,0.497,19.52,8.51,0.221,0.414,73.924
9azr_HL,HA,A,head,protenix,2,68.359,9azr_hl_sample_0.cif,0.017,0.056,36,0.944,0.399,0.495,17.482,9.876,0.33,0.442,75.952
9azr_HL,HA,A,head,protenix,2,68.359,9azr_hl_sample_1.cif,0.012,0.029,35,0.943,0.357,0.494,19.956,11.313,0.33,0.442,75.952
9azr_HL,HA,A,head,protenix,2,68.359,9azr_hl_sample_2.cif,0.015,0.05,40,0.95,0.306,0.496,19.426,8.678,0.33,0.442,75.952
9azr_HL,HA,A,head,protenix,2,68.359,9azr_hl_sample_3.cif,0.013,0.033,30,0.933,0.376,0.494,19.235,11.764,0.33,0.442,75.952
9azr_HL,HA,A,head,protenix,2,68.359,9azr_hl_sample_4.cif,0.014,0.047,43,0.953,0.395,0.494,16.476,9.02,0.33,0.442,75.952
9azr_HL,HA,A,head,protenix,3,51.422,9azr_hl_sample_0.cif,0.027,0.093,43,0.977,0.483,0.497,14.959,10.517,0.434,0.524,79.938
9azr_HL,HA,A,head,protenix,3,51.422,9azr_hl_sample_1.cif,0.013,0.0,28,0.929,0.283,0.5,23.172,12.264,0.434,0.524,79.938
9azr_HL,HA,A,head,protenix,3,51.422,9azr_hl_sample_2.cif,0.038,0.724,29,0.966,0.924,0.503,3.356,15.18,0.434,0.524,79.938
9azr_HL,HA,A,head,protenix,3,51.422,9azr_hl_sample_3.cif,0.027,0.0,35,0.943,0.381,0.494,22.878,12.691,0.434,0.524,79.938
9azr_HL,HA,A,head,protenix,3,51.422,9azr_hl_sample_4.cif,0.1,0.588,34,0.971,0.909,0.504,4.412,14.536,0.434,0.524,79.938
9azr_HL,HA,A,head,protenix,4,28.345,9azr_hl_sample_0.cif,0.376,0.815,27,0.963,0.939,0.504,2.071,15.838,0.565,0.635,85.535
9azr_HL,HA,A,head,protenix,4,28.345,9azr_hl_sample_1.cif,0.492,0.88,25,0.96,0.94,0.504,1.256,15.379,0.565,0.635,85.535
9azr_HL,HA,A,head,protenix,4,28.345,9azr_hl_sample_2.cif,0.406,0.852,27,0.963,0.94,0.504,1.739,15.656,0.565,0.635,85.535
9azr_HL,HA,A,head,protenix,4,28.345,9azr_hl_sample_3.cif,0.17,0.808,26,0.962,0.934,0.504,1.826,15.601,0.565,0.635,85.535
9azr_HL,HA,A,head,protenix,4,28.345,9azr_hl_sample_4.cif,0.16,0.636,33,0.97,0.928,0.504,3.855,15.089,0.565,0.635,85.535
9azr_HL,HA,A,head,protenix,5,22.355,9azr_hl_sample_0.cif,0.011,0.029,35,0.943,0.311,0.494,24.661,12.155,0.309,0.426,75.919
9azr_HL,HA,A,head,protenix,5,22.355,9azr_hl_sample_1.cif,0.015,0.321,56,0.982,0.827,0.501,13.383,8.306,0.309,0.426,75.919
9azr_HL,HA,A,head,protenix,5,22.355,9azr_hl_sample_2.cif,0.006,0.0,33,1.0,0.448,0.503,16.647,11.954,0.309,0.426,75.919
9azr_HL,HA,A,head,protenix,5,22.355,9azr_hl_sample_3.cif,0.014,0.071,42,1.0,0.442,0.502,15.179,10.216,0.309,0.426,75.919
9azr_HL,HA,A,head,protenix,5,22.355,9azr_hl_sample_4.cif,0.004,0.0,21,0.905,0.156,0.492,33.174,18.965,0.309,0.426,75.919
9azr_HL,HA,A,head,protenix,6,14.167,9azr_hl_sample_0.cif,0.015,0.026,38,0.947,0.365,0.493,22.947,12.09,0.401,0.499,77.261
9azr_HL,HA,A,head,protenix,6,14.167,9azr_hl_sample_1.cif,0.015,0.026,39,0.949,0.35,0.493,23.878,12.319,0.401,0.499,77.261
9azr_HL,HA,A,head,protenix,6,14.167,9azr_hl_sample_2.cif,0.02,0.047,43,0.977,0.494,0.497,15.245,10.538,0.401,0.499,77.261
9azr_HL,HA,A,head,protenix,6,14.167,9azr_hl_sample_3.cif,0.008,0.022,46,0.957,0.278,0.494,21.454,9.826,0.401,0.499,77.261
9azr_HL,HA,A,head,protenix,6,14.167,9azr_hl_sample_4.cif,0.025,0.026,39,0.974,0.411,0.498,16.168,10.385,0.401,0.499,77.261
9azr_HL,HA,A,head,protenix,7,9.0,9azr_hl_sample_0.cif,0.005,0.0,31,0.968,0.249,0.501,24.473,13.152,0.29,0.427,67.576
9azr_HL,HA,A,head,protenix,7,9.0,9azr_hl_sample_1.cif,0.007,0.0,49,1.0,0.134,0.506,20.501,6.545,0.29,0.427,67.576
9azr_HL,HA,A,head,protenix,7,9.0,9azr_hl_sample_2.cif,0.009,0.02,50,1.0,0.22,0.506,20.545,7.511,0.29,0.427,67.576
9azr_HL,HA,A,head,protenix,7,9.0,9azr_hl_sample_3.cif,0.016,0.0,37,0.946,0.224,0.499,23.809,12.283,0.29,0.427,67.576
9azr_HL,HA,A,head,protenix,7,9.0,9azr_hl_sample_4.cif,0.014,0.021,47,0.957,0.229,0.501,20.227,9.022,0.29,0.427,67.576
9azr_HL,HA,A,head,protenix,8,6.0,9azr_hl_sample_0.cif,0.049,0.026,39,1.0,0.424,0.498,16.603,10.675,0.38,0.489,74.062
9azr_HL,HA,A,head,protenix,8,6.0,9azr_hl_sample_1.cif,0.014,0.026,39,0.974,0.381,0.498,17.853,10.119,0.38,0.489,74.062
9azr_HL,HA,A,head,protenix,8,6.0,9azr_hl_sample_2.cif,0.019,0.033,30,0.967,0.386,0.5,15.773,10.465,0.38,0.489,74.062
9azr_HL,HA,A,head,protenix,8,6.0,9azr_hl_sample_3.cif,0.022,0.192,26,0.962,0.517,0.499,16.406,12.896,0.38,0.489,74.062
9azr_HL,HA,A,head,protenix,8,6.0,9azr_hl_sample_4.cif,0.007,0.0,28,0.929,0.25,0.496,19.598,8.979,0.38,0.489,74.062
9azr_HL,HA,A,head,protenix,9,3.0,9azr_hl_sample_0.cif,0.016,0.018,57,0.982,0.244,0.5,20.392,8.718,0.297,0.437,65.084
9azr_HL,HA,A,head,protenix,9,3.0,9azr_hl_sample_1.cif,0.016,0.019,54,0.981,0.26,0.501,20.939,9.212,0.297,0.437,65.084
9azr_HL,HA,A,head,protenix,9,3.0,9azr_hl_sample_2.cif,0.016,0.019,53,0.981,0.236,0.501,21.191,9.531,0.297,0.437,65.084
9azr_HL,HA,A,head,protenix,9,3.0,9azr_hl_sample_3.cif,0.008,0.059,51,1.0,0.36,0.505,15.994,5.411,0.297,0.437,65.084
9azr_HL,HA,A,head,protenix,9,3.0,9azr_hl_sample_4.cif,0.027,0.071,56,0.982,0.326,0.503,16.054,4.841,0.297,0.437,65.084
9azr_HL,HA,A,head,protenix,10,2.0,9azr_hl_sample_0.cif,0.013,0.056,36,0.972,0.31,0.502,19.911,9.115,0.453,0.545,71.94
9azr_HL,HA,A,head,protenix,10,2.0,9azr_hl_sample_1.cif,0.02,0.051,39,0.974,0.339,0.499,22.357,10.528,0.453,0.545,71.94
9azr_HL,HA,A,head,protenix,10,2.0,9azr_hl_sample_2.cif,0.014,0.029,35,0.971,0.27,0.505,23.809,10.642,0.453,0.545,71.94
9azr_HL,HA,A,head,protenix,10,2.0,9azr_hl_sample_3.cif,0.018,0.094,32,0.938,0.361,0.496,22.374,11.838,0.453,0.545,71.94
9azr_HL,HA,A,head,protenix,10,2.0,9azr_hl_sample_4.cif,0.013,0.2,20,1.0,0.669,0.504,10.396,16.153,0.453,0.545,71.94
9azr_HL,HA,A,head,protenix,11,1.0,9azr_hl_sample_0.cif,0.018,0.169,59,1.0,0.607,0.51,8.307,10.304,0.169,0.328,53.602
9azr_HL,HA,A,head,protenix,11,1.0,9azr_hl_sample_1.cif,0.007,0.083,72,0.944,0.418,0.498,12.39,6.201,0.169,0.328,53.602
9azr_HL,HA,A,head,protenix,11,1.0,9azr_hl_sample_2.cif,0.007,0.043,69,0.942,0.325,0.494,12.414,6.59,0.169,0.328,53.602
9azr_HL,HA,A,head,protenix,11,1.0,9azr_hl_sample_3.cif,0.009,0.066,61,0.951,0.321,0.498,12.54,6.4,0.169,0.328,53.602
9azr_HL,HA,A,head,protenix,11,1.0,9azr_hl_sample_4.cif,0.007,0.129,70,1.0,0.561,0.509,7.236,10.032,0.169,0.328,53.602
9azt_HL,HA,A,head,boltz,0,119.616,input_model_0.cif,0.021,0.0,28,0.964,0.393,0.499,22.676,12.52,0.642,0.701,0.88
9azt_HL,HA,A,head,boltz,0,119.616,input_model_1.cif,0.033,0.333,15,0.933,0.843,0.501,15.006,14.689,0.642,0.701,0.88
9azt_HL,HA,A,head,boltz,0,119.616,input_model_2.cif,0.426,0.688,32,1.0,0.915,0.504,3.743,15.465,0.642,0.701,0.88
9azt_HL,HA,A,head,boltz,0,119.616,input_model_3.cif,0.375,0.704,27,0.963,0.924,0.503,3.975,14.896,0.642,0.701,0.88
9azt_HL,HA,A,head,boltz,0,119.616,input_model_4.cif,0.238,0.778,27,1.0,0.928,0.504,3.528,15.039,0.642,0.701,0.88
9azt_HL,HA,A,head,boltz,1,88.834,input_model_0.cif,0.419,0.667,33,1.0,0.915,0.504,4.196,15.042,0.614,0.674,0.881
9azt_HL,HA,A,head,boltz,1,88.834,input_model_1.cif,0.323,0.667,33,0.97,0.921,0.503,4.345,14.603,0.614,0.674,0.881
9azt_HL,HA,A,head,boltz,1,88.834,input_model_2.cif,0.255,0.667,30,1.0,0.917,0.504,3.714,15.474,0.614,0.674,0.881
9azt_HL,HA,A,head,boltz,1,88.834,input_model_3.cif,0.034,0.0,15,0.933,0.482,0.498,21.791,13.702,0.614,0.674,0.881
9azt_HL,HA,A,head,boltz,1,88.834,input_model_4.cif,0.019,0.0,21,1.0,0.488,0.506,20.761,14.164,0.614,0.674,0.881
9azt_HL,HA,A,head,boltz,2,68.907,input_model_0.cif,0.444,0.759,29,1.0,0.928,0.504,2.885,15.209,0.671,0.722,0.885
9azt_HL,HA,A,head,boltz,2,68.907,input_model_1.cif,0.349,0.654,26,0.962,0.908,0.503,5.768,15.334,0.671,0.722,0.885
9azt_HL,HA,A,head,boltz,2,68.907,input_model_2.cif,0.254,0.588,34,0.971,0.904,0.503,5.393,14.688,0.671,0.722,0.885
9azt_HL,HA,A,head,boltz,2,68.907,input_model_3.cif,0.043,0.425,40,1.0,0.878,0.503,7.922,10.928,0.671,0.722,0.885
9azt_HL,HA,A,head,boltz,2,68.907,input_model_4.cif,0.209,0.552,29,0.966,0.885,0.503,7.421,14.599,0.671,0.722,0.885
9azt_HL,HA,A,head,boltz,3,45.001,input_model_0.cif,0.087,0.345,29,0.966,0.836,0.502,11.754,11.244,0.639,0.673,0.885
9azt_HL,HA,A,head,boltz,3,45.001,input_model_1.cif,0.284,0.7,30,1.0,0.92,0.504,4.064,15.115,0.639,0.673,0.885
9azt_HL,HA,A,head,boltz,3,45.001,input_model_2.cif,0.138,0.379,29,1.0,0.861,0.502,10.902,11.638,0.639,0.673,0.885
9azt_HL,HA,A,head,boltz,3,45.001,input_model_3.cif,0.246,0.75,28,1.0,0.93,0.504,3.654,15.471,0.639,0.673,0.885
9azt_HL,HA,A,head,boltz,3,45.001,input_model_4.cif,0.288,0.586,29,0.966,0.912,0.504,5.839,14.449,0.639,0.673,0.885
9azt_HL,HA,A,head,boltz,4,29.735,input_model_0.cif,0.075,0.4,30,1.0,0.812,0.504,9.002,11.939,0.78,0.775,0.89
9azt_HL,HA,A,head,boltz,4,29.735,input_model_1.cif,0.247,0.6,30,0.967,0.91,0.504,6.136,14.101,0.78,0.775,0.89
9azt_HL,HA,A,head,boltz,4,29.735,input_model_2.cif,0.14,0.542,24,1.0,0.849,0.502,8.123,14.083,0.78,0.775,0.89
9azt_HL,HA,A,head,boltz,4,29.735,input_model_3.cif,0.101,0.469,32,1.0,0.887,0.503,8.087,13.516,0.78,0.775,0.89
9azt_HL,HA,A,head,boltz,4,29.735,input_model_4.cif,0.263,0.6,35,0.971,0.913,0.504,5.096,14.646,0.78,0.775,0.89
9azt_HL,HA,A,head,boltz,5,21.936,input_model_0.cif,0.393,0.645,31,1.0,0.916,0.504,4.822,15.185,0.704,0.746,0.883
9azt_HL,HA,A,head,boltz,5,21.936,input_model_1.cif,0.283,0.577,26,1.0,0.882,0.504,7.622,14.858,0.704,0.746,0.883
9azt_HL,HA,A,head,boltz,5,21.936,input_model_2.cif,0.092,0.464,28,1.0,0.872,0.502,8.425,12.89,0.704,0.746,0.883
9azt_HL,HA,A,head,boltz,5,21.936,input_model_3.cif,0.019,0.05,20,0.95,0.552,0.498,24.162,15.04,0.704,0.746,0.883
9azt_HL,HA,A,head,boltz,5,21.936,input_model_4.cif,0.069,0.286,28,0.964,0.833,0.501,12.821,11.224,0.704,0.746,0.883
9azt_HL,HA,A,head,boltz,6,14.0,input_model_0.cif,0.069,0.531,32,1.0,0.88,0.503,8.51,11.725,0.642,0.695,0.889
9azt_HL,HA,A,head,boltz,6,14.0,input_model_1.cif,0.248,0.667,27,1.0,0.908,0.505,5.735,15.294,0.642,0.695,0.889
9azt_HL,HA,A,head,boltz,6,14.0,input_model_2.cif,0.028,0.0,16,0.938,0.5,0.498,19.895,13.066,0.642,0.695,0.889
9azt_HL,HA,A,head,boltz,6,14.0,input_model_3.cif,0.285,0.714,21,1.0,0.898,0.503,6.359,15.3,0.642,0.695,0.889
9azt_HL,HA,A,head,boltz,6,14.0,input_model_4.cif,0.045,0.37,27,1.0,0.849,0.503,11.799,12.161,0.642,0.695,0.889
9azt_HL,HA,A,head,boltz,7,9.333,input_model_0.cif,0.398,0.759,29,1.0,0.923,0.504,3.436,15.138,0.618,0.678,0.885
9azt_HL,HA,A,head,boltz,7,9.333,input_model_1.cif,0.247,0.6,35,1.0,0.904,0.504,4.064,14.811,0.618,0.678,0.885
9azt_HL,HA,A,head,boltz,7,9.333,input_model_2.cif,0.252,0.655,29,1.0,0.925,0.505,5.045,14.562,0.618,0.678,0.885
9azt_HL,HA,A,head,boltz,7,9.333,input_model_3.cif,0.285,0.679,28,1.0,0.913,0.504,5.285,15.352,0.618,0.678,0.885
9azt_HL,HA,A,head,boltz,7,9.333,input_model_4.cif,0.129,0.625,32,1.0,0.902,0.504,4.757,13.874,0.618,0.678,0.885
9azt_HL,HA,A,head,boltz,8,5.0,input_model_0.cif,0.576,0.724,29,1.0,0.925,0.504,3.53,15.074,0.635,0.69,0.888
9azt_HL,HA,A,head,boltz,8,5.0,input_model_1.cif,0.057,0.447,38,1.0,0.865,0.505,5.946,11.743,0.635,0.69,0.888
9azt_HL,HA,A,head,boltz,8,5.0,input_model_2.cif,0.423,0.71,31,1.0,0.922,0.504,3.929,15.218,0.635,0.69,0.888
9azt_HL,HA,A,head,boltz,8,5.0,input_model_3.cif,0.074,0.44,25,1.0,0.845,0.502,10.746,12.167,0.635,0.69,0.888
9azt_HL,HA,A,head,boltz,8,5.0,input_model_4.cif,0.203,0.704,27,1.0,0.919,0.504,4.685,15.226,0.635,0.69,0.888
9azt_HL,HA,A,head,boltz,9,3.0,input_model_0.cif,0.28,0.621,29,1.0,0.907,0.504,5.791,15.415,0.617,0.672,0.882
9azt_HL,HA,A,head,boltz,9,3.0,input_model_1.cif,0.133,0.5,34,1.0,0.875,0.502,6.95,12.705,0.617,0.672,0.882
9azt_HL,HA,A,head,boltz,9,3.0,input_model_2.cif,0.08,0.6,30,1.0,0.906,0.503,5.553,12.472,0.617,0.672,0.882
9azt_HL,HA,A,head,boltz,9,3.0,input_model_3.cif,0.146,0.636,22,1.0,0.913,0.504,6.299,14.452,0.617,0.672,0.882
9azt_HL,HA,A,head,boltz,9,3.0,input_model_4.cif,0.191,0.552,29,0.966,0.892,0.504,7.104,14.703,0.617,0.672,0.882
9azt_HL,HA,A,head,boltz,10,2.0,input_model_0.cif,0.029,0.304,23,1.0,0.786,0.502,12.183,12.602,0.597,0.661,0.892
9azt_HL,HA,A,head,boltz,10,2.0,input_model_1.cif,0.248,0.567,30,0.967,0.897,0.504,6.629,14.756,0.597,0.661,0.892
9azt_HL,HA,A,head,boltz,10,2.0,input_model_2.cif,0.385,0.625,32,1.0,0.912,0.504,4.717,15.226,0.597,0.661,0.892
9azt_HL,HA,A,head,boltz,10,2.0,input_model_3.cif,0.233,0.75,24,0.958,0.918,0.504,5.841,15.007,0.597,0.661,0.892
9azt_HL,HA,A,head,boltz,10,2.0,input_model_4.cif,0.029,0.364,11,1.0,0.855,0.5,14.495,15.784,0.597,0.661,0.892
9azt_HL,HA,A,head,protenix,0,119.616,9azt_hl_sample_0.cif,0.01,0.0,43,0.953,0.295,0.494,20.745,10.408,0.294,0.417,73.23
9azt_HL,HA,A,head,protenix,0,119.616,9azt_hl_sample_1.cif,0.01,0.029,34,0.941,0.334,0.493,22.473,12.598,0.294,0.417,73.23
9azt_HL,HA,A,head,protenix,0,119.616,9azt_hl_sample_2.cif,0.064,0.281,57,0.947,0.802,0.496,15.631,9.479,0.294,0.417,73.23
9azt_HL,HA,A,head,protenix,0,119.616,9azt_hl_sample_3.cif,0.078,0.46,50,0.98,0.908,0.507,4.227,12.365,0.294,0.417,73.23
9azt_HL,HA,A,head,protenix,0,119.616,9azt_hl_sample_4.cif,0.018,0.0,42,0.952,0.315,0.493,23.09,11.816,0.294,0.417,73.23
9azt_HL,HA,A,head,protenix,1,88.834,9azt_hl_sample_0.cif,0.008,0.0,41,0.976,0.262,0.497,21.406,8.272,0.332,0.43,73.526
9azt_HL,HA,A,head,protenix,1,88.834,9azt_hl_sample_1.cif,0.009,0.026,38,0.947,0.321,0.492,25.067,13.267,0.332,0.43,73.526
9azt_HL,HA,A,head,protenix,1,88.834,9azt_hl_sample_2.cif,0.008,0.02,49,0.918,0.258,0.494,20.775,8.389,0.332,0.43,73.526
9azt_HL,HA,A,head,protenix,1,88.834,9azt_hl_sample_3.cif,0.009,0.023,43,0.93,0.311,0.492,23.899,12.538,0.332,0.43,73.526
9azt_HL,HA,A,head,protenix,1,88.834,9azt_hl_sample_4.cif,0.012,0.024,42,0.929,0.224,0.494,23.959,10.329,0.332,0.43,73.526
9azt_HL,HA,A,head,protenix,2,68.907,9azt_hl_sample_0.cif,0.007,0.0,57,1.0,0.183,0.501,18.986,6.207,0.154,0.421,66.866
9azt_HL,HA,A,head,protenix,2,68.907,9azt_hl_sample_1.cif,0.009,0.023,43,0.93,0.355,0.493,18.924,10.181,0.154,0.421,66.866
9azt_HL,HA,A,head,protenix,2,68.907,9azt_hl_sample_2.cif,0.006,0.0,45,0.956,0.204,0.497,25.247,10.481,0.154,0.421,66.866
9azt_HL,HA,A,head,protenix,2,68.907,9azt_hl_sample_3.cif,0.007,0.0,34,0.941,0.297,0.494,26.073,13.388,0.154,0.421,66.866
9azt_HL,HA,A,head,protenix,2,68.907,9azt_hl_sample_4.cif,0.006,0.0,30,0.933,0.278,0.494,24.032,12.045,0.154,0.421,66.866
9azt_HL,HA,A,head,protenix,3,45.001,9azt_hl_sample_0.cif,0.006,0.044,45,0.911,0.378,0.491,21.721,11.051,0.258,0.477,67.298
9azt_HL,HA,A,head,protenix,3,45.001,9azt_hl_sample_1.cif,0.013,0.0,37,0.946,0.317,0.49,29.208,16.133,0.258,0.477,67.298
9azt_HL,HA,A,head,protenix,3,45.001,9azt_hl_sample_2.cif,0.006,0.022,45,0.956,0.328,0.493,22.584,10.735,0.258,0.477,67.298
9azt_HL,HA,A,head,protenix,3,45.001,9azt_hl_sample_3.cif,0.006,0.021,48,0.958,0.389,0.494,18.088,6.68,0.258,0.477,67.298
9azt_HL,HA,A,head,protenix,3,45.001,9azt_hl_sample_4.cif,0.006,0.0,50,0.98,0.2,0.498,19.141,6.768,0.258,0.477,67.298
9azt_HL,HA,A,head,protenix,4,29.735,9azt_hl_sample_0.cif,0.017,0.0,44,0.955,0.305,0.492,24.196,11.71,0.31,0.503,69.18
9azt_HL,HA,A,head,protenix,4,29.735,9azt_hl_sample_1.cif,0.016,0.025,40,0.95,0.308,0.493,24.523,11.816,0.31,0.503,69.18
9azt_HL,HA,A,head,protenix,4,29.735,9azt_hl_sample_2.cif,0.016,0.04,50,0.92,0.319,0.492,23.752,11.415,0.31,0.503,69.18
9azt_HL,HA,A,head,protenix,4,29.735,9azt_hl_sample_3.cif,0.006,0.036,56,0.929,0.265,0.493,21.939,9.682,0.31,0.503,69.18
9azt_HL,HA,A,head,protenix,4,29.735,9azt_hl_sample_4.cif,0.007,0.022,46,0.935,0.244,0.494,26.329,12.276,0.31,0.503,69.18
9azt_HL,HA,A,head,protenix,5,21.936,9azt_hl_sample_0.cif,0.005,0.0,30,0.967,0.223,0.497,28.102,12.803,0.178,0.441,68.54
9azt_HL,HA,A,head,protenix,5,21.936,9azt_hl_sample_1.cif,0.01,0.0,52,0.942,0.144,0.498,26.054,10.679,0.178,0.441,68.54
9azt_HL,HA,A,head,protenix,5,21.936,9azt_hl_sample_2.cif,0.015,0.019,52,0.942,0.279,0.495,20.752,8.695,0.178,0.441,68.54
9azt_HL,HA,A,head,protenix,5,21.936,9azt_hl_sample_3.cif,0.02,0.3,50,1.0,0.739,0.502,11.088,10.602,0.178,0.441,68.54
9azt_HL,HA,A,head,protenix,5,21.936,9azt_hl_sample_4.cif,0.006,0.0,45,0.978,0.278,0.501,15.766,5.848,0.178,0.441,68.54
9azt_HL,HA,A,head,protenix,6,14.0,9azt_hl_sample_0.cif,0.014,0.058,86,0.942,0.351,0.493,19.92,7.076,0.162,0.402,60.243
9azt_HL,HA,A,head,protenix,6,14.0,9azt_hl_sample_1.cif,0.014,0.035,57,0.965,0.238,0.496,22.531,9.765,0.162,0.402,60.243
9azt_HL,HA,A,head,protenix,6,14.0,9azt_hl_sample_2.cif,0.013,0.0,49,0.959,0.09,0.5,23.748,9.612,0.162,0.402,60.243
9azt_HL,HA,A,head,protenix,6,14.0,9azt_hl_sample_3.cif,0.01,0.016,61,0.934,0.262,0.494,21.144,8.216,0.162,0.402,60.243
9azt_HL,HA,A,head,protenix,6,14.0,9azt_hl_sample_4.cif,0.007,0.014,72,0.958,0.178,0.496,20.261,6.427,0.162,0.402,60.243
9azt_HL,HA,A,head,protenix,7,9.333,9azt_hl_sample_0.cif,0.011,0.0,18,0.944,0.155,0.492,34.693,20.088,0.214,0.449,64.402
9azt_HL,HA,A,head,protenix,7,9.333,9azt_hl_sample_1.cif,0.013,0.0,44,0.955,0.296,0.493,24.017,11.372,0.214,0.449,64.402
9azt_HL,HA,A,head,protenix,7,9.333,9azt_hl_sample_2.cif,0.008,0.0,38,0.868,0.336,0.492,24.586,12.205,0.214,0.449,64.402
9azt_HL,HA,A,head,protenix,7,9.333,9azt_hl_sample_3.cif,0.015,0.0,40,0.95,0.303,0.493,22.977,11.464,0.214,0.449,64.402
9azt_HL,HA,A,head,protenix,7,9.333,9azt_hl_sample_4.cif,0.007,0.0,51,0.922,0.234,0.494,23.228,9.187,0.214,0.449,64.402
9azt_HL,HA,A,head,protenix,8,5.0,9azt_hl_sample_0.cif,0.006,0.086,58,0.948,0.451,0.496,13.524,6.123,0.157,0.384,60.172
9azt_HL,HA,A,head,protenix,8,5.0,9azt_hl_sample_1.cif,0.008,0.222,81,0.963,0.751,0.5,10.113,6.534,0.157,0.384,60.172
9azt_HL,HA,A,head,protenix,8,5.0,9azt_hl_sample_2.cif,0.017,0.209,43,0.977,0.579,0.504,14.762,12.024,0.157,0.384,60.172
9azt_HL,HA,A,head,protenix,8,5.0,9azt_hl_sample_3.cif,0.007,0.056,71,0.958,0.334,0.496,14.683,5.359,0.157,0.384,60.172
9azt_HL,HA,A,head,protenix,8,5.0,9azt_hl_sample_4.cif,0.012,0.2,40,1.0,0.577,0.502,12.705,11.647,0.157,0.384,60.172
9azt_HL,HA,A,head,protenix,9,3.0,9azt_hl_sample_0.cif,0.009,0.301,73,0.986,0.814,0.5,12.021,4.825,0.152,0.358,56.092
9azt_HL,HA,A,head,protenix,9,3.0,9azt_hl_sample_1.cif,0.02,0.407,54,0.981,0.858,0.503,8.687,10.3,0.152,0.358,56.092
9azt_HL,HA,A,head,protenix,9,3.0,9azt_hl_sample_2.cif,0.005,0.023,43,0.953,0.337,0.498,19.542,9.084,0.152,0.358,56.092
9azt_HL,HA,A,head,protenix,9,3.0,9azt_hl_sample_3.cif,0.01,0.0,36,0.944,0.211,0.499,23.827,12.391,0.152,0.358,56.092
9azt_HL,HA,A,head,protenix,9,3.0,9azt_hl_sample_4.cif,0.036,0.269,78,0.974,0.802,0.503,6.512,8.592,0.152,0.358,56.092
9azt_HL,HA,A,head,protenix,10,2.0,9azt_hl_sample_0.cif,0.013,0.028,36,0.944,0.264,0.5,21.954,10.143,0.158,0.318,53.317
9azt_HL,HA,A,head,protenix,10,2.0,9azt_hl_sample_1.cif,0.009,0.106,47,1.0,0.48,0.501,15.651,9.636,0.158,0.318,53.317
9azt_HL,HA,A,head,protenix,10,2.0,9azt_hl_sample_2.cif,0.007,0.095,74,0.946,0.469,0.496,15.527,6.152,0.158,0.318,53.317
9azt_HL,HA,A,head,protenix,10,2.0,9azt_hl_sample_3.cif,0.009,0.0,45,1.0,0.366,0.506,18.672,9.714,0.158,0.318,53.317
9azt_HL,HA,A,head,protenix,10,2.0,9azt_hl_sample_4.cif,0.007,0.324,71,0.986,0.84,0.504,4.531,10.641,0.158,0.318,53.317
9azt_HL,HA,A,head,protenix,11,1.0,9azt_hl_sample_0.cif,0.012,0.015,66,0.955,0.332,0.495,12.423,6.047,0.176,0.319,41.069
9azt_HL,HA,A,head,protenix,11,1.0,9azt_hl_sample_1.cif,0.029,0.188,64,0.984,0.612,0.501,8.706,6.627,0.176,0.319,41.069
9azt_HL,HA,A,head,protenix,11,1.0,9azt_hl_sample_2.cif,0.006,0.039,76,0.974,0.337,0.497,5.649,5.485,0.176,0.319,41.069
9azt_HL,HA,A,head,protenix,11,1.0,9azt_hl_sample_3.cif,0.007,0.147,75,0.987,0.533,0.506,9.089,4.732,0.176,0.319,41.069
9azt_HL,HA,A,head,protenix,11,1.0,9azt_hl_sample_4.cif,0.01,0.129,85,0.988,0.616,0.507,4.086,5.066,0.176,0.319,41.069
9azv_HL,HA,A,head,boltz,0,119.616,input_model_0.cif,0.115,0.571,28,0.964,0.883,0.502,7.914,14.614,0.678,0.719,0.889
9azv_HL,HA,A,head,boltz,0,119.616,input_model_1.cif,0.061,0.152,33,0.97,0.535,0.501,16.866,9.683,0.678,0.719,0.889
9azv_HL,HA,A,head,boltz,0,119.616,input_model_2.cif,0.169,0.636,33,1.0,0.909,0.504,4.367,14.82,0.678,0.719,0.889
9azv_HL,HA,A,head,boltz,0,119.616,input_model_3.cif,0.151,0.647,34,0.971,0.911,0.503,4.355,14.648,0.678,0.719,0.889
9azv_HL,HA,A,head,boltz,0,119.616,input_model_4.cif,0.346,0.583,36,0.972,0.912,0.504,3.998,14.266,0.678,0.719,0.889
9azv_HL,HA,A,head,boltz,1,88.834,input_model_0.cif,0.036,0.35,20,0.95,0.772,0.499,15.724,14.358,0.596,0.666,0.894
9azv_HL,HA,A,head,boltz,1,88.834,input_model_1.cif,0.279,0.656,32,0.969,0.923,0.504,4.138,14.76,0.596,0.666,0.894
9azv_HL,HA,A,head,boltz,1,88.834,input_model_2.cif,0.278,0.606,33,1.0,0.902,0.504,3.614,14.86,0.596,0.666,0.894
9azv_HL,HA,A,head,boltz,1,88.834,input_model_3.cif,0.238,0.645,31,1.0,0.911,0.504,2.726,14.635,0.596,0.666,0.894
9azv_HL,HA,A,head,boltz,1,88.834,input_model_4.cif,0.198,0.618,34,0.971,0.912,0.504,5.003,14.558,0.596,0.666,0.894
9azv_HL,HA,A,head,boltz,2,68.907,input_model_0.cif,0.078,0.484,31,0.968,0.884,0.503,8.376,11.794,0.718,0.748,0.897
9azv_HL,HA,A,head,boltz,2,68.907,input_model_1.cif,0.247,0.656,32,1.0,0.916,0.504,3.267,14.963,0.718,0.748,0.897
9azv_HL,HA,A,head,boltz,2,68.907,input_model_2.cif,0.068,0.455,33,1.0,0.854,0.502,9.731,11.065,0.718,0.748,0.897
9azv_HL,HA,A,head,boltz,2,68.907,input_model_3.cif,0.248,0.562,32,0.969,0.909,0.503,5.042,14.294,0.718,0.748,0.897
9azv_HL,HA,A,head,boltz,2,68.907,input_model_4.cif,0.135,0.639,36,1.0,0.921,0.504,4.292,14.255,0.718,0.748,0.897
9azv_HL,HA,A,head,boltz,3,45.001,input_model_0.cif,0.111,0.531,32,0.969,0.885,0.503,7.331,14.27,0.722,0.726,0.879
9azv_HL,HA,A,head,boltz,3,45.001,input_model_1.cif,0.147,0.581,31,1.0,0.902,0.503,5.777,14.025,0.722,0.726,0.879
9azv_HL,HA,A,head,boltz,3,45.001,input_model_2.cif,0.125,0.655,29,1.0,0.907,0.504,4.172,14.917,0.722,0.726,0.879
9azv_HL,HA,A,head,boltz,3,45.001,input_model_3.cif,0.377,0.656,32,1.0,0.908,0.505,2.427,14.79,0.722,0.726,0.879
9azv_HL,HA,A,head,boltz,3,45.001,input_model_4.cif,0.323,0.594,32,0.969,0.914,0.504,3.939,14.379,0.722,0.726,0.879
9azv_HL,HA,A,head,boltz,4,29.735,input_model_0.cif,0.016,0.0,27,1.0,0.403,0.497,23.827,12.093,0.756,0.757,0.877
9azv_HL,HA,A,head,boltz,4,29.735,input_model_1.cif,0.02,0.057,35,0.971,0.501,0.498,20.656,11.258,0.756,0.757,0.877
9azv_HL,HA,A,head,boltz,4,29.735,input_model_2.cif,0.273,0.576,33,1.0,0.909,0.504,4.429,14.016,0.756,0.757,0.877
9azv_HL,HA,A,head,boltz,4,29.735,input_model_3.cif,0.403,0.657,35,1.0,0.917,0.504,3.194,14.922,0.756,0.757,0.877
9azv_HL,HA,A,head,boltz,4,29.735,input_model_4.cif,0.223,0.576,33,1.0,0.913,0.504,4.823,13.875,0.756,0.757,0.877
9azv_HL,HA,A,head,boltz,5,21.936,input_model_0.cif,0.12,0.346,26,1.0,0.818,0.502,11.596,11.434,0.686,0.732,0.894
9azv_HL,HA,A,head,boltz,5,21.936,input_model_1.cif,0.026,0.069,29,0.966,0.465,0.498,19.941,11.104,0.686,0.732,0.894
9azv_HL,HA,A,head,boltz,5,21.936,input_model_2.cif,0.205,0.677,31,1.0,0.914,0.504,3.801,14.89,0.686,0.732,0.894
9azv_HL,HA,A,head,boltz,5,21.936,input_model_3.cif,0.259,0.75,28,1.0,0.927,0.504,2.9,15.319,0.686,0.732,0.894
9azv_HL,HA,A,head,boltz,5,21.936,input_model_4.cif,0.328,0.679,28,1.0,0.907,0.504,4.242,14.581,0.686,0.732,0.894
9azv_HL,HA,A,head,boltz,6,14.0,input_model_0.cif,0.292,0.629,35,1.0,0.916,0.504,3.773,14.666,0.728,0.759,0.888
9azv_HL,HA,A,head,boltz,6,14.0,input_model_1.cif,0.274,0.606,33,1.0,0.907,0.504,4.759,14.385,0.728,0.759,0.888
9azv_HL,HA,A,head,boltz,6,14.0,input_model_2.cif,0.149,0.64,25,1.0,0.903,0.504,5.519,14.668,0.728,0.759,0.888
9azv_HL,HA,A,head,boltz,6,14.0,input_model_3.cif,0.097,0.478,23,1.0,0.851,0.503,8.744,14.28,0.728,0.759,0.888
9azv_HL,HA,A,head,boltz,6,14.0,input_model_4.cif,0.025,0.211,19,0.947,0.598,0.5,17.331,12.316,0.728,0.759,0.888
9azv_HL,HA,A,head,boltz,7,9.333,input_model_0.cif,0.053,0.389,36,1.0,0.828,0.504,8.422,10.447,0.769,0.789,0.893
9azv_HL,HA,A,head,boltz,7,9.333,input_model_1.cif,0.272,0.613,31,1.0,0.895,0.504,4.428,14.602,0.769,0.789,0.893
9azv_HL,HA,A,head,boltz,7,9.333,input_model_2.cif,0.124,0.4,25,1.0,0.834,0.502,10.351,12.349,0.769,0.789,0.893
9azv_HL,HA,A,head,boltz,7,9.333,input_model_3.cif,0.275,0.576,33,1.0,0.901,0.504,3.928,14.327,0.769,0.789,0.893
9azv_HL,HA,A,head,boltz,7,9.333,input_model_4.cif,0.213,0.522,23,1.0,0.862,0.504,5.652,13.238,0.769,0.789,0.893
9azv_HL,HA,A,head,boltz,8,5.0,input_model_0.cif,0.387,0.633,30,1.0,0.912,0.504,3.979,14.869,0.651,0.706,0.897
9azv_HL,HA,A,head,boltz,8,5.0,input_model_1.cif,0.292,0.667,33,1.0,0.914,0.504,3.769,15.089,0.651,0.706,0.897
9azv_HL,HA,A,head,boltz,8,5.0,input_model_2.cif,0.115,0.565,23,1.0,0.89,0.502,8.51,14.437,0.651,0.706,0.897
9azv_HL,HA,A,head,boltz,8,5.0,input_model_3.cif,0.208,0.636,33,1.0,0.906,0.504,3.741,14.666,0.651,0.706,0.897
9azv_HL,HA,A,head,boltz,8,5.0,input_model_4.cif,0.392,0.688,32,1.0,0.923,0.505,2.833,14.945,0.651,0.706,0.897
9azv_HL,HA,A,head,boltz,9,3.0,input_model_0.cif,0.111,0.657,35,1.0,0.916,0.504,3.895,14.455,0.665,0.696,0.879
9azv_HL,HA,A,head,boltz,9,3.0,input_model_1.cif,0.358,0.613,31,1.0,0.914,0.504,4.236,14.562,0.665,0.696,0.879
9azv_HL,HA,A,head,boltz,9,3.0,input_model_2.cif,0.029,0.125,32,0.969,0.563,0.498,21.15,11.919,0.665,0.696,0.879
9azv_HL,HA,A,head,boltz,9,3.0,input_model_3.cif,0.199,0.613,31,0.968,0.91,0.504,4.939,14.624,0.665,0.696,0.879
9azv_HL,HA,A,head,boltz,9,3.0,input_model_4.cif,0.248,0.655,29,1.0,0.919,0.504,4.54,14.677,0.665,0.696,0.879
9azv_HL,HA,A,head,boltz,10,2.0,input_model_0.cif,0.143,0.667,24,1.0,0.896,0.502,7.021,13.53,0.614,0.677,0.894
9azv_HL,HA,A,head,boltz,10,2.0,input_model_1.cif,0.137,0.571,28,1.0,0.903,0.504,5.648,14.327,0.614,0.677,0.894
9azv_HL,HA,A,head,boltz,10,2.0,input_model_2.cif,0.029,0.0,22,0.955,0.355,0.493,23.61,14.185,0.614,0.677,0.894
9azv_HL,HA,A,head,boltz,10,2.0,input_model_3.cif,0.166,0.636,33,1.0,0.908,0.504,4.808,14.678,0.614,0.677,0.894
9azv_HL,HA,A,head,boltz,10,2.0,input_model_4.cif,0.17,0.611,36,1.0,0.902,0.504,4.571,14.302,0.614,0.677,0.894
9azv_HL,HA,A,head,protenix,0,119.616,9azv_hl_sample_0.cif,0.05,0.434,53,0.981,0.883,0.507,6.832,11.156,0.189,0.423,66.217
9azv_HL,HA,A,head,protenix,0,119.616,9azv_hl_sample_1.cif,0.006,0.024,41,0.951,0.217,0.498,19.916,7.758,0.189,0.423,66.217
9azv_HL,HA,A,head,protenix,0,119.616,9azv_hl_sample_2.cif,0.005,0.017,59,0.949,0.17,0.496,20.337,6.015,0.189,0.423,66.217
9azv_HL,HA,A,head,protenix,0,119.616,9azv_hl_sample_3.cif,0.006,0.019,54,0.963,0.2,0.497,18.672,5.26,0.189,0.423,66.217
9azv_HL,HA,A,head,protenix,0,119.616,9azv_hl_sample_4.cif,0.009,0.237,59,1.0,0.764,0.507,12.936,11.59,0.189,0.423,66.217
9azv_HL,HA,A,head,protenix,1,88.834,9azv_hl_sample_0.cif,0.005,0.0,51,0.961,0.158,0.498,23.986,9.327,0.182,0.407,67.609
9azv_HL,HA,A,head,protenix,1,88.834,9azv_hl_sample_1.cif,0.007,0.022,46,0.957,0.341,0.498,16.433,7.1,0.182,0.407,67.609
9azv_HL,HA,A,head,protenix,1,88.834,9azv_hl_sample_2.cif,0.005,0.0,36,0.944,0.176,0.501,24.524,11.895,0.182,0.407,67.609
9azv_HL,HA,A,head,protenix,1,88.834,9azv_hl_sample_3.cif,0.012,0.05,40,0.925,0.348,0.493,21.889,11.224,0.182,0.407,67.609
9azv_HL,HA,A,head,protenix,1,88.834,9azv_hl_sample_4.cif,0.005,0.0,31,0.935,0.088,0.495,29.112,13.819,0.182,0.407,67.609
9azv_HL,HA,A,head,protenix,2,68.907,9azv_hl_sample_0.cif,0.013,0.087,46,0.957,0.39,0.494,19.113,10.607,0.348,0.448,76.912
9azv_HL,HA,A,head,protenix,2,68.907,9azv_hl_sample_1.cif,0.017,0.0,59,0.949,0.328,0.493,22.338,10.474,0.348,0.448,76.912
9azv_HL,HA,A,head,protenix,2,68.907,9azv_hl_sample_2.cif,0.074,0.452,42,0.976,0.885,0.497,12.21,9.163,0.348,0.448,76.912
9azv_HL,HA,A,head,protenix,2,68.907,9azv_hl_sample_3.cif,0.063,0.647,34,0.971,0.926,0.503,3.851,14.715,0.348,0.448,76.912
9azv_HL,HA,A,head,protenix,2,68.907,9azv_hl_sample_4.cif,0.011,0.021,47,1.0,0.24,0.5,19.414,5.887,0.348,0.448,76.912
9azv_HL,HA,A,head,protenix,3,45.001,9azv_hl_sample_0.cif,0.01,0.0,40,0.95,0.169,0.498,24.84,9.498,0.17,0.428,72.3
9azv_HL,HA,A,head,protenix,3,45.001,9azv_hl_sample_1.cif,0.005,0.0,38,0.921,0.208,0.497,25.411,9.967,0.17,0.428,72.3
9azv_HL,HA,A,head,protenix,3,45.001,9azv_hl_sample_2.cif,0.005,0.0,37,0.946,0.091,0.497,28.066,12.55,0.17,0.428,72.3
9azv_HL,HA,A,head,protenix,3,45.001,9azv_hl_sample_3.cif,0.006,0.022,45,0.978,0.322,0.495,19.801,8.842,0.17,0.428,72.3
9azv_HL,HA,A,head,protenix,3,45.001,9azv_hl_sample_4.cif,0.005,0.0,33,0.97,0.087,0.496,25.874,10.928,0.17,0.428,72.3
9azv_HL,HA,A,head,protenix,4,29.735,9azv_hl_sample_0.cif,0.007,0.071,56,0.982,0.492,0.502,12.337,8.192,0.177,0.423,64.825
9azv_HL,HA,A,head,protenix,4,29.735,9azv_hl_sample_1.cif,0.006,0.107,56,0.982,0.534,0.502,12.036,9.561,0.177,0.423,64.825
9azv_HL,HA,A,head,protenix,4,29.735,9azv_hl_sample_2.cif,0.006,0.021,48,0.938,0.289,0.493,22.428,10.207,0.177,0.423,64.825
9azv_HL,HA,A,head,protenix,4,29.735,9azv_hl_sample_3.cif,0.01,0.036,56,0.964,0.3,0.498,18.913,7.013,0.177,0.423,64.825
9azv_HL,HA,A,head,protenix,4,29.735,9azv_hl_sample_4.cif,0.012,0.022,46,0.957,0.273,0.494,21.633,9.936,0.177,0.423,64.825
9azv_HL,HA,A,head,protenix,5,21.936,9azv_hl_sample_0.cif,0.006,0.171,41,0.976,0.633,0.499,10.994,10.646,0.182,0.418,67.255
9azv_HL,HA,A,head,protenix,5,21.936,9azv_hl_sample_1.cif,0.006,0.068,44,0.977,0.36,0.501,15.167,8.043,0.182,0.418,67.255
9azv_HL,HA,A,head,protenix,5,21.936,9azv_hl_sample_2.cif,0.007,0.359,64,0.984,0.869,0.501,6.145,10.54,0.182,0.418,67.255
9azv_HL,HA,A,head,protenix,5,21.936,9azv_hl_sample_3.cif,0.006,0.224,76,0.987,0.713,0.5,14.978,3.374,0.182,0.418,67.255
9azv_HL,HA,A,head,protenix,5,21.936,9azv_hl_sample_4.cif,0.006,0.065,46,0.957,0.333,0.498,23.415,8.829,0.182,0.418,67.255
9azv_HL,HA,A,head,protenix,6,14.0,9azv_hl_sample_0.cif,0.007,0.0,43,0.953,0.129,0.499,27.01,11.476,0.215,0.452,65.679
9azv_HL,HA,A,head,protenix,6,14.0,9azv_hl_sample_1.cif,0.005,0.0,45,0.956,0.222,0.498,26.76,11.199,0.215,0.452,65.679
9azv_HL,HA,A,head,protenix,6,14.0,9azv_hl_sample_2.cif,0.006,0.0,45,0.956,0.232,0.498,26.654,11.171,0.215,0.452,65.679
9azv_HL,HA,A,head,protenix,6,14.0,9azv_hl_sample_3.cif,0.006,0.0,28,0.893,0.205,0.491,31.878,18.294,0.215,0.452,65.679
9azv_HL,HA,A,head,protenix,6,14.0,9azv_hl_sample_4.cif,0.005,0.286,56,0.911,0.801,0.492,17.596,7.086,0.215,0.452,65.679
9azv_HL,HA,A,head,protenix,7,9.333,9azv_hl_sample_0.cif,0.006,0.0,28,0.929,0.106,0.496,26.675,11.718,0.172,0.403,66.041
9azv_HL,HA,A,head,protenix,7,9.333,9azv_hl_sample_1.cif,0.005,0.018,57,0.965,0.276,0.499,18.757,4.985,0.172,0.403,66.041
9azv_HL,HA,A,head,protenix,7,9.333,9azv_hl_sample_2.cif,0.009,0.047,64,0.984,0.371,0.495,19.856,8.733,0.172,0.403,66.041
9azv_HL,HA,A,head,protenix,7,9.333,9azv_hl_sample_3.cif,0.006,0.0,39,0.949,0.193,0.499,26.072,11.78,0.172,0.403,66.041
9azv_HL,HA,A,head,protenix,7,9.333,9azv_hl_sample_4.cif,0.067,0.319,47,0.979,0.81,0.501,10.22,10.662,0.172,0.403,66.041
9azv_HL,HA,A,head,protenix,8,5.0,9azv_hl_sample_0.cif,0.01,0.076,66,0.955,0.369,0.499,17.847,6.162,0.175,0.405,60.545
9azv_HL,HA,A,head,protenix,8,5.0,9azv_hl_sample_1.cif,0.012,0.167,78,0.936,0.58,0.492,13.707,2.481,0.175,0.405,60.545
9azv_HL,HA,A,head,protenix,8,5.0,9azv_hl_sample_2.cif,0.008,0.183,82,0.976,0.663,0.503,9.324,6.522,0.175,0.405,60.545
9azv_HL,HA,A,head,protenix,8,5.0,9azv_hl_sample_3.cif,0.007,0.022,46,0.957,0.307,0.499,20.866,10.011,0.175,0.405,60.545
9azv_HL,HA,A,head,protenix,8,5.0,9azv_hl_sample_4.cif,0.007,0.028,71,0.972,0.171,0.5,18.739,5.784,0.175,0.405,60.545
9azv_HL,HA,A,head,protenix,9,3.0,9azv_hl_sample_0.cif,0.006,0.088,57,0.982,0.401,0.501,16.012,6.076,0.192,0.379,68.263
9azv_HL,HA,A,head,protenix,9,3.0,9azv_hl_sample_1.cif,0.014,0.0,45,1.0,0.273,0.5,19.455,9.592,0.192,0.379,68.263
9azv_HL,HA,A,head,protenix,9,3.0,9azv_hl_sample_2.cif,0.007,0.224,67,0.985,0.708,0.506,6.495,8.589,0.192,0.379,68.263
9azv_HL,HA,A,head,protenix,9,3.0,9azv_hl_sample_3.cif,0.01,0.105,38,0.947,0.506,0.494,19.419,12.431,0.192,0.379,68.263
9azv_HL,HA,A,head,protenix,9,3.0,9azv_hl_sample_4.cif,0.007,0.153,59,0.966,0.556,0.499,13.357,4.077,0.192,0.379,68.263
9azv_HL,HA,A,head,protenix,10,2.0,9azv_hl_sample_0.cif,0.004,0.1,40,0.95,0.384,0.499,12.01,9.702,0.16,0.312,53.382
9azv_HL,HA,A,head,protenix,10,2.0,9azv_hl_sample_1.cif,0.006,0.135,74,0.973,0.531,0.5,10.338,4.114,0.16,0.312,53.382
9azv_HL,HA,A,head,protenix,10,2.0,9azv_hl_sample_2.cif,0.005,0.135,52,0.923,0.504,0.493,17.491,9.965,0.16,0.312,53.382
9azv_HL,HA,A,head,protenix,10,2.0,9azv_hl_sample_3.cif,0.01,0.098,51,0.941,0.393,0.495,15.319,7.264,0.16,0.312,53.382
9azv_HL,HA,A,head,protenix,10,2.0,9azv_hl_sample_4.cif,0.031,0.047,43,1.0,0.368,0.503,12.609,8.723,0.16,0.312,53.382
9azv_HL,HA,A,head,protenix,11,1.0,9azv_hl_sample_0.cif,0.01,0.12,83,1.0,0.462,0.503,9.258,7.933,0.178,0.331,53.539
9azv_HL,HA,A,head,protenix,11,1.0,9azv_hl_sample_1.cif,0.009,0.218,87,0.966,0.738,0.504,6.414,6.267,0.178,0.331,53.539
9azv_HL,HA,A,head,protenix,11,1.0,9azv_hl_sample_2.cif,0.007,0.077,91,0.967,0.41,0.499,5.57,3.083,0.178,0.331,53.539
9azv_HL,HA,A,head,protenix,11,1.0,9azv_hl_sample_3.cif,0.006,0.106,66,1.0,0.528,0.508,10.283,8.591,0.178,0.331,53.539
9azv_HL,HA,A,head,protenix,11,1.0,9azv_hl_sample_4.cif,0.007,0.146,103,0.961,0.625,0.496,6.115,3.958,0.178,0.331,53.539
9b7g_QP,HA,A,head,boltz,0,175.83,input_model_0.cif,0.115,0.69,29,1.0,0.946,0.619,3.332,18.617,0.887,0.85,0.866
9b7g_QP,HA,A,head,boltz,0,175.83,input_model_1.cif,0.053,0.613,31,1.0,0.92,0.626,5.102,17.229,0.887,0.85,0.866
9b7g_QP,HA,A,head,boltz,0,175.83,input_model_2.cif,0.063,0.645,31,1.0,0.93,0.624,4.01,18.064,0.887,0.85,0.866
9b7g_QP,HA,A,head,boltz,0,175.83,input_model_3.cif,0.071,0.6,35,1.0,0.933,0.618,3.054,18.445,0.887,0.85,0.866
9b7g_QP,HA,A,head,boltz,0,175.83,input_model_4.cif,0.066,0.625,32,1.0,0.921,0.626,4.161,18.026,0.887,0.85,0.866
9b7g_QP,HA,A,head,boltz,1,127.599,input_model_0.cif,0.035,0.531,32,1.0,0.908,0.628,6.956,15.788,0.657,0.759,0.879
9b7g_QP,HA,A,head,boltz,1,127.599,input_model_1.cif,0.063,0.581,31,1.0,0.921,0.626,5.497,17.127,0.657,0.759,0.879
9b7g_QP,HA,A,head,boltz,1,127.599,input_model_2.cif,0.01,0.0,24,1.0,0.481,0.622,25.569,13.593,0.657,0.759,0.879
9b7g_QP,HA,A,head,boltz,1,127.599,input_model_3.cif,0.051,0.581,31,1.0,0.919,0.625,4.596,17.713,0.657,0.759,0.879
9b7g_QP,HA,A,head,boltz,1,127.599,input_model_4.cif,0.04,0.543,35,1.0,0.911,0.629,6.58,16.016,0.657,0.759,0.879
9b7g_QP,HA,A,head,boltz,2,82.037,input_model_0.cif,0.043,0.581,31,1.0,0.917,0.627,5.129,17.501,0.782,0.821,0.876
9b7g_QP,HA,A,head,boltz,2,82.037,input_model_1.cif,0.046,0.606,33,1.0,0.928,0.625,4.216,17.876,0.782,0.821,0.876
9b7g_QP,HA,A,head,boltz,2,82.037,input_model_2.cif,0.039,0.586,29,1.0,0.918,0.626,5.306,17.297,0.782,0.821,0.876
9b7g_QP,HA,A,head,boltz,2,82.037,input_model_3.cif,0.05,0.6,30,1.0,0.924,0.627,4.793,17.574,0.782,0.821,0.876
9b7g_QP,HA,A,head,boltz,2,82.037,input_model_4.cif,0.052,0.667,30,1.0,0.927,0.625,3.784,18.081,0.782,0.821,0.876
9b7g_QP,HA,A,head,boltz,3,62.323,input_model_0.cif,0.049,0.581,31,1.0,0.919,0.627,5.266,17.25,0.701,0.789,0.88
9b7g_QP,HA,A,head,boltz,3,62.323,input_model_1.cif,0.058,0.606,33,1.0,0.931,0.626,3.892,18.038,0.701,0.789,0.88
9b7g_QP,HA,A,head,boltz,3,62.323,input_model_2.cif,0.043,0.562,32,1.0,0.918,0.628,5.21,17.419,0.701,0.789,0.88
9b7g_QP,HA,A,head,boltz,3,62.323,input_model_3.cif,0.047,0.486,37,1.0,0.911,0.628,6.317,16.216,0.701,0.789,0.88
9b7g_QP,HA,A,head,boltz,3,62.323,input_model_4.cif,0.068,0.6,30,1.0,0.922,0.626,4.933,17.674,0.701,0.789,0.88
9b7g_QP,HA,A,head,boltz,4,39.0,input_model_0.cif,0.036,0.6,30,1.0,0.924,0.628,4.731,17.776,0.667,0.757,0.868
9b7g_QP,HA,A,head,boltz,4,39.0,input_model_1.cif,0.035,0.621,29,1.0,0.911,0.628,5.788,17.13,0.667,0.757,0.868
9b7g_QP,HA,A,head,boltz,4,39.0,input_model_2.cif,0.039,0.528,36,1.0,0.919,0.628,5.561,16.683,0.667,0.757,0.868
9b7g_QP,HA,A,head,boltz,4,39.0,input_model_3.cif,0.065,0.633,30,1.0,0.932,0.625,4.311,17.548,0.667,0.757,0.868
9b7g_QP,HA,A,head,boltz,4,39.0,input_model_4.cif,0.067,0.581,31,1.0,0.917,0.627,4.596,17.452,0.667,0.757,0.868
9b7g_QP,HA,A,head,boltz,5,26.0,input_model_0.cif,0.043,0.621,29,1.0,0.916,0.626,4.294,17.733,0.728,0.79,0.871
9b7g_QP,HA,A,head,boltz,5,26.0,input_model_1.cif,0.05,0.581,31,1.0,0.924,0.626,4.554,17.564,0.728,0.79,0.871
9b7g_QP,HA,A,head,boltz,5,26.0,input_model_2.cif,0.055,0.654,26,1.0,0.928,0.621,6.231,18.012,0.728,0.79,0.871
9b7g_QP,HA,A,head,boltz,5,26.0,input_model_3.cif,0.046,0.6,25,1.0,0.925,0.624,5.923,17.92,0.728,0.79,0.871
9b7g_QP,HA,A,head,boltz,5,26.0,input_model_4.cif,0.037,0.737,19,1.0,0.945,0.607,4.048,20.576,0.728,0.79,0.871
9b7g_QP,HA,A,head,boltz,6,15.5,input_model_0.cif,0.062,0.613,31,1.0,0.922,0.626,4.477,17.58,0.719,0.784,0.875
9b7g_QP,HA,A,head,boltz,6,15.5,input_model_1.cif,0.044,0.613,31,1.0,0.927,0.625,3.956,18.064,0.719,0.784,0.875
9b7g_QP,HA,A,head,boltz,6,15.5,input_model_2.cif,0.047,0.75,32,1.0,0.952,0.615,0.663,19.893,0.719,0.784,0.875
9b7g_QP,HA,A,head,boltz,6,15.5,input_model_3.cif,0.039,0.559,34,1.0,0.912,0.627,5.892,16.671,0.719,0.784,0.875
9b7g_QP,HA,A,head,boltz,6,15.5,input_model_4.cif,0.069,0.636,33,1.0,0.934,0.624,4.611,17.766,0.719,0.784,0.875
9b7g_QP,HA,A,head,boltz,7,8.0,input_model_0.cif,0.117,0.808,26,1.0,0.952,0.618,2.239,19.608,0.733,0.783,0.873
9b7g_QP,HA,A,head,boltz,7,8.0,input_model_1.cif,0.059,0.613,31,1.0,0.925,0.626,4.528,17.697,0.733,0.783,0.873
9b7g_QP,HA,A,head,boltz,7,8.0,input_model_2.cif,0.035,0.531,32,1.0,0.907,0.627,7.88,15.395,0.733,0.783,0.873
9b7g_QP,HA,A,head,boltz,7,8.0,input_model_3.cif,0.072,0.607,28,1.0,0.925,0.628,5.524,17.454,0.733,0.783,0.873
9b7g_QP,HA,A,head,boltz,7,8.0,input_model_4.cif,0.041,0.528,36,1.0,0.914,0.628,6.683,15.762,0.733,0.783,0.873
9b7g_QP,HA,A,head,boltz,8,4.0,input_model_0.cif,0.062,0.613,31,1.0,0.924,0.625,5.137,17.946,0.592,0.723,0.881
9b7g_QP,HA,A,head,boltz,8,4.0,input_model_1.cif,0.037,0.714,28,1.0,0.945,0.626,4.043,19.275,0.592,0.723,0.881
9b7g_QP,HA,A,head,boltz,8,4.0,input_model_2.cif,0.047,0.621,29,1.0,0.918,0.627,5.645,17.387,0.592,0.723,0.881
9b7g_QP,HA,A,head,boltz,8,4.0,input_model_3.cif,0.059,0.545,33,1.0,0.925,0.621,5.205,17.536,0.592,0.723,0.881
9b7g_QP,HA,A,head,boltz,8,4.0,input_model_4.cif,0.048,0.618,34,1.0,0.944,0.619,3.893,18.736,0.592,0.723,0.881
9b7g_QP,HA,A,head,boltz,9,2.0,input_model_0.cif,0.051,0.562,32,1.0,0.92,0.626,6.305,16.768,0.629,0.75,0.882
9b7g_QP,HA,A,head,boltz,9,2.0,input_model_1.cif,0.048,0.607,28,1.0,0.921,0.626,5.418,17.291,0.629,0.75,0.882
9b7g_QP,HA,A,head,boltz,9,2.0,input_model_2.cif,0.067,0.621,29,1.0,0.919,0.626,5.004,17.651,0.629,0.75,0.882
9b7g_QP,HA,A,head,boltz,9,2.0,input_model_3.cif,0.027,0.64,25,1.0,0.919,0.617,6.503,18.077,0.629,0.75,0.882
9b7g_QP,HA,A,head,boltz,9,2.0,input_model_4.cif,0.05,0.769,26,1.0,0.945,0.613,1.432,19.933,0.629,0.75,0.882
9b7g_QP,HA,A,head,boltz,10,1.0,input_model_0.cif,0.631,0.778,27,1.0,0.954,0.617,1.891,19.442,0.816,0.83,0.872
9b7g_QP,HA,A,head,boltz,10,1.0,input_model_1.cif,0.064,0.581,31,1.0,0.926,0.624,5.025,17.378,0.816,0.83,0.872
9b7g_QP,HA,A,head,boltz,10,1.0,input_model_2.cif,0.032,0.545,33,1.0,0.912,0.628,5.264,17.175,0.816,0.83,0.872
9b7g_QP,HA,A,head,boltz,10,1.0,input_model_3.cif,0.054,0.594,32,1.0,0.919,0.627,4.675,17.53,0.816,0.83,0.872
9b7g_QP,HA,A,head,boltz,10,1.0,input_model_4.cif,0.043,0.708,24,1.0,0.921,0.624,7.432,17.106,0.816,0.83,0.872
9b7g_QP,HA,A,head,protenix,0,175.83,9b7g_qp_sample_0.cif,0.028,0.632,38,1.0,0.944,0.624,3.399,19.147,0.251,0.616,71.697
9b7g_QP,HA,A,head,protenix,0,175.83,9b7g_qp_sample_1.cif,0.049,0.593,27,1.0,0.922,0.618,4.195,17.344,0.251,0.616,71.697
9b7g_QP,HA,A,head,protenix,0,175.83,9b7g_qp_sample_2.cif,0.063,0.571,35,0.971,0.937,0.625,4.282,18.216,0.251,0.616,71.697
9b7g_QP,HA,A,head,protenix,0,175.83,9b7g_qp_sample_3.cif,0.035,0.595,37,1.0,0.94,0.629,3.661,17.976,0.251,0.616,71.697
9b7g_QP,HA,A,head,protenix,0,175.83,9b7g_qp_sample_4.cif,0.282,0.618,34,0.971,0.942,0.625,2.832,18.473,0.251,0.616,71.697
9b7g_QP,HA,A,head,protenix,1,127.599,9b7g_qp_sample_0.cif,0.023,0.727,33,1.0,0.95,0.632,2.358,19.112,0.234,0.608,74.895
9b7g_QP,HA,A,head,protenix,1,127.599,9b7g_qp_sample_1.cif,0.018,0.3,60,0.567,0.863,0.453,30.449,11.821,0.234,0.608,74.895
9b7g_QP,HA,A,head,protenix,1,127.599,9b7g_qp_sample_2.cif,0.021,0.71,31,1.0,0.943,0.62,1.959,18.72,0.234,0.608,74.895
9b7g_QP,HA,A,head,protenix,1,127.599,9b7g_qp_sample_3.cif,0.025,0.571,35,1.0,0.928,0.628,5.705,17.044,0.234,0.608,74.895
9b7g_QP,HA,A,head,protenix,1,127.599,9b7g_qp_sample_4.cif,0.111,0.6,30,1.0,0.931,0.629,3.981,17.538,0.234,0.608,74.895
9b7g_QP,HA,A,head,protenix,2,82.037,9b7g_qp_sample_0.cif,0.037,0.35,40,0.775,0.872,0.523,23.493,10.432,0.215,0.604,76.161
9b7g_QP,HA,A,head,protenix,2,82.037,9b7g_qp_sample_1.cif,0.032,0.76,25,1.0,0.945,0.633,2.939,19.805,0.215,0.604,76.161
9b7g_QP,HA,A,head,protenix,2,82.037,9b7g_qp_sample_2.cif,0.09,0.793,29,1.0,0.954,0.624,0.562,19.981,0.215,0.604,76.161
9b7g_QP,HA,A,head,protenix,2,82.037,9b7g_qp_sample_3.cif,0.079,0.85,20,1.0,0.94,0.629,1.696,19.654,0.215,0.604,76.161
9b7g_QP,HA,A,head,protenix,2,82.037,9b7g_qp_sample_4.cif,0.009,0.0,39,0.641,0.42,0.503,32.162,16.887,0.215,0.604,76.161
9b7g_QP,HA,A,head,protenix,3,62.323,9b7g_qp_sample_0.cif,0.084,0.46,50,0.94,0.932,0.59,8.8,11.244,0.222,0.6,71.118
9b7g_QP,HA,A,head,protenix,3,62.323,9b7g_qp_sample_1.cif,0.062,0.513,39,1.0,0.899,0.62,7.253,14.464,0.222,0.6,71.118
9b7g_QP,HA,A,head,protenix,3,62.323,9b7g_qp_sample_2.cif,0.049,0.571,35,1.0,0.924,0.626,5.874,17.07,0.222,0.6,71.118
9b7g_QP,HA,A,head,protenix,3,62.323,9b7g_qp_sample_3.cif,0.05,0.556,36,1.0,0.918,0.617,7.257,15.997,0.222,0.6,71.118
9b7g_QP,HA,A,head,protenix,3,62.323,9b7g_qp_sample_4.cif,0.008,0.021,47,0.766,0.458,0.518,31.375,15.9,0.222,0.6,71.118
9b7g_QP,HA,A,head,protenix,4,39.0,9b7g_qp_sample_0.cif,0.021,0.38,50,0.92,0.903,0.571,11.742,12.312,0.196,0.587,67.494
9b7g_QP,HA,A,head,protenix,4,39.0,9b7g_qp_sample_1.cif,0.051,0.364,55,1.0,0.883,0.626,8.329,13.947,0.196,0.587,67.494
9b7g_QP,HA,A,head,protenix,4,39.0,9b7g_qp_sample_2.cif,0.028,0.697,33,1.0,0.949,0.63,1.263,19.407,0.196,0.587,67.494
9b7g_QP,HA,A,head,protenix,4,39.0,9b7g_qp_sample_3.cif,0.064,0.605,38,1.0,0.943,0.622,3.939,19.493,0.196,0.587,67.494
9b7g_QP,HA,A,head,protenix,4,39.0,9b7g_qp_sample_4.cif,0.037,0.724,29,1.0,0.947,0.622,1.677,19.425,0.196,0.587,67.494
9b7g_QP,HA,A,head,protenix,5,26.0,9b7g_qp_sample_0.cif,0.006,0.235,68,0.397,0.822,0.434,41.454,22.635,0.258,0.58,72.762
9b7g_QP,HA,A,head,protenix,5,26.0,9b7g_qp_sample_1.cif,0.006,0.231,52,0.442,0.845,0.455,40.274,21.144,0.258,0.58,72.762
9b7g_QP,HA,A,head,protenix,5,26.0,9b7g_qp_sample_2.cif,0.006,0.306,62,0.516,0.864,0.46,36.85,18.464,0.258,0.58,72.762
9b7g_QP,HA,A,head,protenix,5,26.0,9b7g_qp_sample_3.cif,0.006,0.259,58,0.448,0.85,0.442,39.379,20.861,0.258,0.58,72.762
9b7g_QP,HA,A,head,protenix,5,26.0,9b7g_qp_sample_4.cif,0.007,0.215,65,0.462,0.801,0.443,39.663,20.608,0.258,0.58,72.762
9b7g_QP,HA,A,head,protenix,6,15.5,9b7g_qp_sample_0.cif,0.045,0.636,33,0.939,0.944,0.58,1.564,20.005,0.165,0.572,63.533
9b7g_QP,HA,A,head,protenix,6,15.5,9b7g_qp_sample_1.cif,0.048,0.7,30,1.0,0.949,0.624,2.673,19.408,0.165,0.572,63.533
9b7g_QP,HA,A,head,protenix,6,15.5,9b7g_qp_sample_2.cif,0.009,0.025,40,0.75,0.523,0.52,23.723,12.28,0.165,0.572,63.533
9b7g_QP,HA,A,head,protenix,6,15.5,9b7g_qp_sample_3.cif,0.008,0.222,90,0.5,0.816,0.432,40.562,21.81,0.165,0.572,63.533
9b7g_QP,HA,A,head,protenix,6,15.5,9b7g_qp_sample_4.cif,0.008,0.032,63,0.444,0.394,0.43,26.307,14.734,0.165,0.572,63.533
9b7g_QP,HA,A,head,protenix,7,8.0,9b7g_qp_sample_0.cif,0.013,0.161,93,0.731,0.741,0.512,22.191,7.059,0.188,0.55,61.546
9b7g_QP,HA,A,head,protenix,7,8.0,9b7g_qp_sample_1.cif,0.009,0.183,82,0.524,0.785,0.438,28.656,13.286,0.188,0.55,61.546
9b7g_QP,HA,A,head,protenix,7,8.0,9b7g_qp_sample_2.cif,0.031,0.4,45,0.978,0.891,0.585,9.738,13.411,0.188,0.55,61.546
9b7g_QP,HA,A,head,protenix,7,8.0,9b7g_qp_sample_3.cif,0.04,0.486,37,1.0,0.924,0.626,2.981,17.62,0.188,0.55,61.546
9b7g_QP,HA,A,head,protenix,7,8.0,9b7g_qp_sample_4.cif,0.006,0.017,58,0.414,0.279,0.419,31.837,18.862,0.188,0.55,61.546
9b7g_QP,HA,A,head,protenix,8,4.0,9b7g_qp_sample_0.cif,0.018,0.263,76,1.0,0.85,0.583,24.247,8.423,0.204,0.536,57.889
9b7g_QP,HA,A,head,protenix,8,4.0,9b7g_qp_sample_1.cif,0.029,0.353,51,1.0,0.893,0.627,10.733,13.795,0.204,0.536,57.889
9b7g_QP,HA,A,head,protenix,8,4.0,9b7g_qp_sample_2.cif,0.025,0.333,57,1.0,0.9,0.593,10.439,12.916,0.204,0.536,57.889
9b7g_QP,HA,A,head,protenix,8,4.0,9b7g_qp_sample_3.cif,0.018,0.319,47,1.0,0.845,0.611,12.917,12.534,0.204,0.536,57.889
9b7g_QP,HA,A,head,protenix,8,4.0,9b7g_qp_sample_4.cif,0.063,0.658,38,1.0,0.954,0.615,2.926,18.388,0.204,0.536,57.889
9b7g_QP,HA,A,head,protenix,9,2.0,9b7g_qp_sample_0.cif,0.01,0.0,97,0.691,0.275,0.475,23.055,11.215,0.161,0.356,40.929
9b7g_QP,HA,A,head,protenix,9,2.0,9b7g_qp_sample_1.cif,0.008,0.032,63,0.73,0.417,0.508,24.633,12.091,0.161,0.356,40.929
9b7g_QP,HA,A,head,protenix,9,2.0,9b7g_qp_sample_2.cif,0.014,0.068,73,0.699,0.476,0.487,17.95,11.669,0.161,0.356,40.929
9b7g_QP,HA,A,head,protenix,9,2.0,9b7g_qp_sample_3.cif,0.009,0.021,97,0.619,0.274,0.462,22.452,12.899,0.161,0.356,40.929
9b7g_QP,HA,A,head,protenix,9,2.0,9b7g_qp_sample_4.cif,0.012,0.053,57,0.86,0.602,0.571,15.124,11.245,0.161,0.356,40.929
9b7g_QP,HA,A,head,protenix,10,1.0,9b7g_qp_sample_0.cif,0.008,0.039,76,0.658,0.449,0.466,19.14,14.964,0.181,0.306,38.192
9b7g_QP,HA,A,head,protenix,10,1.0,9b7g_qp_sample_1.cif,0.007,0.077,78,0.59,0.476,0.44,16.188,14.64,0.181,0.306,38.192
9b7g_QP,HA,A,head,protenix,10,1.0,9b7g_qp_sample_2.cif,0.035,0.073,55,0.582,0.555,0.479,15.908,15.516,0.181,0.306,38.192
9b7g_QP,HA,A,head,protenix,10,1.0,9b7g_qp_sample_3.cif,0.008,0.037,54,0.278,0.493,0.419,15.923,15.422,0.181,0.306,38.192
9b7g_QP,HA,A,head,protenix,10,1.0,9b7g_qp_sample_4.cif,0.008,0.132,53,0.415,0.697,0.486,14.279,21.413,0.181,0.306,38.192
9b7g_QP,HA,A,head,protenix,11,1.0,9b7g_qp_sample_0.cif,0.008,0.021,48,0.667,0.436,0.494,18.431,14.639,0.184,0.324,41.555
9b7g_QP,HA,A,head,protenix,11,1.0,9b7g_qp_sample_1.cif,0.006,0.056,72,0.611,0.432,0.445,17.699,16.185,0.184,0.324,41.555
9b7g_QP,HA,A,head,protenix,11,1.0,9b7g_qp_sample_2.cif,0.009,0.109,64,0.703,0.662,0.489,11.646,15.776,0.184,0.324,41.555
9b7g_QP,HA,A,head,protenix,11,1.0,9b7g_qp_sample_3.cif,0.006,0.016,61,0.541,0.368,0.45,22.307,17.739,0.184,0.324,41.555
9b7g_QP,HA,A,head,protenix,11,1.0,9b7g_qp_sample_4.cif,0.027,0.075,40,0.35,0.693,0.482,13.418,20.603,0.184,0.324,41.555
9bdg_FI,HA,A,head,boltz,0,183.969,input_model_0.cif,0.066,0.591,22,1.0,0.906,0.665,9.878,14.144,0.424,0.68,0.908
9bdg_FI,HA,A,head,boltz,0,183.969,input_model_1.cif,0.017,0.174,23,1.0,0.742,0.597,20.651,17.836,0.424,0.68,0.908
9bdg_FI,HA,A,head,boltz,0,183.969,input_model_2.cif,0.017,0.115,26,1.0,0.719,0.663,17.757,17.608,0.424,0.68,0.908
9bdg_FI,HA,A,head,boltz,0,183.969,input_model_3.cif,0.022,0.154,26,1.0,0.758,0.664,17.841,17.55,0.424,0.68,0.908
9bdg_FI,HA,A,head,boltz,0,183.969,input_model_4.cif,0.017,0.067,30,1.0,0.709,0.66,19.271,18.127,0.424,0.68,0.908
9bdg_FI,HA,A,head,boltz,1,127.756,input_model_0.cif,0.016,0.143,21,1.0,0.715,0.572,21.33,18.525,0.843,0.904,0.916
9bdg_FI,HA,A,head,boltz,1,127.756,input_model_1.cif,0.018,0.062,32,1.0,0.734,0.66,19.329,18.99,0.843,0.904,0.916
9bdg_FI,HA,A,head,boltz,1,127.756,input_model_2.cif,0.01,0.1,20,1.0,0.702,0.577,22.448,19.157,0.843,0.904,0.916
9bdg_FI,HA,A,head,boltz,1,127.756,input_model_3.cif,0.017,0.097,31,1.0,0.675,0.659,18.658,16.811,0.843,0.904,0.916
9bdg_FI,HA,A,head,boltz,1,127.756,input_model_4.cif,0.017,0.167,24,1.0,0.722,0.587,21.22,18.176,0.843,0.904,0.916
9bdg_FI,HA,A,head,boltz,2,88.441,input_model_0.cif,0.016,0.13,23,1.0,0.723,0.582,21.858,18.635,0.749,0.864,0.91
9bdg_FI,HA,A,head,boltz,2,88.441,input_model_1.cif,0.034,0.16,25,1.0,0.732,0.61,19.818,16.811,0.749,0.864,0.91
9bdg_FI,HA,A,head,boltz,2,88.441,input_model_2.cif,0.016,0.136,22,1.0,0.711,0.575,21.293,18.552,0.749,0.864,0.91
9bdg_FI,HA,A,head,boltz,2,88.441,input_model_3.cif,0.02,0.138,29,1.0,0.781,0.663,18.842,18.732,0.749,0.864,0.91
9bdg_FI,HA,A,head,boltz,2,88.441,input_model_4.cif,0.029,0.217,23,1.0,0.763,0.6,18.226,15.61,0.749,0.864,0.91
9bdg_FI,HA,A,head,boltz,3,54.161,input_model_0.cif,0.016,0.174,23,1.0,0.724,0.572,21.264,18.521,0.499,0.707,0.912
9bdg_FI,HA,A,head,boltz,3,54.161,input_model_1.cif,0.015,0.111,27,1.0,0.729,0.659,19.382,18.102,0.499,0.707,0.912
9bdg_FI,HA,A,head,boltz,3,54.161,input_model_2.cif,0.017,0.107,28,1.0,0.712,0.661,18.106,17.109,0.499,0.707,0.912
9bdg_FI,HA,A,head,boltz,3,54.161,input_model_3.cif,0.017,0.103,29,1.0,0.704,0.659,18.397,17.41,0.499,0.707,0.912
9bdg_FI,HA,A,head,boltz,3,54.161,input_model_4.cif,0.021,0.097,31,1.0,0.782,0.664,19.368,19.029,0.499,0.707,0.912
9bdg_FI,HA,A,head,boltz,4,35.023,input_model_0.cif,0.017,0.182,22,1.0,0.728,0.579,20.865,18.229,0.527,0.731,0.907
9bdg_FI,HA,A,head,boltz,4,35.023,input_model_1.cif,0.026,0.226,31,1.0,0.814,0.667,17.809,18.2,0.527,0.731,0.907
9bdg_FI,HA,A,head,boltz,4,35.023,input_model_2.cif,0.02,0.129,31,1.0,0.777,0.664,19.189,18.842,0.527,0.731,0.907
9bdg_FI,HA,A,head,boltz,4,35.023,input_model_3.cif,0.015,0.107,28,1.0,0.729,0.656,19.359,17.869,0.527,0.731,0.907
9bdg_FI,HA,A,head,boltz,4,35.023,input_model_4.cif,0.016,0.167,24,1.0,0.732,0.587,19.526,16.684,0.527,0.731,0.907
9bdg_FI,HA,A,head,boltz,5,24.917,input_model_0.cif,0.024,0.217,23,1.0,0.746,0.591,19.826,17.424,0.845,0.908,0.919
9bdg_FI,HA,A,head,boltz,5,24.917,input_model_1.cif,0.015,0.071,28,1.0,0.708,0.657,19.638,18.811,0.845,0.908,0.919
9bdg_FI,HA,A,head,boltz,5,24.917,input_model_2.cif,0.016,0.19,21,1.0,0.716,0.584,20.45,17.207,0.845,0.908,0.919
9bdg_FI,HA,A,head,boltz,5,24.917,input_model_3.cif,0.019,0.125,32,1.0,0.771,0.663,19.299,18.889,0.845,0.908,0.919
9bdg_FI,HA,A,head,boltz,5,24.917,input_model_4.cif,0.015,0.136,22,1.0,0.735,0.658,18.588,17.864,0.845,0.908,0.919
9bdg_FI,HA,A,head,boltz,6,14.0,input_model_0.cif,0.017,0.174,23,1.0,0.724,0.58,21.638,18.667,0.662,0.807,0.907
9bdg_FI,HA,A,head,boltz,6,14.0,input_model_1.cif,0.011,0.154,26,1.0,0.71,0.58,21.758,19.104,0.662,0.807,0.907
9bdg_FI,HA,A,head,boltz,6,14.0,input_model_2.cif,0.029,0.647,17,1.0,0.891,0.671,10.419,13.558,0.662,0.807,0.907
9bdg_FI,HA,A,head,boltz,6,14.0,input_model_3.cif,0.017,0.1,30,1.0,0.712,0.661,18.28,17.205,0.662,0.807,0.907
9bdg_FI,HA,A,head,boltz,6,14.0,input_model_4.cif,0.031,0.162,37,1.0,0.796,0.665,17.798,17.973,0.662,0.807,0.907
9bdg_FI,HA,A,head,boltz,7,10.0,input_model_0.cif,0.016,0.16,25,1.0,0.725,0.581,21.609,18.41,0.706,0.84,0.909
9bdg_FI,HA,A,head,boltz,7,10.0,input_model_1.cif,0.016,0.15,20,1.0,0.725,0.58,20.971,18.096,0.706,0.84,0.909
9bdg_FI,HA,A,head,boltz,7,10.0,input_model_2.cif,0.024,0.233,30,1.0,0.807,0.666,18.229,18.584,0.706,0.84,0.909
9bdg_FI,HA,A,head,boltz,7,10.0,input_model_3.cif,0.031,0.474,19,1.0,0.893,0.669,10.514,15.453,0.706,0.84,0.909
9bdg_FI,HA,A,head,boltz,7,10.0,input_model_4.cif,0.017,0.19,21,1.0,0.731,0.59,19.912,17.183,0.706,0.84,0.909
9bdg_FI,HA,A,head,boltz,8,4.0,input_model_0.cif,0.015,0.077,26,1.0,0.706,0.656,20.088,18.492,0.705,0.838,0.907
9bdg_FI,HA,A,head,boltz,8,4.0,input_model_1.cif,0.016,0.174,23,1.0,0.721,0.58,21.418,18.184,0.705,0.838,0.907
9bdg_FI,HA,A,head,boltz,8,4.0,input_model_2.cif,0.045,0.63,27,1.0,0.923,0.666,7.054,10.489,0.705,0.838,0.907
9bdg_FI,HA,A,head,boltz,8,4.0,input_model_3.cif,0.016,0.071,28,1.0,0.689,0.656,19.366,17.706,0.705,0.838,0.907
9bdg_FI,HA,A,head,boltz,8,4.0,input_model_4.cif,0.017,0.12,25,1.0,0.71,0.661,18.107,17.744,0.705,0.838,0.907
9bdg_FI,HA,A,head,boltz,9,3.0,input_model_0.cif,0.015,0.062,32,1.0,0.694,0.659,20.278,18.7,0.466,0.686,0.909
9bdg_FI,HA,A,head,boltz,9,3.0,input_model_1.cif,0.021,0.133,30,1.0,0.776,0.663,18.195,18.342,0.466,0.686,0.909
9bdg_FI,HA,A,head,boltz,9,3.0,input_model_2.cif,0.02,0.152,33,1.0,0.776,0.663,18.552,18.448,0.466,0.686,0.909
9bdg_FI,HA,A,head,boltz,9,3.0,input_model_3.cif,0.023,0.16,25,1.0,0.711,0.578,20.783,17.877,0.466,0.686,0.909
9bdg_FI,HA,A,head,boltz,9,3.0,input_model_4.cif,0.023,0.16,25,1.0,0.734,0.581,20.469,17.616,0.466,0.686,0.909
9bdg_FI,HA,A,head,boltz,10,2.0,input_model_0.cif,0.017,0.182,22,1.0,0.74,0.597,19.831,17.235,0.794,0.886,0.91
9bdg_FI,HA,A,head,boltz,10,2.0,input_model_1.cif,0.034,0.25,16,1.0,0.797,0.657,16.921,19.352,0.794,0.886,0.91
9bdg_FI,HA,A,head,boltz,10,2.0,input_model_2.cif,0.032,0.615,26,1.0,0.908,0.669,7.57,12.812,0.794,0.886,0.91
9bdg_FI,HA,A,head,boltz,10,2.0,input_model_3.cif,0.02,0.156,32,1.0,0.782,0.663,18.438,18.34,0.794,0.886,0.91
9bdg_FI,HA,A,head,boltz,10,2.0,input_model_4.cif,0.017,0.08,25,1.0,0.713,0.662,17.877,17.441,0.794,0.886,0.91
9bdg_FI,HA,A,head,protenix,0,183.969,9bdg_fi_sample_0.cif,0.078,0.633,30,1.0,0.922,0.667,7.855,12.758,0.367,0.644,85.459
9bdg_FI,HA,A,head,protenix,0,183.969,9bdg_fi_sample_1.cif,0.026,0.2,30,1.0,0.802,0.664,17.896,18.019,0.367,0.644,85.459
9bdg_FI,HA,A,head,protenix,0,183.969,9bdg_fi_sample_2.cif,0.021,0.118,34,1.0,0.777,0.662,18.719,18.267,0.367,0.644,85.459
9bdg_FI,HA,A,head,protenix,0,183.969,9bdg_fi_sample_3.cif,0.043,0.833,24,1.0,0.948,0.665,3.958,9.075,0.367,0.644,85.459
9bdg_FI,HA,A,head,protenix,0,183.969,9bdg_fi_sample_4.cif,0.014,0.043,23,1.0,0.717,0.66,20.124,18.516,0.367,0.644,85.459
9bdg_FI,HA,A,head,protenix,1,127.756,9bdg_fi_sample_0.cif,0.052,0.378,45,1.0,0.889,0.668,13.22,14.053,0.247,0.639,80.707
9bdg_FI,HA,A,head,protenix,1,127.756,9bdg_fi_sample_1.cif,0.07,0.367,49,1.0,0.875,0.667,13.139,14.186,0.247,0.639,80.707
9bdg_FI,HA,A,head,protenix,1,127.756,9bdg_fi_sample_2.cif,0.04,0.341,41,1.0,0.862,0.664,14.261,14.987,0.247,0.639,80.707
9bdg_FI,HA,A,head,protenix,1,127.756,9bdg_fi_sample_3.cif,0.034,0.37,46,1.0,0.873,0.667,13.16,14.217,0.247,0.639,80.707
9bdg_FI,HA,A,head,protenix,1,127.756,9bdg_fi_sample_4.cif,0.007,0.0,25,0.64,0.319,0.495,28.454,21.293,0.247,0.639,80.707
9bdg_FI,HA,A,head,protenix,2,88.441,9bdg_fi_sample_0.cif,0.042,0.357,28,1.0,0.86,0.64,16.146,14.511,0.349,0.627,85.238
9bdg_FI,HA,A,head,protenix,2,88.441,9bdg_fi_sample_1.cif,0.037,0.269,26,1.0,0.809,0.632,16.186,14.006,0.349,0.627,85.238
9bdg_FI,HA,A,head,protenix,2,88.441,9bdg_fi_sample_2.cif,0.023,0.133,30,1.0,0.784,0.663,19.174,19.029,0.349,0.627,85.238
9bdg_FI,HA,A,head,protenix,2,88.441,9bdg_fi_sample_3.cif,0.015,0.08,25,1.0,0.709,0.659,20.544,18.95,0.349,0.627,85.238
9bdg_FI,HA,A,head,protenix,2,88.441,9bdg_fi_sample_4.cif,0.007,0.0,36,0.306,0.34,0.38,46.433,41.692,0.349,0.627,85.238
9bdg_FI,HA,A,head,protenix,3,54.161,9bdg_fi_sample_0.cif,0.049,0.457,35,1.0,0.892,0.655,12.295,12.025,0.342,0.626,84.451
9bdg_FI,HA,A,head,protenix,3,54.161,9bdg_fi_sample_1.cif,0.022,0.152,33,1.0,0.787,0.663,18.293,18.257,0.342,0.626,84.451
9bdg_FI,HA,A,head,protenix,3,54.161,9bdg_fi_sample_2.cif,0.022,0.167,30,1.0,0.789,0.663,18.291,18.857,0.342,0.626,84.451
9bdg_FI,HA,A,head,protenix,3,54.161,9bdg_fi_sample_3.cif,0.024,0.286,35,1.0,0.829,0.666,16.027,16.54,0.342,0.626,84.451
9bdg_FI,HA,A,head,protenix,3,54.161,9bdg_fi_sample_4.cif,0.017,0.067,30,1.0,0.718,0.663,19.09,18.849,0.342,0.626,84.451
9bdg_FI,HA,A,head,protenix,4,35.023,9bdg_fi_sample_0.cif,0.013,0.062,32,1.0,0.702,0.66,19.238,18.499,0.231,0.617,78.668
9bdg_FI,HA,A,head,protenix,4,35.023,9bdg_fi_sample_1.cif,0.014,0.088,34,1.0,0.713,0.655,19.235,18.545,0.231,0.617,78.668
9bdg_FI,HA,A,head,protenix,4,35.023,9bdg_fi_sample_2.cif,0.011,0.122,41,1.0,0.7,0.658,16.529,15.492,0.231,0.617,78.668
9bdg_FI,HA,A,head,protenix,4,35.023,9bdg_fi_sample_3.cif,0.012,0.108,37,1.0,0.747,0.659,17.018,16.321,0.231,0.617,78.668
9bdg_FI,HA,A,head,protenix,4,35.023,9bdg_fi_sample_4.cif,0.017,0.094,32,1.0,0.76,0.658,18.607,17.937,0.231,0.617,78.668
9bdg_FI,HA,A,head,protenix,5,24.917,9bdg_fi_sample_0.cif,0.007,0.06,50,0.6,0.495,0.446,21.523,13.035,0.27,0.625,80.19
9bdg_FI,HA,A,head,protenix,5,24.917,9bdg_fi_sample_1.cif,0.026,0.32,50,1.0,0.864,0.668,11.103,10.993,0.27,0.625,80.19
9bdg_FI,HA,A,head,protenix,5,24.917,9bdg_fi_sample_2.cif,0.059,0.37,46,1.0,0.88,0.667,12.875,13.985,0.27,0.625,80.19
9bdg_FI,HA,A,head,protenix,5,24.917,9bdg_fi_sample_3.cif,0.01,0.061,49,1.0,0.56,0.629,16.122,12.588,0.27,0.625,80.19
9bdg_FI,HA,A,head,protenix,5,24.917,9bdg_fi_sample_4.cif,0.012,0.147,34,1.0,0.702,0.659,17.281,16.169,0.27,0.625,80.19
9bdg_FI,HA,A,head,protenix,6,14.0,9bdg_fi_sample_0.cif,0.057,0.4,45,1.0,0.879,0.67,12.551,14.101,0.349,0.611,82.202
9bdg_FI,HA,A,head,protenix,6,14.0,9bdg_fi_sample_1.cif,0.047,0.395,43,1.0,0.874,0.668,12.17,13.787,0.349,0.611,82.202
9bdg_FI,HA,A,head,protenix,6,14.0,9bdg_fi_sample_2.cif,0.036,0.349,43,1.0,0.86,0.669,13.563,14.665,0.349,0.611,82.202
9bdg_FI,HA,A,head,protenix,6,14.0,9bdg_fi_sample_3.cif,0.025,0.172,29,1.0,0.799,0.666,17.394,17.473,0.349,0.611,82.202
9bdg_FI,HA,A,head,protenix,6,14.0,9bdg_fi_sample_4.cif,0.029,0.214,28,1.0,0.82,0.667,16.824,16.253,0.349,0.611,82.202
9bdg_FI,HA,A,head,protenix,7,10.0,9bdg_fi_sample_0.cif,0.032,0.244,45,1.0,0.835,0.667,15.615,15.763,0.341,0.582,78.737
9bdg_FI,HA,A,head,protenix,7,10.0,9bdg_fi_sample_1.cif,0.081,0.404,47,1.0,0.887,0.667,12.459,13.568,0.341,0.582,78.737
9bdg_FI,HA,A,head,protenix,7,10.0,9bdg_fi_sample_2.cif,0.029,0.457,35,1.0,0.892,0.662,12.125,15.365,0.341,0.582,78.737
9bdg_FI,HA,A,head,protenix,7,10.0,9bdg_fi_sample_3.cif,0.047,0.429,35,1.0,0.885,0.669,12.106,14.261,0.341,0.582,78.737
9bdg_FI,HA,A,head,protenix,7,10.0,9bdg_fi_sample_4.cif,0.049,0.29,31,1.0,0.827,0.636,15.481,13.754,0.341,0.582,78.737
9bdg_FI,HA,A,head,protenix,8,4.0,9bdg_fi_sample_0.cif,0.016,0.268,41,0.951,0.693,0.616,15.908,11.039,0.36,0.472,68.702
9bdg_FI,HA,A,head,protenix,8,4.0,9bdg_fi_sample_1.cif,0.067,0.15,40,0.925,0.705,0.638,17.193,15.233,0.36,0.472,68.702
9bdg_FI,HA,A,head,protenix,8,4.0,9bdg_fi_sample_2.cif,0.01,0.088,34,0.971,0.63,0.606,18.384,13.179,0.36,0.472,68.702
9bdg_FI,HA,A,head,protenix,8,4.0,9bdg_fi_sample_3.cif,0.012,0.029,34,0.794,0.537,0.508,20.463,18.994,0.36,0.472,68.702
9bdg_FI,HA,A,head,protenix,8,4.0,9bdg_fi_sample_4.cif,0.012,0.043,47,0.894,0.516,0.593,21.43,14.493,0.36,0.472,68.702
9bdg_FI,HA,A,head,protenix,9,3.0,9bdg_fi_sample_0.cif,0.015,0.016,61,0.721,0.494,0.548,18.414,12.347,0.312,0.435,55.63
9bdg_FI,HA,A,head,protenix,9,3.0,9bdg_fi_sample_1.cif,0.009,0.113,53,0.736,0.612,0.552,19.24,17.214,0.312,0.435,55.63
9bdg_FI,HA,A,head,protenix,9,3.0,9bdg_fi_sample_2.cif,0.011,0.25,44,0.955,0.777,0.622,5.409,13.307,0.312,0.435,55.63
9bdg_FI,HA,A,head,protenix,9,3.0,9bdg_fi_sample_3.cif,0.007,0.02,50,0.48,0.43,0.505,28.562,23.414,0.312,0.435,55.63
9bdg_FI,HA,A,head,protenix,9,3.0,9bdg_fi_sample_4.cif,0.048,0.296,27,1.0,0.797,0.611,11.689,15.881,0.312,0.435,55.63
9bdg_FI,HA,A,head,protenix,10,2.0,9bdg_fi_sample_0.cif,0.016,0.0,63,0.667,0.28,0.492,22.142,13.77,0.188,0.341,48.098
9bdg_FI,HA,A,head,protenix,10,2.0,9bdg_fi_sample_1.cif,0.008,0.0,46,0.478,0.44,0.452,22.82,20.054,0.188,0.341,48.098
9bdg_FI,HA,A,head,protenix,10,2.0,9bdg_fi_sample_2.cif,0.008,0.069,58,0.466,0.38,0.453,22.481,18.064,0.188,0.341,48.098
9bdg_FI,HA,A,head,protenix,10,2.0,9bdg_fi_sample_3.cif,0.017,0.04,50,0.26,0.357,0.377,25.385,22.536,0.188,0.341,48.098
9bdg_FI,HA,A,head,protenix,10,2.0,9bdg_fi_sample_4.cif,0.02,0.26,50,1.0,0.806,0.666,8.644,11.622,0.188,0.341,48.098
9bdg_FI,HA,A,head,protenix,11,1.0,9bdg_fi_sample_0.cif,0.008,0.037,54,0.796,0.256,0.512,22.371,13.417,0.347,0.456,49.785
9bdg_FI,HA,A,head,protenix,11,1.0,9bdg_fi_sample_1.cif,0.009,0.089,56,0.625,0.544,0.487,14.849,14.761,0.347,0.456,49.785
9bdg_FI,HA,A,head,protenix,11,1.0,9bdg_fi_sample_2.cif,0.015,0.132,53,0.717,0.509,0.551,16.39,15.187,0.347,0.456,49.785
9bdg_FI,HA,A,head,protenix,11,1.0,9bdg_fi_sample_3.cif,0.007,0.054,37,0.459,0.568,0.444,12.937,16.198,0.347,0.456,49.785
9bdg_FI,HA,A,head,protenix,11,1.0,9bdg_fi_sample_4.cif,0.013,0.02,50,0.3,0.418,0.409,22.648,22.077,0.347,0.456,49.785
9bnp_HL,Env,A,V2apex,boltz,0,2582.986,input_model_0.cif,0.079,0.333,30,0.3,0.931,0.568,8.722,26.474,0.711,0.841,0.868
9bnp_HL,Env,A,V2apex,boltz,0,2582.986,input_model_1.cif,0.034,0.25,28,0.214,0.916,0.556,9.538,26.908,0.711,0.841,0.868
9bnp_HL,Env,A,V2apex,boltz,0,2582.986,input_model_2.cif,0.008,0.0,24,0.25,0.295,0.624,36.972,15.965,0.711,0.841,0.868
9bnp_HL,Env,A,V2apex,boltz,0,2582.986,input_model_3.cif,0.071,0.5,20,0.45,0.96,0.569,5.915,28.92,0.711,0.841,0.868
9bnp_HL,Env,A,V2apex,boltz,0,2582.986,input_model_4.cif,0.008,0.0,23,0.261,0.329,0.52,37.619,19.371,0.711,0.841,0.868
9bnp_HL,Env,A,V2apex,boltz,1,1252.756,input_model_0.cif,0.007,0.0,31,0.161,0.259,0.602,47.429,21.069,0.734,0.857,0.873
9bnp_HL,Env,A,V2apex,boltz,1,1252.756,input_model_1.cif,0.023,0.267,30,0.233,0.917,0.547,10.118,26.266,0.734,0.857,0.873
9bnp_HL,Env,A,V2apex,boltz,1,1252.756,input_model_2.cif,0.024,0.15,20,0.25,0.891,0.553,14.212,23.256,0.734,0.857,0.873
9bnp_HL,Env,A,V2apex,boltz,1,1252.756,input_model_3.cif,0.013,0.211,19,0.158,0.876,0.549,13.611,26.166,0.734,0.857,0.873
9bnp_HL,Env,A,V2apex,boltz,1,1252.756,input_model_4.cif,0.006,0.0,27,0.148,0.239,0.604,48.256,22.182,0.734,0.857,0.873
9bnp_HL,Env,A,V2apex,boltz,2,614.293,input_model_0.cif,0.013,0.0,29,0.069,0.458,0.376,28.419,18.526,0.7,0.817,0.87
9bnp_HL,Env,A,V2apex,boltz,2,614.293,input_model_1.cif,0.039,0.281,32,0.406,0.912,0.559,14.487,22.042,0.7,0.817,0.87
9bnp_HL,Env,A,V2apex,boltz,2,614.293,input_model_2.cif,0.005,0.0,21,0.048,0.107,0.553,53.566,26.764,0.7,0.817,0.87
9bnp_HL,Env,A,V2apex,boltz,2,614.293,input_model_3.cif,0.017,0.1,10,0.1,0.777,0.471,16.453,23.294,0.7,0.817,0.87
9bnp_HL,Env,A,V2apex,boltz,2,614.293,input_model_4.cif,0.009,0.037,27,0.259,0.44,0.673,37.245,13.23,0.7,0.817,0.87
9bnp_HL,Env,A,V2apex,boltz,3,288.364,input_model_0.cif,0.114,0.176,17,0.412,0.915,0.616,18.125,23.168,0.718,0.847,0.873
9bnp_HL,Env,A,V2apex,boltz,3,288.364,input_model_1.cif,0.014,0.038,26,0.077,0.711,0.427,26.949,21.158,0.718,0.847,0.873
9bnp_HL,Env,A,V2apex,boltz,3,288.364,input_model_2.cif,0.072,0.579,19,0.474,0.971,0.582,5.19,28.819,0.718,0.847,0.873
9bnp_HL,Env,A,V2apex,boltz,3,288.364,input_model_3.cif,0.008,0.0,30,0.767,0.328,0.705,30.802,6.337,0.718,0.847,0.873
9bnp_HL,Env,A,V2apex,boltz,3,288.364,input_model_4.cif,0.083,0.583,12,0.417,0.959,0.583,5.327,28.842,0.718,0.847,0.873
9bnp_HL,Env,A,V2apex,boltz,4,143.434,input_model_0.cif,0.119,0.625,16,0.5,0.969,0.618,3.665,27.244,0.62,0.826,0.875
9bnp_HL,Env,A,V2apex,boltz,4,143.434,input_model_1.cif,0.096,0.588,17,0.471,0.96,0.578,4.911,28.804,0.62,0.826,0.875
9bnp_HL,Env,A,V2apex,boltz,4,143.434,input_model_2.cif,0.08,0.19,21,0.476,0.911,0.607,16.136,22.427,0.62,0.826,0.875
9bnp_HL,Env,A,V2apex,boltz,4,143.434,input_model_3.cif,0.012,0.125,16,0.062,0.824,0.486,14.809,25.447,0.62,0.826,0.875
9bnp_HL,Env,A,V2apex,boltz,4,143.434,input_model_4.cif,0.079,0.412,17,0.529,0.956,0.615,9.165,24.076,0.62,0.826,0.875
9bnp_HL,Env,A,V2apex,boltz,5,64.333,input_model_0.cif,0.005,0.0,21,0.048,0.125,0.566,52.472,25.812,0.699,0.849,0.875
9bnp_HL,Env,A,V2apex,boltz,5,64.333,input_model_1.cif,0.081,0.455,22,0.364,0.947,0.559,6.9,27.831,0.699,0.849,0.875
9bnp_HL,Env,A,V2apex,boltz,5,64.333,input_model_2.cif,0.007,0.0,28,0.107,0.365,0.617,47.037,21.137,0.699,0.849,0.875
9bnp_HL,Env,A,V2apex,boltz,5,64.333,input_model_3.cif,0.069,0.474,19,0.421,0.96,0.573,6.235,27.74,0.699,0.849,0.875
9bnp_HL,Env,A,V2apex,boltz,5,64.333,input_model_4.cif,0.112,0.533,15,0.467,0.957,0.608,6.668,27.356,0.699,0.849,0.875
9bnp_HL,Env,A,V2apex,boltz,6,29.333,input_model_0.cif,0.046,0.333,21,0.238,0.93,0.551,9.662,27.365,0.673,0.844,0.869
9bnp_HL,Env,A,V2apex,boltz,6,29.333,input_model_1.cif,0.057,0.296,27,0.259,0.926,0.561,9.049,26.482,0.673,0.844,0.869
9bnp_HL,Env,A,V2apex,boltz,6,29.333,input_model_2.cif,0.059,0.55,20,0.45,0.963,0.575,5.19,29.115,0.673,0.844,0.869
9bnp_HL,Env,A,V2apex,boltz,6,29.333,input_model_3.cif,0.014,0.043,23,0.0,0.725,0.475,21.524,20.996,0.673,0.844,0.869
9bnp_HL,Env,A,V2apex,boltz,6,29.333,input_model_4.cif,0.048,0.278,18,0.278,0.918,0.542,10.442,25.086,0.673,0.844,0.869
9bnp_HL,Env,A,V2apex,boltz,7,13.0,input_model_0.cif,0.005,0.0,36,0.833,0.123,0.656,44.813,16.76,0.614,0.785,0.864
9bnp_HL,Env,A,V2apex,boltz,7,13.0,input_model_1.cif,0.106,0.588,17,0.471,0.967,0.58,5.55,29.716,0.614,0.785,0.864
9bnp_HL,Env,A,V2apex,boltz,7,13.0,input_model_2.cif,0.008,0.0,16,0.312,0.38,0.517,36.458,20.855,0.614,0.785,0.864
9bnp_HL,Env,A,V2apex,boltz,7,13.0,input_model_3.cif,0.025,0.062,32,0.031,0.742,0.434,21.801,21.719,0.614,0.785,0.864
9bnp_HL,Env,A,V2apex,boltz,7,13.0,input_model_4.cif,0.028,0.111,18,0.0,0.874,0.52,13.665,25.163,0.614,0.785,0.864
9bnp_HL,Env,A,V2apex,boltz,8,7.0,input_model_0.cif,0.006,0.0,23,0.043,0.178,0.578,52.278,25.541,0.566,0.779,0.875
9bnp_HL,Env,A,V2apex,boltz,8,7.0,input_model_1.cif,0.011,0.0,24,0.375,0.439,0.538,34.362,19.979,0.566,0.779,0.875
9bnp_HL,Env,A,V2apex,boltz,8,7.0,input_model_2.cif,0.013,0.111,18,0.0,0.852,0.507,15.346,23.909,0.566,0.779,0.875
9bnp_HL,Env,A,V2apex,boltz,8,7.0,input_model_3.cif,0.011,0.0,16,0.375,0.461,0.537,31.33,19.354,0.566,0.779,0.875
9bnp_HL,Env,A,V2apex,boltz,8,7.0,input_model_4.cif,0.012,0.05,20,0.0,0.726,0.449,21.007,22.087,0.566,0.779,0.875
9bnp_HL,Env,A,V2apex,boltz,9,1.0,input_model_0.cif,0.05,0.219,32,0.312,0.908,0.564,16.575,21.483,0.769,0.883,0.87
9bnp_HL,Env,A,V2apex,boltz,9,1.0,input_model_1.cif,0.012,0.0,24,0.292,0.561,0.528,27.237,19.935,0.769,0.883,0.87
9bnp_HL,Env,A,V2apex,boltz,9,1.0,input_model_2.cif,0.091,0.346,26,0.346,0.934,0.582,7.246,26.501,0.769,0.883,0.87
9bnp_HL,Env,A,V2apex,boltz,9,1.0,input_model_3.cif,0.037,0.474,19,0.368,0.95,0.562,6.771,27.977,0.769,0.883,0.87
9bnp_HL,Env,A,V2apex,boltz,9,1.0,input_model_4.cif,0.01,0.0,44,0.273,0.421,0.684,32.105,10.182,0.769,0.883,0.87
9bnp_HL,Env,A,V2apex,boltz,10,2.0,input_model_0.cif,0.034,0.2,35,0.171,0.897,0.54,12.128,24.619,0.677,0.831,0.866
9bnp_HL,Env,A,V2apex,boltz,10,2.0,input_model_1.cif,0.006,0.0,27,0.185,0.233,0.592,49.09,22.333,0.677,0.831,0.866
9bnp_HL,Env,A,V2apex,boltz,10,2.0,input_model_2.cif,0.013,0.05,20,0.15,0.744,0.474,19.401,20.403,0.677,0.831,0.866
9bnp_HL,Env,A,V2apex,boltz,10,2.0,input_model_3.cif,0.037,0.35,20,0.3,0.939,0.562,8.422,27.365,0.677,0.831,0.866
9bnp_HL,Env,A,V2apex,boltz,10,2.0,input_model_4.cif,0.009,0.0,21,0.286,0.407,0.54,37.074,20.223,0.677,0.831,0.866
9bnp_HL,Env,A,V2apex,protenix,0,2582.986,9bnp_hl_sample_0.cif,0.004,0.0,55,0.0,0.171,0.329,56.188,37.424,0.37,0.699,75.243
9bnp_HL,Env,A,V2apex,protenix,0,2582.986,9bnp_hl_sample_1.cif,0.004,0.0,62,0.0,0.202,0.332,55.991,38.056,0.37,0.699,75.243
9bnp_HL,Env,A,V2apex,protenix,0,2582.986,9bnp_hl_sample_2.cif,0.004,0.0,60,0.0,0.212,0.328,55.578,37.652,0.37,0.699,75.243
9bnp_HL,Env,A,V2apex,protenix,0,2582.986,9bnp_hl_sample_3.cif,0.006,0.037,54,0.0,0.641,0.387,38.283,26.583,0.37,0.699,75.243
9bnp_HL,Env,A,V2apex,protenix,0,2582.986,9bnp_hl_sample_4.cif,0.004,0.0,65,0.0,0.228,0.331,57.468,39.031,0.37,0.699,75.243
9bnp_HL,Env,A,V2apex,protenix,1,1252.756,9bnp_hl_sample_0.cif,0.004,0.0,61,0.0,0.228,0.331,60.882,41.73,0.196,0.648,75.603
9bnp_HL,Env,A,V2apex,protenix,1,1252.756,9bnp_hl_sample_1.cif,0.005,0.0,55,0.055,0.064,0.392,45.672,19.004,0.196,0.648,75.603
9bnp_HL,Env,A,V2apex,protenix,1,1252.756,9bnp_hl_sample_2.cif,0.004,0.0,69,0.116,0.102,0.394,51.412,28.025,0.196,0.648,75.603
9bnp_HL,Env,A,V2apex,protenix,1,1252.756,9bnp_hl_sample_3.cif,0.009,0.016,64,0.141,0.337,0.533,32.136,8.668,0.196,0.648,75.603
9bnp_HL,Env,A,V2apex,protenix,1,1252.756,9bnp_hl_sample_4.cif,0.006,0.0,52,0.019,0.029,0.366,44.918,21.827,0.196,0.648,75.603
9bnp_HL,Env,A,V2apex,protenix,2,614.293,9bnp_hl_sample_0.cif,0.003,0.0,60,0.0,0.224,0.35,60.471,42.04,0.224,0.643,73.181
9bnp_HL,Env,A,V2apex,protenix,2,614.293,9bnp_hl_sample_1.cif,0.003,0.0,61,0.0,0.191,0.347,62.605,43.687,0.224,0.643,73.181
9bnp_HL,Env,A,V2apex,protenix,2,614.293,9bnp_hl_sample_2.cif,0.003,0.0,64,0.0,0.141,0.338,63.303,43.231,0.224,0.643,73.181
9bnp_HL,Env,A,V2apex,protenix,2,614.293,9bnp_hl_sample_3.cif,0.003,0.0,56,0.0,0.187,0.337,61.528,41.74,0.224,0.643,73.181
9bnp_HL,Env,A,V2apex,protenix,2,614.293,9bnp_hl_sample_4.cif,0.003,0.0,58,0.0,0.245,0.316,59.155,41.817,0.224,0.643,73.181
9bnp_HL,Env,A,V2apex,protenix,3,288.364,9bnp_hl_sample_0.cif,0.007,0.0,76,0.053,0.046,0.403,42.946,18.706,0.191,0.638,71.229
9bnp_HL,Env,A,V2apex,protenix,3,288.364,9bnp_hl_sample_1.cif,0.003,0.0,63,0.0,0.251,0.342,59.85,43.111,0.191,0.638,71.229
9bnp_HL,Env,A,V2apex,protenix,3,288.364,9bnp_hl_sample_2.cif,0.004,0.0,57,0.0,0.253,0.35,57.821,40.677,0.191,0.638,71.229
9bnp_HL,Env,A,V2apex,protenix,3,288.364,9bnp_hl_sample_3.cif,0.008,0.0,74,0.432,0.244,0.705,37.563,10.147,0.191,0.638,71.229
9bnp_HL,Env,A,V2apex,protenix,3,288.364,9bnp_hl_sample_4.cif,0.006,0.0,43,0.0,0.427,0.368,35.36,23.65,0.191,0.638,71.229
9bnp_HL,Env,A,V2apex,protenix,4,143.434,9bnp_hl_sample_0.cif,0.007,0.0,53,0.113,0.176,0.423,34.62,13.445,0.395,0.662,70.02
9bnp_HL,Env,A,V2apex,protenix,4,143.434,9bnp_hl_sample_1.cif,0.004,0.0,52,0.0,0.262,0.34,55.673,37.819,0.395,0.662,70.02
9bnp_HL,Env,A,V2apex,protenix,4,143.434,9bnp_hl_sample_2.cif,0.006,0.0,67,0.09,0.618,0.398,34.574,28.826,0.395,0.662,70.02
9bnp_HL,Env,A,V2apex,protenix,4,143.434,9bnp_hl_sample_3.cif,0.004,0.0,48,0.0,0.23,0.339,61.254,42.564,0.395,0.662,70.02
9bnp_HL,Env,A,V2apex,protenix,4,143.434,9bnp_hl_sample_4.cif,0.004,0.0,52,0.0,0.304,0.333,59.906,41.857,0.395,0.662,70.02
9bnp_HL,Env,A,V2apex,protenix,5,64.333,9bnp_hl_sample_0.cif,0.008,0.0,74,0.108,0.102,0.403,35.899,16.315,0.183,0.564,66.649
9bnp_HL,Env,A,V2apex,protenix,5,64.333,9bnp_hl_sample_1.cif,0.008,0.0,77,0.169,0.163,0.534,33.203,9.501,0.183,0.564,66.649
9bnp_HL,Env,A,V2apex,protenix,5,64.333,9bnp_hl_sample_2.cif,0.009,0.017,59,0.424,0.384,0.74,29.964,7.778,0.183,0.564,66.649
9bnp_HL,Env,A,V2apex,protenix,5,64.333,9bnp_hl_sample_3.cif,0.008,0.0,62,0.194,0.105,0.511,39.588,15.796,0.183,0.564,66.649
9bnp_HL,Env,A,V2apex,protenix,5,64.333,9bnp_hl_sample_4.cif,0.01,0.0,60,0.45,0.356,0.752,33.068,9.446,0.183,0.564,66.649
9bnp_HL,Env,A,V2apex,protenix,6,29.333,9bnp_hl_sample_0.cif,0.004,0.0,36,0.0,0.194,0.323,58.131,37.81,0.533,0.697,71.504
9bnp_HL,Env,A,V2apex,protenix,6,29.333,9bnp_hl_sample_1.cif,0.004,0.0,41,0.0,0.26,0.328,49.578,32.815,0.533,0.697,71.504
9bnp_HL,Env,A,V2apex,protenix,6,29.333,9bnp_hl_sample_2.cif,0.004,0.0,39,0.0,0.256,0.315,51.721,34.101,0.533,0.697,71.504
9bnp_HL,Env,A,V2apex,protenix,6,29.333,9bnp_hl_sample_3.cif,0.004,0.0,39,0.0,0.149,0.318,55.771,36.281,0.533,0.697,71.504
9bnp_HL,Env,A,V2apex,protenix,6,29.333,9bnp_hl_sample_4.cif,0.004,0.0,41,0.0,0.316,0.339,54.603,37.33,0.533,0.697,71.504
9bnp_HL,Env,A,V2apex,protenix,7,13.0,9bnp_hl_sample_0.cif,0.01,0.0,79,0.316,0.262,0.574,30.046,6.163,0.165,0.413,54.88
9bnp_HL,Env,A,V2apex,protenix,7,13.0,9bnp_hl_sample_1.cif,0.01,0.0,66,0.258,0.207,0.55,33.699,8.493,0.165,0.413,54.88
9bnp_HL,Env,A,V2apex,protenix,7,13.0,9bnp_hl_sample_2.cif,0.01,0.0,66,0.379,0.19,0.639,33.076,3.741,0.165,0.413,54.88
9bnp_HL,Env,A,V2apex,protenix,7,13.0,9bnp_hl_sample_3.cif,0.008,0.0,96,0.198,0.116,0.49,36.529,10.237,0.165,0.413,54.88
9bnp_HL,Env,A,V2apex,protenix,7,13.0,9bnp_hl_sample_4.cif,0.011,0.0,92,0.239,0.287,0.571,28.769,6.202,0.165,0.413,54.88
9bnp_HL,Env,A,V2apex,protenix,8,7.0,9bnp_hl_sample_0.cif,0.005,0.0,73,0.068,0.189,0.384,33.985,18.045,0.318,0.427,46.246
9bnp_HL,Env,A,V2apex,protenix,8,7.0,9bnp_hl_sample_1.cif,0.004,0.0,74,0.068,0.276,0.407,34.094,14.01,0.318,0.427,46.246
9bnp_HL,Env,A,V2apex,protenix,8,7.0,9bnp_hl_sample_2.cif,0.006,0.012,86,0.128,0.332,0.462,25.822,11.456,0.318,0.427,46.246
9bnp_HL,Env,A,V2apex,protenix,8,7.0,9bnp_hl_sample_3.cif,0.005,0.013,77,0.091,0.455,0.505,14.506,10.976,0.318,0.427,46.246
9bnp_HL,Env,A,V2apex,protenix,8,7.0,9bnp_hl_sample_4.cif,0.005,0.0,68,0.088,0.418,0.452,25.273,15.881,0.318,0.427,46.246
9bnp_HL,Env,A,V2apex,protenix,9,1.0,9bnp_hl_sample_0.cif,0.012,0.0,60,0.05,0.483,0.461,21.152,16.607,0.195,0.319,41.815
9bnp_HL,Env,A,V2apex,protenix,9,1.0,9bnp_hl_sample_1.cif,0.006,0.023,43,0.023,0.724,0.386,15.931,29.004,0.195,0.319,41.815
9bnp_HL,Env,A,V2apex,protenix,9,1.0,9bnp_hl_sample_2.cif,0.009,0.015,67,0.104,0.676,0.4,14.087,16.514,0.195,0.319,41.815
9bnp_HL,Env,A,V2apex,protenix,9,1.0,9bnp_hl_sample_3.cif,0.007,0.09,67,0.075,0.727,0.407,10.895,17.77,0.195,0.319,41.815
9bnp_HL,Env,A,V2apex,protenix,9,1.0,9bnp_hl_sample_4.cif,0.007,0.149,47,0.234,0.802,0.461,8.756,16.374,0.195,0.319,41.815
9bnp_HL,Env,A,V2apex,protenix,10,2.0,9bnp_hl_sample_0.cif,0.005,0.0,62,0.194,0.365,0.533,21.014,11.431,0.15,0.268,36.748
9bnp_HL,Env,A,V2apex,protenix,10,2.0,9bnp_hl_sample_1.cif,0.005,0.0,82,0.122,0.311,0.405,20.448,16.724,0.15,0.268,36.748
9bnp_HL,Env,A,V2apex,protenix,10,2.0,9bnp_hl_sample_2.cif,0.009,0.065,93,0.172,0.678,0.53,21.132,11.466,0.15,0.268,36.748
9bnp_HL,Env,A,V2apex,protenix,10,2.0,9bnp_hl_sample_3.cif,0.009,0.047,64,0.156,0.666,0.49,14.331,15.425,0.15,0.268,36.748
9bnp_HL,Env,A,V2apex,protenix,10,2.0,9bnp_hl_sample_4.cif,0.005,0.0,70,0.2,0.268,0.468,25.675,10.586,0.15,0.268,36.748
9bnp_HL,Env,A,V2apex,protenix,11,1.0,9bnp_hl_sample_0.cif,0.007,0.035,86,0.198,0.626,0.524,19.927,11.625,0.156,0.291,39.245
9bnp_HL,Env,A,V2apex,protenix,11,1.0,9bnp_hl_sample_1.cif,0.006,0.0,115,0.209,0.241,0.506,17.442,14.156,0.156,0.291,39.245
9bnp_HL,Env,A,V2apex,protenix,11,1.0,9bnp_hl_sample_2.cif,0.019,0.045,88,0.193,0.659,0.502,15.844,14.942,0.156,0.291,39.245
9bnp_HL,Env,A,V2apex,protenix,11,1.0,9bnp_hl_sample_3.cif,0.02,0.07,86,0.198,0.709,0.46,6.946,15.273,0.156,0.291,39.245
9bnp_HL,Env,A,V2apex,protenix,11,1.0,9bnp_hl_sample_4.cif,0.021,0.011,88,0.125,0.561,0.484,20.021,14.907,0.156,0.291,39.245
9evz_HL,Env,B,gp120gp41,boltz,0,184.805,input_model_0.cif,0.003,0.0,36,0.75,0.119,0.765,45.507,8.638,0.616,0.709,0.82
9evz_HL,Env,B,gp120gp41,boltz,0,184.805,input_model_1.cif,0.004,0.0,38,0.711,0.144,0.731,44.514,17.359,0.616,0.709,0.82
9evz_HL,Env,B,gp120gp41,boltz,0,184.805,input_model_2.cif,0.004,0.0,34,0.735,0.136,0.723,42.895,16.204,0.616,0.709,0.82
9evz_HL,Env,B,gp120gp41,boltz,0,184.805,input_model_3.cif,0.003,0.0,36,0.806,0.084,0.779,57.805,7.611,0.616,0.709,0.82
9evz_HL,Env,B,gp120gp41,boltz,0,184.805,input_model_4.cif,0.004,0.0,26,0.962,0.114,0.761,42.385,14.254,0.616,0.709,0.82
9evz_HL,Env,B,gp120gp41,boltz,1,132.33,input_model_0.cif,0.003,0.0,42,0.69,0.126,0.761,43.355,13.391,0.769,0.834,0.815
9evz_HL,Env,B,gp120gp41,boltz,1,132.33,input_model_1.cif,0.003,0.0,36,0.694,0.131,0.749,45.811,15.256,0.769,0.834,0.815
9evz_HL,Env,B,gp120gp41,boltz,1,132.33,input_model_2.cif,0.003,0.0,38,0.763,0.08,0.776,56.907,9.563,0.769,0.834,0.815
9evz_HL,Env,B,gp120gp41,boltz,1,132.33,input_model_3.cif,0.004,0.0,34,0.676,0.075,0.759,57.998,14.668,0.769,0.834,0.815
9evz_HL,Env,B,gp120gp41,boltz,1,132.33,input_model_4.cif,0.003,0.0,32,0.75,0.091,0.763,48.547,11.978,0.769,0.834,0.815
9evz_HL,Env,B,gp120gp41,boltz,2,83.296,input_model_0.cif,0.004,0.0,29,0.103,0.245,0.438,42.187,18.935,0.778,0.831,0.82
9evz_HL,Env,B,gp120gp41,boltz,2,83.296,input_model_1.cif,0.003,0.0,20,0.75,0.154,0.795,50.86,7.622,0.778,0.831,0.82
9evz_HL,Env,B,gp120gp41,boltz,2,83.296,input_model_2.cif,0.003,0.0,33,0.667,0.083,0.751,57.076,17.72,0.778,0.831,0.82
9evz_HL,Env,B,gp120gp41,boltz,2,83.296,input_model_3.cif,0.003,0.0,33,0.697,0.117,0.799,50.595,7.676,0.778,0.831,0.82
9evz_HL,Env,B,gp120gp41,boltz,2,83.296,input_model_4.cif,0.003,0.0,35,0.714,0.127,0.765,44.667,10.758,0.778,0.831,0.82
9evz_HL,Env,B,gp120gp41,boltz,3,50.224,input_model_0.cif,0.004,0.0,36,0.778,0.154,0.747,44.39,13.202,0.747,0.812,0.813
9evz_HL,Env,B,gp120gp41,boltz,3,50.224,input_model_1.cif,0.004,0.0,39,0.718,0.081,0.752,46.325,14.24,0.747,0.812,0.813
9evz_HL,Env,B,gp120gp41,boltz,3,50.224,input_model_2.cif,0.003,0.0,33,0.939,0.104,0.759,44.694,12.617,0.747,0.812,0.813
9evz_HL,Env,B,gp120gp41,boltz,3,50.224,input_model_3.cif,0.003,0.0,39,0.667,0.12,0.747,45.394,15.305,0.747,0.812,0.813
9evz_HL,Env,B,gp120gp41,boltz,3,50.224,input_model_4.cif,0.003,0.0,39,0.641,0.078,0.78,61.3,7.809,0.747,0.812,0.813
9evz_HL,Env,B,gp120gp41,boltz,4,34.159,input_model_0.cif,0.003,0.0,38,0.763,0.115,0.749,43.252,14.236,0.754,0.833,0.813
9evz_HL,Env,B,gp120gp41,boltz,4,34.159,input_model_1.cif,0.003,0.0,36,0.833,0.089,0.768,55.882,9.976,0.754,0.833,0.813
9evz_HL,Env,B,gp120gp41,boltz,4,34.159,input_model_2.cif,0.003,0.0,38,0.842,0.086,0.762,54.252,11.87,0.754,0.833,0.813
9evz_HL,Env,B,gp120gp41,boltz,4,34.159,input_model_3.cif,0.004,0.0,30,0.8,0.074,0.744,55.061,16.123,0.754,0.833,0.813
9evz_HL,Env,B,gp120gp41,boltz,4,34.159,input_model_4.cif,0.003,0.0,31,0.903,0.078,0.792,56.8,10.685,0.754,0.833,0.813
9evz_HL,Env,B,gp120gp41,boltz,5,21.279,input_model_0.cif,0.003,0.0,47,0.702,0.128,0.754,42.503,13.033,0.802,0.852,0.815
9evz_HL,Env,B,gp120gp41,boltz,5,21.279,input_model_1.cif,0.003,0.0,32,0.5,0.199,0.734,37.678,13.032,0.802,0.852,0.815
9evz_HL,Env,B,gp120gp41,boltz,5,21.279,input_model_2.cif,0.003,0.0,36,0.778,0.116,0.769,45.365,11.963,0.802,0.852,0.815
9evz_HL,Env,B,gp120gp41,boltz,5,21.279,input_model_3.cif,0.003,0.0,41,0.732,0.142,0.769,45.581,9.581,0.802,0.852,0.815
9evz_HL,Env,B,gp120gp41,boltz,5,21.279,input_model_4.cif,0.003,0.0,18,0.833,0.053,0.79,63.445,7.377,0.802,0.852,0.815
9evz_HL,Env,B,gp120gp41,boltz,6,15.977,input_model_0.cif,0.003,0.0,36,0.778,0.127,0.758,45.115,15.257,0.712,0.8,0.811
9evz_HL,Env,B,gp120gp41,boltz,6,15.977,input_model_1.cif,0.004,0.0,33,0.727,0.074,0.726,55.418,17.769,0.712,0.8,0.811
9evz_HL,Env,B,gp120gp41,boltz,6,15.977,input_model_2.cif,0.003,0.0,38,0.711,0.143,0.762,45.776,5.302,0.712,0.8,0.811
9evz_HL,Env,B,gp120gp41,boltz,6,15.977,input_model_3.cif,0.004,0.0,42,0.714,0.111,0.736,41.438,15.531,0.712,0.8,0.811
9evz_HL,Env,B,gp120gp41,boltz,6,15.977,input_model_4.cif,0.004,0.0,37,0.784,0.08,0.777,56.803,9.25,0.712,0.8,0.811
9evz_HL,Env,B,gp120gp41,boltz,7,6.63,input_model_0.cif,0.004,0.085,47,0.043,0.359,0.47,40.424,22.467,0.772,0.81,0.805
9evz_HL,Env,B,gp120gp41,boltz,7,6.63,input_model_1.cif,0.003,0.0,38,0.737,0.079,0.762,57.13,12.916,0.772,0.81,0.805
9evz_HL,Env,B,gp120gp41,boltz,7,6.63,input_model_2.cif,0.003,0.0,30,0.667,0.135,0.763,46.706,14.954,0.772,0.81,0.805
9evz_HL,Env,B,gp120gp41,boltz,7,6.63,input_model_3.cif,0.003,0.0,18,0.667,0.077,0.804,67.599,11.843,0.772,0.81,0.805
9evz_HL,Env,B,gp120gp41,boltz,7,6.63,input_model_4.cif,0.004,0.0,50,0.62,0.107,0.779,45.361,10.101,0.772,0.81,0.805
9evz_HL,Env,B,gp120gp41,boltz,8,5.017,input_model_0.cif,0.003,0.0,45,0.689,0.144,0.756,44.354,11.119,0.729,0.808,0.813
9evz_HL,Env,B,gp120gp41,boltz,8,5.017,input_model_1.cif,0.004,0.0,22,0.227,0.349,0.547,26.444,22.534,0.729,0.808,0.813
9evz_HL,Env,B,gp120gp41,boltz,8,5.017,input_model_2.cif,0.003,0.0,40,0.75,0.145,0.781,46.536,6.483,0.729,0.808,0.813
9evz_HL,Env,B,gp120gp41,boltz,8,5.017,input_model_3.cif,0.003,0.0,34,0.794,0.14,0.775,43.986,7.739,0.729,0.808,0.813
9evz_HL,Env,B,gp120gp41,boltz,8,5.017,input_model_4.cif,0.003,0.0,29,0.759,0.119,0.781,46.952,11.748,0.729,0.808,0.813
9evz_HL,Env,B,gp120gp41,boltz,9,5.0,input_model_0.cif,0.003,0.0,36,0.694,0.131,0.768,44.802,8.732,0.768,0.833,0.808
9evz_HL,Env,B,gp120gp41,boltz,9,5.0,input_model_1.cif,0.003,0.0,33,0.939,0.144,0.763,43.513,11.013,0.768,0.833,0.808
9evz_HL,Env,B,gp120gp41,boltz,9,5.0,input_model_2.cif,0.003,0.0,40,0.75,0.085,0.778,57.862,8.933,0.768,0.833,0.808
9evz_HL,Env,B,gp120gp41,boltz,9,5.0,input_model_3.cif,0.003,0.0,34,0.735,0.124,0.75,45.912,16.559,0.768,0.833,0.808
9evz_HL,Env,B,gp120gp41,boltz,9,5.0,input_model_4.cif,0.003,0.0,28,0.857,0.08,0.78,57.492,12.034,0.768,0.833,0.808
9evz_HL,Env,B,gp120gp41,boltz,10,1.0,input_model_0.cif,0.004,0.0,41,0.659,0.072,0.739,54.568,13.359,0.73,0.792,0.814
9evz_HL,Env,B,gp120gp41,boltz,10,1.0,input_model_1.cif,0.003,0.0,37,0.703,0.127,0.769,44.407,10.271,0.73,0.792,0.814
9evz_HL,Env,B,gp120gp41,boltz,10,1.0,input_model_2.cif,0.003,0.0,29,0.828,0.126,0.777,44.272,13.615,0.73,0.792,0.814
9evz_HL,Env,B,gp120gp41,boltz,10,1.0,input_model_3.cif,0.003,0.0,33,0.697,0.072,0.772,56.952,10.259,0.73,0.792,0.814
9evz_HL,Env,B,gp120gp41,boltz,10,1.0,input_model_4.cif,0.003,0.0,43,0.721,0.074,0.79,60.927,7.287,0.73,0.792,0.814
9j4c_HL,C,C,PlexinA1,boltz,0,1032.685,input_model_0.cif,0.003,0.0,37,,0.283,,33.991,,0.68,0.781,0.877
9j4c_HL,C,C,PlexinA1,boltz,0,1032.685,input_model_1.cif,0.003,0.0,37,,0.351,,33.194,,0.68,0.781,0.877
9j4c_HL,C,C,PlexinA1,boltz,0,1032.685,input_model_2.cif,0.003,0.0,31,,0.334,,33.495,,0.68,0.781,0.877
9j4c_HL,C,C,PlexinA1,boltz,0,1032.685,input_model_3.cif,0.003,0.0,39,,0.337,,33.319,,0.68,0.781,0.877
9j4c_HL,C,C,PlexinA1,boltz,0,1032.685,input_model_4.cif,0.003,0.0,36,,0.339,,33.275,,0.68,0.781,0.877
9j4c_HL,C,C,PlexinA1,boltz,1,625.088,input_model_0.cif,0.003,0.0,41,,0.279,,34.104,,0.676,0.791,0.874
9j4c_HL,C,C,PlexinA1,boltz,1,625.088,input_model_1.cif,0.003,0.0,38,,0.289,,33.569,,0.676,0.791,0.874
9j4c_HL,C,C,PlexinA1,boltz,1,625.088,input_model_2.cif,0.003,0.0,39,,0.291,,34.394,,0.676,0.791,0.874
9j4c_HL,C,C,PlexinA1,boltz,1,625.088,input_model_3.cif,0.003,0.0,38,,0.328,,33.942,,0.676,0.791,0.874
9j4c_HL,C,C,PlexinA1,boltz,1,625.088,input_model_4.cif,0.003,0.0,35,,0.318,,33.147,,0.676,0.791,0.874
9j4c_HL,C,C,PlexinA1,boltz,2,351.454,input_model_0.cif,0.004,0.0,40,,0.182,,32.648,,0.732,0.771,0.745
9j4c_HL,C,C,PlexinA1,boltz,2,351.454,input_model_1.cif,0.003,0.0,45,,0.301,,32.498,,0.732,0.771,0.745
9j4c_HL,C,C,PlexinA1,boltz,2,351.454,input_model_2.cif,0.004,0.0,40,,0.253,,31.816,,0.732,0.771,0.745
9j4c_HL,C,C,PlexinA1,boltz,2,351.454,input_model_3.cif,0.004,0.0,39,,0.195,,31.947,,0.732,0.771,0.745
9j4c_HL,C,C,PlexinA1,boltz,2,351.454,input_model_4.cif,0.004,0.0,45,,0.239,,31.278,,0.732,0.771,0.745
9j4c_HL,C,C,PlexinA1,boltz,3,195.327,input_model_0.cif,0.003,0.0,27,,0.338,,31.045,,0.656,0.739,0.756
9j4c_HL,C,C,PlexinA1,boltz,3,195.327,input_model_1.cif,0.003,0.0,36,,0.388,,42.002,,0.656,0.739,0.756
9j4c_HL,C,C,PlexinA1,boltz,3,195.327,input_model_2.cif,0.003,0.0,29,,0.284,,31.83,,0.656,0.739,0.756
9j4c_HL,C,C,PlexinA1,boltz,3,195.327,input_model_3.cif,0.003,0.0,35,,0.377,,42.115,,0.656,0.739,0.756
9j4c_HL,C,C,PlexinA1,boltz,3,195.327,input_model_4.cif,0.004,0.0,37,,0.21,,31.566,,0.656,0.739,0.756
9j4c_HL,C,C,PlexinA1,boltz,4,104.233,input_model_0.cif,0.003,0.0,34,,0.299,,32.367,,0.663,0.721,0.737
9j4c_HL,C,C,PlexinA1,boltz,4,104.233,input_model_1.cif,0.003,0.0,35,,0.129,,37.35,,0.663,0.721,0.737
9j4c_HL,C,C,PlexinA1,boltz,4,104.233,input_model_2.cif,0.004,0.0,33,,0.237,,27.837,,0.663,0.721,0.737
9j4c_HL,C,C,PlexinA1,boltz,4,104.233,input_model_3.cif,0.004,0.0,34,,0.237,,32.025,,0.663,0.721,0.737
9j4c_HL,C,C,PlexinA1,boltz,4,104.233,input_model_4.cif,0.005,0.0,42,,0.445,,25.59,,0.663,0.721,0.737
9j4c_HL,C,C,PlexinA1,boltz,5,50.1,input_model_0.cif,0.004,0.0,47,,0.218,,31.803,,0.746,0.815,0.748
9j4c_HL,C,C,PlexinA1,boltz,5,50.1,input_model_1.cif,0.004,0.0,27,,0.214,,29.758,,0.746,0.815,0.748
9j4c_HL,C,C,PlexinA1,boltz,5,50.1,input_model_2.cif,0.003,0.0,22,,0.262,,31.168,,0.746,0.815,0.748
9j4c_HL,C,C,PlexinA1,boltz,5,50.1,input_model_3.cif,0.004,0.026,39,,0.5,,25.338,,0.746,0.815,0.748
9j4c_HL,C,C,PlexinA1,boltz,5,50.1,input_model_4.cif,0.005,0.0,35,,0.348,,29.411,,0.746,0.815,0.748
9j4c_HL,C,C,PlexinA1,boltz,6,27.0,input_model_0.cif,0.003,0.0,31,,0.287,,32.192,,0.729,0.783,0.764
9j4c_HL,C,C,PlexinA1,boltz,6,27.0,input_model_1.cif,0.003,0.0,32,,0.368,,43.172,,0.729,0.783,0.764
9j4c_HL,C,C,PlexinA1,boltz,6,27.0,input_model_2.cif,0.004,0.0,39,,0.401,,37.167,,0.729,0.783,0.764
9j4c_HL,C,C,PlexinA1,boltz,6,27.0,input_model_3.cif,0.004,0.0,43,,0.427,,26.388,,0.729,0.783,0.764
9j4c_HL,C,C,PlexinA1,boltz,6,27.0,input_model_4.cif,0.004,0.0,36,,0.237,,31.057,,0.729,0.783,0.764
9j4c_HL,C,C,PlexinA1,boltz,7,11.0,input_model_0.cif,0.004,0.0,30,,0.28,,30.169,,0.765,0.806,0.766
9j4c_HL,C,C,PlexinA1,boltz,7,11.0,input_model_1.cif,0.004,0.0,41,,0.222,,33.77,,0.765,0.806,0.766
9j4c_HL,C,C,PlexinA1,boltz,7,11.0,input_model_2.cif,0.003,0.0,34,,0.27,,31.791,,0.765,0.806,0.766
9j4c_HL,C,C,PlexinA1,boltz,7,11.0,input_model_3.cif,0.003,0.0,41,,0.237,,31.779,,0.765,0.806,0.766
9j4c_HL,C,C,PlexinA1,boltz,7,11.0,input_model_4.cif,0.004,0.0,39,,0.368,,41.674,,0.765,0.806,0.766
9j4c_HL,C,C,PlexinA1,boltz,8,8.0,input_model_0.cif,0.004,0.0,46,,0.148,,31.006,,0.68,0.737,0.745
9j4c_HL,C,C,PlexinA1,boltz,8,8.0,input_model_1.cif,0.008,0.045,44,,0.575,,22.596,,0.68,0.737,0.745
9j4c_HL,C,C,PlexinA1,boltz,8,8.0,input_model_2.cif,0.004,0.0,33,,0.568,,26.675,,0.68,0.737,0.745
9j4c_HL,C,C,PlexinA1,boltz,8,8.0,input_model_3.cif,0.003,0.0,46,,0.232,,38.159,,0.68,0.737,0.745
9j4c_HL,C,C,PlexinA1,boltz,8,8.0,input_model_4.cif,0.004,0.0,34,,0.203,,29.412,,0.68,0.737,0.745
9j4c_HL,C,C,PlexinA1,boltz,9,3.0,input_model_0.cif,0.006,0.0,43,,0.554,,23.077,,0.765,0.814,0.756
9j4c_HL,C,C,PlexinA1,boltz,9,3.0,input_model_1.cif,0.004,0.0,37,,0.182,,31.144,,0.765,0.814,0.756
9j4c_HL,C,C,PlexinA1,boltz,9,3.0,input_model_2.cif,0.004,0.0,49,,0.119,,34.779,,0.765,0.814,0.756
9j4c_HL,C,C,PlexinA1,boltz,9,3.0,input_model_3.cif,0.004,0.0,37,,0.294,,32.527,,0.765,0.814,0.756
9j4c_HL,C,C,PlexinA1,boltz,9,3.0,input_model_4.cif,0.014,0.095,42,,0.601,,24.329,,0.765,0.814,0.756
9j4c_HL,C,C,PlexinA1,boltz,10,1.0,input_model_0.cif,0.006,0.0,44,,0.465,,24.496,,0.878,0.89,0.772
9j4c_HL,C,C,PlexinA1,boltz,10,1.0,input_model_1.cif,0.004,0.0,46,,0.158,,30.512,,0.878,0.89,0.772
9j4c_HL,C,C,PlexinA1,boltz,10,1.0,input_model_2.cif,0.003,0.0,35,,0.289,,33.124,,0.878,0.89,0.772
9j4c_HL,C,C,PlexinA1,boltz,10,1.0,input_model_3.cif,0.023,0.472,36,,0.871,,15.561,,0.878,0.89,0.772
9j4c_HL,C,C,PlexinA1,boltz,10,1.0,input_model_4.cif,0.009,0.024,41,,0.493,,37.209,,0.878,0.89,0.772
9j4c_HL,C,C,PlexinA1,protenix,0,1032.685,9j4c_hl_sample_0.cif,0.006,0.044,90,,0.601,,29.015,,0.397,0.641,79.317
9j4c_HL,C,C,PlexinA1,protenix,0,1032.685,9j4c_hl_sample_1.cif,0.006,0.049,82,,0.597,,27.735,,0.397,0.641,79.317
9j4c_HL,C,C,PlexinA1,protenix,0,1032.685,9j4c_hl_sample_2.cif,0.005,0.014,71,,0.563,,32.974,,0.397,0.641,79.317
9j4c_HL,C,C,PlexinA1,protenix,0,1032.685,9j4c_hl_sample_3.cif,0.004,0.029,68,,0.66,,29.06,,0.397,0.641,79.317
9j4c_HL,C,C,PlexinA1,protenix,0,1032.685,9j4c_hl_sample_4.cif,0.006,0.132,76,,0.677,,16.84,,0.397,0.641,79.317
9j4c_HL,C,C,PlexinA1,protenix,1,625.088,9j4c_hl_sample_0.cif,0.006,0.0,38,,0.507,,39.518,,0.266,0.64,79.679
9j4c_HL,C,C,PlexinA1,protenix,1,625.088,9j4c_hl_sample_1.cif,0.007,0.022,45,,0.512,,38.824,,0.266,0.64,79.679
9j4c_HL,C,C,PlexinA1,protenix,1,625.088,9j4c_hl_sample_2.cif,0.005,0.0,41,,0.516,,39.077,,0.266,0.64,79.679
9j4c_HL,C,C,PlexinA1,protenix,1,625.088,9j4c_hl_sample_3.cif,0.006,0.0,46,,0.475,,40.172,,0.266,0.64,79.679
9j4c_HL,C,C,PlexinA1,protenix,1,625.088,9j4c_hl_sample_4.cif,0.003,0.0,34,,0.353,,45.636,,0.266,0.64,79.679
9j4c_HL,C,C,PlexinA1,protenix,2,351.454,9j4c_hl_sample_0.cif,0.005,0.0,63,,0.392,,37.612,,0.27,0.632,78.514
9j4c_HL,C,C,PlexinA1,protenix,2,351.454,9j4c_hl_sample_1.cif,0.005,0.0,82,,0.31,,37.49,,0.27,0.632,78.514
9j4c_HL,C,C,PlexinA1,protenix,2,351.454,9j4c_hl_sample_2.cif,0.005,0.0,73,,0.329,,37.222,,0.27,0.632,78.514
9j4c_HL,C,C,PlexinA1,protenix,2,351.454,9j4c_hl_sample_3.cif,0.004,0.0,46,,0.375,,43.692,,0.27,0.632,78.514
9j4c_HL,C,C,PlexinA1,protenix,2,351.454,9j4c_hl_sample_4.cif,0.004,0.0,49,,0.432,,41.367,,0.27,0.632,78.514
9j4c_HL,C,C,PlexinA1,protenix,3,195.327,9j4c_hl_sample_0.cif,0.006,0.02,99,,0.559,,34.131,,0.196,0.633,76.954
9j4c_HL,C,C,PlexinA1,protenix,3,195.327,9j4c_hl_sample_1.cif,0.004,0.067,104,,0.557,,14.123,,0.196,0.633,76.954
9j4c_HL,C,C,PlexinA1,protenix,3,195.327,9j4c_hl_sample_2.cif,0.011,0.067,90,,0.62,,17.28,,0.196,0.633,76.954
9j4c_HL,C,C,PlexinA1,protenix,3,195.327,9j4c_hl_sample_3.cif,0.006,0.026,117,,0.319,,18.61,,0.196,0.633,76.954
9j4c_HL,C,C,PlexinA1,protenix,3,195.327,9j4c_hl_sample_4.cif,0.009,0.093,54,,0.741,,28.414,,0.196,0.633,76.954
9j4c_HL,C,C,PlexinA1,protenix,4,104.233,9j4c_hl_sample_0.cif,0.006,0.067,89,,0.651,,30.346,,0.231,0.64,78.906
9j4c_HL,C,C,PlexinA1,protenix,4,104.233,9j4c_hl_sample_1.cif,0.006,0.062,64,,0.688,,32.73,,0.231,0.64,78.906
9j4c_HL,C,C,PlexinA1,protenix,4,104.233,9j4c_hl_sample_2.cif,0.006,0.032,62,,0.671,,29.584,,0.231,0.64,78.906
9j4c_HL,C,C,PlexinA1,protenix,4,104.233,9j4c_hl_sample_3.cif,0.005,0.0,50,,0.513,,28.362,,0.231,0.64,78.906
9j4c_HL,C,C,PlexinA1,protenix,4,104.233,9j4c_hl_sample_4.cif,0.005,0.0,63,,0.492,,33.095,,0.231,0.64,78.906
9j4c_HL,C,C,PlexinA1,protenix,5,50.1,9j4c_hl_sample_0.cif,0.007,0.074,81,,0.674,,31.897,,0.215,0.634,74.352
9j4c_HL,C,C,PlexinA1,protenix,5,50.1,9j4c_hl_sample_1.cif,0.007,0.121,66,,0.712,,20.637,,0.215,0.634,74.352
9j4c_HL,C,C,PlexinA1,protenix,5,50.1,9j4c_hl_sample_2.cif,0.008,0.121,91,,0.739,,14.94,,0.215,0.634,74.352
9j4c_HL,C,C,PlexinA1,protenix,5,50.1,9j4c_hl_sample_3.cif,0.006,0.059,68,,0.658,,30.231,,0.215,0.634,74.352
9j4c_HL,C,C,PlexinA1,protenix,5,50.1,9j4c_hl_sample_4.cif,0.005,0.032,62,,0.608,,36.893,,0.215,0.634,74.352
9j4c_HL,C,C,PlexinA1,protenix,6,27.0,9j4c_hl_sample_0.cif,0.007,0.024,83,,0.523,,20.586,,0.241,0.629,77.95
9j4c_HL,C,C,PlexinA1,protenix,6,27.0,9j4c_hl_sample_1.cif,0.007,0.177,79,,0.762,,20.913,,0.241,0.629,77.95
9j4c_HL,C,C,PlexinA1,protenix,6,27.0,9j4c_hl_sample_2.cif,0.008,0.146,89,,0.734,,16.926,,0.241,0.629,77.95
9j4c_HL,C,C,PlexinA1,protenix,6,27.0,9j4c_hl_sample_3.cif,0.005,0.012,83,,0.413,,38.189,,0.241,0.629,77.95
9j4c_HL,C,C,PlexinA1,protenix,6,27.0,9j4c_hl_sample_4.cif,0.012,0.022,90,,0.404,,21.697,,0.241,0.629,77.95
9j4c_HL,C,C,PlexinA1,protenix,7,11.0,9j4c_hl_sample_0.cif,0.006,0.11,91,,0.67,,25.768,,0.23,0.623,70.512
9j4c_HL,C,C,PlexinA1,protenix,7,11.0,9j4c_hl_sample_1.cif,0.006,0.072,83,,0.664,,35.102,,0.23,0.623,70.512
9j4c_HL,C,C,PlexinA1,protenix,7,11.0,9j4c_hl_sample_2.cif,0.007,0.162,74,,0.772,,25.991,,0.23,0.623,70.512
9j4c_HL,C,C,PlexinA1,protenix,7,11.0,9j4c_hl_sample_3.cif,0.006,0.153,98,,0.734,,22.228,,0.23,0.623,70.512
9j4c_HL,C,C,PlexinA1,protenix,7,11.0,9j4c_hl_sample_4.cif,0.006,0.049,81,,0.636,,34.744,,0.23,0.623,70.512
9j4c_HL,C,C,PlexinA1,protenix,8,8.0,9j4c_hl_sample_0.cif,0.005,0.013,78,,0.394,,35.266,,0.516,0.674,73.444
9j4c_HL,C,C,PlexinA1,protenix,8,8.0,9j4c_hl_sample_1.cif,0.005,0.0,62,,0.484,,38.445,,0.516,0.674,73.444
9j4c_HL,C,C,PlexinA1,protenix,8,8.0,9j4c_hl_sample_2.cif,0.005,0.015,65,,0.563,,39.003,,0.516,0.674,73.444
9j4c_HL,C,C,PlexinA1,protenix,8,8.0,9j4c_hl_sample_3.cif,0.005,0.037,80,,0.419,,34.759,,0.516,0.674,73.444
9j4c_HL,C,C,PlexinA1,protenix,8,8.0,9j4c_hl_sample_4.cif,0.004,0.0,57,,0.539,,38.907,,0.516,0.674,73.444
9j4c_HL,C,C,PlexinA1,protenix,9,3.0,9j4c_hl_sample_0.cif,0.006,0.081,111,,0.633,,9.606,,0.232,0.552,66.14
9j4c_HL,C,C,PlexinA1,protenix,9,3.0,9j4c_hl_sample_1.cif,0.006,0.065,107,,0.57,,11.554,,0.232,0.552,66.14
9j4c_HL,C,C,PlexinA1,protenix,9,3.0,9j4c_hl_sample_2.cif,0.011,0.079,101,,0.576,,18.716,,0.232,0.552,66.14
9j4c_HL,C,C,PlexinA1,protenix,9,3.0,9j4c_hl_sample_3.cif,0.005,0.069,101,,0.395,,21.511,,0.232,0.552,66.14
9j4c_HL,C,C,PlexinA1,protenix,9,3.0,9j4c_hl_sample_4.cif,0.006,0.049,103,,0.475,,19.009,,0.232,0.552,66.14
9j4c_HL,C,C,PlexinA1,protenix,10,1.0,9j4c_hl_sample_0.cif,0.006,0.085,130,,0.691,,9.332,,0.247,0.335,47.159
9j4c_HL,C,C,PlexinA1,protenix,10,1.0,9j4c_hl_sample_1.cif,0.006,0.182,121,,0.796,,4.613,,0.247,0.335,47.159
9j4c_HL,C,C,PlexinA1,protenix,10,1.0,9j4c_hl_sample_2.cif,0.006,0.06,168,,0.551,,9.39,,0.247,0.335,47.159
9j4c_HL,C,C,PlexinA1,protenix,10,1.0,9j4c_hl_sample_3.cif,0.008,0.074,122,,0.598,,12.446,,0.247,0.335,47.159
9j4c_HL,C,C,PlexinA1,protenix,10,1.0,9j4c_hl_sample_4.cif,0.007,0.092,153,,0.678,,9.743,,0.247,0.335,47.159
9j4c_HL,C,C,PlexinA1,protenix,11,1.0,9j4c_hl_sample_0.cif,0.02,0.126,151,,0.64,,5.921,,0.184,0.275,40.953
9j4c_HL,C,C,PlexinA1,protenix,11,1.0,9j4c_hl_sample_1.cif,0.013,0.106,161,,0.669,,9.29,,0.184,0.275,40.953
9j4c_HL,C,C,PlexinA1,protenix,11,1.0,9j4c_hl_sample_2.cif,0.006,0.135,148,,0.687,,25.059,,0.184,0.275,40.953
9j4c_HL,C,C,PlexinA1,protenix,11,1.0,9j4c_hl_sample_3.cif,0.005,0.044,158,,0.384,,25.086,,0.184,0.275,40.953
9j4c_HL,C,C,PlexinA1,protenix,11,1.0,9j4c_hl_sample_4.cif,0.013,0.029,139,,0.395,,19.71,,0.184,0.275,40.953
9kkj_HL,C,C,Nectin-4,boltz,0,2270.445,input_model_0.cif,0.673,0.833,24,,0.869,,3.837,,0.859,0.889,0.94
9kkj_HL,C,C,Nectin-4,boltz,0,2270.445,input_model_1.cif,0.616,0.833,24,,0.865,,3.78,,0.859,0.889,0.94
9kkj_HL,C,C,Nectin-4,boltz,0,2270.445,input_model_2.cif,0.665,0.8,25,,0.864,,3.934,,0.859,0.889,0.94
9kkj_HL,C,C,Nectin-4,boltz,0,2270.445,input_model_3.cif,0.639,0.731,26,,0.864,,4.255,,0.859,0.889,0.94
9kkj_HL,C,C,Nectin-4,boltz,0,2270.445,input_model_4.cif,0.635,0.8,25,,0.858,,3.442,,0.859,0.889,0.94
9kkj_HL,C,C,Nectin-4,boltz,1,1269.808,input_model_0.cif,0.674,0.76,25,,0.868,,3.629,,0.843,0.877,0.949
9kkj_HL,C,C,Nectin-4,boltz,1,1269.808,input_model_1.cif,0.688,0.792,24,,0.859,,4.196,,0.843,0.877,0.949
9kkj_HL,C,C,Nectin-4,boltz,1,1269.808,input_model_2.cif,0.604,0.783,23,,0.85,,4.321,,0.843,0.877,0.949
9kkj_HL,C,C,Nectin-4,boltz,1,1269.808,input_model_3.cif,0.599,0.85,20,,0.864,,4.562,,0.843,0.877,0.949
9kkj_HL,C,C,Nectin-4,boltz,1,1269.808,input_model_4.cif,0.607,0.679,28,,0.861,,4.489,,0.843,0.877,0.949
9kkj_HL,C,C,Nectin-4,boltz,2,692.331,input_model_0.cif,0.649,0.8,25,,0.871,,3.554,,0.844,0.877,0.951
9kkj_HL,C,C,Nectin-4,boltz,2,692.331,input_model_1.cif,0.68,0.833,24,,0.865,,3.078,,0.844,0.877,0.951
9kkj_HL,C,C,Nectin-4,boltz,2,692.331,input_model_2.cif,0.658,0.76,25,,0.866,,3.639,,0.844,0.877,0.951
9kkj_HL,C,C,Nectin-4,boltz,2,692.331,input_model_3.cif,0.624,0.8,25,,0.874,,3.731,,0.844,0.877,0.951
9kkj_HL,C,C,Nectin-4,boltz,2,692.331,input_model_4.cif,0.667,0.76,25,,0.872,,3.434,,0.844,0.877,0.951
9kkj_HL,C,C,Nectin-4,boltz,3,338.7,input_model_0.cif,0.69,0.815,27,,0.87,,3.007,,0.882,0.903,0.941
9kkj_HL,C,C,Nectin-4,boltz,3,338.7,input_model_1.cif,0.536,0.75,24,,0.869,,4.668,,0.882,0.903,0.941
9kkj_HL,C,C,Nectin-4,boltz,3,338.7,input_model_2.cif,0.612,0.792,24,,0.865,,4.702,,0.882,0.903,0.941
9kkj_HL,C,C,Nectin-4,boltz,3,338.7,input_model_3.cif,0.617,0.87,23,,0.872,,3.387,,0.882,0.903,0.941
9kkj_HL,C,C,Nectin-4,boltz,3,338.7,input_model_4.cif,0.67,0.704,27,,0.866,,4.111,,0.882,0.903,0.941
9kkj_HL,C,C,Nectin-4,boltz,4,166.091,input_model_0.cif,0.609,0.826,23,,0.866,,4.46,,0.86,0.887,0.941
9kkj_HL,C,C,Nectin-4,boltz,4,166.091,input_model_1.cif,0.659,0.714,28,,0.864,,4.074,,0.86,0.887,0.941
9kkj_HL,C,C,Nectin-4,boltz,4,166.091,input_model_2.cif,0.572,0.68,25,,0.842,,6.222,,0.86,0.887,0.941
9kkj_HL,C,C,Nectin-4,boltz,4,166.091,input_model_3.cif,0.618,0.739,23,,0.861,,4.964,,0.86,0.887,0.941
9kkj_HL,C,C,Nectin-4,boltz,4,166.091,input_model_4.cif,0.052,0.05,20,,0.426,,17.063,,0.86,0.887,0.941
9kkj_HL,C,C,Nectin-4,boltz,5,81.0,input_model_0.cif,0.669,0.769,26,,0.866,,3.931,,0.858,0.889,0.937
9kkj_HL,C,C,Nectin-4,boltz,5,81.0,input_model_1.cif,0.622,0.8,25,,0.868,,4.292,,0.858,0.889,0.937
9kkj_HL,C,C,Nectin-4,boltz,5,81.0,input_model_2.cif,0.622,0.783,23,,0.867,,4.038,,0.858,0.889,0.937
9kkj_HL,C,C,Nectin-4,boltz,5,81.0,input_model_3.cif,0.527,0.818,22,,0.866,,3.763,,0.858,0.889,0.937
9kkj_HL,C,C,Nectin-4,boltz,5,81.0,input_model_4.cif,0.684,0.826,23,,0.863,,3.671,,0.858,0.889,0.937
9kkj_HL,C,C,Nectin-4,boltz,6,33.0,input_model_0.cif,0.541,0.81,21,,0.863,,4.458,,0.865,0.893,0.945
9kkj_HL,C,C,Nectin-4,boltz,6,33.0,input_model_1.cif,0.61,0.81,21,,0.868,,4.484,,0.865,0.893,0.945
9kkj_HL,C,C,Nectin-4,boltz,6,33.0,input_model_2.cif,0.607,0.818,22,,0.876,,4.118,,0.865,0.893,0.945
9kkj_HL,C,C,Nectin-4,boltz,6,33.0,input_model_3.cif,0.661,0.769,26,,0.863,,3.742,,0.865,0.893,0.945
9kkj_HL,C,C,Nectin-4,boltz,6,33.0,input_model_4.cif,0.653,0.833,24,,0.876,,3.461,,0.865,0.893,0.945
9kkj_HL,C,C,Nectin-4,boltz,7,19.0,input_model_0.cif,0.67,0.875,24,,0.875,,3.588,,0.856,0.885,0.948
9kkj_HL,C,C,Nectin-4,boltz,7,19.0,input_model_1.cif,0.596,0.792,24,,0.862,,4.891,,0.856,0.885,0.948
9kkj_HL,C,C,Nectin-4,boltz,7,19.0,input_model_2.cif,0.678,0.808,26,,0.866,,4.029,,0.856,0.885,0.948
9kkj_HL,C,C,Nectin-4,boltz,7,19.0,input_model_3.cif,0.645,0.613,31,,0.848,,5.99,,0.856,0.885,0.948
9kkj_HL,C,C,Nectin-4,boltz,7,19.0,input_model_4.cif,0.685,0.72,25,,0.857,,4.206,,0.856,0.885,0.948
9kkj_HL,C,C,Nectin-4,boltz,8,10.0,input_model_0.cif,0.674,0.84,25,,0.863,,3.013,,0.867,0.897,0.943
9kkj_HL,C,C,Nectin-4,boltz,8,10.0,input_model_1.cif,0.652,0.87,23,,0.878,,3.387,,0.867,0.897,0.943
9kkj_HL,C,C,Nectin-4,boltz,8,10.0,input_model_2.cif,0.613,0.85,20,,0.866,,4.519,,0.867,0.897,0.943
9kkj_HL,C,C,Nectin-4,boltz,8,10.0,input_model_3.cif,0.669,0.72,25,,0.845,,3.945,,0.867,0.897,0.943
9kkj_HL,C,C,Nectin-4,boltz,8,10.0,input_model_4.cif,0.612,0.792,24,,0.861,,4.035,,0.867,0.897,0.943
9kkj_HL,C,C,Nectin-4,boltz,9,4.0,input_model_0.cif,0.597,0.76,25,,0.855,,4.732,,0.789,0.842,0.948
9kkj_HL,C,C,Nectin-4,boltz,9,4.0,input_model_1.cif,0.604,0.594,32,,0.844,,5.702,,0.789,0.842,0.948
9kkj_HL,C,C,Nectin-4,boltz,9,4.0,input_model_2.cif,0.636,0.833,24,,0.866,,3.809,,0.789,0.842,0.948
9kkj_HL,C,C,Nectin-4,boltz,9,4.0,input_model_3.cif,0.039,0.211,19,,0.5,,16.095,,0.789,0.842,0.948
9kkj_HL,C,C,Nectin-4,boltz,9,4.0,input_model_4.cif,0.037,0.0,21,,0.254,,15.285,,0.789,0.842,0.948
9kkj_HL,C,C,Nectin-4,boltz,10,2.0,input_model_0.cif,0.681,0.826,23,,0.869,,4.174,,0.883,0.906,0.95
9kkj_HL,C,C,Nectin-4,boltz,10,2.0,input_model_1.cif,0.603,0.76,25,,0.863,,4.457,,0.883,0.906,0.95
9kkj_HL,C,C,Nectin-4,boltz,10,2.0,input_model_2.cif,0.674,0.731,26,,0.866,,4.234,,0.883,0.906,0.95
9kkj_HL,C,C,Nectin-4,boltz,10,2.0,input_model_3.cif,0.61,0.826,23,,0.865,,3.72,,0.883,0.906,0.95
9kkj_HL,C,C,Nectin-4,boltz,10,2.0,input_model_4.cif,0.677,0.8,25,,0.871,,3.817,,0.883,0.906,0.95
9kkj_HL,C,C,Nectin-4,protenix,0,2270.445,9kkj_hl_sample_0.cif,0.008,0.244,41,,0.554,,10.788,,0.263,0.408,65.023
9kkj_HL,C,C,Nectin-4,protenix,0,2270.445,9kkj_hl_sample_1.cif,0.007,0.205,44,,0.507,,12.131,,0.263,0.408,65.023
9kkj_HL,C,C,Nectin-4,protenix,0,2270.445,9kkj_hl_sample_2.cif,0.007,0.306,36,,0.608,,12.189,,0.263,0.408,65.023
9kkj_HL,C,C,Nectin-4,protenix,0,2270.445,9kkj_hl_sample_3.cif,0.008,0.357,28,,0.671,,12.207,,0.263,0.408,65.023
9kkj_HL,C,C,Nectin-4,protenix,0,2270.445,9kkj_hl_sample_4.cif,0.009,0.268,41,,0.544,,10.491,,0.263,0.408,65.023
9kkj_HL,C,C,Nectin-4,protenix,1,1269.808,9kkj_hl_sample_0.cif,0.006,0.407,27,,0.675,,12.702,,0.192,0.361,63.073
9kkj_HL,C,C,Nectin-4,protenix,1,1269.808,9kkj_hl_sample_1.cif,0.006,0.321,28,,0.63,,13.494,,0.192,0.361,63.073
9kkj_HL,C,C,Nectin-4,protenix,1,1269.808,9kkj_hl_sample_2.cif,0.006,0.5,18,,0.697,,11.294,,0.192,0.361,63.073
9kkj_HL,C,C,Nectin-4,protenix,1,1269.808,9kkj_hl_sample_3.cif,0.005,0.333,27,,0.668,,13.245,,0.192,0.361,63.073
9kkj_HL,C,C,Nectin-4,protenix,1,1269.808,9kkj_hl_sample_4.cif,0.007,0.03,33,,0.302,,14.087,,0.192,0.361,63.073
9kkj_HL,C,C,Nectin-4,protenix,2,692.331,9kkj_hl_sample_0.cif,0.009,0.216,37,,0.558,,12.457,,0.193,0.349,63.606
9kkj_HL,C,C,Nectin-4,protenix,2,692.331,9kkj_hl_sample_1.cif,0.008,0.295,44,,0.586,,10.821,,0.193,0.349,63.606
9kkj_HL,C,C,Nectin-4,protenix,2,692.331,9kkj_hl_sample_2.cif,0.008,0.3,30,,0.619,,13.365,,0.193,0.349,63.606
9kkj_HL,C,C,Nectin-4,protenix,2,692.331,9kkj_hl_sample_3.cif,0.007,0.257,35,,0.605,,11.772,,0.193,0.349,63.606
9kkj_HL,C,C,Nectin-4,protenix,2,692.331,9kkj_hl_sample_4.cif,0.008,0.273,33,,0.59,,13.246,,0.193,0.349,63.606
9kkj_HL,C,C,Nectin-4,protenix,3,338.7,9kkj_hl_sample_0.cif,0.009,0.325,40,,0.657,,9.77,,0.312,0.434,66.277
9kkj_HL,C,C,Nectin-4,protenix,3,338.7,9kkj_hl_sample_1.cif,0.009,0.273,33,,0.605,,11.855,,0.312,0.434,66.277
9kkj_HL,C,C,Nectin-4,protenix,3,338.7,9kkj_hl_sample_2.cif,0.009,0.303,33,,0.597,,11.478,,0.312,0.434,66.277
9kkj_HL,C,C,Nectin-4,protenix,3,338.7,9kkj_hl_sample_3.cif,0.009,0.341,41,,0.622,,10.557,,0.312,0.434,66.277
9kkj_HL,C,C,Nectin-4,protenix,3,338.7,9kkj_hl_sample_4.cif,0.009,0.27,37,,0.563,,10.791,,0.312,0.434,66.277
9kkj_HL,C,C,Nectin-4,protenix,4,166.091,9kkj_hl_sample_0.cif,0.009,0.196,46,,0.477,,11.595,,0.23,0.395,62.923
9kkj_HL,C,C,Nectin-4,protenix,4,166.091,9kkj_hl_sample_1.cif,0.008,0.256,39,,0.608,,11.878,,0.23,0.395,62.923
9kkj_HL,C,C,Nectin-4,protenix,4,166.091,9kkj_hl_sample_2.cif,0.009,0.282,39,,0.573,,12.176,,0.23,0.395,62.923
9kkj_HL,C,C,Nectin-4,protenix,4,166.091,9kkj_hl_sample_3.cif,0.009,0.27,37,,0.61,,11.593,,0.23,0.395,62.923
9kkj_HL,C,C,Nectin-4,protenix,4,166.091,9kkj_hl_sample_4.cif,0.032,0.385,26,,0.678,,11.766,,0.23,0.395,62.923
9kkj_HL,C,C,Nectin-4,protenix,5,81.0,9kkj_hl_sample_0.cif,0.007,0.4,35,,0.725,,7.298,,0.149,0.381,66.279
9kkj_HL,C,C,Nectin-4,protenix,5,81.0,9kkj_hl_sample_1.cif,0.023,0.406,32,,0.679,,10.99,,0.149,0.381,66.279
9kkj_HL,C,C,Nectin-4,protenix,5,81.0,9kkj_hl_sample_2.cif,0.013,0.417,36,,0.691,,10.516,,0.149,0.381,66.279
9kkj_HL,C,C,Nectin-4,protenix,5,81.0,9kkj_hl_sample_3.cif,0.008,0.556,27,,0.739,,9.985,,0.149,0.381,66.279
9kkj_HL,C,C,Nectin-4,protenix,5,81.0,9kkj_hl_sample_4.cif,0.009,0.571,21,,0.746,,10.836,,0.149,0.381,66.279
9kkj_HL,C,C,Nectin-4,protenix,6,33.0,9kkj_hl_sample_0.cif,0.007,0.483,29,,0.729,,9.349,,0.153,0.391,64.439
9kkj_HL,C,C,Nectin-4,protenix,6,33.0,9kkj_hl_sample_1.cif,0.007,0.571,28,,0.741,,8.145,,0.153,0.391,64.439
9kkj_HL,C,C,Nectin-4,protenix,6,33.0,9kkj_hl_sample_2.cif,0.005,0.571,28,,0.745,,7.776,,0.153,0.391,64.439
9kkj_HL,C,C,Nectin-4,protenix,6,33.0,9kkj_hl_sample_3.cif,0.006,0.333,42,,0.659,,9.648,,0.153,0.391,64.439
9kkj_HL,C,C,Nectin-4,protenix,6,33.0,9kkj_hl_sample_4.cif,0.007,0.326,43,,0.623,,10.669,,0.153,0.391,64.439
9kkj_HL,C,C,Nectin-4,protenix,7,19.0,9kkj_hl_sample_0.cif,0.007,0.31,29,,0.652,,12.819,,0.233,0.385,64.981
9kkj_HL,C,C,Nectin-4,protenix,7,19.0,9kkj_hl_sample_1.cif,0.007,0.217,46,,0.514,,11.141,,0.233,0.385,64.981
9kkj_HL,C,C,Nectin-4,protenix,7,19.0,9kkj_hl_sample_2.cif,0.007,0.174,46,,0.482,,10.885,,0.233,0.385,64.981
9kkj_HL,C,C,Nectin-4,protenix,7,19.0,9kkj_hl_sample_3.cif,0.008,0.333,30,,0.621,,12.343,,0.233,0.385,64.981
9kkj_HL,C,C,Nectin-4,protenix,7,19.0,9kkj_hl_sample_4.cif,0.007,0.214,42,,0.529,,11.578,,0.233,0.385,64.981
9kkj_HL,C,C,Nectin-4,protenix,8,10.0,9kkj_hl_sample_0.cif,0.008,0.346,26,,0.634,,11.852,,0.266,0.415,66.226
9kkj_HL,C,C,Nectin-4,protenix,8,10.0,9kkj_hl_sample_1.cif,0.008,0.321,28,,0.627,,10.757,,0.266,0.415,66.226
9kkj_HL,C,C,Nectin-4,protenix,8,10.0,9kkj_hl_sample_2.cif,0.007,0.37,27,,0.671,,11.93,,0.266,0.415,66.226
9kkj_HL,C,C,Nectin-4,protenix,8,10.0,9kkj_hl_sample_3.cif,0.007,0.409,22,,0.701,,12.073,,0.266,0.415,66.226
9kkj_HL,C,C,Nectin-4,protenix,8,10.0,9kkj_hl_sample_4.cif,0.007,0.308,26,,0.608,,13.767,,0.266,0.415,66.226
9kkj_HL,C,C,Nectin-4,protenix,9,4.0,9kkj_hl_sample_0.cif,0.006,0.45,20,,0.698,,12.499,,0.293,0.421,64.961
9kkj_HL,C,C,Nectin-4,protenix,9,4.0,9kkj_hl_sample_1.cif,0.006,0.4,20,,0.679,,12.462,,0.293,0.421,64.961
9kkj_HL,C,C,Nectin-4,protenix,9,4.0,9kkj_hl_sample_2.cif,0.007,0.235,34,,0.536,,13.029,,0.293,0.421,64.961
9kkj_HL,C,C,Nectin-4,protenix,9,4.0,9kkj_hl_sample_3.cif,0.008,0.381,21,,0.674,,13.225,,0.293,0.421,64.961
9kkj_HL,C,C,Nectin-4,protenix,9,4.0,9kkj_hl_sample_4.cif,0.008,0.191,47,,0.514,,11.943,,0.293,0.421,64.961
9kkj_HL,C,C,Nectin-4,protenix,10,2.0,9kkj_hl_sample_0.cif,0.015,0.239,46,,0.536,,11.674,,0.269,0.413,64.307
9kkj_HL,C,C,Nectin-4,protenix,10,2.0,9kkj_hl_sample_1.cif,0.016,0.184,49,,0.481,,11.422,,0.269,0.413,64.307
9kkj_HL,C,C,Nectin-4,protenix,10,2.0,9kkj_hl_sample_2.cif,0.021,0.204,49,,0.5,,11.582,,0.269,0.413,64.307
9kkj_HL,C,C,Nectin-4,protenix,10,2.0,9kkj_hl_sample_3.cif,0.008,0.267,30,,0.607,,13.58,,0.269,0.413,64.307
9kkj_HL,C,C,Nectin-4,protenix,10,2.0,9kkj_hl_sample_4.cif,0.008,0.278,36,,0.569,,11.76,,0.269,0.413,64.307
9kkj_HL,C,C,Nectin-4,protenix,11,1.0,9kkj_hl_sample_0.cif,0.047,0.37,46,,0.649,,7.33,,0.154,0.329,52.596
9kkj_HL,C,C,Nectin-4,protenix,11,1.0,9kkj_hl_sample_1.cif,0.009,0.212,52,,0.522,,6.175,,0.154,0.329,52.596
9kkj_HL,C,C,Nectin-4,protenix,11,1.0,9kkj_hl_sample_2.cif,0.011,0.2,65,,0.491,,7.799,,0.154,0.329,52.596
9kkj_HL,C,C,Nectin-4,protenix,11,1.0,9kkj_hl_sample_3.cif,0.01,0.288,52,,0.656,,5.827,,0.154,0.329,52.596
9kkj_HL,C,C,Nectin-4,protenix,11,1.0,9kkj_hl_sample_4.cif,0.011,0.197,66,,0.514,,8.595,,0.154,0.329,52.596
9ly5_AB,C,C,B7-H3,boltz,0,3708.0,input_model_0.cif,0.045,0.393,28,,0.902,,8.125,,0.711,0.769,0.891
9ly5_AB,C,C,B7-H3,boltz,0,3708.0,input_model_1.cif,0.031,0.346,26,,0.878,,8.932,,0.711,0.769,0.891
9ly5_AB,C,C,B7-H3,boltz,0,3708.0,input_model_2.cif,0.013,0.033,30,,0.483,,24.64,,0.711,0.769,0.891
9ly5_AB,C,C,B7-H3,boltz,0,3708.0,input_model_3.cif,0.036,0.476,21,,0.907,,8.083,,0.711,0.769,0.891
9ly5_AB,C,C,B7-H3,boltz,0,3708.0,input_model_4.cif,0.014,0.556,18,,0.931,,8.513,,0.711,0.769,0.891
9ly5_AB,C,C,B7-H3,boltz,1,1800.063,input_model_0.cif,0.013,0.0,30,,0.438,,26.835,,0.724,0.779,0.891
9ly5_AB,C,C,B7-H3,boltz,1,1800.063,input_model_1.cif,0.013,0.034,29,,0.513,,25.205,,0.724,0.779,0.891
9ly5_AB,C,C,B7-H3,boltz,1,1800.063,input_model_2.cif,0.089,0.545,22,,0.917,,7.58,,0.724,0.779,0.891
9ly5_AB,C,C,B7-H3,boltz,1,1800.063,input_model_3.cif,0.013,0.037,27,,0.505,,24.389,,0.724,0.779,0.891
9ly5_AB,C,C,B7-H3,boltz,1,1800.063,input_model_4.cif,0.046,0.526,19,,0.931,,9.851,,0.724,0.779,0.891
9ly5_AB,C,C,B7-H3,boltz,2,859.349,input_model_0.cif,0.085,0.5,24,,0.926,,7.318,,0.755,0.802,0.897
9ly5_AB,C,C,B7-H3,boltz,2,859.349,input_model_1.cif,0.095,0.462,26,,0.924,,7.584,,0.755,0.802,0.897
9ly5_AB,C,C,B7-H3,boltz,2,859.349,input_model_2.cif,0.014,0.588,17,,0.927,,8.676,,0.755,0.802,0.897
9ly5_AB,C,C,B7-H3,boltz,2,859.349,input_model_3.cif,0.013,0.0,30,,0.467,,26.512,,0.755,0.802,0.897
9ly5_AB,C,C,B7-H3,boltz,2,859.349,input_model_4.cif,0.028,0.579,19,,0.937,,5.054,,0.755,0.802,0.897
9ly5_AB,C,C,B7-H3,boltz,3,385.7,input_model_0.cif,0.034,0.385,26,,0.897,,17.283,,0.696,0.751,0.894
9ly5_AB,C,C,B7-H3,boltz,3,385.7,input_model_1.cif,0.092,0.545,22,,0.925,,7.471,,0.696,0.751,0.894
9ly5_AB,C,C,B7-H3,boltz,3,385.7,input_model_2.cif,0.035,0.5,20,,0.916,,10.246,,0.696,0.751,0.894
9ly5_AB,C,C,B7-H3,boltz,3,385.7,input_model_3.cif,0.013,0.706,17,,0.948,,5.45,,0.696,0.751,0.894
9ly5_AB,C,C,B7-H3,boltz,3,385.7,input_model_4.cif,0.044,0.121,33,,0.697,,24.009,,0.696,0.751,0.894
9ly5_AB,C,C,B7-H3,boltz,4,177.15,input_model_0.cif,0.093,0.462,26,,0.925,,7.682,,0.689,0.748,0.892
9ly5_AB,C,C,B7-H3,boltz,4,177.15,input_model_1.cif,0.088,0.5,24,,0.928,,8.411,,0.689,0.748,0.892
9ly5_AB,C,C,B7-H3,boltz,4,177.15,input_model_2.cif,0.097,0.545,22,,0.929,,7.408,,0.689,0.748,0.892
9ly5_AB,C,C,B7-H3,boltz,4,177.15,input_model_3.cif,0.013,0.0,23,,0.471,,27.03,,0.689,0.748,0.892
9ly5_AB,C,C,B7-H3,boltz,4,177.15,input_model_4.cif,0.019,0.688,16,,0.939,,5.639,,0.689,0.748,0.892
9ly5_AB,C,C,B7-H3,boltz,5,88.0,input_model_0.cif,0.04,0.312,32,,0.852,,20.059,,0.753,0.8,0.888
9ly5_AB,C,C,B7-H3,boltz,5,88.0,input_model_1.cif,0.093,0.462,26,,0.917,,9.101,,0.753,0.8,0.888
9ly5_AB,C,C,B7-H3,boltz,5,88.0,input_model_2.cif,0.042,0.476,21,,0.906,,9.721,,0.753,0.8,0.888
9ly5_AB,C,C,B7-H3,boltz,5,88.0,input_model_3.cif,0.021,0.55,20,,0.935,,5.156,,0.753,0.8,0.888
9ly5_AB,C,C,B7-H3,boltz,5,88.0,input_model_4.cif,0.021,0.667,18,,0.943,,5.676,,0.753,0.8,0.888
9ly5_AB,C,C,B7-H3,boltz,6,39.0,input_model_0.cif,0.013,0.032,31,,0.546,,26.768,,0.685,0.746,0.895
9ly5_AB,C,C,B7-H3,boltz,6,39.0,input_model_1.cif,0.08,0.545,22,,0.925,,6.257,,0.685,0.746,0.895
9ly5_AB,C,C,B7-H3,boltz,6,39.0,input_model_2.cif,0.022,0.611,18,,0.936,,6.741,,0.685,0.746,0.895
9ly5_AB,C,C,B7-H3,boltz,6,39.0,input_model_3.cif,0.036,0.5,22,,0.923,,9.105,,0.685,0.746,0.895
9ly5_AB,C,C,B7-H3,boltz,6,39.0,input_model_4.cif,0.014,0.667,18,,0.941,,6.389,,0.685,0.746,0.895
9ly5_AB,C,C,B7-H3,boltz,7,18.0,input_model_0.cif,0.097,0.545,22,,0.925,,7.484,,0.735,0.786,0.894
9ly5_AB,C,C,B7-H3,boltz,7,18.0,input_model_1.cif,0.025,0.3,30,,0.843,,21.442,,0.735,0.786,0.894
9ly5_AB,C,C,B7-H3,boltz,7,18.0,input_model_2.cif,0.014,0.667,18,,0.948,,5.166,,0.735,0.786,0.894
9ly5_AB,C,C,B7-H3,boltz,7,18.0,input_model_3.cif,0.037,0.44,25,,0.919,,6.36,,0.735,0.786,0.894
9ly5_AB,C,C,B7-H3,boltz,7,18.0,input_model_4.cif,0.015,0.611,18,,0.95,,4.938,,0.735,0.786,0.894
9ly5_AB,C,C,B7-H3,boltz,8,9.0,input_model_0.cif,0.043,0.455,22,,0.893,,8.595,,0.717,0.776,0.899
9ly5_AB,C,C,B7-H3,boltz,8,9.0,input_model_1.cif,0.043,0.385,26,,0.898,,15.011,,0.717,0.776,0.899
9ly5_AB,C,C,B7-H3,boltz,8,9.0,input_model_2.cif,0.022,0.321,28,,0.86,,12.965,,0.717,0.776,0.899
9ly5_AB,C,C,B7-H3,boltz,8,9.0,input_model_3.cif,0.096,0.522,23,,0.936,,8.088,,0.717,0.776,0.899
9ly5_AB,C,C,B7-H3,boltz,8,9.0,input_model_4.cif,0.015,0.611,18,,0.936,,6.664,,0.717,0.776,0.899
9ly5_AB,C,C,B7-H3,boltz,9,4.0,input_model_0.cif,0.08,0.545,22,,0.926,,7.468,,0.714,0.768,0.892
9ly5_AB,C,C,B7-H3,boltz,9,4.0,input_model_1.cif,0.013,0.036,28,,0.527,,25.645,,0.714,0.768,0.892
9ly5_AB,C,C,B7-H3,boltz,9,4.0,input_model_2.cif,0.013,0.0,26,,0.46,,27.425,,0.714,0.768,0.892
9ly5_AB,C,C,B7-H3,boltz,9,4.0,input_model_3.cif,0.021,0.16,25,,0.664,,21.931,,0.714,0.768,0.892
9ly5_AB,C,C,B7-H3,boltz,9,4.0,input_model_4.cif,0.037,0.16,25,,0.722,,19.797,,0.714,0.768,0.892
9ly5_AB,C,C,B7-H3,boltz,10,2.0,input_model_0.cif,0.087,0.48,25,,0.93,,7.958,,0.725,0.775,0.904
9ly5_AB,C,C,B7-H3,boltz,10,2.0,input_model_1.cif,0.079,0.522,23,,0.922,,7.644,,0.725,0.775,0.904
9ly5_AB,C,C,B7-H3,boltz,10,2.0,input_model_2.cif,0.013,0.033,30,,0.474,,25.597,,0.725,0.775,0.904
9ly5_AB,C,C,B7-H3,boltz,10,2.0,input_model_3.cif,0.031,0.55,20,,0.928,,9.181,,0.725,0.775,0.904
9ly5_AB,C,C,B7-H3,boltz,10,2.0,input_model_4.cif,0.015,0.55,20,,0.929,,7.805,,0.725,0.775,0.904
9ly5_AB,C,C,B7-H3,protenix,0,3708.0,9ly5_ab_sample_0.cif,0.008,0.076,79,,0.568,,24.749,,0.239,0.426,71.695
9ly5_AB,C,C,B7-H3,protenix,0,3708.0,9ly5_ab_sample_1.cif,0.008,0.113,71,,0.646,,24.762,,0.239,0.426,71.695
9ly5_AB,C,C,B7-H3,protenix,0,3708.0,9ly5_ab_sample_2.cif,0.008,0.125,80,,0.671,,24.252,,0.239,0.426,71.695
9ly5_AB,C,C,B7-H3,protenix,0,3708.0,9ly5_ab_sample_3.cif,0.007,0.167,72,,0.711,,15.377,,0.239,0.426,71.695
9ly5_AB,C,C,B7-H3,protenix,0,3708.0,9ly5_ab_sample_4.cif,0.008,0.132,76,,0.646,,23.08,,0.239,0.426,71.695
9ly5_AB,C,C,B7-H3,protenix,1,1800.063,9ly5_ab_sample_0.cif,0.008,0.082,73,,0.571,,16.541,,0.202,0.408,70.175
9ly5_AB,C,C,B7-H3,protenix,1,1800.063,9ly5_ab_sample_1.cif,0.016,0.125,72,,0.668,,23.686,,0.202,0.408,70.175
9ly5_AB,C,C,B7-H3,protenix,1,1800.063,9ly5_ab_sample_2.cif,0.005,0.08,75,,0.594,,23.244,,0.202,0.408,70.175
9ly5_AB,C,C,B7-H3,protenix,1,1800.063,9ly5_ab_sample_3.cif,0.008,0.085,71,,0.547,,33.79,,0.202,0.408,70.175
9ly5_AB,C,C,B7-H3,protenix,1,1800.063,9ly5_ab_sample_4.cif,0.005,0.022,89,,0.252,,19.619,,0.202,0.408,70.175
9ly5_AB,C,C,B7-H3,protenix,2,859.349,9ly5_ab_sample_0.cif,0.006,0.145,55,,0.702,,32.344,,0.319,0.482,76.949
9ly5_AB,C,C,B7-H3,protenix,2,859.349,9ly5_ab_sample_1.cif,0.006,0.227,44,,0.769,,27.959,,0.319,0.482,76.949
9ly5_AB,C,C,B7-H3,protenix,2,859.349,9ly5_ab_sample_2.cif,0.051,0.183,71,,0.82,,22.762,,0.319,0.482,76.949
9ly5_AB,C,C,B7-H3,protenix,2,859.349,9ly5_ab_sample_3.cif,0.009,0.107,84,,0.644,,24.977,,0.319,0.482,76.949
9ly5_AB,C,C,B7-H3,protenix,2,859.349,9ly5_ab_sample_4.cif,0.007,0.181,72,,0.798,,22.559,,0.319,0.482,76.949
9ly5_AB,C,C,B7-H3,protenix,3,385.7,9ly5_ab_sample_0.cif,0.006,0.191,47,,0.732,,27.718,,0.302,0.473,77.013
9ly5_AB,C,C,B7-H3,protenix,3,385.7,9ly5_ab_sample_1.cif,0.006,0.191,47,,0.745,,29.182,,0.302,0.473,77.013
9ly5_AB,C,C,B7-H3,protenix,3,385.7,9ly5_ab_sample_2.cif,0.044,0.177,79,,0.854,,21.456,,0.302,0.473,77.013
9ly5_AB,C,C,B7-H3,protenix,3,385.7,9ly5_ab_sample_3.cif,0.007,0.207,58,,0.796,,24.875,,0.302,0.473,77.013
9ly5_AB,C,C,B7-H3,protenix,3,385.7,9ly5_ab_sample_4.cif,0.007,0.232,56,,0.825,,27.453,,0.302,0.473,77.013
9ly5_AB,C,C,B7-H3,protenix,4,177.15,9ly5_ab_sample_0.cif,0.008,0.153,59,,0.723,,24.115,,0.321,0.483,77.916
9ly5_AB,C,C,B7-H3,protenix,4,177.15,9ly5_ab_sample_1.cif,0.009,0.169,65,,0.721,,22.343,,0.321,0.483,77.916
9ly5_AB,C,C,B7-H3,protenix,4,177.15,9ly5_ab_sample_2.cif,0.008,0.177,62,,0.795,,21.642,,0.321,0.483,77.916
9ly5_AB,C,C,B7-H3,protenix,4,177.15,9ly5_ab_sample_3.cif,0.008,0.169,59,,0.781,,20.716,,0.321,0.483,77.916
9ly5_AB,C,C,B7-H3,protenix,4,177.15,9ly5_ab_sample_4.cif,0.006,0.213,47,,0.785,,28.044,,0.321,0.483,77.916
9ly5_AB,C,C,B7-H3,protenix,5,88.0,9ly5_ab_sample_0.cif,0.007,0.2,55,,0.758,,27.236,,0.295,0.46,77.751
9ly5_AB,C,C,B7-H3,protenix,5,88.0,9ly5_ab_sample_1.cif,0.008,0.169,71,,0.748,,23.282,,0.295,0.46,77.751
9ly5_AB,C,C,B7-H3,protenix,5,88.0,9ly5_ab_sample_2.cif,0.009,0.172,64,,0.744,,20.715,,0.295,0.46,77.751
9ly5_AB,C,C,B7-H3,protenix,5,88.0,9ly5_ab_sample_3.cif,0.008,0.175,63,,0.763,,21.271,,0.295,0.46,77.751
9ly5_AB,C,C,B7-H3,protenix,5,88.0,9ly5_ab_sample_4.cif,0.007,0.135,74,,0.758,,21.804,,0.295,0.46,77.751
9ly5_AB,C,C,B7-H3,protenix,6,39.0,9ly5_ab_sample_0.cif,0.016,0.181,72,,0.774,,21.22,,0.244,0.434,71.781
9ly5_AB,C,C,B7-H3,protenix,6,39.0,9ly5_ab_sample_1.cif,0.009,0.143,84,,0.719,,26.304,,0.244,0.434,71.781
9ly5_AB,C,C,B7-H3,protenix,6,39.0,9ly5_ab_sample_2.cif,0.015,0.171,70,,0.775,,23.238,,0.244,0.434,71.781
9ly5_AB,C,C,B7-H3,protenix,6,39.0,9ly5_ab_sample_3.cif,0.006,0.086,70,,0.6,,19.736,,0.244,0.434,71.781
9ly5_AB,C,C,B7-H3,protenix,6,39.0,9ly5_ab_sample_4.cif,0.009,0.175,63,,0.74,,28.826,,0.244,0.434,71.781
9ly5_AB,C,C,B7-H3,protenix,7,18.0,9ly5_ab_sample_0.cif,0.009,0.131,61,,0.712,,27.9,,0.29,0.469,77.305
9ly5_AB,C,C,B7-H3,protenix,7,18.0,9ly5_ab_sample_1.cif,0.009,0.175,63,,0.721,,24.761,,0.29,0.469,77.305
9ly5_AB,C,C,B7-H3,protenix,7,18.0,9ly5_ab_sample_2.cif,0.009,0.156,64,,0.69,,26.84,,0.29,0.469,77.305
9ly5_AB,C,C,B7-H3,protenix,7,18.0,9ly5_ab_sample_3.cif,0.007,0.259,54,,0.898,,13.835,,0.29,0.469,77.305
9ly5_AB,C,C,B7-H3,protenix,7,18.0,9ly5_ab_sample_4.cif,0.005,0.238,42,,0.854,,12.756,,0.29,0.469,77.305
9ly5_AB,C,C,B7-H3,protenix,8,9.0,9ly5_ab_sample_0.cif,0.007,0.233,60,,0.852,,9.684,,0.238,0.421,71.405
9ly5_AB,C,C,B7-H3,protenix,8,9.0,9ly5_ab_sample_1.cif,0.053,0.203,69,,0.862,,14.563,,0.238,0.421,71.405
9ly5_AB,C,C,B7-H3,protenix,8,9.0,9ly5_ab_sample_2.cif,0.009,0.0,87,,0.181,,25.279,,0.238,0.421,71.405
9ly5_AB,C,C,B7-H3,protenix,8,9.0,9ly5_ab_sample_3.cif,0.007,0.0,73,,0.239,,34.765,,0.238,0.421,71.405
9ly5_AB,C,C,B7-H3,protenix,8,9.0,9ly5_ab_sample_4.cif,0.005,0.0,55,,0.148,,23.892,,0.238,0.421,71.405
9ly5_AB,C,C,B7-H3,protenix,9,4.0,9ly5_ab_sample_0.cif,0.012,0.0,40,,0.146,,34.62,,0.494,0.603,79.583
9ly5_AB,C,C,B7-H3,protenix,9,4.0,9ly5_ab_sample_1.cif,0.013,0.0,42,,0.26,,31.451,,0.494,0.603,79.583
9ly5_AB,C,C,B7-H3,protenix,9,4.0,9ly5_ab_sample_2.cif,0.014,0.024,42,,0.304,,26.519,,0.494,0.603,79.583
9ly5_AB,C,C,B7-H3,protenix,9,4.0,9ly5_ab_sample_3.cif,0.028,0.25,56,,0.881,,24.374,,0.494,0.603,79.583
9ly5_AB,C,C,B7-H3,protenix,9,4.0,9ly5_ab_sample_4.cif,0.02,0.018,57,,0.241,,27.441,,0.494,0.603,79.583
9ly5_AB,C,C,B7-H3,protenix,10,2.0,9ly5_ab_sample_0.cif,0.009,0.141,71,,0.743,,18.628,,0.282,0.429,67.545
9ly5_AB,C,C,B7-H3,protenix,10,2.0,9ly5_ab_sample_1.cif,0.009,0.153,72,,0.803,,18.344,,0.282,0.429,67.545
9ly5_AB,C,C,B7-H3,protenix,10,2.0,9ly5_ab_sample_2.cif,0.08,0.215,65,,0.884,,21.108,,0.282,0.429,67.545
9ly5_AB,C,C,B7-H3,protenix,10,2.0,9ly5_ab_sample_3.cif,0.008,0.232,56,,0.842,,20.243,,0.282,0.429,67.545
9ly5_AB,C,C,B7-H3,protenix,10,2.0,9ly5_ab_sample_4.cif,0.006,0.187,75,,0.865,,17.106,,0.282,0.429,67.545
9ly5_AB,C,C,B7-H3,protenix,11,1.0,9ly5_ab_sample_0.cif,0.038,0.217,46,,0.826,,13.663,,0.21,0.398,60.481
9ly5_AB,C,C,B7-H3,protenix,11,1.0,9ly5_ab_sample_1.cif,0.024,0.231,52,,0.865,,14.822,,0.21,0.398,60.481
9ly5_AB,C,C,B7-H3,protenix,11,1.0,9ly5_ab_sample_2.cif,0.008,0.15,80,,0.751,,16.388,,0.21,0.398,60.481
9ly5_AB,C,C,B7-H3,protenix,11,1.0,9ly5_ab_sample_3.cif,0.006,0.0,72,,0.092,,26.815,,0.21,0.398,60.481
9ly5_AB,C,C,B7-H3,protenix,11,1.0,9ly5_ab_sample_4.cif,0.006,0.226,53,,0.817,,15.919,,0.21,0.398,60.481
9ml8_HL,RBD,B,offhot:숨은면,protenix,0,27.845,9ml8_hl_sample_0.cif,0.008,0.093,97,0.515,0.425,0.651,17.029,8.995,0.16,0.4,59.45
9ml8_HL,RBD,B,offhot:숨은면,protenix,0,27.845,9ml8_hl_sample_1.cif,0.018,0.0,48,0.875,0.311,0.769,24.607,2.817,0.16,0.4,59.45
9ml8_HL,RBD,B,offhot:숨은면,protenix,0,27.845,9ml8_hl_sample_2.cif,0.007,0.0,71,0.493,0.121,0.598,18.566,12.165,0.16,0.4,59.45
9ml8_HL,RBD,B,offhot:숨은면,protenix,0,27.845,9ml8_hl_sample_3.cif,0.021,0.0,65,0.554,0.214,0.643,19.248,9.288,0.16,0.4,59.45
9ml8_HL,RBD,B,offhot:숨은면,protenix,0,27.845,9ml8_hl_sample_4.cif,0.016,0.071,84,0.452,0.381,0.547,14.208,13.784,0.16,0.4,59.45
9ml8_HL,RBD,B,offhot:숨은면,protenix,1,19.333,9ml8_hl_sample_0.cif,0.009,0.1,70,0.443,0.457,0.577,14.572,13.114,0.161,0.397,58.798
9ml8_HL,RBD,B,offhot:숨은면,protenix,1,19.333,9ml8_hl_sample_1.cif,0.011,0.0,71,0.606,0.134,0.657,20.614,9.92,0.161,0.397,58.798
9ml8_HL,RBD,B,offhot:숨은면,protenix,1,19.333,9ml8_hl_sample_2.cif,0.032,0.0,50,0.82,0.29,0.764,24.7,3.662,0.161,0.397,58.798
9ml8_HL,RBD,B,offhot:숨은면,protenix,1,19.333,9ml8_hl_sample_3.cif,0.014,0.105,76,0.434,0.479,0.546,12.725,13.366,0.161,0.397,58.798
9ml8_HL,RBD,B,offhot:숨은면,protenix,1,19.333,9ml8_hl_sample_4.cif,0.011,0.0,78,0.462,0.114,0.564,17.873,12.246,0.161,0.397,58.798
9ml8_HL,RBD,B,offhot:숨은면,protenix,2,10.0,9ml8_hl_sample_0.cif,0.013,0.138,58,0.224,0.508,0.429,12.33,18.674,0.155,0.394,56.769
9ml8_HL,RBD,B,offhot:숨은면,protenix,2,10.0,9ml8_hl_sample_1.cif,0.017,0.103,68,0.5,0.447,0.621,12.352,13.562,0.155,0.394,56.769
9ml8_HL,RBD,B,offhot:숨은면,protenix,2,10.0,9ml8_hl_sample_2.cif,0.008,0.237,80,0.237,0.703,0.401,8.977,19.417,0.155,0.394,56.769
9ml8_HL,RBD,B,offhot:숨은면,protenix,2,10.0,9ml8_hl_sample_3.cif,0.008,0.034,59,0.39,0.396,0.555,16.198,14.834,0.155,0.394,56.769
9ml8_HL,RBD,B,offhot:숨은면,protenix,2,10.0,9ml8_hl_sample_4.cif,0.011,0.1,50,0.12,0.48,0.299,15.194,25.039,0.155,0.394,56.769
9ml8_HL,RBD,B,offhot:숨은면,protenix,3,3.0,9ml8_hl_sample_0.cif,0.012,0.224,67,0.239,0.657,0.444,7.696,17.727,0.161,0.288,44.426
9ml8_HL,RBD,B,offhot:숨은면,protenix,3,3.0,9ml8_hl_sample_1.cif,0.027,0.144,132,0.364,0.535,0.474,6.298,15.495,0.161,0.288,44.426
9ml8_HL,RBD,B,offhot:숨은면,protenix,3,3.0,9ml8_hl_sample_2.cif,0.01,0.135,104,0.154,0.51,0.288,6.684,15.656,0.161,0.288,44.426
9ml8_HL,RBD,B,offhot:숨은면,protenix,3,3.0,9ml8_hl_sample_3.cif,0.007,0.13,108,0.287,0.496,0.415,5.641,16.357,0.161,0.288,44.426
9ml8_HL,RBD,B,offhot:숨은면,protenix,3,3.0,9ml8_hl_sample_4.cif,0.014,0.126,87,0.207,0.556,0.413,8.654,16.415,0.161,0.288,44.426
9ml8_HL,RBD,B,offhot:숨은면,protenix,4,6.0,9ml8_hl_sample_0.cif,0.055,0.275,80,0.163,0.793,0.329,7.3,22.735,0.142,0.364,53.582
9ml8_HL,RBD,B,offhot:숨은면,protenix,4,6.0,9ml8_hl_sample_1.cif,0.04,0.205,83,0.386,0.701,0.49,11.996,16.205,0.142,0.364,53.582
9ml8_HL,RBD,B,offhot:숨은면,protenix,4,6.0,9ml8_hl_sample_2.cif,0.032,0.0,42,0.214,0.43,0.387,15.925,19.333,0.142,0.364,53.582
9ml8_HL,RBD,B,offhot:숨은면,protenix,4,6.0,9ml8_hl_sample_3.cif,0.012,0.155,58,0.172,0.596,0.324,11.285,21.771,0.142,0.364,53.582
9ml8_HL,RBD,B,offhot:숨은면,protenix,4,6.0,9ml8_hl_sample_4.cif,0.028,0.309,68,0.206,0.786,0.385,8.306,20.37,0.142,0.364,53.582
9ml8_HL,RBD,B,offhot:숨은면,protenix,5,2.0,9ml8_hl_sample_0.cif,0.009,0.164,55,0.491,0.581,0.572,13.403,5.167,0.143,0.276,45.732
9ml8_HL,RBD,B,offhot:숨은면,protenix,5,2.0,9ml8_hl_sample_1.cif,0.016,0.167,72,0.583,0.539,0.638,13.732,6.015,0.143,0.276,45.732
9ml8_HL,RBD,B,offhot:숨은면,protenix,5,2.0,9ml8_hl_sample_2.cif,0.015,0.118,85,0.565,0.451,0.655,16.337,2.98,0.143,0.276,45.732
9ml8_HL,RBD,B,offhot:숨은면,protenix,5,2.0,9ml8_hl_sample_3.cif,0.01,0.139,79,0.392,0.479,0.537,15.62,4.897,0.143,0.276,45.732
9ml8_HL,RBD,B,offhot:숨은면,protenix,5,2.0,9ml8_hl_sample_4.cif,0.013,0.185,65,0.308,0.611,0.485,14.011,8.66,0.143,0.276,45.732
9ml8_HL,RBD,B,offhot:숨은면,protenix,6,1.0,9ml8_hl_sample_0.cif,0.022,0.195,87,0.218,0.621,0.341,1.213,12.468,0.173,0.28,43.977
9ml8_HL,RBD,B,offhot:숨은면,protenix,6,1.0,9ml8_hl_sample_1.cif,0.014,0.186,86,0.233,0.637,0.407,6.247,14.036,0.173,0.28,43.977
9ml8_HL,RBD,B,offhot:숨은면,protenix,6,1.0,9ml8_hl_sample_2.cif,0.01,0.112,134,0.306,0.482,0.428,6.328,8.372,0.173,0.28,43.977
9ml8_HL,RBD,B,offhot:숨은면,protenix,6,1.0,9ml8_hl_sample_3.cif,0.007,0.215,79,0.203,0.661,0.37,6.046,13.216,0.173,0.28,43.977
9ml8_HL,RBD,B,offhot:숨은면,protenix,6,1.0,9ml8_hl_sample_4.cif,0.015,0.17,106,0.302,0.648,0.414,5.029,8.016,0.173,0.28,43.977
9ml8_HL,RBD,B,offhot:숨은면,protenix,7,1.0,9ml8_hl_sample_0.cif,0.029,0.137,124,0.46,0.614,0.602,1.325,6.747,0.152,0.287,40.749
9ml8_HL,RBD,B,offhot:숨은면,protenix,7,1.0,9ml8_hl_sample_1.cif,0.015,0.221,95,0.463,0.709,0.602,3.999,9.992,0.152,0.287,40.749
9ml8_HL,RBD,B,offhot:숨은면,protenix,7,1.0,9ml8_hl_sample_2.cif,0.019,0.165,127,0.402,0.63,0.523,4.358,11.219,0.152,0.287,40.749
9ml8_HL,RBD,B,offhot:숨은면,protenix,7,1.0,9ml8_hl_sample_3.cif,0.017,0.105,105,0.229,0.482,0.371,7.725,15.124,0.152,0.287,40.749
9ml8_HL,RBD,B,offhot:숨은면,protenix,7,1.0,9ml8_hl_sample_4.cif,0.018,0.222,81,0.494,0.68,0.624,4.466,7.303,0.152,0.287,40.749
9ml8_HL,RBD,B,offhot:숨은면,protenix,8,1.0,9ml8_hl_sample_0.cif,0.016,0.161,118,0.432,0.646,0.575,9.379,8.406,0.144,0.29,41.146
9ml8_HL,RBD,B,offhot:숨은면,protenix,8,1.0,9ml8_hl_sample_1.cif,0.027,0.205,73,0.438,0.66,0.526,4.841,6.952,0.144,0.29,41.146
9ml8_HL,RBD,B,offhot:숨은면,protenix,8,1.0,9ml8_hl_sample_2.cif,0.015,0.232,82,0.427,0.716,0.542,4.219,11.208,0.144,0.29,41.146
9ml8_HL,RBD,B,offhot:숨은면,protenix,8,1.0,9ml8_hl_sample_3.cif,0.008,0.19,79,0.608,0.643,0.678,7.235,5.259,0.144,0.29,41.146
9ml8_HL,RBD,B,offhot:숨은면,protenix,8,1.0,9ml8_hl_sample_4.cif,0.041,0.168,101,0.366,0.586,0.507,7.685,7.546,0.144,0.29,41.146
9ml8_HL,RBD,B,offhot:숨은면,protenix,9,1.0,9ml8_hl_sample_0.cif,0.034,0.136,81,0.247,0.468,0.402,9.774,9.832,0.149,0.279,42.266
9ml8_HL,RBD,B,offhot:숨은면,protenix,9,1.0,9ml8_hl_sample_1.cif,0.017,0.137,102,0.373,0.522,0.503,7.962,12.251,0.149,0.279,42.266
9ml8_HL,RBD,B,offhot:숨은면,protenix,9,1.0,9ml8_hl_sample_2.cif,0.011,0.202,109,0.477,0.725,0.597,7.766,4.283,0.149,0.279,42.266
9ml8_HL,RBD,B,offhot:숨은면,protenix,9,1.0,9ml8_hl_sample_3.cif,0.008,0.122,82,0.537,0.484,0.632,12.206,8.488,0.149,0.279,42.266
9ml8_HL,RBD,B,offhot:숨은면,protenix,9,1.0,9ml8_hl_sample_4.cif,0.007,0.15,80,0.312,0.475,0.429,7.008,7.13,0.149,0.279,42.266
9ml8_HL,RBD,B,offhot:숨은면,protenix,10,1.0,9ml8_hl_sample_0.cif,0.008,0.186,70,0.214,0.576,0.409,7.587,10.882,0.145,0.284,42.116
9ml8_HL,RBD,B,offhot:숨은면,protenix,10,1.0,9ml8_hl_sample_1.cif,0.012,0.238,63,0.175,0.666,0.343,8.047,14.851,0.145,0.284,42.116
9ml8_HL,RBD,B,offhot:숨은면,protenix,10,1.0,9ml8_hl_sample_2.cif,0.008,0.127,71,0.366,0.496,0.521,10.871,8.917,0.145,0.284,42.116
9ml8_HL,RBD,B,offhot:숨은면,protenix,10,1.0,9ml8_hl_sample_3.cif,0.015,0.187,75,0.493,0.603,0.612,6.258,6.344,0.145,0.284,42.116
9ml8_HL,RBD,B,offhot:숨은면,protenix,10,1.0,9ml8_hl_sample_4.cif,0.01,0.147,129,0.341,0.618,0.427,7.073,7.516,0.145,0.284,42.116
9ml8_HL,RBD,B,offhot:숨은면,protenix,11,1.0,9ml8_hl_sample_0.cif,0.008,0.233,73,0.301,0.68,0.427,8.667,14.017,0.142,0.291,42.38
9ml8_HL,RBD,B,offhot:숨은면,protenix,11,1.0,9ml8_hl_sample_1.cif,0.009,0.163,92,0.207,0.556,0.343,8.961,14.966,0.142,0.291,42.38
9ml8_HL,RBD,B,offhot:숨은면,protenix,11,1.0,9ml8_hl_sample_2.cif,0.009,0.098,92,0.413,0.471,0.526,15.339,5.272,0.142,0.291,42.38
9ml8_HL,RBD,B,offhot:숨은면,protenix,11,1.0,9ml8_hl_sample_3.cif,0.015,0.054,56,0.375,0.49,0.456,12.239,10.947,0.142,0.291,42.38
9ml8_HL,RBD,B,offhot:숨은면,protenix,11,1.0,9ml8_hl_sample_4.cif,0.014,0.116,86,0.43,0.467,0.548,8.478,8.403,0.142,0.291,42.38
9ml9_HL,RBD,B,offhot:코어,protenix,0,27.845,9ml9_hl_sample_0.cif,0.007,0.29,62,0.371,0.779,0.519,9.911,14.554,0.162,0.391,66.649
9ml9_HL,RBD,B,offhot:코어,protenix,0,27.845,9ml9_hl_sample_1.cif,0.008,0.171,70,0.514,0.612,0.618,14.279,10.066,0.162,0.391,66.649
9ml9_HL,RBD,B,offhot:코어,protenix,0,27.845,9ml9_hl_sample_2.cif,0.01,0.286,56,0.518,0.77,0.59,14.259,10.349,0.162,0.391,66.649
9ml9_HL,RBD,B,offhot:코어,protenix,0,27.845,9ml9_hl_sample_3.cif,0.007,0.206,63,0.524,0.688,0.607,16.953,7.92,0.162,0.391,66.649
9ml9_HL,RBD,B,offhot:코어,protenix,0,27.845,9ml9_hl_sample_4.cif,0.036,0.114,35,0.657,0.475,0.736,23.088,4.163,0.162,0.391,66.649
9ml9_HL,RBD,B,offhot:코어,protenix,1,15.0,9ml9_hl_sample_0.cif,0.027,0.091,44,0.705,0.565,0.673,19.971,9.657,0.157,0.381,68.392
9ml9_HL,RBD,B,offhot:코어,protenix,1,15.0,9ml9_hl_sample_1.cif,0.026,0.077,39,0.769,0.459,0.738,24.964,4.482,0.157,0.381,68.392
9ml9_HL,RBD,B,offhot:코어,protenix,1,15.0,9ml9_hl_sample_2.cif,0.008,0.25,68,0.368,0.753,0.516,9.919,13.21,0.157,0.381,68.392
9ml9_HL,RBD,B,offhot:코어,protenix,1,15.0,9ml9_hl_sample_3.cif,0.02,0.545,33,0.0,0.871,0.255,6.655,26.538,0.157,0.381,68.392
9ml9_HL,RBD,B,offhot:코어,protenix,1,15.0,9ml9_hl_sample_4.cif,0.009,0.266,64,0.438,0.761,0.573,12.092,12.221,0.157,0.381,68.392
9ml9_HL,RBD,B,offhot:코어,protenix,2,8.71,9ml9_hl_sample_0.cif,0.018,0.241,79,0.481,0.696,0.591,13.09,12.163,0.163,0.404,59.084
9ml9_HL,RBD,B,offhot:코어,protenix,2,8.71,9ml9_hl_sample_1.cif,0.012,0.236,72,0.403,0.71,0.52,12.523,13.347,0.163,0.404,59.084
9ml9_HL,RBD,B,offhot:코어,protenix,2,8.71,9ml9_hl_sample_2.cif,0.008,0.047,64,0.781,0.31,0.759,23.628,1.205,0.163,0.404,59.084
9ml9_HL,RBD,B,offhot:코어,protenix,2,8.71,9ml9_hl_sample_3.cif,0.008,0.148,81,0.556,0.599,0.643,15.829,10.612,0.163,0.404,59.084
9ml9_HL,RBD,B,offhot:코어,protenix,2,8.71,9ml9_hl_sample_4.cif,0.078,0.476,42,0.143,0.883,0.3,4.121,22.975,0.163,0.404,59.084
9ml9_HL,RBD,B,offhot:코어,protenix,3,4.0,9ml9_hl_sample_0.cif,0.006,0.136,59,0.305,0.493,0.499,12.051,9.364,0.241,0.373,61.502
9ml9_HL,RBD,B,offhot:코어,protenix,3,4.0,9ml9_hl_sample_1.cif,0.007,0.219,96,0.396,0.696,0.569,6.949,4.859,0.241,0.373,61.502
9ml9_HL,RBD,B,offhot:코어,protenix,3,4.0,9ml9_hl_sample_2.cif,0.007,0.221,95,0.379,0.687,0.532,6.581,5.944,0.241,0.373,61.502
9ml9_HL,RBD,B,offhot:코어,protenix,3,4.0,9ml9_hl_sample_3.cif,0.009,0.069,87,0.299,0.326,0.439,11.446,13.634,0.241,0.373,61.502
9ml9_HL,RBD,B,offhot:코어,protenix,3,4.0,9ml9_hl_sample_4.cif,0.008,0.276,76,0.474,0.791,0.546,4.721,7.839,0.241,0.373,61.502
9ml9_HL,RBD,B,offhot:코어,protenix,4,3.0,9ml9_hl_sample_0.cif,0.011,0.058,52,0.0,0.505,0.241,8.318,19.02,0.185,0.339,52.341
9ml9_HL,RBD,B,offhot:코어,protenix,4,3.0,9ml9_hl_sample_1.cif,0.023,0.136,66,0.091,0.607,0.261,6.579,14.793,0.185,0.339,52.341
9ml9_HL,RBD,B,offhot:코어,protenix,4,3.0,9ml9_hl_sample_2.cif,0.007,0.106,94,0.17,0.497,0.308,9.372,17.929,0.185,0.339,52.341
9ml9_HL,RBD,B,offhot:코어,protenix,4,3.0,9ml9_hl_sample_3.cif,0.008,0.125,80,0.237,0.525,0.379,2.404,12.685,0.185,0.339,52.341
9ml9_HL,RBD,B,offhot:코어,protenix,4,3.0,9ml9_hl_sample_4.cif,0.008,0.104,106,0.311,0.491,0.444,1.365,12.856,0.185,0.339,52.341
9ml9_HL,RBD,B,offhot:코어,protenix,5,2.0,9ml9_hl_sample_0.cif,0.008,0.174,46,0.13,0.708,0.282,9.002,22.765,0.198,0.355,51.231
9ml9_HL,RBD,B,offhot:코어,protenix,5,2.0,9ml9_hl_sample_1.cif,0.006,0.107,56,0.179,0.6,0.381,4.763,13.303,0.198,0.355,51.231
9ml9_HL,RBD,B,offhot:코어,protenix,5,2.0,9ml9_hl_sample_2.cif,0.007,0.188,80,0.225,0.631,0.378,3.257,13.279,0.198,0.355,51.231
9ml9_HL,RBD,B,offhot:코어,protenix,5,2.0,9ml9_hl_sample_3.cif,0.006,0.088,57,0.404,0.486,0.513,12.044,12.87,0.198,0.355,51.231
9ml9_HL,RBD,B,offhot:코어,protenix,5,2.0,9ml9_hl_sample_4.cif,0.009,0.121,107,0.364,0.473,0.516,6.419,11.396,0.198,0.355,51.231
9ml9_HL,RBD,B,offhot:코어,protenix,6,1.0,9ml9_hl_sample_0.cif,0.014,0.09,89,0.528,0.4,0.63,12.241,1.451,0.138,0.281,42.004
9ml9_HL,RBD,B,offhot:코어,protenix,6,1.0,9ml9_hl_sample_1.cif,0.01,0.026,76,0.579,0.285,0.68,13.43,7.697,0.138,0.281,42.004
9ml9_HL,RBD,B,offhot:코어,protenix,6,1.0,9ml9_hl_sample_2.cif,0.015,0.123,114,0.246,0.507,0.384,2.265,10.531,0.138,0.281,42.004
9ml9_HL,RBD,B,offhot:코어,protenix,6,1.0,9ml9_hl_sample_3.cif,0.02,0.081,86,0.384,0.432,0.485,8.986,10.082,0.138,0.281,42.004
9ml9_HL,RBD,B,offhot:코어,protenix,6,1.0,9ml9_hl_sample_4.cif,0.008,0.114,79,0.443,0.479,0.552,8.678,9.902,0.138,0.281,42.004
9ml9_HL,RBD,B,offhot:코어,protenix,7,1.0,9ml9_hl_sample_0.cif,0.009,0.064,109,0.514,0.322,0.639,14.125,5.062,0.169,0.33,48.694
9ml9_HL,RBD,B,offhot:코어,protenix,7,1.0,9ml9_hl_sample_1.cif,0.009,0.049,82,0.28,0.429,0.398,7.227,10.953,0.169,0.33,48.694
9ml9_HL,RBD,B,offhot:코어,protenix,7,1.0,9ml9_hl_sample_2.cif,0.006,0.054,56,0.429,0.416,0.556,13.409,5.199,0.169,0.33,48.694
9ml9_HL,RBD,B,offhot:코어,protenix,7,1.0,9ml9_hl_sample_3.cif,0.014,0.11,82,0.476,0.457,0.59,9.124,7.246,0.169,0.33,48.694
9ml9_HL,RBD,B,offhot:코어,protenix,7,1.0,9ml9_hl_sample_4.cif,0.008,0.042,95,0.505,0.229,0.628,11.897,7.913,0.169,0.33,48.694
9ml9_HL,RBD,B,offhot:코어,protenix,8,1.0,9ml9_hl_sample_0.cif,0.024,0.057,87,0.184,0.365,0.342,12.326,14.766,0.178,0.361,55.81
9ml9_HL,RBD,B,offhot:코어,protenix,8,1.0,9ml9_hl_sample_1.cif,0.021,0.065,93,0.312,0.406,0.437,12.784,5.492,0.178,0.361,55.81
9ml9_HL,RBD,B,offhot:코어,protenix,8,1.0,9ml9_hl_sample_2.cif,0.031,0.062,97,0.33,0.368,0.456,17.816,12.986,0.178,0.361,55.81
9ml9_HL,RBD,B,offhot:코어,protenix,8,1.0,9ml9_hl_sample_3.cif,0.041,0.075,67,0.269,0.428,0.425,11.167,12.523,0.178,0.361,55.81
9ml9_HL,RBD,B,offhot:코어,protenix,8,1.0,9ml9_hl_sample_4.cif,0.033,0.097,62,0.468,0.477,0.593,11.062,7.183,0.178,0.361,55.81
9ml9_HL,RBD,B,offhot:코어,protenix,9,1.0,9ml9_hl_sample_0.cif,0.015,0.029,68,0.485,0.31,0.57,11.328,7.622,0.146,0.305,49.068
9ml9_HL,RBD,B,offhot:코어,protenix,9,1.0,9ml9_hl_sample_1.cif,0.008,0.064,78,0.333,0.406,0.499,7.502,11.235,0.146,0.305,49.068
9ml9_HL,RBD,B,offhot:코어,protenix,9,1.0,9ml9_hl_sample_2.cif,0.018,0.12,100,0.18,0.472,0.359,6.334,15.138,0.146,0.305,49.068
9ml9_HL,RBD,B,offhot:코어,protenix,9,1.0,9ml9_hl_sample_3.cif,0.009,0.067,90,0.489,0.304,0.598,7.523,5.384,0.146,0.305,49.068
9ml9_HL,RBD,B,offhot:코어,protenix,9,1.0,9ml9_hl_sample_4.cif,0.016,0.167,66,0.439,0.627,0.534,4.361,7.57,0.146,0.305,49.068
9ml9_HL,RBD,B,offhot:코어,protenix,10,1.0,9ml9_hl_sample_0.cif,0.02,0.091,66,0.545,0.293,0.62,14.034,7.744,0.159,0.348,48.166
9ml9_HL,RBD,B,offhot:코어,protenix,10,1.0,9ml9_hl_sample_1.cif,0.016,0.078,64,0.562,0.373,0.612,13.14,7.006,0.159,0.348,48.166
9ml9_HL,RBD,B,offhot:코어,protenix,10,1.0,9ml9_hl_sample_2.cif,0.011,0.093,75,0.44,0.418,0.563,10.181,11.221,0.159,0.348,48.166
9ml9_HL,RBD,B,offhot:코어,protenix,10,1.0,9ml9_hl_sample_3.cif,0.013,0.072,69,0.42,0.353,0.521,14.256,7.431,0.159,0.348,48.166
9ml9_HL,RBD,B,offhot:코어,protenix,10,1.0,9ml9_hl_sample_4.cif,0.011,0.057,88,0.489,0.332,0.583,11.25,8.636,0.159,0.348,48.166
9ml9_HL,RBD,B,offhot:코어,protenix,11,1.0,9ml9_hl_sample_0.cif,0.02,0.171,41,0.146,0.619,0.354,11.382,15.845,0.166,0.365,50.508
9ml9_HL,RBD,B,offhot:코어,protenix,11,1.0,9ml9_hl_sample_1.cif,0.019,0.085,59,0.678,0.484,0.647,9.109,5.694,0.166,0.365,50.508
9ml9_HL,RBD,B,offhot:코어,protenix,11,1.0,9ml9_hl_sample_2.cif,0.013,0.13,54,0.074,0.546,0.287,5.365,11.744,0.166,0.365,50.508
9ml9_HL,RBD,B,offhot:코어,protenix,11,1.0,9ml9_hl_sample_3.cif,0.022,0.076,66,0.621,0.429,0.61,8.914,6.631,0.166,0.365,50.508
9ml9_HL,RBD,B,offhot:코어,protenix,11,1.0,9ml9_hl_sample_4.cif,0.033,0.098,51,0.451,0.553,0.51,11.494,12.642,0.166,0.365,50.508
9mqr_DE,C,C,CD97,boltz,0,704.691,input_model_0.cif,0.018,0.028,36,,0.314,,20.708,,0.788,0.833,0.594
9mqr_DE,C,C,CD97,boltz,0,704.691,input_model_1.cif,0.014,0.194,36,,0.663,,13.111,,0.788,0.833,0.594
9mqr_DE,C,C,CD97,boltz,0,704.691,input_model_2.cif,0.007,0.333,21,,0.553,,14.264,,0.788,0.833,0.594
9mqr_DE,C,C,CD97,boltz,0,704.691,input_model_3.cif,0.009,0.081,37,,0.486,,16.215,,0.788,0.833,0.594
9mqr_DE,C,C,CD97,boltz,0,704.691,input_model_4.cif,0.042,0.15,40,,0.602,,12.12,,0.788,0.833,0.594
9mqr_DE,C,C,CD97,boltz,1,391.169,input_model_0.cif,0.009,0.033,30,,0.236,,20.184,,0.513,0.619,0.6
9mqr_DE,C,C,CD97,boltz,1,391.169,input_model_1.cif,0.009,0.158,38,,0.526,,13.027,,0.513,0.619,0.6
9mqr_DE,C,C,CD97,boltz,1,391.169,input_model_2.cif,0.011,0.148,27,,0.469,,16.763,,0.513,0.619,0.6
9mqr_DE,C,C,CD97,boltz,1,391.169,input_model_3.cif,0.02,0.279,43,,0.606,,13.402,,0.513,0.619,0.6
9mqr_DE,C,C,CD97,boltz,1,391.169,input_model_4.cif,0.008,0.05,40,,0.34,,18.157,,0.513,0.619,0.6
9mqr_DE,C,C,CD97,boltz,2,196.333,input_model_0.cif,0.036,0.242,33,,0.619,,12.367,,0.682,0.75,0.604
9mqr_DE,C,C,CD97,boltz,2,196.333,input_model_1.cif,0.044,0.235,34,,0.615,,12.734,,0.682,0.75,0.604
9mqr_DE,C,C,CD97,boltz,2,196.333,input_model_2.cif,0.008,0.0,35,,0.252,,21.86,,0.682,0.75,0.604
9mqr_DE,C,C,CD97,boltz,2,196.333,input_model_3.cif,0.009,0.0,33,,0.268,,22.21,,0.682,0.75,0.604
9mqr_DE,C,C,CD97,boltz,2,196.333,input_model_4.cif,0.01,0.097,31,,0.661,,7.672,,0.682,0.75,0.604
9mqr_DE,C,C,CD97,boltz,3,98.0,input_model_0.cif,0.009,0.167,30,,0.472,,14.487,,0.754,0.806,0.597
9mqr_DE,C,C,CD97,boltz,3,98.0,input_model_1.cif,0.045,0.103,29,,0.574,,12.089,,0.754,0.806,0.597
9mqr_DE,C,C,CD97,boltz,3,98.0,input_model_2.cif,0.01,0.069,29,,0.425,,21.846,,0.754,0.806,0.597
9mqr_DE,C,C,CD97,boltz,3,98.0,input_model_3.cif,0.016,0.24,25,,0.523,,15.0,,0.754,0.806,0.597
9mqr_DE,C,C,CD97,boltz,3,98.0,input_model_4.cif,0.044,0.3,30,,0.661,,11.219,,0.754,0.806,0.597
9mqr_DE,C,C,CD97,boltz,4,36.0,input_model_0.cif,0.006,0.032,31,,0.284,,21.239,,0.655,0.729,0.601
9mqr_DE,C,C,CD97,boltz,4,36.0,input_model_1.cif,0.036,0.163,43,,0.66,,9.122,,0.655,0.729,0.601
9mqr_DE,C,C,CD97,boltz,4,36.0,input_model_2.cif,0.012,0.037,27,,0.451,,19.61,,0.655,0.729,0.601
9mqr_DE,C,C,CD97,boltz,4,36.0,input_model_3.cif,0.019,0.118,34,,0.554,,15.586,,0.655,0.729,0.601
9mqr_DE,C,C,CD97,boltz,4,36.0,input_model_4.cif,0.041,0.237,38,,0.645,,6.923,,0.655,0.729,0.601
9mqr_DE,C,C,CD97,boltz,5,17.0,input_model_0.cif,0.034,0.367,30,,0.75,,8.336,,0.655,0.732,0.607
9mqr_DE,C,C,CD97,boltz,5,17.0,input_model_1.cif,0.043,0.286,42,,0.66,,9.175,,0.655,0.732,0.607
9mqr_DE,C,C,CD97,boltz,5,17.0,input_model_2.cif,0.009,0.042,24,,0.238,,22.542,,0.655,0.732,0.607
9mqr_DE,C,C,CD97,boltz,5,17.0,input_model_3.cif,0.007,0.182,33,,0.388,,16.663,,0.655,0.732,0.607
9mqr_DE,C,C,CD97,boltz,5,17.0,input_model_4.cif,0.012,0.133,30,,0.567,,9.269,,0.655,0.732,0.607
9mqr_DE,C,C,CD97,boltz,6,9.0,input_model_0.cif,0.008,0.0,31,,0.3,,18.768,,0.684,0.756,0.601
9mqr_DE,C,C,CD97,boltz,6,9.0,input_model_1.cif,0.014,0.097,31,,0.546,,13.148,,0.684,0.756,0.601
9mqr_DE,C,C,CD97,boltz,6,9.0,input_model_2.cif,0.021,0.167,30,,0.552,,13.532,,0.684,0.756,0.601
9mqr_DE,C,C,CD97,boltz,6,9.0,input_model_3.cif,0.008,0.068,44,,0.463,,17.524,,0.684,0.756,0.601
9mqr_DE,C,C,CD97,boltz,6,9.0,input_model_4.cif,0.018,0.062,32,,0.505,,15.368,,0.684,0.756,0.601
9mqr_DE,C,C,CD97,boltz,7,7.0,input_model_0.cif,0.018,0.2,45,,0.598,,14.785,,0.514,0.619,0.604
9mqr_DE,C,C,CD97,boltz,7,7.0,input_model_1.cif,0.013,0.093,43,,0.548,,10.543,,0.514,0.619,0.604
9mqr_DE,C,C,CD97,boltz,7,7.0,input_model_2.cif,0.015,0.147,34,,0.509,,16.365,,0.514,0.619,0.604
9mqr_DE,C,C,CD97,boltz,7,7.0,input_model_3.cif,0.055,0.132,38,,0.642,,10.13,,0.514,0.619,0.604
9mqr_DE,C,C,CD97,boltz,7,7.0,input_model_4.cif,0.048,0.205,44,,0.594,,10.454,,0.514,0.619,0.604
9mqr_DE,C,C,CD97,boltz,8,4.0,input_model_0.cif,0.009,0.029,34,,0.303,,20.81,,0.791,0.836,0.597
9mqr_DE,C,C,CD97,boltz,8,4.0,input_model_1.cif,0.008,0.032,31,,0.25,,19.842,,0.791,0.836,0.597
9mqr_DE,C,C,CD97,boltz,8,4.0,input_model_2.cif,0.007,0.179,28,,0.417,,18.357,,0.791,0.836,0.597
9mqr_DE,C,C,CD97,boltz,8,4.0,input_model_3.cif,0.027,0.024,41,,0.504,,14.785,,0.791,0.836,0.597
9mqr_DE,C,C,CD97,boltz,8,4.0,input_model_4.cif,0.008,0.0,36,,0.385,,16.609,,0.791,0.836,0.597
9mqr_DE,C,C,CD97,boltz,9,1.0,input_model_0.cif,0.021,0.036,28,,0.521,,14.429,,0.538,0.638,0.59
9mqr_DE,C,C,CD97,boltz,9,1.0,input_model_1.cif,0.017,0.132,38,,0.489,,14.407,,0.538,0.638,0.59
9mqr_DE,C,C,CD97,boltz,9,1.0,input_model_2.cif,0.023,0.103,29,,0.51,,16.176,,0.538,0.638,0.59
9mqr_DE,C,C,CD97,boltz,9,1.0,input_model_3.cif,0.029,0.34,47,,0.792,,5.78,,0.538,0.638,0.59
9mqr_DE,C,C,CD97,boltz,9,1.0,input_model_4.cif,0.007,0.08,25,,0.397,,19.701,,0.538,0.638,0.59
9mqr_DE,C,C,CD97,boltz,10,2.0,input_model_0.cif,0.016,0.375,40,,0.641,,9.375,,0.6,0.686,0.592
9mqr_DE,C,C,CD97,boltz,10,2.0,input_model_1.cif,0.009,0.028,36,,0.292,,20.133,,0.6,0.686,0.592
9mqr_DE,C,C,CD97,boltz,10,2.0,input_model_2.cif,0.016,0.184,49,,0.561,,11.023,,0.6,0.686,0.592
9mqr_DE,C,C,CD97,boltz,10,2.0,input_model_3.cif,0.008,0.0,27,,0.34,,18.157,,0.6,0.686,0.592
9mqr_DE,C,C,CD97,boltz,10,2.0,input_model_4.cif,0.022,0.033,30,,0.464,,16.13,,0.6,0.686,0.592
9mqr_DE,C,C,CD97,protenix,0,704.691,9mqr_de_sample_0.cif,0.007,0.0,38,,0.204,,22.793,,0.416,0.553,78.935
9mqr_DE,C,C,CD97,protenix,0,704.691,9mqr_de_sample_1.cif,0.009,0.0,46,,0.186,,20.257,,0.416,0.553,78.935
9mqr_DE,C,C,CD97,protenix,0,704.691,9mqr_de_sample_2.cif,0.006,0.0,44,,0.204,,22.031,,0.416,0.553,78.935
9mqr_DE,C,C,CD97,protenix,0,704.691,9mqr_de_sample_3.cif,0.062,0.389,36,,0.772,,12.677,,0.416,0.553,78.935
9mqr_DE,C,C,CD97,protenix,0,704.691,9mqr_de_sample_4.cif,0.009,0.0,46,,0.238,,20.414,,0.416,0.553,78.935
9mqr_DE,C,C,CD97,protenix,1,391.169,9mqr_de_sample_0.cif,0.008,0.0,27,,0.172,,23.079,,0.371,0.52,77.85
9mqr_DE,C,C,CD97,protenix,1,391.169,9mqr_de_sample_1.cif,0.007,0.0,41,,0.189,,23.576,,0.371,0.52,77.85
9mqr_DE,C,C,CD97,protenix,1,391.169,9mqr_de_sample_2.cif,0.006,0.0,30,,0.144,,27.404,,0.371,0.52,77.85
9mqr_DE,C,C,CD97,protenix,1,391.169,9mqr_de_sample_3.cif,0.02,0.083,36,,0.548,,18.544,,0.371,0.52,77.85
9mqr_DE,C,C,CD97,protenix,1,391.169,9mqr_de_sample_4.cif,0.095,0.625,32,,0.908,,4.95,,0.371,0.52,77.85
9mqr_DE,C,C,CD97,protenix,2,196.333,9mqr_de_sample_0.cif,0.008,0.0,39,,0.156,,23.167,,0.36,0.519,77.04
9mqr_DE,C,C,CD97,protenix,2,196.333,9mqr_de_sample_1.cif,0.008,0.0,39,,0.154,,22.607,,0.36,0.519,77.04
9mqr_DE,C,C,CD97,protenix,2,196.333,9mqr_de_sample_2.cif,0.008,0.0,39,,0.17,,23.017,,0.36,0.519,77.04
9mqr_DE,C,C,CD97,protenix,2,196.333,9mqr_de_sample_3.cif,0.007,0.0,39,,0.265,,22.479,,0.36,0.519,77.04
9mqr_DE,C,C,CD97,protenix,2,196.333,9mqr_de_sample_4.cif,0.007,0.0,31,,0.154,,24.526,,0.36,0.519,77.04
9mqr_DE,C,C,CD97,protenix,3,98.0,9mqr_de_sample_0.cif,0.007,0.0,47,,0.192,,21.228,,0.172,0.494,73.707
9mqr_DE,C,C,CD97,protenix,3,98.0,9mqr_de_sample_1.cif,0.007,0.0,21,,0.196,,28.08,,0.172,0.494,73.707
9mqr_DE,C,C,CD97,protenix,3,98.0,9mqr_de_sample_2.cif,0.01,0.311,45,,0.757,,14.962,,0.172,0.494,73.707
9mqr_DE,C,C,CD97,protenix,3,98.0,9mqr_de_sample_3.cif,0.011,0.0,29,,0.422,,22.229,,0.172,0.494,73.707
9mqr_DE,C,C,CD97,protenix,3,98.0,9mqr_de_sample_4.cif,0.081,0.676,37,,0.931,,1.955,,0.172,0.494,73.707
9mqr_DE,C,C,CD97,protenix,4,36.0,9mqr_de_sample_0.cif,0.004,0.0,24,,0.176,,28.269,,0.159,0.476,69.902
9mqr_DE,C,C,CD97,protenix,4,36.0,9mqr_de_sample_1.cif,0.005,0.0,25,,0.149,,25.765,,0.159,0.476,69.902
9mqr_DE,C,C,CD97,protenix,4,36.0,9mqr_de_sample_2.cif,0.009,0.133,60,,0.59,,18.04,,0.159,0.476,69.902
9mqr_DE,C,C,CD97,protenix,4,36.0,9mqr_de_sample_3.cif,0.009,0.347,49,,0.698,,11.997,,0.159,0.476,69.902
9mqr_DE,C,C,CD97,protenix,4,36.0,9mqr_de_sample_4.cif,0.016,0.365,52,,0.845,,9.182,,0.159,0.476,69.902
9mqr_DE,C,C,CD97,protenix,5,17.0,9mqr_de_sample_0.cif,0.008,0.0,37,,0.17,,22.876,,0.389,0.532,76.759
9mqr_DE,C,C,CD97,protenix,5,17.0,9mqr_de_sample_1.cif,0.008,0.0,40,,0.219,,23.101,,0.389,0.532,76.759
9mqr_DE,C,C,CD97,protenix,5,17.0,9mqr_de_sample_2.cif,0.007,0.0,36,,0.174,,22.602,,0.389,0.532,76.759
9mqr_DE,C,C,CD97,protenix,5,17.0,9mqr_de_sample_3.cif,0.009,0.0,49,,0.191,,19.642,,0.389,0.532,76.759
9mqr_DE,C,C,CD97,protenix,5,17.0,9mqr_de_sample_4.cif,0.006,0.0,28,,0.194,,27.66,,0.389,0.532,76.759
9mqr_DE,C,C,CD97,protenix,6,9.0,9mqr_de_sample_0.cif,0.007,0.0,59,,0.164,,24.016,,0.159,0.471,69.376
9mqr_DE,C,C,CD97,protenix,6,9.0,9mqr_de_sample_1.cif,0.006,0.0,42,,0.313,,26.565,,0.159,0.471,69.376
9mqr_DE,C,C,CD97,protenix,6,9.0,9mqr_de_sample_2.cif,0.007,0.0,57,,0.105,,25.204,,0.159,0.471,69.376
9mqr_DE,C,C,CD97,protenix,6,9.0,9mqr_de_sample_3.cif,0.009,0.0,25,,0.356,,25.226,,0.159,0.471,69.376
9mqr_DE,C,C,CD97,protenix,6,9.0,9mqr_de_sample_4.cif,0.063,0.523,44,,0.892,,3.299,,0.159,0.471,69.376
9mqr_DE,C,C,CD97,protenix,7,7.0,9mqr_de_sample_0.cif,0.009,0.145,55,,0.544,,18.166,,0.181,0.514,72.391
9mqr_DE,C,C,CD97,protenix,7,7.0,9mqr_de_sample_1.cif,0.007,0.132,53,,0.569,,18.588,,0.181,0.514,72.391
9mqr_DE,C,C,CD97,protenix,7,7.0,9mqr_de_sample_2.cif,0.008,0.127,55,,0.57,,18.609,,0.181,0.514,72.391
9mqr_DE,C,C,CD97,protenix,7,7.0,9mqr_de_sample_3.cif,0.011,0.273,66,,0.739,,10.796,,0.181,0.514,72.391
9mqr_DE,C,C,CD97,protenix,7,7.0,9mqr_de_sample_4.cif,0.04,0.356,45,,0.783,,11.156,,0.181,0.514,72.391
9mqr_DE,C,C,CD97,protenix,8,4.0,9mqr_de_sample_0.cif,0.007,0.0,34,,0.224,,20.831,,0.182,0.507,69.048
9mqr_DE,C,C,CD97,protenix,8,4.0,9mqr_de_sample_1.cif,0.008,0.02,51,,0.343,,18.306,,0.182,0.507,69.048
9mqr_DE,C,C,CD97,protenix,8,4.0,9mqr_de_sample_2.cif,0.008,0.0,49,,0.135,,22.201,,0.182,0.507,69.048
9mqr_DE,C,C,CD97,protenix,8,4.0,9mqr_de_sample_3.cif,0.007,0.0,46,,0.116,,23.835,,0.182,0.507,69.048
9mqr_DE,C,C,CD97,protenix,8,4.0,9mqr_de_sample_4.cif,0.01,0.0,44,,0.284,,17.053,,0.182,0.507,69.048
9mqr_DE,C,C,CD97,protenix,9,1.0,9mqr_de_sample_0.cif,0.007,0.051,39,,0.356,,22.901,,0.158,0.36,52.797
9mqr_DE,C,C,CD97,protenix,9,1.0,9mqr_de_sample_1.cif,0.007,0.0,49,,0.235,,20.443,,0.158,0.36,52.797
9mqr_DE,C,C,CD97,protenix,9,1.0,9mqr_de_sample_2.cif,0.006,0.0,57,,0.244,,25.356,,0.158,0.36,52.797
9mqr_DE,C,C,CD97,protenix,9,1.0,9mqr_de_sample_3.cif,0.02,0.143,63,,0.413,,15.112,,0.158,0.36,52.797
9mqr_DE,C,C,CD97,protenix,9,1.0,9mqr_de_sample_4.cif,0.008,0.062,65,,0.316,,16.939,,0.158,0.36,52.797
9mqr_DE,C,C,CD97,protenix,10,2.0,9mqr_de_sample_0.cif,0.007,0.105,57,,0.289,,23.23,,0.157,0.352,51.996
9mqr_DE,C,C,CD97,protenix,10,2.0,9mqr_de_sample_1.cif,0.012,0.133,45,,0.406,,18.293,,0.157,0.352,51.996
9mqr_DE,C,C,CD97,protenix,10,2.0,9mqr_de_sample_2.cif,0.013,0.1,60,,0.579,,13.257,,0.157,0.352,51.996
9mqr_DE,C,C,CD97,protenix,10,2.0,9mqr_de_sample_3.cif,0.007,0.0,32,,0.232,,23.568,,0.157,0.352,51.996
9mqr_DE,C,C,CD97,protenix,10,2.0,9mqr_de_sample_4.cif,0.007,0.098,51,,0.29,,23.792,,0.157,0.352,51.996
9mqr_DE,C,C,CD97,protenix,11,1.0,9mqr_de_sample_0.cif,0.014,0.0,47,,0.257,,17.74,,0.409,0.536,59.947
9mqr_DE,C,C,CD97,protenix,11,1.0,9mqr_de_sample_1.cif,0.011,0.0,37,,0.269,,20.854,,0.409,0.536,59.947
9mqr_DE,C,C,CD97,protenix,11,1.0,9mqr_de_sample_2.cif,0.023,0.163,43,,0.567,,16.651,,0.409,0.536,59.947
9mqr_DE,C,C,CD97,protenix,11,1.0,9mqr_de_sample_3.cif,0.008,0.0,24,,0.317,,25.935,,0.409,0.536,59.947
9mqr_DE,C,C,CD97,protenix,11,1.0,9mqr_de_sample_4.cif,0.016,0.041,49,,0.474,,12.533,,0.409,0.536,59.947
9sbb_HL,RBD,B,offhot:그밖,protenix,0,27.886,9sbb_hl_sample_0.cif,0.033,0.0,37,0.73,0.301,0.735,24.105,4.731,0.277,0.411,72.985
9sbb_HL,RBD,B,offhot:그밖,protenix,0,27.886,9sbb_hl_sample_1.cif,0.03,0.0,38,0.737,0.303,0.743,24.755,3.833,0.277,0.411,72.985
9sbb_HL,RBD,B,offhot:그밖,protenix,0,27.886,9sbb_hl_sample_2.cif,0.018,0.0,37,0.946,0.326,0.775,26.634,3.817,0.277,0.411,72.985
9sbb_HL,RBD,B,offhot:그밖,protenix,0,27.886,9sbb_hl_sample_3.cif,0.026,0.0,38,0.895,0.326,0.776,26.564,3.32,0.277,0.411,72.985
9sbb_HL,RBD,B,offhot:그밖,protenix,0,27.886,9sbb_hl_sample_4.cif,0.037,0.0,36,0.806,0.315,0.748,25.179,2.764,0.277,0.411,72.985
9sbb_HL,RBD,B,offhot:그밖,protenix,1,18.583,9sbb_hl_sample_0.cif,0.017,0.019,54,0.574,0.271,0.624,19.736,9.712,0.223,0.393,71.407
9sbb_HL,RBD,B,offhot:그밖,protenix,1,18.583,9sbb_hl_sample_1.cif,0.015,0.083,60,0.317,0.346,0.491,11.862,15.972,0.223,0.393,71.407
9sbb_HL,RBD,B,offhot:그밖,protenix,1,18.583,9sbb_hl_sample_2.cif,0.014,0.024,42,0.857,0.349,0.763,24.726,1.922,0.223,0.393,71.407
9sbb_HL,RBD,B,offhot:그밖,protenix,1,18.583,9sbb_hl_sample_3.cif,0.032,0.0,38,0.789,0.298,0.738,25.109,3.505,0.223,0.393,71.407
9sbb_HL,RBD,B,offhot:그밖,protenix,1,18.583,9sbb_hl_sample_4.cif,0.014,0.0,33,0.909,0.295,0.771,26.332,3.513,0.223,0.393,71.407
9sbb_HL,RBD,B,offhot:그밖,protenix,2,8.333,9sbb_hl_sample_0.cif,0.024,0.041,49,0.816,0.412,0.749,23.873,2.841,0.159,0.399,63.062
9sbb_HL,RBD,B,offhot:그밖,protenix,2,8.333,9sbb_hl_sample_1.cif,0.019,0.0,52,0.731,0.248,0.723,23.603,4.494,0.159,0.399,63.062
9sbb_HL,RBD,B,offhot:그밖,protenix,2,8.333,9sbb_hl_sample_2.cif,0.008,0.089,45,0.067,0.496,0.295,14.257,24.108,0.159,0.399,63.062
9sbb_HL,RBD,B,offhot:그밖,protenix,2,8.333,9sbb_hl_sample_3.cif,0.014,0.0,35,0.857,0.301,0.754,26.054,4.459,0.159,0.399,63.062
9sbb_HL,RBD,B,offhot:그밖,protenix,2,8.333,9sbb_hl_sample_4.cif,0.008,0.082,61,0.721,0.452,0.725,21.79,2.728,0.159,0.399,63.062
9sbb_HL,RBD,B,offhot:그밖,protenix,3,4.0,9sbb_hl_sample_0.cif,0.055,0.19,79,0.19,0.698,0.349,9.239,17.796,0.173,0.345,54.023
9sbb_HL,RBD,B,offhot:그밖,protenix,3,4.0,9sbb_hl_sample_1.cif,0.01,0.123,65,0.369,0.515,0.432,10.935,15.572,0.173,0.345,54.023
9sbb_HL,RBD,B,offhot:그밖,protenix,3,4.0,9sbb_hl_sample_2.cif,0.013,0.187,75,0.427,0.663,0.511,5.861,13.453,0.173,0.345,54.023
9sbb_HL,RBD,B,offhot:그밖,protenix,3,4.0,9sbb_hl_sample_3.cif,0.007,0.224,67,0.343,0.75,0.464,4.935,13.903,0.173,0.345,54.023
9sbb_HL,RBD,B,offhot:그밖,protenix,3,4.0,9sbb_hl_sample_4.cif,0.018,0.151,86,0.442,0.628,0.552,4.627,9.089,0.173,0.345,54.023
9sbb_HL,RBD,B,offhot:그밖,protenix,4,5.0,9sbb_hl_sample_0.cif,0.006,0.128,39,0.0,0.556,0.233,14.018,28.139,0.16,0.392,66.087
9sbb_HL,RBD,B,offhot:그밖,protenix,4,5.0,9sbb_hl_sample_1.cif,0.025,0.122,41,0.0,0.538,0.249,12.272,28.029,0.16,0.392,66.087
9sbb_HL,RBD,B,offhot:그밖,protenix,4,5.0,9sbb_hl_sample_2.cif,0.016,0.076,66,0.364,0.389,0.503,14.976,14.173,0.16,0.392,66.087
9sbb_HL,RBD,B,offhot:그밖,protenix,4,5.0,9sbb_hl_sample_3.cif,0.015,0.167,42,0.048,0.58,0.276,13.959,26.975,0.16,0.392,66.087
9sbb_HL,RBD,B,offhot:그밖,protenix,4,5.0,9sbb_hl_sample_4.cif,0.017,0.08,50,0.32,0.491,0.424,12.492,16.728,0.16,0.392,66.087
9sbb_HL,RBD,B,offhot:그밖,protenix,5,1.0,9sbb_hl_sample_0.cif,0.031,0.172,93,0.484,0.635,0.633,10.875,9.293,0.177,0.347,51.173
9sbb_HL,RBD,B,offhot:그밖,protenix,5,1.0,9sbb_hl_sample_1.cif,0.007,0.145,62,0.435,0.583,0.507,10.789,10.032,0.177,0.347,51.173
9sbb_HL,RBD,B,offhot:그밖,protenix,5,1.0,9sbb_hl_sample_2.cif,0.012,0.254,59,0.271,0.773,0.418,7.005,12.559,0.177,0.347,51.173
9sbb_HL,RBD,B,offhot:그밖,protenix,5,1.0,9sbb_hl_sample_3.cif,0.014,0.165,85,0.435,0.625,0.539,10.027,8.432,0.177,0.347,51.173
9sbb_HL,RBD,B,offhot:그밖,protenix,5,1.0,9sbb_hl_sample_4.cif,0.018,0.187,75,0.533,0.626,0.637,4.827,7.862,0.177,0.347,51.173
9sbb_HL,RBD,B,offhot:그밖,protenix,6,1.0,9sbb_hl_sample_0.cif,0.006,0.179,67,0.448,0.681,0.567,7.991,10.254,0.181,0.35,52.226
9sbb_HL,RBD,B,offhot:그밖,protenix,6,1.0,9sbb_hl_sample_1.cif,0.007,0.162,74,0.135,0.597,0.313,7.323,12.69,0.181,0.35,52.226
9sbb_HL,RBD,B,offhot:그밖,protenix,6,1.0,9sbb_hl_sample_2.cif,0.007,0.043,69,0.174,0.395,0.339,12.113,12.276,0.181,0.35,52.226
9sbb_HL,RBD,B,offhot:그밖,protenix,6,1.0,9sbb_hl_sample_3.cif,0.008,0.053,76,0.605,0.289,0.645,16.576,5.076,0.181,0.35,52.226
9sbb_HL,RBD,B,offhot:그밖,protenix,6,1.0,9sbb_hl_sample_4.cif,0.006,0.027,73,0.644,0.259,0.679,17.83,5.587,0.181,0.35,52.226
9sbb_HL,RBD,B,offhot:그밖,protenix,7,1.0,9sbb_hl_sample_0.cif,0.007,0.07,71,0.296,0.427,0.401,12.862,11.391,0.177,0.346,51.82
9sbb_HL,RBD,B,offhot:그밖,protenix,7,1.0,9sbb_hl_sample_1.cif,0.008,0.182,55,0.582,0.651,0.617,10.487,5.534,0.177,0.346,51.82
9sbb_HL,RBD,B,offhot:그밖,protenix,7,1.0,9sbb_hl_sample_2.cif,0.024,0.139,79,0.405,0.531,0.536,12.475,12.233,0.177,0.346,51.82
9sbb_HL,RBD,B,offhot:그밖,protenix,7,1.0,9sbb_hl_sample_3.cif,0.007,0.23,61,0.541,0.71,0.574,6.36,9.265,0.177,0.346,51.82
9sbb_HL,RBD,B,offhot:그밖,protenix,7,1.0,9sbb_hl_sample_4.cif,0.013,0.188,69,0.609,0.673,0.667,4.5,5.55,0.177,0.346,51.82
9sbb_HL,RBD,B,offhot:그밖,protenix,8,1.0,9sbb_hl_sample_0.cif,0.014,0.138,80,0.312,0.579,0.419,7.532,9.415,0.166,0.34,53.23
9sbb_HL,RBD,B,offhot:그밖,protenix,8,1.0,9sbb_hl_sample_1.cif,0.008,0.052,58,0.276,0.294,0.408,13.412,10.133,0.166,0.34,53.23
9sbb_HL,RBD,B,offhot:그밖,protenix,8,1.0,9sbb_hl_sample_2.cif,0.036,0.106,85,0.565,0.435,0.665,6.661,4.132,0.166,0.34,53.23
9sbb_HL,RBD,B,offhot:그밖,protenix,8,1.0,9sbb_hl_sample_3.cif,0.012,0.11,82,0.366,0.513,0.479,9.11,7.661,0.166,0.34,53.23
9sbb_HL,RBD,B,offhot:그밖,protenix,8,1.0,9sbb_hl_sample_4.cif,0.01,0.121,99,0.424,0.568,0.595,5.47,7.793,0.166,0.34,53.23
9sbb_HL,RBD,B,offhot:그밖,protenix,9,1.0,9sbb_hl_sample_0.cif,0.018,0.182,77,0.481,0.583,0.611,5.604,7.895,0.187,0.353,52.453
9sbb_HL,RBD,B,offhot:그밖,protenix,9,1.0,9sbb_hl_sample_1.cif,0.013,0.145,76,0.329,0.612,0.508,14.918,10.217,0.187,0.353,52.453
9sbb_HL,RBD,B,offhot:그밖,protenix,9,1.0,9sbb_hl_sample_2.cif,0.033,0.179,84,0.238,0.677,0.4,9.484,12.876,0.187,0.353,52.453
9sbb_HL,RBD,B,offhot:그밖,protenix,9,1.0,9sbb_hl_sample_3.cif,0.023,0.187,75,0.36,0.599,0.501,7.641,7.364,0.187,0.353,52.453
9sbb_HL,RBD,B,offhot:그밖,protenix,9,1.0,9sbb_hl_sample_4.cif,0.028,0.156,77,0.597,0.618,0.676,9.684,4.714,0.187,0.353,52.453
9sbb_HL,RBD,B,offhot:그밖,protenix,10,1.0,9sbb_hl_sample_0.cif,0.034,0.15,80,0.4,0.594,0.534,13.182,10.219,0.177,0.361,52.249
9sbb_HL,RBD,B,offhot:그밖,protenix,10,1.0,9sbb_hl_sample_1.cif,0.008,0.124,97,0.454,0.53,0.569,12.201,2.946,0.177,0.361,52.249
9sbb_HL,RBD,B,offhot:그밖,protenix,10,1.0,9sbb_hl_sample_2.cif,0.007,0.122,82,0.451,0.516,0.569,7.444,5.446,0.177,0.361,52.249
9sbb_HL,RBD,B,offhot:그밖,protenix,10,1.0,9sbb_hl_sample_3.cif,0.009,0.191,68,0.515,0.679,0.564,8.744,10.622,0.177,0.361,52.249
9sbb_HL,RBD,B,offhot:그밖,protenix,10,1.0,9sbb_hl_sample_4.cif,0.008,0.063,79,0.418,0.359,0.536,8.842,11.608,0.177,0.361,52.249
9sbb_HL,RBD,B,offhot:그밖,protenix,11,1.0,9sbb_hl_sample_0.cif,0.021,0.136,88,0.227,0.598,0.37,10.053,12.478,0.158,0.322,46.763
9sbb_HL,RBD,B,offhot:그밖,protenix,11,1.0,9sbb_hl_sample_1.cif,0.011,0.148,88,0.523,0.584,0.621,12.243,7.339,0.158,0.322,46.763
9sbb_HL,RBD,B,offhot:그밖,protenix,11,1.0,9sbb_hl_sample_2.cif,0.008,0.171,82,0.317,0.644,0.436,2.802,10.449,0.158,0.322,46.763
9sbb_HL,RBD,B,offhot:그밖,protenix,11,1.0,9sbb_hl_sample_3.cif,0.025,0.139,115,0.443,0.63,0.574,4.027,7.921,0.158,0.322,46.763
9sbb_HL,RBD,B,offhot:그밖,protenix,11,1.0,9sbb_hl_sample_4.cif,0.011,0.167,78,0.487,0.578,0.585,12.461,10.934,0.158,0.322,46.763
9vxl_BC,C,C,CD38,boltz,0,607.011,input_model_0.cif,0.004,0.071,28,,0.539,,16.834,,0.856,0.87,0.876
9vxl_BC,C,C,CD38,boltz,0,607.011,input_model_1.cif,0.004,0.0,31,,0.185,,34.727,,0.856,0.87,0.876
9vxl_BC,C,C,CD38,boltz,0,607.011,input_model_2.cif,0.004,0.0,25,,0.384,,28.54,,0.856,0.87,0.876
9vxl_BC,C,C,CD38,boltz,0,607.011,input_model_3.cif,0.003,0.0,21,,0.266,,31.926,,0.856,0.87,0.876
9vxl_BC,C,C,CD38,boltz,0,607.011,input_model_4.cif,0.004,0.0,32,,0.319,,27.38,,0.856,0.87,0.876
9vxl_BC,C,C,CD38,boltz,1,387.973,input_model_0.cif,0.004,0.0,17,,0.251,,32.955,,0.746,0.785,0.889
9vxl_BC,C,C,CD38,boltz,1,387.973,input_model_1.cif,0.004,0.0,20,,0.191,,34.679,,0.746,0.785,0.889
9vxl_BC,C,C,CD38,boltz,1,387.973,input_model_2.cif,0.004,0.0,34,,0.297,,32.773,,0.746,0.785,0.889
9vxl_BC,C,C,CD38,boltz,1,387.973,input_model_3.cif,0.004,0.0,21,,0.538,,16.584,,0.746,0.785,0.889
9vxl_BC,C,C,CD38,boltz,1,387.973,input_model_4.cif,0.004,0.0,23,,0.12,,38.93,,0.746,0.785,0.889
9vxl_BC,C,C,CD38,boltz,2,228.407,input_model_0.cif,0.006,0.0,22,,0.339,,31.089,,0.748,0.788,0.897
9vxl_BC,C,C,CD38,boltz,2,228.407,input_model_1.cif,0.004,0.0,29,,0.143,,33.78,,0.748,0.788,0.897
9vxl_BC,C,C,CD38,boltz,2,228.407,input_model_2.cif,0.004,0.0,19,,0.188,,33.987,,0.748,0.788,0.897
9vxl_BC,C,C,CD38,boltz,2,228.407,input_model_3.cif,0.004,0.0,36,,0.143,,30.207,,0.748,0.788,0.897
9vxl_BC,C,C,CD38,boltz,2,228.407,input_model_4.cif,0.004,0.0,22,,0.147,,34.028,,0.748,0.788,0.897
9vxl_BC,C,C,CD38,boltz,3,134.012,input_model_0.cif,0.005,0.192,26,,0.795,,15.447,,0.848,0.864,0.882
9vxl_BC,C,C,CD38,boltz,3,134.012,input_model_1.cif,0.004,0.0,28,,0.158,,32.62,,0.848,0.864,0.882
9vxl_BC,C,C,CD38,boltz,3,134.012,input_model_2.cif,0.004,0.0,20,,0.147,,33.497,,0.848,0.864,0.882
9vxl_BC,C,C,CD38,boltz,3,134.012,input_model_3.cif,0.004,0.0,27,,0.185,,34.716,,0.848,0.864,0.882
9vxl_BC,C,C,CD38,boltz,3,134.012,input_model_4.cif,0.004,0.0,22,,0.225,,32.275,,0.848,0.864,0.882
9vxl_BC,C,C,CD38,boltz,4,70.438,input_model_0.cif,0.005,0.0,28,,0.349,,29.05,,0.844,0.852,0.877
9vxl_BC,C,C,CD38,boltz,4,70.438,input_model_1.cif,0.004,0.0,24,,0.08,,38.48,,0.844,0.852,0.877
9vxl_BC,C,C,CD38,boltz,4,70.438,input_model_2.cif,0.004,0.0,25,,0.166,,36.595,,0.844,0.852,0.877
9vxl_BC,C,C,CD38,boltz,4,70.438,input_model_3.cif,0.004,0.136,22,,0.806,,13.621,,0.844,0.852,0.877
9vxl_BC,C,C,CD38,boltz,4,70.438,input_model_4.cif,0.004,0.0,13,,0.285,,31.985,,0.844,0.852,0.877
9vxl_BC,C,C,CD38,boltz,5,42.0,input_model_0.cif,0.004,0.0,20,,0.147,,34.259,,0.752,0.791,0.891
9vxl_BC,C,C,CD38,boltz,5,42.0,input_model_1.cif,0.005,0.0,30,,0.162,,26.68,,0.752,0.791,0.891
9vxl_BC,C,C,CD38,boltz,5,42.0,input_model_2.cif,0.004,0.0,26,,0.387,,25.993,,0.752,0.791,0.891
9vxl_BC,C,C,CD38,boltz,5,42.0,input_model_3.cif,0.004,0.0,21,,0.457,,27.856,,0.752,0.791,0.891
9vxl_BC,C,C,CD38,boltz,5,42.0,input_model_4.cif,0.004,0.0,20,,0.374,,27.93,,0.752,0.791,0.891
9vxl_BC,C,C,CD38,boltz,6,21.0,input_model_0.cif,0.004,0.0,32,,0.246,,34.769,,0.725,0.769,0.9
9vxl_BC,C,C,CD38,boltz,6,21.0,input_model_1.cif,0.004,0.0,30,,0.181,,36.329,,0.725,0.769,0.9
9vxl_BC,C,C,CD38,boltz,6,21.0,input_model_2.cif,0.004,0.0,21,,0.147,,35.513,,0.725,0.769,0.9
9vxl_BC,C,C,CD38,boltz,6,21.0,input_model_3.cif,0.004,0.0,28,,0.32,,29.601,,0.725,0.769,0.9
9vxl_BC,C,C,CD38,boltz,6,21.0,input_model_4.cif,0.005,0.0,26,,0.273,,34.6,,0.725,0.769,0.9
9vxl_BC,C,C,CD38,boltz,7,13.0,input_model_0.cif,0.004,0.0,26,,0.318,,31.087,,0.772,0.8,0.893
9vxl_BC,C,C,CD38,boltz,7,13.0,input_model_1.cif,0.003,0.0,25,,0.106,,39.504,,0.772,0.8,0.893
9vxl_BC,C,C,CD38,boltz,7,13.0,input_model_2.cif,0.004,0.0,33,,0.258,,31.521,,0.772,0.8,0.893
9vxl_BC,C,C,CD38,boltz,7,13.0,input_model_3.cif,0.004,0.0,28,,0.327,,26.916,,0.772,0.8,0.893
9vxl_BC,C,C,CD38,boltz,7,13.0,input_model_4.cif,0.005,0.0,29,,0.172,,27.118,,0.772,0.8,0.893
9vxl_BC,C,C,CD38,boltz,8,6.0,input_model_0.cif,0.004,0.0,35,,0.153,,36.413,,0.822,0.838,0.902
9vxl_BC,C,C,CD38,boltz,8,6.0,input_model_1.cif,0.004,0.0,24,,0.185,,34.606,,0.822,0.838,0.902
9vxl_BC,C,C,CD38,boltz,8,6.0,input_model_2.cif,0.004,0.0,27,,0.16,,33.052,,0.822,0.838,0.902
9vxl_BC,C,C,CD38,boltz,8,6.0,input_model_3.cif,0.005,0.0,25,,0.434,,23.18,,0.822,0.838,0.902
9vxl_BC,C,C,CD38,boltz,8,6.0,input_model_4.cif,0.004,0.0,20,,0.333,,29.506,,0.822,0.838,0.902
9vxl_BC,C,C,CD38,boltz,9,4.0,input_model_0.cif,0.004,0.0,26,,0.245,,31.41,,0.766,0.804,0.887
9vxl_BC,C,C,CD38,boltz,9,4.0,input_model_1.cif,0.004,0.0,21,,0.101,,35.022,,0.766,0.804,0.887
9vxl_BC,C,C,CD38,boltz,9,4.0,input_model_2.cif,0.004,0.143,14,,0.772,,14.162,,0.766,0.804,0.887
9vxl_BC,C,C,CD38,boltz,9,4.0,input_model_3.cif,0.006,0.038,26,,0.532,,18.432,,0.766,0.804,0.887
9vxl_BC,C,C,CD38,boltz,9,4.0,input_model_4.cif,0.004,0.0,27,,0.124,,32.873,,0.766,0.804,0.887
9vxl_BC,C,C,CD38,boltz,10,2.0,input_model_0.cif,0.004,0.0,21,,0.133,,38.608,,0.614,0.689,0.887
9vxl_BC,C,C,CD38,boltz,10,2.0,input_model_1.cif,0.004,0.0,24,,0.149,,37.643,,0.614,0.689,0.887
9vxl_BC,C,C,CD38,boltz,10,2.0,input_model_2.cif,0.004,0.0,17,,0.313,,31.964,,0.614,0.689,0.887
9vxl_BC,C,C,CD38,boltz,10,2.0,input_model_3.cif,0.004,0.0,23,,0.137,,31.065,,0.614,0.689,0.887
9vxl_BC,C,C,CD38,boltz,10,2.0,input_model_4.cif,0.004,0.037,27,,0.38,,25.89,,0.614,0.689,0.887
9vxl_BC,C,C,CD38,protenix,0,607.011,9vxl_bc_sample_0.cif,0.008,0.015,67,,0.367,,21.573,,0.179,0.449,67.892
9vxl_BC,C,C,CD38,protenix,0,607.011,9vxl_bc_sample_1.cif,0.008,0.054,37,,0.546,,24.307,,0.179,0.449,67.892
9vxl_BC,C,C,CD38,protenix,0,607.011,9vxl_bc_sample_2.cif,0.006,0.066,61,,0.543,,14.57,,0.179,0.449,67.892
9vxl_BC,C,C,CD38,protenix,0,607.011,9vxl_bc_sample_3.cif,0.006,0.022,46,,0.388,,17.924,,0.179,0.449,67.892
9vxl_BC,C,C,CD38,protenix,0,607.011,9vxl_bc_sample_4.cif,0.014,0.042,48,,0.573,,21.434,,0.179,0.449,67.892
9vxl_BC,C,C,CD38,protenix,1,387.973,9vxl_bc_sample_0.cif,0.008,0.06,67,,0.468,,21.509,,0.168,0.441,66.744
9vxl_BC,C,C,CD38,protenix,1,387.973,9vxl_bc_sample_1.cif,0.008,0.032,62,,0.417,,19.39,,0.168,0.441,66.744
9vxl_BC,C,C,CD38,protenix,1,387.973,9vxl_bc_sample_2.cif,0.006,0.0,43,,0.414,,16.549,,0.168,0.441,66.744
9vxl_BC,C,C,CD38,protenix,1,387.973,9vxl_bc_sample_3.cif,0.007,0.03,67,,0.354,,22.307,,0.168,0.441,66.744
9vxl_BC,C,C,CD38,protenix,1,387.973,9vxl_bc_sample_4.cif,0.006,0.048,42,,0.546,,23.374,,0.168,0.441,66.744
9vxl_BC,C,C,CD38,protenix,2,228.407,9vxl_bc_sample_0.cif,0.007,0.0,80,,0.25,,25.57,,0.181,0.45,67.112
9vxl_BC,C,C,CD38,protenix,2,228.407,9vxl_bc_sample_1.cif,0.007,0.0,81,,0.215,,23.358,,0.181,0.45,67.112
9vxl_BC,C,C,CD38,protenix,2,228.407,9vxl_bc_sample_2.cif,0.007,0.014,71,,0.206,,23.051,,0.181,0.45,67.112
9vxl_BC,C,C,CD38,protenix,2,228.407,9vxl_bc_sample_3.cif,0.012,0.061,49,,0.533,,22.125,,0.181,0.45,67.112
9vxl_BC,C,C,CD38,protenix,2,228.407,9vxl_bc_sample_4.cif,0.008,0.0,51,,0.33,,27.876,,0.181,0.45,67.112
9vxl_BC,C,C,CD38,protenix,3,134.012,9vxl_bc_sample_0.cif,0.005,0.036,55,,0.469,,15.236,,0.169,0.441,67.031
9vxl_BC,C,C,CD38,protenix,3,134.012,9vxl_bc_sample_1.cif,0.004,0.0,50,,0.284,,18.006,,0.169,0.441,67.031
9vxl_BC,C,C,CD38,protenix,3,134.012,9vxl_bc_sample_2.cif,0.007,0.0,81,,0.24,,24.059,,0.169,0.441,67.031
9vxl_BC,C,C,CD38,protenix,3,134.012,9vxl_bc_sample_3.cif,0.007,0.042,48,,0.56,,24.682,,0.169,0.441,67.031
9vxl_BC,C,C,CD38,protenix,3,134.012,9vxl_bc_sample_4.cif,0.007,0.026,39,,0.526,,21.74,,0.169,0.441,67.031
9vxl_BC,C,C,CD38,protenix,4,70.438,9vxl_bc_sample_0.cif,0.007,0.034,29,,0.636,,14.771,,0.272,0.5,66.461
9vxl_BC,C,C,CD38,protenix,4,70.438,9vxl_bc_sample_1.cif,0.007,0.0,57,,0.338,,20.615,,0.272,0.5,66.461
9vxl_BC,C,C,CD38,protenix,4,70.438,9vxl_bc_sample_2.cif,0.007,0.033,30,,0.641,,14.507,,0.272,0.5,66.461
9vxl_BC,C,C,CD38,protenix,4,70.438,9vxl_bc_sample_3.cif,0.007,0.0,54,,0.373,,21.331,,0.272,0.5,66.461
9vxl_BC,C,C,CD38,protenix,4,70.438,9vxl_bc_sample_4.cif,0.007,0.0,81,,0.279,,22.41,,0.272,0.5,66.461
9vxl_BC,C,C,CD38,protenix,5,42.0,9vxl_bc_sample_0.cif,0.006,0.014,74,,0.298,,21.969,,0.168,0.436,68.502
9vxl_BC,C,C,CD38,protenix,5,42.0,9vxl_bc_sample_1.cif,0.009,0.051,59,,0.486,,20.571,,0.168,0.436,68.502
9vxl_BC,C,C,CD38,protenix,5,42.0,9vxl_bc_sample_2.cif,0.007,0.049,61,,0.554,,13.894,,0.168,0.436,68.502
9vxl_BC,C,C,CD38,protenix,5,42.0,9vxl_bc_sample_3.cif,0.005,0.057,53,,0.446,,21.459,,0.168,0.436,68.502
9vxl_BC,C,C,CD38,protenix,5,42.0,9vxl_bc_sample_4.cif,0.006,0.0,19,,0.656,,12.532,,0.168,0.436,68.502
9vxl_BC,C,C,CD38,protenix,6,21.0,9vxl_bc_sample_0.cif,0.007,0.063,63,,0.553,,14.361,,0.152,0.43,65.825
9vxl_BC,C,C,CD38,protenix,6,21.0,9vxl_bc_sample_1.cif,0.011,0.062,65,,0.511,,15.369,,0.152,0.43,65.825
9vxl_BC,C,C,CD38,protenix,6,21.0,9vxl_bc_sample_2.cif,0.008,0.043,69,,0.503,,16.772,,0.152,0.43,65.825
9vxl_BC,C,C,CD38,protenix,6,21.0,9vxl_bc_sample_3.cif,0.01,0.0,51,,0.38,,23.876,,0.152,0.43,65.825
9vxl_BC,C,C,CD38,protenix,6,21.0,9vxl_bc_sample_4.cif,0.005,0.049,41,,0.601,,15.282,,0.152,0.43,65.825
9vxl_BC,C,C,CD38,protenix,7,13.0,9vxl_bc_sample_0.cif,0.006,0.0,74,,0.315,,19.015,,0.237,0.474,67.804
9vxl_BC,C,C,CD38,protenix,7,13.0,9vxl_bc_sample_1.cif,0.007,0.0,67,,0.378,,19.028,,0.237,0.474,67.804
9vxl_BC,C,C,CD38,protenix,7,13.0,9vxl_bc_sample_2.cif,0.006,0.015,68,,0.384,,16.127,,0.237,0.474,67.804
9vxl_BC,C,C,CD38,protenix,7,13.0,9vxl_bc_sample_3.cif,0.007,0.0,61,,0.314,,20.88,,0.237,0.474,67.804
9vxl_BC,C,C,CD38,protenix,7,13.0,9vxl_bc_sample_4.cif,0.006,0.0,67,,0.313,,18.264,,0.237,0.474,67.804
9vxl_BC,C,C,CD38,protenix,8,6.0,9vxl_bc_sample_0.cif,0.007,0.017,59,,0.547,,14.799,,0.398,0.531,68.152
9vxl_BC,C,C,CD38,protenix,8,6.0,9vxl_bc_sample_1.cif,0.007,0.036,55,,0.559,,14.914,,0.398,0.531,68.152
9vxl_BC,C,C,CD38,protenix,8,6.0,9vxl_bc_sample_2.cif,0.007,0.035,57,,0.576,,15.516,,0.398,0.531,68.152
9vxl_BC,C,C,CD38,protenix,8,6.0,9vxl_bc_sample_3.cif,0.012,0.015,67,,0.427,,17.915,,0.398,0.531,68.152
9vxl_BC,C,C,CD38,protenix,8,6.0,9vxl_bc_sample_4.cif,0.014,0.013,75,,0.422,,17.167,,0.398,0.531,68.152
9vxl_BC,C,C,CD38,protenix,9,4.0,9vxl_bc_sample_0.cif,0.008,0.033,30,,0.496,,30.38,,0.137,0.388,63.737
9vxl_BC,C,C,CD38,protenix,9,4.0,9vxl_bc_sample_1.cif,0.006,0.024,41,,0.387,,28.188,,0.137,0.388,63.737
9vxl_BC,C,C,CD38,protenix,9,4.0,9vxl_bc_sample_2.cif,0.005,0.037,54,,0.467,,16.266,,0.137,0.388,63.737
9vxl_BC,C,C,CD38,protenix,9,4.0,9vxl_bc_sample_3.cif,0.005,0.026,39,,0.432,,26.419,,0.137,0.388,63.737
9vxl_BC,C,C,CD38,protenix,9,4.0,9vxl_bc_sample_4.cif,0.004,0.103,39,,0.619,,15.375,,0.137,0.388,63.737
9vxl_BC,C,C,CD38,protenix,10,2.0,9vxl_bc_sample_0.cif,0.005,0.0,34,,0.314,,22.679,,0.176,0.333,50.417
9vxl_BC,C,C,CD38,protenix,10,2.0,9vxl_bc_sample_1.cif,0.007,0.13,54,,0.742,,13.074,,0.176,0.333,50.417
9vxl_BC,C,C,CD38,protenix,10,2.0,9vxl_bc_sample_2.cif,0.009,0.028,71,,0.278,,18.753,,0.176,0.333,50.417
9vxl_BC,C,C,CD38,protenix,10,2.0,9vxl_bc_sample_3.cif,0.004,0.029,34,,0.456,,19.446,,0.176,0.333,50.417
9vxl_BC,C,C,CD38,protenix,10,2.0,9vxl_bc_sample_4.cif,0.005,0.0,47,,0.413,,15.945,,0.176,0.333,50.417
9vxl_BC,C,C,CD38,protenix,11,1.0,9vxl_bc_sample_0.cif,0.005,0.0,33,,0.251,,22.003,,0.148,0.317,51.805
9vxl_BC,C,C,CD38,protenix,11,1.0,9vxl_bc_sample_1.cif,0.005,0.022,46,,0.412,,19.149,,0.148,0.317,51.805
9vxl_BC,C,C,CD38,protenix,11,1.0,9vxl_bc_sample_2.cif,0.008,0.129,70,,0.768,,16.257,,0.148,0.317,51.805
9vxl_BC,C,C,CD38,protenix,11,1.0,9vxl_bc_sample_3.cif,0.012,0.141,64,,0.785,,11.445,,0.148,0.317,51.805
9vxl_BC,C,C,CD38,protenix,11,1.0,9vxl_bc_sample_4.cif,0.007,0.125,40,,0.723,,4.883,,0.148,0.317,51.805
9w43_AB,C,C,PD-1,boltz,0,4555.159,input_model_0.cif,0.067,0.136,22,,0.407,,10.457,,0.913,0.922,0.952
9w43_AB,C,C,PD-1,boltz,0,4555.159,input_model_1.cif,0.066,0.125,24,,0.373,,10.292,,0.913,0.922,0.952
9w43_AB,C,C,PD-1,boltz,0,4555.159,input_model_2.cif,0.068,0.13,23,,0.376,,10.513,,0.913,0.922,0.952
9w43_AB,C,C,PD-1,boltz,0,4555.159,input_model_3.cif,0.067,0.13,23,,0.394,,11.453,,0.913,0.922,0.952
9w43_AB,C,C,PD-1,boltz,0,4555.159,input_model_4.cif,0.066,0.091,22,,0.324,,11.256,,0.913,0.922,0.952
9w43_AB,C,C,PD-1,boltz,1,2219.055,input_model_0.cif,0.067,0.136,22,,0.382,,10.689,,0.894,0.911,0.948
9w43_AB,C,C,PD-1,boltz,1,2219.055,input_model_1.cif,0.064,0.105,19,,0.352,,11.473,,0.894,0.911,0.948
9w43_AB,C,C,PD-1,boltz,1,2219.055,input_model_2.cif,0.067,0.12,25,,0.375,,10.578,,0.894,0.911,0.948
9w43_AB,C,C,PD-1,boltz,1,2219.055,input_model_3.cif,0.065,0.125,24,,0.364,,11.381,,0.894,0.911,0.948
9w43_AB,C,C,PD-1,boltz,1,2219.055,input_model_4.cif,0.065,0.087,23,,0.371,,10.513,,0.894,0.911,0.948
9w43_AB,C,C,PD-1,boltz,2,1056.999,input_model_0.cif,0.162,0.45,20,,0.668,,7.352,,0.908,0.923,0.945
9w43_AB,C,C,PD-1,boltz,2,1056.999,input_model_1.cif,0.067,0.13,23,,0.38,,10.72,,0.908,0.923,0.945
9w43_AB,C,C,PD-1,boltz,2,1056.999,input_model_2.cif,0.066,0.12,25,,0.373,,10.27,,0.908,0.923,0.945
9w43_AB,C,C,PD-1,boltz,2,1056.999,input_model_3.cif,0.064,0.095,21,,0.389,,10.874,,0.908,0.923,0.945
9w43_AB,C,C,PD-1,boltz,2,1056.999,input_model_4.cif,0.066,0.095,21,,0.362,,11.208,,0.908,0.923,0.945
9w43_AB,C,C,PD-1,boltz,3,505.0,input_model_0.cif,0.067,0.136,22,,0.39,,10.72,,0.884,0.905,0.941
9w43_AB,C,C,PD-1,boltz,3,505.0,input_model_1.cif,0.066,0.136,22,,0.377,,10.663,,0.884,0.905,0.941
9w43_AB,C,C,PD-1,boltz,3,505.0,input_model_2.cif,0.071,0.16,25,,0.39,,10.397,,0.884,0.905,0.941
9w43_AB,C,C,PD-1,boltz,3,505.0,input_model_3.cif,0.067,0.143,21,,0.385,,10.846,,0.884,0.905,0.941
9w43_AB,C,C,PD-1,boltz,3,505.0,input_model_4.cif,0.066,0.15,20,,0.401,,10.826,,0.884,0.905,0.941
9w43_AB,C,C,PD-1,boltz,4,234.0,input_model_0.cif,0.068,0.125,24,,0.368,,10.633,,0.871,0.894,0.943
9w43_AB,C,C,PD-1,boltz,4,234.0,input_model_1.cif,0.066,0.174,23,,0.396,,11.018,,0.871,0.894,0.943
9w43_AB,C,C,PD-1,boltz,4,234.0,input_model_2.cif,0.067,0.15,20,,0.379,,10.611,,0.871,0.894,0.943
9w43_AB,C,C,PD-1,boltz,4,234.0,input_model_3.cif,0.068,0.125,24,,0.377,,10.415,,0.871,0.894,0.943
9w43_AB,C,C,PD-1,boltz,4,234.0,input_model_4.cif,0.066,0.143,21,,0.375,,11.01,,0.871,0.894,0.943
9w43_AB,C,C,PD-1,boltz,5,104.0,input_model_0.cif,0.066,0.174,23,,0.395,,10.459,,0.904,0.917,0.951
9w43_AB,C,C,PD-1,boltz,5,104.0,input_model_1.cif,0.068,0.12,25,,0.373,,10.673,,0.904,0.917,0.951
9w43_AB,C,C,PD-1,boltz,5,104.0,input_model_2.cif,0.066,0.091,22,,0.377,,11.091,,0.904,0.917,0.951
9w43_AB,C,C,PD-1,boltz,5,104.0,input_model_3.cif,0.143,0.6,20,,0.687,,7.169,,0.904,0.917,0.951
9w43_AB,C,C,PD-1,boltz,5,104.0,input_model_4.cif,0.067,0.15,20,,0.387,,11.04,,0.904,0.917,0.951
9w43_AB,C,C,PD-1,boltz,6,48.0,input_model_0.cif,0.066,0.12,25,,0.371,,10.432,,0.907,0.92,0.941
9w43_AB,C,C,PD-1,boltz,6,48.0,input_model_1.cif,0.068,0.105,19,,0.372,,10.92,,0.907,0.92,0.941
9w43_AB,C,C,PD-1,boltz,6,48.0,input_model_2.cif,0.065,0.167,24,,0.392,,10.366,,0.907,0.92,0.941
9w43_AB,C,C,PD-1,boltz,6,48.0,input_model_3.cif,0.068,0.12,25,,0.373,,10.306,,0.907,0.92,0.941
9w43_AB,C,C,PD-1,boltz,6,48.0,input_model_4.cif,0.062,0.136,22,,0.362,,10.565,,0.907,0.92,0.941
9w43_AB,C,C,PD-1,boltz,7,22.0,input_model_0.cif,0.068,0.167,24,,0.397,,10.574,,0.862,0.885,0.941
9w43_AB,C,C,PD-1,boltz,7,22.0,input_model_1.cif,0.067,0.136,22,,0.359,,10.747,,0.862,0.885,0.941
9w43_AB,C,C,PD-1,boltz,7,22.0,input_model_2.cif,0.067,0.125,24,,0.392,,10.55,,0.862,0.885,0.941
9w43_AB,C,C,PD-1,boltz,7,22.0,input_model_3.cif,0.064,0.13,23,,0.354,,10.828,,0.862,0.885,0.941
9w43_AB,C,C,PD-1,boltz,7,22.0,input_model_4.cif,0.067,0.095,21,,0.363,,10.959,,0.862,0.885,0.941
9w43_AB,C,C,PD-1,boltz,8,11.0,input_model_0.cif,0.066,0.13,23,,0.38,,10.794,,0.883,0.902,0.941
9w43_AB,C,C,PD-1,boltz,8,11.0,input_model_1.cif,0.064,0.091,22,,0.358,,10.506,,0.883,0.902,0.941
9w43_AB,C,C,PD-1,boltz,8,11.0,input_model_2.cif,0.059,0.13,23,,0.376,,10.62,,0.883,0.902,0.941
9w43_AB,C,C,PD-1,boltz,8,11.0,input_model_3.cif,0.067,0.083,24,,0.348,,10.443,,0.883,0.902,0.941
9w43_AB,C,C,PD-1,boltz,8,11.0,input_model_4.cif,0.065,0.13,23,,0.373,,11.0,,0.883,0.902,0.941
9w43_AB,C,C,PD-1,boltz,9,5.0,input_model_0.cif,0.067,0.13,23,,0.384,,10.13,,0.888,0.905,0.949
9w43_AB,C,C,PD-1,boltz,9,5.0,input_model_1.cif,0.067,0.13,23,,0.377,,10.228,,0.888,0.905,0.949
9w43_AB,C,C,PD-1,boltz,9,5.0,input_model_2.cif,0.066,0.13,23,,0.375,,10.581,,0.888,0.905,0.949
9w43_AB,C,C,PD-1,boltz,9,5.0,input_model_3.cif,0.068,0.125,24,,0.373,,10.605,,0.888,0.905,0.949
9w43_AB,C,C,PD-1,boltz,9,5.0,input_model_4.cif,0.063,0.091,22,,0.329,,11.69,,0.888,0.905,0.949
9w43_AB,C,C,PD-1,boltz,10,2.0,input_model_0.cif,0.066,0.174,23,,0.41,,10.736,,0.89,0.907,0.934
9w43_AB,C,C,PD-1,boltz,10,2.0,input_model_1.cif,0.072,0.167,24,,0.385,,10.582,,0.89,0.907,0.934
9w43_AB,C,C,PD-1,boltz,10,2.0,input_model_2.cif,0.067,0.125,24,,0.361,,11.401,,0.89,0.907,0.934
9w43_AB,C,C,PD-1,boltz,10,2.0,input_model_3.cif,0.064,0.136,22,,0.35,,11.133,,0.89,0.907,0.934
9w43_AB,C,C,PD-1,boltz,10,2.0,input_model_4.cif,0.065,0.111,18,,0.365,,12.003,,0.89,0.907,0.934
9w43_AB,C,C,PD-1,protenix,0,4555.159,9w43_ab_sample_0.cif,0.058,0.105,19,,0.31,,12.116,,0.486,0.555,71.791
9w43_AB,C,C,PD-1,protenix,0,4555.159,9w43_ab_sample_1.cif,0.054,0.087,23,,0.297,,11.591,,0.486,0.555,71.791
9w43_AB,C,C,PD-1,protenix,0,4555.159,9w43_ab_sample_2.cif,0.047,0.1,20,,0.355,,10.316,,0.486,0.555,71.791
9w43_AB,C,C,PD-1,protenix,0,4555.159,9w43_ab_sample_3.cif,0.053,0.273,22,,0.438,,9.926,,0.486,0.555,71.791
9w43_AB,C,C,PD-1,protenix,0,4555.159,9w43_ab_sample_4.cif,0.058,0.231,26,,0.43,,9.856,,0.486,0.555,71.791
9w43_AB,C,C,PD-1,protenix,1,2219.055,9w43_ab_sample_0.cif,0.009,0.069,29,,0.323,,9.414,,0.372,0.472,69.397
9w43_AB,C,C,PD-1,protenix,1,2219.055,9w43_ab_sample_1.cif,0.025,0.091,22,,0.336,,9.938,,0.372,0.472,69.397
9w43_AB,C,C,PD-1,protenix,1,2219.055,9w43_ab_sample_2.cif,0.008,0.16,25,,0.395,,9.153,,0.372,0.472,69.397
9w43_AB,C,C,PD-1,protenix,1,2219.055,9w43_ab_sample_3.cif,0.017,0.226,31,,0.433,,8.143,,0.372,0.472,69.397
9w43_AB,C,C,PD-1,protenix,1,2219.055,9w43_ab_sample_4.cif,0.03,0.3,20,,0.496,,9.814,,0.372,0.472,69.397
9w43_AB,C,C,PD-1,protenix,2,1056.999,9w43_ab_sample_0.cif,0.012,0.2,35,,0.416,,9.006,,0.474,0.543,71.987
9w43_AB,C,C,PD-1,protenix,2,1056.999,9w43_ab_sample_1.cif,0.013,0.206,34,,0.425,,8.846,,0.474,0.543,71.987
9w43_AB,C,C,PD-1,protenix,2,1056.999,9w43_ab_sample_2.cif,0.014,0.171,35,,0.402,,8.831,,0.474,0.543,71.987
9w43_AB,C,C,PD-1,protenix,2,1056.999,9w43_ab_sample_3.cif,0.011,0.176,34,,0.425,,8.977,,0.474,0.543,71.987
9w43_AB,C,C,PD-1,protenix,2,1056.999,9w43_ab_sample_4.cif,0.007,0.194,31,,0.43,,9.268,,0.474,0.543,71.987
9w43_AB,C,C,PD-1,protenix,3,505.0,9w43_ab_sample_0.cif,0.008,0.167,36,,0.37,,8.881,,0.507,0.569,73.401
9w43_AB,C,C,PD-1,protenix,3,505.0,9w43_ab_sample_1.cif,0.007,0.135,37,,0.364,,9.355,,0.507,0.569,73.401
9w43_AB,C,C,PD-1,protenix,3,505.0,9w43_ab_sample_2.cif,0.008,0.222,36,,0.382,,8.594,,0.507,0.569,73.401
9w43_AB,C,C,PD-1,protenix,3,505.0,9w43_ab_sample_3.cif,0.007,0.219,32,,0.425,,9.055,,0.507,0.569,73.401
9w43_AB,C,C,PD-1,protenix,3,505.0,9w43_ab_sample_4.cif,0.007,0.189,37,,0.371,,8.591,,0.507,0.569,73.401
9w43_AB,C,C,PD-1,protenix,4,234.0,9w43_ab_sample_0.cif,0.066,0.091,22,,0.335,,11.539,,0.525,0.583,73.583
9w43_AB,C,C,PD-1,protenix,4,234.0,9w43_ab_sample_1.cif,0.063,0.12,25,,0.361,,10.653,,0.525,0.583,73.583
9w43_AB,C,C,PD-1,protenix,4,234.0,9w43_ab_sample_2.cif,0.039,0.227,22,,0.435,,9.385,,0.525,0.583,73.583
9w43_AB,C,C,PD-1,protenix,4,234.0,9w43_ab_sample_3.cif,0.043,0.24,25,,0.428,,9.101,,0.525,0.583,73.583
9w43_AB,C,C,PD-1,protenix,4,234.0,9w43_ab_sample_4.cif,0.047,0.273,22,,0.448,,9.447,,0.525,0.583,73.583
9w43_AB,C,C,PD-1,protenix,5,104.0,9w43_ab_sample_0.cif,0.007,0.28,25,,0.466,,9.039,,0.435,0.513,69.867
9w43_AB,C,C,PD-1,protenix,5,104.0,9w43_ab_sample_1.cif,0.031,0.0,17,,0.305,,10.858,,0.435,0.513,69.867
9w43_AB,C,C,PD-1,protenix,5,104.0,9w43_ab_sample_2.cif,0.018,0.241,29,,0.414,,8.149,,0.435,0.513,69.867
9w43_AB,C,C,PD-1,protenix,5,104.0,9w43_ab_sample_3.cif,0.007,0.258,31,,0.444,,8.589,,0.435,0.513,69.867
9w43_AB,C,C,PD-1,protenix,5,104.0,9w43_ab_sample_4.cif,0.006,0.235,34,,0.407,,8.065,,0.435,0.513,69.867
9w43_AB,C,C,PD-1,protenix,6,48.0,9w43_ab_sample_0.cif,0.083,0.304,23,,0.602,,12.377,,0.576,0.65,75.469
9w43_AB,C,C,PD-1,protenix,6,48.0,9w43_ab_sample_1.cif,0.047,0.483,29,,0.694,,9.699,,0.576,0.65,75.469
9w43_AB,C,C,PD-1,protenix,6,48.0,9w43_ab_sample_2.cif,0.042,0.444,27,,0.672,,11.436,,0.576,0.65,75.469
9w43_AB,C,C,PD-1,protenix,6,48.0,9w43_ab_sample_3.cif,0.048,0.368,19,,0.54,,19.61,,0.576,0.65,75.469
9w43_AB,C,C,PD-1,protenix,6,48.0,9w43_ab_sample_4.cif,0.011,0.444,27,,0.676,,11.179,,0.576,0.65,75.469
9w43_AB,C,C,PD-1,protenix,7,22.0,9w43_ab_sample_0.cif,0.013,0.29,69,,0.528,,5.064,,0.149,0.355,56.516
9w43_AB,C,C,PD-1,protenix,7,22.0,9w43_ab_sample_1.cif,0.017,0.271,70,,0.447,,6.172,,0.149,0.355,56.516
9w43_AB,C,C,PD-1,protenix,7,22.0,9w43_ab_sample_2.cif,0.048,0.448,29,,0.632,,10.403,,0.149,0.355,56.516
9w43_AB,C,C,PD-1,protenix,7,22.0,9w43_ab_sample_3.cif,0.015,0.122,41,,0.343,,24.59,,0.149,0.355,56.516
9w43_AB,C,C,PD-1,protenix,7,22.0,9w43_ab_sample_4.cif,0.008,0.214,42,,0.446,,14.847,,0.149,0.355,56.516
9w43_AB,C,C,PD-1,protenix,8,11.0,9w43_ab_sample_0.cif,0.011,0.275,40,,0.493,,6.995,,0.225,0.403,70.885
9w43_AB,C,C,PD-1,protenix,8,11.0,9w43_ab_sample_1.cif,0.008,0.146,48,,0.32,,7.414,,0.225,0.403,70.885
9w43_AB,C,C,PD-1,protenix,8,11.0,9w43_ab_sample_2.cif,0.032,0.179,39,,0.381,,8.228,,0.225,0.403,70.885
9w43_AB,C,C,PD-1,protenix,8,11.0,9w43_ab_sample_3.cif,0.008,0.152,33,,0.302,,9.477,,0.225,0.403,70.885
9w43_AB,C,C,PD-1,protenix,8,11.0,9w43_ab_sample_4.cif,0.007,0.178,45,,0.339,,7.682,,0.225,0.403,70.885
9w43_AB,C,C,PD-1,protenix,9,5.0,9w43_ab_sample_0.cif,0.012,0.205,39,,0.404,,6.912,,0.2,0.374,64.815
9w43_AB,C,C,PD-1,protenix,9,5.0,9w43_ab_sample_1.cif,0.015,0.27,37,,0.525,,7.331,,0.2,0.374,64.815
9w43_AB,C,C,PD-1,protenix,9,5.0,9w43_ab_sample_2.cif,0.009,0.25,36,,0.494,,7.247,,0.2,0.374,64.815
9w43_AB,C,C,PD-1,protenix,9,5.0,9w43_ab_sample_3.cif,0.006,0.2,35,,0.458,,6.773,,0.2,0.374,64.815
9w43_AB,C,C,PD-1,protenix,9,5.0,9w43_ab_sample_4.cif,0.008,0.325,40,,0.523,,5.807,,0.2,0.374,64.815
9w43_AB,C,C,PD-1,protenix,10,2.0,9w43_ab_sample_0.cif,0.019,0.318,44,,0.544,,6.572,,0.2,0.377,60.172
9w43_AB,C,C,PD-1,protenix,10,2.0,9w43_ab_sample_1.cif,0.019,0.189,53,,0.437,,4.763,,0.2,0.377,60.172
9w43_AB,C,C,PD-1,protenix,10,2.0,9w43_ab_sample_2.cif,0.012,0.286,35,,0.499,,6.16,,0.2,0.377,60.172
9w43_AB,C,C,PD-1,protenix,10,2.0,9w43_ab_sample_3.cif,0.014,0.23,61,,0.422,,5.196,,0.2,0.377,60.172
9w43_AB,C,C,PD-1,protenix,10,2.0,9w43_ab_sample_4.cif,0.007,0.2,25,,0.473,,8.641,,0.2,0.377,60.172
9w43_AB,C,C,PD-1,protenix,11,1.0,9w43_ab_sample_0.cif,0.008,0.158,38,,0.394,,7.291,,0.152,0.326,52.046
9w43_AB,C,C,PD-1,protenix,11,1.0,9w43_ab_sample_1.cif,0.008,0.237,38,,0.468,,6.707,,0.152,0.326,52.046
9w43_AB,C,C,PD-1,protenix,11,1.0,9w43_ab_sample_2.cif,0.013,0.152,33,,0.361,,7.118,,0.152,0.326,52.046
9w43_AB,C,C,PD-1,protenix,11,1.0,9w43_ab_sample_3.cif,0.012,0.184,38,,0.353,,8.059,,0.152,0.326,52.046
9w43_AB,C,C,PD-1,protenix,11,1.0,9w43_ab_sample_4.cif,0.013,0.228,57,,0.441,,5.51,,0.152,0.326,52.046
9xf9_HL,C,C,Kasokero-endo,boltz,0,49.8,input_model_0.cif,0.018,0.032,31,,0.515,,16.18,,0.612,0.713,0.731
9xf9_HL,C,C,Kasokero-endo,boltz,0,49.8,input_model_1.cif,0.012,0.0,39,,0.182,,24.482,,0.612,0.713,0.731
9xf9_HL,C,C,Kasokero-endo,boltz,0,49.8,input_model_2.cif,0.012,0.032,31,,0.464,,21.708,,0.612,0.713,0.731
9xf9_HL,C,C,Kasokero-endo,boltz,0,49.8,input_model_3.cif,0.014,0.188,32,,0.634,,12.832,,0.612,0.713,0.731
9xf9_HL,C,C,Kasokero-endo,boltz,0,49.8,input_model_4.cif,0.014,0.032,31,,0.417,,21.902,,0.612,0.713,0.731
9xf9_HL,C,C,Kasokero-endo,boltz,1,37.333,input_model_0.cif,0.015,0.0,32,,0.254,,26.75,,0.609,0.706,0.732
9xf9_HL,C,C,Kasokero-endo,boltz,1,37.333,input_model_1.cif,0.013,0.167,36,,0.677,,14.285,,0.609,0.706,0.732
9xf9_HL,C,C,Kasokero-endo,boltz,1,37.333,input_model_2.cif,0.015,0.179,39,,0.686,,11.128,,0.609,0.706,0.732
9xf9_HL,C,C,Kasokero-endo,boltz,1,37.333,input_model_3.cif,0.013,0.0,42,,0.181,,26.088,,0.609,0.706,0.732
9xf9_HL,C,C,Kasokero-endo,boltz,1,37.333,input_model_4.cif,0.013,0.107,28,,0.647,,14.985,,0.609,0.706,0.732
9xf9_HL,C,C,Kasokero-endo,boltz,2,26.45,input_model_0.cif,0.013,0.0,40,,0.27,,25.134,,0.668,0.749,0.721
9xf9_HL,C,C,Kasokero-endo,boltz,2,26.45,input_model_1.cif,0.012,0.029,34,,0.378,,22.361,,0.668,0.749,0.721
9xf9_HL,C,C,Kasokero-endo,boltz,2,26.45,input_model_2.cif,0.027,0.2,40,,0.718,,8.783,,0.668,0.749,0.721
9xf9_HL,C,C,Kasokero-endo,boltz,2,26.45,input_model_3.cif,0.012,0.176,34,,0.701,,13.702,,0.668,0.749,0.721
9xf9_HL,C,C,Kasokero-endo,boltz,2,26.45,input_model_4.cif,0.014,0.0,26,,0.468,,19.918,,0.668,0.749,0.721
9xf9_HL,C,C,Kasokero-endo,boltz,3,20.167,input_model_0.cif,0.038,0.333,36,,0.844,,5.187,,0.628,0.724,0.725
9xf9_HL,C,C,Kasokero-endo,boltz,3,20.167,input_model_1.cif,0.014,0.116,43,,0.626,,18.044,,0.628,0.724,0.725
9xf9_HL,C,C,Kasokero-endo,boltz,3,20.167,input_model_2.cif,0.015,0.111,27,,0.659,,18.116,,0.628,0.724,0.725
9xf9_HL,C,C,Kasokero-endo,boltz,3,20.167,input_model_3.cif,0.014,0.189,37,,0.768,,11.495,,0.628,0.724,0.725
9xf9_HL,C,C,Kasokero-endo,boltz,3,20.167,input_model_4.cif,0.019,0.188,32,,0.689,,12.324,,0.628,0.724,0.725
9xf9_HL,C,C,Kasokero-endo,boltz,4,15.0,input_model_0.cif,0.015,0.143,35,,0.694,,15.677,,0.666,0.745,0.722
9xf9_HL,C,C,Kasokero-endo,boltz,4,15.0,input_model_1.cif,0.014,0.2,30,,0.709,,11.118,,0.666,0.745,0.722
9xf9_HL,C,C,Kasokero-endo,boltz,4,15.0,input_model_2.cif,0.018,0.184,38,,0.702,,10.697,,0.666,0.745,0.722
9xf9_HL,C,C,Kasokero-endo,boltz,4,15.0,input_model_3.cif,0.018,0.0,42,,0.337,,22.992,,0.666,0.745,0.722
9xf9_HL,C,C,Kasokero-endo,boltz,4,15.0,input_model_4.cif,0.015,0.0,37,,0.477,,19.119,,0.666,0.745,0.722
9xf9_HL,C,C,Kasokero-endo,boltz,5,10.0,input_model_0.cif,0.068,0.217,23,,0.719,,8.546,,0.713,0.777,0.731
9xf9_HL,C,C,Kasokero-endo,boltz,5,10.0,input_model_1.cif,0.02,0.049,41,,0.457,,18.822,,0.713,0.777,0.731
9xf9_HL,C,C,Kasokero-endo,boltz,5,10.0,input_model_2.cif,0.016,0.171,35,,0.692,,10.31,,0.713,0.777,0.731
9xf9_HL,C,C,Kasokero-endo,boltz,5,10.0,input_model_3.cif,0.013,0.029,35,,0.327,,23.094,,0.713,0.777,0.731
9xf9_HL,C,C,Kasokero-endo,boltz,5,10.0,input_model_4.cif,0.016,0.179,28,,0.717,,16.944,,0.713,0.777,0.731
9xf9_HL,C,C,Kasokero-endo,boltz,6,8.0,input_model_0.cif,0.022,0.2,30,,0.763,,12.959,,0.588,0.693,0.737
9xf9_HL,C,C,Kasokero-endo,boltz,6,8.0,input_model_1.cif,0.017,0.0,33,,0.351,,24.636,,0.588,0.693,0.737
9xf9_HL,C,C,Kasokero-endo,boltz,6,8.0,input_model_2.cif,0.022,0.138,29,,0.713,,14.367,,0.588,0.693,0.737
9xf9_HL,C,C,Kasokero-endo,boltz,6,8.0,input_model_3.cif,0.017,0.103,39,,0.64,,15.805,,0.588,0.693,0.737
9xf9_HL,C,C,Kasokero-endo,boltz,6,8.0,input_model_4.cif,0.014,0.194,31,,0.723,,12.034,,0.588,0.693,0.737
9xf9_HL,C,C,Kasokero-endo,boltz,7,6.0,input_model_0.cif,0.012,0.0,32,,0.417,,22.04,,0.617,0.715,0.734
9xf9_HL,C,C,Kasokero-endo,boltz,7,6.0,input_model_1.cif,0.014,0.062,32,,0.673,,16.071,,0.617,0.715,0.734
9xf9_HL,C,C,Kasokero-endo,boltz,7,6.0,input_model_2.cif,0.012,0.167,36,,0.695,,15.714,,0.617,0.715,0.734
9xf9_HL,C,C,Kasokero-endo,boltz,7,6.0,input_model_3.cif,0.016,0.194,36,,0.667,,15.334,,0.617,0.715,0.734
9xf9_HL,C,C,Kasokero-endo,boltz,7,6.0,input_model_4.cif,0.017,0.121,33,,0.605,,14.487,,0.617,0.715,0.734
9xf9_HL,C,C,Kasokero-endo,boltz,8,3.0,input_model_0.cif,0.018,0.2,35,,0.727,,11.635,,0.685,0.761,0.73
9xf9_HL,C,C,Kasokero-endo,boltz,8,3.0,input_model_1.cif,0.017,0.216,37,,0.734,,13.049,,0.685,0.761,0.73
9xf9_HL,C,C,Kasokero-endo,boltz,8,3.0,input_model_2.cif,0.014,0.0,29,,0.197,,27.241,,0.685,0.761,0.73
9xf9_HL,C,C,Kasokero-endo,boltz,8,3.0,input_model_3.cif,0.014,0.028,36,,0.576,,16.678,,0.685,0.761,0.73
9xf9_HL,C,C,Kasokero-endo,boltz,8,3.0,input_model_4.cif,0.025,0.205,44,,0.676,,13.658,,0.685,0.761,0.73
9xf9_HL,C,C,Kasokero-endo,boltz,9,2.0,input_model_0.cif,0.014,0.2,30,,0.717,,13.368,,0.633,0.724,0.736
9xf9_HL,C,C,Kasokero-endo,boltz,9,2.0,input_model_1.cif,0.016,0.188,32,,0.728,,12.593,,0.633,0.724,0.736
9xf9_HL,C,C,Kasokero-endo,boltz,9,2.0,input_model_2.cif,0.021,0.2,30,,0.71,,15.328,,0.633,0.724,0.736
9xf9_HL,C,C,Kasokero-endo,boltz,9,2.0,input_model_3.cif,0.019,0.143,42,,0.652,,15.563,,0.633,0.724,0.736
9xf9_HL,C,C,Kasokero-endo,boltz,9,2.0,input_model_4.cif,0.014,0.267,30,,0.78,,13.981,,0.633,0.724,0.736
9xf9_HL,C,C,Kasokero-endo,protenix,0,49.8,9xf9_hl_sample_0.cif,0.012,0.0,71,,0.26,,25.993,,0.177,0.442,56.477
9xf9_HL,C,C,Kasokero-endo,protenix,0,49.8,9xf9_hl_sample_1.cif,0.013,0.0,72,,0.175,,25.046,,0.177,0.442,56.477
9xf9_HL,C,C,Kasokero-endo,protenix,0,49.8,9xf9_hl_sample_2.cif,0.014,0.0,66,,0.107,,25.795,,0.177,0.442,56.477
9xf9_HL,C,C,Kasokero-endo,protenix,0,49.8,9xf9_hl_sample_3.cif,0.013,0.014,71,,0.253,,26.91,,0.177,0.442,56.477
9xf9_HL,C,C,Kasokero-endo,protenix,0,49.8,9xf9_hl_sample_4.cif,0.008,0.0,71,,0.25,,28.093,,0.177,0.442,56.477
9xf9_HL,C,C,Kasokero-endo,protenix,1,37.333,9xf9_hl_sample_0.cif,0.012,0.0,68,,0.222,,23.792,,0.174,0.437,62.993
9xf9_HL,C,C,Kasokero-endo,protenix,1,37.333,9xf9_hl_sample_1.cif,0.011,0.0,65,,0.17,,33.753,,0.174,0.437,62.993
9xf9_HL,C,C,Kasokero-endo,protenix,1,37.333,9xf9_hl_sample_2.cif,0.007,0.041,49,,0.522,,23.767,,0.174,0.437,62.993
9xf9_HL,C,C,Kasokero-endo,protenix,1,37.333,9xf9_hl_sample_3.cif,0.013,0.0,39,,0.448,,24.514,,0.174,0.437,62.993
9xf9_HL,C,C,Kasokero-endo,protenix,1,37.333,9xf9_hl_sample_4.cif,0.013,0.0,29,,0.581,,24.541,,0.174,0.437,62.993
9xf9_HL,C,C,Kasokero-endo,protenix,2,26.45,9xf9_hl_sample_0.cif,0.014,0.013,78,,0.302,,22.509,,0.176,0.436,55.05
9xf9_HL,C,C,Kasokero-endo,protenix,2,26.45,9xf9_hl_sample_1.cif,0.014,0.0,59,,0.282,,19.331,,0.176,0.436,55.05
9xf9_HL,C,C,Kasokero-endo,protenix,2,26.45,9xf9_hl_sample_2.cif,0.005,0.0,74,,0.106,,25.183,,0.176,0.436,55.05
9xf9_HL,C,C,Kasokero-endo,protenix,2,26.45,9xf9_hl_sample_3.cif,0.015,0.0,51,,0.326,,20.184,,0.176,0.436,55.05
9xf9_HL,C,C,Kasokero-endo,protenix,2,26.45,9xf9_hl_sample_4.cif,0.011,0.135,52,,0.751,,13.926,,0.176,0.436,55.05
9xf9_HL,C,C,Kasokero-endo,protenix,3,20.167,9xf9_hl_sample_0.cif,0.011,0.0,81,,0.182,,26.765,,0.165,0.429,57.479
9xf9_HL,C,C,Kasokero-endo,protenix,3,20.167,9xf9_hl_sample_1.cif,0.007,0.0,78,,0.198,,23.836,,0.165,0.429,57.479
9xf9_HL,C,C,Kasokero-endo,protenix,3,20.167,9xf9_hl_sample_2.cif,0.006,0.047,64,,0.491,,21.853,,0.165,0.429,57.479
9xf9_HL,C,C,Kasokero-endo,protenix,3,20.167,9xf9_hl_sample_3.cif,0.011,0.0,75,,0.166,,27.096,,0.165,0.429,57.479
9xf9_HL,C,C,Kasokero-endo,protenix,3,20.167,9xf9_hl_sample_4.cif,0.005,0.0,65,,0.118,,25.915,,0.165,0.429,57.479
9xf9_HL,C,C,Kasokero-endo,protenix,4,15.0,9xf9_hl_sample_0.cif,0.011,0.0,66,,0.154,,28.586,,0.183,0.437,62.51
9xf9_HL,C,C,Kasokero-endo,protenix,4,15.0,9xf9_hl_sample_1.cif,0.008,0.0,58,,0.141,,29.019,,0.183,0.437,62.51
9xf9_HL,C,C,Kasokero-endo,protenix,4,15.0,9xf9_hl_sample_2.cif,0.007,0.032,63,,0.486,,22.63,,0.183,0.437,62.51
9xf9_HL,C,C,Kasokero-endo,protenix,4,15.0,9xf9_hl_sample_3.cif,0.007,0.064,78,,0.578,,21.764,,0.183,0.437,62.51
9xf9_HL,C,C,Kasokero-endo,protenix,4,15.0,9xf9_hl_sample_4.cif,0.008,0.0,55,,0.292,,26.464,,0.183,0.437,62.51
9xf9_HL,C,C,Kasokero-endo,protenix,5,10.0,9xf9_hl_sample_0.cif,0.007,0.011,87,,0.28,,24.994,,0.199,0.45,61.499
9xf9_HL,C,C,Kasokero-endo,protenix,5,10.0,9xf9_hl_sample_1.cif,0.019,0.098,82,,0.654,,19.897,,0.199,0.45,61.499
9xf9_HL,C,C,Kasokero-endo,protenix,5,10.0,9xf9_hl_sample_2.cif,0.015,0.0,51,,0.466,,22.013,,0.199,0.45,61.499
9xf9_HL,C,C,Kasokero-endo,protenix,5,10.0,9xf9_hl_sample_3.cif,0.025,0.139,72,,0.674,,22.537,,0.199,0.45,61.499
9xf9_HL,C,C,Kasokero-endo,protenix,5,10.0,9xf9_hl_sample_4.cif,0.006,0.043,70,,0.513,,20.507,,0.199,0.45,61.499
9xf9_HL,C,C,Kasokero-endo,protenix,6,8.0,9xf9_hl_sample_0.cif,0.01,0.0,70,,0.057,,39.659,,0.34,0.518,64.986
9xf9_HL,C,C,Kasokero-endo,protenix,6,8.0,9xf9_hl_sample_1.cif,0.006,0.0,49,,0.135,,33.617,,0.34,0.518,64.986
9xf9_HL,C,C,Kasokero-endo,protenix,6,8.0,9xf9_hl_sample_2.cif,0.006,0.029,68,,0.433,,28.665,,0.34,0.518,64.986
9xf9_HL,C,C,Kasokero-endo,protenix,6,8.0,9xf9_hl_sample_3.cif,0.006,0.03,67,,0.324,,26.251,,0.34,0.518,64.986
9xf9_HL,C,C,Kasokero-endo,protenix,6,8.0,9xf9_hl_sample_4.cif,0.006,0.0,61,,0.111,,36.321,,0.34,0.518,64.986
9xf9_HL,C,C,Kasokero-endo,protenix,7,6.0,9xf9_hl_sample_0.cif,0.007,0.054,92,,0.497,,22.093,,0.185,0.451,63.648
9xf9_HL,C,C,Kasokero-endo,protenix,7,6.0,9xf9_hl_sample_1.cif,0.013,0.044,68,,0.453,,20.227,,0.185,0.451,63.648
9xf9_HL,C,C,Kasokero-endo,protenix,7,6.0,9xf9_hl_sample_2.cif,0.006,0.0,54,,0.137,,28.871,,0.185,0.451,63.648
9xf9_HL,C,C,Kasokero-endo,protenix,7,6.0,9xf9_hl_sample_3.cif,0.015,0.039,51,,0.471,,28.796,,0.185,0.451,63.648
9xf9_HL,C,C,Kasokero-endo,protenix,7,6.0,9xf9_hl_sample_4.cif,0.007,0.079,38,,0.546,,22.158,,0.185,0.451,63.648
9xf9_HL,C,C,Kasokero-endo,protenix,8,3.0,9xf9_hl_sample_0.cif,0.007,0.0,64,,0.271,,29.465,,0.415,0.548,59.53
9xf9_HL,C,C,Kasokero-endo,protenix,8,3.0,9xf9_hl_sample_1.cif,0.01,0.059,85,,0.515,,24.369,,0.415,0.548,59.53
9xf9_HL,C,C,Kasokero-endo,protenix,8,3.0,9xf9_hl_sample_2.cif,0.006,0.087,69,,0.611,,19.019,,0.415,0.548,59.53
9xf9_HL,C,C,Kasokero-endo,protenix,8,3.0,9xf9_hl_sample_3.cif,0.006,0.156,64,,0.74,,15.602,,0.415,0.548,59.53
9xf9_HL,C,C,Kasokero-endo,protenix,8,3.0,9xf9_hl_sample_4.cif,0.006,0.147,68,,0.76,,14.905,,0.415,0.548,59.53
9xf9_HL,C,C,Kasokero-endo,protenix,9,2.0,9xf9_hl_sample_0.cif,0.01,0.095,84,,0.627,,15.271,,0.169,0.29,51.677
9xf9_HL,C,C,Kasokero-endo,protenix,9,2.0,9xf9_hl_sample_1.cif,0.007,0.083,96,,0.602,,24.096,,0.169,0.29,51.677
9xf9_HL,C,C,Kasokero-endo,protenix,9,2.0,9xf9_hl_sample_2.cif,0.007,0.095,84,,0.642,,15.983,,0.169,0.29,51.677
9xf9_HL,C,C,Kasokero-endo,protenix,9,2.0,9xf9_hl_sample_3.cif,0.008,0.072,139,,0.515,,25.284,,0.169,0.29,51.677
9xf9_HL,C,C,Kasokero-endo,protenix,9,2.0,9xf9_hl_sample_4.cif,0.007,0.082,73,,0.594,,14.132,,0.169,0.29,51.677
9xf9_HL,C,C,Kasokero-endo,protenix,10,1.0,9xf9_hl_sample_0.cif,0.012,0.134,82,,0.653,,13.776,,0.173,0.297,48.742
9xf9_HL,C,C,Kasokero-endo,protenix,10,1.0,9xf9_hl_sample_1.cif,0.025,0.148,81,,0.751,,13.222,,0.173,0.297,48.742
9xf9_HL,C,C,Kasokero-endo,protenix,10,1.0,9xf9_hl_sample_2.cif,0.008,0.0,57,,0.369,,20.4,,0.173,0.297,48.742
9xf9_HL,C,C,Kasokero-endo,protenix,10,1.0,9xf9_hl_sample_3.cif,0.006,0.022,46,,0.56,,16.891,,0.173,0.297,48.742
9xf9_HL,C,C,Kasokero-endo,protenix,10,1.0,9xf9_hl_sample_4.cif,0.01,0.024,85,,0.365,,15.606,,0.173,0.297,48.742
9xf9_HL,C,C,Kasokero-endo,protenix,11,1.0,9xf9_hl_sample_0.cif,0.015,0.0,59,,0.098,,25.992,,0.179,0.306,48.362
9xf9_HL,C,C,Kasokero-endo,protenix,11,1.0,9xf9_hl_sample_1.cif,0.008,0.023,43,,0.433,,19.07,,0.179,0.306,48.362
9xf9_HL,C,C,Kasokero-endo,protenix,11,1.0,9xf9_hl_sample_2.cif,0.014,0.103,78,,0.621,,13.986,,0.179,0.306,48.362
9xf9_HL,C,C,Kasokero-endo,protenix,11,1.0,9xf9_hl_sample_3.cif,0.008,0.135,52,,0.712,,17.471,,0.179,0.306,48.362
9xf9_HL,C,C,Kasokero-endo,protenix,11,1.0,9xf9_hl_sample_4.cif,0.008,0.096,83,,0.701,,16.33,,0.179,0.306,48.362
9y0a_AB,C,C,Bet-v-1,boltz,0,1123.223,input_model_0.cif,0.04,0.0,24,,0.239,,23.731,,0.852,0.877,0.879
9y0a_AB,C,C,Bet-v-1,boltz,0,1123.223,input_model_1.cif,0.057,0.0,28,,0.225,,21.802,,0.852,0.877,0.879
9y0a_AB,C,C,Bet-v-1,boltz,0,1123.223,input_model_2.cif,0.035,0.0,15,,0.243,,24.177,,0.852,0.877,0.879
9y0a_AB,C,C,Bet-v-1,boltz,0,1123.223,input_model_3.cif,0.061,0.0,24,,0.354,,20.491,,0.852,0.877,0.879
9y0a_AB,C,C,Bet-v-1,boltz,0,1123.223,input_model_4.cif,0.054,0.0,26,,0.215,,22.79,,0.852,0.877,0.879
9y0a_AB,C,C,Bet-v-1,boltz,1,688.404,input_model_0.cif,0.574,0.778,18,,0.935,,2.657,,0.878,0.897,0.873
9y0a_AB,C,C,Bet-v-1,boltz,1,688.404,input_model_1.cif,0.041,0.0,16,,0.141,,26.841,,0.878,0.897,0.873
9y0a_AB,C,C,Bet-v-1,boltz,1,688.404,input_model_2.cif,0.059,0.0,16,,0.217,,24.785,,0.878,0.897,0.873
9y0a_AB,C,C,Bet-v-1,boltz,1,688.404,input_model_3.cif,0.039,0.062,16,,0.29,,24.198,,0.878,0.897,0.873
9y0a_AB,C,C,Bet-v-1,boltz,1,688.404,input_model_4.cif,0.058,0.0,27,,0.244,,22.122,,0.878,0.897,0.873
9y0a_AB,C,C,Bet-v-1,boltz,2,409.989,input_model_0.cif,0.04,0.0,27,,0.198,,25.354,,0.891,0.911,0.871
9y0a_AB,C,C,Bet-v-1,boltz,2,409.989,input_model_1.cif,0.052,0.0,17,,0.229,,24.552,,0.891,0.911,0.871
9y0a_AB,C,C,Bet-v-1,boltz,2,409.989,input_model_2.cif,0.056,0.0,30,,0.232,,22.154,,0.891,0.911,0.871
9y0a_AB,C,C,Bet-v-1,boltz,2,409.989,input_model_3.cif,0.033,0.0,19,,0.299,,21.537,,0.891,0.911,0.871
9y0a_AB,C,C,Bet-v-1,boltz,2,409.989,input_model_4.cif,0.058,0.0,28,,0.29,,20.78,,0.891,0.911,0.871
9y0a_AB,C,C,Bet-v-1,boltz,3,221.42,input_model_0.cif,0.041,0.0,27,,0.256,,23.395,,0.851,0.877,0.89
9y0a_AB,C,C,Bet-v-1,boltz,3,221.42,input_model_1.cif,0.056,0.0,15,,0.172,,24.954,,0.851,0.877,0.89
9y0a_AB,C,C,Bet-v-1,boltz,3,221.42,input_model_2.cif,0.058,0.0,15,,0.214,,25.25,,0.851,0.877,0.89
9y0a_AB,C,C,Bet-v-1,boltz,3,221.42,input_model_3.cif,0.039,0.0,27,,0.298,,21.039,,0.851,0.877,0.89
9y0a_AB,C,C,Bet-v-1,boltz,3,221.42,input_model_4.cif,0.031,0.0,16,,0.314,,22.601,,0.851,0.877,0.89
9y0a_AB,C,C,Bet-v-1,boltz,4,112.719,input_model_0.cif,0.038,0.059,17,,0.304,,23.336,,0.653,0.742,0.914
9y0a_AB,C,C,Bet-v-1,boltz,4,112.719,input_model_1.cif,0.056,0.0,16,,0.237,,25.091,,0.653,0.742,0.914
9y0a_AB,C,C,Bet-v-1,boltz,4,112.719,input_model_2.cif,0.06,0.0,26,,0.35,,21.624,,0.653,0.742,0.914
9y0a_AB,C,C,Bet-v-1,boltz,4,112.719,input_model_3.cif,0.039,0.0,24,,0.288,,22.02,,0.653,0.742,0.914
9y0a_AB,C,C,Bet-v-1,boltz,4,112.719,input_model_4.cif,0.041,0.0,22,,0.278,,22.312,,0.653,0.742,0.914
9y0a_AB,C,C,Bet-v-1,boltz,5,59.833,input_model_0.cif,0.035,0.0,19,,0.172,,25.708,,0.874,0.901,0.881
9y0a_AB,C,C,Bet-v-1,boltz,5,59.833,input_model_1.cif,0.057,0.0,16,,0.211,,25.203,,0.874,0.901,0.881
9y0a_AB,C,C,Bet-v-1,boltz,5,59.833,input_model_2.cif,0.056,0.0,26,,0.225,,22.408,,0.874,0.901,0.881
9y0a_AB,C,C,Bet-v-1,boltz,5,59.833,input_model_3.cif,0.052,0.0,33,,0.2,,22.342,,0.874,0.901,0.881
9y0a_AB,C,C,Bet-v-1,boltz,5,59.833,input_model_4.cif,0.056,0.0,26,,0.221,,22.534,,0.874,0.901,0.881
9y0a_AB,C,C,Bet-v-1,boltz,6,28.0,input_model_0.cif,0.041,0.0,13,,0.144,,26.907,,0.799,0.847,0.893
9y0a_AB,C,C,Bet-v-1,boltz,6,28.0,input_model_1.cif,0.724,0.727,22,,0.92,,0.806,,0.799,0.847,0.893
9y0a_AB,C,C,Bet-v-1,boltz,6,28.0,input_model_2.cif,0.048,0.0,25,,0.254,,21.945,,0.799,0.847,0.893
9y0a_AB,C,C,Bet-v-1,boltz,6,28.0,input_model_3.cif,0.054,0.0,30,,0.225,,21.2,,0.799,0.847,0.893
9y0a_AB,C,C,Bet-v-1,boltz,6,28.0,input_model_4.cif,0.031,0.062,16,,0.372,,22.462,,0.799,0.847,0.893
9y0a_AB,C,C,Bet-v-1,boltz,7,14.0,input_model_0.cif,0.05,0.0,25,,0.212,,23.338,,0.824,0.863,0.869
9y0a_AB,C,C,Bet-v-1,boltz,7,14.0,input_model_1.cif,0.054,0.0,15,,0.219,,25.084,,0.824,0.863,0.869
9y0a_AB,C,C,Bet-v-1,boltz,7,14.0,input_model_2.cif,0.043,0.0,21,,0.284,,22.824,,0.824,0.863,0.869
9y0a_AB,C,C,Bet-v-1,boltz,7,14.0,input_model_3.cif,0.054,0.0,29,,0.231,,21.32,,0.824,0.863,0.869
9y0a_AB,C,C,Bet-v-1,boltz,7,14.0,input_model_4.cif,0.057,0.0,24,,0.247,,21.968,,0.824,0.863,0.869
9y0a_AB,C,C,Bet-v-1,boltz,8,8.0,input_model_0.cif,0.061,0.0,16,,0.233,,23.593,,0.801,0.849,0.892
9y0a_AB,C,C,Bet-v-1,boltz,8,8.0,input_model_1.cif,0.034,0.0,12,,0.309,,24.888,,0.801,0.849,0.892
9y0a_AB,C,C,Bet-v-1,boltz,8,8.0,input_model_2.cif,0.03,0.0,18,,0.301,,23.084,,0.801,0.849,0.892
9y0a_AB,C,C,Bet-v-1,boltz,8,8.0,input_model_3.cif,0.034,0.0,18,,0.371,,20.321,,0.801,0.849,0.892
9y0a_AB,C,C,Bet-v-1,boltz,8,8.0,input_model_4.cif,0.056,0.0,25,,0.335,,23.301,,0.801,0.849,0.892
9y0a_AB,C,C,Bet-v-1,boltz,9,3.0,input_model_0.cif,0.05,0.0,19,,0.157,,25.266,,0.855,0.882,0.902
9y0a_AB,C,C,Bet-v-1,boltz,9,3.0,input_model_1.cif,0.042,0.0,24,,0.203,,24.276,,0.855,0.882,0.902
9y0a_AB,C,C,Bet-v-1,boltz,9,3.0,input_model_2.cif,0.055,0.0,14,,0.21,,25.628,,0.855,0.882,0.902
9y0a_AB,C,C,Bet-v-1,boltz,9,3.0,input_model_3.cif,0.054,0.0,16,,0.229,,25.187,,0.855,0.882,0.902
9y0a_AB,C,C,Bet-v-1,boltz,9,3.0,input_model_4.cif,0.055,0.0,28,,0.228,,21.857,,0.855,0.882,0.902
9y0a_AB,C,C,Bet-v-1,boltz,10,2.0,input_model_0.cif,0.707,0.789,19,,0.932,,1.587,,0.851,0.871,0.879
9y0a_AB,C,C,Bet-v-1,boltz,10,2.0,input_model_1.cif,0.057,0.0,14,,0.197,,25.98,,0.851,0.871,0.879
9y0a_AB,C,C,Bet-v-1,boltz,10,2.0,input_model_2.cif,0.034,0.0,18,,0.367,,21.421,,0.851,0.871,0.879
9y0a_AB,C,C,Bet-v-1,boltz,10,2.0,input_model_3.cif,0.052,0.0,30,,0.22,,21.948,,0.851,0.871,0.879
9y0a_AB,C,C,Bet-v-1,boltz,10,2.0,input_model_4.cif,0.055,0.0,16,,0.177,,24.646,,0.851,0.871,0.879
9y0a_AB,C,C,Bet-v-1,protenix,0,1123.223,9y0a_ab_sample_0.cif,0.053,0.2,25,,0.723,,12.527,,0.553,0.632,82.289
9y0a_AB,C,C,Bet-v-1,protenix,0,1123.223,9y0a_ab_sample_1.cif,0.047,0.0,42,,0.142,,24.673,,0.553,0.632,82.289
9y0a_AB,C,C,Bet-v-1,protenix,0,1123.223,9y0a_ab_sample_2.cif,0.043,0.077,26,,0.489,,18.16,,0.553,0.632,82.289
9y0a_AB,C,C,Bet-v-1,protenix,0,1123.223,9y0a_ab_sample_3.cif,0.036,0.0,24,,0.302,,22.664,,0.553,0.632,82.289
9y0a_AB,C,C,Bet-v-1,protenix,0,1123.223,9y0a_ab_sample_4.cif,0.06,0.16,25,,0.649,,13.34,,0.553,0.632,82.289
9y0a_AB,C,C,Bet-v-1,protenix,1,688.404,9y0a_ab_sample_0.cif,0.052,0.182,22,,0.646,,13.912,,0.554,0.657,82.638
9y0a_AB,C,C,Bet-v-1,protenix,1,688.404,9y0a_ab_sample_1.cif,0.078,0.2,25,,0.72,,11.431,,0.554,0.657,82.638
9y0a_AB,C,C,Bet-v-1,protenix,1,688.404,9y0a_ab_sample_2.cif,0.035,0.0,31,,0.239,,22.949,,0.554,0.657,82.638
9y0a_AB,C,C,Bet-v-1,protenix,1,688.404,9y0a_ab_sample_3.cif,0.046,0.16,25,,0.657,,14.024,,0.554,0.657,82.638
9y0a_AB,C,C,Bet-v-1,protenix,1,688.404,9y0a_ab_sample_4.cif,0.045,0.0,25,,0.324,,21.725,,0.554,0.657,82.638
9y0a_AB,C,C,Bet-v-1,protenix,2,409.989,9y0a_ab_sample_0.cif,0.05,0.0,34,,0.178,,23.007,,0.572,0.66,82.671
9y0a_AB,C,C,Bet-v-1,protenix,2,409.989,9y0a_ab_sample_1.cif,0.056,0.0,31,,0.183,,22.427,,0.572,0.66,82.671
9y0a_AB,C,C,Bet-v-1,protenix,2,409.989,9y0a_ab_sample_2.cif,0.049,0.0,34,,0.146,,22.853,,0.572,0.66,82.671
9y0a_AB,C,C,Bet-v-1,protenix,2,409.989,9y0a_ab_sample_3.cif,0.043,0.0,26,,0.136,,26.808,,0.572,0.66,82.671
9y0a_AB,C,C,Bet-v-1,protenix,2,409.989,9y0a_ab_sample_4.cif,0.053,0.0,29,,0.206,,22.534,,0.572,0.66,82.671
9y0a_AB,C,C,Bet-v-1,protenix,3,221.42,9y0a_ab_sample_0.cif,0.05,0.038,26,,0.557,,18.654,,0.434,0.53,79.505
9y0a_AB,C,C,Bet-v-1,protenix,3,221.42,9y0a_ab_sample_1.cif,0.061,0.333,18,,0.781,,9.032,,0.434,0.53,79.505
9y0a_AB,C,C,Bet-v-1,protenix,3,221.42,9y0a_ab_sample_2.cif,0.052,0.19,21,,0.697,,13.305,,0.434,0.53,79.505
9y0a_AB,C,C,Bet-v-1,protenix,3,221.42,9y0a_ab_sample_3.cif,0.032,0.0,29,,0.243,,26.084,,0.434,0.53,79.505
9y0a_AB,C,C,Bet-v-1,protenix,3,221.42,9y0a_ab_sample_4.cif,0.109,0.462,13,,0.766,,7.591,,0.434,0.53,79.505
9y0a_AB,C,C,Bet-v-1,protenix,4,112.719,9y0a_ab_sample_0.cif,0.041,0.16,25,,0.636,,14.199,,0.539,0.648,83.455
9y0a_AB,C,C,Bet-v-1,protenix,4,112.719,9y0a_ab_sample_1.cif,0.044,0.16,25,,0.665,,12.41,,0.539,0.648,83.455
9y0a_AB,C,C,Bet-v-1,protenix,4,112.719,9y0a_ab_sample_2.cif,0.067,0.174,23,,0.652,,14.203,,0.539,0.648,83.455
9y0a_AB,C,C,Bet-v-1,protenix,4,112.719,9y0a_ab_sample_3.cif,0.039,0.034,29,,0.454,,17.898,,0.539,0.648,83.455
9y0a_AB,C,C,Bet-v-1,protenix,4,112.719,9y0a_ab_sample_4.cif,0.079,0.241,29,,0.674,,10.744,,0.539,0.648,83.455
9y0a_AB,C,C,Bet-v-1,protenix,5,59.833,9y0a_ab_sample_0.cif,0.047,0.0,40,,0.162,,23.175,,0.606,0.717,84.46
9y0a_AB,C,C,Bet-v-1,protenix,5,59.833,9y0a_ab_sample_1.cif,0.05,0.0,35,,0.174,,23.38,,0.606,0.717,84.46
9y0a_AB,C,C,Bet-v-1,protenix,5,59.833,9y0a_ab_sample_2.cif,0.049,0.0,35,,0.153,,22.727,,0.606,0.717,84.46
9y0a_AB,C,C,Bet-v-1,protenix,5,59.833,9y0a_ab_sample_3.cif,0.047,0.0,39,,0.175,,24.768,,0.606,0.717,84.46
9y0a_AB,C,C,Bet-v-1,protenix,5,59.833,9y0a_ab_sample_4.cif,0.047,0.0,43,,0.18,,23.888,,0.606,0.717,84.46
9y0a_AB,C,C,Bet-v-1,protenix,6,28.0,9y0a_ab_sample_0.cif,0.042,0.08,25,,0.542,,15.841,,0.423,0.517,77.569
9y0a_AB,C,C,Bet-v-1,protenix,6,28.0,9y0a_ab_sample_1.cif,0.015,0.255,47,,0.741,,11.815,,0.423,0.517,77.569
9y0a_AB,C,C,Bet-v-1,protenix,6,28.0,9y0a_ab_sample_2.cif,0.048,0.179,28,,0.682,,13.076,,0.423,0.517,77.569
9y0a_AB,C,C,Bet-v-1,protenix,6,28.0,9y0a_ab_sample_3.cif,0.052,0.348,23,,0.728,,11.464,,0.423,0.517,77.569
9y0a_AB,C,C,Bet-v-1,protenix,6,28.0,9y0a_ab_sample_4.cif,0.031,0.08,25,,0.55,,15.892,,0.423,0.517,77.569
9y0a_AB,C,C,Bet-v-1,protenix,7,14.0,9y0a_ab_sample_0.cif,0.062,0.0,19,,0.293,,24.162,,0.465,0.582,82.118
9y0a_AB,C,C,Bet-v-1,protenix,7,14.0,9y0a_ab_sample_1.cif,0.047,0.0,22,,0.415,,19.995,,0.465,0.582,82.118
9y0a_AB,C,C,Bet-v-1,protenix,7,14.0,9y0a_ab_sample_2.cif,0.062,0.269,26,,0.731,,10.926,,0.465,0.582,82.118
9y0a_AB,C,C,Bet-v-1,protenix,7,14.0,9y0a_ab_sample_3.cif,0.045,0.12,25,,0.634,,14.582,,0.465,0.582,82.118
9y0a_AB,C,C,Bet-v-1,protenix,7,14.0,9y0a_ab_sample_4.cif,0.039,0.033,30,,0.288,,21.22,,0.465,0.582,82.118
9y0a_AB,C,C,Bet-v-1,protenix,8,8.0,9y0a_ab_sample_0.cif,0.009,0.048,21,,0.414,,18.273,,0.503,0.622,81.027
9y0a_AB,C,C,Bet-v-1,protenix,8,8.0,9y0a_ab_sample_1.cif,0.058,0.1,20,,0.653,,14.8,,0.503,0.622,81.027
9y0a_AB,C,C,Bet-v-1,protenix,8,8.0,9y0a_ab_sample_2.cif,0.084,0.2,25,,0.731,,10.696,,0.503,0.622,81.027
9y0a_AB,C,C,Bet-v-1,protenix,8,8.0,9y0a_ab_sample_3.cif,0.043,0.192,26,,0.68,,13.048,,0.503,0.622,81.027
9y0a_AB,C,C,Bet-v-1,protenix,8,8.0,9y0a_ab_sample_4.cif,0.027,0.0,22,,0.464,,24.999,,0.503,0.622,81.027
9y0a_AB,C,C,Bet-v-1,protenix,9,3.0,9y0a_ab_sample_0.cif,0.019,0.116,43,,0.545,,14.749,,0.396,0.47,74.29
9y0a_AB,C,C,Bet-v-1,protenix,9,3.0,9y0a_ab_sample_1.cif,0.03,0.053,57,,0.375,,17.139,,0.396,0.47,74.29
9y0a_AB,C,C,Bet-v-1,protenix,9,3.0,9y0a_ab_sample_2.cif,0.019,0.071,42,,0.445,,16.115,,0.396,0.47,74.29
9y0a_AB,C,C,Bet-v-1,protenix,9,3.0,9y0a_ab_sample_3.cif,0.033,0.1,60,,0.448,,14.248,,0.396,0.47,74.29
9y0a_AB,C,C,Bet-v-1,protenix,9,3.0,9y0a_ab_sample_4.cif,0.013,0.237,38,,0.739,,11.077,,0.396,0.47,74.29
9y0a_AB,C,C,Bet-v-1,protenix,10,2.0,9y0a_ab_sample_0.cif,0.009,0.111,54,,0.503,,15.767,,0.375,0.474,73.716
9y0a_AB,C,C,Bet-v-1,protenix,10,2.0,9y0a_ab_sample_1.cif,0.033,0.152,33,,0.624,,13.08,,0.375,0.474,73.716
9y0a_AB,C,C,Bet-v-1,protenix,10,2.0,9y0a_ab_sample_2.cif,0.039,0.091,22,,0.546,,18.211,,0.375,0.474,73.716
9y0a_AB,C,C,Bet-v-1,protenix,10,2.0,9y0a_ab_sample_3.cif,0.024,0.148,27,,0.637,,13.242,,0.375,0.474,73.716
9y0a_AB,C,C,Bet-v-1,protenix,10,2.0,9y0a_ab_sample_4.cif,0.028,0.208,24,,0.694,,11.696,,0.375,0.474,73.716
9y0a_AB,C,C,Bet-v-1,protenix,11,1.0,9y0a_ab_sample_0.cif,0.006,0.023,43,,0.259,,10.77,,0.158,0.309,49.681
9y0a_AB,C,C,Bet-v-1,protenix,11,1.0,9y0a_ab_sample_1.cif,0.02,0.255,55,,0.747,,8.832,,0.158,0.309,49.681
9y0a_AB,C,C,Bet-v-1,protenix,11,1.0,9y0a_ab_sample_2.cif,0.009,0.119,84,,0.519,,9.911,,0.158,0.309,49.681
9y0a_AB,C,C,Bet-v-1,protenix,11,1.0,9y0a_ab_sample_3.cif,0.009,0.119,59,,0.512,,14.238,,0.158,0.309,49.681
9y0a_AB,C,C,Bet-v-1,protenix,11,1.0,9y0a_ab_sample_4.cif,0.016,0.083,60,,0.527,,12.314,,0.158,0.309,49.681
9yc6_HL,C,C,uPAR,boltz,0,271.111,input_model_0.cif,0.022,0.071,14,,0.835,,14.898,,0.673,0.74,0.905
9yc6_HL,C,C,uPAR,boltz,0,271.111,input_model_1.cif,0.071,0.045,22,,0.739,,16.271,,0.673,0.74,0.905
9yc6_HL,C,C,uPAR,boltz,0,271.111,input_model_2.cif,0.024,0.062,16,,0.831,,16.262,,0.673,0.74,0.905
9yc6_HL,C,C,uPAR,boltz,0,271.111,input_model_3.cif,0.026,0.067,15,,0.837,,16.377,,0.673,0.74,0.905
9yc6_HL,C,C,uPAR,boltz,0,271.111,input_model_4.cif,0.024,0.059,17,,0.83,,16.345,,0.673,0.74,0.905
9yc6_HL,C,C,uPAR,boltz,1,169.38,input_model_0.cif,0.023,0.062,16,,0.842,,16.155,,0.505,0.61,0.9
9yc6_HL,C,C,uPAR,boltz,1,169.38,input_model_1.cif,0.035,0.062,16,,0.832,,16.201,,0.505,0.61,0.9
9yc6_HL,C,C,uPAR,boltz,1,169.38,input_model_2.cif,0.024,0.067,15,,0.826,,15.923,,0.505,0.61,0.9
9yc6_HL,C,C,uPAR,boltz,1,169.38,input_model_3.cif,0.019,0.143,21,,0.821,,17.679,,0.505,0.61,0.9
9yc6_HL,C,C,uPAR,boltz,1,169.38,input_model_4.cif,0.01,0.0,13,,0.546,,29.615,,0.505,0.61,0.9
9yc6_HL,C,C,uPAR,boltz,2,102.136,input_model_0.cif,0.019,0.0,14,,0.804,,16.611,,0.642,0.714,0.907
9yc6_HL,C,C,uPAR,boltz,2,102.136,input_model_1.cif,0.024,0.0,15,,0.818,,17.18,,0.642,0.714,0.907
9yc6_HL,C,C,uPAR,boltz,2,102.136,input_model_2.cif,0.03,0.067,15,,0.823,,17.266,,0.642,0.714,0.907
9yc6_HL,C,C,uPAR,boltz,2,102.136,input_model_3.cif,0.012,0.136,22,,0.853,,13.613,,0.642,0.714,0.907
9yc6_HL,C,C,uPAR,boltz,2,102.136,input_model_4.cif,0.008,0.0,15,,0.449,,31.058,,0.642,0.714,0.907
9yc6_HL,C,C,uPAR,boltz,3,63.567,input_model_0.cif,0.034,0.062,16,,0.825,,16.114,,0.539,0.643,0.896
9yc6_HL,C,C,uPAR,boltz,3,63.567,input_model_1.cif,0.034,0.0,15,,0.82,,17.181,,0.539,0.643,0.896
9yc6_HL,C,C,uPAR,boltz,3,63.567,input_model_2.cif,0.044,0.062,16,,0.83,,16.216,,0.539,0.643,0.896
9yc6_HL,C,C,uPAR,boltz,3,63.567,input_model_3.cif,0.027,0.059,17,,0.812,,16.022,,0.539,0.643,0.896
9yc6_HL,C,C,uPAR,boltz,3,63.567,input_model_4.cif,0.026,0.118,17,,0.839,,15.253,,0.539,0.643,0.896
9yc6_HL,C,C,uPAR,boltz,4,37.0,input_model_0.cif,0.013,0.0,13,,0.814,,16.401,,0.63,0.7,0.908
9yc6_HL,C,C,uPAR,boltz,4,37.0,input_model_1.cif,0.039,0.062,16,,0.833,,16.18,,0.63,0.7,0.908
9yc6_HL,C,C,uPAR,boltz,4,37.0,input_model_2.cif,0.022,0.056,18,,0.83,,16.266,,0.63,0.7,0.908
9yc6_HL,C,C,uPAR,boltz,4,37.0,input_model_3.cif,0.018,0.0,24,,0.322,,33.882,,0.63,0.7,0.908
9yc6_HL,C,C,uPAR,boltz,4,37.0,input_model_4.cif,0.013,0.071,14,,0.695,,27.607,,0.63,0.7,0.908
9yc6_HL,C,C,uPAR,boltz,5,19.0,input_model_0.cif,0.017,0.0,14,,0.796,,16.448,,0.684,0.753,0.909
9yc6_HL,C,C,uPAR,boltz,5,19.0,input_model_1.cif,0.036,0.056,18,,0.816,,16.233,,0.684,0.753,0.909
9yc6_HL,C,C,uPAR,boltz,5,19.0,input_model_2.cif,0.025,0.2,30,,0.804,,16.721,,0.684,0.753,0.909
9yc6_HL,C,C,uPAR,boltz,5,19.0,input_model_3.cif,0.034,0.0,13,,0.822,,16.974,,0.684,0.753,0.909
9yc6_HL,C,C,uPAR,boltz,5,19.0,input_model_4.cif,0.035,0.053,19,,0.817,,15.773,,0.684,0.753,0.909
9yc6_HL,C,C,uPAR,boltz,6,11.0,input_model_0.cif,0.019,0.0,13,,0.816,,16.456,,0.685,0.753,0.905
9yc6_HL,C,C,uPAR,boltz,6,11.0,input_model_1.cif,0.021,0.0,15,,0.817,,16.089,,0.685,0.753,0.905
9yc6_HL,C,C,uPAR,boltz,6,11.0,input_model_2.cif,0.021,0.0,14,,0.823,,17.484,,0.685,0.753,0.905
9yc6_HL,C,C,uPAR,boltz,6,11.0,input_model_3.cif,0.023,0.062,16,,0.82,,16.592,,0.685,0.753,0.905
9yc6_HL,C,C,uPAR,boltz,6,11.0,input_model_4.cif,0.014,0.0,16,,0.695,,17.663,,0.685,0.753,0.905
9yc6_HL,C,C,uPAR,boltz,7,8.0,input_model_0.cif,0.018,0.0,14,,0.801,,16.443,,0.679,0.749,0.906
9yc6_HL,C,C,uPAR,boltz,7,8.0,input_model_1.cif,0.017,0.067,15,,0.83,,16.339,,0.679,0.749,0.906
9yc6_HL,C,C,uPAR,boltz,7,8.0,input_model_2.cif,0.019,0.2,20,,0.848,,15.042,,0.679,0.749,0.906
9yc6_HL,C,C,uPAR,boltz,7,8.0,input_model_3.cif,0.027,0.111,18,,0.835,,15.633,,0.679,0.749,0.906
9yc6_HL,C,C,uPAR,boltz,7,8.0,input_model_4.cif,0.025,0.0,17,,0.81,,16.721,,0.679,0.749,0.906
9yc6_HL,C,C,uPAR,boltz,8,3.0,input_model_0.cif,0.012,0.056,18,,0.805,,16.071,,0.567,0.655,0.904
9yc6_HL,C,C,uPAR,boltz,8,3.0,input_model_1.cif,0.013,0.062,16,,0.678,,27.725,,0.567,0.655,0.904
9yc6_HL,C,C,uPAR,boltz,8,3.0,input_model_2.cif,0.013,0.053,19,,0.813,,16.197,,0.567,0.655,0.904
9yc6_HL,C,C,uPAR,boltz,8,3.0,input_model_3.cif,0.022,0.062,16,,0.833,,16.382,,0.567,0.655,0.904
9yc6_HL,C,C,uPAR,boltz,8,3.0,input_model_4.cif,0.016,0.0,25,,0.055,,31.547,,0.567,0.655,0.904
9yc6_HL,C,C,uPAR,boltz,9,3.0,input_model_0.cif,0.019,0.0,17,,0.81,,16.439,,0.703,0.762,0.905
9yc6_HL,C,C,uPAR,boltz,9,3.0,input_model_1.cif,0.034,0.062,16,,0.834,,16.425,,0.703,0.762,0.905
9yc6_HL,C,C,uPAR,boltz,9,3.0,input_model_2.cif,0.022,0.059,17,,0.827,,16.369,,0.703,0.762,0.905
9yc6_HL,C,C,uPAR,boltz,9,3.0,input_model_3.cif,0.029,0.067,15,,0.835,,16.227,,0.703,0.762,0.905
9yc6_HL,C,C,uPAR,boltz,9,3.0,input_model_4.cif,0.031,0.062,16,,0.839,,16.374,,0.703,0.762,0.905
9yc6_HL,C,C,uPAR,boltz,10,2.0,input_model_0.cif,0.035,0.0,18,,0.764,,17.196,,0.514,0.614,0.901
9yc6_HL,C,C,uPAR,boltz,10,2.0,input_model_1.cif,0.023,0.067,15,,0.823,,16.129,,0.514,0.614,0.901
9yc6_HL,C,C,uPAR,boltz,10,2.0,input_model_2.cif,0.042,0.056,18,,0.822,,15.353,,0.514,0.614,0.901
9yc6_HL,C,C,uPAR,boltz,10,2.0,input_model_3.cif,0.05,0.111,18,,0.833,,15.827,,0.514,0.614,0.901
9yc6_HL,C,C,uPAR,boltz,10,2.0,input_model_4.cif,0.029,0.0,19,,0.814,,16.003,,0.514,0.614,0.901
9yc6_HL,C,C,uPAR,protenix,0,271.111,9yc6_hl_sample_0.cif,0.029,0.224,49,,0.877,,5.547,,0.184,0.473,64.093
9yc6_HL,C,C,uPAR,protenix,0,271.111,9yc6_hl_sample_1.cif,0.076,0.259,58,,0.879,,7.38,,0.184,0.473,64.093
9yc6_HL,C,C,uPAR,protenix,0,271.111,9yc6_hl_sample_2.cif,0.01,0.173,52,,0.815,,12.534,,0.184,0.473,64.093
9yc6_HL,C,C,uPAR,protenix,0,271.111,9yc6_hl_sample_3.cif,0.025,0.304,46,,0.871,,7.351,,0.184,0.473,64.093
9yc6_HL,C,C,uPAR,protenix,0,271.111,9yc6_hl_sample_4.cif,0.016,0.113,80,,0.671,,14.485,,0.184,0.473,64.093
9yc6_HL,C,C,uPAR,protenix,1,169.38,9yc6_hl_sample_0.cif,0.01,0.198,81,,0.856,,9.223,,0.169,0.46,62.091
9yc6_HL,C,C,uPAR,protenix,1,169.38,9yc6_hl_sample_1.cif,0.006,0.06,50,,0.586,,18.921,,0.169,0.46,62.091
9yc6_HL,C,C,uPAR,protenix,1,169.38,9yc6_hl_sample_2.cif,0.012,0.013,75,,0.408,,21.383,,0.169,0.46,62.091
9yc6_HL,C,C,uPAR,protenix,1,169.38,9yc6_hl_sample_3.cif,0.023,0.164,61,,0.782,,13.654,,0.169,0.46,62.091
9yc6_HL,C,C,uPAR,protenix,1,169.38,9yc6_hl_sample_4.cif,0.011,0.407,27,,0.886,,11.489,,0.169,0.46,62.091
9yc6_HL,C,C,uPAR,protenix,2,102.136,9yc6_hl_sample_0.cif,0.022,0.135,89,,0.709,,15.896,,0.168,0.458,62.616
9yc6_HL,C,C,uPAR,protenix,2,102.136,9yc6_hl_sample_1.cif,0.007,0.232,56,,0.789,,12.225,,0.168,0.458,62.616
9yc6_HL,C,C,uPAR,protenix,2,102.136,9yc6_hl_sample_2.cif,0.012,0.103,78,,0.706,,14.443,,0.168,0.458,62.616
9yc6_HL,C,C,uPAR,protenix,2,102.136,9yc6_hl_sample_3.cif,0.012,0.08,100,,0.565,,20.54,,0.168,0.458,62.616
9yc6_HL,C,C,uPAR,protenix,2,102.136,9yc6_hl_sample_4.cif,0.014,0.188,69,,0.803,,11.58,,0.168,0.458,62.616
9yc6_HL,C,C,uPAR,protenix,3,63.567,9yc6_hl_sample_0.cif,0.017,0.126,87,,0.705,,14.718,,0.246,0.459,64.099
9yc6_HL,C,C,uPAR,protenix,3,63.567,9yc6_hl_sample_1.cif,0.014,0.308,52,,0.913,,4.328,,0.246,0.459,64.099
9yc6_HL,C,C,uPAR,protenix,3,63.567,9yc6_hl_sample_2.cif,0.029,0.289,45,,0.875,,7.503,,0.246,0.459,64.099
9yc6_HL,C,C,uPAR,protenix,3,63.567,9yc6_hl_sample_3.cif,0.019,0.174,69,,0.846,,9.324,,0.246,0.459,64.099
9yc6_HL,C,C,uPAR,protenix,3,63.567,9yc6_hl_sample_4.cif,0.019,0.043,46,,0.454,,26.559,,0.246,0.459,64.099
9yc6_HL,C,C,uPAR,protenix,4,37.0,9yc6_hl_sample_0.cif,0.014,0.12,92,,0.703,,13.786,,0.187,0.474,63.261
9yc6_HL,C,C,uPAR,protenix,4,37.0,9yc6_hl_sample_1.cif,0.008,0.135,89,,0.749,,13.228,,0.187,0.474,63.261
9yc6_HL,C,C,uPAR,protenix,4,37.0,9yc6_hl_sample_2.cif,0.017,0.2,50,,0.853,,8.8,,0.187,0.474,63.261
9yc6_HL,C,C,uPAR,protenix,4,37.0,9yc6_hl_sample_3.cif,0.033,0.231,52,,0.853,,8.285,,0.187,0.474,63.261
9yc6_HL,C,C,uPAR,protenix,4,37.0,9yc6_hl_sample_4.cif,0.01,0.188,85,,0.846,,13.608,,0.187,0.474,63.261
9yc6_HL,C,C,uPAR,protenix,5,19.0,9yc6_hl_sample_0.cif,0.073,0.359,39,,0.916,,7.928,,0.204,0.476,63.662
9yc6_HL,C,C,uPAR,protenix,5,19.0,9yc6_hl_sample_1.cif,0.017,0.333,21,,0.911,,10.665,,0.204,0.476,63.662
9yc6_HL,C,C,uPAR,protenix,5,19.0,9yc6_hl_sample_2.cif,0.031,0.194,67,,0.83,,12.207,,0.204,0.476,63.662
9yc6_HL,C,C,uPAR,protenix,5,19.0,9yc6_hl_sample_3.cif,0.029,0.228,57,,0.875,,9.838,,0.204,0.476,63.662
9yc6_HL,C,C,uPAR,protenix,5,19.0,9yc6_hl_sample_4.cif,0.026,0.315,54,,0.888,,6.05,,0.204,0.476,63.662
9yc6_HL,C,C,uPAR,protenix,6,11.0,9yc6_hl_sample_0.cif,0.012,0.085,82,,0.592,,23.432,,0.244,0.464,65.661
9yc6_HL,C,C,uPAR,protenix,6,11.0,9yc6_hl_sample_1.cif,0.039,0.218,55,,0.847,,8.779,,0.244,0.464,65.661
9yc6_HL,C,C,uPAR,protenix,6,11.0,9yc6_hl_sample_2.cif,0.062,0.4,35,,0.92,,8.993,,0.244,0.464,65.661
9yc6_HL,C,C,uPAR,protenix,6,11.0,9yc6_hl_sample_3.cif,0.025,0.08,88,,0.623,,17.562,,0.244,0.464,65.661
9yc6_HL,C,C,uPAR,protenix,6,11.0,9yc6_hl_sample_4.cif,0.02,0.159,44,,0.811,,20.932,,0.244,0.464,65.661
9yc6_HL,C,C,uPAR,protenix,7,8.0,9yc6_hl_sample_0.cif,0.02,0.193,57,,0.803,,23.578,,0.175,0.46,70.141
9yc6_HL,C,C,uPAR,protenix,7,8.0,9yc6_hl_sample_1.cif,0.008,0.202,84,,0.819,,12.464,,0.175,0.46,70.141
9yc6_HL,C,C,uPAR,protenix,7,8.0,9yc6_hl_sample_2.cif,0.016,0.31,42,,0.882,,15.6,,0.175,0.46,70.141
9yc6_HL,C,C,uPAR,protenix,7,8.0,9yc6_hl_sample_3.cif,0.065,0.108,65,,0.745,,14.388,,0.175,0.46,70.141
9yc6_HL,C,C,uPAR,protenix,7,8.0,9yc6_hl_sample_4.cif,0.03,0.375,40,,0.916,,3.422,,0.175,0.46,70.141
9yc6_HL,C,C,uPAR,protenix,8,3.0,9yc6_hl_sample_0.cif,0.051,0.161,62,,0.762,,12.71,,0.167,0.377,64.38
9yc6_HL,C,C,uPAR,protenix,8,3.0,9yc6_hl_sample_1.cif,0.017,0.0,59,,0.205,,19.46,,0.167,0.377,64.38
9yc6_HL,C,C,uPAR,protenix,8,3.0,9yc6_hl_sample_2.cif,0.013,0.159,63,,0.789,,6.113,,0.167,0.377,64.38
9yc6_HL,C,C,uPAR,protenix,8,3.0,9yc6_hl_sample_3.cif,0.019,0.128,47,,0.759,,16.254,,0.167,0.377,64.38
9yc6_HL,C,C,uPAR,protenix,8,3.0,9yc6_hl_sample_4.cif,0.026,0.082,73,,0.559,,17.839,,0.167,0.377,64.38
9yc6_HL,C,C,uPAR,protenix,9,3.0,9yc6_hl_sample_0.cif,0.014,0.133,105,,0.773,,11.93,,0.209,0.377,49.929
9yc6_HL,C,C,uPAR,protenix,9,3.0,9yc6_hl_sample_1.cif,0.013,0.087,103,,0.657,,10.208,,0.209,0.377,49.929
9yc6_HL,C,C,uPAR,protenix,9,3.0,9yc6_hl_sample_2.cif,0.017,0.097,93,,0.671,,10.952,,0.209,0.377,49.929
9yc6_HL,C,C,uPAR,protenix,9,3.0,9yc6_hl_sample_3.cif,0.012,0.043,93,,0.492,,10.599,,0.209,0.377,49.929
9yc6_HL,C,C,uPAR,protenix,9,3.0,9yc6_hl_sample_4.cif,0.023,0.079,76,,0.57,,9.614,,0.209,0.377,49.929
9yc6_HL,C,C,uPAR,protenix,10,2.0,9yc6_hl_sample_0.cif,0.013,0.098,82,,0.614,,15.385,,0.171,0.354,50.618
9yc6_HL,C,C,uPAR,protenix,10,2.0,9yc6_hl_sample_1.cif,0.01,0.086,93,,0.586,,7.545,,0.171,0.354,50.618
9yc6_HL,C,C,uPAR,protenix,10,2.0,9yc6_hl_sample_2.cif,0.031,0.059,68,,0.485,,16.027,,0.171,0.354,50.618
9yc6_HL,C,C,uPAR,protenix,10,2.0,9yc6_hl_sample_3.cif,0.019,0.06,67,,0.514,,19.542,,0.171,0.354,50.618
9yc6_HL,C,C,uPAR,protenix,10,2.0,9yc6_hl_sample_4.cif,0.029,0.015,67,,0.296,,19.607,,0.171,0.354,50.618
9yc6_HL,C,C,uPAR,protenix,11,1.0,9yc6_hl_sample_0.cif,0.005,0.022,90,,0.366,,16.595,,0.149,0.271,41.209
9yc6_HL,C,C,uPAR,protenix,11,1.0,9yc6_hl_sample_1.cif,0.02,0.049,82,,0.342,,19.118,,0.149,0.271,41.209
9yc6_HL,C,C,uPAR,protenix,11,1.0,9yc6_hl_sample_2.cif,0.012,0.086,93,,0.558,,10.663,,0.149,0.271,41.209
9yc6_HL,C,C,uPAR,protenix,11,1.0,9yc6_hl_sample_3.cif,0.012,0.074,94,,0.428,,15.861,,0.149,0.271,41.209
9yc6_HL,C,C,uPAR,protenix,11,1.0,9yc6_hl_sample_4.cif,0.01,0.09,100,,0.636,,16.318,,0.149,0.271,41.209
9zdu_HL,RBD,B,offhot:코어,protenix,0,28.042,9zdu_hl_sample_0.cif,0.21,0.4,60,0.4,0.842,0.602,11.864,11.52,0.478,0.48,66.686
9zdu_HL,RBD,B,offhot:코어,protenix,0,28.042,9zdu_hl_sample_1.cif,0.217,0.407,59,0.441,0.834,0.62,12.952,10.853,0.478,0.48,66.686
9zdu_HL,RBD,B,offhot:코어,protenix,0,28.042,9zdu_hl_sample_2.cif,0.215,0.344,61,0.492,0.806,0.615,13.544,10.489,0.478,0.48,66.686
9zdu_HL,RBD,B,offhot:코어,protenix,0,28.042,9zdu_hl_sample_3.cif,0.216,0.403,62,0.226,0.846,0.444,4.813,18.893,0.478,0.48,66.686
9zdu_HL,RBD,B,offhot:코어,protenix,0,28.042,9zdu_hl_sample_4.cif,0.186,0.389,54,0.093,0.807,0.279,6.89,26.696,0.478,0.48,66.686
9zdu_HL,RBD,B,offhot:코어,protenix,1,12.527,9zdu_hl_sample_0.cif,0.2,0.442,52,0.385,0.867,0.554,10.856,12.66,0.486,0.472,64.97
9zdu_HL,RBD,B,offhot:코어,protenix,1,12.527,9zdu_hl_sample_1.cif,0.199,0.397,58,0.466,0.843,0.596,12.494,11.559,0.486,0.472,64.97
9zdu_HL,RBD,B,offhot:코어,protenix,1,12.527,9zdu_hl_sample_2.cif,0.238,0.39,59,0.458,0.843,0.613,12.946,10.676,0.486,0.472,64.97
9zdu_HL,RBD,B,offhot:코어,protenix,1,12.527,9zdu_hl_sample_3.cif,0.207,0.489,47,0.362,0.869,0.537,9.507,14.66,0.486,0.472,64.97
9zdu_HL,RBD,B,offhot:코어,protenix,1,12.527,9zdu_hl_sample_4.cif,0.2,0.489,45,0.333,0.859,0.532,9.532,15.816,0.486,0.472,64.97
9zdu_HL,RBD,B,offhot:코어,protenix,2,11.476,9zdu_hl_sample_0.cif,0.006,0.194,72,0.528,0.657,0.625,13.836,9.112,0.18,0.414,59.947
9zdu_HL,RBD,B,offhot:코어,protenix,2,11.476,9zdu_hl_sample_1.cif,0.009,0.032,62,0.71,0.23,0.721,21.061,5.008,0.18,0.414,59.947
9zdu_HL,RBD,B,offhot:코어,protenix,2,11.476,9zdu_hl_sample_2.cif,0.008,0.235,68,0.588,0.711,0.643,16.569,6.652,0.18,0.414,59.947
9zdu_HL,RBD,B,offhot:코어,protenix,2,11.476,9zdu_hl_sample_3.cif,0.016,0.088,57,0.754,0.456,0.736,23.456,1.807,0.18,0.414,59.947
9zdu_HL,RBD,B,offhot:코어,protenix,2,11.476,9zdu_hl_sample_4.cif,0.028,0.0,47,0.957,0.336,0.789,26.027,4.081,0.18,0.414,59.947
9zdu_HL,RBD,B,offhot:코어,protenix,3,7.0,9zdu_hl_sample_0.cif,0.027,0.192,73,0.274,0.649,0.376,12.121,18.293,0.387,0.463,52.626
9zdu_HL,RBD,B,offhot:코어,protenix,3,7.0,9zdu_hl_sample_1.cif,0.015,0.205,73,0.247,0.662,0.368,10.695,19.025,0.387,0.463,52.626
9zdu_HL,RBD,B,offhot:코어,protenix,3,7.0,9zdu_hl_sample_2.cif,0.012,0.281,64,0.234,0.726,0.363,9.692,19.883,0.387,0.463,52.626
9zdu_HL,RBD,B,offhot:코어,protenix,3,7.0,9zdu_hl_sample_3.cif,0.015,0.23,61,0.262,0.71,0.367,10.227,18.734,0.387,0.463,52.626
9zdu_HL,RBD,B,offhot:코어,protenix,3,7.0,9zdu_hl_sample_4.cif,0.014,0.246,69,0.304,0.701,0.394,11.747,17.049,0.387,0.463,52.626
9zdu_HL,RBD,B,offhot:코어,protenix,4,3.0,9zdu_hl_sample_0.cif,0.026,0.182,77,0.143,0.601,0.306,4.884,11.881,0.16,0.291,45.588
9zdu_HL,RBD,B,offhot:코어,protenix,4,3.0,9zdu_hl_sample_1.cif,0.008,0.159,88,0.318,0.536,0.491,9.422,10.739,0.16,0.291,45.588
9zdu_HL,RBD,B,offhot:코어,protenix,4,3.0,9zdu_hl_sample_2.cif,0.027,0.177,79,0.456,0.519,0.585,5.912,8.082,0.16,0.291,45.588
9zdu_HL,RBD,B,offhot:코어,protenix,4,3.0,9zdu_hl_sample_3.cif,0.007,0.161,62,0.532,0.493,0.587,11.901,7.875,0.16,0.291,45.588
9zdu_HL,RBD,B,offhot:코어,protenix,4,3.0,9zdu_hl_sample_4.cif,0.01,0.138,65,0.338,0.503,0.47,6.985,8.707,0.16,0.291,45.588
9zdu_HL,RBD,B,offhot:코어,protenix,5,2.0,9zdu_hl_sample_0.cif,0.009,0.188,48,0.271,0.655,0.385,5.425,19.469,0.174,0.351,54.735
9zdu_HL,RBD,B,offhot:코어,protenix,5,2.0,9zdu_hl_sample_1.cif,0.011,0.229,48,0.312,0.622,0.444,8.147,11.339,0.174,0.351,54.735
9zdu_HL,RBD,B,offhot:코어,protenix,5,2.0,9zdu_hl_sample_2.cif,0.025,0.167,54,0.333,0.629,0.433,5.869,15.115,0.174,0.351,54.735
9zdu_HL,RBD,B,offhot:코어,protenix,5,2.0,9zdu_hl_sample_3.cif,0.009,0.125,56,0.411,0.58,0.496,6.777,15.395,0.174,0.351,54.735
9zdu_HL,RBD,B,offhot:코어,protenix,5,2.0,9zdu_hl_sample_4.cif,0.016,0.128,109,0.459,0.51,0.562,7.149,7.55,0.174,0.351,54.735
9zdu_HL,RBD,B,offhot:코어,protenix,6,1.0,9zdu_hl_sample_0.cif,0.012,0.091,66,0.318,0.421,0.463,15.21,12.156,0.131,0.288,42.562
9zdu_HL,RBD,B,offhot:코어,protenix,6,1.0,9zdu_hl_sample_1.cif,0.008,0.129,70,0.171,0.473,0.358,8.488,12.702,0.131,0.288,42.562
9zdu_HL,RBD,B,offhot:코어,protenix,6,1.0,9zdu_hl_sample_2.cif,0.021,0.159,88,0.352,0.532,0.463,6.203,8.09,0.131,0.288,42.562
9zdu_HL,RBD,B,offhot:코어,protenix,6,1.0,9zdu_hl_sample_3.cif,0.008,0.106,94,0.447,0.409,0.56,9.394,9.419,0.131,0.288,42.562
9zdu_HL,RBD,B,offhot:코어,protenix,6,1.0,9zdu_hl_sample_4.cif,0.016,0.144,97,0.443,0.544,0.565,3.942,7.965,0.131,0.288,42.562
9zdu_HL,RBD,B,offhot:코어,protenix,7,1.0,9zdu_hl_sample_0.cif,0.012,0.049,82,0.5,0.286,0.627,10.449,6.067,0.144,0.274,41.722
9zdu_HL,RBD,B,offhot:코어,protenix,7,1.0,9zdu_hl_sample_1.cif,0.009,0.027,73,0.438,0.224,0.558,10.902,6.7,0.144,0.274,41.722
9zdu_HL,RBD,B,offhot:코어,protenix,7,1.0,9zdu_hl_sample_2.cif,0.032,0.09,78,0.41,0.437,0.528,7.403,9.962,0.144,0.274,41.722
9zdu_HL,RBD,B,offhot:코어,protenix,7,1.0,9zdu_hl_sample_3.cif,0.02,0.105,105,0.362,0.444,0.488,2.794,9.952,0.144,0.274,41.722
9zdu_HL,RBD,B,offhot:코어,protenix,7,1.0,9zdu_hl_sample_4.cif,0.012,0.154,78,0.244,0.57,0.403,4.291,12.246,0.144,0.274,41.722
9zdu_HL,RBD,B,offhot:코어,protenix,8,1.0,9zdu_hl_sample_0.cif,0.016,0.127,71,0.479,0.464,0.596,10.108,5.228,0.151,0.28,41.552
9zdu_HL,RBD,B,offhot:코어,protenix,8,1.0,9zdu_hl_sample_1.cif,0.016,0.113,80,0.5,0.487,0.611,11.443,1.331,0.151,0.28,41.552
9zdu_HL,RBD,B,offhot:코어,protenix,8,1.0,9zdu_hl_sample_2.cif,0.034,0.121,58,0.5,0.518,0.593,9.199,7.755,0.151,0.28,41.552
9zdu_HL,RBD,B,offhot:코어,protenix,8,1.0,9zdu_hl_sample_3.cif,0.008,0.065,77,0.558,0.461,0.588,14.041,5.823,0.151,0.28,41.552
9zdu_HL,RBD,B,offhot:코어,protenix,8,1.0,9zdu_hl_sample_4.cif,0.014,0.071,84,0.643,0.321,0.7,11.681,5.911,0.151,0.28,41.552
9zdu_HL,RBD,B,offhot:코어,protenix,9,1.0,9zdu_hl_sample_0.cif,0.013,0.041,74,0.581,0.312,0.678,11.367,4.955,0.146,0.293,44.029
9zdu_HL,RBD,B,offhot:코어,protenix,9,1.0,9zdu_hl_sample_1.cif,0.023,0.065,62,0.387,0.383,0.521,15.367,9.066,0.146,0.293,44.029
9zdu_HL,RBD,B,offhot:코어,protenix,9,1.0,9zdu_hl_sample_2.cif,0.013,0.082,73,0.548,0.43,0.625,11.3,9.768,0.146,0.293,44.029
9zdu_HL,RBD,B,offhot:코어,protenix,9,1.0,9zdu_hl_sample_3.cif,0.011,0.07,57,0.263,0.473,0.348,13.239,13.865,0.146,0.293,44.029
9zdu_HL,RBD,B,offhot:코어,protenix,9,1.0,9zdu_hl_sample_4.cif,0.031,0.235,68,0.25,0.649,0.445,10.517,9.082,0.146,0.293,44.029
9zdu_HL,RBD,B,offhot:코어,protenix,10,1.0,9zdu_hl_sample_0.cif,0.056,0.079,38,0.395,0.419,0.565,11.315,11.073,0.139,0.318,48.341
9zdu_HL,RBD,B,offhot:코어,protenix,10,1.0,9zdu_hl_sample_1.cif,0.009,0.0,60,0.6,0.343,0.646,11.246,6.248,0.139,0.318,48.341
9zdu_HL,RBD,B,offhot:코어,protenix,10,1.0,9zdu_hl_sample_2.cif,0.018,0.048,84,0.524,0.334,0.63,17.559,4.64,0.139,0.318,48.341
9zdu_HL,RBD,B,offhot:코어,protenix,10,1.0,9zdu_hl_sample_3.cif,0.009,0.057,87,0.391,0.412,0.537,7.538,6.885,0.139,0.318,48.341
9zdu_HL,RBD,B,offhot:코어,protenix,10,1.0,9zdu_hl_sample_4.cif,0.01,0.123,106,0.434,0.458,0.571,8.124,9.949,0.139,0.318,48.341
9zdu_HL,RBD,B,offhot:코어,protenix,11,1.0,9zdu_hl_sample_0.cif,0.035,0.122,74,0.297,0.467,0.45,7.571,10.813,0.148,0.291,43.325
9zdu_HL,RBD,B,offhot:코어,protenix,11,1.0,9zdu_hl_sample_1.cif,0.009,0.107,56,0.161,0.536,0.294,9.352,16.113,0.148,0.291,43.325
9zdu_HL,RBD,B,offhot:코어,protenix,11,1.0,9zdu_hl_sample_2.cif,0.013,0.106,66,0.182,0.467,0.365,9.6,12.749,0.148,0.291,43.325
9zdu_HL,RBD,B,offhot:코어,protenix,11,1.0,9zdu_hl_sample_3.cif,0.011,0.131,84,0.262,0.486,0.424,6.631,13.696,0.148,0.291,43.325
9zdu_HL,RBD,B,offhot:코어,protenix,11,1.0,9zdu_hl_sample_4.cif,0.007,0.156,77,0.312,0.515,0.444,8.713,10.722,0.148,0.291,43.325
