pdb,antigen,Hchain,Lchain,antigen_chain,AB,epitope_class,n_epi,frac,flags,epitope_residues
8t1g,HA,G,I,A|C|D|O,B,stem,19,0.11,,70 294 307 334 363 364 365 366 381 383 386 387 390 393 394 397 398 402 403
8t1g,HA,H,L,C|E|F|Q,B,stem,20,0.1,,70 294 307 334 363 364 365 366 381 383 386 387 390 393 394 397 398 401 402 403
8t1g,HA,J,K,A|B|E|M,B,stem,19,0.11,,70 294 307 334 363 364 365 366 381 382 383 386 387 390 393 394 397 398 403
8t49,Env,C,D,A|B|BR|G|K,B,MPER,17,0.18,,39 499 500 504 531 619 623 652 655 656 658 659 660 661 662 663 664
8t4b,Env,O,Q,E|U,A,N332,13,0.31,,145 147 148 149 151 325 326 327 328 330 415 416 417
8t4b,Env,K,N,C|F|G|I,B,MPER,16,0.19,,39 338 499 500 531 619 623 655 656 658 659 660 661 662 663 664
8t4b,Env,J,M,B|E|G|K,B,MPER,16,0.19,,39 338 499 500 531 619 623 655 656 658 659 660 661 662 663 664
8t4b,Env,H,L,A|S,A,N332,13,0.31,,145 147 148 149 151 325 326 327 328 330 415 416 417
8t4b,Env,C,D,A|B|I|J,B,MPER,16,0.19,,39 338 499 500 531 619 623 655 656 658 659 660 661 662 663 664
8t4a,Env,P,R,F|Y,A,N332,15,0.27,,144 145 146 147 148 149 151 325 326 327 328 330 415 416 417
8t4a,Env,O,Q,E|V,A,N332,15,0.27,,144 145 146 147 148 149 151 325 326 327 328 330 415 416 417
8t4a,Env,K,N,C|E|F|G|I,B,MPER,17,0.18,,39 338 499 500 504 506 531 619 623 655 656 658 659 660 662 663 664
8t4a,Env,C,D,A|B|F|I|J,B,MPER,17,0.18,,39 338 499 500 504 506 531 619 623 655 656 658 659 660 662 663 664
8t49,Env,P,R,F|a|d,A,N332,13,0.31,,144 145 147 148 149 151 325 326 327 328 330 415 417
8t49,Env,O,Q,E|W|Z,A,N332,13,0.31,,144 145 147 148 149 151 325 326 327 328 330 415 417
8t49,Env,K,N,B|BX|F|I|J,B,MPER,17,0.18,,39 499 500 504 531 619 623 652 655 656 658 659 660 661 662 663 664
8t49,Env,J,M,BU|C|E|G|I,B,MPER,17,0.18,,39 499 500 504 531 619 623 652 655 656 658 659 660 661 662 663 664
8t49,Env,H,L,A|S|V,A,N332,13,0.31,,144 145 147 148 149 151 325 326 327 328 330 415 417
8t4b,Env,P,R,F|W,A,N332,13,0.31,,145 147 148 149 151 325 326 327 328 330 415 416 417
8t4a,Env,J,M,A|B|E|G|K,B,MPER,17,0.18,,39 338 499 500 504 506 531 619 623 655 656 658 659 660 662 663 664
8t4a,Env,H,L,A|S,A,N332,15,0.27,,144 145 146 147 148 149 151 325 326 327 328 330 415 416 417
8t4d,Env,K,N,B|F|I|J,B,MPER,17,0.18,,39 338 499 500 531 534 619 623 655 656 658 659 660 661 662 663 664
8t4d,Env,O,Q,E|V,A,N332,20,0.2,,131 140 141 146 147 148 149 150 151 189 299 325 326 327 328 330 413 415 416 417
8t4l,Env,P,R,F|a,A,N332,16,0.25,,144 145 146 147 148 149 151 297 299 325 326 327 328 330 332 415
8t4l,Env,O,Q,E|X,A,N332,16,0.25,,144 145 146 147 148 149 151 297 299 325 326 327 328 330 332 415
8t4l,Env,K,N,C|F|G|I,B,MPER,19,0.16,,39 338 499 500 501 531 534 619 623 624 655 656 658 659 660 661 662 663 664
8t4l,Env,J,M,B|E|G|K,B,MPER,19,0.16,,39 338 499 500 501 531 534 619 623 624 655 656 658 659 660 661 662 663 664
8t4d,Env,J,M,C|E|G|I,B,MPER,17,0.18,,39 338 499 500 531 534 619 623 655 656 658 659 660 661 662 663 664
8t4l,Env,C,D,A|B|I|J,B,MPER,19,0.16,,39 338 499 500 501 531 534 619 623 624 655 656 658 659 660 661 662 663 664
8t4d,Env,C,D,A|B|G|K,B,MPER,17,0.18,,39 338 499 500 531 534 619 623 655 656 658 659 660 661 662 663 664
8t4d,Env,H,L,A|S,A,N332,20,0.2,,131 140 141 146 147 148 149 150 151 189 299 325 326 327 328 330 413 415 416 417
8t4d,Env,P,R,F|Y,A,N332,20,0.2,,131 140 141 146 147 148 149 150 151 189 299 325 326 327 328 330 413 415 416 417
8t4l,Env,H,L,A|U,A,N332,16,0.25,,144 145 146 147 148 149 151 297 299 325 326 327 328 330 332 415
8jva,RBD,B,A,F,?,none,0,0.0,no-RBD-contact,
8jva,RBD,D,nan,F|G,?,none,0,0.0,no-RBD-contact,
8k3k,RBD,D,nan,E,B,class4,24,0.33,,369 373 374 375 376 377 378 383 384 385 404 405 407 408 435 436 439 500 501 502 503 504 506 508
8k46,RBD,G,nan,B|C,A,class1/2(RBM),27,0.67,,369 374 376 378 384 385 404 407 435 437 447 449 450 485 486 487 488 489 499 500 501 502 503 504 505 506 508
8k46,RBD,I,nan,C,B,class4,21,0.29,,369 373 374 375 376 377 378 379 384 385 404 405 407 408 435 440 501 503 504 506 508
8k46,RBD,E,nan,A,B,class4,18,0.22,,369 373 374 375 376 377 378 379 384 385 404 405 407 435 503 504 506 508
8k5h,RBD,H,L,A|B,A,class1/2(RBM),13,0.85,,364 368 452 453 472 473 474 475 482 483 484 486 490
8k5g,RBD,H,L,A,A,class1/2(RBM),13,0.92,,418 452 453 455 472 473 474 475 482 483 484 486 490
8tjr,Env,H,L,AS|B|BO|E|F,B,FP,19,0.47,,82 512 513 514 515 516 517 518 519 520 532 535 536 637 638 640 641 644 653
8tjr,Env,J,K,BF|C|F,B,FP,15,0.6,,80 87 512 513 514 515 516 517 518 519 520 528 532 535 536
8tjs,Env,Q,T,B|BI|BK|I,B,FP,21,0.52,,512 513 514 515 516 517 518 519 520 524 525 528 532 535 613 637 638 641 645 648 649
8tjs,Env,R,U,BO|BQ|H|I,B,FP,21,0.52,,512 513 514 515 516 517 518 519 520 524 525 528 532 535 536 637 638 641 645 648 649
8tjs,Env,P,S,B|H,B,FP,13,0.69,,513 514 515 516 517 518 519 520 525 528 532 535 536
8tkc,Env,G,H,A|B|F,B,FP,17,0.53,,85 87 512 513 514 515 516 517 518 519 520 528 532 535 536 647 648
8tkc,Env,I,J,B|C|D,B,FP,17,0.53,,85 87 512 513 514 515 516 517 518 519 520 528 532 535 536 647 648
8tkc,Env,K,L,D|E|F,B,FP,17,0.53,,85 87 512 513 514 515 516 517 518 519 520 528 532 535 536 647 648
8tl3,Env,K,L,D|E|F,B,FP,20,0.5,,80 85 512 513 514 515 516 517 518 519 520 525 528 532 535 536 538 644 648 655
8tl4,Env,I,J,B|C|D,B,FP,19,0.47,,83 84 85 87 512 513 514 515 516 517 518 519 520 532 535 624 652 656 659
8tl4,Env,G,H,A|B|F,B,FP,19,0.47,,83 84 85 87 512 513 514 515 516 517 518 519 520 532 535 624 652 656 659
8tl5,Env,G,H,A|B|O,B,other/variable,10,0.0,low-classmatch,87 88 527 528 529 532 624 625 626 627
8tl3,Env,I,J,B|C|D,B,FP,19,0.53,,80 85 512 513 514 515 516 517 518 519 520 525 528 532 535 536 538 648 655
8tl3,Env,G,H,A|B|F,B,FP,18,0.56,,80 85 512 513 514 515 516 517 518 519 520 525 528 532 535 536 538 648
8tl2,Env,K,L,D|E|F,B,FP,15,0.6,,80 512 513 514 515 516 517 518 519 520 535 536 641 648 655
8tl2,Env,G,H,A|B|F,B,FP,16,0.56,,80 512 513 514 515 516 517 518 519 520 535 536 637 638 641 648
8tl5,Env,I,J,C|D|X,B,gp120gp41,11,0.27,,87 88 520 527 528 529 532 624 625 626 627
8tl4,Env,K,L,D|E|F,B,FP,20,0.45,,83 84 85 87 512 513 514 515 516 517 518 519 520 532 535 624 652 655 656 659
8tl5,Env,K,L,E|F|j,B,other/variable,10,0.0,low-classmatch,87 88 527 528 529 532 624 625 626 627
8tm1,RBD,H,L,A|B,B,class4,32,0.44,,369 371 377 378 379 380 381 382 383 384 385 408 409 412 413 427 428 429 446 447 449 455 456 477 478 484 485 486 487 489 493 505
8tma,RBD,H,L,A,B,class4,18,0.0,,369 371 377 378 379 380 381 382 383 384 385 408 409 412 413 427 428 429
8tnh,Env,J,nan,A|AJ|E,A,CD4bs,24,0.67,,194 195 198 207 280 281 306 318 364 365 366 367 368 370 371 423 425 428 429 430 433 455 456 469
8tnh,Env,I,nan,C|E,A,CD4bs,24,0.67,,194 195 198 207 280 281 306 318 364 365 366 367 368 370 371 423 425 428 429 430 433 455 456 469
8tnh,Env,H,nan,A|AQ|C,A,CD4bs,24,0.67,,194 195 198 207 280 281 306 318 364 365 366 367 368 370 371 423 425 428 429 430 455 456 469 470
8tnu,Env,H,L,A|AB|E|S|Y|Z,B,FP,22,0.5,,79 80 82 84 85 512 513 514 515 516 517 518 519 520 521 524 528 532 535 536 637 638
8tnu,Env,J,K,AF|F|X|Y|i,B,FP,22,0.5,,80 82 83 84 85 512 513 514 515 516 517 518 519 520 521 525 528 532 535 637 638 640
8tnu,Env,B,C,G|I|X|Z,B,FP,14,0.5,,79 80 87 516 517 518 519 520 521 525 528 532 535 641
8to7,Env,G,J,A|B|BO|D,B,FP,27,0.37,,82 83 84 85 512 513 514 515 516 517 518 519 520 521 535 536 538 539 542 613 614 638 644 647 648 651 652
8to7,Env,H,L,B|BS|C|E,B,FP,29,0.34,,80 82 83 84 85 512 513 514 515 516 517 518 519 520 521 535 536 538 539 542 613 614 638 641 644 647 648 651 655
8to7,Env,I,K,A|BQ|C|F,B,FP,28,0.36,,80 83 84 85 512 513 514 515 516 517 518 519 520 521 535 536 538 539 542 613 638 641 644 647 648 651 652 655
8tp5,HA,H,L,A,A,head,25,1.0,,141 147 148 149 150 151 152 153 158 159 160 161 169 171 173 174 202 205 206 209 210 238 241 242 243
8tpa,HA,I,J,G|K,?,head/stem-mixed,23,0.39,borderline,61 63 64 65 66 107 287 289 301 312 313 314 315 324 326 327 328 420 423 424 431 434 435
8tpa,HA,H,L,A|B,?,head/stem-mixed,23,0.39,borderline,61 63 64 65 66 107 287 289 301 312 313 314 315 324 326 327 328 420 423 424 431 434 435
8tpa,HA,D,E,C|F,?,head/stem-mixed,23,0.39,borderline,61 63 64 65 66 107 287 289 301 312 313 314 315 324 326 327 328 420 423 424 431 434 435
8tp9,HA,H,L,A,?,head/stem-mixed,23,0.48,borderline,61 62 63 64 65 66 107 109 287 288 301 312 313 314 315 324 326 327 328 423 431 434 435
8tp9,HA,E,G,C,?,head/stem-mixed,23,0.48,borderline,61 62 63 64 65 66 107 109 287 288 301 312 313 314 315 324 326 327 328 423 431 434 435
8tp6,HA,C,D,B,A,head,28,1.0,,147 149 150 151 152 153 159 160 161 169 171 172 173 174 175 202 203 205 206 208 209 210 235 238 241 242 243 244
8tp7,HA,H,L,B|C|D,A,head,23,1.0,,142 143 144 145 146 173 174 176 177 178 179 180 181 182 183 204 205 208 212 213 217 262 264
8tox,Env,D,E,A|C|f|k,B,FP,26,0.38,,85 86 87 88 229 230 231 240 241 242 268 512 513 514 515 516 517 518 519 520 525 528 532 533 535 536
8tp9,HA,D,F,B,?,head/stem-mixed,23,0.48,borderline,61 62 63 64 65 66 107 109 287 288 301 312 313 314 315 324 326 327 328 423 431 434 435
8tox,Env,J,K,AC|F|I|w,B,FP,26,0.38,,85 86 87 88 229 230 231 240 241 242 268 512 513 514 515 516 517 518 519 520 525 528 532 533 535 536
8tp7,HA,E,G,A|B|H,A,head,23,1.0,,142 143 144 145 146 173 174 176 177 178 179 180 181 182 183 204 205 208 212 213 217 262 264
8tp7,HA,D,F,A|C|E,A,head,23,1.0,,142 143 144 145 146 173 174 176 177 178 179 180 181 182 183 204 205 208 212 213 217 262 264
8tp6,HA,H,L,A,A,head,28,1.0,,147 149 150 151 152 153 159 160 161 169 171 172 173 174 175 202 203 205 206 208 209 210 235 238 241 242 243 244
8tp6,HA,F,G,E,A,head,28,1.0,,147 149 150 151 152 153 159 160 161 169 171 172 173 174 175 202 203 205 206 208 209 210 235 238 241 242 243 244
8tp2,HA,H,L,C,A,head,24,1.0,,114 147 149 150 151 152 153 154 160 161 169 171 172 173 174 175 205 206 209 210 212 240 241 242
8tp4,HA,H,L,C,A,head,23,1.0,,147 148 149 150 151 152 153 158 160 161 169 171 173 202 205 206 209 210 238 241 242 243 244
8tp5,HA,E,F,C,A,head,25,1.0,,141 147 148 149 150 151 152 153 158 159 160 161 169 171 173 174 202 205 206 209 210 238 241 242 243
8tox,Env,H,L,B|G|O|T,B,FP,26,0.38,,85 86 87 88 229 230 231 240 241 242 268 512 513 514 515 516 517 518 519 520 525 528 532 533 535 536
8tp5,HA,J,K,G,A,head,25,1.0,,141 147 148 149 150 151 152 153 158 159 160 161 169 171 173 174 202 205 206 209 210 238 241 242 243
8tq1,Env,C,D,A|B|F|M,B,MPER,16,0.19,,32 39 338 499 500 619 623 655 656 658 659 660 661 662 663 664
8tq1,Env,G,I,C|E|F|K,B,MPER,16,0.19,,39 366 499 500 534 618 619 623 655 656 658 659 660 662 663 664
8tq1,Env,H,nan,A|E|J|L|S|V,A,V2apex,11,0.64,,124 127 160 161 162 166 167 168 169 170 171
8tq1,Env,M,N,B|G|J|K,B,MPER,15,0.2,,39 338 499 500 534 619 623 655 656 658 659 660 662 663 664
8tqi,HA,H,L,B,?,none,0,0.0,HA-no-map-review,
8tqi,HA,E,F,B,?,none,0,0.0,HA-no-map-review,
8tqi,HA,I,J,A|C,?,none,0,0.0,HA-no-map-review,
8tqi,HA,C,D,A,?,none,0,0.0,HA-no-map-review,
8kdm,RBD,G,F,A,A,class1/2(RBM),20,0.6,,342 344 380 381 383 413 414 415 417 449 450 451 452 500 501 502 503 504 505 506
8kdm,RBD,E,D,B,A,class1/2(RBM),20,0.6,,342 344 380 381 383 413 414 415 417 449 450 451 452 500 501 502 503 504 505 506
8kdr,RBD,H,L,A,B,class4,23,0.0,,366 369 377 378 379 380 381 382 383 384 385 386 388 389 390 391 412 413 414 427 428 429 531
8kds,RBD,G,F,C,B,off/other,23,0.3,ambiguous-lowoverlap,397 398 400 402 405 406 407 408 409 410 411 412 413 414 416 417 418 440 441 442 455 456 457
8kds,RBD,I,H,B,B,off/other,23,0.3,ambiguous-lowoverlap,397 398 400 402 405 406 407 408 409 410 411 412 413 414 416 417 418 440 441 442 455 456 457
8kdt,RBD,H,L,A,A,class1/2(RBM),19,0.53,,342 344 377 380 381 383 413 414 415 449 450 451 452 500 502 503 504 505 506
8q5y,RBD,R,L,D|H,A,class1/2(RBM),13,0.69,,343 344 345 346 439 440 441 443 444 445 449 450 499
8q5y,RBD,G,H,C|D|E,A,class1/2(RBM),21,0.76,,345 346 405 408 439 440 441 442 443 444 445 446 447 448 449 450 451 494 499 500 509
8q5y,RBD,B,A,C,A,class1/2(RBM),12,0.83,,345 346 439 440 441 443 444 445 446 449 499 500
8kds,RBD,E,D,A,B,off/other,23,0.3,ambiguous-lowoverlap,397 398 400 402 405 406 407 408 409 410 411 412 413 414 416 417 418 440 441 442 455 456 457
8keh,RBD,E,D,A|C,A,class1/2(RBM),28,0.5,,355 357 393 396 426 427 428 430 462 463 464 465 466 475 476 477 478 481 483 486 487 489 514 516 517 518 519 520
8keh,RBD,G,F,B,B,off/other,17,0.24,ambiguous-lowoverlap,355 357 393 396 426 427 428 430 462 463 464 465 514 516 517 518 519
8ker,RBD,I,H,C,B,class4,21,0.0,,366 369 377 378 379 380 381 382 383 384 385 386 388 390 412 413 414 427 428 429 430
8ker,RBD,G,F,B,B,class4,22,0.0,,366 369 377 378 379 380 381 382 383 384 385 386 388 390 412 413 414 427 428 429 430 531
8keq,RBD,E,D,A,B,off/other,18,0.22,ambiguous-lowoverlap,355 357 393 396 426 427 428 430 462 463 464 465 514 516 517 518 519 520
8kep,RBD,H,L,A,A,class1/2(RBM),17,1.0,,455 456 473 474 475 476 477 478 479 480 481 483 485 486 487 489 493
8keo,RBD,I,H,C,A,class1/2(RBM),18,1.0,,417 456 458 473 474 475 476 477 478 479 480 481 483 485 486 487 489 493
8keo,RBD,G,F,B,A,class1/2(RBM),17,1.0,,417 456 458 473 474 475 476 478 479 480 481 483 485 486 487 489 493
8keo,RBD,E,D,A,A,class1/2(RBM),18,1.0,,417 456 458 473 474 475 476 477 478 479 480 481 483 485 486 487 489 493
8ker,RBD,E,D,A,B,class4,21,0.0,,366 369 377 378 379 380 381 382 383 384 385 386 388 390 412 413 414 427 428 429 430
8keq,RBD,G,F,B,B,off/other,17,0.24,ambiguous-lowoverlap,355 357 393 396 426 427 428 430 462 463 464 465 514 516 517 518 519
8ttw,Env,C,D,A|B|S|T|b,B,gp120gp41,31,0.16,,45 46 47 90 91 92 93 94 236 237 238 276 277 278 351 352 353 456 612 613 614 615 616 629 630 632 633 634 636 637 638
8ttw,Env,G,H,E|F|U|V|n,B,gp120gp41,31,0.16,,45 46 47 90 91 92 93 94 236 237 238 276 277 278 351 352 353 456 612 613 614 615 616 629 630 632 633 634 636 637 638
8ttw,Env,K,L,I|J|W|X|z,B,gp120gp41,31,0.16,,45 46 47 90 91 92 93 94 236 237 238 276 277 278 351 352 353 456 612 613 614 615 616 629 630 632 633 634 636 637 638
8ttw,Env,M,N,A|f,A,N332,14,0.43,,138 139 140 323 324 325 326 327 328 329 330 415 416 417
8ttw,Env,O,P,E|r,A,N332,14,0.43,,138 139 140 323 324 325 326 327 328 329 330 415 416 417
8ttw,Env,Q,R,AD|I,A,N332,14,0.43,,138 139 140 323 324 325 326 327 328 329 330 415 416 417
8q7s,RBD,O,nan,M|S,A,class1/2(RBM),21,0.95,,403 417 445 446 447 449 455 456 484 485 486 487 489 490 492 493 494 495 496 498 505
8q7s,RBD,H,nan,G,B,class4,21,0.24,,369 370 371 372 374 375 376 377 378 379 380 384 404 405 407 408 500 501 502 503 508
8q7s,RBD,N,nan,M,B,class4,22,0.18,,369 370 372 373 374 375 376 377 378 379 380 383 384 385 404 405 407 408 500 502 503 508
8q7s,RBD,L,nan,J,A,class1/2(RBM),21,1.0,,417 444 445 446 447 449 455 456 484 485 486 487 489 490 492 493 494 495 496 498 505
8q7s,RBD,B,nan,A,B,class4,24,0.21,,369 370 371 372 374 375 376 377 378 379 380 382 384 385 404 405 407 408 414 500 501 502 503 508
8q7s,RBD,C,nan,A,A,class1/2(RBM),21,0.95,,403 417 445 446 447 449 455 456 484 485 486 487 489 490 492 493 494 495 496 498 505
8q7s,RBD,E,nan,D,B,class4,23,0.22,,369 370 371 372 374 375 376 377 378 379 380 382 384 385 404 405 407 408 500 502 503 506 508
8q7s,RBD,F,nan,D|V,A,class1/2(RBM),23,1.0,,417 445 446 447 449 452 455 456 484 485 486 487 489 490 492 493 494 495 496 498 500 501 505
8q7s,RBD,K,nan,J,B,class4,25,0.24,,369 370 371 372 374 375 376 377 378 379 380 382 383 384 385 404 405 407 408 500 501 502 503 504 508
8q7s,RBD,I,nan,G,A,class1/2(RBM),21,1.0,,417 445 446 447 449 452 455 456 484 485 486 487 489 490 492 493 494 495 496 498 505
8q94,RBD,C,nan,A,A,class1/2(RBM),21,0.95,,403 445 446 447 449 452 455 456 484 485 486 487 489 490 492 493 494 495 496 498 501
8q94,RBD,B,nan,A,B,class4,18,0.11,,375 376 377 378 379 380 381 382 383 384 404 405 407 408 413 414 503 508
8q93,RBD,C,nan,A,A,class1/2(RBM),26,0.92,,351 403 417 445 446 447 449 450 452 453 455 456 470 484 486 487 489 490 492 493 494 495 496 498 501 505
8q95,RBD,C,nan,A,A,class1/2(RBM),14,0.93,,351 444 445 446 447 449 450 452 470 490 492 493 494 498
8q93,RBD,B,nan,A,B,class4,23,0.22,,369 370 371 372 373 374 375 376 377 378 379 380 382 384 385 404 407 408 500 501 502 503 508
8q95,RBD,B,nan,A,B,class4,19,0.11,,365 369 375 376 377 378 379 380 381 382 383 384 404 405 407 408 414 503 508
8khd,RBD,H,J,C,B,off/other,22,0.45,ambiguous-lowoverlap,346 347 348 351 352 353 354 355 357 396 462 463 464 465 466 467 468 469 470 471 516 519
8khc,RBD,H,J,A,A,class1/2(RBM),20,0.5,,346 348 351 352 353 354 355 357 396 462 463 464 465 466 467 468 469 470 471 519
8khc,RBD,F,G,B,A,class1/2(RBM),19,0.53,,346 348 351 352 354 355 357 396 462 463 464 465 466 467 468 469 470 471 519
8tx3,HA,F,K,AG|G|I,B,stem,14,0.0,,18 22 360 361 362 363 364 370 371 372 376 377 378 379
8tx3,HA,H,L,C|D,B,stem,16,0.0,,19 359 360 361 362 363 364 370 371 372 375 376 377 378 379 381
8tx3,HA,E,J,A|B,B,stem,18,0.0,,18 19 360 361 362 363 364 370 371 372 375 376 377 378 379 380 381 498
8txm,HA,H,L,A|B|F|G,B,stem,28,0.14,,54 55 56 57 58 306 307 308 309 334 366 383 384 387 388 390 391 393 394 395 397 398 401 402 404 405 406 499
8txu,HA,H,L,A|B,B,stem,17,0.0,,19 22 37 341 359 360 361 363 364 370 375 376 377 378 379 380 381
8txt,HA,G,I,A|C|D|M|P|Y,B,stem,29,0.14,,41 48 49 54 56 57 58 306 307 308 309 320 322 334 366 383 384 387 390 391 393 394 395 397 398 401 402 495 499
8txp,HA,H,L,A|B|G,B,stem,27,0.15,,54 55 56 57 58 306 307 308 309 320 334 366 383 384 387 390 391 393 394 395 397 398 401 402 404 405 406
8ty7,HA,H,L,A|B|E,B,stem,25,0.16,,34 54 56 60 305 306 307 308 334 363 364 365 366 383 384 387 390 391 393 394 395 397 398 401 402
8txu,HA,F,K,G|I,B,stem,17,0.0,,22 37 341 359 360 361 362 363 364 373 375 376 377 378 379 491 498
8txt,HA,J,K,A|B|E|N|Q|R,B,stem,27,0.15,,48 49 54 56 57 58 306 307 308 309 320 334 366 383 384 387 390 391 393 394 395 397 398 401 402 495 499
8txu,HA,E,J,C|D,B,stem,16,0.0,,19 22 37 341 359 360 361 363 364 373 375 376 377 378 379 380
8txt,HA,H,L,C|E|F|O|W|X,B,stem,25,0.16,,47 48 49 54 56 57 58 306 307 308 309 320 334 366 383 384 387 390 391 394 395 397 398 401 402
8qh0,RBD,H,L,A,A,class1/2(RBM),31,0.84,,403 415 416 417 420 421 447 449 453 455 456 457 458 459 460 473 474 475 476 477 486 487 489 493 495 496 498 500 501 502 505
8qh1,RBD,H,L,E,A,class1/2(RBM),26,0.81,,403 415 416 417 420 421 453 455 456 457 458 459 460 473 474 475 476 477 487 489 493 495 500 501 502 505
8u44,HA,S,T,A|G|I,B,stem,30,0.2,,47 48 49 54 56 57 60 294 305 306 307 308 334 364 365 366 383 384 386 387 388 390 391 394 395 397 398 401 495 499
8u44,HA,V,X,A|B|H,B,stem,30,0.2,,47 48 49 54 56 57 60 294 305 306 307 308 334 364 365 366 383 384 386 387 388 390 391 394 395 397 398 401 495 499
8u44,HA,U,W,G|H|J,B,stem,30,0.2,,47 48 49 54 56 57 60 294 305 306 307 308 334 364 365 366 383 384 386 387 388 390 391 394 395 397 398 401 495 499
8wcg,RBD,D,nan,A|B|b,B,off/other,49,0.31,ambiguous-lowoverlap,356 357 358 361 362 363 364 365 366 367 368 369 370 371 372 390 391 393 394 395 396 398 399 400 401 402 404 405 408 414 415 416 417 432 433 440 442 443 462 472 473 475 479 481 484 486 487 491 494
8wcg,RBD,C,nan,A|B|E,B,class4,39,0.36,,356 364 365 366 367 368 369 370 371 372 390 393 395 398 399 400 401 402 404 405 408 414 415 416 417 433 440 442 443 462 472 473 475 479 481 484 486 487 491
8wcg,RBD,b,nan,B|D,B,class4,18,0.33,,368 373 375 376 377 378 379 380 417 503 505 506 507 508 511 512 513 514
8wcg,RBD,E,nan,A|C,B,class4,18,0.39,,373 375 376 377 378 379 380 417 503 504 505 506 507 508 511 512 513 514
8we4,RBD,H,L,B,B,class4,17,0.0,,369 377 378 379 380 381 382 383 384 385 386 390 392 412 427 428 429
8wfm,RBD,E1,E2,F,?,none,0,0.0,no-RBD-contact,
8wfm,RBD,A1,A2,B,?,none,0,0.0,no-RBD-contact,
8wfh,RBD,E1,E2,A,?,none,0,0.0,no-RBD-contact,
8wfm,RBD,C1,C2,D,?,none,0,0.0,no-RBD-contact,
8wfm,RBD,G1,G2,H,?,none,0,0.0,no-RBD-contact,
8ug9,RBD,O,nan,C|F,?,none,0,0.0,no-RBD-contact,
8ug9,RBD,M,nan,A|D,?,none,0,0.0,no-RBD-contact,
8ug9,RBD,N,nan,B|E,?,none,0,0.0,no-RBD-contact,
8qrg,RBD,A,nan,E|F,B,class4,23,0.13,,369 370 371 374 375 376 377 378 379 380 381 382 383 384 385 386 404 405 407 408 503 504 508
8qrg,RBD,H,L,D|E|I,A,class1/2(RBM),27,0.78,,403 406 415 416 417 420 421 453 455 456 457 458 459 460 473 474 475 476 477 486 487 489 493 498 501 502 505
8wpw,RBD,H,L,R,B,class4,21,0.0,,369 373 374 377 378 379 380 381 382 383 384 385 386 390 391 392 412 427 428 429 517
8wpy,RBD,A,B,E|R,B,class3,17,0.12,,334 335 337 339 340 341 343 344 345 346 354 356 359 360 361 440 441
8wpy,RBD,C,D,R,A,class1/2(RBM),23,0.78,,403 415 416 417 420 421 455 456 457 458 460 473 474 475 476 477 478 486 487 489 493 495 505
8wpw,RBD,C,D,R,A,class1/2(RBM),25,0.76,,403 405 415 416 417 420 421 455 456 457 458 460 473 474 475 476 477 478 487 489 490 493 501 502 505
8wpy,RBD,H,L,R,B,class4,22,0.0,,369 370 374 377 378 379 380 381 382 383 384 385 386 390 391 392 412 413 427 428 429 517
8wpw,RBD,A,B,E|R,B,class3,16,0.12,,333 334 335 337 339 340 343 344 345 356 357 359 360 361 440 441
8ulr,Env,H,L,AK|E|Q|i,A,CD4bs,28,0.89,,97 275 276 278 279 280 281 282 283 365 366 367 368 370 371 428 430 455 456 457 458 459 460 461 465 467 469 473
8ulr,Env,I,M,AG|C|Y|j,A,CD4bs,27,0.93,,97 275 276 278 279 280 281 282 283 365 366 367 368 370 371 428 430 455 456 457 458 459 460 461 465 469 473
8ulr,Env,J,N,A|AB|P|Z,A,CD4bs,28,0.93,,97 275 276 278 279 280 281 282 283 365 366 367 368 370 371 428 430 455 456 457 458 459 460 461 465 469 472 473
8uls,Env,H,L,A|E|r,A,CD4bs,33,0.76,,62 63 64 66 97 207 276 278 279 280 281 282 365 366 367 368 370 371 426 427 428 430 455 456 457 458 459 460 461 462 467 469 473
8uls,Env,I,M,A|C|R,A,CD4bs,32,0.75,,62 63 64 66 97 207 276 278 279 280 281 282 365 366 367 368 370 371 426 428 430 455 456 457 458 459 460 461 462 467 469 473
8uls,Env,J,N,C|E|e,A,CD4bs,32,0.75,,62 63 64 66 97 207 276 278 279 280 281 282 365 366 367 368 370 371 426 428 430 455 456 457 458 459 460 461 462 467 469 473
8ume,HA,H,L,C,A,head,14,1.0,,69 77 78 93 96 97 99 133 290 292 293 294 295 296
8ume,HA,E,G,B,A,head,14,1.0,,69 77 78 93 96 97 99 133 290 292 293 294 295 296
8ume,HA,D,F,A,A,head,15,1.0,,69 77 78 93 95 96 97 99 133 290 292 293 294 295 296
8ut3,HA,F,I,B|C|W,B,stem,20,0.05,,47 48 49 56 334 364 365 366 383 384 386 387 390 393 394 397 398 401 402 403
8ut4,HA,I,H,A|E|F|K,B,stem,17,0.06,,48 56 334 364 365 366 383 384 386 387 390 393 394 397 398 401 402
8ut5,HA,G,H,A|E|F|K,B,stem,15,0.07,,48 56 334 364 365 366 383 384 386 387 390 394 397 398 402
8wyj,RBD,Q,R,C|T,A,class1/2(RBM),15,0.67,,373 375 405 408 409 417 437 439 440 499 500 501 502 504 507
8wyj,RBD,I,K,A|O|U,B,class3,21,0.29,,334 335 336 337 338 339 340 345 346 347 348 349 354 359 399 440 441 442 444 448 450
8wyj,RBD,H,F,B|G,A,class1/2(RBM),15,0.73,,375 405 408 414 439 440 445 498 499 500 501 502 503 504 507
8wyj,RBD,E,G,B|F|M|N,B,class3,15,0.2,,332 333 334 335 337 339 340 343 344 345 346 359 440 441 444
8wyj,RBD,D,nan,A,A,class1/2(RBM),20,0.55,,375 380 403 405 406 407 408 409 414 417 453 497 498 499 500 501 502 503 504 505
8wyj,RBD,S,T,C|R|V|W|X,B,class3,10,0.2,,332 334 339 340 343 344 345 346 440 441
8x0x,RBD,G,K,A,A,class1/2(RBM),27,0.78,,403 405 415 416 417 420 421 453 455 456 457 458 459 460 473 474 475 476 477 478 486 487 489 493 501 502 505
8x0x,RBD,H,L,D|E,A,class1/2(RBM),26,0.77,,403 408 415 416 417 420 421 453 455 456 457 458 459 460 473 474 475 476 477 478 486 487 489 493 501 505
8x0y,RBD,E,F,B,A,class1/2(RBM),30,0.73,,403 405 406 408 415 416 417 420 421 447 448 453 455 456 473 475 476 477 484 485 486 487 489 490 491 492 493 496 498 505
8x0y,RBD,G,I,A,A,class1/2(RBM),29,0.72,,403 405 406 415 416 417 418 420 421 447 448 453 455 456 473 475 476 477 484 485 486 487 489 490 492 493 496 498 505
8v4f,RBD,B,D,A,A,class1/2(RBM),27,0.78,,403 405 415 416 417 420 421 453 455 456 457 458 459 460 473 474 475 476 477 478 486 487 489 493 496 501 505
8rby,RBD,B,nan,A,A,class1/2(RBM),26,0.96,,403 417 446 449 452 453 455 456 475 482 483 484 485 486 487 489 490 492 493 494 495 496 497 498 501 505
8xea,RBD,H,J,D,A,class1/2(RBM),25,0.76,,403 405 415 416 417 420 421 453 455 456 457 458 460 473 474 475 476 477 487 489 493 500 501 502 505
8xea,RBD,G,I,F,A,class1/2(RBM),25,0.76,,403 405 415 416 417 420 421 455 456 457 458 460 473 474 475 476 477 486 487 489 493 500 501 502 505
8xe9,RBD,A,B,C,A,class1/2(RBM),27,0.78,,403 405 415 416 417 420 421 453 455 456 457 458 460 473 474 475 476 477 487 489 490 492 493 500 501 502 505
8xea,RBD,A,B,E,A,class1/2(RBM),26,0.77,,403 405 415 416 417 420 421 453 455 456 457 458 460 473 474 475 476 477 486 487 489 493 500 501 502 505
8vcr,RBD,D,F,A|C|E|Y,?,none,0,0.0,no-RBD-contact,
8vcr,RBD,E,G,A|B|H|Z,?,none,0,0.0,no-RBD-contact,
8vcr,RBD,H,L,AA|B|C|D,?,none,0,0.0,no-RBD-contact,
8vee,HA,J,K,E|S|U,B,stem,19,0.0,,334 363 364 365 366 381 382 383 386 387 390 391 393 394 397 398 401 495 498
8vee,HA,G,I,C|P|R,B,stem,19,0.0,,334 363 364 365 366 381 382 383 386 387 390 391 393 394 397 398 401 495 498
8ved,HA,J,K,AF|E|X,B,stem,23,0.09,,34 56 296 307 334 363 364 365 366 381 383 386 387 390 393 394 397 398 401 402 404 405 406
8ved,HA,H,L,A|S|V,B,stem,24,0.08,,34 56 296 307 334 363 364 365 366 381 382 383 386 387 390 393 394 397 398 401 402 404 405 406
8ved,HA,G,I,AA|AB|C|D,B,stem,23,0.09,,34 56 296 307 334 363 364 365 366 381 383 386 387 390 393 394 397 398 401 402 404 405 406
8veb,HA,G,I,AA|E,B,stem,20,0.05,,54 56 334 363 364 365 366 381 382 383 384 386 387 390 391 393 394 397 398 401
8vee,HA,H,L,A|M|O,B,stem,19,0.0,,334 363 364 365 366 381 382 383 386 387 390 391 393 394 397 398 401 495 498
8veb,HA,H,L,A|S,B,stem,21,0.05,,54 56 334 363 364 365 366 381 382 383 384 386 387 390 391 393 394 397 398 401 495
8vef,HA,J,K,C|T,B,stem,18,0.06,,56 334 363 364 365 366 381 383 384 386 387 390 391 394 397 398 401 495
8vef,HA,H,L,A|P,B,stem,16,0.06,,56 334 363 364 365 366 381 383 386 387 390 391 394 397 398 401
8vef,HA,G,I,E|W,B,stem,16,0.06,,56 334 363 364 365 366 381 383 386 387 390 391 394 397 398 401
8veb,HA,J,K,C|W,B,stem,21,0.05,,54 56 334 363 364 365 366 381 382 383 384 386 387 390 391 393 394 397 398 401 495
8xi6,RBD,D,E,A|C|M,B,off/other,12,0.08,ambiguous-lowoverlap,323 324 328 477 530 531 532 533 534 535 536 537
8xi6,RBD,F,G,A|B|R,B,off/other,12,0.08,ambiguous-lowoverlap,323 324 328 477 530 531 532 533 534 535 536 537
8xi6,RBD,H,I,B|C|W,B,off/other,12,0.08,ambiguous-lowoverlap,323 324 328 477 530 531 532 533 534 535 536 537
8rj7,RBD,H,nan,G,B,class4,21,0.43,,371 374 375 376 377 378 379 384 404 405 407 408 437 439 440 499 502 503 504 506 508
8rj7,RBD,F,nan,E,B,class4,24,0.38,,369 371 372 374 375 376 377 378 379 383 384 404 405 407 408 437 439 440 499 502 503 504 506 508
8rj7,RBD,D,nan,C,B,class4,23,0.35,,369 371 372 374 375 376 377 378 379 383 384 404 405 407 408 437 439 440 502 503 504 506 508
8rj7,RBD,B,nan,A,B,class4,25,0.32,,368 369 371 372 373 374 375 376 377 378 379 383 384 404 405 407 408 437 439 440 502 503 504 506 508
8rj7,RBD,J,nan,I,B,class4,25,0.32,,368 369 371 372 373 374 375 376 377 378 379 383 384 404 405 407 408 437 439 440 502 503 504 506 508
8vfv,Env,C,D,A|B|F|M,B,MPER,15,0.2,,39 338 499 500 531 619 623 655 656 658 659 660 662 663 664
8vfv,Env,G,I,C|E|F|K,B,MPER,16,0.19,,39 499 500 501 531 534 619 623 655 656 658 659 660 662 663 664
8vfv,Env,H,L,A|R,A,N332,15,0.33,,143 145 146 147 148 149 324 325 326 327 328 330 415 416 417
8vfv,Env,M,N,B|G|J|K,B,MPER,16,0.19,,39 338 499 500 531 534 619 623 655 656 658 659 660 662 663 664
8xk2,RBD,B,nan,A,A,class1/2(RBM),26,0.81,,347 348 349 351 352 444 446 448 449 450 451 452 466 468 469 470 471 481 482 483 484 490 492 493 494 498
8xk2,RBD,H,nan,G,A,class1/2(RBM),28,0.79,,346 347 348 349 351 352 446 448 449 450 451 452 466 468 469 470 471 472 481 482 483 484 490 492 493 494 496 498
8xk2,RBD,F,nan,E,A,class1/2(RBM),27,0.78,,346 347 348 349 351 352 449 450 451 452 466 468 469 470 471 472 481 482 483 484 490 492 493 494 495 496 498
8xk2,RBD,D,nan,C,A,class1/2(RBM),29,0.79,,347 348 349 351 352 354 444 446 448 449 450 451 452 466 468 469 470 471 472 481 482 483 484 490 492 493 494 496 498
8xki,RBD,D,nan,C,A,class1/2(RBM),21,0.76,,347 348 349 351 352 449 450 451 452 468 469 470 471 481 482 483 484 490 492 493 494
8vif,RBD,H,L,R,B,class4,24,0.25,,369 370 371 372 373 374 375 376 377 378 379 382 383 384 404 405 407 408 500 502 503 504 506 508
8xsj,RBD,H,L,B,B,class3,19,0.32,,353 354 355 356 357 359 360 426 428 462 463 464 465 466 468 516 518 519 520
8xsf,RBD,H,L,B,B,off/other,17,0.35,ambiguous-lowoverlap,353 355 357 394 396 426 428 462 463 464 465 466 468 516 518 519 520
8xse,RBD,M,N,A,A,class1/2(RBM),25,0.72,,403 405 408 415 416 417 420 421 446 449 453 455 456 485 486 489 493 494 495 496 497 498 500 501 505
8xse,RBD,H,L,A,A,class1/2(RBM),14,0.79,,345 346 351 440 441 442 443 444 445 447 448 449 450 452
8xsl,RBD,H,L,A,A,class1/2(RBM),14,0.79,,345 346 351 440 441 443 444 445 447 448 449 450 452 494
8xsl,RBD,M,N,B,A,class1/2(RBM),13,0.85,,345 346 440 441 443 444 445 447 448 449 450 452 494
8xsi,RBD,H,L,B,B,off/other,17,0.35,ambiguous-lowoverlap,353 355 357 396 426 428 462 463 464 465 466 468 516 518 519 520 521
8vke,RBD,A,B,C,B,class4,25,0.28,,369 370 371 372 373 374 375 376 377 378 379 382 383 384 404 405 407 408 499 500 502 503 504 506 508
8vke,RBD,H,L,R,B,class4,25,0.28,,369 370 371 372 373 374 375 376 377 378 379 382 383 384 404 405 407 408 499 500 502 503 504 506 508
8vpf,RBD,D,F,AE|B,?,none,0,0.0,no-RBD-contact,
8vpf,RBD,E,G,AJ|C,?,none,0,0.0,no-RBD-contact,
8vpf,RBD,M,N,A|Z,?,none,0,0.0,no-RBD-contact,
8xxw,RBD,H,L,E,A,class1/2(RBM),16,0.56,,351 352 353 355 357 394 396 462 463 464 465 466 468 469 470 471
8rrn,RBD,H,L,A,A,class1/2(RBM),38,0.63,,340 346 347 348 351 352 353 354 355 356 357 358 359 396 449 450 452 457 461 462 463 464 465 466 467 468 469 470 471 472 481 482 483 484 490 492 493 494
8rrn,RBD,C,D,B,A,class1/2(RBM),38,0.63,,340 346 347 348 351 352 353 354 355 356 357 358 359 396 449 450 452 457 461 462 463 464 465 466 467 468 469 470 471 472 481 482 483 484 490 492 493 494
8y0y,RBD,E3,E2,A|D4,?,none,0,0.0,no-RBD-contact,
8y0y,RBD,D1,D4,A|E3,?,none,0,0.0,no-RBD-contact,
8y4a,RBD,D,E,A|BF,B,class4,6,0.0,,324 325 385 530 531 532
8y4a,RBD,H,L,AO|AR|C,B,off/other,6,0.0,ambiguous-lowoverlap,323 324 325 529 531 532
8y6a,RBD,C,D,B|H|L,B,class3,16,0.19,,334 335 337 339 340 341 343 344 345 346 356 358 359 440 441 444
8vye,RBD,T,U,BT|O,?,none,0,0.0,no-RBD-contact,
8vyf,RBD,H,L,A|D,?,none,0,0.0,no-RBD-contact,
8vye,RBD,A,D,AF|K,B,class3,3,0.0,,336 337 338
8vye,RBD,B,C,E|K,?,none,0,0.0,no-RBD-contact,
8vye,RBD,F,G,E|O,?,none,0,0.0,no-RBD-contact,
8vyg,RBD,A,B,C|R,B,class3,14,0.07,,334 335 337 339 340 343 344 345 346 356 357 359 361 441
8vye,RBD,I,J,AY|E,B,class3,3,0.0,,336 337 338
8vye,RBD,M,N,BA|E,?,none,0,0.0,no-RBD-contact,
8vye,RBD,P,Q,K|O,?,none,0,0.0,no-RBD-contact,
8vye,RBD,R,S,BR|O,B,class3,3,0.0,,336 337 338
8vye,RBD,H,L,AH|K,?,none,0,0.0,no-RBD-contact,
8vyf,RBD,B,C,A|E|F,?,none,0,0.0,no-RBD-contact,
9ato,RBD,D,nan,C,A,class1/2(RBM),12,0.83,,342 347 442 445 446 462 464 466 468 478 479 480
9ato,RBD,F,nan,B|C,A,class1/2(RBM),19,0.58,,342 343 344 345 347 348 349 350 445 446 462 464 466 468 478 479 480 486 490
9ato,RBD,L,nan,A,A,class1/2(RBM),19,0.58,,342 343 344 345 347 348 349 350 445 446 448 462 464 466 468 478 479 480 488
9atp,RBD,D,nan,A,A,class1/2(RBM),22,0.73,,342 344 345 347 348 350 442 443 445 446 448 462 464 466 467 468 478 479 480 481 486 490
9atp,RBD,E,nan,B|C,A,class1/2(RBM),19,0.58,,342 343 344 345 347 348 349 350 444 445 446 448 462 464 466 486 487 488 490
9atp,RBD,L,nan,A|B,A,class1/2(RBM),20,0.7,,344 345 347 348 349 350 445 446 447 448 462 464 466 468 477 478 479 486 487 488
9au1,RBD,H,L,D|E|R,A,class1/2(RBM),24,0.71,,403 405 409 415 416 417 420 421 453 454 455 456 457 458 459 460 473 475 476 477 487 489 493 505
9au1,RBD,M,N,F|R,B,class3,17,0.06,,334 335 337 339 340 343 344 345 346 356 357 358 359 360 361 441 509
9atm,RBD,H,L,I|R,A,class1/2(RBM),23,0.7,,403 405 409 415 416 417 420 421 453 455 456 457 458 459 460 473 475 476 477 487 489 493 505
9atm,RBD,I,M,A|E|H|R,B,off/other,21,0.29,ambiguous-lowoverlap,353 355 357 393 396 426 427 428 429 459 460 462 463 464 466 514 516 518 519 520 521
8s6m,RBD,I,M,B|C|F|H|J|O|R,B,off/other,22,0.32,ambiguous-lowoverlap,353 355 357 393 396 426 427 428 429 459 460 462 463 464 465 466 514 516 518 519 520 521
9au2,RBD,D,I,C,A,class1/2(RBM),8,0.88,,405 417 455 456 457 458 475 489
9au2,RBD,F,J,A|B,A,class1/2(RBM),6,1.0,,446 455 457 475 489 500
8s6m,RBD,H,L,F|I|R,A,class1/2(RBM),24,0.71,,403 405 409 415 416 417 420 421 453 454 455 456 457 458 459 460 473 475 476 477 487 489 493 505
8yk4,RBD,A2,A1,C,?,none,0,0.0,no-RBD-contact,
8ykg,RBD,F2,F1,B|C,?,none,0,0.0,no-RBD-contact,
8ykh,RBD,A2,A1,B,?,none,0,0.0,no-RBD-contact,
8ykg,RBD,D2,D1,C,?,none,0,0.0,no-RBD-contact,
9azr,HA,H,L,E,A,head,21,1.0,,147 150 151 152 153 154 169 171 172 174 175 176 203 205 206 208 209 210 212 235 242
9azv,HA,H,L,E,A,head,18,1.0,,150 151 152 153 154 169 171 172 174 175 176 203 205 206 209 210 212 242
9azt,HA,H,L,E,A,head,21,1.0,,150 151 152 153 154 169 171 172 173 174 175 176 203 205 206 208 209 210 212 241 242
9b2m,HA,H,L,C|D,B,stem,26,0.12,,54 56 296 305 307 308 309 334 364 365 366 381 382 383 385 386 387 390 391 393 394 395 397 398 401 402
9b2m,HA,J,K,G|I,B,stem,26,0.12,,54 56 296 305 307 308 309 334 364 365 366 381 382 383 385 386 387 390 391 393 394 395 397 398 401 402
9b2m,HA,E,F,A|B,B,stem,26,0.12,,54 56 296 305 307 308 309 334 364 365 366 381 382 383 385 386 387 390 391 393 394 395 397 398 401 402
9b2w,HA,B,C,A|D|M,B,stem,3,0.0,,7 8 9
9b2w,HA,E,F,A|D,B,stem,4,0.0,,4 7 8 9
8yro,RBD,H,L,D,A,class1/2(RBM),17,0.82,,355 396 458 459 462 463 464 465 466 467 468 469 470 471 472 474 518
8yro,RBD,E,F,A,A,class1/2(RBM),21,0.81,,355 396 458 459 462 463 464 465 466 467 468 469 470 471 472 474 481 482 483 516 518
8yro,RBD,B,C,P,A,class1/2(RBM),21,0.86,,355 396 457 458 459 462 463 464 465 466 467 468 469 470 471 472 474 481 482 484 518
8yub,RBD,D,E,C,B,off/other,23,0.43,ambiguous-lowoverlap,355 356 357 394 396 398 426 428 458 462 463 464 465 466 468 469 470 471 514 516 518 519 520
8yub,RBD,A,B,F,B,off/other,22,0.45,ambiguous-lowoverlap,355 356 357 394 396 426 428 462 463 464 465 466 468 469 470 471 474 514 516 517 518 520
9b7g,HA,Q,P,C|S,A,head,24,1.0,,114 150 151 152 153 156 161 169 171 174 175 176 199 203 205 206 208 209 210 212 214 242 243 244
9b7g,HA,J,K,B|M,A,head,24,1.0,,114 150 151 152 153 156 161 169 171 174 175 176 199 203 205 206 208 209 210 212 214 242 243 244
9b7g,HA,H,L,A|E,A,head,24,1.0,,114 150 151 152 153 156 161 169 171 174 175 176 199 203 205 206 208 209 210 212 214 242 243 244
9b7b,HA,G,H,E|F|N,?,none,0,0.0,HA-no-map-review,
9b7b,HA,C,D,A|B|M,?,none,0,0.0,HA-no-map-review,
9b82,RBD,I,G,C,A,class1/2(RBM),21,0.95,,346 444 445 446 447 448 449 450 452 453 470 484 490 492 493 494 495 496 498 501 505
9b82,RBD,N,M,D,A,class1/2(RBM),20,0.95,,346 444 445 446 447 448 449 450 452 470 484 490 492 493 494 495 496 498 501 505
9b82,RBD,P,O,E,A,class1/2(RBM),22,0.91,,346 351 444 445 446 447 448 449 450 452 453 470 484 490 492 493 494 495 496 498 501 505
9b82,RBD,R,Q,F,A,class1/2(RBM),20,0.95,,346 444 445 446 447 448 449 450 452 470 484 490 492 493 494 495 496 498 501 505
9b82,RBD,H,L,A,A,class1/2(RBM),20,0.95,,346 444 445 446 447 448 449 450 452 470 484 490 492 493 494 495 496 498 501 505
9b82,RBD,K,J,B,A,class1/2(RBM),23,0.91,,346 351 444 445 446 447 448 449 450 452 453 470 484 490 492 493 494 495 496 498 500 501 505
9b8c,Env,I,J,A|B|BM|F|M,B,MPER,18,0.17,,39 499 500 501 531 534 619 623 652 655 656 658 659 660 661 662 663 664
9b8b,Env,H,L,A|AC|C|D|R,A,V2apex,14,0.5,,130 160 163 166 167 168 169 170 171 185 186 187 188 192
9b8b,Env,I,J,B|C|E|M,B,MPER,19,0.16,,32 39 338 366 499 500 531 534 619 623 655 656 658 659 660 661 662 663 664
9b8b,Env,K,G,A|B|BM|F|I,B,MPER,18,0.17,,32 39 338 366 499 500 619 620 623 655 656 658 659 660 661 662 663 664
9b8b,Env,M,N,BT|D|E|F|K,B,MPER,21,0.14,,39 338 366 499 500 504 531 534 619 620 623 652 655 656 658 659 660 661 662 663 664
9b8c,Env,H,L,A|C|D|O|R|U,A,V2apex,14,0.5,,130 160 166 167 168 169 171 184 185 186 187 188 189 190
9b8c,Env,K,G,BR|D|E|F|I,B,MPER,17,0.18,,39 499 500 501 531 534 619 623 652 655 656 658 659 660 662 663 664
9b8c,Env,M,N,B|BO|C|E|K,B,other/variable,17,0.0,low-classmatch,39 338 366 499 500 531 534 619 623 652 655 656 658 659 660 662 663
8ywe,RBD,B2,B1,A,?,none,0,0.0,no-RBD-contact,
8ywe,RBD,C2,C1,A,?,none,0,0.0,no-RBD-contact,
8ywx,RBD,E,D,A,A,class1/2(RBM),23,0.83,,415 416 417 420 421 453 455 456 457 458 460 473 474 475 476 477 487 489 490 493 501 502 505
8yww,RBD,H1,H2,C,?,none,0,0.0,no-RBD-contact,
8yww,RBD,E,D,A,A,class1/2(RBM),23,0.83,,415 416 417 420 421 453 455 456 457 458 460 473 474 475 476 477 487 489 490 493 501 502 505
8yww,RBD,G,F,B,A,class1/2(RBM),23,0.83,,415 416 417 420 421 453 455 456 457 458 460 473 474 475 476 477 487 489 490 493 501 502 505
9evz,Env,H,L,F|I|q,B,gp120gp41,16,0.25,,39 499 500 501 531 532 534 535 536 603 605 618 619 620 623 624
9bdf,HA,C,D,A|S,B,stem,26,0.0,,28 30 36 37 38 340 341 357 358 359 360 361 362 363 364 370 371 372 375 376 377 378 379 478 480 482
9bdf,HA,B,I,AD|H,B,stem,26,0.0,,28 30 36 37 38 340 341 357 358 359 360 361 362 363 370 371 372 374 375 376 377 378 379 478 480 482
9bdg,HA,F,I,A|J,A,head,23,1.0,,93 94 96 97 98 99 135 136 137 138 140 141 142 149 157 160 163 164 165 166 188 190 271
9bdg,HA,E,H,C|U,A,head,27,1.0,,93 94 96 97 98 99 135 136 137 138 139 140 141 142 149 157 158 160 162 163 164 165 166 188 190 271 275
9bdg,HA,D,G,B|O,A,head,26,1.0,,93 94 96 97 98 99 135 136 137 138 139 140 141 142 149 157 160 162 163 164 165 166 188 190 271 275
9bdf,HA,E,J,G|Z,B,stem,25,0.0,,28 30 36 37 38 340 341 358 359 360 361 362 363 364 370 371 372 375 376 377 378 379 478 480 482
8z2e,RBD,B,nan,A|E,B,class3,18,0.0,,333 334 335 336 337 338 339 340 342 343 362 363 364 365 367 368 371 527
8z2e,RBD,H,L,E,A,class1/2(RBM),24,0.79,,403 415 416 417 420 421 453 455 456 457 458 459 460 473 474 475 476 477 486 487 489 493 502 505
9f02,Env,H,L,A|C|F|q,B,gp120gp41,17,0.24,,39 499 501 528 531 532 534 535 603 605 618 619 620 623 624 651 652
9f02,Env,I,J,A|E|G|f,B,gp120gp41,17,0.24,,39 499 500 501 528 531 532 534 535 603 605 618 619 620 623 624 652
9f02,Env,K,M,E|F|N|h,B,gp120gp41,18,0.22,,39 499 500 501 528 531 532 534 535 603 605 618 619 620 623 624 651 652
9bew,Env,J,K,A|h,A,N332,12,0.58,,136 137 322 323 324 325 326 327 328 330 415 417
9bew,Env,Q,R,M|p,A,N332,12,0.58,,136 137 322 323 324 325 326 327 328 330 415 417
9bew,Env,O,P,AX|M|d,A,CD4bs,25,0.88,,275 278 279 280 281 282 365 366 367 368 371 428 455 456 457 458 459 461 463 465 469 470 471 472 473
9bew,Env,H,L,G|Z,A,N332,12,0.58,,136 137 322 323 324 325 326 327 328 330 415 417
9bew,Env,F,I,A|AN|V,A,CD4bs,25,0.88,,275 278 279 280 281 282 365 366 367 368 371 428 455 456 457 458 459 461 463 465 469 470 471 472 473
9bew,Env,C,D,AD|G|l,A,CD4bs,25,0.88,,275 278 279 280 281 282 365 366 367 368 371 428 455 456 457 458 459 461 463 465 469 470 471 472 473
9bio,Env,S,U,G|K|X|y,A,CD4bs,34,0.71,,64 206 207 275 276 278 279 280 281 282 314 316 318 357 365 366 367 368 371 428 429 430 455 456 457 458 461 462 465 467 469 471 472 473
9bio,Env,P,O,AD|J|K|u,B,gp120gp41,12,0.33,,87 88 527 528 529 532 617 620 621 624 625 627
9bio,Env,M,N,C|K|k|z,A,CD4bs,33,0.73,,206 207 275 276 278 279 280 281 282 314 316 318 357 365 366 367 368 371 428 429 430 455 456 457 458 461 462 465 467 469 471 472 473
9bio,Env,I,F,A|C|g|p,B,gp120gp41,13,0.31,,87 88 527 528 529 532 617 620 621 623 624 625 627
9bio,Env,H,L,B|G|Q|b,B,gp120gp41,11,0.36,,87 88 527 528 529 617 620 621 624 625 627
9bio,Env,D,E,C|G|W|l,A,CD4bs,33,0.73,,206 207 275 276 278 279 280 281 282 314 316 318 357 365 366 367 368 371 428 429 430 455 456 457 458 461 462 465 467 469 471 472 473
9bj4,RBD,D,E,B|J,A,class1/2(RBM),12,0.67,,343 344 345 346 440 441 442 443 444 445 448 499
9bj3,RBD,E,F,B|U,B,class4,12,0.0,,323 324 369 370 371 372 373 374 377 385 532 534
9bj3,RBD,C,D,A|I,B,class4,12,0.0,,323 324 369 370 371 372 373 374 377 385 532 534
9bj2,RBD,H,L,A,?,none,0,0.0,no-RBD-contact,
9bj4,RBD,F,G,C,A,class1/2(RBM),13,0.69,,343 344 345 346 440 441 442 443 444 445 448 450 499
9bj3,RBD,H,L,S|e,B,class4,13,0.0,,323 324 369 370 371 372 373 374 377 384 385 532 534
9bj4,RBD,H,L,A|I,A,class1/2(RBM),12,0.67,,343 344 345 346 440 441 442 443 444 445 448 499
9bnp,Env,H,L,E|Z|a|l,A,V2apex,11,0.82,,158 160 163 164 167 168 169 170 171 172 173
9bnk,Env,H,L,E|F|G|I|M,A,V2apex,14,0.5,,128 130 160 162 165 166 167 168 169 170 171 187 188 190
8zdw,HA,F,E,C,A,head,15,1.0,,69 77 78 94 97 99 133 135 277 289 290 291 292 293 294
8zdw,HA,L,J,H,A,head,15,1.0,,69 77 78 94 97 99 133 135 277 289 290 291 292 293 294
8zdw,HA,U,R,A,A,head,15,1.0,,69 77 78 94 97 99 133 135 277 289 290 291 292 293 294
8zer,RBD,F,nan,E,A,class1/2(RBM),23,0.65,,346 348 349 351 352 353 354 357 449 450 452 466 468 470 471 472 481 482 483 484 485 490 492
8zer,RBD,H,nan,G,A,class1/2(RBM),23,0.65,,346 348 349 351 352 353 354 357 449 450 452 466 468 470 471 472 481 482 483 484 485 490 492
8zer,RBD,D,nan,C,A,class1/2(RBM),25,0.6,,346 347 348 349 351 352 353 354 355 357 449 450 452 466 468 470 471 472 481 482 483 484 485 490 492
8zer,RBD,A,nan,B,A,class1/2(RBM),23,0.65,,346 348 349 351 352 353 354 357 449 450 452 466 468 470 471 472 481 482 483 484 485 490 492
8zer,RBD,J,nan,I,A,class1/2(RBM),22,0.64,,346 348 349 351 352 353 354 357 449 450 452 466 468 470 471 472 482 483 484 485 490 492
9bt5,HA,E,F,B,A,head,25,1.0,,93 94 96 97 137 138 140 142 143 144 145 146 147 148 149 157 158 160 161 162 165 166 173 271 272
9bt5,HA,C,D,A,A,head,28,1.0,,93 94 96 97 137 138 140 141 142 143 144 145 146 147 148 149 151 157 158 160 161 162 165 166 168 173 271 272
9fc2,RBD,B,nan,A|F,A,class1/2(RBM),28,0.68,,346 347 348 349 351 352 353 354 355 446 447 449 450 452 466 468 469 470 471 472 482 483 484 490 492 493 494 496
9btl,Env,H,L,E|I|O|X|Y|k,A,V2apex,18,0.56,,128 130 131 132 156 158 160 165 166 167 168 169 170 171 173 185 189 190
9btv,Env,H,L,A|C|D|E|i|j,A,V2apex,16,0.5,,121 123 128 130 160 162 166 167 168 169 170 171 173 187 189 190
9c0v,HA,H,L,A|B,B,stem,23,0.04,,34 54 56 334 361 362 363 364 365 366 371 378 379 380 383 387 390 391 393 394 491 495 498
8zpq,RBD,A,B,E,?,none,0,0.0,no-RBD-contact,
8zpq,RBD,H,L,F,?,none,0,0.0,no-RBD-contact,
9c44,RBD,E,D,B|O,B,off/other,3,0.0,ambiguous-lowoverlap,323 324 532
9c44,RBD,F,G,C|S,B,off/other,3,0.0,ambiguous-lowoverlap,323 324 532
9c45,RBD,H,L,A|C|D,?,none,0,0.0,no-RBD-contact,
9c44,RBD,H,L,A|J,B,off/other,3,0.0,ambiguous-lowoverlap,323 324 532
8zrd,RBD,C,nan,E,A,class1/2(RBM),8,1.0,,456 475 476 484 485 486 487 489
8zrd,RBD,D,nan,A,A,class1/2(RBM),8,1.0,,456 475 476 484 485 486 487 489
9fm1,HA,E,nan,B|C,?,head/stem-mixed,27,0.37,borderline,60 61 64 70 71 72 73 99 100 282 311 312 313 318 319 320 324 326 328 329 331 402 404 405 406 407 435
9fm1,HA,F,nan,A|B,?,head/stem-mixed,26,0.38,borderline,60 61 64 70 71 72 73 99 100 282 311 312 313 318 319 320 324 326 328 329 402 404 405 406 407 435
9fm1,HA,D,nan,A|C,?,head/stem-mixed,25,0.36,borderline,61 64 70 71 72 73 99 100 282 311 312 313 318 319 320 324 326 328 329 331 402 404 406 407 435
9c6y,RBD,C,D,F,B,class4,26,0.0,,364 365 366 368 369 370 371 372 373 374 375 376 377 378 379 383 384 385 387 388 434 527 528 530 531 534
9c6y,RBD,A,B,E,B,class4,26,0.0,,364 365 366 368 369 370 371 372 373 374 375 376 377 378 379 383 384 385 387 388 434 527 528 530 531 534
8zyf,RBD,E,C,B|G,A,class1/2(RBM),36,0.5,,339 340 341 343 344 345 346 347 348 349 351 352 354 355 356 370 399 441 445 446 447 448 449 450 452 468 469 470 472 480 481 482 483 490 492 509
8zyf,RBD,H,D,A,B,class3,32,0.47,,339 340 341 343 344 345 346 347 348 349 351 352 354 356 370 399 441 446 447 449 450 452 468 469 470 472 481 482 483 490 492 509
9fr3,RBD,I,nan,D|G,B,class4,23,0.17,,369 371 372 373 374 375 376 377 378 379 380 381 382 383 384 385 386 412 427 476 477 478 486
9fr3,RBD,F,nan,D|G,B,class4,23,0.17,,369 371 372 373 374 375 376 377 378 379 380 381 382 383 384 385 386 412 427 476 477 478 486
9fr3,RBD,E,nan,B|H,B,class4,23,0.17,,369 371 372 373 374 375 376 377 378 379 380 381 382 383 384 385 386 412 427 476 477 478 486
9fr3,RBD,C,nan,A|J,B,class4,23,0.17,,369 371 372 373 374 375 376 377 378 379 380 381 382 383 384 385 386 412 427 476 477 478 486
9fr4,RBD,A,nan,B|D,B,class4,23,0.22,,368 369 371 374 375 376 377 378 379 380 381 382 383 384 385 386 412 427 477 478 479 486 487
9fr4,RBD,C,nan,B|D,B,class4,23,0.22,,368 369 371 374 375 376 377 378 379 380 381 382 383 384 385 386 412 427 477 478 479 486 487
9fr3,RBD,K,nan,B|H,B,class4,23,0.17,,369 371 372 373 374 375 376 377 378 379 380 381 382 383 384 385 386 412 427 476 477 478 486
9fr3,RBD,L,nan,A|J,B,class4,23,0.17,,369 371 372 373 374 375 376 377 378 379 380 381 382 383 384 385 386 412 427 476 477 478 486
9cci,RBD,B,C,A,A,class1/2(RBM),10,0.9,,345 439 440 441 443 444 445 499 500 506
9ccj,RBD,H,L,A,?,none,0,0.0,no-RBD-contact,
9cfg,RBD,H,L,A,A,class1/2(RBM),28,0.75,,403 405 409 415 416 417 420 421 455 456 457 458 459 460 473 474 475 476 477 487 489 493 495 498 500 501 502 505
9cfh,RBD,H,L,A,A,class1/2(RBM),30,0.8,,403 405 415 416 417 420 421 455 456 457 458 459 460 473 474 475 476 477 478 486 487 489 493 495 496 498 500 501 502 505
9cfa,Env,H,L,C|I|O,B,other/variable,17,0.0,low-classmatch,238 239 240 242 243 248 252 253 254 255 256 257 368 370 377 380 382
9cfe,RBD,A,B,C,A,class1/2(RBM),30,0.8,,403 408 415 416 417 420 421 455 456 457 458 459 460 473 474 475 476 477 478 486 487 489 493 495 496 498 500 501 502 505
9cf5,Env,H,G,E,B,other/variable,19,0.0,low-classmatch,119 120 122 200 202 203 204 327 328 369 419 420 421 422 423 432 433 434 437
9cf5,Env,J,I,C,A,CD4bs,19,0.16,,119 120 122 198 200 202 203 204 205 327 369 419 420 421 422 423 432 434 437
9cf5,Env,L,K,A|X,B,other/variable,16,0.0,low-classmatch,120 122 200 202 203 204 327 369 419 420 421 422 423 432 434 437
9cff,RBD,H,L,A,A,class1/2(RBM),31,0.81,,403 405 415 416 417 420 421 449 455 456 457 458 459 460 473 474 475 476 477 478 486 487 489 493 495 496 498 500 501 502 505
9cf6,Env,H,L,G,A,CD4bs,15,0.4,,227 244 271 273 274 275 276 277 278 279 282 285 352 353 354
9cfa,Env,B,A,D|J,B,other/variable,17,0.0,low-classmatch,238 239 240 242 243 248 252 253 254 255 256 257 368 370 377 380 382
9cfa,Env,F,E,G|N,B,other/variable,17,0.0,low-classmatch,238 239 240 242 243 248 252 253 254 255 256 257 368 370 377 380 382
9iqp,RBD,B,nan,A|D,A,class1/2(RBM),25,0.96,,351 445 446 447 449 450 452 455 456 470 483 484 485 486 488 489 490 492 493 494 496 498 500 501 502
9co9,RBD,E,nan,A,A,class1/2(RBM),18,1.0,,443 446 450 453 480 481 482 484 485 486 489 490 492 494 496 497 498 501
9co9,RBD,D,nan,B|E,A,class1/2(RBM),20,1.0,,443 446 450 452 453 480 481 482 483 484 485 486 489 490 492 494 496 497 498 501
9co8,RBD,F,nan,B|C|E,A,class1/2(RBM),9,1.0,,437 443 446 480 494 495 496 497 498
9co8,RBD,E,nan,B|F,A,class1/2(RBM),13,1.0,,446 480 481 483 485 489 490 491 492 494 496 497 498
9co8,RBD,D,nan,A|E,A,class1/2(RBM),18,0.94,,400 446 452 453 480 481 482 483 484 485 486 489 490 494 496 497 498 501
9co7,RBD,E,nan,B,A,class1/2(RBM),17,1.0,,441 444 450 479 480 481 482 483 484 485 488 489 493 495 496 497 500
9co7,RBD,D,nan,A|E,A,class1/2(RBM),20,0.95,,398 441 444 448 450 479 480 481 482 483 484 485 488 489 491 493 495 496 497 500
9co6,RBD,F,nan,B|C,A,class1/2(RBM),24,0.79,,368 398 432 434 435 444 450 451 478 479 480 481 483 484 485 488 489 491 493 495 496 497 500 501
9co6,RBD,E,nan,B,A,class1/2(RBM),18,1.0,,444 450 451 479 480 481 483 484 485 488 489 490 491 493 495 496 497 500
9co6,RBD,D,nan,A|E,A,class1/2(RBM),21,0.95,,398 441 444 450 451 478 479 480 481 482 483 484 485 488 489 491 493 495 496 497 500
9cpy,RBD,H,L,A,B,class4,22,0.0,,369 370 372 374 375 376 377 378 379 380 381 382 383 384 385 386 390 427 428 429 430 517
9cpy,RBD,C,D,A,A,class1/2(RBM),29,0.79,,403 405 415 416 417 420 421 453 455 456 457 458 459 460 473 474 475 476 477 486 487 489 494 495 496 498 500 501 505
9cpx,RBD,H,L,A,B,class4,24,0.0,,368 369 370 374 375 376 377 378 379 380 381 382 383 384 385 386 390 392 430 515 516 517 518 519
9cpw,RBD,C,D,A,A,class1/2(RBM),24,0.79,,403 415 416 417 420 421 453 455 456 457 458 459 460 473 474 475 476 477 486 487 489 496 501 505
9cpw,RBD,H,L,A,B,class4,21,0.0,,369 370 371 372 374 375 376 377 378 379 380 381 382 383 384 385 386 390 408 428 430
9cpp,RBD,F,G,A|C|D,A,class1/2(RBM),27,0.81,,403 415 416 417 420 421 453 455 456 457 458 459 460 473 474 475 476 477 486 487 489 496 498 500 501 502 505
9cpp,RBD,H,L,A,B,class4,21,0.0,,369 370 374 375 376 377 378 379 380 381 382 383 384 385 386 389 390 392 428 430 517
9cpq,RBD,F,G,A|E,A,class1/2(RBM),29,0.83,,403 415 416 417 420 421 453 455 456 457 458 459 460 473 474 475 476 477 486 487 489 493 494 495 498 500 501 502 505
9cpq,RBD,H,L,A|C,B,class4,20,0.0,,369 370 374 375 376 377 378 379 380 381 382 383 384 385 386 390 428 429 430 517
9cpr,RBD,F,G,A|C,A,class1/2(RBM),23,0.78,,403 415 416 417 420 421 453 455 456 457 458 460 473 474 475 476 477 486 487 489 495 501 505
9cpr,RBD,H,L,A,B,class4,22,0.0,,369 370 374 375 376 377 378 379 380 381 382 383 384 385 386 390 408 428 430 515 516 517
9cps,RBD,F,G,A|C|D|J,A,class1/2(RBM),24,0.79,,403 415 416 417 420 421 453 455 456 457 458 459 460 473 474 475 476 477 486 487 489 496 501 505
9cpx,RBD,C,D,A,A,class1/2(RBM),28,0.79,,403 405 415 416 417 420 421 453 455 456 457 458 459 460 473 474 475 476 477 486 487 489 495 496 500 501 502 505
9cps,RBD,H,L,A,B,class4,25,0.0,,369 370 371 374 375 376 377 378 379 380 381 382 383 384 385 386 390 392 428 430 515 516 517 518 519
9cpu,RBD,H,L,A,B,class4,22,0.0,,369 370 374 375 376 377 378 379 380 381 382 383 384 385 386 390 392 408 428 429 430 515
9cpv,RBD,C,D,A,A,class1/2(RBM),28,0.79,,403 405 415 416 417 420 421 453 455 456 457 458 459 460 473 474 475 476 477 486 487 489 495 496 498 501 502 505
9cpv,RBD,H,L,A,B,class4,23,0.0,,369 370 371 372 374 375 376 377 378 379 380 381 382 383 384 385 386 389 390 392 428 430 517
9cpu,RBD,F,G,A,A,class1/2(RBM),28,0.79,,403 405 415 416 417 420 421 453 455 456 457 458 459 460 473 474 475 476 477 486 487 489 493 494 496 498 501 505
9cu7,HA,J,N,A|E|F,B,stem,22,0.09,,48 54 55 56 296 308 309 334 363 364 365 366 382 383 386 387 390 391 394 397 398 401
9cu7,HA,I,M,C|D|E,B,stem,21,0.1,,48 54 56 296 308 334 363 364 365 366 381 383 386 387 390 391 394 397 398 401 402
9cu7,HA,H,L,A|B|C,B,stem,22,0.09,,48 54 56 296 308 334 363 364 365 366 381 382 383 386 387 390 391 394 397 398 401 402
9d1w,Env,H,L,A|B|C|D|J|O,A,V2apex,9,0.56,,123 124 160 161 162 166 167 168 169
9d3d,Env,H,L,A|B|C|G|R|h,A,V2apex,10,0.5,,123 124 127 160 161 162 166 167 168 169
9j5l,HA,C,B,A|F,?,none,0,0.0,HA-no-map-review,
9j5l,HA,E,D,A|F,?,none,0,0.0,HA-no-map-review,
9d7p,Env,H,G,E|p,A,CD4bs,29,0.83,,186 194 197 198 279 280 364 365 366 367 368 369 370 371 421 425 428 429 430 455 457 458 459 460 461 469 470 471 473
9d7p,Env,J,I,C|V,A,CD4bs,25,0.84,,185 194 198 279 280 364 365 366 367 368 369 370 371 425 428 430 457 458 459 460 461 469 470 471 473
9dbx,HA,H,L,A|B|K,B,stem,20,0.0,,34 54 334 363 364 365 366 379 380 381 383 384 386 387 388 390 391 393 394 397
9dbx,HA,W,X,C|D|M,B,stem,20,0.0,,34 54 334 363 364 365 366 379 380 381 383 384 386 387 388 390 391 393 394 397
9dbx,HA,Y,Z,E|F|N,B,stem,21,0.0,,34 54 334 363 364 365 366 379 380 381 383 384 386 387 388 390 391 393 394 397 495
9jeb,RBD,A1,A2,B,?,none,0,0.0,no-RBD-contact,
9jeb,RBD,C1,C2,D,?,none,0,0.0,no-RBD-contact,
9dhw,Env,H,L,C|D|b|f,B,gp120gp41,17,0.18,,87 88 90 238 240 527 529 532 620 621 624 625 626 627 629 630 633
9dhw,Env,E,F,A|B|J|T,B,gp120gp41,16,0.19,,87 88 90 238 240 527 528 529 532 620 621 624 625 627 630 633
9dhw,Env,N,M,AK|AL|C|V,A,V2apex,8,1.0,,158 160 167 168 169 170 171 173
9dhy,RBD,A,B,C|G,?,none,0,0.0,no-RBD-contact,
9dhy,RBD,D,E,F|L,?,none,0,0.0,no-RBD-contact,
9dhy,RBD,I,J,K|Q,?,none,0,0.0,no-RBD-contact,
9dim,Env,E,F,A|B|H|R,B,gp120gp41,16,0.19,,87 88 90 238 240 527 528 529 532 620 621 624 625 627 630 633
9dim,Env,M,N,C|D|S|b,B,gp120gp41,17,0.18,,87 88 90 238 240 527 528 529 532 620 621 624 625 627 629 630 633
9dm0,HA,C,D,A|B|G,B,stem,23,0.0,,26 27 28 30 341 359 360 361 370 372 373 374 375 376 377 378 379 476 478 480 482 484 503
9gst,Env,H,L,A|AX|B|G,B,gp120gp41,25,0.16,,39 87 88 499 500 501 524 525 527 528 529 531 532 534 535 536 538 603 605 619 620 623 624 625 627
9dn2,HA,I,M,B,B,stem,27,0.0,,17 18 19 20 21 22 37 340 341 342 343 344 345 346 347 348 349 360 361 370 373 374 375 376 377 378 379
9dn2,HA,J,N,C,B,stem,27,0.0,,17 18 19 20 21 22 37 340 341 342 343 344 345 346 347 348 349 360 361 370 373 374 375 376 377 378 379
9dn2,HA,H,L,A,B,stem,27,0.0,,17 18 19 20 21 22 37 340 341 342 343 344 345 346 347 348 349 360 361 370 373 374 375 376 377 378 379
9do2,HA,H,L,A|R|W,A,head,24,1.0,,114 150 151 152 153 156 159 161 169 171 172 173 174 175 176 199 205 206 209 210 238 241 242 243
9jno,HA,D,B,A,A,head,18,1.0,,148 149 150 151 152 153 154 161 169 171 172 174 205 209 210 241 242 243
9dru,HA,H,L,A|B,B,stem,32,0.0,,25 26 27 28 342 343 344 345 356 357 358 359 360 361 370 372 373 374 375 376 377 378 379 476 478 479 480 482 484 485 486 518
9ds1,HA,H,L,A|B,B,stem,23,0.0,,25 26 27 28 30 359 370 372 373 374 375 376 377 379 476 478 480 482 484 485 486 488 518
9dsg,RBD,H,L,A|C,A,class1/2(RBM),17,0.59,,346 347 348 349 351 352 354 449 450 451 452 470 484 490 492 493 494
9dwe,HA,H,L,AA|C,B,stem,23,0.09,,54 56 57 307 308 309 334 363 364 365 366 381 382 383 386 387 390 391 393 394 397 398 401
9dwe,HA,I,M,B,B,stem,23,0.09,,54 56 57 307 308 309 334 363 364 365 366 381 382 383 386 387 390 391 393 394 397 398 401
9dwe,HA,J,N,A,B,stem,23,0.09,,54 56 57 307 308 309 334 363 364 365 366 381 382 383 386 387 390 391 393 394 397 398 401
9e21,RBD,H,L,S,A,class1/2(RBM),28,0.82,,403 415 416 417 420 421 453 455 456 457 458 459 460 473 474 475 476 477 487 489 490 493 494 500 501 502 503 505
9k6y,RBD,H,L,R,A,class1/2(RBM),14,1.0,,446 449 456 483 484 485 486 489 490 492 493 494 496 498
9k6j,RBD,A,B,C,A,class1/2(RBM),24,0.79,,403 415 416 417 420 421 453 455 456 457 458 459 460 473 474 475 476 477 486 487 489 493 502 505
9e6j,HA,H,L,A,B,stem,25,0.0,,34 36 53 54 334 361 363 364 365 366 371 377 378 379 380 381 383 386 387 390 393 394 397 495 498
9e6j,HA,I,M,B,B,stem,25,0.0,,34 36 53 54 334 361 363 364 365 366 371 377 378 379 380 381 386 387 390 393 394 397 491 495 498
9e6j,HA,J,N,C,B,stem,27,0.04,,34 36 53 54 56 334 361 363 364 365 366 371 375 377 378 379 380 381 386 387 390 393 394 397 491 495 498
9ea9,HA,M,K,B,?,none,0,0.0,HA-no-map-review,
9ebc,HA,G,H,A,A,head,22,1.0,,96 135 136 137 139 140 141 142 143 144 145 147 148 173 174 178 183 184 185 271 272 275
9ebc,HA,I,J,C,A,head,22,1.0,,96 135 136 137 139 140 141 142 143 144 145 147 148 173 174 178 183 184 185 271 272 275
9ebc,HA,K,L,E,A,head,22,1.0,,96 135 136 137 139 140 141 142 143 144 145 147 148 173 174 178 183 184 185 271 272 275
9hj9,HA,C,D,B|H,A,head,16,1.0,,107 112 115 116 117 232 233 234 235 236 237 238 239 240 243 245
9ekf,HA,H,L,A|C|J,A,head,23,1.0,,136 137 138 139 141 142 144 145 178 179 181 182 183 184 185 187 203 205 235 243 260 261 262
9ekf,HA,G,K,B|C|F,A,head,24,1.0,,136 137 138 139 141 142 144 145 178 179 181 182 183 184 185 187 188 203 205 235 243 260 261 262
9ekf,HA,D,I,A|B|E,A,head,24,1.0,,136 137 138 139 141 142 144 145 178 179 181 182 183 184 185 187 188 203 205 235 243 260 261 262
9kvf,RBD,F,E,G,B,class3,21,0.19,,334 337 353 354 355 356 357 359 360 394 396 426 463 464 465 466 516 517 518 519 520
9kvf,RBD,C,D,G,A,class1/2(RBM),17,0.76,,375 403 404 405 437 439 440 445 499 500 501 502 503 504 505 506 508
9kvk,RBD,H,L,B|G,A,class1/2(RBM),16,0.69,,372 375 404 405 408 417 437 498 500 501 502 503 504 505 506 508
9kve,RBD,E,G,C|F,A,class1/2(RBM),18,0.72,,374 375 403 404 405 437 439 440 445 499 500 501 502 503 504 505 506 508
9kve,RBD,D,F,C,A,class1/2(RBM),27,0.96,,417 421 449 452 455 456 457 458 473 475 476 477 478 479 480 481 483 484 485 486 487 488 489 490 492 493 494
9kve,RBD,A,B,C,B,class3,20,0.2,,334 353 354 355 356 357 358 359 360 394 396 426 428 463 464 465 466 516 518 519
9kvd,RBD,E,G,C,A,class1/2(RBM),20,1.0,,449 452 456 475 476 477 478 479 481 483 484 485 486 487 488 489 490 492 493 494
9kvd,RBD,D,F,C,A,class1/2(RBM),23,0.52,,346 347 348 351 352 353 354 355 356 357 396 457 462 463 464 465 466 467 468 469 470 481 492
9kvf,RBD,B,A,G,?,none,0,0.0,no-RBD-contact,
9kvk,RBD,A,B,G,A,class1/2(RBM),12,1.0,,455 456 473 476 477 478 483 484 485 486 487 489
9kvd,RBD,A,B,C|G,A,class1/2(RBM),13,0.85,,404 405 437 498 499 500 501 502 503 504 505 506 508
9kvk,RBD,C,D,E|G|H,A,class1/2(RBM),15,0.67,,340 343 344 345 346 440 441 443 444 445 448 450 451 499 500
9kwy,RBD,C,B,D|G,A,class1/2(RBM),14,0.64,,340 343 344 345 346 440 441 443 444 445 448 450 499 500
9kze,RBD,H,L,A,B,class3,28,0.39,,337 340 341 344 345 346 347 348 351 352 353 354 355 356 357 359 360 457 462 464 465 466 467 468 469 470 471 492
9kzz,RBD,H,L,A,B,class4,18,0.0,,374 377 378 379 380 381 382 383 384 385 386 390 411 412 413 427 428 429
9kzz,RBD,J,N,C,B,class4,18,0.0,,369 374 377 378 379 380 381 382 383 384 385 386 390 411 412 427 428 429
9l05,RBD,H,L,A,A,class1/2(RBM),13,0.92,,373 437 439 440 445 498 499 500 501 502 503 505 506
9l07,RBD,H,L,A,A,class1/2(RBM),16,0.75,,372 373 374 375 437 439 440 445 498 499 500 501 502 503 505 506
9kzz,RBD,I,M,B,B,class4,18,0.0,,369 374 377 378 379 380 381 382 383 384 385 386 390 412 413 427 428 429
9mi3,RBD,E,F,C,?,none,0,0.0,no-RBD-contact,
9mi3,RBD,B,D,A,?,none,0,0.0,no-RBD-contact,
9mi0,Env,P,R,E,A,CD4bs,29,0.86,,97 275 276 278 279 280 281 282 365 366 367 368 371 427 428 429 430 455 456 457 458 459 460 461 462 463 465 469 472
9mi3,RBD,H,L,K,?,none,0,0.0,no-RBD-contact,
9mi0,Env,O,Q,D|E|F|G,B,other/variable,17,0.0,low-classmatch,39 338 499 500 504 531 534 619 623 624 656 657 659 660 661 663 664
9mi0,Env,K,N,C,A,CD4bs,29,0.86,,97 275 276 278 279 280 281 282 365 366 367 368 371 427 428 429 430 455 456 457 458 459 460 461 462 463 465 469 472
9mi0,Env,J,M,B|C|D|O,B,other/variable,17,0.0,low-classmatch,39 338 499 500 504 531 534 619 623 624 656 657 659 660 661 663 664
9mia,Env,G,I,A|B|F|J,B,other/variable,16,0.0,low-classmatch,39 338 499 500 501 531 534 619 623 656 657 659 660 661 663 664
9mia,Env,H,L,A,A,CD4bs,27,0.93,,105 275 276 278 279 280 281 282 365 366 367 368 371 428 455 456 457 458 459 460 461 462 469 472 473 474 476
9mia,Env,J,M,B|C|D|O,B,other/variable,16,0.0,low-classmatch,39 338 499 500 501 531 534 619 623 656 657 659 660 661 663 664
9mia,Env,K,N,C,A,CD4bs,27,0.93,,105 275 276 278 279 280 281 282 365 366 367 368 371 428 455 456 457 458 459 460 461 462 469 472 473 474 476
9mia,Env,O,Q,D|E|F|G,B,other/variable,16,0.0,low-classmatch,39 338 499 500 501 531 534 619 623 656 657 659 660 661 663 664
9mia,Env,P,R,E,A,CD4bs,27,0.93,,105 275 276 278 279 280 281 282 365 366 367 368 371 428 455 456 457 458 459 460 461 462 469 472 473 474 476
9mib,Env,G,I,A|B|F|J,B,other/variable,16,0.0,low-classmatch,39 499 500 501 504 531 534 619 623 656 657 659 660 661 663 664
9mib,Env,H,L,A|C,A,CD4bs,30,0.9,,62 275 276 278 279 280 281 282 365 366 367 368 370 371 425 426 427 428 455 456 457 458 459 460 461 462 463 469 473 474
9mii,Env,H,L,A|AF,A,CD4bs,24,1.0,,278 279 280 281 282 365 366 367 368 371 428 429 430 456 457 458 459 460 461 469 472 473 474 476
9mib,Env,K,N,C|E,A,CD4bs,30,0.9,,62 275 276 278 279 280 281 282 365 366 367 368 370 371 425 426 427 428 455 456 457 458 459 460 461 462 463 469 473 474
9mib,Env,O,Q,D|E|F|G,B,other/variable,16,0.0,low-classmatch,39 499 500 501 504 531 534 619 623 656 657 659 660 661 663 664
9mib,Env,P,R,A|E,A,CD4bs,30,0.9,,62 275 276 278 279 280 281 282 365 366 367 368 370 371 425 426 427 428 455 456 457 458 459 460 461 462 463 469 473 474
9mic,Env,H,L,C,A,CD4bs,20,0.55,,226 227 232 234 237 238 240 241 244 276 278 279 280 281 282 365 366 367 368 371
9mii,Env,G,I,A|B|D|M,B,MPER,17,0.18,,39 338 499 500 501 531 534 619 623 655 656 658 659 660 662 663 664
9mi0,Env,H,L,A,A,CD4bs,29,0.86,,97 275 276 278 279 280 281 282 365 366 367 368 371 427 428 429 430 455 456 457 458 459 460 461 462 463 465 469 472
9mii,Env,M,N,B|BN|E|F|J,B,MPER,16,0.19,,39 499 500 531 534 619 623 652 655 656 658 659 660 662 663 664
9mid,Env,H,L,C,A,CD4bs,22,0.55,,226 227 232 234 237 238 239 240 241 244 275 276 278 279 280 281 282 365 366 367 368 371
9mif,Env,H,L,C,A,CD4bs,23,0.52,,226 227 230 232 234 237 238 239 240 241 244 275 276 278 279 280 281 282 365 366 367 368 371
9mii,Env,J,K,BK|C|D|F|G,B,MPER,16,0.19,,39 338 499 500 531 534 619 623 655 656 658 659 660 662 663 664
9mib,Env,J,M,B|C|D|O,B,other/variable,16,0.0,low-classmatch,39 499 500 501 504 531 534 619 623 656 657 659 660 661 663 664
9mi0,Env,G,I,A|B|F|J,B,other/variable,17,0.0,low-classmatch,39 338 499 500 504 531 534 619 623 624 656 657 659 660 661 663 664
9l15,RBD,J,N,A|C,A,class1/2(RBM),19,0.84,,373 374 375 437 438 439 440 445 484 485 486 498 499 500 501 502 503 505 506
9l15,RBD,I,M,B|H,A,class1/2(RBM),16,0.81,,372 373 375 437 439 440 445 498 499 500 501 502 503 505 506 508
9l15,RBD,H,L,A,A,class1/2(RBM),17,0.76,,372 373 374 375 437 438 439 440 445 498 499 500 501 502 503 505 506
9mj3,Env,H,L,C,A,CD4bs,18,0.67,,226 227 232 234 237 238 275 276 278 279 280 281 282 365 366 367 368 371
9l2l,RBD,O,R,D|F|G,A,class1/2(RBM),29,0.72,,373 374 375 405 414 415 416 417 420 437 439 440 445 455 460 473 475 476 477 487 489 499 500 501 502 503 505 506 508
9l2l,RBD,G,P,D|F|R,A,class1/2(RBM),23,0.91,,373 375 437 439 440 445 446 449 452 470 490 492 493 494 498 499 500 501 502 503 505 506 508
9l2l,RBD,H,L,A|C|N,A,class1/2(RBM),22,0.91,,373 375 437 439 440 445 446 449 452 470 490 492 493 494 498 499 500 501 502 503 505 506
9l2l,RBD,I,M,B,A,class1/2(RBM),16,0.88,,373 375 437 439 440 445 498 499 500 501 502 503 504 505 506 508
9l2l,RBD,J,N,A|C|H,A,class1/2(RBM),31,0.74,,372 373 375 414 415 416 417 420 421 437 438 439 440 445 455 456 460 473 475 476 477 478 487 499 500 501 502 503 505 506 508
9l2l,RBD,K,Q,E,A,class1/2(RBM),14,0.86,,373 375 437 439 440 445 499 500 501 502 503 505 506 508
9ml4,RBD,H,L,A,B,class4,21,0.0,,368 369 371 372 374 375 377 378 379 380 381 382 383 384 408 411 412 413 414 427 428
9ml5,RBD,H,L,A,A,class1/2(RBM),22,0.64,,403 404 405 406 407 408 415 416 417 453 455 456 489 498 500 501 502 503 504 505 506 508
9ml5,RBD,M,N,B,A,class1/2(RBM),20,0.65,,403 404 405 407 408 415 416 417 453 455 489 498 500 501 502 503 504 505 506 508
9ml6,RBD,H,L,A,B,class4,20,0.0,,369 370 377 378 379 380 381 382 383 384 385 408 411 412 413 414 415 427 428 429
9ml6,RBD,M,N,B,B,class4,21,0.0,,369 370 377 378 379 380 381 382 383 384 385 386 408 411 412 413 414 427 428 429 430
9ml6,RBD,P,Q,C,B,class4,22,0.0,,369 370 377 378 379 380 381 382 383 384 385 386 408 411 412 413 414 415 427 428 429 430
9ml7,RBD,H,L,A|C,A,class1/2(RBM),16,0.88,,403 427 437 439 440 443 444 445 498 499 500 501 502 503 504 505
9ml4,RBD,P,Q,C,B,class4,21,0.0,,368 369 371 372 374 375 377 378 379 380 381 382 383 384 408 411 412 413 414 427 428
9ml8,RBD,H,L,A,B,off/other,23,0.35,ambiguous-lowoverlap,353 355 357 360 393 394 396 428 462 463 464 465 466 467 469 471 514 515 516 518 519 520 521
9ml8,RBD,M,N,C,B,off/other,23,0.35,ambiguous-lowoverlap,353 355 357 360 393 394 396 428 462 463 464 465 466 467 469 471 514 515 516 518 519 520 521
9ml8,RBD,E,F,B,B,off/other,22,0.36,ambiguous-lowoverlap,353 355 357 393 394 396 428 462 463 464 465 466 467 469 471 514 515 516 518 519 520 521
9ml9,RBD,H,L,A|D,B,class4,21,0.0,,369 370 377 378 379 380 381 382 383 384 385 386 408 411 412 413 414 427 428 429 430
9ml8,RBD,P,Q,D,B,off/other,23,0.35,ambiguous-lowoverlap,353 355 357 360 393 394 396 428 462 463 464 465 466 467 469 471 514 515 516 518 519 520 521
9ml4,RBD,M,N,B,B,class4,21,0.0,,368 369 371 372 374 375 377 378 379 380 381 382 383 384 408 411 412 413 414 427 428
9l6c,RBD,H,L,E,B,class4,20,0.0,,369 377 378 379 380 381 382 383 384 385 386 390 391 392 412 413 427 428 429 517
9l6c,RBD,D,F,E,A,class1/2(RBM),22,0.77,,409 415 416 417 420 421 453 455 456 457 458 460 473 475 476 477 486 487 489 493 502 505
9l6c,RBD,A,B,E,A,class1/2(RBM),18,0.72,,346 349 351 352 353 447 448 449 450 452 466 468 470 472 482 483 484 490
9l8z,HA,F,E,D,A,head,13,1.0,,114 152 153 156 161 201 204 205 209 210 241 242 243
9l8z,HA,C,B,A,A,head,15,1.0,,114 148 151 152 153 156 161 201 204 205 209 210 241 242 243
9mpw,RBD,H,L,S,?,none,0,0.0,no-RBD-contact,
9mq1,HA,H,L,A|B|I,A,head,32,1.0,,137 138 141 142 143 144 145 173 174 176 178 179 180 181 182 183 184 185 187 203 205 213 234 235 236 237 238 243 258 260 261 262
9mq3,HA,H,L,A|B|I,A,head,25,1.0,,137 138 141 142 143 144 145 173 176 178 179 180 181 182 183 184 185 187 203 205 235 243 258 260 262
9mq2,HA,H,L,B|C|E,A,head,19,1.0,,137 138 141 142 144 145 174 178 181 182 183 184 185 187 205 235 243 258 260
9mq9,HA,J,N,E,A,head,14,1.0,,73 74 75 93 94 95 96 97 98 157 165 272 290 292
9mqa,HA,H,L,A,A,head,16,1.0,,93 94 96 137 139 140 141 142 144 157 165 166 184 187 271 272
9mqa,HA,J,N,E,A,head,15,1.0,,93 94 96 137 139 140 141 142 157 165 166 184 187 271 272
9mqd,HA,H,L,A,A,head,21,1.0,,146 148 149 151 152 153 159 160 161 169 171 172 174 175 205 209 210 238 240 241 242
9mqd,HA,I,M,C,A,head,22,1.0,,146 148 149 151 152 153 158 159 160 161 169 171 172 174 175 205 209 210 238 240 241 242
9mqd,HA,J,N,E,A,head,22,1.0,,146 148 149 151 152 153 159 160 161 169 171 172 173 174 175 205 209 238 240 241 242 243
9mq9,HA,H,L,A,A,head,13,1.0,,73 74 75 93 94 95 96 97 98 165 272 290 292
9mq9,HA,I,M,C,A,head,15,1.0,,73 74 75 93 94 95 96 97 98 137 157 165 272 290 292
9mqa,HA,I,M,C,A,head,17,1.0,,93 96 137 138 139 140 141 142 147 157 158 165 166 184 187 271 272
9lae,RBD,A,B,G,A,class1/2(RBM),12,1.0,,456 458 474 475 476 477 478 479 485 486 487 489
9lae,RBD,H,L,G,A,class1/2(RBM),15,0.6,,372 373 375 404 405 408 437 500 501 502 503 504 505 506 508
9lbs,RBD,A,B,E|F,B,class3,12,0.08,,337 339 340 343 344 345 346 356 358 359 361 441
9mqg,Env,H,L,A|C|D|R|V|W,A,V2apex,10,0.7,,160 166 167 168 169 171 184 185 187 188
9mqg,Env,M,N,B|BG|C|E|K,B,MPER,21,0.14,,32 39 338 499 500 502 504 531 619 620 623 652 655 656 658 659 660 661 662 663 664
9mqg,Env,K,G,BL|D|E|F|I,B,MPER,19,0.16,,39 338 499 500 504 531 534 619 620 623 655 656 658 659 660 661 662 663 664
9mqg,Env,I,J,A|B|BF|F|M,B,MPER,19,0.16,,32 39 338 499 500 504 531 534 619 623 655 656 658 659 660 661 662 663 664
9lbs,RBD,D,C,F,A,class1/2(RBM),26,0.77,,403 405 406 409 415 416 417 449 453 455 456 475 476 484 485 487 490 493 494 495 496 498 500 501 502 505
9lbs,RBD,H,L,F,B,class4,16,0.0,,369 377 378 379 380 381 382 383 384 385 386 390 412 427 428 429
9mtl,HA,M,N,E|F,B,stem,17,0.0,,34 54 334 363 364 365 366 383 386 387 390 391 393 394 397 398 402
9mtm,HA,H,L,A|B,B,stem,21,0.0,,34 36 37 38 54 55 331 334 360 361 363 364 365 366 380 381 383 387 390 393 394
9mtm,HA,I,J,C|D,B,stem,20,0.0,,34 36 37 38 54 55 331 334 360 361 363 364 365 366 381 383 387 390 393 394
9mtm,HA,M,N,E|F,B,stem,20,0.0,,34 36 37 38 54 55 331 334 360 361 363 364 365 366 380 381 383 390 393 394
9mtg,HA,M,N,C|D,B,stem,25,0.08,,34 36 37 38 54 55 56 58 307 308 334 360 363 364 365 366 383 386 387 390 391 394 397 398 401
9mtf,HA,H,L,A|B,B,stem,23,0.04,,34 54 56 334 361 363 364 365 366 371 377 378 379 380 381 383 386 387 390 393 394 495 498
9mtf,HA,I,J,C|D,B,stem,24,0.04,,34 54 56 334 361 363 364 365 366 371 377 378 379 380 381 383 386 387 390 393 394 397 495 498
9mtf,HA,M,N,E|F,B,stem,24,0.04,,34 54 56 334 361 363 364 365 366 371 377 378 379 380 381 383 386 387 390 393 394 397 495 498
9mtg,HA,H,L,E|F,B,stem,25,0.08,,34 36 37 38 54 55 56 58 307 308 334 360 363 364 365 366 383 386 387 390 391 393 394 397 401
9mtg,HA,I,J,A|B,B,stem,27,0.11,,34 36 37 38 53 54 55 56 57 58 307 308 334 360 363 364 365 366 383 386 387 390 391 394 397 401 495
9mth,HA,I,J,C|D,B,stem,27,0.04,,34 54 56 334 360 361 362 363 364 365 366 375 378 379 380 381 383 384 386 387 390 393 394 397 491 492 495
9mtl,HA,I,J,C|D,B,stem,16,0.0,,34 54 334 363 364 366 383 386 387 390 391 393 394 397 398 402
9mtk,HA,I,J,C|D,B,stem,27,0.07,,36 37 38 54 55 56 57 307 331 334 360 361 363 364 365 366 379 380 381 383 386 390 393 394 397 401 495
9mtk,HA,M,N,E|F,B,stem,26,0.08,,34 36 37 38 40 54 55 56 57 307 334 360 361 363 364 365 366 379 380 381 383 390 393 394 397 401
9mth,HA,M,N,E|F,B,stem,26,0.0,,34 54 334 360 361 362 363 364 365 366 375 378 379 380 381 383 384 386 387 390 393 394 397 491 492 495
9lh2,RBD,D,nan,C,B,class3,15,0.4,,340 348 352 353 354 355 356 357 396 464 465 466 467 468 469
9lh2,RBD,B,nan,A,B,class3,15,0.4,,340 348 352 353 354 355 356 357 396 464 465 466 467 468 469
9mtk,HA,H,L,A|B,B,stem,28,0.07,,34 36 37 38 40 54 55 56 57 307 334 360 361 363 364 365 366 379 380 381 383 390 393 394 397 401 402 495
9mtj,HA,M,N,C|D,B,stem,21,0.05,,34 37 54 56 334 361 363 364 365 366 377 378 379 381 383 390 393 394 397 398 495
9mtj,HA,I,J,E|F,B,stem,21,0.05,,34 37 54 56 334 361 363 364 365 366 378 379 380 381 383 390 393 394 397 398 495
9mtj,HA,H,L,A|B,B,stem,20,0.05,,34 37 54 56 334 361 363 364 365 366 379 380 381 383 390 393 394 397 398 495
9mti,HA,M,N,B|C,B,stem,19,0.0,,341 342 343 344 345 346 347 348 349 350 351 352 356 360 361 370 377 500 501
9mti,HA,I,J,A|B,B,stem,20,0.0,,341 342 343 344 345 346 347 348 349 350 351 352 356 360 361 370 377 480 500 501
9mti,HA,H,L,A|C,B,stem,20,0.0,,341 342 343 344 345 346 347 348 349 350 351 352 356 360 361 370 377 379 500 501
9mtl,HA,H,L,A|B,B,stem,17,0.0,,34 54 334 363 364 365 366 383 386 387 390 391 393 394 397 398 402
9mth,HA,H,L,A|B,B,stem,25,0.0,,34 54 334 360 361 362 363 364 365 366 375 379 380 381 383 384 386 387 390 393 394 397 491 492 495
9lho,HA,T,S,E,A,head,28,1.0,,73 74 75 88 89 93 94 95 96 97 98 99 100 135 136 137 138 149 157 158 163 164 165 168 188 271 272 277
9lho,HA,O,N,C,A,head,29,1.0,,73 74 75 88 89 90 93 94 95 96 97 98 99 100 134 135 136 137 157 158 163 164 165 168 188 189 271 272 277
9lho,HA,I,H,A,A,head,27,1.0,,73 74 75 88 89 90 93 94 95 96 97 98 99 100 135 136 137 138 157 158 163 164 165 188 271 272 277
9lp0,RBD,D,E,C,A,class1/2(RBM),25,0.76,,403 405 415 416 417 420 421 453 455 456 457 458 460 473 474 475 476 477 487 489 493 500 501 502 505
9loy,RBD,H,I,A,A,class1/2(RBM),25,0.8,,403 415 416 417 420 421 453 455 456 457 458 460 473 474 475 476 477 478 487 489 493 500 501 502 505
9lp1,RBD,A,B,C,A,class1/2(RBM),25,0.76,,403 405 415 416 417 420 421 453 455 456 457 458 460 473 474 475 476 477 487 489 493 500 501 502 505
9loy,RBD,E,F,C,A,class1/2(RBM),25,0.8,,403 415 416 417 420 421 453 455 456 457 458 460 473 474 475 476 477 478 487 489 493 500 501 502 505
9n4f,HA,O,P,C|F,B,stem,22,0.0,,48 49 51 338 339 340 363 364 365 366 381 383 384 386 387 388 390 391 393 394 397 398
9n4f,HA,M,N,A|D,B,stem,21,0.0,,48 49 51 339 340 363 364 365 366 381 383 384 386 387 388 390 391 393 394 397 398
9n4f,HA,H,L,B|E,B,stem,22,0.0,,48 49 51 339 340 341 363 364 365 366 381 383 384 386 387 388 390 391 393 394 397 398
9n4e,HA,O,R,E|F,B,stem,21,0.0,,28 30 37 341 342 359 360 361 363 370 371 372 374 375 376 377 378 379 480 482 491
9n4e,HA,K,M,A|B,B,stem,21,0.0,,28 30 37 341 342 359 360 361 363 370 371 372 374 375 376 377 378 379 480 482 491
9ls3,RBD,D,E,A,?,none,0,0.0,no-RBD-contact,
9ls3,RBD,F,G,B,?,none,0,0.0,no-RBD-contact,
9ls3,RBD,H,I,C,?,none,0,0.0,no-RBD-contact,
9n4e,HA,Q,P,C|D,B,stem,21,0.0,,28 30 37 341 342 359 360 361 363 370 371 372 374 375 376 377 378 379 480 482 491
9n5z,HA,A,B,C,A,head,22,1.0,,114 150 151 152 153 154 156 158 159 160 161 169 172 175 205 206 208 209 210 238 241 242
9ib3,RBD,H,L,A,A,class1/2(RBM),28,0.75,,403 405 406 408 409 416 417 420 446 449 453 455 456 475 484 485 486 487 488 489 490 493 494 496 498 502 504 505
9ib1,RBD,H,L,A,A,class1/2(RBM),29,0.72,,403 405 406 408 409 415 416 417 420 446 449 453 455 456 475 484 485 486 487 488 489 490 493 494 496 498 502 504 505
9nbt,Env,E,F,A|J|l,A,CD4bs,30,0.8,,63 64 276 278 279 280 281 282 316 365 366 367 368 371 427 428 430 455 456 457 458 459 460 461 465 466 467 469 473 474
9nby,Env,R,Q,A|u,A,N332,11,0.64,,322 323 324 325 326 327 328 330 415 416 417
9nby,Env,P,O,E|n|r,A,CD4bs,29,0.86,,198 199 276 278 279 280 281 282 365 366 367 368 371 427 428 430 431 456 457 458 459 460 461 465 466 467 469 472 474
9nby,Env,M,N,A|AD|AJ,A,CD4bs,34,0.82,,105 109 198 199 276 278 279 280 281 282 283 365 366 367 368 371 427 428 429 430 431 456 457 458 459 460 461 465 466 467 469 472 474 476
9nby,Env,S,T,D|E|F|o,B,gp120gp41,30,0.1,,39 87 499 501 524 525 528 529 531 532 534 535 536 538 539 540 541 542 543 605 619 620 621 623 624 625 655 658 659 662
9nby,Env,L,K,C|DA,A,N332,11,0.64,,322 323 324 325 326 327 328 330 415 416 417
9nby,Env,I,J,AK|C|E,A,CD4bs,29,0.86,,64 198 199 276 278 279 280 281 282 365 366 367 368 371 428 430 431 456 457 458 459 460 465 467 469 472 473 474 476
9nby,Env,H,G,E|f,A,N332,11,0.64,,322 323 324 325 326 327 328 330 415 416 417
9nbt,Env,C,D,A|Q|Y,A,CD4bs,30,0.8,,63 64 276 278 279 280 281 282 316 365 366 367 368 371 427 428 430 455 456 457 458 459 460 461 465 466 467 469 473 474
9nbt,Env,O,P,Q|R|s,B,gp120gp41,14,0.29,,87 88 89 90 92 238 240 618 620 621 624 625 630 633
9nbt,Env,G,I,J|K|f,B,gp120gp41,14,0.29,,87 88 89 90 92 238 240 618 620 621 624 625 630 633
9nbt,Env,H,L,A|B|S,B,gp120gp41,14,0.29,,87 88 89 90 92 238 240 618 620 621 624 625 630 633
9nbt,Env,M,N,J|Q|y,A,CD4bs,30,0.8,,63 64 276 278 279 280 281 282 316 365 366 367 368 371 427 428 430 455 456 457 458 459 460 461 465 466 467 469 473 474
9lyo,RBD,j,i,B,A,class1/2(RBM),14,1.0,,439 440 441 443 444 445 446 447 448 449 450 499 500 506
9lyo,RBD,n,l,A,A,class1/2(RBM),16,1.0,,439 440 441 443 444 445 446 447 448 449 450 498 499 500 501 506
9lyo,RBD,h,g,C,A,class1/2(RBM),16,1.0,,439 440 441 443 444 445 446 447 448 449 450 499 500 501 502 506
9nh7,HA,F,nan,A|G|J,B,stem,24,0.08,,34 54 56 305 307 308 309 334 363 364 365 366 381 383 386 387 390 391 393 394 397 398 401 402
9nh7,HA,E,nan,B|H|L,B,stem,16,0.06,,54 56 307 308 334 364 366 383 386 387 390 391 393 394 397 401
9nj6,HA,H,L,A|C|M,A,head,15,1.0,,138 139 140 141 142 143 181 182 183 184 185 186 235 237 238
9nj3,HA,Q,P,A|D,A,head,19,1.0,,114 148 149 150 151 152 153 156 159 160 161 169 171 174 208 209 210 241 242
9nj3,HA,J,K,B|C|F,A,head,16,1.0,,138 139 140 141 142 143 181 182 183 184 185 186 235 236 237 238
9nj3,HA,H,L,A|C|I|N,A,head,17,1.0,,138 139 140 141 142 143 181 182 183 184 185 186 235 236 237 238 271
9nj6,HA,Q,P,B|C|G,A,head,15,1.0,,138 139 140 141 142 143 181 182 183 184 185 186 235 237 238
9nj6,HA,J,K,A|B|E,A,head,15,1.0,,138 139 140 141 142 143 181 182 183 184 185 186 235 237 238
9nj9,HA,H,L,A|C|G|N,A,head,15,1.0,,138 139 140 141 142 143 181 182 183 184 185 186 235 237 238
9nj9,HA,J,K,B|E,A,head,17,1.0,,114 148 149 150 151 152 153 156 159 160 161 169 171 209 210 241 242
9nj9,HA,Q,P,A|D,A,head,16,1.0,,114 148 150 151 152 153 156 159 161 169 171 174 209 210 241 242
9nja,HA,J,K,B|E,A,head,18,1.0,,114 148 150 151 152 153 156 159 160 161 169 171 174 208 209 210 241 242
9nja,HA,Q,P,C|F,A,head,18,1.0,,114 148 150 151 152 153 156 159 160 161 169 171 174 208 209 210 241 242
9nja,HA,H,L,A|D,A,head,18,1.0,,114 148 150 151 152 153 156 159 160 161 169 171 174 208 209 210 241 242
9nvg,RBD,H,L,A,A,class1/2(RBM),25,0.68,,342 343 344 345 346 348 349 351 438 439 440 441 442 443 445 446 447 448 449 463 465 487 489 490 491
9nw0,Env,H,L,AO|E|T|b|f|l|u|v,A,V2apex,13,0.62,,130 146 158 160 166 167 168 169 170 171 185 186 189
9nvw,Env,H,L,AR|E|S|b|f|j|r,A,V2apex,14,0.57,,130 146 160 166 167 168 169 170 171 184 186 188 189 190
9nvx,Env,H,L,S|a|b|d|f|s,A,V2apex,16,0.5,,124 127 130 146 158 160 161 162 166 167 168 169 170 171 188 190
9nvz,Env,H,L,E|U|b|d|f|n|x,A,V2apex,17,0.53,,128 130 146 158 160 166 167 168 169 170 171 173 185 186 188 189 190
9nw1,Env,H,L,AO|E|U|b|f|m|v,A,V2apex,14,0.57,,130 146 158 160 166 167 168 169 170 171 185 186 188 189
9o2t,Env,M,N,E|Y|Z,A,N332,8,0.5,,139 151 322 323 324 325 326 327
9o2t,Env,J,K,C|V|W,A,N332,8,0.5,,139 151 322 323 324 325 326 327
9o2t,Env,H,L,A|G|I,A,N332,8,0.5,,139 151 322 323 324 325 326 327
9o2s,Env,J,K,C|Q|R,A,N332,8,0.5,,139 151 322 323 324 325 326 327
9o2r,Env,H,L,A|G|I,A,N332,8,0.5,,139 151 322 323 324 325 326 327
9o2s,Env,H,L,A|G|I,A,N332,8,0.5,,139 151 322 323 324 325 326 327
9o8s,HA,G,J,AQ|C|D|E|R,B,stem,22,0.0,,46 47 49 334 364 365 366 383 384 386 387 390 391 392 393 394 395 397 398 401 402 403
9o8s,HA,I,K,A|AR|D|F|W,B,stem,23,0.0,,46 47 49 334 363 364 365 366 383 384 386 387 390 391 392 393 394 395 397 398 401 402 403
9o8s,HA,H,L,A|AP|B|C|M,B,stem,23,0.0,,46 47 49 334 363 364 365 366 383 384 386 387 390 391 392 393 394 395 397 398 401 402 403
9o8t,HA,G,J,C|E|P,B,stem,21,0.05,,56 334 363 364 365 366 381 382 383 384 386 387 388 390 391 393 394 397 398 401 402
9o8t,HA,H,L,A|B|T,B,stem,21,0.05,,56 334 363 364 365 366 381 382 383 384 386 387 388 390 391 393 394 397 398 401 402
9o8t,HA,I,K,D|F|R,B,stem,21,0.05,,56 334 363 364 365 366 381 382 383 384 386 387 388 390 391 393 394 397 398 401 402
9o8r,HA,I,K,AA|C|D|F|U,B,stem,22,0.09,,34 48 56 306 307 308 334 363 364 365 366 383 384 387 390 391 394 395 397 398 401 402
9o8r,HA,H,L,A|B|D|S|Y,B,stem,22,0.09,,34 48 56 306 307 308 334 363 364 365 366 383 384 387 390 391 394 395 397 398 401 402
9o8q,HA,I,K,A|D|F|U,B,stem,27,0.11,,46 47 48 49 56 64 293 307 334 363 364 365 366 383 384 386 387 390 391 392 393 394 395 397 398 401 403
9o8q,HA,H,L,A|B|C|M,B,stem,27,0.11,,46 47 48 49 56 64 293 307 334 363 364 365 366 383 384 386 387 390 391 392 393 394 395 397 398 401 403
9o8q,HA,G,J,C|D|E|Q,B,stem,27,0.11,,46 47 48 49 56 64 293 307 334 363 364 365 366 383 384 386 387 390 391 392 393 394 395 397 398 401 403
9o8r,HA,G,J,A|C|E|Q|W,B,stem,22,0.09,,34 48 56 306 307 308 334 363 364 365 366 383 384 387 390 391 394 395 397 398 401 402
9oap,Env,H,L,C,A,CD4bs,19,0.58,,226 227 232 234 237 238 240 241 276 278 279 280 281 282 365 366 367 368 371
9oas,Env,Q,R,D|U,A,CD4bs,19,0.58,,226 227 232 234 237 238 240 241 276 278 279 280 281 282 365 366 367 368 371
9oas,Env,J,K,G|M,A,CD4bs,19,0.58,,226 227 232 234 237 238 240 241 276 278 279 280 281 282 365 366 367 368 371
9oas,Env,H,L,C|O,A,CD4bs,19,0.58,,226 227 232 234 237 238 240 241 276 278 279 280 281 282 365 366 367 368 371
9oao,Env,H,L,C,A,CD4bs,19,0.53,,226 227 230 232 234 237 238 241 276 278 279 280 281 357 365 366 367 368 371
9oaq,Env,H,L,C|D,A,CD4bs,19,0.58,,226 227 232 234 237 238 240 241 276 278 279 280 281 282 365 366 367 368 371
9oar,Env,B,D,A,A,CD4bs,18,0.61,,226 227 232 234 237 238 241 276 278 279 280 281 282 365 366 367 368 371
9oar,Env,H,L,C,A,CD4bs,18,0.61,,226 227 232 234 237 238 241 276 278 279 280 281 282 365 366 367 368 371
9oas,Env,E,F,P|X,A,CD4bs,19,0.58,,226 227 232 234 237 238 240 241 276 278 279 280 281 282 365 366 367 368 371
9upr,RBD,E,nan,C|F,?,none,0,0.0,no-RBD-contact,
9upr,RBD,B,A,F,?,none,0,0.0,no-RBD-contact,
9ogl,Env,I,J,BA|C|g|h|i,A,N332,17,0.41,,135 136 137 138 139 152 322 323 324 325 326 327 328 330 415 416 417
9ogl,Env,K,M,B|C|f,A,CD4bs,35,0.8,,63 64 97 105 198 276 278 279 280 281 282 283 365 366 367 368 371 425 427 428 429 430 431 455 456 457 458 459 460 461 465 466 467 469 472
9ogl,Env,N,O,A|R,A,CD4bs,32,0.91,,97 198 199 276 278 279 280 281 282 283 360 365 366 367 368 371 425 427 428 429 430 431 455 456 457 458 459 460 461 469 473 474
9ogl,Env,P,Q,B|Z,A,CD4bs,38,0.82,,97 195 198 276 278 279 280 281 282 283 365 366 367 368 371 425 427 428 429 430 431 455 456 457 458 459 460 461 462 463 465 466 467 469 472 473 474 476
9ogl,Env,H,L,A|AN|B,B,FP,27,0.19,,37 39 87 499 501 518 520 521 524 525 528 529 530 531 532 534 535 536 603 605 619 620 621 623 624 625 655
9ogl,Env,F,G,B|a|c,A,N332,19,0.37,,134 135 136 137 138 139 140 141 151 322 323 324 325 326 327 328 330 415 417
9ogl,Env,D,E,A|T|U,A,N332,16,0.44,,134 135 136 137 138 139 322 323 324 325 326 327 328 330 415 417
9ogt,Env,K,N,C|c,A,CD4bs,27,0.89,,197 275 276 278 279 280 281 282 365 366 367 368 371 428 430 455 456 457 458 464 465 469 470 471 472 473 476
9ogu,Env,P,Q,C|l,A,CD4bs,26,0.92,,197 275 276 278 279 280 281 282 365 366 367 368 371 428 455 456 457 458 459 460 461 462 469 470 471 472
9ogu,Env,R,S,C|o|r,A,N332,15,0.47,,135 136 137 322 323 324 325 326 327 328 329 330 415 416 417
9ogu,Env,M,L,E|d,A,CD4bs,31,0.87,,197 275 276 278 279 280 281 282 360 365 366 367 368 371 428 429 430 455 456 457 458 459 460 461 465 467 469 470 471 472 473
9ogu,Env,J,K,A|V|Z,A,N332,12,0.5,,135 136 137 323 324 325 326 327 328 330 415 417
9ogu,Env,H,I,A|Y,A,CD4bs,29,0.9,,197 275 276 278 279 280 281 282 360 365 366 367 368 371 428 430 455 456 457 458 459 460 461 467 469 470 471 472 473
9ogt,Env,P,R,E|j,A,CD4bs,27,0.89,,197 275 276 278 279 280 281 282 365 366 367 368 371 428 430 455 456 457 458 464 465 469 470 471 472 473 476
9ogt,Env,O,Q,E|h|k,A,N332,17,0.41,,134 135 136 137 151 322 323 324 325 326 327 328 329 330 415 416 417
9ogu,Env,N,O,E|e|i,A,N332,15,0.47,,134 135 136 137 322 323 324 325 326 327 328 330 415 416 417
9ogt,Env,H,L,A|V,A,CD4bs,27,0.89,,197 275 276 278 279 280 281 282 365 366 367 368 371 428 430 455 456 457 458 464 465 469 470 471 472 473 476
9ogt,Env,J,M,C|a|d,A,N332,17,0.41,,134 135 136 137 151 322 323 324 325 326 327 328 329 330 415 416 417
9ogm,Env,P,Q,A|B|Y,A,CD4bs,34,0.82,,64 97 195 198 275 276 278 279 280 281 282 283 365 366 367 368 371 427 428 430 431 455 456 457 458 459 460 461 465 466 467 469 472 473
9ogt,Env,G,I,A|T|W,A,N332,17,0.41,,134 135 136 137 151 322 323 324 325 326 327 328 329 330 415 416 417
9ogm,Env,N,O,A|R,A,CD4bs,31,0.87,,198 276 278 279 280 281 282 283 365 366 367 368 371 427 428 430 431 455 456 457 458 459 460 461 463 465 466 467 469 473 474
9ogm,Env,K,M,B|C|e,A,CD4bs,28,0.79,,63 97 198 276 278 279 280 281 282 365 366 367 368 371 428 430 431 455 456 457 459 460 461 462 465 466 467 469
9ogm,Env,I,J,AC|C|f|h,A,N332,14,0.5,,136 137 138 139 322 323 324 325 326 327 328 330 415 417
9ogm,Env,H,L,B,B,MPER,14,0.64,,659 660 661 667 669 670 671 672 673 676 677 679 680 683
9ogm,Env,F,G,AB|B|Z|b,A,N332,18,0.39,,135 136 137 138 139 140 141 151 322 323 324 325 326 327 328 330 415 417
9ogm,Env,D,E,A|AA|AH|T|U,A,N332,14,0.43,,135 136 137 138 139 323 324 325 326 327 328 330 415 417
9utf,RBD,H,L,A,A,class1/2(RBM),25,0.72,,351 353 354 355 356 357 396 450 452 457 463 464 465 466 467 468 469 470 472 481 482 484 490 492 494
9oi2,HA,I,J,E|F,B,stem,17,0.06,,34 36 54 56 334 363 364 365 366 383 386 387 390 391 393 394 499
9oi2,HA,H,L,A|B,B,stem,17,0.06,,34 36 54 56 334 363 364 365 366 383 386 387 390 391 393 394 495
9oi3,HA,H,L,A|B|C,B,stem,17,0.06,,34 48 54 56 334 363 364 365 366 383 386 387 390 394 397 398 401
9oi3,HA,I,J,A|E|F,B,stem,20,0.05,,34 48 54 55 56 334 363 364 365 366 383 386 387 390 391 394 395 397 398 401
9oi3,HA,M,N,C|D|E,B,stem,18,0.06,,34 54 55 56 334 363 364 365 366 383 386 387 390 394 395 397 398 401
9uxd,RBD,H,L,B|E|V,B,class3,19,0.47,,342 343 345 346 367 368 371 373 374 436 437 440 441 443 444 445 498 499 500
9uxe,RBD,J,K,C|I,B,class4,11,0.45,,342 343 345 371 374 436 440 441 445 499 500
9om5,HA,k,l,C|i|n|o|s,A,head,3,1.0,,153 154 241
9om5,HA,g,h,A|U|V|Z|e,A,head,6,1.0,,153 154 238 240 241 242
9om5,HA,c,d,E|N|O|S|a,A,head,5,1.0,,153 154 240 241 242
9uxe,RBD,D,E,A|B|P,A,class1/2(RBM),24,0.62,,342 343 345 346 367 371 373 374 436 439 440 441 442 443 444 445 446 448 449 451 498 499 500 501
9uxd,RBD,D,E,A|K|P,A,class1/2(RBM),20,0.55,,342 343 345 346 367 371 373 374 436 437 439 440 441 443 444 445 446 498 499 500
9om5,HA,G,H,A|B|Q|R,B,stem,19,0.0,,34 37 54 334 360 361 363 364 365 366 370 383 386 387 390 391 393 394 397
9uxd,RBD,J,K,C|E|I|L,A,class1/2(RBM),18,0.67,,342 343 345 346 371 373 437 439 440 441 443 444 445 446 449 498 499 500
9uxe,RBD,H,L,B|E|V,B,class4,13,0.38,,342 343 345 346 371 373 374 436 437 440 441 499 500
9om5,HA,K,L,E|F|q|r,B,stem,18,0.0,,34 37 54 334 360 361 363 364 365 366 370 383 384 387 390 391 394 397
9om5,HA,I,J,C|D|X|Y,B,stem,20,0.0,,34 37 54 334 360 361 363 364 365 366 370 379 383 386 387 390 391 393 394 397
9oog,Env,H,L,D|E|b|q,A,V2apex,11,0.82,,158 160 163 164 167 168 169 170 171 172 173
9oog,Env,I,M,E|V|W|d,A,V2apex,10,0.8,,158 160 163 164 168 169 170 171 172 173
9oog,Env,J,N,W|f|p|q,A,V2apex,10,0.8,,158 160 163 164 168 169 170 171 172 173
9oom,Env,H,L,D|E|b|f|q,A,V2apex,11,0.82,,158 160 163 164 167 168 169 170 171 172 173
9oom,Env,I,M,E|W|X|b|d,A,V2apex,11,0.82,,158 160 163 164 167 168 169 170 171 172 173
9oom,Env,J,N,X|f|p|q,A,V2apex,12,0.75,,158 160 163 164 167 168 169 170 171 172 173 308
9ost,HA,J,K,C|E|F,B,stem,27,0.07,,48 54 55 56 306 307 308 309 334 363 364 365 366 383 386 387 390 391 393 394 395 397 398 401 402 404 406
9oss,HA,H,I,A|B|C,B,stem,26,0.08,,48 54 55 56 306 307 308 309 334 363 364 365 366 383 386 387 390 391 393 394 395 398 401 402 404 406
9oss,HA,J,K,C|D|E,B,stem,26,0.08,,48 54 55 56 306 307 308 309 334 363 364 365 366 383 386 387 390 391 393 394 395 398 401 402 404 406
9ost,HA,H,I,A|C|D,B,stem,26,0.08,,48 54 55 56 306 307 308 309 334 363 364 365 366 383 386 387 390 391 393 394 395 398 401 402 404 406
9osu,HA,M,N,C|D,B,stem,20,0.0,,34 54 334 361 363 364 365 366 371 377 378 379 380 381 386 387 390 393 394 498
9osu,HA,I,K,E|F,B,stem,22,0.0,,34 54 334 361 363 364 365 366 371 377 378 379 380 381 383 386 387 390 393 394 495 498
9osu,HA,H,L,A|B,B,stem,18,0.0,,34 54 334 363 364 365 366 371 377 378 379 380 386 387 390 393 394 498
9ost,HA,X,Y,B|E|F,B,stem,19,0.0,,27 28 30 360 361 370 371 372 373 374 376 377 476 478 484 485 486 488 505
9ost,HA,R,S,A|B|D,B,stem,19,0.0,,27 28 30 360 361 370 371 372 373 374 376 377 476 478 484 485 486 503 505
9ost,HA,O,P,C|D|F,B,stem,20,0.0,,27 28 30 360 361 370 371 372 373 374 376 377 476 478 484 485 486 488 503 505
9ost,HA,M,N,A|B|E,B,stem,26,0.08,,48 54 55 56 306 307 308 309 334 363 364 365 366 383 386 387 390 391 393 394 395 398 401 402 404 406
9oss,HA,M,N,A|E|F,B,stem,27,0.07,,48 54 55 56 306 307 308 309 322 334 363 364 365 366 383 386 387 390 391 393 394 395 398 401 402 404 406
9vh5,HA,I,nan,G|H,B,stem,18,0.0,,341 342 345 346 347 348 349 350 351 360 361 363 364 370 372 377 378 379
9vh5,HA,F,nan,D|E,B,stem,18,0.0,,341 342 345 346 347 348 349 350 351 360 361 363 364 370 372 377 378 379
9vh5,HA,C,nan,A|B,B,stem,18,0.0,,341 342 345 346 347 348 349 350 351 360 361 363 364 370 372 377 378 379
9vh4,HA,F,nan,D|E,B,stem,23,0.13,,34 54 55 56 57 58 307 308 309 334 363 364 365 366 383 386 387 390 393 394 397 398 401
9vh4,HA,C,nan,A|B,B,stem,23,0.13,,34 54 55 56 57 58 307 308 309 334 363 364 365 366 383 386 387 390 393 394 397 398 401
9vh4,HA,I,nan,G|H,B,stem,23,0.13,,34 54 55 56 57 58 307 308 309 334 363 364 365 366 383 386 387 390 393 394 397 398 401
9p6e,Env,O,Q,B|E|F|J,B,MPER,17,0.18,,39 338 499 500 501 531 534 619 623 655 656 658 659 660 662 663 664
9p6e,Env,K,N,C|W,A,CD4bs,28,0.93,,97 195 198 276 278 279 280 281 282 365 366 367 368 371 427 428 430 455 456 457 458 459 460 469 472 473 474 476
9p6e,Env,J,M,C|D|F|G,B,MPER,17,0.18,,39 338 499 500 501 531 534 619 623 655 656 658 659 660 662 663 664
9p6e,Env,G,I,A|B|D|O,B,MPER,17,0.18,,39 338 499 500 501 531 534 619 623 655 656 658 659 660 662 663 664
9p6e,Env,P,R,E|a,A,CD4bs,28,0.93,,97 195 198 276 278 279 280 281 282 365 366 367 368 371 427 428 430 455 456 457 458 459 460 469 472 473 474 476
9p6e,Env,H,L,A|S,A,CD4bs,28,0.93,,97 195 198 276 278 279 280 281 282 365 366 367 368 371 427 428 430 455 456 457 458 459 460 469 472 473 474 476
9rn6,RBD,B,nan,A,?,none,0,0.0,no-RBD-contact,
9p6g,Env,P,R,E|a,A,CD4bs,33,0.94,,97 198 276 278 279 280 281 282 283 365 366 367 368 370 371 426 427 428 430 431 455 456 457 458 459 461 469 470 471 472 473 474 476
9p6g,Env,O,Q,B|E|F|J,B,MPER,17,0.18,,39 338 499 500 501 531 534 619 623 655 656 658 659 660 662 663 664
9p6g,Env,K,N,C|W,A,CD4bs,33,0.94,,97 198 276 278 279 280 281 282 283 365 366 367 368 370 371 426 427 428 430 431 455 456 457 458 459 461 469 470 471 472 473 474 476
9p6g,Env,J,M,C|D|F|G,B,MPER,17,0.18,,39 338 499 500 501 531 534 619 623 655 656 658 659 660 662 663 664
9p6g,Env,H,L,A|S,A,CD4bs,33,0.94,,97 198 276 278 279 280 281 282 283 365 366 367 368 370 371 426 427 428 430 431 455 456 457 458 459 461 469 470 471 472 473 474 476
9p6g,Env,G,I,A|B|D|O,B,MPER,17,0.18,,39 338 499 500 501 531 534 619 623 655 656 658 659 660 662 663 664
9rn6,RBD,C,nan,A,?,none,0,0.0,no-RBD-contact,
9p9t,HA,H,L,A|AB|G,A,head,18,1.0,,142 143 144 145 146 147 148 149 172 173 174 175 176 177 178 179 180 181
9p9s,HA,H,L,A|G,A,head,18,1.0,,144 145 146 147 172 173 174 175 176 177 178 179 180 181 209 213 214 262
9p9r,HA,H,L,A|E|I|J,A,head,18,1.0,,144 145 146 173 174 175 176 177 178 179 180 204 205 208 213 214 215
9p9t,HA,J,N,AD|E|Q,A,head,18,1.0,,142 143 144 145 146 147 148 149 172 173 174 175 176 177 178 179 180 181
9p9t,HA,I,M,AC|C|O,A,head,18,1.0,,142 143 144 145 146 147 148 149 172 173 174 175 176 177 178 179 180 181
9pit,Env,H,L,B|E|S,A,CD4bs,32,0.78,,61 63 64 65 97 195 198 199 278 279 280 281 282 283 365 366 367 368 371 425 428 429 430 431 432 455 457 459 472 473 474 476
9piv,Env,P,K,C|D|F|I|J,B,other/variable,20,0.0,low-classmatch,32 33 35 39 499 500 501 502 534 603 605 619 623 624 656 657 658 659 660 661
9piv,Env,O,I,A|C|E|G|P,B,other/variable,20,0.0,low-classmatch,32 33 35 39 499 500 501 502 534 603 605 619 623 624 656 657 658 659 660 661
9piv,Env,N,R,B|F|k,A,CD4bs,33,0.76,,61 62 97 102 106 195 198 199 278 279 280 281 282 365 366 367 368 371 425 428 429 430 431 432 433 455 456 457 461 472 473 474 476
9piv,Env,M,Q,E|F|d,A,CD4bs,33,0.76,,61 62 97 102 106 195 198 199 278 279 280 281 282 365 366 367 368 371 425 428 429 430 431 432 433 455 456 457 461 472 473 474 476
9piv,Env,J,G,A|B|D|K|O,B,other/variable,20,0.0,low-classmatch,32 33 35 39 499 500 501 502 534 603 605 619 623 624 656 657 658 659 660 661
9piv,Env,H,L,B|E|W,A,CD4bs,33,0.76,,61 62 97 102 106 195 198 199 278 279 280 281 282 365 366 367 368 371 425 428 429 430 431 432 433 455 456 457 461 472 473 474 476
9pit,Env,P,K,C|D|F|I|J,B,other/variable,19,0.0,low-classmatch,33 35 39 499 500 501 502 534 603 605 619 623 624 657 658 659 660 661 662
9pit,Env,O,I,A|C|E|G|P,B,other/variable,19,0.0,low-classmatch,33 35 39 499 500 501 502 534 603 605 619 623 624 657 658 659 660 661 662
9pit,Env,N,R,B|F|o,A,CD4bs,32,0.78,,61 63 64 65 97 195 198 199 278 279 280 281 282 283 365 366 367 368 371 425 428 429 430 431 432 455 457 459 472 473 474 476
9pit,Env,M,Q,E|F|d,A,CD4bs,32,0.78,,61 63 64 65 97 195 198 199 278 279 280 281 282 283 365 366 367 368 371 425 428 429 430 431 432 455 457 459 472 473 474 476
9pit,Env,J,G,A|B|D|K|O,B,other/variable,19,0.0,low-classmatch,33 35 39 499 500 501 502 534 603 605 619 623 624 657 658 659 660 661 662
9pnn,Env,H,L,A|B|G|M,B,FP,15,0.8,,84 512 513 514 515 516 517 518 519 520 521 522 524 641 644
9pnu,Env,H,L,C|E|G|I|T|j,A,V2apex,30,0.4,,128 134 142 143 156 160 164 166 167 168 169 170 171 172 173 183 184 185 186 187 190 192 197 303 305 308 322 323 324 326
9pnn,Env,D,E,A|C|F|b,B,FP,15,0.8,,84 512 513 514 515 516 517 518 519 520 521 522 524 641 644
9pnn,Env,J,K,B|F|I|q,B,FP,15,0.8,,84 512 513 514 515 516 517 518 519 520 521 522 524 641 644
9w14,RBD,C,B,A|G,A,class1/2(RBM),16,0.69,,340 343 344 345 346 440 441 442 443 444 445 448 450 451 499 500
9pso,RBD,F,G,B|C|D|E|I|J|N,A,class1/2(RBM),27,0.78,,403 405 415 416 417 420 421 453 455 456 457 458 459 460 473 474 475 476 477 486 487 489 493 496 501 502 505
9psp,RBD,M,N,D|U,A,class1/2(RBM),24,0.79,,403 415 416 417 420 421 453 455 456 457 458 459 460 473 474 475 476 477 486 487 489 496 501 505
9psp,RBD,K,W,E|F|G|T,A,class1/2(RBM),26,0.77,,403 405 415 416 417 420 421 453 455 456 457 458 459 460 473 474 475 476 477 486 487 489 493 496 501 505
9psp,RBD,H,L,P|T,B,class4,25,0.0,,369 370 374 375 376 377 378 379 380 381 382 383 384 385 386 390 392 408 428 430 515 516 517 518 519
9psp,RBD,A,B,Q|U,B,class4,23,0.0,,369 370 374 375 376 377 378 379 380 381 382 383 384 385 386 390 428 430 515 516 517 518 519
9pso,RBD,H,L,E,B,class4,26,0.0,,369 370 371 374 375 376 377 378 379 380 381 382 383 384 385 386 390 392 408 428 430 515 516 517 518 519
9psn,RBD,Q,R,AC|T,B,class4,24,0.0,,369 370 374 375 376 377 378 379 380 381 382 383 384 385 386 390 392 428 430 515 516 517 518 519
9psn,RBD,O,P,AB|E,B,class4,23,0.0,,369 370 374 375 376 377 378 379 380 381 382 383 384 385 386 390 428 430 515 516 517 518 519
9psn,RBD,M,N,T|X,A,class1/2(RBM),25,0.8,,403 415 416 417 420 421 453 455 456 457 458 459 460 473 474 475 476 477 486 487 489 495 498 501 505
9psn,RBD,J,K,C|E|F|I|S|U,A,class1/2(RBM),25,0.8,,403 415 416 417 420 421 453 455 456 457 458 459 460 473 474 475 476 477 486 487 489 495 498 501 505
9pw4,RBD,C,D,A,A,class1/2(RBM),32,0.81,,403 405 415 416 417 420 421 453 455 456 457 458 459 460 473 474 475 476 477 478 486 487 489 493 494 496 500 501 502 503 504 505
9pw4,RBD,E,F,A|B,A,class1/2(RBM),16,0.56,,339 340 343 344 345 346 440 441 442 443 444 445 448 450 451 509
9sat,RBD,H,L,R,B,off/other,27,0.44,ambiguous-lowoverlap,351 352 353 354 355 356 357 359 360 393 394 396 452 462 463 464 465 466 468 469 470 471 490 492 516 518 520
9q09,Env,K,M,AH|AJ|I|T|t,A,CD4bs,23,0.48,,280 281 358 360 361 362 363 365 366 367 391 392 393 394 457 458 459 460 461 464 465 467 469
9q09,Env,H,L,G|R|a|r|y,A,CD4bs,24,0.46,,280 281 358 360 361 362 363 365 366 367 391 392 393 394 396 457 458 459 460 461 464 465 467 469
9q09,Env,d,e,A|N|X,A,N332,13,0.46,,134 135 136 137 323 324 325 326 327 328 330 415 417
9q09,Env,h,l,G|Q|w,A,N332,15,0.47,,134 135 136 137 141 322 323 324 325 326 327 328 330 415 417
9q09,Env,k,m,I|U|u,A,N332,15,0.4,,134 135 136 137 141 142 323 324 325 326 327 328 330 415 417
9q09,Env,D,E,A|AB|S|j|s,A,CD4bs,24,0.46,,280 281 358 360 361 362 363 365 366 367 391 392 393 394 396 457 458 459 460 461 464 465 467 469
9q0w,Env,G,H,A|B|F|O,B,FP,24,0.42,,80 81 82 85 87 512 513 514 515 516 517 518 519 520 525 528 532 535 536 641 644 645 648 652
9q0w,Env,I,J,B|C|D,B,FP,23,0.39,,82 83 84 85 229 512 513 514 515 516 517 518 519 520 535 536 538 539 542 648 651 654 655
9q0w,Env,K,L,D|E|F|j,B,FP,24,0.42,,80 81 82 87 512 513 514 515 516 517 518 519 520 525 528 532 535 536 641 644 645 648 652 655
9q24,HA,G,H,F,B,stem,1,0.0,,566
9q1z,HA,A,B,F,A,head,28,0.79,,33 35 36 37 38 39 57 72 73 74 75 79 80 83 97 99 101 103 108 109 110 111 112 113 114 115 117 162
9q1z,HA,C,E,D,A,head,28,0.86,,33 36 38 39 57 72 73 74 75 76 79 80 83 95 97 99 101 103 108 109 110 111 112 113 114 115 117 162
9q24,HA,D,E,A,?,none,0,0.0,HA-no-map-review,
9q20,HA,D,E,F,?,none,0,0.0,HA-no-map-review,
9q24,HA,B,C,A,B,stem,1,0.0,,566
9q24,HA,I,J,F,?,none,0,0.0,HA-no-map-review,
9q20,HA,A,B,C,?,none,0,0.0,HA-no-map-review,
9q3s,Env,k,m,AF|I|v,A,N332,15,0.47,,135 136 137 142 322 323 324 325 326 327 328 329 330 415 417
9q3s,Env,h,l,G|N|Y,A,N332,17,0.41,,135 136 137 139 142 322 323 324 325 326 327 328 329 330 415 416 417
9q3s,Env,d,e,A|b|s,A,N332,16,0.44,,135 136 137 139 142 322 323 324 325 326 327 328 329 330 415 417
9q3s,Env,K,M,BA|I|y,B,other/variable,14,0.0,low-classmatch,350 351 353 354 355 356 396 405 406 461 462 463 464 466
9q3s,Env,H,L,AQ|G|Q,B,other/variable,14,0.0,low-classmatch,350 353 354 355 356 358 396 405 406 461 462 463 464 466
9q3s,Env,D,E,A|AV|g,B,other/variable,15,0.0,low-classmatch,350 351 353 354 355 356 358 396 405 406 461 462 463 464 466
9y41,HA,H,L,G,A,head,24,1.0,,149 151 152 153 156 159 160 161 169 171 172 174 175 202 203 204 205 206 209 210 238 241 242 243
9y41,HA,A,B,C,A,head,25,1.0,,146 149 151 152 153 156 158 159 160 161 171 172 174 175 202 203 204 205 206 209 210 238 241 242 243
9y3x,HA,H,L,E,A,head,24,1.0,,114 150 152 153 156 159 160 161 169 174 175 199 202 203 204 205 206 208 209 210 235 242 243 244
9y3z,HA,H,L,A|E|F,A,head,25,1.0,,114 151 153 156 159 160 161 169 172 174 175 199 201 202 203 204 205 206 209 210 235 238 242 243 244
9y9v,Env,k,m,AS|F|I,A,N332,13,0.46,,135 136 137 323 324 325 326 327 328 329 330 415 417
9y9v,Env,h,l,AG|G|p,A,N332,12,0.5,,135 136 137 322 324 325 326 327 328 330 415 417
9y9v,Env,d,e,A|AM|O,A,N332,12,0.5,,135 136 137 323 324 325 326 327 328 330 415 417
9y9v,Env,K,M,AB|AU|I|T,A,CD4bs,19,0.16,,350 351 352 353 354 355 356 357 358 396 405 406 459 460 461 462 463 464 465
9y9v,Env,H,L,AI|G|c|r,A,CD4bs,19,0.16,,350 351 352 353 354 355 356 357 358 396 405 406 459 460 461 462 463 464 465
9y9v,Env,D,E,A|AO|Q|u,A,CD4bs,19,0.16,,350 351 352 353 354 355 356 357 358 396 405 406 459 460 461 462 463 464 465
9ssm,RBD,H,K,R,A,class1/2(RBM),21,0.71,,405 409 415 416 417 420 421 453 455 456 457 458 473 475 477 485 486 487 489 493 505
9yhq,Env,M,N,BQ|E|O,A,N332,10,0.5,,299 325 326 327 328 329 330 332 415 417
9yhr,Env,J,K,AY|F|U,A,N332,17,0.29,,134 135 136 137 138 150 299 324 325 326 327 328 330 415 417 442 444
9yhq,Env,H,L,BP|G|W,A,N332,10,0.5,,299 325 326 327 328 329 330 332 415 417
9yho,Env,M,N,E|O,A,N332,10,0.4,,151 153 299 324 325 326 327 328 330 415
9yho,Env,J,K,F|S,A,N332,10,0.4,,151 153 299 324 325 326 327 328 330 415
9yho,Env,H,L,G|W,A,N332,10,0.4,,151 153 299 324 325 326 327 328 330 415
9yhr,Env,H,L,BL|G|Z,A,N332,17,0.29,,134 135 136 137 138 150 299 324 325 326 327 328 330 415 417 442 444
9yhr,Env,M,N,AL|E|P,A,N332,17,0.29,,134 135 136 137 138 150 299 324 325 326 327 328 330 415 417 442 444
9yhq,Env,J,K,BO|F|S,A,N332,10,0.5,,299 325 326 327 328 329 330 332 415 417
9yig,Env,H,L,G|R,A,N332,12,0.33,,137 138 139 140 299 326 327 328 330 332 415 417
9yig,Env,M,N,E|I,A,N332,12,0.33,,137 138 139 140 299 326 327 328 330 332 415 417
9yig,Env,J,K,F|P,A,N332,12,0.33,,137 138 139 140 299 326 327 328 330 332 415 417
9ymk,Env,G,I,A|B|BE|D|O,B,MPER,17,0.18,,39 499 500 501 504 531 534 619 623 655 656 658 659 660 662 663 664
9ymk,Env,H,L,A|S|T,A,N332,14,0.29,,135 137 139 140 141 325 327 328 330 412 413 415 416 417
9ymk,Env,J,M,BG|C|D|F|G,B,MPER,17,0.18,,39 499 500 501 504 531 534 619 623 655 656 658 659 660 662 663 664
9ymk,Env,K,N,C|X|Y,A,N332,14,0.29,,135 137 139 140 141 325 327 328 330 412 413 415 416 417
9ymk,Env,O,Q,B|BI|E|F|J,B,MPER,17,0.18,,39 499 500 501 504 531 534 619 623 655 656 658 659 660 662 663 664
9ymk,Env,P,R,E|c|d,A,N332,14,0.29,,135 137 139 140 141 325 327 328 330 412 413 415 416 417
9yml,Env,G,I,A|AZ|B|D|O,B,MPER,16,0.19,,39 499 500 501 504 531 619 623 655 656 658 659 660 662 663 664
9yml,Env,H,L,A|AA|AD|T,A,N332,15,0.27,,133 134 135 137 138 139 140 151 325 326 327 328 330 415 417
9yml,Env,K,N,AI|AL|C|d,A,N332,15,0.27,,133 134 135 137 138 139 140 151 325 326 327 328 330 415 417
9yml,Env,O,Q,B|BD|E|F|J,B,MPER,16,0.19,,39 499 500 501 504 531 619 623 655 656 658 659 660 662 663 664
9yml,Env,P,R,AQ|AT|E|n,A,N332,15,0.27,,133 134 135 137 138 139 140 151 325 326 327 328 330 415 417
9yml,Env,J,M,BB|C|D|F|G,B,MPER,16,0.19,,39 499 500 501 504 531 619 623 655 656 658 659 660 662 663 664
9ypb,RBD,D,E,A,A,class1/2(RBM),12,0.92,,421 475 476 477 478 483 485 486 487 488 489 490
9ypb,RBD,F,G,B,A,class1/2(RBM),11,1.0,,456 479 480 482 483 484 485 486 487 488 489
9x61,HA,D,E,A|I|M,A,head,14,1.0,,76 90 91 93 135 138 156 157 158 159 160 161 187 272
9ypr,RBD,D,E,B,A,class1/2(RBM),11,0.91,,421 455 456 477 482 483 484 485 486 487 489
9ypr,RBD,G,F,A,A,class1/2(RBM),12,1.0,,456 476 477 478 482 483 484 485 486 487 488 489
9x61,HA,H,L,B|P|Q,A,head,12,1.0,,91 93 135 138 156 157 158 159 160 161 187 272
9x5x,HA,J,K,A|O|V,A,head,17,1.0,,148 149 150 151 152 153 154 156 159 160 161 169 171 205 209 210 242
9x60,HA,H,L,A|U,A,head,20,1.0,,148 149 150 151 152 153 154 156 158 159 160 161 169 171 172 173 205 209 210 242
9x60,HA,F,G,AC|C,A,head,18,1.0,,148 149 150 151 152 153 156 159 160 161 169 171 172 173 205 209 210 242
9x5w,HA,G,I,C|T,A,head,18,1.0,,148 150 151 152 153 154 161 169 171 174 199 201 204 205 209 210 242 243
9x5w,HA,H,L,A|P,A,head,18,1.0,,148 150 151 152 153 154 161 169 171 174 199 201 204 205 209 210 242 243
9x5w,HA,J,K,E|X,A,head,18,1.0,,148 150 151 152 153 154 161 169 171 174 199 201 204 205 209 210 242 243
9x5x,HA,G,I,C|R|Z,A,head,17,1.0,,148 149 150 151 152 153 154 156 159 160 161 169 171 205 209 210 242
9x5x,HA,H,L,AD|E|U,A,head,17,1.0,,148 149 150 151 152 153 154 156 159 160 161 169 171 205 209 210 242
9x61,HA,J,K,C|T|U,A,head,13,1.0,,76 91 93 135 138 156 157 158 159 160 161 187 272
9x5y,HA,C,D,A|AD|Q,A,head,13,1.0,,91 93 94 135 138 139 140 156 157 158 159 160 272
9x5y,HA,H,L,AG|E|U,A,head,11,1.0,,91 135 138 139 140 156 157 158 159 160 272
9x5y,HA,J,K,AA|G|M,A,head,14,1.0,,90 91 93 94 135 138 139 140 156 157 158 159 160 272
9x5z,HA,H,L,C|J,A,head,17,1.0,,148 150 151 152 153 154 169 171 172 199 201 204 205 209 210 242 243
9x60,HA,D,E,B|Y,A,head,17,1.0,,148 149 150 151 152 153 156 160 161 169 171 172 173 205 209 210 242
9yq6,HA,G,H,A|F,B,stem,2,0.0,,8 9
9yq6,HA,I,J,F,?,none,0,0.0,HA-no-map-review,
9yqo,Env,M,N,A|f|z,A,CD4bs,28,0.89,,198 199 276 278 279 280 281 282 283 365 366 367 368 371 427 428 430 431 456 457 458 459 460 461 465 467 469 474
9yqo,Env,I,J,AK|O|k,A,CD4bs,28,0.89,,198 199 275 276 278 279 280 281 282 283 365 366 367 368 371 428 430 431 456 457 458 459 460 461 465 467 469 474
9yqo,Env,L,K,AC|O,A,N332,11,0.64,,322 323 324 325 326 327 328 329 330 415 417
9yqo,Env,R,Q,A|X,A,N332,10,0.7,,322 323 324 325 326 327 328 330 415 417
9yqo,Env,F,E,G|m,A,N332,12,0.58,,322 323 324 325 326 327 328 329 330 415 416 417
9yq6,HA,D,E,A,?,none,0,0.0,HA-no-map-review,
9yqo,Env,C,D,G|V|u,A,CD4bs,30,0.87,,198 199 275 276 278 279 280 281 282 283 365 366 367 368 371 427 428 430 431 456 457 458 459 460 461 465 466 467 469 474
9yq6,HA,B,C,A|F,B,stem,3,0.0,,7 8 9
9yts,HA,G,H,A|F|L,?,none,0,0.0,HA-no-map-review,
9yts,HA,I,J,F,?,none,0,0.0,HA-no-map-review,
9yts,HA,D,E,A,?,none,0,0.0,HA-no-map-review,
9yts,HA,C,B,F|K,?,none,0,0.0,HA-no-map-review,
9yyu,RBD,I,M,B|C,?,none,0,0.0,no-RBD-contact,
9yyu,RBD,H,L,A|B,?,none,0,0.0,no-RBD-contact,
9yyu,RBD,J,N,A|C,?,none,0,0.0,no-RBD-contact,
9z12,RBD,H,L,A,?,none,0,0.0,no-RBD-contact,
9z18,RBD,H,L,A,?,none,0,0.0,no-RBD-contact,
9z1m,RBD,F,nan,B,A,class1/2(RBM),2,1.0,,437 495
9z1m,RBD,D,nan,A|E,A,class1/2(RBM),16,1.0,,442 443 444 446 480 485 486 489 490 491 492 494 496 497 498 501
9z1m,RBD,E,nan,B|F,A,class1/2(RBM),20,1.0,,442 443 446 450 452 480 481 482 483 484 485 486 489 490 491 492 494 496 497 498
9z1n,RBD,E,nan,B,A,class1/2(RBM),15,1.0,,446 480 481 482 484 485 486 489 490 492 494 496 497 498 501
9z9l,Env,H,L,C|D|W|X,B,gp120gp41,14,0.21,,87 88 90 238 240 527 528 529 532 620 624 625 627 630
9z9l,Env,K,J,C|Y|h|r,A,V2apex,8,1.0,,160 166 167 168 169 170 171 173
9z9l,Env,E,F,A|B|M|V,B,gp120gp41,13,0.23,,87 88 90 238 240 527 529 620 624 625 627 630 633
9zb5,HA,C,E,F,?,none,0,0.0,HA-no-map-review,
9zb5,HA,D,H,J,?,none,0,0.0,HA-no-map-review,
9zb5,HA,M,N,F|J,B,stem,3,0.0,,4 7 9
9zb5,HA,G,I,F|J,B,stem,4,0.0,,4 7 8 9
9xsx,HA,B,C,A,A,head,16,1.0,,114 152 153 156 160 161 172 174 201 204 205 209 210 241 242 243
9xth,HA,B,C,A,A,head,22,1.0,,148 149 150 151 152 153 154 158 159 160 161 169 170 172 174 201 205 209 210 242 243 244
9zdu,RBD,H,L,A,B,class4,22,0.05,,368 369 371 374 377 378 379 380 381 382 383 384 385 408 412 413 415 416 427 428 429 460
9zrx,Env,A,B,S|b|d|f|i|n,A,V2apex,8,0.5,,123 124 127 162 166 167 168 169
9zrz,Env,A,B,AC|S|b|d|f,A,V2apex,13,0.46,,123 124 127 161 162 166 167 168 169 170 171 186 190
9zry,Env,A,B,AK|G|b|d|f|k|l,A,V2apex,12,0.5,,127 128 160 162 166 167 168 169 170 185 186 190
9zv0,HA,D,I,B|C|F|W,A,head,22,1.0,,137 138 139 141 142 143 144 145 176 178 179 181 182 183 184 185 187 203 205 243 258 260
9zv0,HA,G,K,A|B|E|X,A,head,22,1.0,,137 138 139 141 142 143 144 145 176 178 179 181 182 183 184 185 187 203 205 235 243 260
9zv0,HA,H,L,A|C|J|V,A,head,23,1.0,,137 138 139 141 142 143 144 145 176 178 179 180 181 182 183 184 185 187 203 205 235 243 260
9zv4,HA,H,L,B|T,B,stem,24,0.17,,34 54 55 56 296 305 306 307 334 363 364 365 366 383 384 386 387 388 390 394 397 398 401 495
9zv4,HA,D,G,A|O|P,B,stem,23,0.13,,34 54 55 56 305 306 307 309 334 363 364 365 366 383 384 386 387 390 394 397 398 401 402
9zv1,HA,I,K,A|N,A,head,26,1.0,,73 74 75 76 78 79 91 92 93 94 95 96 97 98 99 106 110 111 134 135 157 158 165 289 290 292
9zv1,HA,H,L,C|M,A,head,25,1.0,,73 74 75 76 78 79 91 92 93 94 95 96 97 98 99 106 110 111 135 157 158 165 289 290 292
9zv4,HA,I,K,C|W|X,B,stem,24,0.12,,34 54 55 56 305 306 307 334 363 364 365 366 383 384 386 387 388 390 394 397 398 401 402 495
9zv1,HA,D,G,B|O,A,head,26,1.0,,73 74 75 76 78 79 91 92 93 94 95 96 97 98 99 106 110 111 134 135 157 158 165 289 290 292
9zvh,HA,I,K,B,A,head,22,1.0,,69 70 71 72 73 74 76 78 79 93 95 96 97 98 99 106 158 272 289 290 291 292
9zvh,HA,D,G,A,A,head,21,1.0,,69 70 71 72 73 74 76 78 79 93 95 96 98 99 106 158 272 289 290 291 292
9zvh,HA,H,L,C,A,head,23,1.0,,66 69 70 71 72 73 74 76 78 79 93 95 96 97 98 99 106 158 272 289 290 291 292
9zv9,HA,H,L,C|Y,A,head,22,1.0,,69 70 71 72 73 74 75 76 78 93 96 97 98 99 133 290 292 293 294 295 296 305
9zvl,HA,D,F,A,A,head,22,1.0,,140 146 148 149 151 152 153 157 158 159 160 161 162 165 172 173 174 175 206 209 210 242
9zv9,HA,G,K,B|W,A,head,22,1.0,,69 70 71 72 73 74 75 76 78 96 97 98 99 133 135 290 292 293 294 295 296 305
9zvl,HA,H,L,C,A,head,23,1.0,,140 146 148 149 150 151 152 153 157 158 159 160 161 162 165 171 172 173 174 206 209 210 242
9zvl,HA,E,G,B,A,head,23,1.0,,140 146 148 149 151 152 153 157 158 159 160 161 162 165 171 172 173 174 175 206 209 210 242
9zv9,HA,D,I,A|X,A,head,22,1.0,,69 70 71 72 73 74 75 76 78 93 96 97 98 99 133 290 292 293 294 295 296 305
11oq,RBD,H,L,A,A,class1/2(RBM),23,0.7,,345 346 347 348 349 351 352 444 445 447 448 449 450 452 470 490 492 493 494 495 496 498 499
11ol,RBD,H,L,A,A,class1/2(RBM),23,0.83,,345 346 349 351 444 447 448 449 450 452 468 470 484 485 486 489 490 492 493 494 497 498 499
24kr,HA,F,nan,C|S,B,stem,25,0.16,,34 54 56 57 305 306 307 308 334 363 364 365 366 381 383 386 387 390 391 394 395 397 398 401 402
24kr,HA,E,nan,B|P,B,stem,25,0.16,,34 54 56 57 305 306 307 308 334 363 364 365 366 381 383 386 387 390 391 394 395 397 398 401 402
24kr,HA,D,nan,A|J,B,stem,25,0.16,,34 54 56 57 305 306 307 308 334 363 364 365 366 381 383 386 387 390 391 394 395 397 398 401 402
